ISIN;Nom;Symbole;Marché(s);Devise;Pays_émission;Type_instrument;PEA_eligible;PEA_methode;PEA_source;Date_MAJ
AN8068571086;SLB;1SLB;Euronext Global Equity Market;EUR;AN;Common Stock;NON;HORS_EEE;émetteur hors EEE (AN) : hors du champ du PEA;2026-08-30
AT0000606306;Raiffeisen Bank;4RBI;EuroTLX | Euronext Global Equity Market;EUR;AT;Common Stock;OUI;ACTION_EEE;action ordinaire (Common Stock) émise dans l'EEE;2026-08-30
AT0000641352;CA Immobilien;1CAI;Euronext Global Equity Market;EUR;AT;Common Stock;OUI;ACTION_EEE;action ordinaire (Common Stock) émise dans l'EEE;2026-08-30
AT0000644505;Lenzing AG;1LNZ;Euronext Global Equity Market;EUR;AT;Common Stock;OUI;ACTION_EEE;action ordinaire (Common Stock) émise dans l'EEE;2026-08-30
AT0000652011;Erste Group Bank;4EBS;EuroTLX | Euronext Global Equity Market;EUR;AT;Common Stock;OUI;ACTION_EEE;action ordinaire (Common Stock) émise dans l'EEE;2026-08-30
AT0000720008;Telekom Austria;1TEA;Euronext Global Equity Market;EUR;AT;Common Stock;OUI;ACTION_EEE;action ordinaire (Common Stock) émise dans l'EEE;2026-08-30
AT0000730007;ANDRITZ;1ANDR;Euronext Global Equity Market;EUR;AT;Common Stock;OUI;ACTION_EEE;action ordinaire (Common Stock) émise dans l'EEE;2026-08-30
AT0000741053;EVN AG;1EVN;Euronext Global Equity Market;EUR;AT;Common Stock;OUI;ACTION_EEE;action ordinaire (Common Stock) émise dans l'EEE;2026-08-30
AT0000743059;OMV;4OMV;EuroTLX | Euronext Global Equity Market;EUR;AT;Common Stock;OUI;ACTION_EEE;action ordinaire (Common Stock) émise dans l'EEE;2026-08-30
AT0000746409;Verbund AG;4VER;EuroTLX | Euronext Global Equity Market;EUR;AT;Common Stock;OUI;ACTION_EEE;action ordinaire (Common Stock) émise dans l'EEE;2026-08-30
AT0000818802;DO & CO AG;1DOC;Euronext Global Equity Market;EUR;AT;Common Stock;OUI;ACTION_EEE;action ordinaire (Common Stock) émise dans l'EEE;2026-08-30
AT0000821103;UNIQA Insurance;1UQA;Euronext Global Equity Market;EUR;AT;Common Stock;OUI;ACTION_EEE;action ordinaire (Common Stock) émise dans l'EEE;2026-08-30
AT0000831706;Wienerberger AG;1WIE;Euronext Global Equity Market;EUR;AT;Common Stock;OUI;ACTION_EEE;action ordinaire (Common Stock) émise dans l'EEE;2026-08-30
AT0000908504;Vienna Insurance;1VIG;Euronext Global Equity Market;EUR;AT;Common Stock;OUI;ACTION_EEE;action ordinaire (Common Stock) émise dans l'EEE;2026-08-30
AT0000937503;voestalpine AG;4VOE;EuroTLX | Euronext Global Equity Market;EUR;AT;Common Stock;OUI;ACTION_EEE;action ordinaire (Common Stock) émise dans l'EEE;2026-08-30
AT0000938204;Mayr Melnhof K;1MMK;Euronext Global Equity Market;EUR;AT;Common Stock;OUI;ACTION_EEE;action ordinaire (Common Stock) émise dans l'EEE;2026-08-30
AT0000946652;SBO;1SBO;Euronext Global Equity Market;EUR;AT;Common Stock;OUI;ACTION_EEE;action ordinaire (Common Stock) émise dans l'EEE;2026-08-30
AT0000969985;AT&S Austria;1ATS;Euronext Global Equity Market;EUR;AT;Common Stock;OUI;ACTION_EEE;action ordinaire (Common Stock) émise dans l'EEE;2026-08-30
AT0000A21KS2;CPIEUROPE;1CPIE;Euronext Global Equity Market;EUR;AT;Common Stock;OUI;ACTION_EEE;action ordinaire (Common Stock) émise dans l'EEE;2026-08-30
AT0000A3EPA4;ams-OSRAM;1AMSO;Euronext Global Equity Market;EUR;AT;Common Stock;OUI;ACTION_EEE;action ordinaire (Common Stock) émise dans l'EEE;2026-08-30
AT0000APOST4;Oesterreichische;1POST;Euronext Global Equity Market;EUR;AT;Common Stock;OUI;ACTION_EEE;action ordinaire (Common Stock) émise dans l'EEE;2026-08-30
AT0000BAWAG2;BAWAG Group;1BGA;Euronext Global Equity Market;EUR;AT;Common Stock;OUI;ACTION_EEE;action ordinaire (Common Stock) émise dans l'EEE;2026-08-30
AU000000AON7;APOLLO MINERALS;ALAON;Euronext Growth Paris;EUR;AU;Common Stock;NON;HORS_EEE;émetteur hors EEE (AU) : hors du champ du PEA;2026-08-30
BE0003008019;BQUE NAT. BELGIQUE;BNB;Euronext Brussels;EUR;BE;Common Stock;OUI;ACTION_EEE;action ordinaire (Common Stock) émise dans l'EEE;2026-08-30
BE0003463685;CUMULEX;CLEX;Euronext Brussels;EUR;BE;Common Stock;OUI;ACTION_EEE;action ordinaire (Common Stock) émise dans l'EEE;2026-08-30
BE0003470755;SOLVAY;4SOLBM;EuroTLX | Euronext Brussels, Paris | Trading After Hours;EUR;BE;Common Stock;OUI;ACTION_EEE;action ordinaire (Common Stock) émise dans l'EEE;2026-08-30
BE0003519270;CO.BR.HA;COBH;Euronext Growth Brussels;EUR;BE;Common Stock;OUI;ACTION_EEE;action ordinaire (Common Stock) émise dans l'EEE;2026-08-30
BE0003545531;SOLVAC NOM(RETAIL);SOLV;Euronext Brussels;EUR;BE;Common Stock;OUI;ACTION_EEE;action ordinaire (Common Stock) émise dans l'EEE;2026-08-30
BE0003555639;TESSENDERLO;TESB;Euronext Brussels;EUR;BE;Common Stock;OUI;ACTION_EEE;action ordinaire (Common Stock) émise dans l'EEE;2026-08-30
BE0003565737;KBC;2KBC;Trading After Hours | Euronext Brussels;EUR;BE;Common Stock;OUI;ACTION_EEE;action ordinaire (Common Stock) émise dans l'EEE;2026-08-30
BE0003592038;CIE BOIS SAUVAGE;COMB;Euronext Brussels;EUR;BE;Common Stock;OUI;ACTION_EEE;action ordinaire (Common Stock) émise dans l'EEE;2026-08-30
BE0003599108;IMMOBEL;IMMO;Euronext Brussels;EUR;BE;Common Stock;OUI;ACTION_EEE;action ordinaire (Common Stock) émise dans l'EEE;2026-08-30
BE0003602134;MOURY CONSTRUCT;MOUR;Euronext Brussels;EUR;BE;Common Stock;OUI;ACTION_EEE;action ordinaire (Common Stock) émise dans l'EEE;2026-08-30
BE0003604155;LOTUS BAKERIES;LOTB;Euronext Brussels;EUR;BE;Common Stock;OUI;ACTION_EEE;action ordinaire (Common Stock) émise dans l'EEE;2026-08-30
BE0003605160;DISTRI-LAND CERT;DISL;Euronext Brussels;EUR;BE;Common Stock;OUI;ACTION_EEE;action ordinaire (Common Stock) émise dans l'EEE;2026-08-30
BE0003656676;RECTICEL;RECT;Euronext Brussels;EUR;BE;Common Stock;OUI;ACTION_EEE;action ordinaire (Common Stock) émise dans l'EEE;2026-08-30
BE0003680916;NEUFCOUR-FIN.;MLNEU;Euronext Access Brussels;EUR;BE;Common Stock;OUI;ACTION_EEE;action ordinaire (Common Stock) émise dans l'EEE;2026-08-30
BE0003696102;ACCENTIS;ACCB;Euronext Brussels;EUR;BE;Common Stock;OUI;ACTION_EEE;action ordinaire (Common Stock) émise dans l'EEE;2026-08-30
BE0003698124;DIEGEM KENNEDYCERT;DIEG;Euronext Brussels;EUR;BE;Common Stock;OUI;ACTION_EEE;action ordinaire (Common Stock) émise dans l'EEE;2026-08-30
BE0003699130;GIMV;GIMB;Euronext Brussels;EUR;BE;Common Stock;OUI;ACTION_EEE;action ordinaire (Common Stock) émise dans l'EEE;2026-08-30
BE0003717312;SOFINA;SOF;Euronext Brussels | Trading After Hours;EUR;BE;Common Stock;OUI;ACTION_EEE;action ordinaire (Common Stock) émise dans l'EEE;2026-08-30
BE0003720340;RETAIL ESTATES;RET;Euronext Brussels, Amsterdam;EUR;BE;REIT;NON;REGIME_FONCIER;foncière cotée (SIIC ou régime européen équivalent) : exclue du PEA depuis le 21 octobre 2011;2026-08-30
BE0003724383;WERELDHAVE BELGIUM;WEHB;Euronext Brussels;EUR;BE;REIT;NON;REGIME_FONCIER;foncière cotée (SIIC ou régime européen équivalent) : exclue du PEA depuis le 21 octobre 2011;2026-08-30
BE0003730448;QUESTFOR GR-PRICAF;QFG;Euronext Brussels;EUR;BE;Common Stock;OUI;ACTION_EEE;action ordinaire (Common Stock) émise dans l'EEE;2026-08-30
BE0003731453;MIKO;MIKO;Euronext Brussels;EUR;BE;Common Stock;OUI;ACTION_EEE;action ordinaire (Common Stock) émise dans l'EEE;2026-08-30
BE0003734481;WAREHOUSES ESTATES;WEB;Euronext Brussels;EUR;BE;REIT;NON;REGIME_FONCIER;foncière cotée (SIIC ou régime européen équivalent) : exclue du PEA depuis le 21 octobre 2011;2026-08-30
BE0003735496;ORANGE BELGIUM;OBEL;Euronext Brussels;EUR;BE;Common Stock;OUI;ACTION_EEE;action ordinaire (Common Stock) émise dans l'EEE;2026-08-30
BE0003739530;UCB;UCB;Euronext Brussels | EuroTLX | Trading After Hours;EUR;BE;Common Stock;OUI;ACTION_EEE;action ordinaire (Common Stock) émise dans l'EEE;2026-08-30
BE0003741551;ROULARTA;ROU;Euronext Brussels;EUR;BE;Common Stock;OUI;ACTION_EEE;action ordinaire (Common Stock) émise dans l'EEE;2026-08-30
BE0003748622;IEP INVEST;IEP;Euronext Brussels;EUR;BE;Common Stock;OUI;ACTION_EEE;action ordinaire (Common Stock) émise dans l'EEE;2026-08-30
BE0003752665;FOUNTAIN;FOU;Euronext Brussels;EUR;BE;Common Stock;OUI;ACTION_EEE;action ordinaire (Common Stock) émise dans l'EEE;2026-08-30
BE0003754687;VASTNED;VASTB;Euronext Brussels, Amsterdam;EUR;BE;REIT;NON;REGIME_FONCIER;foncière cotée (SIIC ou régime européen équivalent) : exclue du PEA depuis le 21 octobre 2011;2026-08-30
BE0003755692;AGFA-GEVAERT;4AGFB;EuroTLX | Euronext Brussels;EUR;BE;Common Stock;OUI;ACTION_EEE;action ordinaire (Common Stock) émise dans l'EEE;2026-08-30
BE0003764785;ACKERMANS V.HAAREN;2ACKB;Trading After Hours | Euronext Brussels;EUR;BE;Common Stock;OUI;ACTION_EEE;action ordinaire (Common Stock) émise dans l'EEE;2026-08-30
BE0003766806;IBA;IBAB;Euronext Brussels;EUR;BE;Common Stock;OUI;ACTION_EEE;action ordinaire (Common Stock) émise dans l'EEE;2026-08-30
BE0003770840;NEXTENSA;NEXTA;Euronext Brussels;EUR;BE;REIT;NON;REGIME_FONCIER;foncière cotée (SIIC ou régime européen équivalent) : exclue du PEA depuis le 21 octobre 2011;2026-08-30
BE0003773877;SOFTIMAT;SOFT;Euronext Growth Brussels;EUR;BE;Common Stock;OUI;ACTION_EEE;action ordinaire (Common Stock) émise dans l'EEE;2026-08-30
BE0003789063;DECEUNINCK;DECB;Euronext Brussels;EUR;BE;Common Stock;OUI;ACTION_EEE;action ordinaire (Common Stock) émise dans l'EEE;2026-08-30
BE0003797140;GBL;2GBLB;Trading After Hours | Euronext Brussels;EUR;BE;Common Stock;OUI;ACTION_EEE;action ordinaire (Common Stock) émise dans l'EEE;2026-08-30
BE0003798155;SPADEL;SPA;Euronext Brussels;EUR;BE;Common Stock;OUI;ACTION_EEE;action ordinaire (Common Stock) émise dans l'EEE;2026-08-30
BE0003808251;EXMAR;EXM;Euronext Brussels;EUR;BE;Common Stock;OUI;ACTION_EEE;action ordinaire (Common Stock) émise dans l'EEE;2026-08-30
BE0003809267;ZENOBE GRAMME CERT;ZEN;Euronext Brussels;EUR;BE;Common Stock;OUI;ACTION_EEE;action ordinaire (Common Stock) émise dans l'EEE;2026-08-30
BE0003810273;PROXIMUS;2PROX;Trading After Hours | Euronext Brussels;EUR;BE;Common Stock;OUI;ACTION_EEE;action ordinaire (Common Stock) émise dans l'EEE;2026-08-30
BE0003816338;CMB.TECH;CMBT;Euronext Brussels | Oslo Børs;EUR;BE;Common Stock;OUI;ACTION_EEE;action ordinaire (Common Stock) émise dans l'EEE;2026-08-30
BE0003818359;LAKEFRONT BIOTHER.;2LKFT;Trading After Hours | EuroTLX | Euronext Amsterdam, Brussels;EUR;BE;Common Stock;OUI;ACTION_EEE;action ordinaire (Common Stock) émise dans l'EEE;2026-08-30
BE0003820371;EVS;EVS;Euronext Brussels;EUR;BE;Common Stock;OUI;ACTION_EEE;action ordinaire (Common Stock) émise dans l'EEE;2026-08-30
BE0003822393;ELIA GROUP;2ELI;Trading After Hours | Euronext Brussels;EUR;BE;Common Stock;OUI;ACTION_EEE;action ordinaire (Common Stock) émise dans l'EEE;2026-08-30
BE0003823409;Financiere;1TUB;Euronext Global Equity Market | Euronext Brussels;EUR;BE;Common Stock;OUI;ACTION_EEE;action ordinaire (Common Stock) émise dans l'EEE;2026-08-30
BE0003825420;CAMPINE;CAMB;Euronext Brussels;EUR;BE;Common Stock;OUI;ACTION_EEE;action ordinaire (Common Stock) émise dans l'EEE;2026-08-30
BE0003829463;REIBEL;REI;Euronext Access Brussels;EUR;BE;Common Stock;OUI;ACTION_EEE;action ordinaire (Common Stock) émise dans l'EEE;2026-08-30
BE0003832491;NEWTREE;NEWT;Euronext Access Brussels;EUR;BE;Common Stock;OUI;ACTION_EEE;action ordinaire (Common Stock) émise dans l'EEE;2026-08-30
BE0003837540;ATENOR;ATEB;Euronext Brussels;EUR;BE;Common Stock;OUI;ACTION_EEE;action ordinaire (Common Stock) émise dans l'EEE;2026-08-30
BE0003839561;VAN DE VELDE;VAN;Euronext Brussels;EUR;BE;Common Stock;OUI;ACTION_EEE;action ordinaire (Common Stock) émise dans l'EEE;2026-08-30
BE0003841583;REALCO;REAL;Euronext Access Brussels;EUR;BE;Common Stock;OUI;ACTION_EEE;action ordinaire (Common Stock) émise dans l'EEE;2026-08-30
BE0003847648;FLOWSPARKS;FLSP;Euronext Access Brussels;EUR;BE;Common Stock;OUI;ACTION_EEE;action ordinaire (Common Stock) émise dans l'EEE;2026-08-30
BE0003851681;AEDIFICA;AED;Euronext Brussels, Amsterdam | Trading After Hours;EUR;BE;REIT;NON;REGIME_FONCIER;foncière cotée (SIIC ou régime européen équivalent) : exclue du PEA depuis le 21 octobre 2011;2026-08-30
BE0003853703;MONTEA;MONT;Euronext Brussels, Paris;EUR;BE;REIT;NON;REGIME_FONCIER;foncière cotée (SIIC ou régime européen équivalent) : exclue du PEA depuis le 21 octobre 2011;2026-08-30
BE0003856730;ASCENCIO;ASCE;Euronext Brussels;EUR;BE;REIT;NON;REGIME_FONCIER;foncière cotée (SIIC ou régime européen équivalent) : exclue du PEA depuis le 21 octobre 2011;2026-08-30
BE0003858751;JENSEN-GROUP;JEN;Euronext Brussels;EUR;BE;Common Stock;OUI;ACTION_EEE;action ordinaire (Common Stock) émise dans l'EEE;2026-08-30
BE0003867844;KBC ANCORA;KBCA;Euronext Brussels;EUR;BE;Common Stock;OUI;ACTION_EEE;action ordinaire (Common Stock) émise dans l'EEE;2026-08-30
BE0003870871;BANIMMO A;BANI;Euronext Brussels;EUR;BE;Common Stock;OUI;ACTION_EEE;action ordinaire (Common Stock) émise dans l'EEE;2026-08-30
BE0003874915;FAGRON;FAGR;Euronext Brussels, Amsterdam | Trading After Hours;EUR;BE;Common Stock;OUI;ACTION_EEE;action ordinaire (Common Stock) émise dans l'EEE;2026-08-30
BE0003878957;VGP;VGP;Euronext Brussels;EUR;BE;Common Stock;OUI;ACTION_EEE;action ordinaire (Common Stock) émise dans l'EEE;2026-08-30
BE0003883031;CFE;CFEB;Euronext Brussels;EUR;BE;Common Stock;OUI;ACTION_EEE;action ordinaire (Common Stock) émise dans l'EEE;2026-08-30
BE0003893139;IMMO MOURY;IMMOU;Euronext Brussels;EUR;BE;REIT;NON;REGIME_FONCIER;foncière cotée (SIIC ou régime européen équivalent) : exclue du PEA depuis le 21 octobre 2011;2026-08-30
BE0003898187;SIPEF;SIP;Euronext Brussels;EUR;BE;Common Stock;OUI;ACTION_EEE;action ordinaire (Common Stock) émise dans l'EEE;2026-08-30
BE0160342011;COIL;ALCOI;Euronext Growth Paris;EUR;BE;Common Stock;OUI;ACTION_EEE;action ordinaire (Common Stock) émise dans l'EEE;2026-08-30
BE0165385973;MELEXIS;MELE;Euronext Brussels | Trading After Hours;EUR;BE;Common Stock;OUI;ACTION_EEE;action ordinaire (Common Stock) émise dans l'EEE;2026-08-30
BE0948608451;PHOTONIKE CAPITAL;MLPHO;Euronext Access Paris;EUR;BE;Common Stock;OUI;ACTION_EEE;action ordinaire (Common Stock) émise dans l'EEE;2026-08-30
BE0974256852;COLRUYT;COLR;Euronext Brussels;EUR;BE;Common Stock;OUI;ACTION_EEE;action ordinaire (Common Stock) émise dans l'EEE;2026-08-30
BE0974258874;BEKAERT;BEKB;Euronext Brussels;EUR;BE;Common Stock;OUI;ACTION_EEE;action ordinaire (Common Stock) émise dans l'EEE;2026-08-30
BE0974259880;D'IETEREN GROUP;2DIE;Trading After Hours | Euronext Brussels;EUR;BE;Common Stock;OUI;ACTION_EEE;action ordinaire (Common Stock) émise dans l'EEE;2026-08-30
BE0974260896;CELYAD ONCOLOGY;CYAD;Euronext Brussels, Paris;EUR;BE;Common Stock;OUI;ACTION_EEE;action ordinaire (Common Stock) émise dans l'EEE;2026-08-30
BE0974263924;TEXAF;TEXF;Euronext Brussels;EUR;BE;Common Stock;OUI;ACTION_EEE;action ordinaire (Common Stock) émise dans l'EEE;2026-08-30
BE0974264930;AGEAS;AGS;Euronext Brussels | Trading After Hours | Euronext Global Equity Market | EuroTLX;EUR;BE;Common Stock;OUI;ACTION_EEE;action ordinaire (Common Stock) émise dans l'EEE;2026-08-30
BE0974265945;FLUXYS BELGIUM D;FLUX;Euronext Brussels;EUR;BE;Common Stock;OUI;ACTION_EEE;action ordinaire (Common Stock) émise dans l'EEE;2026-08-30
BE0974268972;BPOST;BPOST;Euronext Brussels;EUR;BE;Common Stock;OUI;ACTION_EEE;action ordinaire (Common Stock) émise dans l'EEE;2026-08-30
BE0974269012;ADC SIIC;ALDV;Euronext Paris;EUR;BE;REIT;NON;REGIME_FONCIER;foncière cotée (SIIC ou régime européen équivalent) : exclue du PEA depuis le 21 octobre 2011;2026-08-30
BE0974271034;VIOHALCO;VIO;Euronext Brussels;EUR;BE;Common Stock;OUI;ACTION_EEE;action ordinaire (Common Stock) émise dans l'EEE;2026-08-30
BE0974272040;QRF;QRF;Euronext Brussels;EUR;BE;REIT;NON;REGIME_FONCIER;foncière cotée (SIIC ou régime européen équivalent) : exclue du PEA depuis le 21 octobre 2011;2026-08-30
BE0974273055;CARE PROPERTY INV.;CPINV;Euronext Brussels;EUR;BE;REIT;NON;REGIME_FONCIER;foncière cotée (SIIC ou régime européen équivalent) : exclue du PEA depuis le 21 octobre 2011;2026-08-30
BE0974274061;KINEPOLIS GROUP;KIN;Euronext Brussels;EUR;BE;Common Stock;OUI;ACTION_EEE;action ordinaire (Common Stock) émise dans l'EEE;2026-08-30
BE0974276082;ONTEX GROUP;ONTEX;Euronext Brussels;EUR;BE;Common Stock;OUI;ACTION_EEE;action ordinaire (Common Stock) émise dans l'EEE;2026-08-30
BE0974278104;ABO GROUP;ABO;Euronext Brussels, Paris;EUR;BE;Common Stock;OUI;ACTION_EEE;action ordinaire (Common Stock) émise dans l'EEE;2026-08-30
BE0974280126;BIOSENIC;BIOS;Euronext Brussels, Paris;EUR;BE;Common Stock;OUI;ACTION_EEE;action ordinaire (Common Stock) émise dans l'EEE;2026-08-30
BE0974282148;TINC;TINC;Euronext Brussels;EUR;BE;Common Stock;OUI;ACTION_EEE;action ordinaire (Common Stock) émise dans l'EEE;2026-08-30
BE0974287196;IMMO MCC;MCC;Euronext Brussels;EUR;BE;REIT;NON;REGIME_FONCIER;foncière cotée (SIIC ou régime européen équivalent) : exclue du PEA depuis le 21 octobre 2011;2026-08-30
BE0974288202;XIOR;XIOR;Euronext Brussels;EUR;BE;REIT;NON;REGIME_FONCIER;foncière cotée (SIIC ou régime européen équivalent) : exclue du PEA depuis le 21 octobre 2011;2026-08-30
BE0974293251;AB INBEV;ABI;Euronext Brussels | Euronext Global Equity Market | Trading After Hours | EuroTLX;EUR;BE;Common Stock;OUI;ACTION_EEE;action ordinaire (Common Stock) émise dans l'EEE;2026-08-30
BE0974294267;NYRSTAR;NYR;Euronext Brussels;EUR;BE;Common Stock;OUI;ACTION_EEE;action ordinaire (Common Stock) émise dans l'EEE;2026-08-30
BE0974298300;CANDELA INVEST;CAND;Euronext Growth Brussels;EUR;BE;Common Stock;OUI;ACTION_EEE;action ordinaire (Common Stock) émise dans l'EEE;2026-08-30
BE0974299316;INVIBES ADVERTSING;ALINV;Euronext Growth Paris;EUR;BE;Common Stock;OUI;ACTION_EEE;action ordinaire (Common Stock) émise dans l'EEE;2026-08-30
BE0974303357;CENERGY;CENER;Euronext Brussels;EUR;BE;Common Stock;OUI;ACTION_EEE;action ordinaire (Common Stock) émise dans l'EEE;2026-08-30
BE0974310428;X-FAB;XFAB;Euronext Paris;EUR;BE;Common Stock;OUI;ACTION_EEE;action ordinaire (Common Stock) émise dans l'EEE;2026-08-30
BE0974313455;ECONOCOM GROUP;ECONB;Euronext Brussels;EUR;BE;Common Stock;OUI;ACTION_EEE;action ordinaire (Common Stock) émise dans l'EEE;2026-08-30
BE0974314461;BELYSSE GROUP;BELYS;Euronext Brussels;EUR;BE;Common Stock;OUI;ACTION_EEE;action ordinaire (Common Stock) émise dans l'EEE;2026-08-30
BE0974320526;UMICORE;2UMI;Trading After Hours | Euronext Brussels | EuroTLX;EUR;BE;Common Stock;OUI;ACTION_EEE;action ordinaire (Common Stock) émise dans l'EEE;2026-08-30
BE0974328602;METRICS IN BALANCE;MLMIB;Euronext Access Paris;EUR;BE;Common Stock;OUI;ACTION_EEE;action ordinaire (Common Stock) émise dans l'EEE;2026-08-30
BE0974334667;WINAMP GROUP;ALWIN;Euronext Growth Paris, Brussels;EUR;BE;Common Stock;OUI;ACTION_EEE;action ordinaire (Common Stock) émise dans l'EEE;2026-08-30
BE0974338700;TITAN S.A.;TITC;Euronext Brussels, Paris;EUR;BE;Common Stock;OUI;ACTION_EEE;action ordinaire (Common Stock) émise dans l'EEE;2026-08-30
BE0974340722;SEQUANA MEDICAL;SEQUA;Euronext Brussels;EUR;BE;Common Stock;OUI;ACTION_EEE;action ordinaire (Common Stock) émise dans l'EEE;2026-08-30
BE0974349814;WDP;2WDP;Trading After Hours | Euronext Brussels, Amsterdam;EUR;BE;REIT;NON;REGIME_FONCIER;foncière cotée (SIIC ou régime européen équivalent) : exclue du PEA depuis le 21 octobre 2011;2026-08-30
BE0974358906;NYXOAH;NYXH;Euronext Brussels;EUR;BE;Common Stock;OUI;ACTION_EEE;action ordinaire (Common Stock) émise dans l'EEE;2026-08-30
BE0974362940;BARCO;2BAR;Trading After Hours | Euronext Brussels;EUR;BE;Common Stock;OUI;ACTION_EEE;action ordinaire (Common Stock) émise dans l'EEE;2026-08-30
BE0974363955;HYLORIS;HYL;Euronext Brussels;EUR;BE;Common Stock;OUI;ACTION_EEE;action ordinaire (Common Stock) émise dans l'EEE;2026-08-30
BE0974370026;CHOICE;MLTV;Euronext Access Brussels;EUR;BE;Common Stock;OUI;ACTION_EEE;action ordinaire (Common Stock) émise dans l'EEE;2026-08-30
BE0974371032;BANQUP GROUP;BANQ;Euronext Brussels;EUR;BE;Common Stock;OUI;ACTION_EEE;action ordinaire (Common Stock) émise dans l'EEE;2026-08-30
BE0974374069;INCLUSIO SA/NV;INCLU;Euronext Brussels;EUR;BE;Common Stock;OUI;ACTION_EEE;action ordinaire (Common Stock) émise dans l'EEE;2026-08-30
BE0974380124;EKOPAK;EKOP;Euronext Brussels;EUR;BE;Common Stock;OUI;ACTION_EEE;action ordinaire (Common Stock) émise dans l'EEE;2026-08-30
BE0974386188;BIOTALYS;BTLS;Euronext Brussels;EUR;BE;Common Stock;OUI;ACTION_EEE;action ordinaire (Common Stock) émise dans l'EEE;2026-08-30
BE0974400328;AZELIS GROUP;AZE;Euronext Brussels;EUR;BE;Common Stock;OUI;ACTION_EEE;action ordinaire (Common Stock) émise dans l'EEE;2026-08-30
BE0974401334;WHITESTONE GROUP;ROCK;Euronext Growth Brussels;EUR;BE;Common Stock;OUI;ACTION_EEE;action ordinaire (Common Stock) émise dans l'EEE;2026-08-30
BE0974404361;MAZARO;MLMAZ;Euronext Access Brussels;EUR;BE;Common Stock;OUI;ACTION_EEE;action ordinaire (Common Stock) émise dans l'EEE;2026-08-30
BE0974409410;HOME INVEST BE.;HOMI;Euronext Brussels;EUR;BE;REIT;NON;REGIME_FONCIER;foncière cotée (SIIC ou régime européen équivalent) : exclue du PEA depuis le 21 octobre 2011;2026-08-30
BE0974413453;DEME GROUP;DEME;Euronext Brussels;EUR;BE;Common Stock;OUI;ACTION_EEE;action ordinaire (Common Stock) émise dans l'EEE;2026-08-30
BE0974464977;SYENSQO;SYENS;Euronext Brussels;EUR;BE;Common Stock;OUI;ACTION_EEE;action ordinaire (Common Stock) émise dans l'EEE;2026-08-30
BE0974487192;OXURION;OXUR;Euronext Brussels;EUR;BE;Common Stock;OUI;ACTION_EEE;action ordinaire (Common Stock) émise dans l'EEE;2026-08-30
BE0974496284;OPTION;OPTI;Euronext Brussels;EUR;BE;Common Stock;OUI;ACTION_EEE;action ordinaire (Common Stock) émise dans l'EEE;2026-08-30
BE0974497290;European Medical S;ALEMS;Euronext Growth Brussels, Paris;EUR;BE;Common Stock;OUI;ACTION_EEE;action ordinaire (Common Stock) émise dans l'EEE;2026-08-30
BE0974499312;ENERGYVISION;ENRGY;Euronext Brussels;EUR;BE;Common Stock;OUI;ACTION_EEE;action ordinaire (Common Stock) émise dans l'EEE;2026-08-30
BE0974501331;MATERIALISE;MTLS;Euronext Brussels;EUR;BE;Common Stock;OUI;ACTION_EEE;action ordinaire (Common Stock) émise dans l'EEE;2026-08-30
BE0974502347;FLORIDIENNE;FLOB;Euronext Brussels;EUR;BE;Common Stock;OUI;ACTION_EEE;action ordinaire (Common Stock) émise dans l'EEE;2026-08-30
BE0974503352;MONNI;MONNI;Euronext Growth Brussels;EUR;BE;Common Stock;OUI;ACTION_EEE;action ordinaire (Common Stock) émise dans l'EEE;2026-08-30
BE6252013725;CONDOR TECHNOLOG;MLMFI;Euronext Access Paris;EUR;BE;Common Stock;OUI;ACTION_EEE;action ordinaire (Common Stock) émise dans l'EEE;2026-08-30
BE6333353298;BONYF;MLBON;Euronext Access Paris;EUR;BE;Common Stock;OUI;ACTION_EEE;action ordinaire (Common Stock) émise dans l'EEE;2026-08-30
BMG0112X1056;AEGON;AGN;Euronext Amsterdam;EUR;BM;Common Stock;NON;HORS_EEE;émetteur hors EEE (BM) : hors du champ du PEA;2026-08-30
BMG0450A1053;Arch Capital G;1ACGL;Euronext Global Equity Market;EUR;BM;Common Stock;NON;HORS_EEE;émetteur hors EEE (BM) : hors du champ du PEA;2026-08-30
BMG0451H2087;ARCHER;ARCH;Oslo Børs;NOK;BM;Common Stock;NON;HORS_EEE;émetteur hors EEE (BM) : hors du champ du PEA;2026-08-30
BMG0670A1099;AUTOSTORE HOLDINGS;AUTO;Oslo Børs;NOK;BM;Common Stock;NON;HORS_EEE;émetteur hors EEE (BM) : hors du champ du PEA;2026-08-30
BMG0702P1086;BW ENERGY LIMITED;BWE;Oslo Børs;NOK;BM;Common Stock;NON;HORS_EEE;émetteur hors EEE (BM) : hors du champ du PEA;2026-08-30
BMG1466R1732;BORR DRILLING;BORR;Oslo Børs;NOK;BM;Common Stock;NON;HORS_EEE;émetteur hors EEE (BM) : hors du champ du PEA;2026-08-30
BMG1738J1247;BW OFFSHORE LTD;BWO;Oslo Børs;NOK;BM;Common Stock;NON;HORS_EEE;émetteur hors EEE (BM) : hors du champ du PEA;2026-08-30
BMG3223R1088;Everest Group Ltd;1EG;Euronext Global Equity Market;EUR;BM;Common Stock;NON;HORS_EEE;émetteur hors EEE (BM) : hors du champ du PEA;2026-08-30
BMG3602E1084;FLOW TRADERS;FLOW;Euronext Amsterdam;EUR;BM;Common Stock;NON;HORS_EEE;émetteur hors EEE (BM) : hors du champ du PEA;2026-08-30
BMG4209G2077;GULF KEYSTONE PET;GKP;Euronext Growth Oslo;NOK;BM;Common Stock;NON;HORS_EEE;émetteur hors EEE (BM) : hors du champ du PEA;2026-08-30
BMG455841020;HAL TRUST;HAL;Euronext Amsterdam;EUR;BM;Common Stock;NON;HORS_EEE;émetteur hors EEE (BM) : hors du champ du PEA;2026-08-30
BMG4660A1036;HIMALAYA SHIPPING;HSHP;Oslo Børs;NOK;BM;Common Stock;NON;HORS_EEE;émetteur hors EEE (BM) : hors du champ du PEA;2026-08-30
BMG491BT1088;Invesco Ltd;1IVZ;Euronext Global Equity Market;EUR;BM;Common Stock;NON;HORS_EEE;émetteur hors EEE (BM) : hors du champ du PEA;2026-08-30
BMG5137R1088;JINHUI SHIPP TRANS;JIN;Oslo Børs;NOK;BM;Common Stock;NON;HORS_EEE;émetteur hors EEE (BM) : hors du champ du PEA;2026-08-30
BMG6682J1036;NORTHERN OCEAN LTD;NOL;Oslo Børs;NOK;BM;Common Stock;NON;HORS_EEE;émetteur hors EEE (BM) : hors du champ du PEA;2026-08-30
BMG6716L1081;ODFJELL TECHNOLOGY;OTL;Oslo Børs;NOK;BM;Common Stock;NON;HORS_EEE;émetteur hors EEE (BM) : hors du champ du PEA;2026-08-30
BMG671801022;ODFJELL DRILLING;ODL;Oslo Børs;NOK;BM;Common Stock;NON;HORS_EEE;émetteur hors EEE (BM) : hors du champ du PEA;2026-08-30
BMG6904D1083;PARATUS ENERGY SER;PLSV;Oslo Børs;NOK;BM;Common Stock;NON;HORS_EEE;émetteur hors EEE (BM) : hors du champ du PEA;2026-08-30
BMG7209L1000;PPLA CLASS A;PPLAA;Euronext Amsterdam;EUR;BM;Common Stock;NON;HORS_EEE;émetteur hors EEE (BM) : hors du champ du PEA;2026-08-30
BMG7209L1182;PPLA CLASS B;PPLAB;Euronext Amsterdam;EUR;BM;Common Stock;NON;HORS_EEE;émetteur hors EEE (BM) : hors du champ du PEA;2026-08-30
BMG730931091;VENTURA OFFSHORE;VTURA;Euronext Growth Oslo;NOK;BM;Common Stock;NON;HORS_EEE;émetteur hors EEE (BM) : hors du champ du PEA;2026-08-30
BMG763301022;ROMREAL;ROM;Euronext Expand Oslo;NOK;BM;Common Stock;NON;HORS_EEE;émetteur hors EEE (BM) : hors du champ du PEA;2026-08-30
BMG8080M1001;SHAMARAN PETROLEUM;SNM;Euronext Growth Oslo;NOK;BM;Common Stock;NON;HORS_EEE;émetteur hors EEE (BM) : hors du champ du PEA;2026-08-30
BMG850801025;STOLT-NIELSEN;SNI;Oslo Børs;NOK;BM;Common Stock;NON;HORS_EEE;émetteur hors EEE (BM) : hors du champ du PEA;2026-08-30
BMG9156K1018;2020 BULKERS;2020;Oslo Børs;NOK;BM;Common Stock;NON;HORS_EEE;émetteur hors EEE (BM) : hors du champ du PEA;2026-08-30
BMG9887P1068;ZCI LIMITED;CV;Euronext Paris;EUR;BM;;NON;HORS_EEE;émetteur hors EEE (BM) : hors du champ du PEA;2026-08-30
CA03753D1042;APEX CRITICAL;MLAPX;Euronext Access Paris;EUR;CA;Common Stock;NON;HORS_EEE;émetteur hors EEE (CA) : hors du champ du PEA;2026-08-30
CA74836K1003;QUESTERRE ENERGY;QEC;Oslo Børs;NOK;CA;Common Stock;NON;HORS_EEE;émetteur hors EEE (CA) : hors du champ du PEA;2026-08-30
CA74836K4072;QUESTERRE EN PREF;QGAS;Euronext Growth Oslo;NOK;CA;Preference;NON;HORS_EEE;émetteur hors EEE (CA) : hors du champ du PEA;2026-08-30
CA98936C8584;ZENITH ENERGY;ZENA;Euronext Growth Oslo;NOK;CA;Common Stock;NON;HORS_EEE;émetteur hors EEE (CA) : hors du champ du PEA;2026-08-30
CH0008038389;SWISS PRIME SITE;1SPSN;Euronext Global Equity Market;EUR;CH;Common Stock;NON;HORS_EEE;émetteur hors EEE (CH) : hors du champ du PEA;2026-08-30
CH0008175645;TELEVERBIER;TVRB;Euronext Paris;EUR;CH;Common Stock;NON;HORS_EEE;émetteur hors EEE (CH) : hors du champ du PEA;2026-08-30
CH0008742519;Swisscom;1SCMN;Euronext Global Equity Market;EUR;CH;Common Stock;NON;HORS_EEE;émetteur hors EEE (CH) : hors du champ du PEA;2026-08-30
CH0009002962;BARRY CALLEBAUT;1BARN;Euronext Global Equity Market;EUR;CH;Common Stock;NON;HORS_EEE;émetteur hors EEE (CH) : hors du champ du PEA;2026-08-30
CH0010570759;LINDT;1LISN;Euronext Global Equity Market;EUR;CH;Common Stock;NON;HORS_EEE;émetteur hors EEE (CH) : hors du champ du PEA;2026-08-30
CH0010570767;LINDT PS;1LISP;Euronext Global Equity Market;EUR;CH;Common Stock;NON;HORS_EEE;émetteur hors EEE (CH) : hors du champ du PEA;2026-08-30
CH0010645932;Givaudan;1GIVN;Euronext Global Equity Market;EUR;CH;Common Stock;NON;HORS_EEE;émetteur hors EEE (CH) : hors du champ du PEA;2026-08-30
CH0011075394;Zurich Insurance G;1ZURN;Euronext Global Equity Market;EUR;CH;Common Stock;NON;HORS_EEE;émetteur hors EEE (CH) : hors du champ du PEA;2026-08-30
CH0012005267;Novartis;1NOVN;Euronext Global Equity Market;EUR;CH;Common Stock;NON;HORS_EEE;émetteur hors EEE (CH) : hors du champ du PEA;2026-08-30
CH0012032113;ROCHE I;1RO;Euronext Global Equity Market;EUR;CH;Common Stock;NON;HORS_EEE;émetteur hors EEE (CH) : hors du champ du PEA;2026-08-30
CH0012100191;TECAN GROUP;1TECN;Euronext Global Equity Market;EUR;CH;Common Stock;NON;HORS_EEE;émetteur hors EEE (CH) : hors du champ du PEA;2026-08-30
CH0012138605;ADECCO;1ADEN;Euronext Global Equity Market;EUR;CH;Common Stock;NON;HORS_EEE;émetteur hors EEE (CH) : hors du champ du PEA;2026-08-30
CH0012142631;CLARIANT;1CLN;Euronext Global Equity Market;EUR;CH;Common Stock;NON;HORS_EEE;émetteur hors EEE (CH) : hors du champ du PEA;2026-08-30
CH0012214059;Holcim;1HOLN;Euronext Global Equity Market;EUR;CH;Common Stock;NON;HORS_EEE;émetteur hors EEE (CH) : hors du champ du PEA;2026-08-30
CH0012221716;ABB Ltd;1ABB;Euronext Global Equity Market;EUR;CH;Common Stock;NON;HORS_EEE;émetteur hors EEE (CH) : hors du champ du PEA;2026-08-30
CH0012255151;SWATCH GROUP;1UHR;Euronext Global Equity Market;EUR;CH;Common Stock;NON;HORS_EEE;émetteur hors EEE (CH) : hors du champ du PEA;2026-08-30
CH0012453913;TEMENOS;1TEMN;Euronext Global Equity Market;EUR;CH;Common Stock;NON;HORS_EEE;émetteur hors EEE (CH) : hors du champ du PEA;2026-08-30
CH0012549785;Sonova Holding;1SOON;Euronext Global Equity Market;EUR;CH;Common Stock;NON;HORS_EEE;émetteur hors EEE (CH) : hors du champ du PEA;2026-08-30
CH0013841017;Lonza Group;1LONN;Euronext Global Equity Market;EUR;CH;Common Stock;NON;HORS_EEE;émetteur hors EEE (CH) : hors du champ du PEA;2026-08-30
CH0014852781;Swiss Life Holding;1SLHN;Euronext Global Equity Market;EUR;CH;Common Stock;NON;HORS_EEE;émetteur hors EEE (CH) : hors du champ du PEA;2026-08-30
CH0016440353;EMS-CHEMIE;1EMSN;Euronext Global Equity Market;EUR;CH;Common Stock;NON;HORS_EEE;émetteur hors EEE (CH) : hors du champ du PEA;2026-08-30
CH0018294154;PSP;1PSPN;Euronext Global Equity Market;EUR;CH;Common Stock;NON;HORS_EEE;émetteur hors EEE (CH) : hors du champ du PEA;2026-08-30
CH0023405456;AVOLTA;1AVOL;Euronext Global Equity Market;EUR;CH;Common Stock;NON;HORS_EEE;émetteur hors EEE (CH) : hors du champ du PEA;2026-08-30
CH0024608827;Partners Group Hol;1PGHN;Euronext Global Equity Market;EUR;CH;Common Stock;NON;HORS_EEE;émetteur hors EEE (CH) : hors du champ du PEA;2026-08-30
CH0024638196;SCHINDLER PS;1SCHP;Euronext Global Equity Market;EUR;CH;Common Stock;NON;HORS_EEE;émetteur hors EEE (CH) : hors du champ du PEA;2026-08-30
CH0024638212;SCHINDLER;1SCHN;Euronext Global Equity Market;EUR;CH;Common Stock;NON;HORS_EEE;émetteur hors EEE (CH) : hors du champ du PEA;2026-08-30
CH0025238863;Kuehne Nagel Inter;1KNIN;Euronext Global Equity Market;EUR;CH;Common Stock;NON;HORS_EEE;émetteur hors EEE (CH) : hors du champ du PEA;2026-08-30
CH0025751329;Logitech Internati;1LOGN;Euronext Global Equity Market;EUR;CH;Common Stock;NON;HORS_EEE;émetteur hors EEE (CH) : hors du champ du PEA;2026-08-30
CH0030170408;Geberit;1GEBN;Euronext Global Equity Market;EUR;CH;Common Stock;NON;HORS_EEE;émetteur hors EEE (CH) : hors du champ du PEA;2026-08-30
CH0038863350;Nestle;1NESN;Euronext Global Equity Market;EUR;CH;Common Stock;NON;HORS_EEE;émetteur hors EEE (CH) : hors du champ du PEA;2026-08-30
CH0044328745;Chubb Ltd;1CB;Euronext Global Equity Market;EUR;CH;Common Stock;NON;HORS_EEE;émetteur hors EEE (CH) : hors du champ du PEA;2026-08-30
CH0102484968;JULIUS BAER;1BAER;Euronext Global Equity Market;EUR;CH;Common Stock;NON;HORS_EEE;émetteur hors EEE (CH) : hors du champ du PEA;2026-08-30
CH0114405324;Garmin Ltd;1GRMN;Euronext Global Equity Market;EUR;CH;Common Stock;NON;HORS_EEE;émetteur hors EEE (CH) : hors du champ du PEA;2026-08-30
CH0120879058;FIRSTCAUTION;MLFIR;Euronext Access Paris;EUR;CH;Common Stock;NON;HORS_EEE;émetteur hors EEE (CH) : hors du champ du PEA;2026-08-30
CH0126881561;Swiss Re;1SREN;Euronext Global Equity Market;EUR;CH;Common Stock;NON;HORS_EEE;émetteur hors EEE (CH) : hors du champ du PEA;2026-08-30
CH0130293662;BKW;1BKW;Euronext Global Equity Market;EUR;CH;Common Stock;NON;HORS_EEE;émetteur hors EEE (CH) : hors du champ du PEA;2026-08-30
CH0210483332;Cie Financiere Ric;1CFR;Euronext Global Equity Market;EUR;CH;Common Stock;NON;HORS_EEE;émetteur hors EEE (CH) : hors du champ du PEA;2026-08-30
CH0244767585;UBS Group;1UBSG;Euronext Global Equity Market;EUR;CH;Common Stock;NON;HORS_EEE;émetteur hors EEE (CH) : hors du champ du PEA;2026-08-30
CH0311864901;VAT GROUP;1VACN;Euronext Global Equity Market;EUR;CH;Common Stock;NON;HORS_EEE;émetteur hors EEE (CH) : hors du champ du PEA;2026-08-30
CH0319416936;FLUGHAFEN ZUERICH;1FHZN;Euronext Global Equity Market;EUR;CH;Common Stock;NON;HORS_EEE;émetteur hors EEE (CH) : hors du champ du PEA;2026-08-30
CH0360674466;GALENICA;1GALE;Euronext Global Equity Market;EUR;CH;Common Stock;NON;HORS_EEE;émetteur hors EEE (CH) : hors du champ du PEA;2026-08-30
CH0418792922;Sika;1SIKA;Euronext Global Equity Market;EUR;CH;Common Stock;NON;HORS_EEE;émetteur hors EEE (CH) : hors du champ du PEA;2026-08-30
CH0432492467;Alcon;1ALC;Euronext Global Equity Market;EUR;CH;Common Stock;NON;HORS_EEE;émetteur hors EEE (CH) : hors du champ du PEA;2026-08-30
CH0435377954;SIG Group;1SIGN;Euronext Global Equity Market;EUR;CH;Common Stock;NON;HORS_EEE;émetteur hors EEE (CH) : hors du champ du PEA;2026-08-30
CH0466642201;HELVETIA BALOISE H;1HELN;Euronext Global Equity Market;EUR;CH;Common Stock;NON;HORS_EEE;émetteur hors EEE (CH) : hors du champ du PEA;2026-08-30
CH0496451508;SOFTWAREONE HOLD;SWON;Oslo Børs;NOK;CH;Common Stock;NON;HORS_EEE;émetteur hors EEE (CH) : hors du champ du PEA;2026-08-30
CH1101098163;BELIMO;1BEAN;Euronext Global Equity Market;EUR;CH;Common Stock;NON;HORS_EEE;émetteur hors EEE (CH) : hors du champ du PEA;2026-08-30
CH1118852594;IDNTT;IDNTT;Euronext Growth Milan;EUR;CH;Common Stock;NON;HORS_EEE;émetteur hors EEE (CH) : hors du champ du PEA;2026-08-30
CH1134540470;ON HOLDING CLAS A;1ONON;Euronext Global Equity Market;EUR;CH;Common Stock;NON;HORS_EEE;émetteur hors EEE (CH) : hors du champ du PEA;2026-08-30
CH1148983609;BEBO HEALTH;MLBBO;Euronext Access Paris;EUR;CH;Common Stock;NON;HORS_EEE;émetteur hors EEE (CH) : hors du champ du PEA;2026-08-30
CH1169151003;GEORG FISCHER;1GF;Euronext Global Equity Market;EUR;CH;Common Stock;NON;HORS_EEE;émetteur hors EEE (CH) : hors du champ du PEA;2026-08-30
CH1175448666;STRAUMANN;1STMN;Euronext Global Equity Market;EUR;CH;Common Stock;NON;HORS_EEE;émetteur hors EEE (CH) : hors du champ du PEA;2026-08-30
CH1216478797;DSM FIRMENICH AG;DSFIR;Euronext Amsterdam;EUR;CH;Common Stock;NON;HORS_EEE;émetteur hors EEE (CH) : hors du champ du PEA;2026-08-30
CH1256740924;SGS;1SGSN;Euronext Global Equity Market;EUR;CH;Common Stock;NON;HORS_EEE;émetteur hors EEE (CH) : hors du champ du PEA;2026-08-30
CH1335392721;Galderma Group;1GALD;Euronext Global Equity Market;EUR;CH;Common Stock;NON;HORS_EEE;émetteur hors EEE (CH) : hors du champ du PEA;2026-08-30
CH1499059983;Roche Holding;1ROG;Euronext Global Equity Market;EUR;CH;Common Stock;NON;HORS_EEE;émetteur hors EEE (CH) : hors du champ du PEA;2026-08-30
CI0000053161;FORESTIERE EQUAT.;FORE;Euronext Paris;EUR;CI;Common Stock;NON;HORS_EEE;émetteur hors EEE (CI) : hors du champ du PEA;2026-08-30
CWN814651014;MOREFIELD GROUP;MORE;Euronext Amsterdam;EUR;CW;Common Stock;NON;HORS_EEE;émetteur hors EEE (CW) : hors du champ du PEA;2026-08-30
CY0101162119;SED ENERGY HOLDING;ENH;Oslo Børs;NOK;CY;Common Stock;OUI;ACTION_EEE;action ordinaire (Common Stock) émise dans l'EEE;2026-08-30
CY0101550917;S.D. STANDARD ETC;SDSD;Oslo Børs;NOK;CY;Common Stock;OUI;ACTION_EEE;action ordinaire (Common Stock) émise dans l'EEE;2026-08-30
CY0102630916;PETROLIA;PSE;Oslo Børs;NOK;CY;Common Stock;OUI;ACTION_EEE;action ordinaire (Common Stock) émise dans l'EEE;2026-08-30
CY0108052115;ADS MARITIME HOLD;ADS;Euronext Growth Oslo;NOK;CY;Common Stock;OUI;ACTION_EEE;action ordinaire (Common Stock) émise dans l'EEE;2026-08-30
CY0200352116;FRONTLINE;FRO;Oslo Børs;NOK;CY;Common Stock;OUI;ACTION_EEE;action ordinaire (Common Stock) émise dans l'EEE;2026-08-30
CY0200751713;THEON INTERNAT;THEON;Euronext Amsterdam;EUR;CY;Common Stock;OUI;ACTION_EEE;action ordinaire (Common Stock) émise dans l'EEE;2026-08-30
CY0201332216;PELAGIC CREDIT;PLGC;Euronext Growth Oslo;NOK;CY;Common Stock;OUI;ACTION_EEE;action ordinaire (Common Stock) émise dans l'EEE;2026-08-30
CY0201461213;PELICAN AQUA HLDNG;PLCAN;Euronext Growth Oslo;NOK;CY;Common Stock;OUI;ACTION_EEE;action ordinaire (Common Stock) émise dans l'EEE;2026-08-30
CZ0009008942;COLT;COLT;Euronext Amsterdam;EUR;CZ;Common Stock;OUI;ACTION_EEE;action ordinaire (Common Stock) émise dans l'EEE;2026-08-30
DE0005089031;UNITED INTERNET;2UTDI;Trading After Hours | EuroTLX | Euronext Global Equity Market;EUR;DE;Common Stock;OUI;ACTION_EEE;action ordinaire (Common Stock) émise dans l'EEE;2026-08-30
DE0005093108;AMADEUS FIRE;2AAD;Trading After Hours | EuroTLX | Euronext Global Equity Market;EUR;DE;Common Stock;OUI;ACTION_EEE;action ordinaire (Common Stock) émise dans l'EEE;2026-08-30
DE0005140008;DEUTSCHE BANK;2DBK;Trading After Hours | EuroTLX | Euronext Global Equity Market;EUR;DE;Common Stock;OUI;ACTION_EEE;action ordinaire (Common Stock) émise dans l'EEE;2026-08-30
DE0005158703;Bechtle;1BC8;Euronext Global Equity Market;EUR;DE;Common Stock;OUI;ACTION_EEE;action ordinaire (Common Stock) émise dans l'EEE;2026-08-30
DE0005190003;BMW;4BMW;EuroTLX | Euronext Global Equity Market | Trading After Hours;EUR;DE;Common Stock;OUI;ACTION_EEE;action ordinaire (Common Stock) émise dans l'EEE;2026-08-30
DE0005200000;BEIERSDORF;2BEI;Trading After Hours | EuroTLX | Euronext Global Equity Market;EUR;DE;Common Stock;OUI;ACTION_EEE;action ordinaire (Common Stock) émise dans l'EEE;2026-08-30
DE0005313704;CARL ZEISS MEDITEC;4AFX;EuroTLX | Trading After Hours | Euronext Global Equity Market;EUR;DE;Common Stock;OUI;ACTION_EEE;action ordinaire (Common Stock) émise dans l'EEE;2026-08-30
DE0005439004;CONTINENTAL;2CON;Trading After Hours | Euronext Global Equity Market | EuroTLX;EUR;DE;Common Stock;OUI;ACTION_EEE;action ordinaire (Common Stock) émise dans l'EEE;2026-08-30
DE0005470306;CTS Eventim;1EVD;Euronext Global Equity Market;EUR;DE;Common Stock;OUI;ACTION_EEE;action ordinaire (Common Stock) émise dans l'EEE;2026-08-30
DE0005470405;LANXESS;1LXS;Euronext Global Equity Market | Trading After Hours | EuroTLX;EUR;DE;Common Stock;OUI;ACTION_EEE;action ordinaire (Common Stock) émise dans l'EEE;2026-08-30
DE0005493092;BORUSSIA DORTMUND;2BOD;Trading After Hours | Euronext Global Equity Market;EUR;DE;Common Stock;OUI;ACTION_EEE;action ordinaire (Common Stock) émise dans l'EEE;2026-08-30
DE0005493365;Hypoport SE;1HYQ;Euronext Global Equity Market;EUR;DE;Common Stock;OUI;ACTION_EEE;action ordinaire (Common Stock) émise dans l'EEE;2026-08-30
DE0005552004;DEUTSCHE POST;2DHL;Trading After Hours | Euronext Global Equity Market | EuroTLX;EUR;DE;Common Stock;OUI;ACTION_EEE;action ordinaire (Common Stock) émise dans l'EEE;2026-08-30
DE0005557508;DEUTSCHE TELEKOM;1DTE;Euronext Global Equity Market | Trading After Hours | EuroTLX;EUR;DE;Common Stock;OUI;ACTION_EEE;action ordinaire (Common Stock) émise dans l'EEE;2026-08-30
DE0005558696;PARAGON;2PGN;Trading After Hours | Euronext Global Equity Market;EUR;DE;Common Stock;OUI;ACTION_EEE;action ordinaire (Common Stock) émise dans l'EEE;2026-08-30
DE0005565204;DURR;2DUE;Trading After Hours | EuroTLX | Euronext Global Equity Market;EUR;DE;Common Stock;OUI;ACTION_EEE;action ordinaire (Common Stock) émise dans l'EEE;2026-08-30
DE0005659700;ECKERT & ZIEGLER;1EUZ;Euronext Global Equity Market | EuroTLX | Trading After Hours;EUR;DE;Common Stock;OUI;ACTION_EEE;action ordinaire (Common Stock) émise dans l'EEE;2026-08-30
DE0005664809;EVOTEC;1EVT;Euronext Global Equity Market | Trading After Hours | EuroTLX;EUR;DE;Common Stock;OUI;ACTION_EEE;action ordinaire (Common Stock) émise dans l'EEE;2026-08-30
DE0005773303;FRAPORT;4FRA;EuroTLX | Euronext Global Equity Market | Trading After Hours;EUR;DE;Common Stock;OUI;ACTION_EEE;action ordinaire (Common Stock) émise dans l'EEE;2026-08-30
DE0005785604;FRESENIUS;2FRE;Trading After Hours | EuroTLX | Euronext Global Equity Market;EUR;DE;Common Stock;OUI;ACTION_EEE;action ordinaire (Common Stock) émise dans l'EEE;2026-08-30
DE0005785802;FRESENIUS MED CARE;2FME;Trading After Hours | EuroTLX | Euronext Global Equity Market;EUR;DE;Common Stock;OUI;ACTION_EEE;action ordinaire (Common Stock) émise dans l'EEE;2026-08-30
DE0005810055;DEUTSCHE BOERSE;4DB1;EuroTLX | Trading After Hours | Euronext Global Equity Market;EUR;DE;Common Stock;OUI;ACTION_EEE;action ordinaire (Common Stock) émise dans l'EEE;2026-08-30
DE0005909006;Bilfinger SE;1GBF;Euronext Global Equity Market;EUR;DE;Common Stock;OUI;ACTION_EEE;action ordinaire (Common Stock) émise dans l'EEE;2026-08-30
DE0006047004;HEIDELBERG MAT;4HEI;EuroTLX | Euronext Global Equity Market | Trading After Hours;EUR;DE;Common Stock;OUI;ACTION_EEE;action ordinaire (Common Stock) émise dans l'EEE;2026-08-30
DE0006048408;HENKEL;4HEN;EuroTLX | Euronext Global Equity Market | Trading After Hours;EUR;DE;Common Stock;OUI;ACTION_EEE;action ordinaire (Common Stock) émise dans l'EEE;2026-08-30
DE0006048432;HENKEL VZ;4HEN3;EuroTLX | Trading After Hours | Euronext Global Equity Market;EUR;DE;Preference;A_VERIFIER;TYPE_INCERTAIN;action de préférence : vérifier le prospectus;2026-08-30
DE0006062144;COVESTRO;11COV;Euronext Global Equity Market | Trading After Hours;EUR;DE;Common Stock;OUI;ACTION_EEE;action ordinaire (Common Stock) émise dans l'EEE;2026-08-30
DE0006070006;HOCHTIEF;4HOT;EuroTLX | Euronext Global Equity Market | Trading After Hours;EUR;DE;Common Stock;OUI;ACTION_EEE;action ordinaire (Common Stock) émise dans l'EEE;2026-08-30
DE0006200108;INDUS HOLDING;2INH;Trading After Hours | EuroTLX | Euronext Global Equity Market;EUR;DE;Common Stock;OUI;ACTION_EEE;action ordinaire (Common Stock) émise dans l'EEE;2026-08-30
DE0006219934;Jungheinrich AG;1JUN;Euronext Global Equity Market;EUR;DE;Preference;A_VERIFIER;TYPE_INCERTAIN;action de préférence : vérifier le prospectus;2026-08-30
DE0006231004;INFINEON TECHNOLOG;2IFX;Trading After Hours | Euronext Global Equity Market | EuroTLX;EUR;DE;Common Stock;OUI;ACTION_EEE;action ordinaire (Common Stock) émise dans l'EEE;2026-08-30
DE0006305006;DEUTZ;4DEZ;EuroTLX | Euronext Global Equity Market | Trading After Hours;EUR;DE;Common Stock;OUI;ACTION_EEE;action ordinaire (Common Stock) émise dans l'EEE;2026-08-30
DE0006335003;Krones AG;1KRN;Euronext Global Equity Market;EUR;DE;Common Stock;OUI;ACTION_EEE;action ordinaire (Common Stock) émise dans l'EEE;2026-08-30
DE0006450000;LPKF LASER & ELECT;1LPK;Euronext Global Equity Market | EuroTLX | Trading After Hours;EUR;DE;Common Stock;OUI;ACTION_EEE;action ordinaire (Common Stock) émise dans l'EEE;2026-08-30
DE0006452907;NEMETSCHEK;2NEMX;Trading After Hours | EuroTLX | Euronext Global Equity Market;EUR;DE;Common Stock;OUI;ACTION_EEE;action ordinaire (Common Stock) émise dans l'EEE;2026-08-30
DE0006599905;MERCK;2MRK;Trading After Hours | EuroTLX | Euronext Global Equity Market;EUR;DE;Common Stock;OUI;ACTION_EEE;action ordinaire (Common Stock) émise dans l'EEE;2026-08-30
DE0006602006;GEA GROUP;4G;EuroTLX | Trading After Hours | Euronext Global Equity Market;EUR;DE;Common Stock;OUI;ACTION_EEE;action ordinaire (Common Stock) émise dans l'EEE;2026-08-30
DE0006766504;Aurubis;1AUR;Euronext Global Equity Market;EUR;DE;Common Stock;OUI;ACTION_EEE;action ordinaire (Common Stock) émise dans l'EEE;2026-08-30
DE0006916604;PFEIFFER VACUUM;2PFV;Trading After Hours | Euronext Global Equity Market | EuroTLX;EUR;DE;Common Stock;OUI;ACTION_EEE;action ordinaire (Common Stock) émise dans l'EEE;2026-08-30
DE0006969603;PUMA;2PUM;Trading After Hours | EuroTLX | Euronext Global Equity Market;EUR;DE;Common Stock;OUI;ACTION_EEE;action ordinaire (Common Stock) émise dans l'EEE;2026-08-30
DE0007010803;Rational AG;1RAA;Euronext Global Equity Market;EUR;DE;Common Stock;OUI;ACTION_EEE;action ordinaire (Common Stock) émise dans l'EEE;2026-08-30
DE0007030009;RHEINMETALL;4RHM;EuroTLX | Euronext Global Equity Market | Trading After Hours;EUR;DE;Common Stock;OUI;ACTION_EEE;action ordinaire (Common Stock) émise dans l'EEE;2026-08-30
DE0007037129;RWE;1RWE;Euronext Global Equity Market | Trading After Hours | EuroTLX;EUR;DE;Common Stock;OUI;ACTION_EEE;action ordinaire (Common Stock) émise dans l'EEE;2026-08-30
DE0007100000;MERCEDES-BENZ G.;2MBG;Trading After Hours | EuroTLX | Euronext Global Equity Market;EUR;DE;Common Stock;OUI;ACTION_EEE;action ordinaire (Common Stock) émise dans l'EEE;2026-08-30
DE0007164600;SAP;2SAP;Trading After Hours | Euronext Global Equity Market | EuroTLX;EUR;DE;Common Stock;OUI;ACTION_EEE;action ordinaire (Common Stock) émise dans l'EEE;2026-08-30
DE0007165607;SARTORIUS;2SRT;Trading After Hours | Euronext Global Equity Market | EuroTLX;EUR;DE;Common Stock;OUI;ACTION_EEE;action ordinaire (Common Stock) émise dans l'EEE;2026-08-30
DE0007165631;SARTORIUS PREF;2SRT3;Trading After Hours | Euronext Global Equity Market | EuroTLX;EUR;DE;Preference;A_VERIFIER;TYPE_INCERTAIN;action de préférence : vérifier le prospectus;2026-08-30
DE0007193500;KOENIG & BAUER;4SKB;EuroTLX | Euronext Global Equity Market | Trading After Hours;EUR;DE;Common Stock;OUI;ACTION_EEE;action ordinaire (Common Stock) émise dans l'EEE;2026-08-30
DE0007231326;SIXT;1SIX;Euronext Global Equity Market | Trading After Hours | EuroTLX;EUR;DE;Common Stock;OUI;ACTION_EEE;action ordinaire (Common Stock) émise dans l'EEE;2026-08-30
DE0007236101;SIEMENS;4SIE;EuroTLX | Euronext Global Equity Market | Trading After Hours;EUR;DE;Common Stock;OUI;ACTION_EEE;action ordinaire (Common Stock) émise dans l'EEE;2026-08-30
DE0007257503;CECONOMY;4CEC;EuroTLX | Euronext Global Equity Market | Trading After Hours;EUR;DE;Common Stock;OUI;ACTION_EEE;action ordinaire (Common Stock) émise dans l'EEE;2026-08-30
DE0007480204;DEUTSCHE EUROSHOP;2DEQ;Trading After Hours | Euronext Global Equity Market | EuroTLX;EUR;DE;Common Stock;OUI;ACTION_EEE;action ordinaire (Common Stock) émise dans l'EEE;2026-08-30
DE0007493991;Stroeer SE & Co;1SAX;Euronext Global Equity Market;EUR;DE;Common Stock;OUI;ACTION_EEE;action ordinaire (Common Stock) émise dans l'EEE;2026-08-30
DE0007500001;THYSSENKRUPP;2TKA;Trading After Hours | EuroTLX | Euronext Global Equity Market;EUR;DE;Common Stock;OUI;ACTION_EEE;action ordinaire (Common Stock) émise dans l'EEE;2026-08-30
DE0007664005;VOLKSWAGEN;4VOW;EuroTLX;EUR;DE;Common Stock;OUI;ACTION_EEE;action ordinaire (Common Stock) émise dans l'EEE;2026-08-30
DE0007664039;VOLKSWAGEN;4VOW3;EuroTLX | Trading After Hours | Euronext Global Equity Market;EUR;DE;Preference;A_VERIFIER;TYPE_INCERTAIN;action de préférence : vérifier le prospectus;2026-08-30
DE0008019001;PBB;4PBB;EuroTLX | Trading After Hours | Euronext Global Equity Market;EUR;DE;Common Stock;OUI;ACTION_EEE;action ordinaire (Common Stock) émise dans l'EEE;2026-08-30
DE0008232125;DEUTSCHE LUFTHANSA;1LHA;Euronext Global Equity Market | EuroTLX | Trading After Hours;EUR;DE;Common Stock;OUI;ACTION_EEE;action ordinaire (Common Stock) émise dans l'EEE;2026-08-30
DE0008303504;TAG Immobilien;1TEG;Euronext Global Equity Market;EUR;DE;Common Stock;OUI;ACTION_EEE;action ordinaire (Common Stock) émise dans l'EEE;2026-08-30
DE0008402215;HANNOVER RUCK;2HANN;Trading After Hours | Euronext Global Equity Market;EUR;DE;Common Stock;OUI;ACTION_EEE;action ordinaire (Common Stock) émise dans l'EEE;2026-08-30
DE0008404005;ALLIANZ;2ALV;Trading After Hours | Euronext Global Equity Market | EuroTLX;EUR;DE;Common Stock;OUI;ACTION_EEE;action ordinaire (Common Stock) émise dans l'EEE;2026-08-30
DE0008430026;MUNICH RE;2MUV2;Trading After Hours | EuroTLX | Euronext Global Equity Market;EUR;DE;Common Stock;OUI;ACTION_EEE;action ordinaire (Common Stock) émise dans l'EEE;2026-08-30
DE000A0D6554;NORDEX;2NDX;Trading After Hours | Euronext Global Equity Market | EuroTLX;EUR;DE;Common Stock;OUI;ACTION_EEE;action ordinaire (Common Stock) émise dans l'EEE;2026-08-30
DE000A0D9PT0;MTU AERO ENGINES;4MTX;EuroTLX | Euronext Global Equity Market | Trading After Hours;EUR;DE;Common Stock;OUI;ACTION_EEE;action ordinaire (Common Stock) émise dans l'EEE;2026-08-30
DE000A0DJ6J9;SMA SOLAR TECHNOL;1S;Euronext Global Equity Market | Trading After Hours | EuroTLX;EUR;DE;Common Stock;OUI;ACTION_EEE;action ordinaire (Common Stock) émise dans l'EEE;2026-08-30
DE000A0HN5C6;DEUTSCHE WOHNEN;1DWNI;Euronext Global Equity Market | Trading After Hours | EuroTLX;EUR;DE;Common Stock;OUI;ACTION_EEE;action ordinaire (Common Stock) émise dans l'EEE;2026-08-30
DE000A0JBPG2;PNE;4PNE;EuroTLX | Euronext Global Equity Market | Trading After Hours;EUR;DE;Common Stock;OUI;ACTION_EEE;action ordinaire (Common Stock) émise dans l'EEE;2026-08-30
DE000A0JL9W6;VERBIO;2VBK;Trading After Hours | EuroTLX | Euronext Global Equity Market;EUR;DE;Common Stock;OUI;ACTION_EEE;action ordinaire (Common Stock) émise dans l'EEE;2026-08-30
DE000A0LD6E6;Gerresheimer;1GXI;Euronext Global Equity Market;EUR;DE;Common Stock;OUI;ACTION_EEE;action ordinaire (Common Stock) émise dans l'EEE;2026-08-30
DE000A0LR936;STEICO;2ST;Trading After Hours | EuroTLX | Euronext Global Equity Market;EUR;DE;Common Stock;OUI;ACTION_EEE;action ordinaire (Common Stock) émise dans l'EEE;2026-08-30
DE000A0S8488;HHLA;4HHFA;EuroTLX;EUR;DE;Common Stock;OUI;ACTION_EEE;action ordinaire (Common Stock) émise dans l'EEE;2026-08-30
DE000A0WMPJ6;AIXTRON;1AIXA;Euronext Global Equity Market | EuroTLX | Trading After Hours;EUR;DE;Common Stock;OUI;ACTION_EEE;action ordinaire (Common Stock) émise dans l'EEE;2026-08-30
DE000A0XYG76;DEUTSCHE ROHSTOFF;1DR;Euronext Global Equity Market | Trading After Hours | EuroTLX;EUR;DE;Common Stock;OUI;ACTION_EEE;action ordinaire (Common Stock) émise dans l'EEE;2026-08-30
DE000A0Z2ZZ5;Freenet AG;1FNTN;Euronext Global Equity Market;EUR;DE;Common Stock;OUI;ACTION_EEE;action ordinaire (Common Stock) émise dans l'EEE;2026-08-30
DE000A11Q133;HK;MLHK;Euronext Access Paris;EUR;DE;Common Stock;OUI;ACTION_EEE;action ordinaire (Common Stock) émise dans l'EEE;2026-08-30
DE000A12DM80;Scout24 SE;1G24;Euronext Global Equity Market;EUR;DE;Common Stock;OUI;ACTION_EEE;action ordinaire (Common Stock) émise dans l'EEE;2026-08-30
DE000A13SX22;Hella KGaA;1HLE;Euronext Global Equity Market;EUR;DE;Common Stock;OUI;ACTION_EEE;action ordinaire (Common Stock) émise dans l'EEE;2026-08-30
DE000A161408;HELLOFRESH;1HFG;Euronext Global Equity Market | EuroTLX | Trading After Hours;EUR;DE;Common Stock;OUI;ACTION_EEE;action ordinaire (Common Stock) émise dans l'EEE;2026-08-30
DE000A1DAHH0;BRENNTAG;2BRE;Trading After Hours | Euronext Global Equity Market;EUR;DE;Common Stock;OUI;ACTION_EEE;action ordinaire (Common Stock) émise dans l'EEE;2026-08-30
DE000A1EWWW0;ADIDAS;2ADS;Trading After Hours | Euronext Global Equity Market | EuroTLX;EUR;DE;Common Stock;OUI;ACTION_EEE;action ordinaire (Common Stock) émise dans l'EEE;2026-08-30
DE000A1ML7J1;VONOVIA;4VNA;EuroTLX | Trading After Hours | Euronext Global Equity Market;EUR;DE;Common Stock;OUI;ACTION_EEE;action ordinaire (Common Stock) émise dans l'EEE;2026-08-30
DE000A1PHFF7;HUGO BOSS;4BOSS;EuroTLX | Trading After Hours | Euronext Global Equity Market;EUR;DE;Common Stock;OUI;ACTION_EEE;action ordinaire (Common Stock) émise dans l'EEE;2026-08-30
DE000A1TNV91;BITCOIN GROUP;4ADE;EuroTLX | Euronext Global Equity Market | Trading After Hours;EUR;DE;Common Stock;OUI;ACTION_EEE;action ordinaire (Common Stock) émise dans l'EEE;2026-08-30
DE000A2DAM03;AUMANN;4AAG;EuroTLX | Euronext Global Equity Market | Trading After Hours;EUR;DE;Common Stock;OUI;ACTION_EEE;action ordinaire (Common Stock) émise dans l'EEE;2026-08-30
DE000A2E4K43;DELIVERY HERO;4DHER;EuroTLX | Trading After Hours | Euronext Global Equity Market;EUR;DE;Common Stock;OUI;ACTION_EEE;action ordinaire (Common Stock) émise dans l'EEE;2026-08-30
DE000A2G8ZX8;PYRUM INNOVATIONS;PYRUM;Euronext Growth Oslo;NOK;DE;Common Stock;OUI;ACTION_EEE;action ordinaire (Common Stock) émise dans l'EEE;2026-08-30
DE000A2LQ884;AUTO1 Group SE;1AG1;Euronext Global Equity Market;EUR;DE;Common Stock;OUI;ACTION_EEE;action ordinaire (Common Stock) émise dans l'EEE;2026-08-30
DE000A2NB601;JENOPTIK;2JEN;Trading After Hours | EuroTLX | Euronext Global Equity Market;EUR;DE;Common Stock;OUI;ACTION_EEE;action ordinaire (Common Stock) émise dans l'EEE;2026-08-30
DE000A2YN900;TEAMVIEWER;4TMV;EuroTLX | Trading After Hours | Euronext Global Equity Market;EUR;DE;Common Stock;OUI;ACTION_EEE;action ordinaire (Common Stock) émise dans l'EEE;2026-08-30
DE000A3E5D64;FUCHS SE;1FPE;Euronext Global Equity Market;EUR;DE;Preference;A_VERIFIER;TYPE_INCERTAIN;action de préférence : vérifier le prospectus;2026-08-30
DE000A3ENQ51;Schott Pharma;1SXP;Euronext Global Equity Market;EUR;DE;Common Stock;OUI;ACTION_EEE;action ordinaire (Common Stock) émise dans l'EEE;2026-08-30
DE000AUM0V10;Aumovio;1AUMO;Euronext Global Equity Market;EUR;DE;Common Stock;OUI;ACTION_EEE;action ordinaire (Common Stock) émise dans l'EEE;2026-08-30
DE000BASF111;BASF;2BAS;Trading After Hours | EuroTLX | Euronext Global Equity Market;EUR;DE;Common Stock;OUI;ACTION_EEE;action ordinaire (Common Stock) émise dans l'EEE;2026-08-30
DE000BAY0017;BAYER;4BAYN;EuroTLX | Euronext Global Equity Market | Trading After Hours;EUR;DE;Common Stock;OUI;ACTION_EEE;action ordinaire (Common Stock) émise dans l'EEE;2026-08-30
DE000CBK1001;COMMERZBANK;2CBK;Trading After Hours | EuroTLX | Euronext Global Equity Market;EUR;DE;Common Stock;OUI;ACTION_EEE;action ordinaire (Common Stock) émise dans l'EEE;2026-08-30
DE000DTR0CK8;DAIMLER TRUCK HD;1DTRH;Euronext Global Equity Market | Trading After Hours;EUR;DE;Common Stock;OUI;ACTION_EEE;action ordinaire (Common Stock) émise dans l'EEE;2026-08-30
DE000ENAG999;E.ON;1EOAN;Euronext Global Equity Market | Trading After Hours | EuroTLX;EUR;DE;Common Stock;OUI;ACTION_EEE;action ordinaire (Common Stock) émise dans l'EEE;2026-08-30
DE000ENER6Y0;SIEMENS ENERGY;2ENR;Trading After Hours | Euronext Global Equity Market | EuroTLX;EUR;DE;Common Stock;OUI;ACTION_EEE;action ordinaire (Common Stock) émise dans l'EEE;2026-08-30
DE000EVNK013;EVONIK INDUSTRIES;1EVK;Euronext Global Equity Market | EuroTLX | Trading After Hours;EUR;DE;Common Stock;OUI;ACTION_EEE;action ordinaire (Common Stock) émise dans l'EEE;2026-08-30
DE000HAG0005;HENSOLDT;2HENS;Trading After Hours | Euronext Global Equity Market;EUR;DE;Common Stock;OUI;ACTION_EEE;action ordinaire (Common Stock) émise dans l'EEE;2026-08-30
DE000HLAG475;HAPAG-LLOYD;1HLAG;Euronext Global Equity Market | Trading After Hours | EuroTLX;EUR;DE;Common Stock;OUI;ACTION_EEE;action ordinaire (Common Stock) émise dans l'EEE;2026-08-30
DE000KBX1006;Knorr-Bremse;1KBX;Euronext Global Equity Market;EUR;DE;Common Stock;OUI;ACTION_EEE;action ordinaire (Common Stock) émise dans l'EEE;2026-08-30
DE000KGX8881;KION GROUP;2KGX;Trading After Hours | Euronext Global Equity Market | EuroTLX;EUR;DE;Common Stock;OUI;ACTION_EEE;action ordinaire (Common Stock) émise dans l'EEE;2026-08-30
DE000KSAG888;K+S;1SDF;Euronext Global Equity Market | EuroTLX | Trading After Hours;EUR;DE;Common Stock;OUI;ACTION_EEE;action ordinaire (Common Stock) émise dans l'EEE;2026-08-30
DE000LEG1110;LEG IMMOBILIEN;2LEG;Trading After Hours | EuroTLX | Euronext Global Equity Market;EUR;DE;Common Stock;OUI;ACTION_EEE;action ordinaire (Common Stock) émise dans l'EEE;2026-08-30
DE000PAG9113;PORSCHE AG PREF;2PORS;Trading After Hours | Euronext Global Equity Market;EUR;DE;Preference;A_VERIFIER;TYPE_INCERTAIN;action de préférence : vérifier le prospectus;2026-08-30
DE000PAH0038;PORSCHE AUTOMOBIL;2PAH;Trading After Hours | EuroTLX | Euronext Global Equity Market;EUR;DE;Preference;A_VERIFIER;TYPE_INCERTAIN;action de préférence : vérifier le prospectus;2026-08-30
DE000PSM7770;PROSIEBENSAT1 MEDI;1PSM;Euronext Global Equity Market | Trading After Hours | EuroTLX;EUR;DE;Common Stock;OUI;ACTION_EEE;action ordinaire (Common Stock) émise dans l'EEE;2026-08-30
DE000SHL1006;SIEMENS HEALTH;2SHL;Trading After Hours | EuroTLX | Euronext Global Equity Market;EUR;DE;Common Stock;OUI;ACTION_EEE;action ordinaire (Common Stock) émise dans l'EEE;2026-08-30
DE000SYM9999;SYMRISE;2SYM;Trading After Hours | Euronext Global Equity Market;EUR;DE;Common Stock;OUI;ACTION_EEE;action ordinaire (Common Stock) émise dans l'EEE;2026-08-30
DE000TLX1005;Talanx AG;1TLX;Euronext Global Equity Market;EUR;DE;Common Stock;OUI;ACTION_EEE;action ordinaire (Common Stock) émise dans l'EEE;2026-08-30
DE000TRAT0N7;TRATON;28TRA;Trading After Hours | EuroTLX | Euronext Global Equity Market;EUR;DE;Common Stock;OUI;ACTION_EEE;action ordinaire (Common Stock) émise dans l'EEE;2026-08-30
DE000TUAG505;TUI;2TUI1U;Trading After Hours | Euronext Global Equity Market | EuroTLX;EUR;DE;Common Stock;OUI;ACTION_EEE;action ordinaire (Common Stock) émise dans l'EEE;2026-08-30
DE000UNSE026;UNIPER;4UN;EuroTLX | Trading After Hours | Euronext Global Equity Market;EUR;DE;Common Stock;OUI;ACTION_EEE;action ordinaire (Common Stock) émise dans l'EEE;2026-08-30
DE000WAF3001;SILTRONIC;1WAF;Euronext Global Equity Market | EuroTLX | Trading After Hours;EUR;DE;Common Stock;OUI;ACTION_EEE;action ordinaire (Common Stock) émise dans l'EEE;2026-08-30
DE000WCH8881;WACKER CHEMIE;4WCH;EuroTLX | Euronext Global Equity Market | Trading After Hours;EUR;DE;Common Stock;OUI;ACTION_EEE;action ordinaire (Common Stock) émise dans l'EEE;2026-08-30
DE000ZAL1111;ZALANDO;2ZAL;Trading After Hours | Euronext Global Equity Market | EuroTLX;EUR;DE;Common Stock;OUI;ACTION_EEE;action ordinaire (Common Stock) émise dans l'EEE;2026-08-30
DK0060520450;NAPATECH;NAPA;Oslo Børs;NOK;DK;Common Stock;OUI;ACTION_EEE;action ordinaire (Common Stock) émise dans l'EEE;2026-08-30
DK0060945467;5TH PLANET GAMES;5PG;Euronext Expand Oslo;NOK;DK;Common Stock;OUI;ACTION_EEE;action ordinaire (Common Stock) émise dans l'EEE;2026-08-30
DK0061412772;CADELER;CADLR;Oslo Børs;NOK;DK;Common Stock;OUI;ACTION_EEE;action ordinaire (Common Stock) émise dans l'EEE;2026-08-30
ES0105025003;MERLIN PROPERTIES;MRL;Euronext Lisbon;EUR;ES;REIT;NON;REGIME_FONCIER;foncière cotée (SIIC ou régime européen équivalent) : exclue du PEA depuis le 21 octobre 2011;2026-08-30
ES0105027009;Logista Integral;1LOG;Euronext Global Equity Market;EUR;ES;Common Stock;OUI;ACTION_EEE;action ordinaire (Common Stock) émise dans l'EEE;2026-08-30
ES0105029005;FACEPHI;ALPHI;Euronext Growth Paris;EUR;ES;Common Stock;OUI;ACTION_EEE;action ordinaire (Common Stock) émise dans l'EEE;2026-08-30
ES0105046017;AENA SME;2AENA;Trading After Hours | EuroTLX | Euronext Global Equity Market;EUR;ES;Common Stock;OUI;ACTION_EEE;action ordinaire (Common Stock) émise dans l'EEE;2026-08-30
ES0105066007;Cellnex Telecom;1CLNX;Euronext Global Equity Market;EUR;ES;Common Stock;OUI;ACTION_EEE;action ordinaire (Common Stock) émise dans l'EEE;2026-08-30
ES0105089009;LLEIDA;ALLLN;Euronext Growth Paris;EUR;ES;Common Stock;OUI;ACTION_EEE;action ordinaire (Common Stock) émise dans l'EEE;2026-08-30
ES0105362000;BARINGS CORE SPAIN;MLBAR;Euronext Access Paris;EUR;ES;REIT;NON;REGIME_FONCIER;foncière cotée (SIIC ou régime européen équivalent) : exclue du PEA depuis le 21 octobre 2011;2026-08-30
ES0105417002;IPOSA PROPERTIES;MLIPO;Euronext Access Paris;EUR;ES;REIT;NON;REGIME_FONCIER;foncière cotée (SIIC ou régime européen équivalent) : exclue du PEA depuis le 21 octobre 2011;2026-08-30
ES0105425005;KOMPUESTOS;ALKOM;Euronext Growth Paris;EUR;ES;Common Stock;OUI;ACTION_EEE;action ordinaire (Common Stock) émise dans l'EEE;2026-08-30
ES0105447009;MAQ ADMON. URBANAS;MLMAQ;Euronext Access Paris;EUR;ES;REIT;NON;REGIME_FONCIER;foncière cotée (SIIC ou régime européen équivalent) : exclue du PEA depuis le 21 octobre 2011;2026-08-30
ES0105463006;MAKING SCIENCE;ALMKS;Euronext Growth Paris;EUR;ES;Common Stock;OUI;ACTION_EEE;action ordinaire (Common Stock) émise dans l'EEE;2026-08-30
ES0105473005;INMOSUPA;MLISP;Euronext Access Paris;EUR;ES;Common Stock;OUI;ACTION_EEE;action ordinaire (Common Stock) émise dans l'EEE;2026-08-30
ES0105478004;AGP MALAGA SOCIMI;MLAGP;Euronext Access Paris;EUR;ES;REIT;NON;REGIME_FONCIER;foncière cotée (SIIC ou régime européen équivalent) : exclue du PEA depuis le 21 octobre 2011;2026-08-30
ES0105479002;IANTE INVESTMENTS;MLINT;Euronext Access Paris;EUR;ES;Common Stock;OUI;ACTION_EEE;action ordinaire (Common Stock) émise dans l'EEE;2026-08-30
ES0105486007;AROCA DEL PINAR;MLARO;Euronext Access Paris;EUR;ES;REIT;NON;REGIME_FONCIER;foncière cotée (SIIC ou régime européen équivalent) : exclue du PEA depuis le 21 octobre 2011;2026-08-30
ES0105490009;ORBIS PROPERTIES;MLORB;Euronext Access Paris;EUR;ES;REIT;NON;REGIME_FONCIER;foncière cotée (SIIC ou régime européen équivalent) : exclue du PEA depuis le 21 octobre 2011;2026-08-30
ES0105492005;VREF SEVILLE;MLVRF;Euronext Access Paris;EUR;ES;REIT;NON;REGIME_FONCIER;foncière cotée (SIIC ou régime européen équivalent) : exclue du PEA depuis le 21 octobre 2011;2026-08-30
ES0105498002;HEALTHCARE ACTIVOS;MLHAY;Euronext Access Paris;EUR;ES;REIT;NON;REGIME_FONCIER;foncière cotée (SIIC ou régime européen équivalent) : exclue du PEA depuis le 21 octobre 2011;2026-08-30
ES0105505004;RSR SINGULAR;MLRSR;Euronext Access Lisbon;EUR;ES;REIT;NON;REGIME_FONCIER;foncière cotée (SIIC ou régime européen équivalent) : exclue du PEA depuis le 21 octobre 2011;2026-08-30
ES0105511002;INMARK;MLINM;Euronext Access Paris;EUR;ES;REIT;NON;REGIME_FONCIER;foncière cotée (SIIC ou régime européen équivalent) : exclue du PEA depuis le 21 octobre 2011;2026-08-30
ES0105534004;ORINOQUIA;MLORQ;Euronext Access Paris;EUR;ES;REIT;NON;REGIME_FONCIER;foncière cotée (SIIC ou régime européen équivalent) : exclue du PEA depuis le 21 octobre 2011;2026-08-30
ES0105537007;GLOBAL PIELAGO;MLNDG;Euronext Access Paris;EUR;ES;Common Stock;OUI;ACTION_EEE;action ordinaire (Common Stock) émise dans l'EEE;2026-08-30
ES0105549002;MONTEPINO LOGISTIC;MLMTP;Euronext Access Paris;EUR;ES;Common Stock;OUI;ACTION_EEE;action ordinaire (Common Stock) émise dans l'EEE;2026-08-30
ES0105550000;RES GESTAE SOCIMI;MLJDL;Euronext Access Paris;EUR;ES;Common Stock;OUI;ACTION_EEE;action ordinaire (Common Stock) émise dans l'EEE;2026-08-30
ES0105551008;IGIS NEPTUNE;MLABC;Euronext Access Paris;EUR;ES;Common Stock;OUI;ACTION_EEE;action ordinaire (Common Stock) émise dans l'EEE;2026-08-30
ES0105553004;FAIFEY INVEST;MLECE;Euronext Access Paris;EUR;ES;Common Stock;OUI;ACTION_EEE;action ordinaire (Common Stock) émise dans l'EEE;2026-08-30
ES0105559001;MERIDIA RE IV;MLMIV;Euronext Access Paris;EUR;ES;Common Stock;OUI;ACTION_EEE;action ordinaire (Common Stock) émise dans l'EEE;2026-08-30
ES0105563003;ACCIONA Energias;1ANE;Euronext Global Equity Market;EUR;ES;Common Stock;OUI;ACTION_EEE;action ordinaire (Common Stock) émise dans l'EEE;2026-08-30
ES0105586004;EUROLOG CANOLA;MLCAN;Euronext Access Paris;EUR;ES;REIT;NON;REGIME_FONCIER;foncière cotée (SIIC ou régime européen équivalent) : exclue du PEA depuis le 21 octobre 2011;2026-08-30
ES0105590006;IMPULSE FITNESS;MLIFS;Euronext Access Paris;EUR;ES;Common Stock;OUI;ACTION_EEE;action ordinaire (Common Stock) émise dans l'EEE;2026-08-30
ES0105592002;SCIENTIA SCHOOL;MLSCI;Euronext Access Paris;EUR;ES;Common Stock;OUI;ACTION_EEE;action ordinaire (Common Stock) émise dans l'EEE;2026-08-30
ES0105601001;ARIMELIA ITG;MLARI;Euronext Access Paris;EUR;ES;Common Stock;OUI;ACTION_EEE;action ordinaire (Common Stock) émise dans l'EEE;2026-08-30
ES0105612008;PERSEIDA RENTA;MLPER;Euronext Access Paris;EUR;ES;Common Stock;OUI;ACTION_EEE;action ordinaire (Common Stock) émise dans l'EEE;2026-08-30
ES0105623005;VANDOR REAL ESTATE;MLVRE;Euronext Access Paris;EUR;ES;Common Stock;OUI;ACTION_EEE;action ordinaire (Common Stock) émise dans l'EEE;2026-08-30
ES0105639001;EMBENTION;ALUAV;Euronext Growth Paris;EUR;ES;Common Stock;OUI;ACTION_EEE;action ordinaire (Common Stock) émise dans l'EEE;2026-08-30
ES0105651006;SAGAX REAL ESTATE;MLSAG;Euronext Access Paris;EUR;ES;Common Stock;OUI;ACTION_EEE;action ordinaire (Common Stock) émise dans l'EEE;2026-08-30
ES0105658001;APODACA INVERSIONE;MLASO;Euronext Access Paris;EUR;ES;Common Stock;OUI;ACTION_EEE;action ordinaire (Common Stock) émise dans l'EEE;2026-08-30
ES0105660007;CORE SPAIN HOLDCO;MLCOE;Euronext Access Paris;EUR;ES;Common Stock;OUI;ACTION_EEE;action ordinaire (Common Stock) émise dans l'EEE;2026-08-30
ES0105661005;AREF THALASSA;MLARE;Euronext Access Paris;EUR;ES;Common Stock;OUI;ACTION_EEE;action ordinaire (Common Stock) émise dans l'EEE;2026-08-30
ES0105664009;HOTELES BESTPRICE;MLHBP;Euronext Access Paris;EUR;ES;Common Stock;OUI;ACTION_EEE;action ordinaire (Common Stock) émise dans l'EEE;2026-08-30
ES0105665006;MACC1X1 SOCIMI;MLMAC;Euronext Access Lisbon;EUR;ES;Common Stock;OUI;ACTION_EEE;action ordinaire (Common Stock) émise dans l'EEE;2026-08-30
ES0105687000;ENERGY SOLAR;ALETC;Euronext Growth Paris;EUR;ES;Common Stock;OUI;ACTION_EEE;action ordinaire (Common Stock) émise dans l'EEE;2026-08-30
ES0105697009;MUTTER VENTURES;MLMUT;Euronext Access Paris;EUR;ES;Common Stock;OUI;ACTION_EEE;action ordinaire (Common Stock) émise dans l'EEE;2026-08-30
ES0105698007;OK PROPERTIES;MLOKP;Euronext Access Paris;EUR;ES;Common Stock;OUI;ACTION_EEE;action ordinaire (Common Stock) émise dans l'EEE;2026-08-30
ES0105704003;VIRTUALWARE;ALVIR;Euronext Growth Paris;EUR;ES;Common Stock;OUI;ACTION_EEE;action ordinaire (Common Stock) émise dans l'EEE;2026-08-30
ES0105719001;NORTEM BIOGROUP;MLBIO;Euronext Access Paris;EUR;ES;Common Stock;OUI;ACTION_EEE;action ordinaire (Common Stock) émise dans l'EEE;2026-08-30
ES0105724001;RIBA MUNDO;RMT;Euronext Growth Milan;EUR;ES;Common Stock;OUI;ACTION_EEE;action ordinaire (Common Stock) émise dans l'EEE;2026-08-30
ES0105726006;ELIX;MLERH;Euronext Access Paris;EUR;ES;Common Stock;OUI;ACTION_EEE;action ordinaire (Common Stock) émise dans l'EEE;2026-08-30
ES0105740007;WELLNESS;MLWRS;Euronext Access Paris;EUR;ES;Common Stock;OUI;ACTION_EEE;action ordinaire (Common Stock) émise dans l'EEE;2026-08-30
ES0105744009;ANDINO GLOBAL;MLAIG;Euronext Access Paris;EUR;ES;Common Stock;OUI;ACTION_EEE;action ordinaire (Common Stock) émise dans l'EEE;2026-08-30
ES0105748000;URCOLESA;MLURC;Euronext Access Paris;EUR;ES;Common Stock;OUI;ACTION_EEE;action ordinaire (Common Stock) émise dans l'EEE;2026-08-30
ES0105777017;Puig Brands;1PUIG;Euronext Global Equity Market;EUR;ES;Common Stock;OUI;ACTION_EEE;action ordinaire (Common Stock) émise dans l'EEE;2026-08-30
ES0105807004;GENESIS;MLGNS;Euronext Access Paris;EUR;ES;REIT;NON;REGIME_FONCIER;foncière cotée (SIIC ou régime européen équivalent) : exclue du PEA depuis le 21 octobre 2011;2026-08-30
ES0105851002;STUDENT PROPERTY;MLSPI;Euronext Access Paris;EUR;ES;;A_VERIFIER;NATURE_INCONNUE;nature de l'instrument non identifiée par OpenFIGI;2026-08-30
ES0105908000;INMOLECULE;MLINA;Euronext Access Paris;EUR;ES;Common Stock;OUI;ACTION_EEE;action ordinaire (Common Stock) émise dans l'EEE;2026-08-30
ES0105910006;SAJA REAL ESTATE;MLSJA;Euronext Access Paris;EUR;ES;REIT;NON;REGIME_FONCIER;foncière cotée (SIIC ou régime européen équivalent) : exclue du PEA depuis le 21 octobre 2011;2026-08-30
ES0105962007;VICSO;MLVIC;Euronext Access Paris;EUR;ES;Common Stock;OUI;ACTION_EEE;action ordinaire (Common Stock) émise dans l'EEE;2026-08-30
ES0105964003;ES VEDRA;MLESV;Euronext Access Paris;EUR;ES;Common Stock;OUI;ACTION_EEE;action ordinaire (Common Stock) émise dans l'EEE;2026-08-30
ES0105977005;MEDITERRANEAN REIT;MLMED;Euronext Access Paris;EUR;ES;REIT;NON;REGIME_FONCIER;foncière cotée (SIIC ou régime européen équivalent) : exclue du PEA depuis le 21 octobre 2011;2026-08-30
ES0106008008;BIMMART INVESTMENT;MLBIM;Euronext Access Paris;EUR;ES;Common Stock;OUI;ACTION_EEE;action ordinaire (Common Stock) émise dans l'EEE;2026-08-30
ES0106042007;HAY 2 SOCIMI;MLHA2;Euronext Access Paris;EUR;ES;Common Stock;OUI;ACTION_EEE;action ordinaire (Common Stock) émise dans l'EEE;2026-08-30
ES0106046008;EXXITA BE CIRCULAR;MLEXX;Euronext Access Paris;EUR;ES;Common Stock;OUI;ACTION_EEE;action ordinaire (Common Stock) émise dans l'EEE;2026-08-30
ES0106046016;EXXITA BE CIRCULAR;MLEXP;Euronext Access Paris;EUR;ES;Preference;A_VERIFIER;TYPE_INCERTAIN;action de préférence : vérifier le prospectus;2026-08-30
ES0109067019;AMADEUS IT GROUP;4AMS;EuroTLX | Trading After Hours | Euronext Global Equity Market;EUR;ES;Common Stock;OUI;ACTION_EEE;action ordinaire (Common Stock) émise dans l'EEE;2026-08-30
ES0109429037;ISPD;ALISP;Euronext Growth Paris;EUR;ES;Common Stock;OUI;ACTION_EEE;action ordinaire (Common Stock) émise dans l'EEE;2026-08-30
ES0113211835;BBVA;4BBVA;EuroTLX | Trading After Hours | Euronext Global Equity Market;EUR;ES;Common Stock;OUI;ACTION_EEE;action ordinaire (Common Stock) émise dans l'EEE;2026-08-30
ES0113679I37;Bankinter;1BKT;Euronext Global Equity Market;EUR;ES;Common Stock;OUI;ACTION_EEE;action ordinaire (Common Stock) émise dans l'EEE;2026-08-30
ES0113860A34;BANCO DE SABADELL;2SAB;Trading After Hours | EuroTLX | Euronext Global Equity Market;EUR;ES;Common Stock;OUI;ACTION_EEE;action ordinaire (Common Stock) émise dans l'EEE;2026-08-30
ES0113900J37;BANCO SANTANDER;1SANX;Euronext Global Equity Market | EuroTLX | Trading After Hours;EUR;ES;Common Stock;OUI;ACTION_EEE;action ordinaire (Common Stock) émise dans l'EEE;2026-08-30
ES0116870314;NATURGY ENERGY GR;2NTGY;Trading After Hours | Euronext Global Equity Market | EuroTLX;EUR;ES;Common Stock;OUI;ACTION_EEE;action ordinaire (Common Stock) émise dans l'EEE;2026-08-30
ES0118594417;Indra Sistemas;1IDR;Euronext Global Equity Market;EUR;ES;Common Stock;OUI;ACTION_EEE;action ordinaire (Common Stock) émise dans l'EEE;2026-08-30
ES0124244E34;MAPFRE;2MAP;Trading After Hours | Euronext Global Equity Market | EuroTLX;EUR;ES;Common Stock;OUI;ACTION_EEE;action ordinaire (Common Stock) émise dans l'EEE;2026-08-30
ES0125220311;Acciona;1ANA;Euronext Global Equity Market;EUR;ES;Common Stock;OUI;ACTION_EEE;action ordinaire (Common Stock) émise dans l'EEE;2026-08-30
ES0127797019;EDP RENEWABLES;2EDPR;Trading After Hours | Euronext Lisbon;EUR;ES;Common Stock;OUI;ACTION_EEE;action ordinaire (Common Stock) émise dans l'EEE;2026-08-30
ES0130670112;ENDESA;1ELE;Euronext Global Equity Market | Trading After Hours | EuroTLX;EUR;ES;Common Stock;OUI;ACTION_EEE;action ordinaire (Common Stock) émise dans l'EEE;2026-08-30
ES0130960018;ENAGAS;4ENG;EuroTLX | Trading After Hours | Euronext Global Equity Market;EUR;ES;Common Stock;OUI;ACTION_EEE;action ordinaire (Common Stock) émise dans l'EEE;2026-08-30
ES0132105018;Acerinox;1ACX;Euronext Global Equity Market;EUR;ES;Common Stock;OUI;ACTION_EEE;action ordinaire (Common Stock) émise dans l'EEE;2026-08-30
ES0137650018;Fluidra SA;1FDR;Euronext Global Equity Market;EUR;ES;Common Stock;OUI;ACTION_EEE;action ordinaire (Common Stock) émise dans l'EEE;2026-08-30
ES0139140174;Colonial SFL;1COL;Euronext Global Equity Market;EUR;ES;REIT;NON;REGIME_FONCIER;foncière cotée (SIIC ou régime européen équivalent) : exclue du PEA depuis le 21 octobre 2011;2026-08-30
ES0140609019;CAIXABANK;2CABK;Trading After Hours | Euronext Global Equity Market | EuroTLX;EUR;ES;Common Stock;OUI;ACTION_EEE;action ordinaire (Common Stock) émise dans l'EEE;2026-08-30
ES0144580Y14;IBERDROLA;1IBE;Euronext Global Equity Market | EuroTLX | Trading After Hours;EUR;ES;Common Stock;OUI;ACTION_EEE;action ordinaire (Common Stock) émise dans l'EEE;2026-08-30
ES0148396007;INDITEX;1ITX;Euronext Global Equity Market | Trading After Hours | EuroTLX;EUR;ES;Common Stock;OUI;ACTION_EEE;action ordinaire (Common Stock) émise dans l'EEE;2026-08-30
ES0157261019;Laboratorios Farma;1ROVI;Euronext Global Equity Market;EUR;ES;Common Stock;OUI;ACTION_EEE;action ordinaire (Common Stock) émise dans l'EEE;2026-08-30
ES0165386014;Solaria Energia;1SLR;Euronext Global Equity Market;EUR;ES;Common Stock;OUI;ACTION_EEE;action ordinaire (Common Stock) émise dans l'EEE;2026-08-30
ES0167050915;ACS ACTIVIDADES;1ACS;Euronext Global Equity Market | Trading After Hours | EuroTLX;EUR;ES;Common Stock;OUI;ACTION_EEE;action ordinaire (Common Stock) émise dans l'EEE;2026-08-30
ES0171996087;Grifols;4GRF;EuroTLX | Euronext Global Equity Market;EUR;ES;Common Stock;OUI;ACTION_EEE;action ordinaire (Common Stock) émise dans l'EEE;2026-08-30
ES0173093024;RED ELECTRICA CORP;1REE;Euronext Global Equity Market | EuroTLX | Trading After Hours;EUR;ES;Common Stock;OUI;ACTION_EEE;action ordinaire (Common Stock) émise dans l'EEE;2026-08-30
ES0173516115;REPSOL;2REP;Trading After Hours | Euronext Global Equity Market | EuroTLX;EUR;ES;Common Stock;OUI;ACTION_EEE;action ordinaire (Common Stock) émise dans l'EEE;2026-08-30
ES0177542018;INTERNATIONAL C A;4IAG;EuroTLX | Euronext Global Equity Market | Trading After Hours;EUR;ES;Common Stock;OUI;ACTION_EEE;action ordinaire (Common Stock) émise dans l'EEE;2026-08-30
ES0178430E18;TELEFONICA;1TEF;Euronext Global Equity Market | Trading After Hours | EuroTLX;EUR;ES;Common Stock;OUI;ACTION_EEE;action ordinaire (Common Stock) émise dans l'EEE;2026-08-30
ES0180907000;Unicaja Banco SA;1UNI;Euronext Global Equity Market;EUR;ES;Common Stock;OUI;ACTION_EEE;action ordinaire (Common Stock) émise dans l'EEE;2026-08-30
ES0182870214;Sacyr SA;1SCYR;Euronext Global Equity Market;EUR;ES;Common Stock;OUI;ACTION_EEE;action ordinaire (Common Stock) émise dans l'EEE;2026-08-30
ES0183746314;Vidrala SA;1VID;Euronext Global Equity Market;EUR;ES;Common Stock;OUI;ACTION_EEE;action ordinaire (Common Stock) émise dans l'EEE;2026-08-30
ES0184262212;Viscofan SA;1VIS;Euronext Global Equity Market;EUR;ES;Common Stock;OUI;ACTION_EEE;action ordinaire (Common Stock) émise dans l'EEE;2026-08-30
FI0009000202;Kesko Oyj;1KESK;Euronext Global Equity Market;EUR;FI;Common Stock;OUI;ACTION_EEE;action ordinaire (Common Stock) émise dans l'EEE;2026-08-30
FI0009000459;Huhtamaki Oyj;1HUH;Euronext Global Equity Market;EUR;FI;Common Stock;OUI;ACTION_EEE;action ordinaire (Common Stock) émise dans l'EEE;2026-08-30
FI0009000665;Metsa Board Oyj B;1MTBB;Euronext Global Equity Market;EUR;FI;Common Stock;OUI;ACTION_EEE;action ordinaire (Common Stock) émise dans l'EEE;2026-08-30
FI0009000681;NOKIA CORPORATION;4NOKIA;EuroTLX | Trading After Hours | Euronext Global Equity Market;EUR;FI;Common Stock;OUI;ACTION_EEE;action ordinaire (Common Stock) émise dans l'EEE;2026-08-30
FI0009002422;Outokumpu Oyj;1OUT;Euronext Global Equity Market;EUR;FI;Common Stock;OUI;ACTION_EEE;action ordinaire (Common Stock) émise dans l'EEE;2026-08-30
FI0009003727;Wartsila OYJ Abp;1WRT;Euronext Global Equity Market;EUR;FI;Common Stock;OUI;ACTION_EEE;action ordinaire (Common Stock) émise dans l'EEE;2026-08-30
FI0009004824;Kemira Oyj;1KEMI;Euronext Global Equity Market;EUR;FI;Common Stock;OUI;ACTION_EEE;action ordinaire (Common Stock) émise dans l'EEE;2026-08-30
FI0009005318;NOKIAN RENKAAT;2TYRES;Trading After Hours | Euronext Global Equity Market | EuroTLX;EUR;FI;Common Stock;OUI;ACTION_EEE;action ordinaire (Common Stock) émise dans l'EEE;2026-08-30
FI0009005870;Konecranes Oyj;1KCR;Euronext Global Equity Market;EUR;FI;Common Stock;OUI;ACTION_EEE;action ordinaire (Common Stock) émise dans l'EEE;2026-08-30
FI0009005961;Stora Enso Oyj;1STER;Euronext Global Equity Market;EUR;FI;Common Stock;OUI;ACTION_EEE;action ordinaire (Common Stock) émise dans l'EEE;2026-08-30
FI0009005987;UPM-Kymmene Oyj;1UPM;Euronext Global Equity Market;EUR;FI;Common Stock;OUI;ACTION_EEE;action ordinaire (Common Stock) émise dans l'EEE;2026-08-30
FI0009007132;FORTUM;2FORT;Trading After Hours | Euronext Global Equity Market | EuroTLX;EUR;FI;Common Stock;OUI;ACTION_EEE;action ordinaire (Common Stock) émise dans l'EEE;2026-08-30
FI0009007884;Elisa Oyj;1ELIS;Euronext Global Equity Market;EUR;FI;Common Stock;OUI;ACTION_EEE;action ordinaire (Common Stock) émise dans l'EEE;2026-08-30
FI0009013296;NESTE;4NESTE;EuroTLX | Euronext Global Equity Market | Trading After Hours;EUR;FI;Common Stock;OUI;ACTION_EEE;action ordinaire (Common Stock) émise dans l'EEE;2026-08-30
FI0009013403;KONE;4KNEBV;EuroTLX | Trading After Hours | Euronext Global Equity Market;EUR;FI;Common Stock;OUI;ACTION_EEE;action ordinaire (Common Stock) émise dans l'EEE;2026-08-30
FI0009014377;ORION CLASS B;2ORNBV;Trading After Hours | Euronext Global Equity Market | EuroTLX;EUR;FI;Common Stock;OUI;ACTION_EEE;action ordinaire (Common Stock) émise dans l'EEE;2026-08-30
FI0009014575;Metso Oyj;1METS;Euronext Global Equity Market;EUR;FI;Common Stock;OUI;ACTION_EEE;action ordinaire (Common Stock) émise dans l'EEE;2026-08-30
FI4000074984;Valmet Oyj;1VALM;Euronext Global Equity Market;EUR;FI;Common Stock;OUI;ACTION_EEE;action ordinaire (Common Stock) émise dans l'EEE;2026-08-30
FI4000198031;Qt Group Oyj;1QTCO;Euronext Global Equity Market;EUR;FI;Common Stock;OUI;ACTION_EEE;action ordinaire (Common Stock) émise dans l'EEE;2026-08-30
FI4000297767;NORDEA BANK;1NDA;Euronext Global Equity Market | EuroTLX | Trading After Hours;EUR;FI;Common Stock;OUI;ACTION_EEE;action ordinaire (Common Stock) émise dans l'EEE;2026-08-30
FI4000312251;LUMO FH;1LUMO;Euronext Global Equity Market;EUR;FI;Common Stock;OUI;ACTION_EEE;action ordinaire (Common Stock) émise dans l'EEE;2026-08-30
FI4000552500;Sampo Oyj;1SAMP;Euronext Global Equity Market;EUR;FI;Common Stock;OUI;ACTION_EEE;action ordinaire (Common Stock) émise dans l'EEE;2026-08-30
FI4000552526;MANDATUM OYJ;1MANT;Euronext Global Equity Market;EUR;FI;Common Stock;OUI;ACTION_EEE;action ordinaire (Common Stock) émise dans l'EEE;2026-08-30
FI4000571013;HIAB CORPORATION;1HIAB;Euronext Global Equity Market;EUR;FI;Common Stock;OUI;ACTION_EEE;action ordinaire (Common Stock) émise dans l'EEE;2026-08-30
FO0000000179;BAKKAFROST;BAKKA;Oslo Børs;NOK;FO;Common Stock;NON;HORS_EEE;émetteur hors EEE (FO) : hors du champ du PEA;2026-08-30
FR0000030074;MALTERIES FCO-BEL.;MALT;Euronext Paris;EUR;FR;Common Stock;OUI;ACTION_EEE;action ordinaire (Common Stock) émise dans l'EEE;2026-08-30
FR0000030769;PLACOPLATRE;MLPLC;Euronext Access Paris;EUR;FR;Common Stock;OUI;ACTION_EEE;action ordinaire (Common Stock) émise dans l'EEE;2026-08-30
FR0000031023;ELEC.STRASBOURG;ELEC;Euronext Paris;EUR;FR;Common Stock;OUI;ACTION_EEE;action ordinaire (Common Stock) émise dans l'EEE;2026-08-30
FR0000031106;TROC ILE;MLTRO;Euronext Access Paris;EUR;FR;Common Stock;OUI;ACTION_EEE;action ordinaire (Common Stock) émise dans l'EEE;2026-08-30
FR0000031577;VIRBAC;2VIRP;Trading After Hours | Euronext Paris;EUR;FR;Common Stock;OUI;ACTION_EEE;action ordinaire (Common Stock) émise dans l'EEE;2026-08-30
FR0000031775;VICAT;VCT;Euronext Paris;EUR;FR;Common Stock;OUI;ACTION_EEE;action ordinaire (Common Stock) émise dans l'EEE;2026-08-30
FR0000031973;FSDV;FSDV;Euronext Paris;EUR;FR;Common Stock;OUI;ACTION_EEE;action ordinaire (Common Stock) émise dans l'EEE;2026-08-30
FR0000032526;GUERBET;GBT;Euronext Paris;EUR;FR;Common Stock;OUI;ACTION_EEE;action ordinaire (Common Stock) émise dans l'EEE;2026-08-30
FR0000032658;SYNERGIE;SDG;Euronext Paris;EUR;FR;Common Stock;OUI;ACTION_EEE;action ordinaire (Common Stock) émise dans l'EEE;2026-08-30
FR0000033003;TOUAX;ALTOU;Euronext Growth Paris;EUR;FR;Common Stock;OUI;ACTION_EEE;action ordinaire (Common Stock) émise dans l'EEE;2026-08-30
FR0000033219;ALTAREA;2ALTA;Trading After Hours | Euronext Paris;EUR;FR;REIT;NON;REGIME_FONCIER;foncière cotée (SIIC ou régime européen équivalent) : exclue du PEA depuis le 21 octobre 2011;2026-08-30
FR0000033243;IMMOB.DASSAULT;IMDA;Euronext Paris;EUR;FR;REIT;NON;REGIME_FONCIER;foncière cotée (SIIC ou régime européen équivalent) : exclue du PEA depuis le 21 octobre 2011;2026-08-30
FR0000033599;LEXIBOOK LINGUIST.;ALLEX;Euronext Growth Paris;EUR;FR;Common Stock;OUI;ACTION_EEE;action ordinaire (Common Stock) émise dans l'EEE;2026-08-30
FR0000033888;GEVELOT;ALGEV;Euronext Growth Paris;EUR;FR;Common Stock;OUI;ACTION_EEE;action ordinaire (Common Stock) émise dans l'EEE;2026-08-30
FR0000033904;JACQUET METALS;JCQ;Euronext Paris;EUR;FR;Common Stock;OUI;ACTION_EEE;action ordinaire (Common Stock) émise dans l'EEE;2026-08-30
FR0000034894;GAUMONT;GAM;Euronext Paris;EUR;FR;Common Stock;OUI;ACTION_EEE;action ordinaire (Common Stock) émise dans l'EEE;2026-08-30
FR0000035081;ICADE;2ICAD;Trading After Hours | Euronext Paris;EUR;FR;REIT;NON;REGIME_FONCIER;foncière cotée (SIIC ou régime européen équivalent) : exclue du PEA depuis le 21 octobre 2011;2026-08-30
FR0000035164;BENETEAU;BEN;Euronext Paris | Trading After Hours;EUR;FR;Common Stock;OUI;ACTION_EEE;action ordinaire (Common Stock) émise dans l'EEE;2026-08-30
FR0000035370;BASTIDE LE CONFORT;BLC;Euronext Paris;EUR;FR;Common Stock;OUI;ACTION_EEE;action ordinaire (Common Stock) émise dans l'EEE;2026-08-30
FR0000035719;ELECT. MADAGASCAR;EEM;Euronext Paris;EUR;FR;Common Stock;OUI;ACTION_EEE;action ordinaire (Common Stock) émise dans l'EEE;2026-08-30
FR0000035784;EVERGREEN;EGR;Euronext Paris;EUR;FR;Common Stock;OUI;ACTION_EEE;action ordinaire (Common Stock) émise dans l'EEE;2026-08-30
FR0000036675;GROUPE CRIT;CEN;Euronext Paris;EUR;FR;Common Stock;OUI;ACTION_EEE;action ordinaire (Common Stock) émise dans l'EEE;2026-08-30
FR0000037475;CFI;CFI;Euronext Paris;EUR;FR;REIT;NON;REGIME_FONCIER;foncière cotée (SIIC ou régime européen équivalent) : exclue du PEA depuis le 21 octobre 2011;2026-08-30
FR0000037640;ROUGIER S.A.;ALRGR;Euronext Growth Paris;EUR;FR;Common Stock;OUI;ACTION_EEE;action ordinaire (Common Stock) émise dans l'EEE;2026-08-30
FR0000037871;CH.FER DEPARTEMENT;MLCFD;Euronext Access Paris;EUR;FR;Common Stock;OUI;ACTION_EEE;action ordinaire (Common Stock) émise dans l'EEE;2026-08-30
FR0000038184;FIPP;FIPP;Euronext Paris;EUR;FR;Common Stock;OUI;ACTION_EEE;action ordinaire (Common Stock) émise dans l'EEE;2026-08-30
FR0000038242;LUMIBIRD;LBIRD;Euronext Paris;EUR;FR;Common Stock;OUI;ACTION_EEE;action ordinaire (Common Stock) émise dans l'EEE;2026-08-30
FR0000038465;PASSAT;ALPAS;Euronext Growth Paris;EUR;FR;Common Stock;OUI;ACTION_EEE;action ordinaire (Common Stock) émise dans l'EEE;2026-08-30
FR0000038531;HF COMPANY;ALHF;Euronext Growth Paris;EUR;FR;Common Stock;OUI;ACTION_EEE;action ordinaire (Common Stock) émise dans l'EEE;2026-08-30
FR0000038606;MANITOU BF;MTU;Euronext Paris;EUR;FR;Common Stock;OUI;ACTION_EEE;action ordinaire (Common Stock) émise dans l'EEE;2026-08-30
FR0000039091;ROBERTET;RBT;Euronext Paris;EUR;FR;Common Stock;OUI;ACTION_EEE;action ordinaire (Common Stock) émise dans l'EEE;2026-08-30
FR0000039109;SECHE ENVIRONNEM.;SCHP;Euronext Paris;EUR;FR;Common Stock;OUI;ACTION_EEE;action ordinaire (Common Stock) émise dans l'EEE;2026-08-30
FR0000039216;ALTAREIT;AREIT;Euronext Paris;EUR;FR;Common Stock;OUI;ACTION_EEE;action ordinaire (Common Stock) émise dans l'EEE;2026-08-30
FR0000039232;AUREA;AURE;Euronext Paris;EUR;FR;Common Stock;OUI;ACTION_EEE;action ordinaire (Common Stock) émise dans l'EEE;2026-08-30
FR0000039299;BOLLORE;2BOL;Trading After Hours | Euronext Paris;EUR;FR;Common Stock;OUI;ACTION_EEE;action ordinaire (Common Stock) émise dans l'EEE;2026-08-30
FR0000039620;MERSEN;2MRN;Trading After Hours | Euronext Paris;EUR;FR;Common Stock;OUI;ACTION_EEE;action ordinaire (Common Stock) émise dans l'EEE;2026-08-30
FR0000044323;CRCAM ALP.PROV.CCI;CRAP;Euronext Paris;EUR;FR;Common Stock;OUI;ACTION_EEE;action ordinaire (Common Stock) émise dans l'EEE;2026-08-30
FR0000044364;CRCAM NORM.SEINE;CCN;Euronext Paris;EUR;FR;Common Stock;OUI;ACTION_EEE;action ordinaire (Common Stock) émise dans l'EEE;2026-08-30
FR0000044448;NEXANS;2NEX;Trading After Hours | Euronext Paris;EUR;FR;Common Stock;OUI;ACTION_EEE;action ordinaire (Common Stock) émise dans l'EEE;2026-08-30
FR0000044471;RAMSAY GEN SANTE;GDS;Euronext Paris;EUR;FR;Common Stock;OUI;ACTION_EEE;action ordinaire (Common Stock) émise dans l'EEE;2026-08-30
FR0000044943;LOGIC INSTRUMENT;ALLOG;Euronext Growth Paris;EUR;FR;Common Stock;OUI;ACTION_EEE;action ordinaire (Common Stock) émise dans l'EEE;2026-08-30
FR0000045072;CREDIT AGRICOLE;2ACA;Trading After Hours | Euronext Paris | EuroTLX | Euronext Global Equity Market;EUR;FR;Common Stock;OUI;ACTION_EEE;action ordinaire (Common Stock) émise dans l'EEE;2026-08-30
FR0000045213;CRCAM ILLE-VIL.CCI;CIV;Euronext Paris;EUR;FR;Common Stock;OUI;ACTION_EEE;action ordinaire (Common Stock) émise dans l'EEE;2026-08-30
FR0000045239;CRCAM LOIRE HTE L.;CRLO;Euronext Paris;EUR;FR;Common Stock;OUI;ACTION_EEE;action ordinaire (Common Stock) émise dans l'EEE;2026-08-30
FR0000045304;CRCAM TOURAINE CCI;CRTO;Euronext Paris;EUR;FR;Common Stock;OUI;ACTION_EEE;action ordinaire (Common Stock) émise dans l'EEE;2026-08-30
FR0000045346;CRCAM SUD R.A.CCI;CRSU;Euronext Paris;EUR;FR;Common Stock;OUI;ACTION_EEE;action ordinaire (Common Stock) émise dans l'EEE;2026-08-30
FR0000045528;CRCAM PARIS ET IDF;CAF;Euronext Paris;EUR;FR;Common Stock;OUI;ACTION_EEE;action ordinaire (Common Stock) émise dans l'EEE;2026-08-30
FR0000045544;CA TOULOUSE 31 CCI;CAT31;Euronext Paris;EUR;FR;Common Stock;OUI;ACTION_EEE;action ordinaire (Common Stock) émise dans l'EEE;2026-08-30
FR0000045551;CRCAM MORBIHAN CCI;CMO;Euronext Paris;EUR;FR;Common Stock;OUI;ACTION_EEE;action ordinaire (Common Stock) émise dans l'EEE;2026-08-30
FR0000045601;ROBERTET CI;CBE;Euronext Paris;EUR;FR;Common Stock;OUI;ACTION_EEE;action ordinaire (Common Stock) émise dans l'EEE;2026-08-30
FR0000045619;ROBERTET CDV 87;CBR;Euronext Paris;EUR;FR;Common Stock;OUI;ACTION_EEE;action ordinaire (Common Stock) émise dans l'EEE;2026-08-30
FR0000050049;VIEL ET COMPAGNIE;VIL;Euronext Paris;EUR;FR;Common Stock;OUI;ACTION_EEE;action ordinaire (Common Stock) émise dans l'EEE;2026-08-30
FR0000050353;LISI;FII;Euronext Paris;EUR;FR;Common Stock;OUI;ACTION_EEE;action ordinaire (Common Stock) émise dans l'EEE;2026-08-30
FR0000050395;CROSSWOOD;CROS;Euronext Paris;EUR;FR;Common Stock;OUI;ACTION_EEE;action ordinaire (Common Stock) émise dans l'EEE;2026-08-30
FR0000050809;SOPRA STERIA GROUP;2SOP;Trading After Hours | Euronext Paris;EUR;FR;Common Stock;OUI;ACTION_EEE;action ordinaire (Common Stock) émise dans l'EEE;2026-08-30
FR0000051070;MAUREL ET PROM;MAU;Euronext Paris;EUR;FR;Common Stock;OUI;ACTION_EEE;action ordinaire (Common Stock) émise dans l'EEE;2026-08-30
FR0000051302;HOCHE BAINS L.BAIN;MLHBB;Euronext Access Paris;EUR;FR;Common Stock;OUI;ACTION_EEE;action ordinaire (Common Stock) émise dans l'EEE;2026-08-30
FR0000051393;IDI;IDIP;Euronext Paris;EUR;FR;Common Stock;OUI;ACTION_EEE;action ordinaire (Common Stock) émise dans l'EEE;2026-08-30
FR0000051807;TELEPERFORMANCE;TEP;Euronext Paris | EuroTLX | Trading After Hours;EUR;FR;Common Stock;OUI;ACTION_EEE;action ordinaire (Common Stock) émise dans l'EEE;2026-08-30
FR0000052292;HERMES INTERN;4RMS;EuroTLX | Trading After Hours | Euronext Paris;EUR;FR;Common Stock;OUI;ACTION_EEE;action ordinaire (Common Stock) émise dans l'EEE;2026-08-30
FR0000052680;OENEO;SBT;Euronext Paris;EUR;FR;Common Stock;OUI;ACTION_EEE;action ordinaire (Common Stock) émise dans l'EEE;2026-08-30
FR0000052920;DYNAFOND;MLDYN;Euronext Access Paris;EUR;FR;Common Stock;OUI;ACTION_EEE;action ordinaire (Common Stock) émise dans l'EEE;2026-08-30
FR0000053027;AKWEL;AKW;Euronext Paris;EUR;FR;Common Stock;OUI;ACTION_EEE;action ordinaire (Common Stock) émise dans l'EEE;2026-08-30
FR0000053035;GEA GRENOBL.ELECT.;GEA;Euronext Paris;EUR;FR;Common Stock;OUI;ACTION_EEE;action ordinaire (Common Stock) émise dans l'EEE;2026-08-30
FR0000053043;ADVINI;ALAVI;Euronext Growth Paris;EUR;FR;Common Stock;OUI;ACTION_EEE;action ordinaire (Common Stock) émise dans l'EEE;2026-08-30
FR0000053225;METROPOLE TV;MMT;Euronext Paris | Trading After Hours;EUR;FR;Common Stock;OUI;ACTION_EEE;action ordinaire (Common Stock) émise dans l'EEE;2026-08-30
FR0000053324;ALPES (COMPAGNIE);CDA;Euronext Paris;EUR;FR;Common Stock;OUI;ACTION_EEE;action ordinaire (Common Stock) émise dans l'EEE;2026-08-30
FR0000053381;DERICHEBOURG;2DBG;Trading After Hours | Euronext Paris;EUR;FR;Common Stock;OUI;ACTION_EEE;action ordinaire (Common Stock) émise dans l'EEE;2026-08-30
FR0000053415;G.A.I.;MLGAI;Euronext Access Paris;EUR;FR;Common Stock;OUI;ACTION_EEE;action ordinaire (Common Stock) émise dans l'EEE;2026-08-30
FR0000053506;CEGEDIM;ALCGM;Euronext Growth Paris;EUR;FR;Common Stock;OUI;ACTION_EEE;action ordinaire (Common Stock) émise dans l'EEE;2026-08-30
FR0000053738;HOTELIM;MLHOT;Euronext Access Paris;EUR;FR;Common Stock;OUI;ACTION_EEE;action ordinaire (Common Stock) émise dans l'EEE;2026-08-30
FR0000053837;ALTAMIR;LTA;Euronext Paris;EUR;FR;Common Stock;OUI;ACTION_EEE;action ordinaire (Common Stock) émise dans l'EEE;2026-08-30
FR0000053944;FONCIERE VOLTA;SPEL;Euronext Paris;EUR;FR;Common Stock;OUI;ACTION_EEE;action ordinaire (Common Stock) émise dans l'EEE;2026-08-30
FR0000054132;DELFINGEN;ALDEL;Euronext Growth Paris;EUR;FR;Common Stock;OUI;ACTION_EEE;action ordinaire (Common Stock) émise dans l'EEE;2026-08-30
FR0000054199;ST DUPONT;DPT;Euronext Paris;EUR;FR;Common Stock;OUI;ACTION_EEE;action ordinaire (Common Stock) émise dans l'EEE;2026-08-30
FR0000054231;HIGH CO;HCO;Euronext Paris;EUR;FR;Common Stock;OUI;ACTION_EEE;action ordinaire (Common Stock) émise dans l'EEE;2026-08-30
FR0000054322;CIBOX INTER A CTIV;ALCBX;Euronext Growth Paris;EUR;FR;Common Stock;OUI;ACTION_EEE;action ordinaire (Common Stock) émise dans l'EEE;2026-08-30
FR0000054371;SPEED RABBIT PIZZA;MLSRP;Euronext Access Paris;EUR;FR;Common Stock;OUI;ACTION_EEE;action ordinaire (Common Stock) émise dans l'EEE;2026-08-30
FR0000054421;BOURRELIER GROUP;ALBOU;Euronext Growth Paris;EUR;FR;Common Stock;OUI;ACTION_EEE;action ordinaire (Common Stock) émise dans l'EEE;2026-08-30
FR0000054470;UBISOFT ENTERT;4UBI;EuroTLX | Euronext Paris | Trading After Hours;EUR;FR;Common Stock;OUI;ACTION_EEE;action ordinaire (Common Stock) émise dans l'EEE;2026-08-30
FR0000054900;TF1;2TFI;Trading After Hours | Euronext Paris;EUR;FR;Common Stock;OUI;ACTION_EEE;action ordinaire (Common Stock) émise dans l'EEE;2026-08-30
FR0000060071;SAMSE;SAMS;Euronext Paris;EUR;FR;Common Stock;OUI;ACTION_EEE;action ordinaire (Common Stock) émise dans l'EEE;2026-08-30
FR0000060121;SAINT JEAN GROUPE;SABE;Euronext Paris;EUR;FR;Common Stock;OUI;ACTION_EEE;action ordinaire (Common Stock) émise dans l'EEE;2026-08-30
FR0000060303;COVIVIO HOTELS;COVH;Euronext Paris;EUR;FR;REIT;NON;REGIME_FONCIER;foncière cotée (SIIC ou régime européen équivalent) : exclue du PEA depuis le 21 octobre 2011;2026-08-30
FR0000060428;CIE DU MONT BLANC;MLCMB;Euronext Access Paris;EUR;FR;Common Stock;OUI;ACTION_EEE;action ordinaire (Common Stock) émise dans l'EEE;2026-08-30
FR0000060451;INSTALLUX;ALLUX;Euronext Growth Paris;EUR;FR;Common Stock;OUI;ACTION_EEE;action ordinaire (Common Stock) émise dans l'EEE;2026-08-30
FR0000060535;FIDUCIAL REAL EST.;ORIA;Euronext Paris;EUR;FR;Common Stock;OUI;ACTION_EEE;action ordinaire (Common Stock) émise dans l'EEE;2026-08-30
FR0000060790;SIGNAUX GIROD;ALGIR;Euronext Growth Paris;EUR;FR;Common Stock;OUI;ACTION_EEE;action ordinaire (Common Stock) émise dans l'EEE;2026-08-30
FR0000060824;FINANCIERE MARJOS;FINM;Euronext Paris;EUR;FR;Common Stock;OUI;ACTION_EEE;action ordinaire (Common Stock) émise dans l'EEE;2026-08-30
FR0000060840;DEVERNOIS;ALDEV;Euronext Growth Paris;EUR;FR;Common Stock;OUI;ACTION_EEE;action ordinaire (Common Stock) émise dans l'EEE;2026-08-30
FR0000060873;MBWS;MBWS;Euronext Paris;EUR;FR;Common Stock;OUI;ACTION_EEE;action ordinaire (Common Stock) émise dans l'EEE;2026-08-30
FR0000060907;CHAUSSERIA;CHSR;Euronext Paris;EUR;FR;Common Stock;OUI;ACTION_EEE;action ordinaire (Common Stock) émise dans l'EEE;2026-08-30
FR0000061129;BOIRON;BOI;Euronext Paris;EUR;FR;Common Stock;OUI;ACTION_EEE;action ordinaire (Common Stock) émise dans l'EEE;2026-08-30
FR0000061137;BURELLE;BUR;Euronext Paris;EUR;FR;Common Stock;OUI;ACTION_EEE;action ordinaire (Common Stock) émise dans l'EEE;2026-08-30
FR0000061244;ALTHEORA;ALORA;Euronext Growth Paris;EUR;FR;Common Stock;OUI;ACTION_EEE;action ordinaire (Common Stock) émise dans l'EEE;2026-08-30
FR0000061376;PROP.IMMEUBLES;MLPRI;Euronext Access Paris;EUR;FR;Common Stock;OUI;ACTION_EEE;action ordinaire (Common Stock) émise dans l'EEE;2026-08-30
FR0000061418;FIDUCIAL OFF.SOL.;SACI;Euronext Paris;EUR;FR;Common Stock;OUI;ACTION_EEE;action ordinaire (Common Stock) émise dans l'EEE;2026-08-30
FR0000061459;PERRIER (GERARD);PERR;Euronext Paris;EUR;FR;Common Stock;OUI;ACTION_EEE;action ordinaire (Common Stock) émise dans l'EEE;2026-08-30
FR0000061475;EURASIA FONC INV;EFI;Euronext Paris;EUR;FR;REIT;NON;REGIME_FONCIER;foncière cotée (SIIC ou régime européen équivalent) : exclue du PEA depuis le 21 octobre 2011;2026-08-30
FR0000061608;PISCINES DESJOYAUX;ALPDX;Euronext Growth Paris;EUR;FR;Common Stock;OUI;ACTION_EEE;action ordinaire (Common Stock) émise dans l'EEE;2026-08-30
FR0000061780;AUGROS COSMETIC;AUGR;Euronext Paris;EUR;FR;Common Stock;OUI;ACTION_EEE;action ordinaire (Common Stock) émise dans l'EEE;2026-08-30
FR0000062101;FERM.CAS.MUN.CANNE;FCMC;Euronext Paris;EUR;FR;Common Stock;OUI;ACTION_EEE;action ordinaire (Common Stock) émise dans l'EEE;2026-08-30
FR0000062150;BLEECKER;BLEE;Euronext Paris;EUR;FR;Common Stock;OUI;ACTION_EEE;action ordinaire (Common Stock) émise dans l'EEE;2026-08-30
FR0000062234;COMPAGNIE ODET;ODET;Euronext Paris;EUR;FR;Common Stock;OUI;ACTION_EEE;action ordinaire (Common Stock) émise dans l'EEE;2026-08-30
FR0000062465;ALAN ALLMAN;AAA;Euronext Paris;EUR;FR;Common Stock;OUI;ACTION_EEE;action ordinaire (Common Stock) émise dans l'EEE;2026-08-30
FR0000062671;EXAIL TECHNOLOGIES;EXA;Euronext Paris;EUR;FR;Common Stock;OUI;ACTION_EEE;action ordinaire (Common Stock) émise dans l'EEE;2026-08-30
FR0000062788;BARBARA BUI;BUI;Euronext Paris;EUR;FR;Common Stock;OUI;ACTION_EEE;action ordinaire (Common Stock) émise dans l'EEE;2026-08-30
FR0000062796;MAISON POMMERY;POMRY;Euronext Paris, Brussels;EUR;FR;Common Stock;OUI;ACTION_EEE;action ordinaire (Common Stock) émise dans l'EEE;2026-08-30
FR0000062978;DEKUPLE;DKUPL;Euronext Paris;EUR;FR;Common Stock;OUI;ACTION_EEE;action ordinaire (Common Stock) émise dans l'EEE;2026-08-30
FR0000063307;TBSO;TBSO;Euronext Paris;EUR;FR;REIT;NON;REGIME_FONCIER;foncière cotée (SIIC ou régime européen équivalent) : exclue du PEA depuis le 21 octobre 2011;2026-08-30
FR0000063737;AUBAY;AUB;Euronext Paris;EUR;FR;Common Stock;OUI;ACTION_EEE;action ordinaire (Common Stock) émise dans l'EEE;2026-08-30
FR0000063935;BONDUELLE;BON;Euronext Paris;EUR;FR;Common Stock;OUI;ACTION_EEE;action ordinaire (Common Stock) émise dans l'EEE;2026-08-30
FR0000063976;STREIT MECANIQUE;MLSTR;Euronext Access Paris;EUR;FR;Common Stock;OUI;ACTION_EEE;action ordinaire (Common Stock) émise dans l'EEE;2026-08-30
FR0000064164;EXACOMPTA CLAIREF.;ALEXA;Euronext Growth Paris;EUR;FR;Common Stock;OUI;ACTION_EEE;action ordinaire (Common Stock) émise dans l'EEE;2026-08-30
FR0000064271;STEF;STF;Euronext Paris;EUR;FR;Common Stock;OUI;ACTION_EEE;action ordinaire (Common Stock) émise dans l'EEE;2026-08-30
FR0000064297;INNELEC MULTIMEDIA;ALINN;Euronext Growth Paris;EUR;FR;Common Stock;OUI;ACTION_EEE;action ordinaire (Common Stock) émise dans l'EEE;2026-08-30
FR0000064446;CATERING INTL SCES;ALCIS;Euronext Growth Paris;EUR;FR;Common Stock;OUI;ACTION_EEE;action ordinaire (Common Stock) émise dans l'EEE;2026-08-30
FR0000064529;NSC GROUPE;ALNSC;Euronext Growth Paris;EUR;FR;Common Stock;OUI;ACTION_EEE;action ordinaire (Common Stock) émise dans l'EEE;2026-08-30
FR0000064578;COVIVIO;COV;Euronext Paris | Trading After Hours | EuroTLX;EUR;FR;REIT;NON;REGIME_FONCIER;foncière cotée (SIIC ou régime européen équivalent) : exclue du PEA depuis le 21 octobre 2011;2026-08-30
FR0000064602;ACANTHE DEV.;ACAN;Euronext Paris;EUR;FR;REIT;NON;REGIME_FONCIER;foncière cotée (SIIC ou régime européen équivalent) : exclue du PEA depuis le 21 octobre 2011;2026-08-30
FR0000064735;HYDRAULIQUEHOLDING;MLHYD;Euronext Access Paris;EUR;FR;Common Stock;OUI;ACTION_EEE;action ordinaire (Common Stock) émise dans l'EEE;2026-08-30
FR0000064784;PEUGEOT INVEST;PEUG;Euronext Paris;EUR;FR;Common Stock;OUI;ACTION_EEE;action ordinaire (Common Stock) émise dans l'EEE;2026-08-30
FR0000064958;INTEXA;ITXT;Euronext Paris;EUR;FR;Common Stock;OUI;ACTION_EEE;action ordinaire (Common Stock) émise dans l'EEE;2026-08-30
FR0000065260;DOCK.PETR.AMBES AM;DPAM;Euronext Paris;EUR;FR;Common Stock;OUI;ACTION_EEE;action ordinaire (Common Stock) émise dans l'EEE;2026-08-30
FR0000065278;HOPSCOTCH GROUPE;ALHOP;Euronext Growth Paris;EUR;FR;Common Stock;OUI;ACTION_EEE;action ordinaire (Common Stock) émise dans l'EEE;2026-08-30
FR0000065393;COURTOIS;COUR;Euronext Paris;EUR;FR;Common Stock;OUI;ACTION_EEE;action ordinaire (Common Stock) émise dans l'EEE;2026-08-30
FR0000065484;LECTRA;LSS;Euronext Paris;EUR;FR;Common Stock;OUI;ACTION_EEE;action ordinaire (Common Stock) émise dans l'EEE;2026-08-30
FR0000065492;SELCODIS;SLCO;Euronext Paris;EUR;FR;Common Stock;OUI;ACTION_EEE;action ordinaire (Common Stock) émise dans l'EEE;2026-08-30
FR0000065773;IMPRIMERIE CHIRAT;MLIMP;Euronext Access Paris;EUR;FR;Common Stock;OUI;ACTION_EEE;action ordinaire (Common Stock) émise dans l'EEE;2026-08-30
FR0000065864;SOGECLAIR;ALSOG;Euronext Growth Paris;EUR;FR;Common Stock;OUI;ACTION_EEE;action ordinaire (Common Stock) émise dans l'EEE;2026-08-30
FR0000065930;FONCIERE 7 INVEST;LEBL;Euronext Paris;EUR;FR;Common Stock;OUI;ACTION_EEE;action ordinaire (Common Stock) émise dans l'EEE;2026-08-30
FR0000065971;GRAINES VOLTZ;GRVO;Euronext Paris;EUR;FR;Common Stock;OUI;ACTION_EEE;action ordinaire (Common Stock) émise dans l'EEE;2026-08-30
FR0000066441;POUJOULAT;ALPJT;Euronext Growth Paris;EUR;FR;Common Stock;OUI;ACTION_EEE;action ordinaire (Common Stock) émise dans l'EEE;2026-08-30
FR0000066540;HERIGE;ALHRG;Euronext Growth Paris;EUR;FR;Common Stock;OUI;ACTION_EEE;action ordinaire (Common Stock) émise dans l'EEE;2026-08-30
FR0000066607;LACROIX GROUP;LACR;Euronext Paris;EUR;FR;Common Stock;OUI;ACTION_EEE;action ordinaire (Common Stock) émise dans l'EEE;2026-08-30
FR0000066672;GL EVENTS;GLO;Euronext Paris;EUR;FR;Common Stock;OUI;ACTION_EEE;action ordinaire (Common Stock) émise dans l'EEE;2026-08-30
FR0000066722;GUILLEMOT;GUI;Euronext Paris;EUR;FR;Common Stock;OUI;ACTION_EEE;action ordinaire (Common Stock) émise dans l'EEE;2026-08-30
FR0000066755;HAULOTTE GROUP;PIG;Euronext Paris;EUR;FR;Common Stock;OUI;ACTION_EEE;action ordinaire (Common Stock) émise dans l'EEE;2026-08-30
FR0000066961;BERNARD LOISEAU;ALDBL;Euronext Growth Paris;EUR;FR;Common Stock;OUI;ACTION_EEE;action ordinaire (Common Stock) émise dans l'EEE;2026-08-30
FR0000071797;INFOTEL;INF;Euronext Paris;EUR;FR;Common Stock;OUI;ACTION_EEE;action ordinaire (Common Stock) émise dans l'EEE;2026-08-30
FR0000071946;ALTEN;2ATE;Trading After Hours | Euronext Paris;EUR;FR;Common Stock;OUI;ACTION_EEE;action ordinaire (Common Stock) émise dans l'EEE;2026-08-30
FR0000072373;EGIDE;ALGID;Euronext Growth Paris;EUR;FR;Common Stock;OUI;ACTION_EEE;action ordinaire (Common Stock) émise dans l'EEE;2026-08-30
FR0000072597;IT LINK;ALITL;Euronext Growth Paris;EUR;FR;Common Stock;OUI;ACTION_EEE;action ordinaire (Common Stock) émise dans l'EEE;2026-08-30
FR0000073041;PIERRE VACANCES;VAC;Euronext Paris;EUR;FR;Common Stock;OUI;ACTION_EEE;action ordinaire (Common Stock) émise dans l'EEE;2026-08-30
FR0000073272;SAFRAN;2SAF;Trading After Hours | EuroTLX | Euronext Paris;EUR;FR;Common Stock;OUI;ACTION_EEE;action ordinaire (Common Stock) émise dans l'EEE;2026-08-30
FR0000073298;IPSOS;2IPS;Trading After Hours | Euronext Paris;EUR;FR;Common Stock;OUI;ACTION_EEE;action ordinaire (Common Stock) émise dans l'EEE;2026-08-30
FR0000074072;BIGBEN INTERACTIVE;BIG;Euronext Paris;EUR;FR;Common Stock;OUI;ACTION_EEE;action ordinaire (Common Stock) émise dans l'EEE;2026-08-30
FR0000074148;ASSYSTEM;ASY;Euronext Paris;EUR;FR;Common Stock;OUI;ACTION_EEE;action ordinaire (Common Stock) émise dans l'EEE;2026-08-30
FR0000074197;UNION TECH.INFOR.;FPG;Euronext Paris;EUR;FR;Common Stock;OUI;ACTION_EEE;action ordinaire (Common Stock) émise dans l'EEE;2026-08-30
FR0000074254;BOURSE DIRECT;BSD;Euronext Paris;EUR;FR;Common Stock;OUI;ACTION_EEE;action ordinaire (Common Stock) émise dans l'EEE;2026-08-30
FR0000074759;FLEURY MICHON;ALFLE;Euronext Growth Paris;EUR;FR;Common Stock;OUI;ACTION_EEE;action ordinaire (Common Stock) émise dans l'EEE;2026-08-30
FR0000074775;STRADIM ESPAC.FIN;ALSAS;Euronext Growth Paris;EUR;FR;Common Stock;OUI;ACTION_EEE;action ordinaire (Common Stock) émise dans l'EEE;2026-08-30
FR0000074783;ARTMARKET COM;PRC;Euronext Paris;EUR;FR;Common Stock;OUI;ACTION_EEE;action ordinaire (Common Stock) émise dans l'EEE;2026-08-30
FR0000075343;LABO EUROMEDIS;ALEMG;Euronext Growth Paris;EUR;FR;Common Stock;OUI;ACTION_EEE;action ordinaire (Common Stock) émise dans l'EEE;2026-08-30
FR0000075442;GROUPE LDLC;ALLDL;Euronext Growth Paris;EUR;FR;Common Stock;OUI;ACTION_EEE;action ordinaire (Common Stock) émise dans l'EEE;2026-08-30
FR0000075954;RIBER;ALRIB;Euronext Growth Paris;EUR;FR;Common Stock;OUI;ACTION_EEE;action ordinaire (Common Stock) émise dans l'EEE;2026-08-30
FR0000076655;ACTIA GROUP;ALATI;Euronext Growth Paris;EUR;FR;Common Stock;OUI;ACTION_EEE;action ordinaire (Common Stock) émise dans l'EEE;2026-08-30
FR0000076861;ACTEOS;EOS;Euronext Paris;EUR;FR;Common Stock;OUI;ACTION_EEE;action ordinaire (Common Stock) émise dans l'EEE;2026-08-30
FR0000076952;ARTOIS NOM.;ARTO;Euronext Paris;EUR;FR;Common Stock;OUI;ACTION_EEE;action ordinaire (Common Stock) émise dans l'EEE;2026-08-30
FR0000076960;GROUPE CARNIVOR;MLGRC;Euronext Access Paris;EUR;FR;Common Stock;OUI;ACTION_EEE;action ordinaire (Common Stock) émise dans l'EEE;2026-08-30
FR0000077828;CONSORT NT;MLCNT;Euronext Access Paris;EUR;FR;Common Stock;OUI;ACTION_EEE;action ordinaire (Common Stock) émise dans l'EEE;2026-08-30
FR0000077885;DAMARIS;MLDAM;Euronext Access Paris;EUR;FR;Common Stock;OUI;ACTION_EEE;action ordinaire (Common Stock) émise dans l'EEE;2026-08-30
FR0000077919;JCDECAUX;2DEC;Trading After Hours | Euronext Paris;EUR;FR;Common Stock;OUI;ACTION_EEE;action ordinaire (Common Stock) émise dans l'EEE;2026-08-30
FR0000077992;PACTE NOVATION;MLPAC;Euronext Access Paris;EUR;FR;Common Stock;OUI;ACTION_EEE;action ordinaire (Common Stock) émise dans l'EEE;2026-08-30
FR0000078321;SODITECH;ALSEC;Euronext Growth Paris;EUR;FR;Common Stock;OUI;ACTION_EEE;action ordinaire (Common Stock) émise dans l'EEE;2026-08-30
FR0000079147;U10 CORP;ALU10;Euronext Growth Paris;EUR;FR;Common Stock;OUI;ACTION_EEE;action ordinaire (Common Stock) émise dans l'EEE;2026-08-30
FR0000079691;IDS;MLIDS;Euronext Access Paris;EUR;FR;Common Stock;OUI;ACTION_EEE;action ordinaire (Common Stock) émise dans l'EEE;2026-08-30
FR0000120073;AIR LIQUIDE;AI;Euronext Paris | Trading After Hours | EuroTLX;EUR;FR;Common Stock;OUI;ACTION_EEE;action ordinaire (Common Stock) émise dans l'EEE;2026-08-30
FR0000120107;SAVENCIA;SAVE;Euronext Paris;EUR;FR;Common Stock;OUI;ACTION_EEE;action ordinaire (Common Stock) émise dans l'EEE;2026-08-30
FR0000120172;CARREFOUR;4CA;EuroTLX | Trading After Hours | Euronext Paris;EUR;FR;Common Stock;OUI;ACTION_EEE;action ordinaire (Common Stock) émise dans l'EEE;2026-08-30
FR0000120271;TOTALENERGIES;2TTE;Trading After Hours | Euronext Paris, Brussels | EuroTLX;EUR;FR;Common Stock;OUI;ACTION_EEE;action ordinaire (Common Stock) émise dans l'EEE;2026-08-30
FR0000120321;L'OREAL;4OR;EuroTLX | Euronext Paris | Trading After Hours;EUR;FR;Common Stock;OUI;ACTION_EEE;action ordinaire (Common Stock) émise dans l'EEE;2026-08-30
FR0000120404;ACCOR;AC;Euronext Paris | Trading After Hours | EuroTLX | Euronext Paris - Multi-currency Trading;EUR;FR;Common Stock;OUI;ACTION_EEE;action ordinaire (Common Stock) émise dans l'EEE;2026-08-30
FR0000120503;BOUYGUES;2EN;Trading After Hours | EuroTLX | Euronext Paris;EUR;FR;Common Stock;OUI;ACTION_EEE;action ordinaire (Common Stock) émise dans l'EEE;2026-08-30
FR0000120560;QUADIENT;QDT;Euronext Paris;EUR;FR;Common Stock;OUI;ACTION_EEE;action ordinaire (Common Stock) émise dans l'EEE;2026-08-30
FR0000120578;SANOFI;2SAN;Trading After Hours | EuroTLX | Euronext Global Equity Market | Euronext Paris;EUR;FR;Common Stock;OUI;ACTION_EEE;action ordinaire (Common Stock) émise dans l'EEE;2026-08-30
FR0000120628;AXA;1CS;Euronext Global Equity Market | EuroTLX | Euronext Paris | Trading After Hours;EUR;FR;Common Stock;OUI;ACTION_EEE;action ordinaire (Common Stock) émise dans l'EEE;2026-08-30
FR0000120644;DANONE;2BN;Trading After Hours | Euronext Paris | EuroTLX;EUR;FR;Common Stock;OUI;ACTION_EEE;action ordinaire (Common Stock) émise dans l'EEE;2026-08-30
FR0000120669;North Atlantic En.;NAE;Euronext Paris;EUR;FR;Common Stock;OUI;ACTION_EEE;action ordinaire (Common Stock) émise dans l'EEE;2026-08-30
FR0000120693;PERNOD RICARD;4RI;EuroTLX | Euronext Paris | Trading After Hours;EUR;FR;Common Stock;OUI;ACTION_EEE;action ordinaire (Common Stock) émise dans l'EEE;2026-08-30
FR0000120859;IMERYS;2NK;Trading After Hours | Euronext Paris;EUR;FR;Common Stock;OUI;ACTION_EEE;action ordinaire (Common Stock) émise dans l'EEE;2026-08-30
FR0000120966;BIC;BB;Euronext Paris | Trading After Hours;EUR;FR;Common Stock;OUI;ACTION_EEE;action ordinaire (Common Stock) émise dans l'EEE;2026-08-30
FR0000121014;LVMH;2MC;Trading After Hours | EuroTLX | Euronext Paris | Euronext Global Equity Market;EUR;FR;Common Stock;OUI;ACTION_EEE;action ordinaire (Common Stock) émise dans l'EEE;2026-08-30
FR0000121121;EURAZEO;2RF;Trading After Hours | Euronext Paris;EUR;FR;Common Stock;OUI;ACTION_EEE;action ordinaire (Common Stock) émise dans l'EEE;2026-08-30
FR0000121147;FORVIA;2FRVIA;Trading After Hours | EuroTLX | Euronext Global Equity Market | Euronext Paris;EUR;FR;Common Stock;OUI;ACTION_EEE;action ordinaire (Common Stock) émise dans l'EEE;2026-08-30
FR0000121204;WENDEL;2MF;Trading After Hours | Euronext Paris;EUR;FR;Common Stock;OUI;ACTION_EEE;action ordinaire (Common Stock) émise dans l'EEE;2026-08-30
FR0000121220;SODEXO;2SW;Trading After Hours | Euronext Paris | EuroTLX;EUR;FR;Common Stock;OUI;ACTION_EEE;action ordinaire (Common Stock) émise dans l'EEE;2026-08-30
FR0000121295;LEBON;ALBON;Euronext Growth Paris;EUR;FR;Common Stock;OUI;ACTION_EEE;action ordinaire (Common Stock) émise dans l'EEE;2026-08-30
FR0000121329;THALES;2HO;Trading After Hours | Euronext Paris | EuroTLX;EUR;FR;Common Stock;OUI;ACTION_EEE;action ordinaire (Common Stock) émise dans l'EEE;2026-08-30
FR0000121485;KERING;1KER;Euronext Global Equity Market | EuroTLX | Euronext Paris | Trading After Hours;EUR;FR;Common Stock;OUI;ACTION_EEE;action ordinaire (Common Stock) émise dans l'EEE;2026-08-30
FR0000121667;ESSILORLUXOTTICA;2EL;Trading After Hours | EuroTLX | Euronext Paris | Euronext Global Equity Market;EUR;FR;Common Stock;OUI;ACTION_EEE;action ordinaire (Common Stock) émise dans l'EEE;2026-08-30
FR0000121691;NRJ GROUP;NRG;Euronext Paris;EUR;FR;Common Stock;OUI;ACTION_EEE;action ordinaire (Common Stock) émise dans l'EEE;2026-08-30
FR0000121709;S.E.B.;2SK;Trading After Hours | Euronext Paris;EUR;FR;Common Stock;OUI;ACTION_EEE;action ordinaire (Common Stock) émise dans l'EEE;2026-08-30
FR0000121964;KLEPIERRE;2LI;Trading After Hours | Euronext Paris | EuroTLX;EUR;FR;REIT;NON;REGIME_FONCIER;foncière cotée (SIIC ou régime européen équivalent) : exclue du PEA depuis le 21 octobre 2011;2026-08-30
FR0000121972;SCHNEIDER ELECTRIC;2SU;Trading After Hours | Euronext Paris | EuroTLX;EUR;FR;Common Stock;OUI;ACTION_EEE;action ordinaire (Common Stock) émise dans l'EEE;2026-08-30
FR0000124141;VEOLIA ENVIRON;4VIE;EuroTLX | Trading After Hours | Euronext Paris;EUR;FR;Common Stock;OUI;ACTION_EEE;action ordinaire (Common Stock) émise dans l'EEE;2026-08-30
FR0000124414;GASCOGNE;ALBI;Euronext Growth Paris;EUR;FR;Common Stock;OUI;ACTION_EEE;action ordinaire (Common Stock) émise dans l'EEE;2026-08-30
FR0000124570;OPMOBILITY;OPM;Euronext Paris | Trading After Hours;EUR;FR;Common Stock;OUI;ACTION_EEE;action ordinaire (Common Stock) émise dans l'EEE;2026-08-30
FR0000125007;SAINT GOBAIN;2SGO;Trading After Hours | Euronext Paris, Amsterdam, Brussels | EuroTLX;EUR;FR;Common Stock;OUI;ACTION_EEE;action ordinaire (Common Stock) émise dans l'EEE;2026-08-30
FR0000125338;CAPGEMINI;4CAP;EuroTLX | Euronext Paris | Trading After Hours;EUR;FR;Common Stock;OUI;ACTION_EEE;action ordinaire (Common Stock) émise dans l'EEE;2026-08-30
FR0000125486;VINCI;2DG;Trading After Hours | Euronext Paris | EuroTLX;EUR;FR;Common Stock;OUI;ACTION_EEE;action ordinaire (Common Stock) émise dans l'EEE;2026-08-30
FR0000127771;VIVENDI;1VIV;Euronext Global Equity Market | EuroTLX | Trading After Hours | Euronext Paris;EUR;FR;Common Stock;OUI;ACTION_EEE;action ordinaire (Common Stock) émise dans l'EEE;2026-08-30
FR0000130213;LAGARDERE SA;MMB;Euronext Paris;EUR;FR;Common Stock;OUI;ACTION_EEE;action ordinaire (Common Stock) émise dans l'EEE;2026-08-30
FR0000130395;REMY COINTREAU;RCO;Euronext Paris | Trading After Hours;EUR;FR;Common Stock;OUI;ACTION_EEE;action ordinaire (Common Stock) émise dans l'EEE;2026-08-30
FR0000130403;CHRISTIAN DIOR;CDI;Euronext Paris;EUR;FR;Common Stock;OUI;ACTION_EEE;action ordinaire (Common Stock) émise dans l'EEE;2026-08-30
FR0000130452;EIFFAGE;2FGR;Trading After Hours | Euronext Paris | Euronext Paris - Multi-currency Trading;EUR;FR;Common Stock;OUI;ACTION_EEE;action ordinaire (Common Stock) émise dans l'EEE;2026-08-30
FR0000130577;PUBLICIS GROUPE;4PUB;EuroTLX | Trading After Hours | Euronext Paris;EUR;FR;Common Stock;OUI;ACTION_EEE;action ordinaire (Common Stock) émise dans l'EEE;2026-08-30
FR0000130692;CIECHARGEURSINVEST;CRI;Euronext Paris;EUR;FR;Common Stock;OUI;ACTION_EEE;action ordinaire (Common Stock) émise dans l'EEE;2026-08-30
FR0000130809;SOCIETE GENERALE;4GLE;EuroTLX | Trading After Hours | Euronext Paris | Euronext Global Equity Market;EUR;FR;Common Stock;OUI;ACTION_EEE;action ordinaire (Common Stock) émise dans l'EEE;2026-08-30
FR0000131104;BNP PARIBAS;2BNP;Trading After Hours | EuroTLX | Euronext Global Equity Market | Euronext Paris;EUR;FR;Common Stock;OUI;ACTION_EEE;action ordinaire (Common Stock) émise dans l'EEE;2026-08-30
FR0000131757;ERAMET;2ERA;Trading After Hours | Euronext Paris;EUR;FR;Common Stock;OUI;ACTION_EEE;action ordinaire (Common Stock) émise dans l'EEE;2026-08-30
FR0000131906;RENAULT;4RNO;EuroTLX | Euronext Global Equity Market | Euronext Paris | Trading After Hours;EUR;FR;Common Stock;OUI;ACTION_EEE;action ordinaire (Common Stock) émise dans l'EEE;2026-08-30
FR0000133308;ORANGE;ORA;Euronext Paris | EuroTLX | Euronext Global Equity Market | Trading After Hours;EUR;FR;Common Stock;OUI;ACTION_EEE;action ordinaire (Common Stock) émise dans l'EEE;2026-08-30
FR0000185423;DAMARTEX;ALDAR;Euronext Growth Paris;EUR;FR;Common Stock;OUI;ACTION_EEE;action ordinaire (Common Stock) émise dans l'EEE;2026-08-30
FR0000185464;NOVATECH IND.;MLNOV;Euronext Access Paris;EUR;FR;Common Stock;OUI;ACTION_EEE;action ordinaire (Common Stock) émise dans l'EEE;2026-08-30
FR0000185480;PHONE WEB;MLPHW;Euronext Access Paris;EUR;FR;Common Stock;OUI;ACTION_EEE;action ordinaire (Common Stock) émise dans l'EEE;2026-08-30
FR0000185506;CRCAM ATL.VEND.CCI;CRAV;Euronext Paris;EUR;FR;Common Stock;OUI;ACTION_EEE;action ordinaire (Common Stock) émise dans l'EEE;2026-08-30
FR0000185514;CRCAM NORD CCI;CNDF;Euronext Paris;EUR;FR;Common Stock;OUI;ACTION_EEE;action ordinaire (Common Stock) émise dans l'EEE;2026-08-30
FR0004007813;KAUFMAN ET BROAD;KOF;Euronext Paris;EUR;FR;Common Stock;OUI;ACTION_EEE;action ordinaire (Common Stock) émise dans l'EEE;2026-08-30
FR0004010338;GROUPE JAJ;GJAJ;Euronext Paris;EUR;FR;Common Stock;OUI;ACTION_EEE;action ordinaire (Common Stock) émise dans l'EEE;2026-08-30
FR0004016699;SMTPC;ALTPC;Euronext Growth Paris;EUR;FR;Common Stock;OUI;ACTION_EEE;action ordinaire (Common Stock) émise dans l'EEE;2026-08-30
FR0004023208;BASSAC;BASS;Euronext Paris;EUR;FR;Common Stock;OUI;ACTION_EEE;action ordinaire (Common Stock) émise dans l'EEE;2026-08-30
FR0004024222;INTERPARFUMS;2ITP;Trading After Hours | Euronext Paris;EUR;FR;Common Stock;OUI;ACTION_EEE;action ordinaire (Common Stock) émise dans l'EEE;2026-08-30
FR0004027068;LANSON-BCC;ALLAN;Euronext Growth Paris;EUR;FR;Common Stock;OUI;ACTION_EEE;action ordinaire (Common Stock) émise dans l'EEE;2026-08-30
FR0004029411;KEYRUS;ALKEY;Euronext Growth Paris;EUR;FR;Common Stock;OUI;ACTION_EEE;action ordinaire (Common Stock) émise dans l'EEE;2026-08-30
FR0004030708;ENCRES DUBUIT;ALDUB;Euronext Growth Paris;EUR;FR;Common Stock;OUI;ACTION_EEE;action ordinaire (Common Stock) émise dans l'EEE;2026-08-30
FR0004031763;COHERIS;COH;Euronext Paris;EUR;FR;Common Stock;OUI;ACTION_EEE;action ordinaire (Common Stock) émise dans l'EEE;2026-08-30
FR0004034072;XILAM ANIMATION;ALXIL;Euronext Growth Paris;EUR;FR;Common Stock;OUI;ACTION_EEE;action ordinaire (Common Stock) émise dans l'EEE;2026-08-30
FR0004034320;MR BRICOLAGE;ALMRB;Euronext Growth Paris;EUR;FR;Common Stock;OUI;ACTION_EEE;action ordinaire (Common Stock) émise dans l'EEE;2026-08-30
FR0004038263;PARROT;PARRO;Euronext Paris;EUR;FR;Common Stock;OUI;ACTION_EEE;action ordinaire (Common Stock) émise dans l'EEE;2026-08-30
FR0004040608;ABC ARBITRAGE;ABCA;Euronext Paris;EUR;FR;Common Stock;OUI;ACTION_EEE;action ordinaire (Common Stock) émise dans l'EEE;2026-08-30
FR0004044600;PRISMAFLEX INTL;ALPRI;Euronext Growth Paris;EUR;FR;Common Stock;OUI;ACTION_EEE;action ordinaire (Common Stock) émise dans l'EEE;2026-08-30
FR0004045847;VOYAGEURS DU MONDE;ALVDM;Euronext Growth Paris;EUR;FR;Common Stock;OUI;ACTION_EEE;action ordinaire (Common Stock) émise dans l'EEE;2026-08-30
FR0004050250;NEURONES;NRO;Euronext Paris;EUR;FR;Common Stock;OUI;ACTION_EEE;action ordinaire (Common Stock) émise dans l'EEE;2026-08-30
FR0004052561;PROACTIS SA;PROAC;Euronext Paris;EUR;FR;Common Stock;OUI;ACTION_EEE;action ordinaire (Common Stock) émise dans l'EEE;2026-08-30
FR0004053510;GENOWAY;ALGEN;Euronext Growth Paris;EUR;FR;Common Stock;OUI;ACTION_EEE;action ordinaire (Common Stock) émise dans l'EEE;2026-08-30
FR0004056851;VALNEVA;4VLA;EuroTLX | Euronext Paris | Trading After Hours;EUR;FR;Common Stock;OUI;ACTION_EEE;action ordinaire (Common Stock) émise dans l'EEE;2026-08-30
FR0004065605;MEDINCELL;MEDCL;Euronext Paris;EUR;FR;Common Stock;OUI;ACTION_EEE;action ordinaire (Common Stock) émise dans l'EEE;2026-08-30
FR0004065639;NSE;ALNSE;Euronext Growth Paris;EUR;FR;Common Stock;OUI;ACTION_EEE;action ordinaire (Common Stock) émise dans l'EEE;2026-08-30
FR0004070795;ARDOIN ST AMAND B;ARDO;Euronext Access Paris;EUR;FR;Common Stock;OUI;ACTION_EEE;action ordinaire (Common Stock) émise dans l'EEE;2026-08-30
FR0004125920;AMUNDI;2AMUN;Trading After Hours | EuroTLX | Euronext Paris;EUR;FR;Common Stock;OUI;ACTION_EEE;action ordinaire (Common Stock) émise dans l'EEE;2026-08-30
FR0004153930;ATON;ALTAO;Euronext Growth Paris;EUR;FR;Common Stock;OUI;ACTION_EEE;action ordinaire (Common Stock) émise dans l'EEE;2026-08-30
FR0004154060;NETGEM;ALNTG;Euronext Growth Paris;EUR;FR;Common Stock;OUI;ACTION_EEE;action ordinaire (Common Stock) émise dans l'EEE;2026-08-30
FR0004155000;GROUPE SFPI;SFPI;Euronext Paris;EUR;FR;Common Stock;OUI;ACTION_EEE;action ordinaire (Common Stock) émise dans l'EEE;2026-08-30
FR0004155208;LOCASYSTEM INTL;MLLOI;Euronext Access Paris;EUR;FR;Common Stock;OUI;ACTION_EEE;action ordinaire (Common Stock) émise dans l'EEE;2026-08-30
FR0004155687;MASTRAD;ALMAS;Euronext Growth Paris;EUR;FR;Common Stock;OUI;ACTION_EEE;action ordinaire (Common Stock) émise dans l'EEE;2026-08-30
FR0004156297;LINEDATA SERVICES;LIN;Euronext Paris;EUR;FR;Common Stock;OUI;ACTION_EEE;action ordinaire (Common Stock) émise dans l'EEE;2026-08-30
FR0004159473;HEXAOM;ALHEX;Euronext Growth Paris;EUR;FR;Common Stock;OUI;ACTION_EEE;action ordinaire (Common Stock) émise dans l'EEE;2026-08-30
FR0004163111;GENFIT;GNFT;Euronext Paris;EUR;FR;Common Stock;OUI;ACTION_EEE;action ordinaire (Common Stock) émise dans l'EEE;2026-08-30
FR0004165801;HOTELS DE PARIS;HDP;Euronext Paris;EUR;FR;Common Stock;OUI;ACTION_EEE;action ordinaire (Common Stock) émise dans l'EEE;2026-08-30
FR0004170017;LNA SANTE;LNA;Euronext Paris;EUR;FR;Common Stock;OUI;ACTION_EEE;action ordinaire (Common Stock) émise dans l'EEE;2026-08-30
FR0004171346;NEXTEDIA;ALNXT;Euronext Growth Paris;EUR;FR;Common Stock;OUI;ACTION_EEE;action ordinaire (Common Stock) émise dans l'EEE;2026-08-30
FR0004172450;MINT;ALMIN;Euronext Growth Paris;EUR;FR;Common Stock;OUI;ACTION_EEE;action ordinaire (Common Stock) émise dans l'EEE;2026-08-30
FR0004174233;BILENDI;ALBLD;Euronext Growth Paris;EUR;FR;Common Stock;OUI;ACTION_EEE;action ordinaire (Common Stock) émise dans l'EEE;2026-08-30
FR0004174712;ONLINEFORMAPRO;MLONL;Euronext Access Paris;EUR;FR;Common Stock;OUI;ACTION_EEE;action ordinaire (Common Stock) émise dans l'EEE;2026-08-30
FR0004175842;SELECTIRENTE;SELER;Euronext Paris;EUR;FR;REIT;NON;REGIME_FONCIER;foncière cotée (SIIC ou régime européen équivalent) : exclue du PEA depuis le 21 octobre 2011;2026-08-30
FR0004180578;SWORD GROUP;SWP;Euronext Paris;EUR;FR;Common Stock;OUI;ACTION_EEE;action ordinaire (Common Stock) émise dans l'EEE;2026-08-30
FR0004186856;VETOQUINOL;VETO;Euronext Paris;EUR;FR;Common Stock;OUI;ACTION_EEE;action ordinaire (Common Stock) émise dans l'EEE;2026-08-30
FR0004187367;FREELANCE.COM;ALFRE;Euronext Growth Paris;EUR;FR;Common Stock;OUI;ACTION_EEE;action ordinaire (Common Stock) émise dans l'EEE;2026-08-30
FR0004527638;EXEL INDUSTRIES;EXE;Euronext Paris;EUR;FR;Common Stock;OUI;ACTION_EEE;action ordinaire (Common Stock) émise dans l'EEE;2026-08-30
FR0004998318;COURBET HERITAGE;MLCOU;Euronext Access Paris;EUR;FR;Common Stock;OUI;ACTION_EEE;action ordinaire (Common Stock) émise dans l'EEE;2026-08-30
FR0005057635;ARDOIN ST AMAND A;MLARD;Euronext Access Paris;EUR;FR;Common Stock;OUI;ACTION_EEE;action ordinaire (Common Stock) émise dans l'EEE;2026-08-30
FR0005175080;TRANSGENE;TNG;Euronext Paris;EUR;FR;Common Stock;OUI;ACTION_EEE;action ordinaire (Common Stock) émise dans l'EEE;2026-08-30
FR0005691656;TRIGANO;TRI;Euronext Paris | Trading After Hours;EUR;FR;Common Stock;OUI;ACTION_EEE;action ordinaire (Common Stock) émise dans l'EEE;2026-08-30
FR0005843125;HYDRO-EXPLOIT.;MLHYE;Euronext Access Paris;EUR;FR;Common Stock;OUI;ACTION_EEE;action ordinaire (Common Stock) émise dans l'EEE;2026-08-30
FR0005854700;I2S;ALI2S;Euronext Growth Paris;EUR;FR;Common Stock;OUI;ACTION_EEE;action ordinaire (Common Stock) émise dans l'EEE;2026-08-30
FR0006174348;BUREAU VERITAS;BVI;Euronext Paris | Trading After Hours;EUR;FR;Common Stock;OUI;ACTION_EEE;action ordinaire (Common Stock) émise dans l'EEE;2026-08-30
FR0006205019;LOMBARD ET MEDOT;MLCAC;Euronext Access Paris;EUR;FR;Common Stock;OUI;ACTION_EEE;action ordinaire (Common Stock) émise dans l'EEE;2026-08-30
FR0006239109;SCBSM;CBSM;Euronext Paris;EUR;FR;REIT;NON;REGIME_FONCIER;foncière cotée (SIIC ou régime européen équivalent) : exclue du PEA depuis le 21 octobre 2011;2026-08-30
FR0006563904;HOTL.IMMOB.NICE;MLHIN;Euronext Access Paris;EUR;FR;Common Stock;OUI;ACTION_EEE;action ordinaire (Common Stock) émise dans l'EEE;2026-08-30
FR0006859039;IMM.PARIS.PERLE;MLIPP;Euronext Access Paris;EUR;FR;Common Stock;OUI;ACTION_EEE;action ordinaire (Common Stock) émise dans l'EEE;2026-08-30
FR0006864484;LAURENT-PERRIER;LPE;Euronext Paris;EUR;FR;Common Stock;OUI;ACTION_EEE;action ordinaire (Common Stock) émise dans l'EEE;2026-08-30
FR0007080254;LES HOTELS BAVEREZ;ALLHB;Euronext Growth Paris;EUR;FR;Common Stock;OUI;ACTION_EEE;action ordinaire (Common Stock) émise dans l'EEE;2026-08-30
FR0007200100;EAUX DE ROYAN;MLEDR;Euronext Access Paris;EUR;FR;Common Stock;OUI;ACTION_EEE;action ordinaire (Common Stock) émise dans l'EEE;2026-08-30
FR0010035816;COREP LIGHTING;MLCOR;Euronext Access Paris;EUR;FR;Common Stock;OUI;ACTION_EEE;action ordinaire (Common Stock) émise dans l'EEE;2026-08-30
FR0010040865;GECINA;GFC;Euronext Paris | Trading After Hours;EUR;FR;REIT;NON;REGIME_FONCIER;foncière cotée (SIIC ou régime européen équivalent) : exclue du PEA depuis le 21 octobre 2011;2026-08-30
FR0010086371;IMALLIANCE;MLIML;Euronext Access Paris;EUR;FR;Common Stock;OUI;ACTION_EEE;action ordinaire (Common Stock) émise dans l'EEE;2026-08-30
FR0010095596;VALERIO TX;ALVIO;Euronext Growth Paris;EUR;FR;Common Stock;OUI;ACTION_EEE;action ordinaire (Common Stock) émise dans l'EEE;2026-08-30
FR0010106039;BODY ONE;MLONE;Euronext Access Paris;EUR;FR;Common Stock;OUI;ACTION_EEE;action ordinaire (Common Stock) émise dans l'EEE;2026-08-30
FR0010112524;NEXITY;2NXI;Trading After Hours | Euronext Paris;EUR;FR;Common Stock;OUI;ACTION_EEE;action ordinaire (Common Stock) émise dans l'EEE;2026-08-30
FR0010120402;THERACLION;ALTHE;Euronext Growth Paris;EUR;FR;Common Stock;OUI;ACTION_EEE;action ordinaire (Common Stock) émise dans l'EEE;2026-08-30
FR0010131409;WALLIX;ALLIX;Euronext Growth Paris;EUR;FR;Common Stock;OUI;ACTION_EEE;action ordinaire (Common Stock) émise dans l'EEE;2026-08-30
FR0010151589;CAFOM;ALCAF;Euronext Growth Paris;EUR;FR;Common Stock;OUI;ACTION_EEE;action ordinaire (Common Stock) émise dans l'EEE;2026-08-30
FR0010157115;EUROLAND CORPORATE;ALERO;Euronext Growth Paris;EUR;FR;Common Stock;OUI;ACTION_EEE;action ordinaire (Common Stock) émise dans l'EEE;2026-08-30
FR0010169920;PREDILIFE;ALPRE;Euronext Growth Paris;EUR;FR;Common Stock;OUI;ACTION_EEE;action ordinaire (Common Stock) émise dans l'EEE;2026-08-30
FR0010193052;CATANA GROUP;ALCAT;Euronext Growth Paris;EUR;FR;Common Stock;OUI;ACTION_EEE;action ordinaire (Common Stock) émise dans l'EEE;2026-08-30
FR0010193979;CBO TERRITORIA;CBOT;Euronext Paris;EUR;FR;Common Stock;OUI;ACTION_EEE;action ordinaire (Common Stock) émise dans l'EEE;2026-08-30
FR0010202606;SIDETRADE;ALBFR;Euronext Growth Paris;EUR;FR;Common Stock;OUI;ACTION_EEE;action ordinaire (Common Stock) émise dans l'EEE;2026-08-30
FR0010204453;MG INTERNATIONAL;ALMGI;Euronext Growth Paris;EUR;FR;Common Stock;OUI;ACTION_EEE;action ordinaire (Common Stock) émise dans l'EEE;2026-08-30
FR0010208488;ENGIE;2ENGI;Trading After Hours | EuroTLX | Euronext Paris, Brussels | Euronext Global Equity Market;EUR;FR;Common Stock;OUI;ACTION_EEE;action ordinaire (Common Stock) émise dans l'EEE;2026-08-30
FR0010209809;SOC FRANC CASINOS;SFCA;Euronext Paris;EUR;FR;Common Stock;OUI;ACTION_EEE;action ordinaire (Common Stock) émise dans l'EEE;2026-08-30
FR0010214064;GPE GROUP PIZZORNO;GPE;Euronext Paris;EUR;FR;Common Stock;OUI;ACTION_EEE;action ordinaire (Common Stock) émise dans l'EEE;2026-08-30
FR0010220475;ALSTOM;4ALO;EuroTLX | Euronext Paris | Trading After Hours;EUR;FR;Common Stock;OUI;ACTION_EEE;action ordinaire (Common Stock) émise dans l'EEE;2026-08-30
FR0010221234;EUTELSAT COMMUNIC.;ETL;Euronext Paris | Trading After Hours;EUR;FR;Common Stock;OUI;ACTION_EEE;action ordinaire (Common Stock) émise dans l'EEE;2026-08-30
FR0010241638;MERCIALYS;MERY;Euronext Paris | Trading After Hours;EUR;FR;REIT;NON;REGIME_FONCIER;foncière cotée (SIIC ou régime européen équivalent) : exclue du PEA depuis le 21 octobre 2011;2026-08-30
FR0010259150;IPSEN;2IPN;Trading After Hours | Euronext Paris;EUR;FR;Common Stock;OUI;ACTION_EEE;action ordinaire (Common Stock) émise dans l'EEE;2026-08-30
FR0010263202;PAREF;PAR;Euronext Paris;EUR;FR;REIT;NON;REGIME_FONCIER;foncière cotée (SIIC ou régime européen équivalent) : exclue du PEA depuis le 21 octobre 2011;2026-08-30
FR0010282822;Vusion;2SESL;Trading After Hours | Euronext Paris;EUR;FR;Common Stock;OUI;ACTION_EEE;action ordinaire (Common Stock) émise dans l'EEE;2026-08-30
FR0010291245;VERIMATRIX;VMX;Euronext Paris;EUR;FR;Common Stock;OUI;ACTION_EEE;action ordinaire (Common Stock) émise dans l'EEE;2026-08-30
FR0010298620;MEMSCAP REGPT;MEMS;Euronext Paris;EUR;FR;Common Stock;OUI;ACTION_EEE;action ordinaire (Common Stock) émise dans l'EEE;2026-08-30
FR0010307819;LEGRAND;2LR;Trading After Hours | Euronext Paris;EUR;FR;Common Stock;OUI;ACTION_EEE;action ordinaire (Common Stock) émise dans l'EEE;2026-08-30
FR0010309096;VITURA;VTR;Euronext Paris;EUR;FR;REIT;NON;REGIME_FONCIER;foncière cotée (SIIC ou régime européen équivalent) : exclue du PEA depuis le 21 octobre 2011;2026-08-30
FR0010312181;HOPENING;MLHPE;Euronext Access Paris;EUR;FR;Common Stock;OUI;ACTION_EEE;action ordinaire (Common Stock) émise dans l'EEE;2026-08-30
FR0010313833;ARKEMA;4AKE;EuroTLX | Euronext Paris | Trading After Hours;EUR;FR;Common Stock;OUI;ACTION_EEE;action ordinaire (Common Stock) émise dans l'EEE;2026-08-30
FR0010326090;VIALIFE;ALVIA;Euronext Growth Paris;EUR;FR;Common Stock;OUI;ACTION_EEE;action ordinaire (Common Stock) émise dans l'EEE;2026-08-30
FR0010331421;INNATE PHARMA;4IPH;EuroTLX | Euronext Paris;EUR;FR;Common Stock;OUI;ACTION_EEE;action ordinaire (Common Stock) émise dans l'EEE;2026-08-30
FR0010337865;UPERGY;ALUPG;Euronext Growth Paris;EUR;FR;Common Stock;OUI;ACTION_EEE;action ordinaire (Common Stock) émise dans l'EEE;2026-08-30
FR0010340141;ADP;2ADPP;Trading After Hours | Euronext Paris;EUR;FR;Common Stock;OUI;ACTION_EEE;action ordinaire (Common Stock) émise dans l'EEE;2026-08-30
FR0010340711;AQUILA;ALAQU;Euronext Growth Paris;EUR;FR;Common Stock;OUI;ACTION_EEE;action ordinaire (Common Stock) émise dans l'EEE;2026-08-30
FR0010341032;FONCIERE INEA;INEA;Euronext Paris;EUR;FR;REIT;NON;REGIME_FONCIER;foncière cotée (SIIC ou régime européen équivalent) : exclue du PEA depuis le 21 octobre 2011;2026-08-30
FR0010353888;MGI DIGITAL GRAPHI;ALMDG;Euronext Growth Paris;EUR;FR;Common Stock;OUI;ACTION_EEE;action ordinaire (Common Stock) émise dans l'EEE;2026-08-30
FR0010380626;PROLOGUE;ALPRG;Euronext Growth Paris;EUR;FR;Common Stock;OUI;ACTION_EEE;action ordinaire (Common Stock) émise dans l'EEE;2026-08-30
FR0010386334;CLARIANE;2CLARI;Trading After Hours | Euronext Paris;EUR;FR;Common Stock;OUI;ACTION_EEE;action ordinaire (Common Stock) émise dans l'EEE;2026-08-30
FR0010396309;HITECHPROS;ALHIT;Euronext Growth Paris;EUR;FR;Common Stock;OUI;ACTION_EEE;action ordinaire (Common Stock) émise dans l'EEE;2026-08-30
FR0010397232;NOVACYT;ALNOV;Euronext Growth Paris;EUR;FR;Common Stock;OUI;ACTION_EEE;action ordinaire (Common Stock) émise dans l'EEE;2026-08-30
FR0010397901;TRILOGIQ;ALTRI;Euronext Growth Paris;EUR;FR;Common Stock;OUI;ACTION_EEE;action ordinaire (Common Stock) émise dans l'EEE;2026-08-30
FR0010404368;D.L.S.I.;ALDLS;Euronext Growth Paris;EUR;FR;Common Stock;OUI;ACTION_EEE;action ordinaire (Common Stock) émise dans l'EEE;2026-08-30
FR0010411983;SCOR;4SCR;EuroTLX | Euronext Paris | Trading After Hours;EUR;FR;Common Stock;OUI;ACTION_EEE;action ordinaire (Common Stock) émise dans l'EEE;2026-08-30
FR0010417345;DBV TECHNOLOGIES;DBV;Euronext Paris;EUR;FR;Common Stock;OUI;ACTION_EEE;action ordinaire (Common Stock) émise dans l'EEE;2026-08-30
FR0010424697;ETHERO;ALENT;Euronext Growth Paris;EUR;FR;Common Stock;OUI;ACTION_EEE;action ordinaire (Common Stock) émise dans l'EEE;2026-08-30
FR0010425595;CELLECTIS;ALCLS;Euronext Growth Paris;EUR;FR;Common Stock;OUI;ACTION_EEE;action ordinaire (Common Stock) émise dans l'EEE;2026-08-30
FR0010428771;EAGLEFOOTBALLGROUP;EFG;Euronext Paris;EUR;FR;Common Stock;OUI;ACTION_EEE;action ordinaire (Common Stock) émise dans l'EEE;2026-08-30
FR0010436584;DNXCORP;ALDNX;Euronext Growth Paris;EUR;FR;Common Stock;OUI;ACTION_EEE;action ordinaire (Common Stock) émise dans l'EEE;2026-08-30
FR0010447086;CHEOPS TECHNOLOGY;MLCHE;Euronext Access Paris;EUR;FR;Common Stock;OUI;ACTION_EEE;action ordinaire (Common Stock) émise dans l'EEE;2026-08-30
FR0010451203;REXEL;2RXL;Trading After Hours | Euronext Paris;EUR;FR;Common Stock;OUI;ACTION_EEE;action ordinaire (Common Stock) émise dans l'EEE;2026-08-30
FR0010461053;CRCAM LANGUED CCI;CRLA;Euronext Paris;EUR;FR;Common Stock;OUI;ACTION_EEE;action ordinaire (Common Stock) émise dans l'EEE;2026-08-30
FR0010465534;EO2;ALEO2;Euronext Growth Paris;EUR;FR;Common Stock;OUI;ACTION_EEE;action ordinaire (Common Stock) émise dans l'EEE;2026-08-30
FR0010481960;ARGAN;ARG;Euronext Paris;EUR;FR;REIT;NON;REGIME_FONCIER;foncière cotée (SIIC ou régime européen équivalent) : exclue du PEA depuis le 21 octobre 2011;2026-08-30
FR0010483768;CRCAM BRIE PIC2CCI;CRBP2;Euronext Paris;EUR;FR;Common Stock;OUI;ACTION_EEE;action ordinaire (Common Stock) émise dans l'EEE;2026-08-30
FR0010485268;FOUNTAINE PAJOT;ALFPC;Euronext Growth Paris;EUR;FR;Common Stock;OUI;ACTION_EEE;action ordinaire (Common Stock) émise dans l'EEE;2026-08-30
FR0010487272;FINAXO;MLFXO;Euronext Access Paris;EUR;FR;Common Stock;OUI;ACTION_EEE;action ordinaire (Common Stock) émise dans l'EEE;2026-08-30
FR0010490920;EUROPACORP;ALECP;Euronext Growth Paris;EUR;FR;Common Stock;OUI;ACTION_EEE;action ordinaire (Common Stock) émise dans l'EEE;2026-08-30
FR0010500363;MIGUET ET ASSOCIES;MLNMA;Euronext Access Paris;EUR;FR;Common Stock;OUI;ACTION_EEE;action ordinaire (Common Stock) émise dans l'EEE;2026-08-30
FR0010523167;ROCTOOL;ALROC;Euronext Growth Paris;EUR;FR;Common Stock;OUI;ACTION_EEE;action ordinaire (Common Stock) émise dans l'EEE;2026-08-30
FR0010528059;STREAMWIDE;ALSTW;Euronext Growth Paris;EUR;FR;Common Stock;OUI;ACTION_EEE;action ordinaire (Common Stock) émise dans l'EEE;2026-08-30
FR0010533075;GETLINK SE;2GET;Trading After Hours | Euronext Paris;EUR;FR;Common Stock;OUI;ACTION_EEE;action ordinaire (Common Stock) émise dans l'EEE;2026-08-30
FR0010536185;EAVS;MLEAV;Euronext Access Paris;EUR;FR;Common Stock;OUI;ACTION_EEE;action ordinaire (Common Stock) émise dans l'EEE;2026-08-30
FR0010557264;AB SCIENCE;AB;Euronext Paris;EUR;FR;Common Stock;OUI;ACTION_EEE;action ordinaire (Common Stock) émise dans l'EEE;2026-08-30
FR0010588079;FREY;FREY;Euronext Paris;EUR;FR;REIT;NON;REGIME_FONCIER;foncière cotée (SIIC ou régime européen équivalent) : exclue du PEA depuis le 21 octobre 2011;2026-08-30
FR0010609206;OREGE;OREGE;Euronext Paris;EUR;FR;Common Stock;OUI;ACTION_EEE;action ordinaire (Common Stock) émise dans l'EEE;2026-08-30
FR0010609263;MAUNA KEA TECH;ALMKT;Euronext Growth Paris;EUR;FR;Common Stock;OUI;ACTION_EEE;action ordinaire (Common Stock) émise dans l'EEE;2026-08-30
FR0010641449;AGROGENERATION;ALAGR;Euronext Growth Paris;EUR;FR;Common Stock;OUI;ACTION_EEE;action ordinaire (Common Stock) émise dans l'EEE;2026-08-30
FR0010649228;SMALTO BSA;SMLBS;Euronext Access Paris;EUR;FR;;A_VERIFIER;NATURE_INCONNUE;nature de l'instrument non identifiée par OpenFIGI;2026-08-30
FR0010654087;TXCOM;ALTXC;Euronext Growth Paris;EUR;FR;Common Stock;OUI;ACTION_EEE;action ordinaire (Common Stock) émise dans l'EEE;2026-08-30
FR0010667147;COFACE;2COFA;Trading After Hours | Euronext Paris;EUR;FR;Common Stock;OUI;ACTION_EEE;action ordinaire (Common Stock) émise dans l'EEE;2026-08-30
FR0010688465;WEACCESS GROUP;MLWEA;Euronext Access Paris;EUR;FR;Common Stock;OUI;ACTION_EEE;action ordinaire (Common Stock) émise dans l'EEE;2026-08-30
FR0010722819;KALRAY;ALKAL;Euronext Growth Paris;EUR;FR;Common Stock;OUI;ACTION_EEE;action ordinaire (Common Stock) émise dans l'EEE;2026-08-30
FR0010766667;VENTE UNIQUE.COM;ALVU;Euronext Growth Paris;EUR;FR;Common Stock;OUI;ACTION_EEE;action ordinaire (Common Stock) émise dans l'EEE;2026-08-30
FR0010768770;WEYA;MLWEY;Euronext Access Paris;EUR;FR;Common Stock;OUI;ACTION_EEE;action ordinaire (Common Stock) émise dans l'EEE;2026-08-30
FR0010776617;SAPMER;ALMER;Euronext Growth Paris;EUR;FR;Common Stock;OUI;ACTION_EEE;action ordinaire (Common Stock) émise dans l'EEE;2026-08-30
FR0010785790;PLANT ADVANCED;ALPAT;Euronext Growth Paris;EUR;FR;Common Stock;OUI;ACTION_EEE;action ordinaire (Common Stock) émise dans l'EEE;2026-08-30
FR0010820274;UNIFY GROUP;ALUNI;Euronext Growth Paris;EUR;FR;Common Stock;OUI;ACTION_EEE;action ordinaire (Common Stock) émise dans l'EEE;2026-08-30
FR0010823724;FRANCE TOURISME;MLFTI;Euronext Access Paris;EUR;FR;Common Stock;OUI;ACTION_EEE;action ordinaire (Common Stock) émise dans l'EEE;2026-08-30
FR0010827741;MAGILLEM;MLMGL;Euronext Access Paris;EUR;FR;Common Stock;OUI;ACTION_EEE;action ordinaire (Common Stock) émise dans l'EEE;2026-08-30
FR0010828137;CARMILA;CARM;Euronext Paris | Trading After Hours;EUR;FR;REIT;NON;REGIME_FONCIER;foncière cotée (SIIC ou régime européen équivalent) : exclue du PEA depuis le 21 octobre 2011;2026-08-30
FR0010844001;EURASIA GROUPE;ALEUA;Euronext Growth Paris;EUR;FR;Common Stock;OUI;ACTION_EEE;action ordinaire (Common Stock) émise dans l'EEE;2026-08-30
FR0010882886;EDUFORM ACTION;ALEFA;Euronext Growth Paris;EUR;FR;Common Stock;OUI;ACTION_EEE;action ordinaire (Common Stock) émise dans l'EEE;2026-08-30
FR0010889386;QWAMPLIFY;ALQWA;Euronext Growth Paris;EUR;FR;Common Stock;OUI;ACTION_EEE;action ordinaire (Common Stock) émise dans l'EEE;2026-08-30
FR0010908533;EDENRED;2EDEN;Trading After Hours | Euronext Paris;EUR;FR;Common Stock;OUI;ACTION_EEE;action ordinaire (Common Stock) émise dans l'EEE;2026-08-30
FR0010908723;INTEGRAGEN;ALINT;Euronext Growth Paris;EUR;FR;Common Stock;OUI;ACTION_EEE;action ordinaire (Common Stock) émise dans l'EEE;2026-08-30
FR0010929125;ID LOGISTICS GROUP;IDL;Euronext Paris;EUR;FR;Common Stock;OUI;ACTION_EEE;action ordinaire (Common Stock) émise dans l'EEE;2026-08-30
FR0010959684;COLIPAYS;MLCLP;Euronext Access Paris;EUR;FR;Common Stock;OUI;ACTION_EEE;action ordinaire (Common Stock) émise dans l'EEE;2026-08-30
FR0010972091;SCEMI;MLCMI;Euronext Access Paris;EUR;FR;Common Stock;OUI;ACTION_EEE;action ordinaire (Common Stock) émise dans l'EEE;2026-08-30
FR0010979377;ACTIVIUM GROUP;MLACT;Euronext Access Paris;EUR;FR;Common Stock;OUI;ACTION_EEE;action ordinaire (Common Stock) émise dans l'EEE;2026-08-30
FR0011005933;BIOSYNEX;ALBIO;Euronext Growth Paris;EUR;FR;Common Stock;OUI;ACTION_EEE;action ordinaire (Common Stock) émise dans l'EEE;2026-08-30
FR0011027135;PATRIMOINE ET COMM;PAT;Euronext Paris;EUR;FR;Common Stock;OUI;ACTION_EEE;action ordinaire (Common Stock) émise dans l'EEE;2026-08-30
FR0011033083;MOULINVEST;ALMOU;Euronext Growth Paris;EUR;FR;Common Stock;OUI;ACTION_EEE;action ordinaire (Common Stock) émise dans l'EEE;2026-08-30
FR0011038348;KLARSEN;ALKLA;Euronext Growth Paris;EUR;FR;Common Stock;OUI;ACTION_EEE;action ordinaire (Common Stock) émise dans l'EEE;2026-08-30
FR0011040500;74SOFTWARE;74SW;Euronext Paris;EUR;FR;Common Stock;OUI;ACTION_EEE;action ordinaire (Common Stock) émise dans l'EEE;2026-08-30
FR0011041011;BLUELINEA;ALBLU;Euronext Growth Paris;EUR;FR;Common Stock;OUI;ACTION_EEE;action ordinaire (Common Stock) émise dans l'EEE;2026-08-30
FR0011049824;MEDIANTECHNOLOGIES;ALMDT;Euronext Growth Paris;EUR;FR;Common Stock;OUI;ACTION_EEE;action ordinaire (Common Stock) émise dans l'EEE;2026-08-30
FR0011051598;AMOEBA;ALMIB;Euronext Growth Paris;EUR;FR;Common Stock;OUI;ACTION_EEE;action ordinaire (Common Stock) émise dans l'EEE;2026-08-30
FR0011053636;CAPITAL B;ALCPB;Euronext Growth Paris;EUR;FR;Common Stock;OUI;ACTION_EEE;action ordinaire (Common Stock) émise dans l'EEE;2026-08-30
FR0011071570;COGRA;ALCOG;Euronext Growth Paris;EUR;FR;Common Stock;OUI;ACTION_EEE;action ordinaire (Common Stock) émise dans l'EEE;2026-08-30
FR0011076595;TELEVISTA;MLVST;Euronext Access Paris;EUR;FR;Common Stock;OUI;ACTION_EEE;action ordinaire (Common Stock) émise dans l'EEE;2026-08-30
FR0011092089;MAISON CLIO BLUE;MLCLI;Euronext Access Paris;EUR;FR;Common Stock;OUI;ACTION_EEE;action ordinaire (Common Stock) émise dans l'EEE;2026-08-30
FR0011100759;GALEO;MLGAL;Euronext Access Paris;EUR;FR;Common Stock;OUI;ACTION_EEE;action ordinaire (Common Stock) émise dans l'EEE;2026-08-30
FR0011131788;SMALTO;MLSML;Euronext Access Paris;EUR;FR;Common Stock;OUI;ACTION_EEE;action ordinaire (Common Stock) émise dans l'EEE;2026-08-30
FR0011158823;INFOCLIP;MLIFC;Euronext Access Paris;EUR;FR;Common Stock;OUI;ACTION_EEE;action ordinaire (Common Stock) émise dans l'EEE;2026-08-30
FR0011179886;INTRASENSE;ALINS;Euronext Growth Paris;EUR;FR;Common Stock;OUI;ACTION_EEE;action ordinaire (Common Stock) émise dans l'EEE;2026-08-30
FR0011184241;ADOCIA;ADOC;Euronext Paris;EUR;FR;Common Stock;OUI;ACTION_EEE;action ordinaire (Common Stock) émise dans l'EEE;2026-08-30
FR0011208693;GOLD BY GOLD;ALGLD;Euronext Growth Paris;EUR;FR;Common Stock;OUI;ACTION_EEE;action ordinaire (Common Stock) émise dans l'EEE;2026-08-30
FR0011217710;METHANOR;ALMET;Euronext Growth Paris;EUR;FR;Common Stock;OUI;ACTION_EEE;action ordinaire (Common Stock) émise dans l'EEE;2026-08-30
FR0011271600;FERMENTALG;ALGAE;Euronext Growth Paris;EUR;FR;Common Stock;OUI;ACTION_EEE;action ordinaire (Common Stock) émise dans l'EEE;2026-08-30
FR0011341205;NANOBIOTIX;NANO;Euronext Paris;EUR;FR;Common Stock;OUI;ACTION_EEE;action ordinaire (Common Stock) émise dans l'EEE;2026-08-30
FR0011365907;BOA CONCEPT;ALBOA;Euronext Growth Paris;EUR;FR;Common Stock;OUI;ACTION_EEE;action ordinaire (Common Stock) émise dans l'EEE;2026-08-30
FR0011464452;SPINEGUARD;ALSGD;Euronext Growth Paris;EUR;FR;Common Stock;OUI;ACTION_EEE;action ordinaire (Common Stock) émise dans l'EEE;2026-08-30
FR0011466069;EKINOPS;EKI;Euronext Paris;EUR;FR;Common Stock;OUI;ACTION_EEE;action ordinaire (Common Stock) émise dans l'EEE;2026-08-30
FR0011476928;FNAC DARTY;2FNAC;Trading After Hours | Euronext Paris;EUR;FR;Common Stock;OUI;ACTION_EEE;action ordinaire (Common Stock) émise dans l'EEE;2026-08-30
FR0011490648;ECOSLOPS;ALESA;Euronext Growth Paris;EUR;FR;Common Stock;OUI;ACTION_EEE;action ordinaire (Common Stock) émise dans l'EEE;2026-08-30
FR0011532225;VOGO;ALVGO;Euronext Growth Paris;EUR;FR;Common Stock;OUI;ACTION_EEE;action ordinaire (Common Stock) émise dans l'EEE;2026-08-30
FR0011605617;FONCIERE VINDI;MLVIN;Euronext Access Paris;EUR;FR;Common Stock;OUI;ACTION_EEE;action ordinaire (Common Stock) émise dans l'EEE;2026-08-30
FR0011636083;NEOLIFE;ALNLF;Euronext Growth Paris;EUR;FR;Common Stock;OUI;ACTION_EEE;action ordinaire (Common Stock) émise dans l'EEE;2026-08-30
FR0011648716;CARBIOS;ALCRB;Euronext Growth Paris;EUR;FR;Common Stock;OUI;ACTION_EEE;action ordinaire (Common Stock) émise dans l'EEE;2026-08-30
FR0011648971;QUANTUM GENOMICS;ALQGC;Euronext Growth Paris;EUR;FR;Common Stock;OUI;ACTION_EEE;action ordinaire (Common Stock) émise dans l'EEE;2026-08-30
FR0011665280;FIGEAC AERO;FGA;Euronext Paris;EUR;FR;Common Stock;OUI;ACTION_EEE;action ordinaire (Common Stock) émise dans l'EEE;2026-08-30
FR0011716265;CROSSJECT;ALCJ;Euronext Growth Paris;EUR;FR;Common Stock;OUI;ACTION_EEE;action ordinaire (Common Stock) émise dans l'EEE;2026-08-30
FR0011726835;GTT;2GTT;Trading After Hours | Euronext Paris;EUR;FR;Common Stock;OUI;ACTION_EEE;action ordinaire (Common Stock) émise dans l'EEE;2026-08-30
FR0011776889;UMALIS GROUP;MLUMG;Euronext Access Paris;EUR;FR;Common Stock;OUI;ACTION_EEE;action ordinaire (Common Stock) émise dans l'EEE;2026-08-30
FR0011844067;PLANT ADVANCED BS;PATBS;Euronext Growth Paris;EUR;FR;Equity WRT;NON;TYPE_INSTRUMENT;bon ou droit de souscription : non éligible au PEA;2026-08-30
FR0011858190;REALITES;ALREA;Euronext Growth Paris;EUR;FR;Common Stock;OUI;ACTION_EEE;action ordinaire (Common Stock) émise dans l'EEE;2026-08-30
FR0011898584;UV GERMI;ALUVI;Euronext Growth Paris;EUR;FR;Common Stock;OUI;ACTION_EEE;action ordinaire (Common Stock) émise dans l'EEE;2026-08-30
FR0011908045;AG3I;MLAGI;Euronext Access Paris;EUR;FR;Common Stock;OUI;ACTION_EEE;action ordinaire (Common Stock) émise dans l'EEE;2026-08-30
FR0011950682;SERGEFERRARI GROUP;ALFER;Euronext Growth Paris;EUR;FR;Common Stock;OUI;ACTION_EEE;action ordinaire (Common Stock) émise dans l'EEE;2026-08-30
FR0011950732;ELIOR GROUP;ELIOR;Euronext Paris | Trading After Hours;EUR;FR;Common Stock;OUI;ACTION_EEE;action ordinaire (Common Stock) émise dans l'EEE;2026-08-30
FR0011992700;ATEME;ATEME;Euronext Paris;EUR;FR;Common Stock;OUI;ACTION_EEE;action ordinaire (Common Stock) émise dans l'EEE;2026-08-30
FR0011995588;VOLTALIA;2VLTSA;Trading After Hours | Euronext Paris;EUR;FR;Common Stock;OUI;ACTION_EEE;action ordinaire (Common Stock) émise dans l'EEE;2026-08-30
FR0012127173;OSE IMMUNO;OSE;Euronext Paris;EUR;FR;Common Stock;OUI;ACTION_EEE;action ordinaire (Common Stock) émise dans l'EEE;2026-08-30
FR0012185536;ARTEA;ARTE;Euronext Paris;EUR;FR;Common Stock;OUI;ACTION_EEE;action ordinaire (Common Stock) émise dans l'EEE;2026-08-30
FR0012202497;DIAGNOSTIC MEDICAL;ALDMS;Euronext Growth Paris;EUR;FR;Common Stock;OUI;ACTION_EEE;action ordinaire (Common Stock) émise dans l'EEE;2026-08-30
FR0012300424;FD;MLFDV;Euronext Access Paris;EUR;FR;Common Stock;OUI;ACTION_EEE;action ordinaire (Common Stock) émise dans l'EEE;2026-08-30
FR0012333284;ABIVAX;ABVX;Euronext Paris;EUR;FR;Common Stock;OUI;ACTION_EEE;action ordinaire (Common Stock) émise dans l'EEE;2026-08-30
FR0012336691;HOME CONCEPT;MLHCF;Euronext Access Paris;EUR;FR;Common Stock;OUI;ACTION_EEE;action ordinaire (Common Stock) émise dans l'EEE;2026-08-30
FR0012419307;PULLUP ENTERTAIN;ALPUL;Euronext Growth Paris;EUR;FR;Common Stock;OUI;ACTION_EEE;action ordinaire (Common Stock) émise dans l'EEE;2026-08-30
FR0012432516;POXEL;POXEL;Euronext Paris;EUR;FR;Common Stock;OUI;ACTION_EEE;action ordinaire (Common Stock) émise dans l'EEE;2026-08-30
FR0012435121;ELIS;ELIS;Euronext Paris | Trading After Hours;EUR;FR;Common Stock;OUI;ACTION_EEE;action ordinaire (Common Stock) émise dans l'EEE;2026-08-30
FR0012532810;WAGA ENERGY;WAGA;Euronext Paris;EUR;FR;Common Stock;OUI;ACTION_EEE;action ordinaire (Common Stock) émise dans l'EEE;2026-08-30
FR0012596468;SENSORION;ALSEN;Euronext Growth Paris;EUR;FR;Common Stock;OUI;ACTION_EEE;action ordinaire (Common Stock) émise dans l'EEE;2026-08-30
FR0012612646;GROUPE PARTOUCHE;PARP;Euronext Paris;EUR;FR;Common Stock;OUI;ACTION_EEE;action ordinaire (Common Stock) émise dans l'EEE;2026-08-30
FR0012613610;PRODWAYS GROUP;ALPWG;Euronext Growth Paris;EUR;FR;Common Stock;OUI;ACTION_EEE;action ordinaire (Common Stock) émise dans l'EEE;2026-08-30
FR0012616852;ABIONYX PHARMA;ABNX;Euronext Paris;EUR;FR;Common Stock;OUI;ACTION_EEE;action ordinaire (Common Stock) émise dans l'EEE;2026-08-30
FR0012634822;MAAT PHARMA;MAAT;Euronext Paris;EUR;FR;Common Stock;OUI;ACTION_EEE;action ordinaire (Common Stock) émise dans l'EEE;2026-08-30
FR0012709160;UNITI;ALUNT;Euronext Growth Paris;EUR;FR;Common Stock;OUI;ACTION_EEE;action ordinaire (Common Stock) émise dans l'EEE;2026-08-30
FR0012757854;SPIE;SPIE;Euronext Paris | Trading After Hours;EUR;FR;Common Stock;OUI;ACTION_EEE;action ordinaire (Common Stock) émise dans l'EEE;2026-08-30
FR0012819381;GROUPE GUILLIN;ALGIL;Euronext Growth Paris;EUR;FR;Common Stock;OUI;ACTION_EEE;action ordinaire (Common Stock) émise dans l'EEE;2026-08-30
FR0012821890;ADUX;ALDUX;Euronext Growth Paris;EUR;FR;Common Stock;OUI;ACTION_EEE;action ordinaire (Common Stock) émise dans l'EEE;2026-08-30
FR0012821916;HIPAY GROUP;ALHYP;Euronext Growth Paris;EUR;FR;Common Stock;OUI;ACTION_EEE;action ordinaire (Common Stock) émise dans l'EEE;2026-08-30
FR0012872141;JACQUES BOGART;JBOG;Euronext Paris;EUR;FR;Common Stock;OUI;ACTION_EEE;action ordinaire (Common Stock) émise dans l'EEE;2026-08-30
FR0012882389;EQUASENS;EQS;Euronext Paris;EUR;FR;Common Stock;OUI;ACTION_EEE;action ordinaire (Common Stock) émise dans l'EEE;2026-08-30
FR0012968485;ASHLER ET MANSON;MLAEM;Euronext Access Paris;EUR;FR;Common Stock;OUI;ACTION_EEE;action ordinaire (Common Stock) émise dans l'EEE;2026-08-30
FR0013006558;SHOWROOMPRIVE;SRP;Euronext Paris;EUR;FR;Common Stock;OUI;ACTION_EEE;action ordinaire (Common Stock) émise dans l'EEE;2026-08-30
FR0013018124;NICOX;ALCOX;Euronext Growth Paris;EUR;FR;Common Stock;OUI;ACTION_EEE;action ordinaire (Common Stock) émise dans l'EEE;2026-08-30
FR0013030152;FRANCAISE ENERGIE;FDE;Euronext Paris;EUR;FR;Common Stock;OUI;ACTION_EEE;action ordinaire (Common Stock) émise dans l'EEE;2026-08-30
FR0013053535;MILIBOO;ALMLB;Euronext Growth Paris;EUR;FR;Common Stock;OUI;ACTION_EEE;action ordinaire (Common Stock) émise dans l'EEE;2026-08-30
FR0013060100;IMMERSION;ALIMR;Euronext Growth Paris;EUR;FR;Common Stock;OUI;ACTION_EEE;action ordinaire (Common Stock) émise dans l'EEE;2026-08-30
FR0013079092;WE.CONNECT;ALWEC;Euronext Growth Paris;EUR;FR;Common Stock;OUI;ACTION_EEE;action ordinaire (Common Stock) émise dans l'EEE;2026-08-30
FR0013143872;WITBE;ALWIT;Euronext Growth Paris;EUR;FR;Common Stock;OUI;ACTION_EEE;action ordinaire (Common Stock) émise dans l'EEE;2026-08-30
FR0013153541;MAISONS DU MONDE;MDM;Euronext Paris;EUR;FR;Common Stock;OUI;ACTION_EEE;action ordinaire (Common Stock) émise dans l'EEE;2026-08-30
FR0013154002;SARTORIUS STED BIO;DIM;Euronext Paris | Trading After Hours | EuroTLX;EUR;FR;Common Stock;OUI;ACTION_EEE;action ordinaire (Common Stock) émise dans l'EEE;2026-08-30
FR0013155975;SAVONNERIE NYONS;MLSDN;Euronext Access Paris;EUR;FR;Common Stock;OUI;ACTION_EEE;action ordinaire (Common Stock) émise dans l'EEE;2026-08-30
FR0013156007;KERLINK;ALKLK;Euronext Growth Paris;EUR;FR;Common Stock;OUI;ACTION_EEE;action ordinaire (Common Stock) émise dans l'EEE;2026-08-30
FR0013176526;VALEO;2FR;Trading After Hours | EuroTLX | Euronext Paris;EUR;FR;Common Stock;OUI;ACTION_EEE;action ordinaire (Common Stock) émise dans l'EEE;2026-08-30
FR0013183985;GENSIGHT BIOLOGICS;SIGHT;Euronext Paris;EUR;FR;Common Stock;OUI;ACTION_EEE;action ordinaire (Common Stock) émise dans l'EEE;2026-08-30
FR0013185857;ABEO;ABEO;Euronext Paris;EUR;FR;Common Stock;OUI;ACTION_EEE;action ordinaire (Common Stock) émise dans l'EEE;2026-08-30
FR0013214145;SMCP;SMCP;Euronext Paris;EUR;FR;Common Stock;OUI;ACTION_EEE;action ordinaire (Common Stock) émise dans l'EEE;2026-08-30
FR0013227113;SOITEC;2SOI;Trading After Hours | Euronext Paris;EUR;FR;Common Stock;OUI;ACTION_EEE;action ordinaire (Common Stock) émise dans l'EEE;2026-08-30
FR0013230067;FNPTECHNOLOGIESSA;MLFNP;Euronext Access Paris;EUR;FR;Common Stock;OUI;ACTION_EEE;action ordinaire (Common Stock) émise dans l'EEE;2026-08-30
FR0013230612;TIKEHAU CAPITAL;TKO;Euronext Paris;EUR;FR;Common Stock;OUI;ACTION_EEE;action ordinaire (Common Stock) émise dans l'EEE;2026-08-30
FR0013230950;LIGHTON;ALTAI;Euronext Growth Paris;EUR;FR;Common Stock;OUI;ACTION_EEE;action ordinaire (Common Stock) émise dans l'EEE;2026-08-30
FR0013233012;INVENTIVA;IVA;Euronext Paris;EUR;FR;Common Stock;OUI;ACTION_EEE;action ordinaire (Common Stock) émise dans l'EEE;2026-08-30
FR0013240934;EUROBIO-SCIENTIFIC;ALERS;Euronext Growth Paris;EUR;FR;Common Stock;OUI;ACTION_EEE;action ordinaire (Common Stock) émise dans l'EEE;2026-08-30
FR0013252186;PLAST. VAL LOIRE;ALPVL;Euronext Growth Paris;EUR;FR;Common Stock;OUI;ACTION_EEE;action ordinaire (Common Stock) émise dans l'EEE;2026-08-30
FR0013253812;ALVEEN;MLALV;Euronext Access Paris;EUR;FR;Common Stock;OUI;ACTION_EEE;action ordinaire (Common Stock) émise dans l'EEE;2026-08-30
FR0013254851;VALBIOTIS;ALVAL;Euronext Growth Paris;EUR;FR;Common Stock;OUI;ACTION_EEE;action ordinaire (Common Stock) émise dans l'EEE;2026-08-30
FR0013256518;EUROFINS CEREP;ALECR;Euronext Growth Paris;EUR;FR;Common Stock;OUI;ACTION_EEE;action ordinaire (Common Stock) émise dans l'EEE;2026-08-30
FR0013257409;COFIDUR;ALCOF;Euronext Growth Paris;EUR;FR;Common Stock;OUI;ACTION_EEE;action ordinaire (Common Stock) émise dans l'EEE;2026-08-30
FR0013258662;AYVENS;AYV;Euronext Paris | Trading After Hours;EUR;FR;Common Stock;OUI;ACTION_EEE;action ordinaire (Common Stock) émise dans l'EEE;2026-08-30
FR0013266772;ONE EXPERIENCE;ALEXP;Euronext Growth Paris;EUR;FR;Common Stock;OUI;ACTION_EEE;action ordinaire (Common Stock) émise dans l'EEE;2026-08-30
FR0013269123;RUBIS;2RUI;Trading After Hours | Euronext Paris;EUR;FR;Common Stock;OUI;ACTION_EEE;action ordinaire (Common Stock) émise dans l'EEE;2026-08-30
FR0013280286;BIOMERIEUX;2BIM;Trading After Hours | Euronext Paris;EUR;FR;Common Stock;OUI;ACTION_EEE;action ordinaire (Common Stock) émise dans l'EEE;2026-08-30
FR0013283108;DELTA PLUS GROUP;ALDLT;Euronext Growth Paris;EUR;FR;Common Stock;OUI;ACTION_EEE;action ordinaire (Common Stock) émise dans l'EEE;2026-08-30
FR0013284627;ADEUNIS;ALARF;Euronext Growth Paris;EUR;FR;Common Stock;OUI;ACTION_EEE;action ordinaire (Common Stock) émise dans l'EEE;2026-08-30
FR0013286259;THX PHARMA;ALTHX;Euronext Growth Paris;EUR;FR;Common Stock;OUI;ACTION_EEE;action ordinaire (Common Stock) émise dans l'EEE;2026-08-30
FR0013295789;TFF GROUP;TFF;Euronext Paris;EUR;FR;Common Stock;OUI;ACTION_EEE;action ordinaire (Common Stock) émise dans l'EEE;2026-08-30
FR0013296746;ADVICENNE;ALDVI;Euronext Growth Paris;EUR;FR;Common Stock;OUI;ACTION_EEE;action ordinaire (Common Stock) émise dans l'EEE;2026-08-30
FR0013308582;LARGO;ALLGO;Euronext Growth Paris;EUR;FR;Common Stock;OUI;ACTION_EEE;action ordinaire (Common Stock) émise dans l'EEE;2026-08-30
FR0013310281;OCTOPUS BIOSAFETY;MLOCT;Euronext Access Paris;EUR;FR;Common Stock;OUI;ACTION_EEE;action ordinaire (Common Stock) émise dans l'EEE;2026-08-30
FR0013318052;ORDISSIMO;ALORD;Euronext Growth Paris;EUR;FR;Common Stock;OUI;ACTION_EEE;action ordinaire (Common Stock) émise dans l'EEE;2026-08-30
FR0013326246;UNIBAIL-RODAMCO-WE;URW;Euronext Paris | Trading After Hours | EuroTLX;EUR;FR;REIT;NON;REGIME_FONCIER;foncière cotée (SIIC ou régime européen équivalent) : exclue du PEA depuis le 21 octobre 2011;2026-08-30
FR0013330792;ENENSYS;ALNN6;Euronext Growth Paris;EUR;FR;Common Stock;OUI;ACTION_EEE;action ordinaire (Common Stock) émise dans l'EEE;2026-08-30
FR0013331212;DONTNOD;ALDNE;Euronext Growth Paris;EUR;FR;Common Stock;OUI;ACTION_EEE;action ordinaire (Common Stock) émise dans l'EEE;2026-08-30
FR0013333077;CARVOLIX;CVX;Euronext Paris;EUR;FR;Common Stock;OUI;ACTION_EEE;action ordinaire (Common Stock) émise dans l'EEE;2026-08-30
FR0013333432;THERMADOR GROUPE;THEP;Euronext Paris;EUR;FR;Common Stock;OUI;ACTION_EEE;action ordinaire (Common Stock) émise dans l'EEE;2026-08-30
FR0013340973;BLUE SHARK POWER;MLBSP;Euronext Access Paris;EUR;FR;Common Stock;OUI;ACTION_EEE;action ordinaire (Common Stock) émise dans l'EEE;2026-08-30
FR0013341781;2CRSI;AL2SI;Euronext Growth Paris;EUR;FR;Common Stock;OUI;ACTION_EEE;action ordinaire (Common Stock) émise dans l'EEE;2026-08-30
FR0013344173;ROCHE BOBOIS;RBO;Euronext Paris;EUR;FR;Common Stock;OUI;ACTION_EEE;action ordinaire (Common Stock) émise dans l'EEE;2026-08-30
FR0013345493;BIO-UV GROUP;ALTUV;Euronext Growth Paris;EUR;FR;Common Stock;OUI;ACTION_EEE;action ordinaire (Common Stock) émise dans l'EEE;2026-08-30
FR0013356755;EMOVA GROUP;ALEMV;Euronext Growth Paris;EUR;FR;Common Stock;OUI;ACTION_EEE;action ordinaire (Common Stock) émise dans l'EEE;2026-08-30
FR0013357621;WAVESTONE;WAVE;Euronext Paris;EUR;FR;Common Stock;OUI;ACTION_EEE;action ordinaire (Common Stock) émise dans l'EEE;2026-08-30
FR0013371507;PYRATZ CORP.;MLPTZ;Euronext Access Paris;EUR;FR;Common Stock;OUI;ACTION_EEE;action ordinaire (Common Stock) émise dans l'EEE;2026-08-30
FR0013374667;KKO INTERNATIONAL;ALKKO;Euronext Growth Paris;EUR;FR;Common Stock;OUI;ACTION_EEE;action ordinaire (Common Stock) émise dans l'EEE;2026-08-30
FR0013379484;SOLUTIONS 30 SE;2S30;Trading After Hours | Euronext Paris;EUR;FR;Common Stock;OUI;ACTION_EEE;action ordinaire (Common Stock) émise dans l'EEE;2026-08-30
FR0013384369;BAIKOWSKI;ALBKK;Euronext Growth Paris;EUR;FR;Common Stock;OUI;ACTION_EEE;action ordinaire (Common Stock) émise dans l'EEE;2026-08-30
FR0013398997;ARCURE;ALCUR;Euronext Growth Paris;EUR;FR;Common Stock;OUI;ACTION_EEE;action ordinaire (Common Stock) émise dans l'EEE;2026-08-30
FR0013399359;ENERGISME;ALNRG;Euronext Growth Paris;EUR;FR;Common Stock;OUI;ACTION_EEE;action ordinaire (Common Stock) émise dans l'EEE;2026-08-30
FR0013400835;MARE NOSTRUM;ALMAR;Euronext Growth Paris;EUR;FR;Common Stock;OUI;ACTION_EEE;action ordinaire (Common Stock) émise dans l'EEE;2026-08-30
FR0013406881;CMG CLEANTECH;MLCMG;Euronext Access Paris;EUR;FR;Common Stock;OUI;ACTION_EEE;action ordinaire (Common Stock) émise dans l'EEE;2026-08-30
FR0013419876;KUMULUS VAPE;ALVAP;Euronext Growth Paris;EUR;FR;Common Stock;OUI;ACTION_EEE;action ordinaire (Common Stock) émise dans l'EEE;2026-08-30
FR0013426004;CLARANOVA;ALCLA;Euronext Growth Paris;EUR;FR;Common Stock;OUI;ACTION_EEE;action ordinaire (Common Stock) émise dans l'EEE;2026-08-30
FR0013429404;GROUPE TERA;ALGTR;Euronext Growth Paris;EUR;FR;Common Stock;OUI;ACTION_EEE;action ordinaire (Common Stock) émise dans l'EEE;2026-08-30
FR0013439627;GROUPE OKWIND;ALOKW;Euronext Growth Paris;EUR;FR;Common Stock;OUI;ACTION_EEE;action ordinaire (Common Stock) émise dans l'EEE;2026-08-30
FR0013447729;VERALLIA;2VRLA;Trading After Hours | Euronext Paris;EUR;FR;Common Stock;OUI;ACTION_EEE;action ordinaire (Common Stock) émise dans l'EEE;2026-08-30
FR0013451044;HOFFMANN;ALHGR;Euronext Growth Paris;EUR;FR;Common Stock;OUI;ACTION_EEE;action ordinaire (Common Stock) émise dans l'EEE;2026-08-30
FR0013451333;FDJ UNITED;FDJU;Euronext Paris | Trading After Hours;EUR;FR;Common Stock;OUI;ACTION_EEE;action ordinaire (Common Stock) émise dans l'EEE;2026-08-30
FR0013452281;AGRIPOWER;ALAGP;Euronext Growth Paris;EUR;FR;Common Stock;OUI;ACTION_EEE;action ordinaire (Common Stock) émise dans l'EEE;2026-08-30
FR0013455482;ATLAND;ATLD;Euronext Paris;EUR;FR;REIT;NON;REGIME_FONCIER;foncière cotée (SIIC ou régime européen équivalent) : exclue du PEA depuis le 21 octobre 2011;2026-08-30
FR0013462231;MUNIC;ALMUN;Euronext Growth Paris;EUR;FR;Common Stock;OUI;ACTION_EEE;action ordinaire (Common Stock) émise dans l'EEE;2026-08-30
FR0013470168;IMPLANET;ALIMP;Euronext Growth Paris;EUR;FR;Common Stock;OUI;ACTION_EEE;action ordinaire (Common Stock) émise dans l'EEE;2026-08-30
FR0013472446;MASTRAD BS29;MASBS;Euronext Growth Paris;EUR;FR;Equity WRT;NON;TYPE_INSTRUMENT;bon ou droit de souscription : non éligible au PEA;2026-08-30
FR0013479730;PAULIC MEUNERIE;ALPAU;Euronext Growth Paris;EUR;FR;Common Stock;OUI;ACTION_EEE;action ordinaire (Common Stock) émise dans l'EEE;2026-08-30
FR0013481835;KLEA HOLDING;ALKLH;Euronext Growth Paris;EUR;FR;Common Stock;OUI;ACTION_EEE;action ordinaire (Common Stock) émise dans l'EEE;2026-08-30
FR0013482791;NACON;NACON;Euronext Paris;EUR;FR;Common Stock;OUI;ACTION_EEE;action ordinaire (Common Stock) émise dans l'EEE;2026-08-30
FR0013505062;VANTIVA;VANTI;Euronext Paris;EUR;FR;Common Stock;OUI;ACTION_EEE;action ordinaire (Common Stock) émise dans l'EEE;2026-08-30
FR0013506730;VALLOUREC;2VK;Trading After Hours | Euronext Paris;EUR;FR;Common Stock;OUI;ACTION_EEE;action ordinaire (Common Stock) émise dans l'EEE;2026-08-30
FR0013507985;CALIBRE BSA K2A;IBRKA;Euronext Growth Paris;EUR;FR;Equity WRT;NON;TYPE_INSTRUMENT;bon ou droit de souscription : non éligible au PEA;2026-08-30
FR0013508009;CALIBRE BSA K2B;IBRKB;Euronext Growth Paris;EUR;FR;;A_VERIFIER;NATURE_INCONNUE;nature de l'instrument non identifiée par OpenFIGI;2026-08-30
FR0013534617;ECOMIAM;ALECO;Euronext Growth Paris;EUR;FR;Common Stock;OUI;ACTION_EEE;action ordinaire (Common Stock) émise dans l'EEE;2026-08-30
FR00140007I9;CONSTRUCTEURS BOIS;MLLCB;Euronext Access Paris;EUR;FR;Common Stock;OUI;ACTION_EEE;action ordinaire (Common Stock) émise dans l'EEE;2026-08-30
FR0014000MR3;EUROFINS SCIENT;4ERF;EuroTLX | Euronext Paris | Trading After Hours;EUR;FR;Common Stock;OUI;ACTION_EEE;action ordinaire (Common Stock) émise dans l'EEE;2026-08-30
FR0014000P11;WINFARM;ALWF;Euronext Growth Paris;EUR;FR;Common Stock;OUI;ACTION_EEE;action ordinaire (Common Stock) émise dans l'EEE;2026-08-30
FR0014000RP6;GROUPIMO;ALIMO;Euronext Growth Paris;EUR;FR;Common Stock;OUI;ACTION_EEE;action ordinaire (Common Stock) émise dans l'EEE;2026-08-30
FR0014001PM5;HYDROGEN REFUELING;ALHRS;Euronext Growth Paris;EUR;FR;Common Stock;OUI;ACTION_EEE;action ordinaire (Common Stock) émise dans l'EEE;2026-08-30
FR0014001PV6;NR21;NR21;Euronext Paris;EUR;FR;Common Stock;OUI;ACTION_EEE;action ordinaire (Common Stock) émise dans l'EEE;2026-08-30
FR0014003711;OBIZ;ALBIZ;Euronext Growth Paris;EUR;FR;Common Stock;OUI;ACTION_EEE;action ordinaire (Common Stock) émise dans l'EEE;2026-08-30
FR0014003AC4;ARVERNE WARRANT;ARVBS;Euronext Paris;EUR;FR;Equity WRT;NON;TYPE_INSTRUMENT;bon ou droit de souscription : non éligible au PEA;2026-08-30
FR0014003AQ4;EXPLOSIFS PROD.CHI;EXPL;Euronext Paris;EUR;FR;Common Stock;OUI;ACTION_EEE;action ordinaire (Common Stock) émise dans l'EEE;2026-08-30
FR0014003FN0;INTEGRITAS VIAGER;MLVIE;Euronext Access Paris;EUR;FR;Common Stock;OUI;ACTION_EEE;action ordinaire (Common Stock) émise dans l'EEE;2026-08-30
FR0014003J32;NAMR;ALNMR;Euronext Growth Paris;EUR;FR;Common Stock;OUI;ACTION_EEE;action ordinaire (Common Stock) émise dans l'EEE;2026-08-30
FR0014003T71;OMER-DECUGIS & CIE;ALODC;Euronext Growth Paris;EUR;FR;Common Stock;OUI;ACTION_EEE;action ordinaire (Common Stock) émise dans l'EEE;2026-08-30
FR0014003TT8;DASSAULT SYSTEMES;DSY;Euronext Paris | EuroTLX | Trading After Hours;EUR;FR;Common Stock;OUI;ACTION_EEE;action ordinaire (Common Stock) émise dans l'EEE;2026-08-30
FR0014003U94;ARAMIS GROUP;ARAMI;Euronext Paris;EUR;FR;Common Stock;OUI;ACTION_EEE;action ordinaire (Common Stock) émise dans l'EEE;2026-08-30
FR0014003V77;AIRWELL;ALAIR;Euronext Growth Paris;EUR;FR;Common Stock;OUI;ACTION_EEE;action ordinaire (Common Stock) émise dans l'EEE;2026-08-30
FR0014003VY4;HDF;HDF;Euronext Paris;EUR;FR;Common Stock;OUI;ACTION_EEE;action ordinaire (Common Stock) émise dans l'EEE;2026-08-30
FR0014003XT0;NFL BIOSCIENCES;ALNFL;Euronext Growth Paris;EUR;FR;Common Stock;OUI;ACTION_EEE;action ordinaire (Common Stock) émise dans l'EEE;2026-08-30
FR0014004339;E PANGO;ALAGO;Euronext Growth Paris;EUR;FR;Common Stock;OUI;ACTION_EEE;action ordinaire (Common Stock) émise dans l'EEE;2026-08-30
FR0014004362;ENTECH;ALESE;Euronext Growth Paris;EUR;FR;Common Stock;OUI;ACTION_EEE;action ordinaire (Common Stock) émise dans l'EEE;2026-08-30
FR00140043Y1;SPARTOO;ALSPT;Euronext Growth Paris;EUR;FR;Common Stock;OUI;ACTION_EEE;action ordinaire (Common Stock) émise dans l'EEE;2026-08-30
FR00140048X2;IKONISYS;ALIKO;Euronext Growth Paris;EUR;FR;Common Stock;OUI;ACTION_EEE;action ordinaire (Common Stock) émise dans l'EEE;2026-08-30
FR0014004974;ENOGIA;ALENO;Euronext Growth Paris;EUR;FR;Common Stock;OUI;ACTION_EEE;action ordinaire (Common Stock) émise dans l'EEE;2026-08-30
FR0014004EC4;PRECIA;ALPM;Euronext Growth Paris;EUR;FR;Common Stock;OUI;ACTION_EEE;action ordinaire (Common Stock) émise dans l'EEE;2026-08-30
FR0014004JF6;DEEZER WARRANTS;DEEZW;Euronext Paris;EUR;FR;Equity WRT;NON;TYPE_INSTRUMENT;bon ou droit de souscription : non éligible au PEA;2026-08-30
FR0014004L86;DASSAULT AVIATION;2AM;Trading After Hours | Euronext Paris;EUR;FR;Common Stock;OUI;ACTION_EEE;action ordinaire (Common Stock) émise dans l'EEE;2026-08-30
FR0014004QR6;CALIBRE;ALIBR;Euronext Growth Paris;EUR;FR;Common Stock;OUI;ACTION_EEE;action ordinaire (Common Stock) émise dans l'EEE;2026-08-30
FR00140059B5;AUDACIA;ALAUD;Euronext Growth Paris;EUR;FR;Common Stock;OUI;ACTION_EEE;action ordinaire (Common Stock) émise dans l'EEE;2026-08-30
FR0014005AC9;AFYREN;ALAFY;Euronext Growth Paris;EUR;FR;Common Stock;OUI;ACTION_EEE;action ordinaire (Common Stock) émise dans l'EEE;2026-08-30
FR0014005AL0;ANTIN INFRA PARTN;2ANTIN;Trading After Hours | Euronext Paris;EUR;FR;Common Stock;OUI;ACTION_EEE;action ordinaire (Common Stock) émise dans l'EEE;2026-08-30
FR0014005HJ9;OVH;2OVH;Trading After Hours | Euronext Paris;EUR;FR;Common Stock;OUI;ACTION_EEE;action ordinaire (Common Stock) émise dans l'EEE;2026-08-30
FR0014005I80;SMAIO;ALSMA;Euronext Growth Paris;EUR;FR;Common Stock;OUI;ACTION_EEE;action ordinaire (Common Stock) émise dans l'EEE;2026-08-30
FR0014005SB3;FORSEE POWER;ALFOR;Euronext Growth Paris;EUR;FR;Common Stock;OUI;ACTION_EEE;action ordinaire (Common Stock) émise dans l'EEE;2026-08-30
FR0014005WE9;AGENCE AUTO;MLAA;Euronext Access Paris;EUR;FR;Common Stock;OUI;ACTION_EEE;action ordinaire (Common Stock) émise dans l'EEE;2026-08-30
FR0014005ZM5;GROLLEAU;ALGRO;Euronext Growth Paris;EUR;FR;Common Stock;OUI;ACTION_EEE;action ordinaire (Common Stock) émise dans l'EEE;2026-08-30
FR00140062B9;TOOSLA;ALTOO;Euronext Growth Paris;EUR;FR;Common Stock;OUI;ACTION_EEE;action ordinaire (Common Stock) émise dans l'EEE;2026-08-30
FR00140066X4;METAVISIO;ALTHO;Euronext Growth Paris;EUR;FR;Common Stock;OUI;ACTION_EEE;action ordinaire (Common Stock) émise dans l'EEE;2026-08-30
FR0014007951;DRONE VOLT BS28;BNBS;Euronext Growth Paris;EUR;FR;Equity WRT;NON;TYPE_INSTRUMENT;bon ou droit de souscription : non éligible au PEA;2026-08-30
FR0014007LQ2;HUNYVERS;ALHUN;Euronext Growth Paris;EUR;FR;Common Stock;OUI;ACTION_EEE;action ordinaire (Common Stock) émise dans l'EEE;2026-08-30
FR0014007LW0;CBI;ALCBI;Euronext Growth Paris;EUR;FR;Common Stock;OUI;ACTION_EEE;action ordinaire (Common Stock) émise dans l'EEE;2026-08-30
FR0014007ND6;HAFFNER ENERGY;ALHAF;Euronext Growth Paris;EUR;FR;Common Stock;OUI;ACTION_EEE;action ordinaire (Common Stock) émise dans l'EEE;2026-08-30
FR0014007T10;VAZIVA;ALVAZ;Euronext Growth Paris;EUR;FR;Common Stock;OUI;ACTION_EEE;action ordinaire (Common Stock) émise dans l'EEE;2026-08-30
FR0014007ZB4;AELIS FARMA;AELIS;Euronext Paris;EUR;FR;Common Stock;OUI;ACTION_EEE;action ordinaire (Common Stock) émise dans l'EEE;2026-08-30
FR0014008VX5;EUROAPI;2EAPI;Trading After Hours | Euronext Paris;EUR;FR;Common Stock;OUI;ACTION_EEE;action ordinaire (Common Stock) émise dans l'EEE;2026-08-30
FR0014009YQ1;LHYFE;LHYFE;Euronext Paris;EUR;FR;Common Stock;OUI;ACTION_EEE;action ordinaire (Common Stock) émise dans l'EEE;2026-08-30
FR001400A3Q3;ICAPE HOLDING;ALICA;Euronext Growth Paris;EUR;FR;Common Stock;OUI;ACTION_EEE;action ordinaire (Common Stock) émise dans l'EEE;2026-08-30
FR001400AEM6;FILL UP MEDIA;ALFUM;Euronext Growth Paris;EUR;FR;Common Stock;OUI;ACTION_EEE;action ordinaire (Common Stock) émise dans l'EEE;2026-08-30
FR001400AHX6;ABL Diagnostics;ABLD;Euronext Paris;EUR;FR;Common Stock;OUI;ACTION_EEE;action ordinaire (Common Stock) émise dans l'EEE;2026-08-30
FR001400AJ45;MICHELIN;ML;Euronext Paris;EUR;FR;Common Stock;OUI;ACTION_EEE;action ordinaire (Common Stock) émise dans l'EEE;2026-08-30
FR001400AJ60;CHARWOOD ENERGY;ALCWE;Euronext Growth Paris;EUR;FR;Common Stock;OUI;ACTION_EEE;action ordinaire (Common Stock) émise dans l'EEE;2026-08-30
FR001400AJZ7;BROADPEAK;ALBPK;Euronext Growth Paris;EUR;FR;Common Stock;OUI;ACTION_EEE;action ordinaire (Common Stock) émise dans l'EEE;2026-08-30
FR001400AXT1;VINPAI;ALVIN;Euronext Growth Paris;EUR;FR;Common Stock;OUI;ACTION_EEE;action ordinaire (Common Stock) émise dans l'EEE;2026-08-30
FR001400AYG6;DEEZER;DEEZR;Euronext Paris;EUR;FR;Common Stock;OUI;ACTION_EEE;action ordinaire (Common Stock) émise dans l'EEE;2026-08-30
FR001400B4G1;PIERRE VAC BSA CRE;VACBT;Euronext Paris;EUR;FR;Equity WRT;NON;TYPE_INSTRUMENT;bon ou droit de souscription : non éligible au PEA;2026-08-30
FR001400B4H9;PIERRE VAC BSA ACT;VACBS;Euronext Paris;EUR;FR;Equity WRT;NON;TYPE_INSTRUMENT;bon ou droit de souscription : non éligible au PEA;2026-08-30
FR001400CFI7;AVENIR TELECOM;AVT;Euronext Paris;EUR;FR;Common Stock;OUI;ACTION_EEE;action ordinaire (Common Stock) émise dans l'EEE;2026-08-30
FR001400CM63;ONCODESIGN PM;ALOPM;Euronext Growth Paris;EUR;FR;Common Stock;OUI;ACTION_EEE;action ordinaire (Common Stock) émise dans l'EEE;2026-08-30
FR001400EA65;ROTH MIONS;MLROT;Euronext Access Paris;EUR;FR;Common Stock;OUI;ACTION_EEE;action ordinaire (Common Stock) émise dans l'EEE;2026-08-30
FR001400F2Z1;LEPERMISLIBRE;ALLPL;Euronext Growth Paris;EUR;FR;Common Stock;OUI;ACTION_EEE;action ordinaire (Common Stock) émise dans l'EEE;2026-08-30
FR001400GO75;FLORENTAISE;ALFLO;Euronext Growth Paris;EUR;FR;Common Stock;OUI;ACTION_EEE;action ordinaire (Common Stock) émise dans l'EEE;2026-08-30
FR001400H2X4;TONNER DRONES;ALTD;Euronext Growth Paris;EUR;FR;Common Stock;OUI;ACTION_EEE;action ordinaire (Common Stock) émise dans l'EEE;2026-08-30
FR001400H3A0;MON COURTIER ENERG;ALMCE;Euronext Growth Paris;EUR;FR;Common Stock;OUI;ACTION_EEE;action ordinaire (Common Stock) émise dans l'EEE;2026-08-30
FR001400IE67;MYHOTELMATCH;MHM;Euronext Paris;EUR;FR;Common Stock;OUI;ACTION_EEE;action ordinaire (Common Stock) émise dans l'EEE;2026-08-30
FR001400IUV6;WATERA;ALWTR;Euronext Growth Paris;EUR;FR;Common Stock;OUI;ACTION_EEE;action ordinaire (Common Stock) émise dans l'EEE;2026-08-30
FR001400J770;AIR FRANCE -KLM;AF;Euronext Paris, Amsterdam | EuroTLX | Trading After Hours | Euronext Global Equity Market;EUR;FR;Common Stock;OUI;ACTION_EEE;action ordinaire (Common Stock) émise dans l'EEE;2026-08-30
FR001400JWR8;ARVERNE GROUP;ARVEN;Euronext Paris;EUR;FR;Preference;A_VERIFIER;TYPE_INCERTAIN;action de préférence : vérifier le prospectus;2026-08-30
FR001400JY13;LATECOERE;LAT;Euronext Paris;EUR;FR;Common Stock;OUI;ACTION_EEE;action ordinaire (Common Stock) émise dans l'EEE;2026-08-30
FR001400KO61;ARCHOS;ALJXR;Euronext Growth Paris;EUR;FR;Common Stock;OUI;ACTION_EEE;action ordinaire (Common Stock) émise dans l'EEE;2026-08-30
FR001400LN79;BIOPHYTIS BSA;BPBS;Euronext Growth Paris;EUR;FR;Equity WRT;NON;TYPE_INSTRUMENT;bon ou droit de souscription : non éligible au PEA;2026-08-30
FR001400LO86;DBT;ALDBT;Euronext Growth Paris;EUR;FR;Common Stock;OUI;ACTION_EEE;action ordinaire (Common Stock) émise dans l'EEE;2026-08-30
FR001400M1R1;GECI INTL;ALGEC;Euronext Growth Paris;EUR;FR;Common Stock;OUI;ACTION_EEE;action ordinaire (Common Stock) émise dans l'EEE;2026-08-30
FR001400MDW2;STIF;ALSTI;Euronext Growth Paris;EUR;FR;Common Stock;OUI;ACTION_EEE;action ordinaire (Common Stock) émise dans l'EEE;2026-08-30
FR001400N2P2;SPINEWAY;ALSPW;Euronext Growth Paris;EUR;FR;Common Stock;OUI;ACTION_EEE;action ordinaire (Common Stock) émise dans l'EEE;2026-08-30
FR001400NLM4;EMEIS;EMEIS;Euronext Paris | Trading After Hours;EUR;FR;Common Stock;OUI;ACTION_EEE;action ordinaire (Common Stock) émise dans l'EEE;2026-08-30
FR001400NQB6;MACOMPTA.FR;ALCPA;Euronext Growth Paris;EUR;FR;Common Stock;OUI;ACTION_EEE;action ordinaire (Common Stock) émise dans l'EEE;2026-08-30
FR001400O408;CBI BSA B;CBSAB;Euronext Growth Paris;EUR;FR;Equity WRT;NON;TYPE_INSTRUMENT;bon ou droit de souscription : non éligible au PEA;2026-08-30
FR001400O416;CBI BSA A;CBBSA;Euronext Growth Paris;EUR;FR;Equity WRT;NON;TYPE_INSTRUMENT;bon ou droit de souscription : non éligible au PEA;2026-08-30
FR001400OJ72;CASINO BSA1;COBS1;Euronext Paris;EUR;FR;Equity WRT;NON;TYPE_INSTRUMENT;bon ou droit de souscription : non éligible au PEA;2026-08-30
FR001400OJ98;CASINO BSA3;COBS3;Euronext Paris;EUR;FR;Equity WRT;NON;TYPE_INSTRUMENT;bon ou droit de souscription : non éligible au PEA;2026-08-30
FR001400OKR3;CASINO GUICHARD;2CO;Trading After Hours | Euronext Paris;EUR;FR;Common Stock;OUI;ACTION_EEE;action ordinaire (Common Stock) émise dans l'EEE;2026-08-30
FR001400OLP5;BIOPHYTIS;ALBPS;Euronext Growth Paris;EUR;FR;Common Stock;OUI;ACTION_EEE;action ordinaire (Common Stock) émise dans l'EEE;2026-08-30
FR001400PFU4;PLANISWARE;PLNW;Euronext Paris;EUR;FR;Common Stock;OUI;ACTION_EEE;action ordinaire (Common Stock) émise dans l'EEE;2026-08-30
FR001400PVN6;VIRIDIEN;2CGG;Trading After Hours | Euronext Paris;EUR;FR;Common Stock;OUI;ACTION_EEE;action ordinaire (Common Stock) émise dans l'EEE;2026-08-30
FR001400Q9V2;EXOSENS;EXENS;Euronext Paris;EUR;FR;Common Stock;OUI;ACTION_EEE;action ordinaire (Common Stock) émise dans l'EEE;2026-08-30
FR001400QW73;IMEON ENERGY;MLIME;Euronext Access Paris;EUR;FR;Common Stock;OUI;ACTION_EEE;action ordinaire (Common Stock) émise dans l'EEE;2026-08-30
FR001400RF99;NETMEDIA GROUP;ALNMG;Euronext Growth Paris;EUR;FR;Common Stock;OUI;ACTION_EEE;action ordinaire (Common Stock) émise dans l'EEE;2026-08-30
FR001400RIB4;TONNER DRONES BSA;TDBS;Euronext Growth Paris;EUR;FR;Equity WRT;NON;TYPE_INSTRUMENT;bon ou droit de souscription : non éligible au PEA;2026-08-30
FR001400SA10;SOLOCAL GROUP;LOCAL;Euronext Paris;EUR;FR;Common Stock;OUI;ACTION_EEE;action ordinaire (Common Stock) émise dans l'EEE;2026-08-30
FR001400SF56;LDC;LOUP;Euronext Paris;EUR;FR;Common Stock;OUI;ACTION_EEE;action ordinaire (Common Stock) émise dans l'EEE;2026-08-30
FR001400SP13;DOLFINES;ALDOL;Euronext Growth Paris;EUR;FR;Common Stock;OUI;ACTION_EEE;action ordinaire (Common Stock) émise dans l'EEE;2026-08-30
FR001400SU99;MONCEY (FIN.) NOM.;FMONC;Euronext Paris;EUR;FR;Common Stock;OUI;ACTION_EEE;action ordinaire (Common Stock) émise dans l'EEE;2026-08-30
FR001400SUB7;CAMBODGE NOM.;CBDG;Euronext Paris;EUR;FR;Common Stock;OUI;ACTION_EEE;action ordinaire (Common Stock) émise dans l'EEE;2026-08-30
FR001400SVN0;DRONE VOLT;ALDRV;Euronext Growth Paris;EUR;FR;Common Stock;OUI;ACTION_EEE;action ordinaire (Common Stock) émise dans l'EEE;2026-08-30
FR001400TL40;LOUIS HACHETTE;ALHG;Euronext Growth Paris;EUR;FR;Common Stock;OUI;ACTION_EEE;action ordinaire (Common Stock) émise dans l'EEE;2026-08-30
FR001400U4P9;ODYSSEE TECHNO;ALODY;Euronext Growth Paris;EUR;FR;Common Stock;OUI;ACTION_EEE;action ordinaire (Common Stock) émise dans l'EEE;2026-08-30
FR001400UR90;CROSSJECT BS27;CJBS;Euronext Growth Paris;EUR;FR;Equity WRT;NON;TYPE_INSTRUMENT;bon ou droit de souscription : non éligible au PEA;2026-08-30
FR001400WXE7;PREATONI GROUP;ALPG;Euronext Growth Paris;EUR;FR;Common Stock;OUI;ACTION_EEE;action ordinaire (Common Stock) émise dans l'EEE;2026-08-30
FR001400X2S4;ATOS GROUP;2ATO;Trading After Hours | Euronext Paris;EUR;FR;Common Stock;OUI;ACTION_EEE;action ordinaire (Common Stock) émise dans l'EEE;2026-08-30
FR001400XVZ4;ADOCIA BSA;ADOBS;Euronext Growth Paris;EUR;FR;Equity WRT;NON;TYPE_INSTRUMENT;bon ou droit de souscription : non éligible au PEA;2026-08-30
FR001400Y4X9;HAFFNER ENERGY BSA;HAFBS;Euronext Growth Paris;EUR;FR;Equity WRT;NON;TYPE_INSTRUMENT;bon ou droit de souscription : non éligible au PEA;2026-08-30
FR001400YN90;BIOPHYTIS BSA;BPYBS;Euronext Growth Paris;EUR;FR;Equity WRT;NON;TYPE_INSTRUMENT;bon ou droit de souscription : non éligible au PEA;2026-08-30
FR001400Z5J4;STREAMWIDE BSAANE;STEBS;Euronext Growth Paris;EUR;FR;;A_VERIFIER;NATURE_INCONNUE;nature de l'instrument non identifiée par OpenFIGI;2026-08-30
FR001400ZRT0;AB SCIENCE BSA;ABBS;Euronext Paris;EUR;FR;Equity WRT;NON;TYPE_INSTRUMENT;bon ou droit de souscription : non éligible au PEA;2026-08-30
FR001400ZU25;SAFE;ALSAF;Euronext Growth Paris;EUR;FR;Common Stock;OUI;ACTION_EEE;action ordinaire (Common Stock) émise dans l'EEE;2026-08-30
FR0014010DV3;ODIOT S.A.;MLODT;Euronext Access Paris;EUR;FR;Common Stock;OUI;ACTION_EEE;action ordinaire (Common Stock) émise dans l'EEE;2026-08-30
FR0014010H01;SEMCO TECHNOLOGIES;ALSEM;Euronext Growth Paris;EUR;FR;Common Stock;OUI;ACTION_EEE;action ordinaire (Common Stock) émise dans l'EEE;2026-08-30
FR0014010IB4;GENSIGHT BSA;SIGBS;Euronext Growth Paris;EUR;FR;;A_VERIFIER;NATURE_INCONNUE;nature de l'instrument non identifiée par OpenFIGI;2026-08-30
FR0014010QE1;HOPIUM;ALHPI;Euronext Growth Paris;EUR;FR;Common Stock;OUI;ACTION_EEE;action ordinaire (Common Stock) émise dans l'EEE;2026-08-30
FR0014010YR7;VERGNET;ALVER;Euronext Growth Paris;EUR;FR;Common Stock;OUI;ACTION_EEE;action ordinaire (Common Stock) émise dans l'EEE;2026-08-30
FR0014011219;DRONE VOLT BSA;DRNBS;Euronext Growth Paris;EUR;FR;Equity WRT;NON;TYPE_INSTRUMENT;bon ou droit de souscription : non éligible au PEA;2026-08-30
FR00140118Z8;AB SCIENCE BSA 25;ABSBS;Euronext Growth Paris;EUR;FR;Equity WRT;NON;TYPE_INSTRUMENT;bon ou droit de souscription : non éligible au PEA;2026-08-30
FR0014011D04;MEDIAN TECH BSA;MDTBS;Euronext Growth Paris;EUR;FR;Equity WRT;NON;TYPE_INSTRUMENT;bon ou droit de souscription : non éligible au PEA;2026-08-30
FR0014011ND8;MONDO TV FRANCE;MTVFR;Euronext Growth Milan;EUR;FR;Common Stock;OUI;ACTION_EEE;action ordinaire (Common Stock) émise dans l'EEE;2026-08-30
FR0014011O84;ACHETER-LOUER.FR;ALALO;Euronext Growth Paris;EUR;FR;Common Stock;OUI;ACTION_EEE;action ordinaire (Common Stock) émise dans l'EEE;2026-08-30
FR0014011QJ8;EUROPLASMA;ALEUP;Euronext Growth Paris;EUR;FR;Common Stock;OUI;ACTION_EEE;action ordinaire (Common Stock) émise dans l'EEE;2026-08-30
FR0014011S49;AB SCIENCE BSAAU25;ABBSA;Euronext Growth Paris;EUR;FR;;A_VERIFIER;NATURE_INCONNUE;nature de l'instrument non identifiée par OpenFIGI;2026-08-30
FR0014011SJ4;PRELUDE S.A;MLPRE;Euronext Access Paris;EUR;FR;Common Stock;OUI;ACTION_EEE;action ordinaire (Common Stock) émise dans l'EEE;2026-08-30
FR00140126G1;ONE EXP BSA 2025 2;ONEBS;Euronext Growth Paris;EUR;FR;Equity WRT;NON;TYPE_INSTRUMENT;bon ou droit de souscription : non éligible au PEA;2026-08-30
FR0014012OE2;TD BSA 2025-2;TDBS2;Euronext Growth Paris;EUR;FR;Equity WRT;NON;TYPE_INSTRUMENT;bon ou droit de souscription : non éligible au PEA;2026-08-30
FR0014012ZX8;TD BSA 2025-3;TDBS3;Euronext Growth Paris;EUR;FR;Equity WRT;NON;TYPE_INSTRUMENT;bon ou droit de souscription : non éligible au PEA;2026-08-30
FR0014013HG9;LUCIBEL;ALUCI;Euronext Growth Paris;EUR;FR;Common Stock;OUI;ACTION_EEE;action ordinaire (Common Stock) émise dans l'EEE;2026-08-30
FR0014013TD1;KLARSEN BSA O;KLBSO;Euronext Growth Paris;EUR;FR;Equity WRT;NON;TYPE_INSTRUMENT;bon ou droit de souscription : non éligible au PEA;2026-08-30
FR00140140W9;MAUNA KEA BSA;MKTBS;Euronext Growth Paris;EUR;FR;Equity WRT;NON;TYPE_INSTRUMENT;bon ou droit de souscription : non éligible au PEA;2026-08-30
FR0014014OK5;VAZIVA BSA;VAZBS;Euronext Growth Paris;EUR;FR;Equity WRT;NON;TYPE_INSTRUMENT;bon ou droit de souscription : non éligible au PEA;2026-08-30
FR0014014ZV8;TRACTIAL;ALTRA;Euronext Growth Paris;EUR;FR;Common Stock;OUI;ACTION_EEE;action ordinaire (Common Stock) émise dans l'EEE;2026-08-30
FR00140153G5;BOOSTHEAT;ALBOO;Euronext Growth Paris;EUR;FR;Common Stock;OUI;ACTION_EEE;action ordinaire (Common Stock) émise dans l'EEE;2026-08-30
FR00140153H3;ADOMOS;ALADO;Euronext Growth Paris;EUR;FR;Common Stock;OUI;ACTION_EEE;action ordinaire (Common Stock) émise dans l'EEE;2026-08-30
FR0014015ND9;IEVA GROUP;ALIEV;Euronext Growth Paris;EUR;FR;Common Stock;OUI;ACTION_EEE;action ordinaire (Common Stock) émise dans l'EEE;2026-08-30
FR00140164Q1;RISING STONE;ALRIS;Euronext Growth Paris;EUR;FR;Common Stock;OUI;ACTION_EEE;action ordinaire (Common Stock) émise dans l'EEE;2026-08-30
FR0014016WC0;BIOPHYTIS BSA31;BIBS3;Euronext Growth Paris;EUR;FR;Equity WRT;NON;TYPE_INSTRUMENT;bon ou droit de souscription : non éligible au PEA;2026-08-30
FR00140173Y6;ATARI;ALATA;Euronext Growth Paris;EUR;FR;Common Stock;OUI;ACTION_EEE;action ordinaire (Common Stock) émise dans l'EEE;2026-08-30
FR0014017FP5;SIRIUS MEDIA;ALSRS;Euronext Growth Paris;EUR;FR;Common Stock;OUI;ACTION_EEE;action ordinaire (Common Stock) émise dans l'EEE;2026-08-30
FR00140180O2;THERACLION BSA;THEBS;Euronext Growth Paris;EUR;FR;Equity WRT;NON;TYPE_INSTRUMENT;bon ou droit de souscription : non éligible au PEA;2026-08-30
FR00140182K6;WORLDLINE;2WLN;Trading After Hours | Euronext Paris;EUR;FR;Common Stock;OUI;ACTION_EEE;action ordinaire (Common Stock) émise dans l'EEE;2026-08-30
FR00140188H9;DRONEVOLTBS31;DVBS6;Euronext Growth Paris;EUR;FR;;A_VERIFIER;NATURE_INCONNUE;nature de l'instrument non identifiée par OpenFIGI;2026-08-30
FR0014018EP6;ARCHOS BSA;JXRBS;Euronext Growth Paris;EUR;FR;Equity WRT;NON;TYPE_INSTRUMENT;bon ou droit de souscription : non éligible au PEA;2026-08-30
FR0014018EV4;NEOVACS;ALNEV;Euronext Growth Paris;EUR;FR;Common Stock;OUI;ACTION_EEE;action ordinaire (Common Stock) émise dans l'EEE;2026-08-30
FR0014018Y10;LE SLIP FRANCAIS;ALLSF;Euronext Growth Paris;EUR;FR;Common Stock;OUI;ACTION_EEE;action ordinaire (Common Stock) émise dans l'EEE;2026-08-30
GA0000121459;TotalEnergiesGabon;EC;Euronext Paris;EUR;GA;Common Stock;NON;HORS_EEE;émetteur hors EEE (GA) : hors du champ du PEA;2026-08-30
GB00B2B0DG97;RELX;REN;Euronext Amsterdam;EUR;GB;Common Stock;NON;HORS_EEE;émetteur hors EEE (GB) : hors du champ du PEA;2026-08-30
GB00B5ZN1N88;SEGRO PLC;SGRO;Euronext Paris;EUR;GB;REIT;NON;REGIME_FONCIER;foncière cotée (SIIC ou régime européen équivalent) : exclue du PEA depuis le 21 octobre 2011;2026-08-30
GB00B94QM994;EUROCASTLE INVEST.;ECT;Euronext Amsterdam;EUR;GB;Closed-End Fund;NON;HORS_EEE;émetteur hors EEE (GB) : hors du champ du PEA;2026-08-30
GB00BDCPN049;Coca-ColaEuropacif;CCEP;Euronext Amsterdam;EUR;GB;Common Stock;NON;HORS_EEE;émetteur hors EEE (GB) : hors du champ du PEA;2026-08-30
GB00BJ9M4V82;UCAPITAL GLOBAL;MLALE;Euronext Access Paris;EUR;GB;Common Stock;NON;HORS_EEE;émetteur hors EEE (GB) : hors du champ du PEA;2026-08-30
GB00BMDXQ672;HAMILTON GLOBAL OP;ALHGO;Euronext Growth Paris;EUR;GB;Common Stock;NON;HORS_EEE;émetteur hors EEE (GB) : hors du champ du PEA;2026-08-30
GB00BMXH3352;MOTORK;MTRK;Euronext Amsterdam;EUR;GB;Common Stock;NON;HORS_EEE;émetteur hors EEE (GB) : hors du champ du PEA;2026-08-30
GB00BN0VZ646;FERRARI GROUP;FERGR;Euronext Amsterdam;EUR;GB;Common Stock;NON;HORS_EEE;émetteur hors EEE (GB) : hors du champ du PEA;2026-08-30
GB00BNKGZC51;AMA CORPORATION;ALAMA;Euronext Growth Paris;EUR;GB;Common Stock;NON;HORS_EEE;émetteur hors EEE (GB) : hors du champ du PEA;2026-08-30
GB00BNTJ3546;ALLFUNDS GROUP;ALLFG;Euronext Amsterdam;EUR;GB;Common Stock;NON;HORS_EEE;émetteur hors EEE (GB) : hors du champ du PEA;2026-08-30
GB00BP6MXD84;SHELL PLC;SHELL;Euronext Amsterdam;EUR;GB;Common Stock;NON;HORS_EEE;émetteur hors EEE (GB) : hors du champ du PEA;2026-08-30
GB00BQQFX454;ACCSYS;AXS;Euronext Amsterdam;EUR;GB;Common Stock;NON;HORS_EEE;émetteur hors EEE (GB) : hors du champ du PEA;2026-08-30
GB00BRJQ8J25;HAMMERSON PLC;HMSO;Euronext Dublin;GBP;GB;REIT;NON;REGIME_FONCIER;foncière cotée (SIIC ou régime européen équivalent) : exclue du PEA depuis le 21 octobre 2011;2026-08-30
GB00BRXH2664;ANGLOGOLD ASHANTI;1ANGU;Euronext Global Equity Market;EUR;GB;Common Stock;NON;HORS_EEE;émetteur hors EEE (GB) : hors du champ du PEA;2026-08-30
GB00BVVK7R18;RAPID NUTRITION;ALRPD;Euronext Growth Paris;EUR;GB;Common Stock;NON;HORS_EEE;émetteur hors EEE (GB) : hors du champ du PEA;2026-08-30
GB00BVZK7T90;UNILEVER;UNA;Euronext Amsterdam;EUR;GB;Common Stock;NON;HORS_EEE;émetteur hors EEE (GB) : hors du champ du PEA;2026-08-30
GB00BYN5BY03;HYBRID SOFTWARE GR;HYSG;Euronext Brussels;EUR;GB;Common Stock;NON;HORS_EEE;émetteur hors EEE (GB) : hors du champ du PEA;2026-08-30
GB00BYYN4225;HOSTELWORLD GROUP;HSW;Euronext Dublin;EUR;GB;Common Stock;NON;HORS_EEE;émetteur hors EEE (GB) : hors du champ du PEA;2026-08-30
GG00B1GHHH78;VOLTA FINANCE;VTA;Euronext Amsterdam;EUR;GG;Closed-End Fund;NON;HORS_EEE;émetteur hors EEE (GG) : hors du champ du PEA;2026-08-30
GG00B1RMC548;TETRAGON FIN GRP;TFG;Euronext Amsterdam;USD;GG;Closed-End Fund;NON;HORS_EEE;émetteur hors EEE (GG) : hors du champ du PEA;2026-08-30
GG00BMB5XZ39;GIG;CABLE;Euronext Amsterdam;GBP;GG;Common Stock;NON;HORS_EEE;émetteur hors EEE (GG) : hors du champ du PEA;2026-08-30
GG00BQZCBZ44;SHURGARD;SHUR;Euronext Brussels;EUR;GG;REIT;NON;REGIME_FONCIER;foncière cotée (SIIC ou régime européen équivalent) : exclue du PEA depuis le 21 octobre 2011;2026-08-30
GRS528003007;THE AZUR SELECTION;MLAZR;Euronext Access Paris;EUR;GR;Common Stock;OUI;ACTION_EEE;action ordinaire (Common Stock) émise dans l'EEE;2026-08-30
GRS802003004;NEUROSOFT;NRST;Euronext Growth Milan;EUR;GR;Common Stock;OUI;ACTION_EEE;action ordinaire (Common Stock) émise dans l'EEE;2026-08-30
HK0000038783;EASSON HOLDINGS;MLEAS;Euronext Access Paris;EUR;HK;Common Stock;NON;HORS_EEE;émetteur hors EEE (HK) : hors du champ du PEA;2026-08-30
IE0000669501;GLANBIA PLC;GL9;Euronext Dublin;EUR;IE;Common Stock;OUI;ACTION_EEE;action ordinaire (Common Stock) émise dans l'EEE;2026-08-30
IE0003290289;FBD HOLDINGS PLC;EG7;Euronext Dublin;EUR;IE;Common Stock;OUI;ACTION_EEE;action ordinaire (Common Stock) émise dans l'EEE;2026-08-30
IE00038O9UC4;DONEGAL INVESTMENT;DQ7A;Euronext Growth Dublin;EUR;IE;Common Stock;OUI;ACTION_EEE;action ordinaire (Common Stock) émise dans l'EEE;2026-08-30
IE0004906560;KERRY GROUP PLC;KRZ;Euronext Dublin;EUR;IE;Common Stock;OUI;ACTION_EEE;action ordinaire (Common Stock) émise dans l'EEE;2026-08-30
IE0004927939;KINGSPAN GROUP PLC;KRX;Euronext Dublin;EUR;IE;Common Stock;OUI;ACTION_EEE;action ordinaire (Common Stock) émise dans l'EEE;2026-08-30
IE000S9YS762;Linde PLC;2LINUS;Trading After Hours | Euronext Global Equity Market;EUR;IE;Common Stock;OUI;ACTION_EEE;action ordinaire (Common Stock) émise dans l'EEE;2026-08-30
IE000T78CHJ8;GREAT WESTERN MIN.;8GW;Euronext Growth Dublin;EUR;IE;Common Stock;OUI;ACTION_EEE;action ordinaire (Common Stock) émise dans l'EEE;2026-08-30
IE00B1WV4493;ORIGIN ENT. PLC;OIZ;Euronext Growth Dublin;EUR;IE;Common Stock;OUI;ACTION_EEE;action ordinaire (Common Stock) émise dans l'EEE;2026-08-30
IE00B4BNMY34;Accenture PLC;1ACN;Euronext Global Equity Market;EUR;IE;Common Stock;OUI;ACTION_EEE;action ordinaire (Common Stock) émise dans l'EEE;2026-08-30
IE00B4Q5ZN47;JAZZ PHARMACEUTICA;1JAZZ;Euronext Global Equity Market;EUR;IE;Common Stock;OUI;ACTION_EEE;action ordinaire (Common Stock) émise dans l'EEE;2026-08-30
IE00B8KQN827;Eaton Corp PLC;1ETN;Euronext Global Equity Market;EUR;IE;Common Stock;OUI;ACTION_EEE;action ordinaire (Common Stock) émise dans l'EEE;2026-08-30
IE00BD1RP616;BANK OF IRELAND GP;BIRG;Euronext Dublin;EUR;IE;Common Stock;OUI;ACTION_EEE;action ordinaire (Common Stock) émise dans l'EEE;2026-08-30
IE00BD64C665;MINCON GROUP PLC;MIO;Euronext Growth Dublin;EUR;IE;Common Stock;OUI;ACTION_EEE;action ordinaire (Common Stock) émise dans l'EEE;2026-08-30
IE00BD6JX574;GLENVEAGH PROP.PLC;GVR;Euronext Dublin;EUR;IE;Common Stock;OUI;ACTION_EEE;action ordinaire (Common Stock) émise dans l'EEE;2026-08-30
IE00BDB6Q211;Willis Towers W;1WTW;Euronext Global Equity Market;EUR;IE;Common Stock;OUI;ACTION_EEE;action ordinaire (Common Stock) émise dans l'EEE;2026-08-30
IE00BDC5DG00;KENMARE RESOURCES;KMR;Euronext Dublin;EUR;IE;Common Stock;OUI;ACTION_EEE;action ordinaire (Common Stock) émise dans l'EEE;2026-08-30
IE00BDVJJQ56;NVENT ELECTRIC PLC;1NVT;Euronext Global Equity Market;EUR;IE;Common Stock;OUI;ACTION_EEE;action ordinaire (Common Stock) émise dans l'EEE;2026-08-30
IE00BF0L3536;AIB GROUP PLC;A5G;Euronext Dublin;EUR;IE;Common Stock;OUI;ACTION_EEE;action ordinaire (Common Stock) émise dans l'EEE;2026-08-30
IE00BF2NR112;GREENCOAT REN.;GRP;Euronext Growth Dublin;EUR;IE;Closed-End Fund;A_VERIFIER;TYPE_INCERTAIN;fonds fermé coté : vérifier la politique d'investissement;2026-08-30
IE00BFRT3W74;Allegion plc;1ALLE;Euronext Global Equity Market;EUR;IE;Common Stock;OUI;ACTION_EEE;action ordinaire (Common Stock) émise dans l'EEE;2026-08-30
IE00BJ34P519;IRISH RES. PROP.;IRES;Euronext Dublin;EUR;IE;REIT;NON;REGIME_FONCIER;foncière cotée (SIIC ou régime européen équivalent) : exclue du PEA depuis le 21 octobre 2011;2026-08-30
IE00BJ5FQX74;UNIPHAR PLC;UPR;Euronext Growth Dublin;EUR;IE;Common Stock;OUI;ACTION_EEE;action ordinaire (Common Stock) émise dans l'EEE;2026-08-30
IE00BK9ZQ967;Trane Tech;1TTH;Euronext Global Equity Market;EUR;IE;Common Stock;OUI;ACTION_EEE;action ordinaire (Common Stock) émise dans l'EEE;2026-08-30
IE00BKVD2N49;SEAGATE TECHNOLOGY;4STX;EuroTLX | Trading After Hours | Euronext Global Equity Market;EUR;IE;Common Stock;OUI;ACTION_EEE;action ordinaire (Common Stock) émise dans l'EEE;2026-08-30
IE00BLNN3691;WEATHERFORD INTERN;1WFRD;Euronext Global Equity Market;EUR;IE;Common Stock;OUI;ACTION_EEE;action ordinaire (Common Stock) émise dans l'EEE;2026-08-30
IE00BLP1HW54;Aon PLC;1AON;Euronext Global Equity Market;EUR;IE;Common Stock;OUI;ACTION_EEE;action ordinaire (Common Stock) émise dans l'EEE;2026-08-30
IE00BLP58571;IRISH CONT. GP.;IR5B;Euronext Dublin;EUR;IE;Unit;A_VERIFIER;TYPE_INCERTAIN;part composite : vérifier la composition;2026-08-30
IE00BLS09M33;Pentair PLC;1PNR;Euronext Global Equity Market;EUR;IE;Common Stock;OUI;ACTION_EEE;action ordinaire (Common Stock) émise dans l'EEE;2026-08-30
IE00BTN1Y115;MEDTRONIC;2MDT;Trading After Hours | Euronext Global Equity Market | EuroTLX;EUR;IE;Common Stock;OUI;ACTION_EEE;action ordinaire (Common Stock) émise dans l'EEE;2026-08-30
IE00BVGC3741;MALIN CORP. PLC;MLC;Euronext Growth Dublin;EUR;IE;Common Stock;OUI;ACTION_EEE;action ordinaire (Common Stock) émise dans l'EEE;2026-08-30
IE00BWB8X525;PERM. TSB GP. HOLD;PTSB;Euronext Dublin;EUR;IE;Common Stock;OUI;ACTION_EEE;action ordinaire (Common Stock) émise dans l'EEE;2026-08-30
IE00BWY4ZF18;CAIRN HOMES PLC;C5H;Euronext Dublin;EUR;IE;Common Stock;OUI;ACTION_EEE;action ordinaire (Common Stock) émise dans l'EEE;2026-08-30
IE00BY7QL619;Johnson Controls;1JCI;Euronext Global Equity Market;EUR;IE;Common Stock;OUI;ACTION_EEE;action ordinaire (Common Stock) émise dans l'EEE;2026-08-30
IE00BYTBXV33;RYANAIR HOLD. PLC;RYA;Euronext Dublin;EUR;IE;Common Stock;OUI;ACTION_EEE;action ordinaire (Common Stock) émise dans l'EEE;2026-08-30
IL0010830391;PAYTON PLANAR;PAY;Euronext Brussels;EUR;IL;Common Stock;NON;HORS_EEE;émetteur hors EEE (IL) : hors du champ du PEA;2026-08-30
IT0000060886;FNM;FNM;Euronext Milan;EUR;IT;Common Stock;OUI;ACTION_EEE;action ordinaire (Common Stock) émise dans l'EEE;2026-08-30
IT0000062072;GENERALI;2G;Trading After Hours | Euronext Milan;EUR;IT;Common Stock;OUI;ACTION_EEE;action ordinaire (Common Stock) émise dans l'EEE;2026-08-30
IT0000062957;MEDIOBANCA;2MB;Trading After Hours | Euronext Milan;EUR;IT;Common Stock;OUI;ACTION_EEE;action ordinaire (Common Stock) émise dans l'EEE;2026-08-30
IT0000066123;BPER BANCA;2BPE;Trading After Hours | Euronext Milan;EUR;IT;Common Stock;OUI;ACTION_EEE;action ordinaire (Common Stock) émise dans l'EEE;2026-08-30
IT0000066180;BRIOSCHI;BRI;Euronext Milan;EUR;IT;Common Stock;OUI;ACTION_EEE;action ordinaire (Common Stock) émise dans l'EEE;2026-08-30
IT0000070786;CIR;CIR;Euronext Milan;EUR;IT;Common Stock;OUI;ACTION_EEE;action ordinaire (Common Stock) émise dans l'EEE;2026-08-30
IT0000072170;FINECOBANK;FBK;Euronext Milan | Trading After Hours;EUR;IT;Common Stock;OUI;ACTION_EEE;action ordinaire (Common Stock) émise dans l'EEE;2026-08-30
IT0000072618;INTESA SANPAOLO;2ISP;Trading After Hours | Euronext Milan;EUR;IT;Common Stock;OUI;ACTION_EEE;action ordinaire (Common Stock) émise dans l'EEE;2026-08-30
IT0000076486;DANIELI & C RISP;DANR;Euronext Milan;EUR;IT;Savings Share;A_VERIFIER;TYPE_INCERTAIN;action d'épargne italienne : vérifier le statut;2026-08-30
IT0000076502;DANIELI & C;DAN;Euronext Milan;EUR;IT;Common Stock;OUI;ACTION_EEE;action ordinaire (Common Stock) émise dans l'EEE;2026-08-30
IT0000076536;SOGEFI;SGF;Euronext Milan;EUR;IT;Common Stock;OUI;ACTION_EEE;action ordinaire (Common Stock) émise dans l'EEE;2026-08-30
IT0000084043;AUTOSTRADE MERID;AUTME;Euronext Milan;EUR;IT;Common Stock;OUI;ACTION_EEE;action ordinaire (Common Stock) émise dans l'EEE;2026-08-30
IT0000214293;TOSCANA AEROPORTI;TYA;Euronext Milan;EUR;IT;Common Stock;OUI;ACTION_EEE;action ordinaire (Common Stock) émise dans l'EEE;2026-08-30
IT0001006128;AEROPORTO G. M. BO;ADB;Euronext Milan;EUR;IT;Common Stock;OUI;ACTION_EEE;action ordinaire (Common Stock) émise dans l'EEE;2026-08-30
IT0001017851;ROSETTI MARINO;YRM;Euronext Growth Milan;EUR;IT;Common Stock;OUI;ACTION_EEE;action ordinaire (Common Stock) émise dans l'EEE;2026-08-30
IT0001018362;VALSOIA;VLS;Euronext Milan;EUR;IT;Common Stock;OUI;ACTION_EEE;action ordinaire (Common Stock) émise dans l'EEE;2026-08-30
IT0001031084;BANCA GENERALI;BGN;Euronext Milan | Trading After Hours;EUR;IT;Common Stock;OUI;ACTION_EEE;action ordinaire (Common Stock) émise dans l'EEE;2026-08-30
IT0001033700;BASICNET;BAN;Euronext Milan;EUR;IT;Common Stock;OUI;ACTION_EEE;action ordinaire (Common Stock) émise dans l'EEE;2026-08-30
IT0001041000;BCO DESIO BRIANZA;BDB;Euronext Milan;EUR;IT;Common Stock;OUI;ACTION_EEE;action ordinaire (Common Stock) émise dans l'EEE;2026-08-30
IT0001042610;SABAF;SAB;Euronext Milan;EUR;IT;Common Stock;OUI;ACTION_EEE;action ordinaire (Common Stock) émise dans l'EEE;2026-08-30
IT0001077780;IRCE;IRC;Euronext Milan;EUR;IT;Common Stock;OUI;ACTION_EEE;action ordinaire (Common Stock) émise dans l'EEE;2026-08-30
IT0001078911;INTERPUMP GROUP;2IP;Trading After Hours | Euronext Milan;EUR;IT;Common Stock;OUI;ACTION_EEE;action ordinaire (Common Stock) émise dans l'EEE;2026-08-30
IT0001127874;CSP INT IND CALZE;CSP;Euronext Milan;EUR;IT;Common Stock;OUI;ACTION_EEE;action ordinaire (Common Stock) émise dans l'EEE;2026-08-30
IT0001128047;CEMBRE;CMB;Euronext Milan;EUR;IT;Common Stock;OUI;ACTION_EEE;action ordinaire (Common Stock) émise dans l'EEE;2026-08-30
IT0001157020;ERG;2ERG;Trading After Hours | Euronext Milan;EUR;IT;Common Stock;OUI;ACTION_EEE;action ordinaire (Common Stock) émise dans l'EEE;2026-08-30
IT0001206769;SOL;SOL;Euronext Milan;EUR;IT;Common Stock;OUI;ACTION_EEE;action ordinaire (Common Stock) émise dans l'EEE;2026-08-30
IT0001207098;ACEA;ACE;Euronext Milan;EUR;IT;Common Stock;OUI;ACTION_EEE;action ordinaire (Common Stock) émise dans l'EEE;2026-08-30
IT0001214433;I.CO.P.;ICOP;Euronext Growth Milan;EUR;IT;Common Stock;OUI;ACTION_EEE;action ordinaire (Common Stock) émise dans l'EEE;2026-08-30
IT0001233417;A2A;A2A;Euronext Milan | Trading After Hours;EUR;IT;Common Stock;OUI;ACTION_EEE;action ordinaire (Common Stock) émise dans l'EEE;2026-08-30
IT0001237053;EMAK;EM;Euronext Milan;EUR;IT;Common Stock;OUI;ACTION_EEE;action ordinaire (Common Stock) émise dans l'EEE;2026-08-30
IT0001250932;HERA;HER;Euronext Milan | Trading After Hours;EUR;IT;Common Stock;OUI;ACTION_EEE;action ordinaire (Common Stock) émise dans l'EEE;2026-08-30
IT0001268561;B&C SPEAKERS;BEC;Euronext Milan;EUR;IT;Common Stock;OUI;ACTION_EEE;action ordinaire (Common Stock) émise dans l'EEE;2026-08-30
IT0001347308;BUZZI;2BZU;Trading After Hours | Euronext Milan;EUR;IT;Common Stock;OUI;ACTION_EEE;action ordinaire (Common Stock) émise dans l'EEE;2026-08-30
IT0001382024;ACINQUE;AC5;Euronext Milan;EUR;IT;Common Stock;OUI;ACTION_EEE;action ordinaire (Common Stock) émise dans l'EEE;2026-08-30
IT0001384590;AEFFE;AEF;Euronext Milan;EUR;IT;Common Stock;OUI;ACTION_EEE;action ordinaire (Common Stock) émise dans l'EEE;2026-08-30
IT0001402269;RISANAMENTO;RN;Euronext Milan;EUR;IT;Common Stock;OUI;ACTION_EEE;action ordinaire (Common Stock) émise dans l'EEE;2026-08-30
IT0001413837;IMMSI;IMS;Euronext Milan;EUR;IT;Common Stock;OUI;ACTION_EEE;action ordinaire (Common Stock) émise dans l'EEE;2026-08-30
IT0001447785;MONDO TV;MTV;Euronext Milan;EUR;IT;Common Stock;OUI;ACTION_EEE;action ordinaire (Common Stock) émise dans l'EEE;2026-08-30
IT0001454435;TXT E-SOLUTIONS;TXT;Euronext Milan;EUR;IT;Common Stock;OUI;ACTION_EEE;action ordinaire (Common Stock) émise dans l'EEE;2026-08-30
IT0001463063;DIRECTA SIM;D;Euronext Growth Milan;EUR;IT;Common Stock;OUI;ACTION_EEE;action ordinaire (Common Stock) émise dans l'EEE;2026-08-30
IT0001469383;MONDADORI EDIT;MN;Euronext Milan;EUR;IT;Common Stock;OUI;ACTION_EEE;action ordinaire (Common Stock) émise dans l'EEE;2026-08-30
IT0001469953;SOFTLAB;SFT;Euronext Milan;EUR;IT;Common Stock;OUI;ACTION_EEE;action ordinaire (Common Stock) émise dans l'EEE;2026-08-30
IT0001469995;DIGITAL BROS;DIB;Euronext Milan;EUR;IT;Common Stock;OUI;ACTION_EEE;action ordinaire (Common Stock) émise dans l'EEE;2026-08-30
IT0001472171;CALTAGIRONE EDIT;CED;Euronext Milan;EUR;IT;Common Stock;OUI;ACTION_EEE;action ordinaire (Common Stock) émise dans l'EEE;2026-08-30
IT0001487047;BEEWIZE;BWZ;Euronext Milan;EUR;IT;Common Stock;OUI;ACTION_EEE;action ordinaire (Common Stock) émise dans l'EEE;2026-08-30
IT0003023980;C. LATTE D'ITALIA;CLI;Euronext Milan;EUR;IT;Common Stock;OUI;ACTION_EEE;action ordinaire (Common Stock) émise dans l'EEE;2026-08-30
IT0003025019;CALEFFI;CLF;Euronext Milan;EUR;IT;Common Stock;OUI;ACTION_EEE;action ordinaire (Common Stock) émise dans l'EEE;2026-08-30
IT0003027817;IREN;IRE;Euronext Milan;EUR;IT;Common Stock;OUI;ACTION_EEE;action ordinaire (Common Stock) émise dans l'EEE;2026-08-30
IT0003056386;PININFARINA SPA;PINF;Euronext Milan;EUR;IT;Common Stock;OUI;ACTION_EEE;action ordinaire (Common Stock) émise dans l'EEE;2026-08-30
IT0003057624;IT WAY;ITW;Euronext Milan;EUR;IT;Common Stock;OUI;ACTION_EEE;action ordinaire (Common Stock) émise dans l'EEE;2026-08-30
IT0003073266;PIAGGIO;PIA;Euronext Milan;EUR;IT;Common Stock;OUI;ACTION_EEE;action ordinaire (Common Stock) émise dans l'EEE;2026-08-30
IT0003097257;BIESSE;BSS;Euronext Milan;EUR;IT;Common Stock;OUI;ACTION_EEE;action ordinaire (Common Stock) émise dans l'EEE;2026-08-30
IT0003115950;DE'LONGHI;DLG;Euronext Milan;EUR;IT;Common Stock;OUI;ACTION_EEE;action ordinaire (Common Stock) émise dans l'EEE;2026-08-30
IT0003121677;CREDEM;CE;Euronext Milan;EUR;IT;Common Stock;OUI;ACTION_EEE;action ordinaire (Common Stock) émise dans l'EEE;2026-08-30
IT0003127930;CALTAGIRONE;CALT;Euronext Milan;EUR;IT;Common Stock;OUI;ACTION_EEE;action ordinaire (Common Stock) émise dans l'EEE;2026-08-30
IT0003128367;ENEL;2ENEL;Trading After Hours | Euronext Milan;EUR;IT;Common Stock;OUI;ACTION_EEE;action ordinaire (Common Stock) émise dans l'EEE;2026-08-30
IT0003132476;ENI;ENI;Euronext Milan | Trading After Hours;EUR;IT;Common Stock;OUI;ACTION_EEE;action ordinaire (Common Stock) émise dans l'EEE;2026-08-30
IT0003153415;SNAM;2SRG;Trading After Hours | Euronext Milan;EUR;IT;Common Stock;OUI;ACTION_EEE;action ordinaire (Common Stock) émise dans l'EEE;2026-08-30
IT0003153621;TAMBURI;TIP;Euronext Milan;EUR;IT;Common Stock;OUI;ACTION_EEE;action ordinaire (Common Stock) émise dans l'EEE;2026-08-30
IT0003173629;BANCA SISTEMA;BST;Euronext Milan;EUR;IT;Common Stock;OUI;ACTION_EEE;action ordinaire (Common Stock) émise dans l'EEE;2026-08-30
IT0003188064;BANCA IFIS;IF;Euronext Milan;EUR;IT;Common Stock;OUI;ACTION_EEE;action ordinaire (Common Stock) émise dans l'EEE;2026-08-30
IT0003203947;GEFRAN;GE;Euronext Milan;EUR;IT;Common Stock;OUI;ACTION_EEE;action ordinaire (Common Stock) émise dans l'EEE;2026-08-30
IT0003217335;BORGOSESIA;BO;Euronext Milan;EUR;IT;Common Stock;OUI;ACTION_EEE;action ordinaire (Common Stock) émise dans l'EEE;2026-08-30
IT0003242622;TERNA;2TRN;Trading After Hours | Euronext Milan;EUR;IT;Common Stock;OUI;ACTION_EEE;action ordinaire (Common Stock) émise dans l'EEE;2026-08-30
IT0003261697;AZIMUT;AZM;Euronext Milan | Trading After Hours;EUR;IT;Common Stock;OUI;ACTION_EEE;action ordinaire (Common Stock) émise dans l'EEE;2026-08-30
IT0003365613;FIERA MILANO;FM;Euronext Milan;EUR;IT;Common Stock;OUI;ACTION_EEE;action ordinaire (Common Stock) émise dans l'EEE;2026-08-30
IT0003372205;EDISON R;EDNR;Euronext Milan;EUR;IT;Savings Share;A_VERIFIER;TYPE_INCERTAIN;action d'épargne italienne : vérifier le statut;2026-08-30
IT0003404214;ELICA;ELC;Euronext Milan;EUR;IT;Common Stock;OUI;ACTION_EEE;action ordinaire (Common Stock) émise dans l'EEE;2026-08-30
IT0003411417;ITALIAN EXHIBITION;IEG;Euronext Milan;EUR;IT;Common Stock;OUI;ACTION_EEE;action ordinaire (Common Stock) émise dans l'EEE;2026-08-30
IT0003428445;MARR;MARR;Euronext Milan;EUR;IT;Common Stock;OUI;ACTION_EEE;action ordinaire (Common Stock) émise dans l'EEE;2026-08-30
IT0003492391;DIASORIN;2DIA;Trading After Hours | Euronext Milan;EUR;IT;Common Stock;OUI;ACTION_EEE;action ordinaire (Common Stock) émise dans l'EEE;2026-08-30
IT0003516066;BOLOGNAFIERE;BF;Euronext Growth Milan;EUR;IT;Common Stock;OUI;ACTION_EEE;action ordinaire (Common Stock) émise dans l'EEE;2026-08-30
IT0003549422;SANLORENZO;SL;Euronext Milan;EUR;IT;Common Stock;OUI;ACTION_EEE;action ordinaire (Common Stock) émise dans l'EEE;2026-08-30
IT0003621783;S.S. LAZIO;SSL;Euronext Milan;EUR;IT;Common Stock;OUI;ACTION_EEE;action ordinaire (Common Stock) émise dans l'EEE;2026-08-30
IT0003697080;GEOX;GEO;Euronext Milan;EUR;IT;Common Stock;OUI;ACTION_EEE;action ordinaire (Common Stock) émise dans l'EEE;2026-08-30
IT0003796171;POSTE ITALIANE;2PST;Trading After Hours | Euronext Milan;EUR;IT;Common Stock;OUI;ACTION_EEE;action ordinaire (Common Stock) émise dans l'EEE;2026-08-30
IT0003828271;RECORDATI ORD;2REC;Trading After Hours | Euronext Milan;EUR;IT;Common Stock;OUI;ACTION_EEE;action ordinaire (Common Stock) émise dans l'EEE;2026-08-30
IT0003850929;ESPRINET;PRT;Euronext Milan;EUR;IT;Common Stock;OUI;ACTION_EEE;action ordinaire (Common Stock) émise dans l'EEE;2026-08-30
IT0003856405;LEONARDO;LDO;Euronext Milan | Trading After Hours;EUR;IT;Common Stock;OUI;ACTION_EEE;action ordinaire (Common Stock) émise dans l'EEE;2026-08-30
IT0003865570;WEBUILD;2WBD;Trading After Hours | Euronext Milan;EUR;IT;Common Stock;OUI;ACTION_EEE;action ordinaire (Common Stock) émise dans l'EEE;2026-08-30
IT0003865588;WEBUILD RSP;WBDR;Euronext Milan;EUR;IT;Savings Share;A_VERIFIER;TYPE_INCERTAIN;action d'épargne italienne : vérifier le statut;2026-08-30
IT0003895668;EUROTECH;ETH;Euronext Milan;EUR;IT;Common Stock;OUI;ACTION_EEE;action ordinaire (Common Stock) émise dans l'EEE;2026-08-30
IT0004053440;DATALOGIC;DAL;Euronext Milan;EUR;IT;Common Stock;OUI;ACTION_EEE;action ordinaire (Common Stock) émise dans l'EEE;2026-08-30
IT0004056880;AMPLIFON;2AMP;Trading After Hours | Euronext Milan;EUR;IT;Common Stock;OUI;ACTION_EEE;action ordinaire (Common Stock) émise dans l'EEE;2026-08-30
IT0004093263;ASCOPIAVE;ASC;Euronext Milan;EUR;IT;Common Stock;OUI;ACTION_EEE;action ordinaire (Common Stock) émise dans l'EEE;2026-08-30
IT0004098510;GAS PLUS;GSP;Euronext Milan;EUR;IT;Common Stock;OUI;ACTION_EEE;action ordinaire (Common Stock) émise dans l'EEE;2026-08-30
IT0004125677;MASI AGRICOLA;MASI;Euronext Growth Milan;EUR;IT;Common Stock;OUI;ACTION_EEE;action ordinaire (Common Stock) émise dans l'EEE;2026-08-30
IT0004171440;ZIGNAGO VETRO;ZV;Euronext Milan;EUR;IT;Common Stock;OUI;ACTION_EEE;action ordinaire (Common Stock) émise dans l'EEE;2026-08-30
IT0004176001;PRYSMIAN;2PRY;Trading After Hours | Euronext Milan;EUR;IT;Common Stock;OUI;ACTION_EEE;action ordinaire (Common Stock) émise dans l'EEE;2026-08-30
IT0004195308;MOLTIPLY GROUP;MOL;Euronext Milan;EUR;IT;Common Stock;OUI;ACTION_EEE;action ordinaire (Common Stock) émise dans l'EEE;2026-08-30
IT0004240443;PIQUADRO;PQ;Euronext Milan;EUR;IT;Common Stock;OUI;ACTION_EEE;action ordinaire (Common Stock) émise dans l'EEE;2026-08-30
IT0004329733;CAIRO COMMUNICAT;CAI;Euronext Milan;EUR;IT;Common Stock;OUI;ACTION_EEE;action ordinaire (Common Stock) émise dans l'EEE;2026-08-30
IT0004356751;ENERVIT;ENV;Euronext Milan;EUR;IT;Common Stock;OUI;ACTION_EEE;action ordinaire (Common Stock) émise dans l'EEE;2026-08-30
IT0004376858;MARZOCCHI POMPE;MARP;Euronext Growth Milan;EUR;IT;Common Stock;OUI;ACTION_EEE;action ordinaire (Common Stock) émise dans l'EEE;2026-08-30
IT0004412497;BASTOGI SPA;B;Euronext Milan;EUR;IT;Common Stock;OUI;ACTION_EEE;action ordinaire (Common Stock) émise dans l'EEE;2026-08-30
IT0004496029;EXPERT.AI;EXAI;Euronext Growth Milan;EUR;IT;Common Stock;OUI;ACTION_EEE;action ordinaire (Common Stock) émise dans l'EEE;2026-08-30
IT0004522162;LUCISANO MEDIA G;LMG;Euronext Growth Milan;EUR;IT;Common Stock;OUI;ACTION_EEE;action ordinaire (Common Stock) émise dans l'EEE;2026-08-30
IT0004552359;KME GROUP;KME;Euronext Milan;EUR;IT;Common Stock;OUI;ACTION_EEE;action ordinaire (Common Stock) émise dans l'EEE;2026-08-30
IT0004552367;KME GROUP RSP;KMER;Euronext Milan;EUR;IT;Savings Share;A_VERIFIER;TYPE_INCERTAIN;action d'épargne italienne : vérifier le statut;2026-08-30
IT0004585243;TESMEC;TES;Euronext Milan;EUR;IT;Common Stock;OUI;ACTION_EEE;action ordinaire (Common Stock) émise dans l'EEE;2026-08-30
IT0004587470;POLIGRAF PRINTING;POPR;Euronext Growth Milan;EUR;IT;Common Stock;OUI;ACTION_EEE;action ordinaire (Common Stock) émise dans l'EEE;2026-08-30
IT0004604762;SAFILO GROUP;SFL;Euronext Milan;EUR;IT;Common Stock;OUI;ACTION_EEE;action ordinaire (Common Stock) émise dans l'EEE;2026-08-30
IT0004674666;H-FARM;FARM;Euronext Growth Milan;EUR;IT;Common Stock;OUI;ACTION_EEE;action ordinaire (Common Stock) émise dans l'EEE;2026-08-30
IT0004712375;SALV FERRAGAMO;2SFER;Trading After Hours | Euronext Milan;EUR;IT;Common Stock;OUI;ACTION_EEE;action ordinaire (Common Stock) émise dans l'EEE;2026-08-30
IT0004717200;VIMI FASTENERS;VIM;Euronext Growth Milan;EUR;IT;Common Stock;OUI;ACTION_EEE;action ordinaire (Common Stock) émise dans l'EEE;2026-08-30
IT0004720733;ALERION;ARN;Euronext Milan;EUR;IT;Common Stock;OUI;ACTION_EEE;action ordinaire (Common Stock) émise dans l'EEE;2026-08-30
IT0004724107;RATTI;RAT;Euronext Milan;EUR;IT;Common Stock;OUI;ACTION_EEE;action ordinaire (Common Stock) émise dans l'EEE;2026-08-30
IT0004729759;SESA;SES;Euronext Milan;EUR;IT;Common Stock;OUI;ACTION_EEE;action ordinaire (Common Stock) émise dans l'EEE;2026-08-30
IT0004764699;BRUNELLO CUCINELLI;2BC;Trading After Hours | Euronext Milan;EUR;IT;Common Stock;OUI;ACTION_EEE;action ordinaire (Common Stock) émise dans l'EEE;2026-08-30
IT0004776628;BANCA MEDIOLANUM;2BMED;Trading After Hours | Euronext Milan;EUR;IT;Common Stock;OUI;ACTION_EEE;action ordinaire (Common Stock) émise dans l'EEE;2026-08-30
IT0004779515;AMBROMOBILIARE;AMB;Euronext Growth Milan;EUR;IT;Common Stock;OUI;ACTION_EEE;action ordinaire (Common Stock) émise dans l'EEE;2026-08-30
IT0004810054;UNIPOL;UNI;Euronext Milan | Trading After Hours;EUR;IT;Common Stock;OUI;ACTION_EEE;action ordinaire (Common Stock) émise dans l'EEE;2026-08-30
IT0004812258;AZ LEASING;MLAZL;Euronext Access Paris;EUR;IT;Common Stock;OUI;ACTION_EEE;action ordinaire (Common Stock) émise dans l'EEE;2026-08-30
IT0004818297;EUKEDOS;EUK;Euronext Milan;EUR;IT;Common Stock;OUI;ACTION_EEE;action ordinaire (Common Stock) émise dans l'EEE;2026-08-30
IT0004819857;FRENDY ENERGY;FRE;Euronext Growth Milan;EUR;IT;Common Stock;OUI;ACTION_EEE;action ordinaire (Common Stock) émise dans l'EEE;2026-08-30
IT0004931058;MAIRE;MAIRE;Euronext Milan;EUR;IT;Common Stock;OUI;ACTION_EEE;action ordinaire (Common Stock) émise dans l'EEE;2026-08-30
IT0004931496;RCS MEDIAGROUP;RCS;Euronext Milan;EUR;IT;Common Stock;OUI;ACTION_EEE;action ordinaire (Common Stock) émise dans l'EEE;2026-08-30
IT0004965148;MONCLER;MONC;Euronext Milan | Trading After Hours;EUR;IT;Common Stock;OUI;ACTION_EEE;action ordinaire (Common Stock) émise dans l'EEE;2026-08-30
IT0004967292;FILA;FILA;Euronext Milan;EUR;IT;Common Stock;OUI;ACTION_EEE;action ordinaire (Common Stock) émise dans l'EEE;2026-08-30
IT0004973696;LEONE FILM GROUP;LFG;Euronext Growth Milan;EUR;IT;Common Stock;OUI;ACTION_EEE;action ordinaire (Common Stock) émise dans l'EEE;2026-08-30
IT0004998065;ANIMA HOLDING;ANIM;Euronext Milan;EUR;IT;Common Stock;OUI;ACTION_EEE;action ordinaire (Common Stock) émise dans l'EEE;2026-08-30
IT0005001554;TRIBOO;TB;Euronext Milan;EUR;IT;Common Stock;OUI;ACTION_EEE;action ordinaire (Common Stock) émise dans l'EEE;2026-08-30
IT0005003782;CASTA DIVA GROUP;CDG;Euronext Growth Milan;EUR;IT;Common Stock;OUI;ACTION_EEE;action ordinaire (Common Stock) émise dans l'EEE;2026-08-30
IT0005013013;ZEST;ZEST;Euronext Milan;EUR;IT;Common Stock;OUI;ACTION_EEE;action ordinaire (Common Stock) émise dans l'EEE;2026-08-30
IT0005023038;GABETTI;GAB;Euronext Milan;EUR;IT;Common Stock;OUI;ACTION_EEE;action ordinaire (Common Stock) émise dans l'EEE;2026-08-30
IT0005025355;NOTORIOUS PICTURES;NPI;Euronext Growth Milan;EUR;IT;Common Stock;OUI;ACTION_EEE;action ordinaire (Common Stock) émise dans l'EEE;2026-08-30
IT0005037210;TINEXTA;TNXT;Euronext Milan;EUR;IT;Common Stock;OUI;ACTION_EEE;action ordinaire (Common Stock) émise dans l'EEE;2026-08-30
IT0005037905;INIZIAT BRESCIANE;IB;Euronext Growth Milan;EUR;IT;Common Stock;OUI;ACTION_EEE;action ordinaire (Common Stock) émise dans l'EEE;2026-08-30
IT0005040354;GROWENS;GROW;Euronext Growth Milan;EUR;IT;Common Stock;OUI;ACTION_EEE;action ordinaire (Common Stock) émise dans l'EEE;2026-08-30
IT0005043507;OVS;OVS;Euronext Milan;EUR;IT;Common Stock;OUI;ACTION_EEE;action ordinaire (Common Stock) émise dans l'EEE;2026-08-30
IT0005054967;RAI WAY;RWAY;Euronext Milan;EUR;IT;Common Stock;OUI;ACTION_EEE;action ordinaire (Common Stock) émise dans l'EEE;2026-08-30
IT0005075764;ITALIAN WINE BRAND;IWB;Euronext Growth Milan;EUR;IT;Common Stock;OUI;ACTION_EEE;action ordinaire (Common Stock) émise dans l'EEE;2026-08-30
IT0005089476;DIGITOUCH;DGT;Euronext Growth Milan;EUR;IT;Common Stock;OUI;ACTION_EEE;action ordinaire (Common Stock) émise dans l'EEE;2026-08-30
IT0005090300;INWIT;2INW;Trading After Hours | Euronext Milan;EUR;IT;Common Stock;OUI;ACTION_EEE;action ordinaire (Common Stock) émise dans l'EEE;2026-08-30
IT0005091324;CLABO;CLABO;Euronext Growth Milan;EUR;IT;Common Stock;OUI;ACTION_EEE;action ordinaire (Common Stock) émise dans l'EEE;2026-08-30
IT0005107492;LUVE;LUVE;Euronext Milan;EUR;IT;Common Stock;OUI;ACTION_EEE;action ordinaire (Common Stock) émise dans l'EEE;2026-08-30
IT0005108219;I GRANDI VIAGGI;IGV;Euronext Milan;EUR;IT;Common Stock;OUI;ACTION_EEE;action ordinaire (Common Stock) émise dans l'EEE;2026-08-30
IT0005117848;CLASS EDITORI;CLE;Euronext Milan;EUR;IT;Common Stock;OUI;ACTION_EEE;action ordinaire (Common Stock) émise dans l'EEE;2026-08-30
IT0005119810;AVIO;AVIO;Euronext Milan;EUR;IT;Common Stock;OUI;ACTION_EEE;action ordinaire (Common Stock) émise dans l'EEE;2026-08-30
IT0005122392;GAMBERO ROSSO;GAMB;Euronext Growth Milan;EUR;IT;Common Stock;OUI;ACTION_EEE;action ordinaire (Common Stock) émise dans l'EEE;2026-08-30
IT0005122400;OPS ECOM;OEC;Euronext Milan;EUR;IT;Common Stock;OUI;ACTION_EEE;action ordinaire (Common Stock) émise dans l'EEE;2026-08-30
IT0005138703;ORSERO;ORS;Euronext Milan;EUR;IT;Common Stock;OUI;ACTION_EEE;action ordinaire (Common Stock) émise dans l'EEE;2026-08-30
IT0005144784;GENERALFINANCE;GF;Euronext Milan;EUR;IT;Common Stock;OUI;ACTION_EEE;action ordinaire (Common Stock) émise dans l'EEE;2026-08-30
IT0005162406;TECHNOGYM;TGYM;Euronext Milan;EUR;IT;Common Stock;OUI;ACTION_EEE;action ordinaire (Common Stock) émise dans l'EEE;2026-08-30
IT0005176406;ENAV;ENAV;Euronext Milan;EUR;IT;Common Stock;OUI;ACTION_EEE;action ordinaire (Common Stock) émise dans l'EEE;2026-08-30
IT0005186371;INDUSTRIE DE NORA;DNR;Euronext Milan;EUR;IT;Common Stock;OUI;ACTION_EEE;action ordinaire (Common Stock) émise dans l'EEE;2026-08-30
IT0005187460;B.F.;BFG;Euronext Milan;EUR;IT;Common Stock;OUI;ACTION_EEE;action ordinaire (Common Stock) émise dans l'EEE;2026-08-30
IT0005203424;FOPE;FPE;Euronext Growth Milan;EUR;IT;Common Stock;OUI;ACTION_EEE;action ordinaire (Common Stock) émise dans l'EEE;2026-08-30
IT0005203622;DHH;DHH;Euronext Growth Milan;EUR;IT;Common Stock;OUI;ACTION_EEE;action ordinaire (Common Stock) émise dans l'EEE;2026-08-30
IT0005204729;4AIM SICAF;AIM;Euronext Growth Milan;EUR;IT;Common Stock;OUI;ACTION_EEE;action ordinaire (Common Stock) émise dans l'EEE;2026-08-30
IT0005211237;ITALGAS;IG;Euronext Milan | Trading After Hours;EUR;IT;Common Stock;OUI;ACTION_EEE;action ordinaire (Common Stock) émise dans l'EEE;2026-08-30
IT0005215329;FINE FOODS & PHARM;FF;Euronext Milan;EUR;IT;Common Stock;OUI;ACTION_EEE;action ordinaire (Common Stock) émise dans l'EEE;2026-08-30
IT0005218380;BANCO BPM;2BAMI;Trading After Hours | Euronext Milan;EUR;IT;Common Stock;OUI;ACTION_EEE;action ordinaire (Common Stock) émise dans l'EEE;2026-08-30
IT0005221517;GPI;GPI;Euronext Milan;EUR;IT;Common Stock;OUI;ACTION_EEE;action ordinaire (Common Stock) émise dans l'EEE;2026-08-30
IT0005239360;UNICREDIT;2UCG;Trading After Hours | Euronext Milan;EUR;IT;Common Stock;OUI;ACTION_EEE;action ordinaire (Common Stock) émise dans l'EEE;2026-08-30
IT0005240046;TELESIA;TLS;Euronext Growth Milan;EUR;IT;Common Stock;OUI;ACTION_EEE;action ordinaire (Common Stock) émise dans l'EEE;2026-08-30
IT0005241192;AQUAFIL;ECNL;Euronext Milan;EUR;IT;Common Stock;OUI;ACTION_EEE;action ordinaire (Common Stock) émise dans l'EEE;2026-08-30
IT0005244030;ALFIO BARDOLLA;ABTG;Euronext Growth Milan;EUR;IT;Common Stock;OUI;ACTION_EEE;action ordinaire (Common Stock) émise dans l'EEE;2026-08-30
IT0005244402;BFF BANK;BFF;Euronext Milan;EUR;IT;Common Stock;OUI;ACTION_EEE;action ordinaire (Common Stock) émise dans l'EEE;2026-08-30
IT0005244618;CELLULARLINE;CELL;Euronext Milan;EUR;IT;Common Stock;OUI;ACTION_EEE;action ordinaire (Common Stock) émise dans l'EEE;2026-08-30
IT0005245508;INDEL B;INDB;Euronext Milan;EUR;IT;Common Stock;OUI;ACTION_EEE;action ordinaire (Common Stock) émise dans l'EEE;2026-08-30
IT0005245607;W ALFIO BARD 17-27;WABTG;Euronext Growth Milan;EUR;IT;Equity WRT;NON;TYPE_INSTRUMENT;bon ou droit de souscription : non éligible au PEA;2026-08-30
IT0005246142;TPS;TPS;Euronext Growth Milan;EUR;IT;Common Stock;OUI;ACTION_EEE;action ordinaire (Common Stock) émise dans l'EEE;2026-08-30
IT0005246191;COMER INDUSTRIES;COM;Euronext Milan;EUR;IT;Common Stock;OUI;ACTION_EEE;action ordinaire (Common Stock) émise dans l'EEE;2026-08-30
IT0005252736;FIRST CAPITAL;FIC;Euronext Growth Milan;EUR;IT;Common Stock;OUI;ACTION_EEE;action ordinaire (Common Stock) émise dans l'EEE;2026-08-30
IT0005253205;ITALMOBILIARE;ITM;Euronext Milan;EUR;IT;Common Stock;OUI;ACTION_EEE;action ordinaire (Common Stock) émise dans l'EEE;2026-08-30
IT0005262149;SIT;SIT;Euronext Milan;EUR;IT;Common Stock;OUI;ACTION_EEE;action ordinaire (Common Stock) émise dans l'EEE;2026-08-30
IT0005274094;PHARMANUTRA;PHN;Euronext Milan;EUR;IT;Common Stock;OUI;ACTION_EEE;action ordinaire (Common Stock) émise dans l'EEE;2026-08-30
IT0005275778;NEODECORTECH;NDT;Euronext Milan;EUR;IT;Common Stock;OUI;ACTION_EEE;action ordinaire (Common Stock) émise dans l'EEE;2026-08-30
IT0005278236;PIRELLI & C;PIRC;Euronext Milan | Trading After Hours;EUR;IT;Common Stock;OUI;ACTION_EEE;action ordinaire (Common Stock) émise dans l'EEE;2026-08-30
IT0005282865;REPLY;REY;Euronext Milan;EUR;IT;Common Stock;OUI;ACTION_EEE;action ordinaire (Common Stock) émise dans l'EEE;2026-08-30
IT0005283640;SERI INDUSTRIAL;SERI;Euronext Milan;EUR;IT;Common Stock;OUI;ACTION_EEE;action ordinaire (Common Stock) émise dans l'EEE;2026-08-30
IT0005285942;DBA GROUP;DBA;Euronext Growth Milan;EUR;IT;Common Stock;OUI;ACTION_EEE;action ordinaire (Common Stock) émise dans l'EEE;2026-08-30
IT0005312027;EQUITA GROUP;EQUI;Euronext Milan;EUR;IT;Common Stock;OUI;ACTION_EEE;action ordinaire (Common Stock) émise dans l'EEE;2026-08-30
IT0005312365;GEL;GEL;Euronext Growth Milan;EUR;IT;Common Stock;OUI;ACTION_EEE;action ordinaire (Common Stock) émise dans l'EEE;2026-08-30
IT0005322612;IGD;IGD;Euronext Milan;EUR;IT;REIT;NON;REGIME_FONCIER;foncière cotée (SIIC ou régime européen équivalent) : exclue du PEA depuis le 21 octobre 2011;2026-08-30
IT0005324105;MEDIA LAB;MLLAB;Euronext Access Paris;EUR;IT;Common Stock;OUI;ACTION_EEE;action ordinaire (Common Stock) émise dans l'EEE;2026-08-30
IT0005329815;SOMEC;SOM;Euronext Milan;EUR;IT;Common Stock;OUI;ACTION_EEE;action ordinaire (Common Stock) émise dans l'EEE;2026-08-30
IT0005331019;CAREL INDUSTRIES;CRL;Euronext Milan;EUR;IT;Common Stock;OUI;ACTION_EEE;action ordinaire (Common Stock) émise dans l'EEE;2026-08-30
IT0005332595;GRIFAL;GRAL;Euronext Growth Milan;EUR;IT;Common Stock;OUI;ACTION_EEE;action ordinaire (Common Stock) émise dans l'EEE;2026-08-30
IT0005335754;FRANCHI UMB MARMI;FUM;Euronext Growth Milan;EUR;IT;Common Stock;OUI;ACTION_EEE;action ordinaire (Common Stock) émise dans l'EEE;2026-08-30
IT0005336521;ITALY INNOVAZIONI;MLITN;Euronext Access Paris;EUR;IT;Common Stock;OUI;ACTION_EEE;action ordinaire (Common Stock) émise dans l'EEE;2026-08-30
IT0005337073;LONGINO&CARDENAL;LON;Euronext Growth Milan;EUR;IT;Common Stock;OUI;ACTION_EEE;action ordinaire (Common Stock) émise dans l'EEE;2026-08-30
IT0005337107;ESAUTOMOTION;ESAU;Euronext Growth Milan;EUR;IT;Common Stock;OUI;ACTION_EEE;action ordinaire (Common Stock) émise dans l'EEE;2026-08-30
IT0005337172;SG COMPANY;SGC;Euronext Growth Milan;EUR;IT;Common Stock;OUI;ACTION_EEE;action ordinaire (Common Stock) émise dans l'EEE;2026-08-30
IT0005337495;PORTOBELLO;POR;Euronext Growth Milan;EUR;IT;Common Stock;OUI;ACTION_EEE;action ordinaire (Common Stock) émise dans l'EEE;2026-08-30
IT0005337818;INTRED;ITD;Euronext Growth Milan;EUR;IT;Common Stock;OUI;ACTION_EEE;action ordinaire (Common Stock) émise dans l'EEE;2026-08-30
IT0005338139;MONNALISA;MNL;Euronext Growth Milan;EUR;IT;Common Stock;OUI;ACTION_EEE;action ordinaire (Common Stock) émise dans l'EEE;2026-08-30
IT0005338675;SOSTRAVEL.COM;SOS;Euronext Growth Milan;EUR;IT;Common Stock;OUI;ACTION_EEE;action ordinaire (Common Stock) émise dans l'EEE;2026-08-30
IT0005339160;PLC;PLC;Euronext Milan;EUR;IT;Common Stock;OUI;ACTION_EEE;action ordinaire (Common Stock) émise dans l'EEE;2026-08-30
IT0005340051;SCIUKER FRAMES;SCK;Euronext Growth Milan;EUR;IT;Common Stock;OUI;ACTION_EEE;action ordinaire (Common Stock) émise dans l'EEE;2026-08-30
IT0005344996;CIRCLE;CIRC;Euronext Growth Milan;EUR;IT;Common Stock;OUI;ACTION_EEE;action ordinaire (Common Stock) émise dans l'EEE;2026-08-30
IT0005345233;GAROF HEALTH CARE;GHC;Euronext Milan;EUR;IT;Common Stock;OUI;ACTION_EEE;action ordinaire (Common Stock) émise dans l'EEE;2026-08-30
IT0005347593;W SG COMPANY 18-28;WSGC28;Euronext Growth Milan;EUR;IT;Equity WRT;NON;TYPE_INSTRUMENT;bon ou droit de souscription : non éligible au PEA;2026-08-30
IT0005351504;EDILIZIACROBATICA;ALEAC;Euronext Growth Paris | Euronext Growth Milan;EUR;IT;Common Stock;OUI;ACTION_EEE;action ordinaire (Common Stock) émise dans l'EEE;2026-08-30
IT0005353484;SEIF SPA;ALSEI;Euronext Growth Paris | Euronext Growth Milan;EUR;IT;Common Stock;OUI;ACTION_EEE;action ordinaire (Common Stock) émise dans l'EEE;2026-08-30
IT0005353575;ENTERA;ENT;Euronext Growth Milan;EUR;IT;Common Stock;OUI;ACTION_EEE;action ordinaire (Common Stock) émise dans l'EEE;2026-08-30
IT0005353815;POWERSOFT;PWS;Euronext Growth Milan;EUR;IT;Common Stock;OUI;ACTION_EEE;action ordinaire (Common Stock) émise dans l'EEE;2026-08-30
IT0005359101;ILPRA;ILP;Euronext Growth Milan;EUR;IT;Common Stock;OUI;ACTION_EEE;action ordinaire (Common Stock) émise dans l'EEE;2026-08-30
IT0005364333;MAPS;MAPS;Euronext Growth Milan;EUR;IT;Common Stock;OUI;ACTION_EEE;action ordinaire (Common Stock) émise dans l'EEE;2026-08-30
IT0005366767;NEXI;NEXI;Euronext Milan | Trading After Hours;EUR;IT;Common Stock;OUI;ACTION_EEE;action ordinaire (Common Stock) émise dans l'EEE;2026-08-30
IT0005373789;PHILOGEN;PHIL;Euronext Milan;EUR;IT;Common Stock;OUI;ACTION_EEE;action ordinaire (Common Stock) émise dans l'EEE;2026-08-30
IT0005374035;OFFICINA STELLARE;OS;Euronext Growth Milan;EUR;IT;Common Stock;OUI;ACTION_EEE;action ordinaire (Common Stock) émise dans l'EEE;2026-08-30
IT0005377277;CLEANBNB;CBB;Euronext Growth Milan;EUR;IT;Common Stock;OUI;ACTION_EEE;action ordinaire (Common Stock) émise dans l'EEE;2026-08-30
IT0005378143;PATTERN;PTR;Euronext Growth Milan;EUR;IT;Common Stock;OUI;ACTION_EEE;action ordinaire (Common Stock) émise dans l'EEE;2026-08-30
IT0005378333;TALEA;TALEA;Euronext Growth Milan;EUR;IT;Common Stock;OUI;ACTION_EEE;action ordinaire (Common Stock) émise dans l'EEE;2026-08-30
IT0005379406;COPERNICO;COP;Euronext Growth Milan;EUR;IT;Common Stock;OUI;ACTION_EEE;action ordinaire (Common Stock) émise dans l'EEE;2026-08-30
IT0005379604;CONFINVEST ORO;CFV;Euronext Growth Milan;EUR;IT;Common Stock;OUI;ACTION_EEE;action ordinaire (Common Stock) émise dans l'EEE;2026-08-30
IT0005379737;RADICI;RAD;Euronext Growth Milan;EUR;IT;Common Stock;OUI;ACTION_EEE;action ordinaire (Common Stock) émise dans l'EEE;2026-08-30
IT0005380461;UCAPITAL24;U24;Euronext Growth Milan;EUR;IT;Common Stock;OUI;ACTION_EEE;action ordinaire (Common Stock) émise dans l'EEE;2026-08-30
IT0005380602;SIPARIO MOVIES;ALIE;Euronext Growth Paris;EUR;IT;Common Stock;OUI;ACTION_EEE;action ordinaire (Common Stock) émise dans l'EEE;2026-08-30
IT0005383291;FERRETTI;YACHT;Euronext Milan;EUR;IT;Common Stock;OUI;ACTION_EEE;action ordinaire (Common Stock) émise dans l'EEE;2026-08-30
IT0005384901;WEBSOLUTE;WBS;Euronext Growth Milan;EUR;IT;Common Stock;OUI;ACTION_EEE;action ordinaire (Common Stock) émise dans l'EEE;2026-08-30
IT0005385213;NEWPRINCES;NWL;Euronext Milan;EUR;IT;Common Stock;OUI;ACTION_EEE;action ordinaire (Common Stock) émise dans l'EEE;2026-08-30
IT0005386369;ARTERRA BIOSCIENCE;ARBS;Euronext Growth Milan;EUR;IT;Common Stock;OUI;ACTION_EEE;action ordinaire (Common Stock) émise dans l'EEE;2026-08-30
IT0005388449;MATICA FINTEC;MFT;Euronext Growth Milan;EUR;IT;Common Stock;OUI;ACTION_EEE;action ordinaire (Common Stock) émise dans l'EEE;2026-08-30
IT0005391104;W GISMONDI 19-26;WGIS26;Euronext Growth Milan;EUR;IT;Equity WRT;NON;TYPE_INSTRUMENT;bon ou droit de souscription : non éligible au PEA;2026-08-30
IT0005391138;GISMONDI 1754;GIS;Euronext Growth Milan;EUR;IT;Common Stock;OUI;ACTION_EEE;action ordinaire (Common Stock) émise dans l'EEE;2026-08-30
IT0005391161;INNOVATIVE RFK SPA;MLIRF;Euronext Access Paris;EUR;IT;Common Stock;OUI;ACTION_EEE;action ordinaire (Common Stock) émise dans l'EEE;2026-08-30
IT0005391229;E-NOVIA;E9IA;Euronext Growth Milan;EUR;IT;Common Stock;OUI;ACTION_EEE;action ordinaire (Common Stock) émise dans l'EEE;2026-08-30
IT0005394413;DOXEE;DOX;Euronext Growth Milan;EUR;IT;Common Stock;OUI;ACTION_EEE;action ordinaire (Common Stock) émise dans l'EEE;2026-08-30
IT0005395071;ZUCCHI;ZUC;Euronext Milan;EUR;IT;Common Stock;OUI;ACTION_EEE;action ordinaire (Common Stock) émise dans l'EEE;2026-08-30
IT0005408593;CREACTIVES GROUP;CREG;Euronext Growth Milan;EUR;IT;Common Stock;OUI;ACTION_EEE;action ordinaire (Common Stock) émise dans l'EEE;2026-08-30
IT0005411209;GVS;GVS;Euronext Milan;EUR;IT;Common Stock;OUI;ACTION_EEE;action ordinaire (Common Stock) émise dans l'EEE;2026-08-30
IT0005412298;INNOVATEC;INC;Euronext Growth Milan;EUR;IT;Common Stock;OUI;ACTION_EEE;action ordinaire (Common Stock) émise dans l'EEE;2026-08-30
IT0005412504;CY4GATE;CY4;Euronext Milan;EUR;IT;Common Stock;OUI;ACTION_EEE;action ordinaire (Common Stock) émise dans l'EEE;2026-08-30
IT0005416281;IND CHIMICHE FORES;ICF;Euronext Growth Milan;EUR;IT;Common Stock;OUI;ACTION_EEE;action ordinaire (Common Stock) émise dans l'EEE;2026-08-30
IT0005418204;RETI;RETI;Euronext Growth Milan;EUR;IT;Common Stock;OUI;ACTION_EEE;action ordinaire (Common Stock) émise dans l'EEE;2026-08-30
IT0005421885;ESI;ESIGM;Euronext Growth Milan;EUR;IT;Common Stock;OUI;ACTION_EEE;action ordinaire (Common Stock) émise dans l'EEE;2026-08-30
IT0005424830;OSAI AUTOM SYSTEM;OSA;Euronext Growth Milan;EUR;IT;Common Stock;OUI;ACTION_EEE;action ordinaire (Common Stock) émise dans l'EEE;2026-08-30
IT0005425050;TECMA SOLUTIONS;TCM;Euronext Growth Milan;EUR;IT;Common Stock;OUI;ACTION_EEE;action ordinaire (Common Stock) émise dans l'EEE;2026-08-30
IT0005425092;W AMBROMOBIL 20-26;WAMB26;Euronext Growth Milan;EUR;IT;Equity WRT;NON;TYPE_INSTRUMENT;bon ou droit de souscription : non éligible au PEA;2026-08-30
IT0005425365;PROMOTICA;PMT;Euronext Growth Milan;EUR;IT;Common Stock;OUI;ACTION_EEE;action ordinaire (Common Stock) émise dans l'EEE;2026-08-30
IT0005426215;CONVERGENZE;CVG;Euronext Growth Milan;EUR;IT;Common Stock;OUI;ACTION_EEE;action ordinaire (Common Stock) émise dans l'EEE;2026-08-30
IT0005427510;MIT SIM;MTS;Euronext Growth Milan;EUR;IT;Common Stock;OUI;ACTION_EEE;action ordinaire (Common Stock) émise dans l'EEE;2026-08-30
IT0005428898;TENAX INTERNAT;TNX;Euronext Growth Milan;EUR;IT;Common Stock;OUI;ACTION_EEE;action ordinaire (Common Stock) émise dans l'EEE;2026-08-30
IT0005430936;EVISO;EVISO;Euronext Growth Milan;EUR;IT;Common Stock;OUI;ACTION_EEE;action ordinaire (Common Stock) émise dans l'EEE;2026-08-30
IT0005430951;PLANETEL;PLN;Euronext Growth Milan;EUR;IT;Common Stock;OUI;ACTION_EEE;action ordinaire (Common Stock) émise dans l'EEE;2026-08-30
IT0005433765;VANTEA SMART;VNT;Euronext Growth Milan;EUR;IT;Common Stock;OUI;ACTION_EEE;action ordinaire (Common Stock) émise dans l'EEE;2026-08-30
IT0005438046;SECO;IOT;Euronext Milan;EUR;IT;Common Stock;OUI;ACTION_EEE;action ordinaire (Common Stock) émise dans l'EEE;2026-08-30
IT0005439085;THE ITALIAN SEA G;TISG;Euronext Milan;EUR;IT;Common Stock;OUI;ACTION_EEE;action ordinaire (Common Stock) émise dans l'EEE;2026-08-30
IT0005439861;A.B.P. NOCIVELLI;ABP;Euronext Growth Milan;EUR;IT;Common Stock;OUI;ACTION_EEE;action ordinaire (Common Stock) émise dans l'EEE;2026-08-30
IT0005440323;4AIM SICAF COMP 2;AIM2;Euronext Growth Milan;EUR;IT;Common Stock;OUI;ACTION_EEE;action ordinaire (Common Stock) émise dans l'EEE;2026-08-30
IT0005440893;WIIT;WIIT;Euronext Milan;EUR;IT;Common Stock;OUI;ACTION_EEE;action ordinaire (Common Stock) émise dans l'EEE;2026-08-30
IT0005442154;PREMIA FINANCE;PFI;Euronext Growth Milan;EUR;IT;Common Stock;OUI;ACTION_EEE;action ordinaire (Common Stock) émise dans l'EEE;2026-08-30
IT0005443061;ACQUAZZURRA;ACQ;Euronext Growth Milan;EUR;IT;Common Stock;OUI;ACTION_EEE;action ordinaire (Common Stock) émise dans l'EEE;2026-08-30
IT0005445280;ABITARE IN;ABT;Euronext Milan;EUR;IT;Common Stock;OUI;ACTION_EEE;action ordinaire (Common Stock) émise dans l'EEE;2026-08-30
IT0005446718;W SOST.COM 21-26;WSOS26;Euronext Growth Milan;EUR;IT;Equity WRT;NON;TYPE_INSTRUMENT;bon ou droit de souscription : non éligible au PEA;2026-08-30
IT0005446726;W TRAWELL CO 21-26;WTWL26;Euronext Growth Milan;EUR;IT;;A_VERIFIER;NATURE_INCONNUE;nature de l'instrument non identifiée par OpenFIGI;2026-08-30
IT0005449464;ATON GREEN STORAGE;ATON;Euronext Growth Milan;EUR;IT;Common Stock;OUI;ACTION_EEE;action ordinaire (Common Stock) émise dans l'EEE;2026-08-30
IT0005450173;MEGLIOQUESTO;MQSPA;Euronext Growth Milan;EUR;IT;Common Stock;OUI;ACTION_EEE;action ordinaire (Common Stock) émise dans l'EEE;2026-08-30
IT0005450694;HIGH QUALITY FOOD;HQF;Euronext Growth Milan;EUR;IT;Common Stock;OUI;ACTION_EEE;action ordinaire (Common Stock) émise dans l'EEE;2026-08-30
IT0005450819;MEXEDIA;ALMEX;Euronext Growth Paris;EUR;IT;Common Stock;OUI;ACTION_EEE;action ordinaire (Common Stock) émise dans l'EEE;2026-08-30
IT0005451213;HELYX INDUSTRIES;HLX;Euronext Growth Milan;EUR;IT;Common Stock;OUI;ACTION_EEE;action ordinaire (Common Stock) émise dans l'EEE;2026-08-30
IT0005453003;GIGLIO.COM;GCOM;Euronext Growth Milan;EUR;IT;Common Stock;OUI;ACTION_EEE;action ordinaire (Common Stock) émise dans l'EEE;2026-08-30
IT0005453110;NUSCO;NUS;Euronext Growth Milan;EUR;IT;Common Stock;OUI;ACTION_EEE;action ordinaire (Common Stock) émise dans l'EEE;2026-08-30
IT0005453235;COMPAGNIA  CARAIBI;TIME;Euronext Growth Milan;EUR;IT;Common Stock;OUI;ACTION_EEE;action ordinaire (Common Stock) émise dans l'EEE;2026-08-30
IT0005453250;EL.EN.;ELN;Euronext Milan;EUR;IT;Common Stock;OUI;ACTION_EEE;action ordinaire (Common Stock) émise dans l'EEE;2026-08-30
IT0005453748;OMER;OMER;Euronext Growth Milan;EUR;IT;Common Stock;OUI;ACTION_EEE;action ordinaire (Common Stock) émise dans l'EEE;2026-08-30
IT0005453789;W HELYX 21-26;WHLX26;Euronext Growth Milan;EUR;IT;Equity WRT;NON;TYPE_INSTRUMENT;bon ou droit de souscription : non éligible au PEA;2026-08-30
IT0005454027;DESTINATION ITALIA;DIT;Euronext Growth Milan;EUR;IT;Common Stock;OUI;ACTION_EEE;action ordinaire (Common Stock) émise dans l'EEE;2026-08-30
IT0005455875;INTERCOS;ICOS;Euronext Milan;EUR;IT;Common Stock;OUI;ACTION_EEE;action ordinaire (Common Stock) émise dans l'EEE;2026-08-30
IT0005460081;REBIRTH;ALREB;Euronext Growth Paris;EUR;IT;Common Stock;OUI;ACTION_EEE;action ordinaire (Common Stock) émise dans l'EEE;2026-08-30
IT0005461303;ALLCORE;CORE;Euronext Growth Milan;EUR;IT;Common Stock;OUI;ACTION_EEE;action ordinaire (Common Stock) émise dans l'EEE;2026-08-30
IT0005465619;COFLE;CFL;Euronext Growth Milan;EUR;IT;Common Stock;OUI;ACTION_EEE;action ordinaire (Common Stock) émise dans l'EEE;2026-08-30
IT0005466039;ALFONSINO;ALFO;Euronext Growth Milan;EUR;IT;Common Stock;OUI;ACTION_EEE;action ordinaire (Common Stock) émise dans l'EEE;2026-08-30
IT0005466195;STAR7;STAR7;Euronext Growth Milan;EUR;IT;;A_VERIFIER;NATURE_INCONNUE;nature de l'instrument non identifiée par OpenFIGI;2026-08-30
IT0005466294;ABC COMPANY;ABC;Euronext Growth Milan;EUR;IT;Common Stock;OUI;ACTION_EEE;action ordinaire (Common Stock) émise dans l'EEE;2026-08-30
IT0005466963;RACING FORCE;RFG;Euronext Growth Milan | Euronext Growth Paris;EUR;IT;Common Stock;OUI;ACTION_EEE;action ordinaire (Common Stock) émise dans l'EEE;2026-08-30
IT0005468191;ESTRIMA;ESTM;Euronext Growth Milan;EUR;IT;Common Stock;OUI;ACTION_EEE;action ordinaire (Common Stock) émise dans l'EEE;2026-08-30
IT0005468290;ENA;ENA;Euronext Growth Milan;EUR;IT;Common Stock;OUI;ACTION_EEE;action ordinaire (Common Stock) émise dans l'EEE;2026-08-30
IT0005468357;DATRIX;DATA;Euronext Growth Milan;EUR;IT;Common Stock;OUI;ACTION_EEE;action ordinaire (Common Stock) émise dans l'EEE;2026-08-30
IT0005468662;HOMIZY;HZY;Euronext Growth Milan;EUR;IT;Common Stock;OUI;ACTION_EEE;action ordinaire (Common Stock) émise dans l'EEE;2026-08-30
IT0005469264;SVAS BIOSANA;SVS;Euronext Growth Milan;EUR;IT;Common Stock;OUI;ACTION_EEE;action ordinaire (Common Stock) émise dans l'EEE;2026-08-30
IT0005469272;LINDBERGH;LDB;Euronext Growth Milan;EUR;IT;Common Stock;OUI;ACTION_EEE;action ordinaire (Common Stock) émise dans l'EEE;2026-08-30
IT0005469371;INTERNAT CARE COMP;ICC;Euronext Growth Milan;EUR;IT;Common Stock;OUI;ACTION_EEE;action ordinaire (Common Stock) émise dans l'EEE;2026-08-30
IT0005472730;ALTEA GREEN POWER;AGP;Euronext Milan;EUR;IT;Common Stock;OUI;ACTION_EEE;action ordinaire (Common Stock) émise dans l'EEE;2026-08-30
IT0005474108;ISCC FINTECH;ISC;Euronext Growth Milan;EUR;IT;Common Stock;OUI;ACTION_EEE;action ordinaire (Common Stock) émise dans l'EEE;2026-08-30
IT0005475147;W FIN TECH 21-26;WFTC26;Euronext Growth Milan;EUR;IT;Equity WRT;NON;TYPE_INSTRUMENT;bon ou droit de souscription : non éligible au PEA;2026-08-30
IT0005475162;FINANZA.TECH;FTC;Euronext Growth Milan;EUR;IT;Common Stock;OUI;ACTION_EEE;action ordinaire (Common Stock) émise dans l'EEE;2026-08-30
IT0005481830;ROCKET SHARING C;RKT;Euronext Growth Milan;EUR;IT;Common Stock;OUI;ACTION_EEE;action ordinaire (Common Stock) émise dans l'EEE;2026-08-30
IT0005481855;MET.EXTRA GROUP;MET;Euronext Milan;EUR;IT;Common Stock;OUI;ACTION_EEE;action ordinaire (Common Stock) émise dans l'EEE;2026-08-30
IT0005482333;TECHNOPROBE;TPRO;Euronext Milan;EUR;IT;Common Stock;OUI;ACTION_EEE;action ordinaire (Common Stock) émise dans l'EEE;2026-08-30
IT0005487670;FARMACOSMO;COSMO;Euronext Growth Milan;EUR;IT;Common Stock;OUI;ACTION_EEE;action ordinaire (Common Stock) émise dans l'EEE;2026-08-30
IT0005495657;SAIPEM;2SPM;Trading After Hours | Euronext Milan;EUR;IT;Common Stock;OUI;ACTION_EEE;action ordinaire (Common Stock) émise dans l'EEE;2026-08-30
IT0005495871;YOLO GROUP;YOLO;Euronext Growth Milan;EUR;IT;Common Stock;OUI;ACTION_EEE;action ordinaire (Common Stock) émise dans l'EEE;2026-08-30
IT0005496101;REDELFI;RDF;Euronext Growth Milan;EUR;IT;Common Stock;OUI;ACTION_EEE;action ordinaire (Common Stock) émise dans l'EEE;2026-08-30
IT0005496473;TESSELLIS;TSL;Euronext Milan;EUR;IT;Common Stock;OUI;ACTION_EEE;action ordinaire (Common Stock) émise dans l'EEE;2026-08-30
IT0005497018;NEOSPERIENCE;NSP;Euronext Growth Milan;EUR;IT;Common Stock;OUI;ACTION_EEE;action ordinaire (Common Stock) émise dans l'EEE;2026-08-30
IT0005497042;BELLINI NAUTICA;BELL;Euronext Growth Milan;EUR;IT;Common Stock;OUI;ACTION_EEE;action ordinaire (Common Stock) émise dans l'EEE;2026-08-30
IT0005497885;LAB FARMACEUT ERFO;ERFO;Euronext Growth Milan;EUR;IT;Common Stock;OUI;ACTION_EEE;action ordinaire (Common Stock) émise dans l'EEE;2026-08-30
IT0005497893;SOLID WORLD GROUP;S3D;Euronext Growth Milan;EUR;IT;Common Stock;OUI;ACTION_EEE;action ordinaire (Common Stock) émise dans l'EEE;2026-08-30
IT0005498602;W G.M. LEATH 22-27;WGML27;Euronext Growth Milan;EUR;IT;Equity WRT;NON;TYPE_INSTRUMENT;bon ou droit de souscription : non éligible au PEA;2026-08-30
IT0005498610;G.M. LEATHER;GML;Euronext Growth Milan;EUR;IT;Common Stock;OUI;ACTION_EEE;action ordinaire (Common Stock) émise dans l'EEE;2026-08-30
IT0005499923;W POZZI MI 22-2027;WPOZ27;Euronext Growth Milan;EUR;IT;Equity WRT;NON;TYPE_INSTRUMENT;bon ou droit de souscription : non éligible au PEA;2026-08-30
IT0005499949;POZZI MILANO;POZ;Euronext Growth Milan;EUR;IT;Common Stock;OUI;ACTION_EEE;action ordinaire (Common Stock) émise dans l'EEE;2026-08-30
IT0005500571;RENOVALO;RNV;Euronext Growth Milan;EUR;IT;Common Stock;OUI;ACTION_EEE;action ordinaire (Common Stock) émise dans l'EEE;2026-08-30
IT0005500688;FAE TECHNOLOGY;FAE;Euronext Growth Milan;EUR;IT;Common Stock;OUI;ACTION_EEE;action ordinaire (Common Stock) émise dans l'EEE;2026-08-30
IT0005500712;ENERGY;ENY;Euronext Growth Milan;EUR;IT;Common Stock;OUI;ACTION_EEE;action ordinaire (Common Stock) émise dans l'EEE;2026-08-30
IT0005504128;SIAV;SIAV;Euronext Growth Milan;EUR;IT;Common Stock;OUI;ACTION_EEE;action ordinaire (Common Stock) émise dans l'EEE;2026-08-30
IT0005508574;FRANCHETTI;FCH;Euronext Growth Milan;EUR;IT;Common Stock;OUI;ACTION_EEE;action ordinaire (Common Stock) émise dans l'EEE;2026-08-30
IT0005508921;BANCA MPS;2BMPS;Trading After Hours | Euronext Milan;EUR;IT;Common Stock;OUI;ACTION_EEE;action ordinaire (Common Stock) émise dans l'EEE;2026-08-30
IT0005513202;REVO INSURANCE;REVO;Euronext Milan;EUR;IT;Common Stock;OUI;ACTION_EEE;action ordinaire (Common Stock) émise dans l'EEE;2026-08-30
IT0005515363;W ABC COMP 22-29;WABC29;Euronext Growth Milan;EUR;IT;Equity WRT;NON;TYPE_INSTRUMENT;bon ou droit de souscription : non éligible au PEA;2026-08-30
IT0005518953;IMPIANTI;MPT;Euronext Growth Milan;EUR;IT;Common Stock;OUI;ACTION_EEE;action ordinaire (Common Stock) émise dans l'EEE;2026-08-30
IT0005519837;EPRCOMUNICAZIONE;EPRB;Euronext Growth Milan;EUR;IT;Common Stock;OUI;ACTION_EEE;action ordinaire (Common Stock) émise dans l'EEE;2026-08-30
IT0005521247;ERREDUE;RDUE;Euronext Growth Milan;EUR;IT;Common Stock;OUI;ACTION_EEE;action ordinaire (Common Stock) émise dans l'EEE;2026-08-30
IT0005521551;SACCHERIA F. FRANC;SAC;Euronext Growth Milan;EUR;IT;Common Stock;OUI;ACTION_EEE;action ordinaire (Common Stock) émise dans l'EEE;2026-08-30
IT0005523839;DOTSTAY;DOT;Euronext Growth Milan;EUR;IT;Common Stock;OUI;ACTION_EEE;action ordinaire (Common Stock) émise dans l'EEE;2026-08-30
IT0005525347;MAGIS;MGS;Euronext Growth Milan;EUR;IT;Common Stock;OUI;ACTION_EEE;action ordinaire (Common Stock) émise dans l'EEE;2026-08-30
IT0005527616;EUROGROUP LAM;EGLA;Euronext Milan;EUR;IT;Common Stock;OUI;ACTION_EEE;action ordinaire (Common Stock) émise dans l'EEE;2026-08-30
IT0005528069;REWAY GROUP;RWY;Euronext Growth Milan;EUR;IT;Common Stock;OUI;ACTION_EEE;action ordinaire (Common Stock) émise dans l'EEE;2026-08-30
IT0005528929;W DEOD GALLE 23-28;WART28;Euronext Growth Milan;EUR;IT;Equity WRT;NON;TYPE_INSTRUMENT;bon ou droit de souscription : non éligible au PEA;2026-08-30
IT0005528937;DEODATO.GALLERY;ART;Euronext Growth Milan;EUR;IT;Common Stock;OUI;ACTION_EEE;action ordinaire (Common Stock) émise dans l'EEE;2026-08-30
IT0005531238;TMP GROUP;TMP;Euronext Growth Milan;EUR;IT;Common Stock;OUI;ACTION_EEE;action ordinaire (Common Stock) émise dans l'EEE;2026-08-30
IT0005531261;GENTILI MOSCONI;GM;Euronext Growth Milan;EUR;IT;Common Stock;OUI;ACTION_EEE;action ordinaire (Common Stock) émise dans l'EEE;2026-08-30
IT0005532483;CUBE LABS;CUBE;Euronext Growth Milan;EUR;IT;Common Stock;OUI;ACTION_EEE;action ordinaire (Common Stock) émise dans l'EEE;2026-08-30
IT0005532525;VALTECNE;VLT;Euronext Growth Milan;EUR;IT;Common Stock;OUI;ACTION_EEE;action ordinaire (Common Stock) émise dans l'EEE;2026-08-30
IT0005541336;LOTTOMATICA GROUP;2LTMC;Trading After Hours | Euronext Milan;EUR;IT;Common Stock;OUI;ACTION_EEE;action ordinaire (Common Stock) émise dans l'EEE;2026-08-30
IT0005543332;ECOMEMBRANE;ECMB;Euronext Growth Milan;EUR;IT;Common Stock;OUI;ACTION_EEE;action ordinaire (Common Stock) émise dans l'EEE;2026-08-30
IT0005543480;DEXELANCE;DEX;Euronext Milan;EUR;IT;Common Stock;OUI;ACTION_EEE;action ordinaire (Common Stock) émise dans l'EEE;2026-08-30
IT0005543613;RES;RES;Euronext Growth Milan;EUR;IT;Common Stock;OUI;ACTION_EEE;action ordinaire (Common Stock) émise dans l'EEE;2026-08-30
IT0005545238;PORTO AVIATION;PAG;Euronext Growth Milan;EUR;IT;Common Stock;OUI;ACTION_EEE;action ordinaire (Common Stock) émise dans l'EEE;2026-08-30
IT0005545675;OPS RETAIL;OPR;Euronext Milan;EUR;IT;Common Stock;OUI;ACTION_EEE;action ordinaire (Common Stock) émise dans l'EEE;2026-08-30
IT0005546103;CYBEROO;CYB;Euronext Growth Milan;EUR;IT;Common Stock;OUI;ACTION_EEE;action ordinaire (Common Stock) émise dans l'EEE;2026-08-30
IT0005546319;PASQUARELLI AUTO;PSQ;Euronext Growth Milan;EUR;IT;Common Stock;OUI;ACTION_EEE;action ordinaire (Common Stock) émise dans l'EEE;2026-08-30
IT0005548521;AATECH;AAT;Euronext Growth Milan;EUR;IT;Common Stock;OUI;ACTION_EEE;action ordinaire (Common Stock) émise dans l'EEE;2026-08-30
IT0005549255;I.M.D.;IMD;Euronext Growth Milan;EUR;IT;Common Stock;OUI;ACTION_EEE;action ordinaire (Common Stock) émise dans l'EEE;2026-08-30
IT0005549354;REDFISH;RFLTC;Euronext Growth Milan;EUR;IT;Common Stock;OUI;ACTION_EEE;action ordinaire (Common Stock) émise dans l'EEE;2026-08-30
IT0005549768;GREEN OLEO;GRN;Euronext Growth Milan;EUR;IT;Common Stock;OUI;ACTION_EEE;action ordinaire (Common Stock) émise dans l'EEE;2026-08-30
IT0005550501;W AATECH 23-28;WAAT28;Euronext Growth Milan;EUR;IT;Equity WRT;NON;TYPE_INSTRUMENT;bon ou droit de souscription : non éligible au PEA;2026-08-30
IT0005554784;IVISION TECH;IVN;Euronext Growth Milan;EUR;IT;Common Stock;OUI;ACTION_EEE;action ordinaire (Common Stock) émise dans l'EEE;2026-08-30
IT0005556110;VNE;VNE;Euronext Growth Milan;EUR;IT;Common Stock;OUI;ACTION_EEE;action ordinaire (Common Stock) émise dans l'EEE;2026-08-30
IT0005556532;W SICILY BY CAR A;WSBCA;Euronext Growth Milan;EUR;IT;Equity WRT;NON;TYPE_INSTRUMENT;bon ou droit de souscription : non éligible au PEA;2026-08-30
IT0005556581;SICILY BY CAR;SBC;Euronext Growth Milan;EUR;IT;Common Stock;OUI;ACTION_EEE;action ordinaire (Common Stock) émise dans l'EEE;2026-08-30
IT0005556599;W SICILY BY CAR B;WSBCB;Euronext Growth Milan;EUR;IT;Equity WRT;NON;TYPE_INSTRUMENT;bon ou droit de souscription : non éligible au PEA;2026-08-30
IT0005556607;W SICILY BY CAR C;WSBCC;Euronext Growth Milan;EUR;IT;Equity WRT;NON;TYPE_INSTRUMENT;bon ou droit de souscription : non éligible au PEA;2026-08-30
IT0005557498;WARR EXECUS 23-26;WEXE26;Euronext Growth Milan;EUR;IT;Equity WRT;NON;TYPE_INSTRUMENT;bon ou droit de souscription : non éligible au PEA;2026-08-30
IT0005557514;E-GLOBE;EGB;Euronext Growth Milan;EUR;IT;Common Stock;OUI;ACTION_EEE;action ordinaire (Common Stock) émise dans l'EEE;2026-08-30
IT0005557530;EXECUS;EXEC;Euronext Growth Milan;EUR;IT;Common Stock;OUI;ACTION_EEE;action ordinaire (Common Stock) émise dans l'EEE;2026-08-30
IT0005561441;EDIL SAN FELICE;ESF;Euronext Growth Milan;EUR;IT;Common Stock;OUI;ACTION_EEE;action ordinaire (Common Stock) émise dans l'EEE;2026-08-30
IT0005561466;ELSA SOLUTIONS;ELSA;Euronext Growth Milan;EUR;IT;Common Stock;OUI;ACTION_EEE;action ordinaire (Common Stock) émise dans l'EEE;2026-08-30
IT0005562183;EMMA VILLAS;EAV;Euronext Growth Milan;EUR;IT;Common Stock;OUI;ACTION_EEE;action ordinaire (Common Stock) émise dans l'EEE;2026-08-30
IT0005562514;VALICA;VLC;Euronext Growth Milan;EUR;IT;Common Stock;OUI;ACTION_EEE;action ordinaire (Common Stock) émise dans l'EEE;2026-08-30
IT0005568305;W INNOVATEC 23-26;WINC26;Euronext Growth Milan;EUR;IT;Equity WRT;NON;TYPE_INSTRUMENT;bon ou droit de souscription : non éligible au PEA;2026-08-30
IT0005568461;SBE-VARVIT;VARV;Euronext Growth Milan;EUR;IT;Common Stock;OUI;ACTION_EEE;action ordinaire (Common Stock) émise dans l'EEE;2026-08-30
IT0005568487;XENIA;XHS;Euronext Growth Milan;EUR;IT;Common Stock;OUI;ACTION_EEE;action ordinaire (Common Stock) émise dans l'EEE;2026-08-30
IT0005572778;JUVENTUS FC;JUVE;Euronext Milan;EUR;IT;Common Stock;OUI;ACTION_EEE;action ordinaire (Common Stock) émise dans l'EEE;2026-08-30
IT0005573065;UNIDATA;UD;Euronext Milan;EUR;IT;Common Stock;OUI;ACTION_EEE;action ordinaire (Common Stock) émise dans l'EEE;2026-08-30
IT0005573123;SIMONE;SMN;Euronext Growth Milan;EUR;IT;Common Stock;OUI;ACTION_EEE;action ordinaire (Common Stock) émise dans l'EEE;2026-08-30
IT0005573172;WARR SIMONE 23-26;WSMN26;Euronext Growth Milan;EUR;IT;Equity WRT;NON;TYPE_INSTRUMENT;bon ou droit de souscription : non éligible au PEA;2026-08-30
IT0005573305;W LEMON 23-26;WLS26;Euronext Growth Milan;EUR;IT;Equity WRT;NON;TYPE_INSTRUMENT;bon ou droit de souscription : non éligible au PEA;2026-08-30
IT0005573438;LEMON SISTEMI;LS;Euronext Growth Milan;EUR;IT;Common Stock;OUI;ACTION_EEE;action ordinaire (Common Stock) émise dans l'EEE;2026-08-30
IT0005573818;ESPE;ESPE;Euronext Growth Milan;EUR;IT;Common Stock;OUI;ACTION_EEE;action ordinaire (Common Stock) émise dans l'EEE;2026-08-30
IT0005573966;YAKKYO;YKY;Euronext Growth Milan;EUR;IT;Common Stock;OUI;ACTION_EEE;action ordinaire (Common Stock) émise dans l'EEE;2026-08-30
IT0005577090;CLOUDIA RESEARCH;AGAIN;Euronext Growth Milan;EUR;IT;Common Stock;OUI;ACTION_EEE;action ordinaire (Common Stock) émise dans l'EEE;2026-08-30
IT0005577868;OPS ITALIA;OPS;Euronext Milan;EUR;IT;Common Stock;OUI;ACTION_EEE;action ordinaire (Common Stock) émise dans l'EEE;2026-08-30
IT0005578395;ILLA;ILLA;Euronext Growth Milan;EUR;IT;Common Stock;OUI;ACTION_EEE;action ordinaire (Common Stock) émise dans l'EEE;2026-08-30
IT0005586497;EGOMNIA;EGN;Euronext Growth Milan;EUR;IT;Common Stock;OUI;ACTION_EEE;action ordinaire (Common Stock) émise dans l'EEE;2026-08-30
IT0005586950;MEVIM;MEV;Euronext Growth Milan;EUR;IT;Common Stock;OUI;ACTION_EEE;action ordinaire (Common Stock) émise dans l'EEE;2026-08-30
IT0005588626;MARE ENGINEERING;MARE;Euronext Growth Milan;EUR;IT;Common Stock;OUI;ACTION_EEE;action ordinaire (Common Stock) émise dans l'EEE;2026-08-30
IT0005594418;NEXT GEOSOLUTIONS;NXT;Euronext Growth Milan;EUR;IT;Common Stock;OUI;ACTION_EEE;action ordinaire (Common Stock) émise dans l'EEE;2026-08-30
IT0005595423;SYS-DAT;SYS;Euronext Milan;EUR;IT;Common Stock;OUI;ACTION_EEE;action ordinaire (Common Stock) émise dans l'EEE;2026-08-30
IT0005597411;SOGES GROUP;SOGES;Euronext Growth Milan;EUR;IT;Common Stock;OUI;ACTION_EEE;action ordinaire (Common Stock) émise dans l'EEE;2026-08-30
IT0005597551;W SOGES 2024-2027;WSOGES;Euronext Growth Milan;EUR;IT;Equity WRT;NON;TYPE_INSTRUMENT;bon ou droit de souscription : non éligible au PEA;2026-08-30
IT0005599862;WFINCANTIERI 24-26;WFCT26;Euronext Milan;EUR;IT;Equity WRT;NON;TYPE_INSTRUMENT;bon ou droit de souscription : non éligible au PEA;2026-08-30
IT0005599938;FINCANTIERI;FCT;Euronext Milan;EUR;IT;Common Stock;OUI;ACTION_EEE;action ordinaire (Common Stock) émise dans l'EEE;2026-08-30
IT0005600231;W ADRIATICA 24-27;WDEA27;Euronext Growth Milan;EUR;IT;Equity WRT;NON;TYPE_INSTRUMENT;bon ou droit de souscription : non éligible au PEA;2026-08-30
IT0005600249;DIS ELET ADRIATICA;DEA;Euronext Growth Milan;EUR;IT;Common Stock;OUI;ACTION_EEE;action ordinaire (Common Stock) émise dans l'EEE;2026-08-30
IT0005600801;LITIX;LTX;Euronext Growth Milan;EUR;IT;Common Stock;OUI;ACTION_EEE;action ordinaire (Common Stock) émise dans l'EEE;2026-08-30
IT0005603078;MISITANO STRACUZZI;MS;Euronext Growth Milan;EUR;IT;Common Stock;OUI;ACTION_EEE;action ordinaire (Common Stock) émise dans l'EEE;2026-08-30
IT0005605701;NOVAMARINE;NOVA;Euronext Growth Milan;EUR;IT;Common Stock;OUI;ACTION_EEE;action ordinaire (Common Stock) émise dans l'EEE;2026-08-30
IT0005607541;W GT TALENT 24-27;WGT27;Euronext Growth Milan;EUR;IT;Equity WRT;NON;TYPE_INSTRUMENT;bon ou droit de souscription : non éligible au PEA;2026-08-30
IT0005607699;GT TALENT GROUP;GT;Euronext Growth Milan;EUR;IT;Common Stock;OUI;ACTION_EEE;action ordinaire (Common Stock) émise dans l'EEE;2026-08-30
IT0005607715;ADVENTURE;ADV;Euronext Growth Milan;EUR;IT;Common Stock;OUI;ACTION_EEE;action ordinaire (Common Stock) émise dans l'EEE;2026-08-30
IT0005610958;DOVALUE;DOV;Euronext Milan;EUR;IT;Common Stock;OUI;ACTION_EEE;action ordinaire (Common Stock) émise dans l'EEE;2026-08-30
IT0005611071;PREDICT;PRE;Euronext Growth Milan;EUR;IT;Common Stock;OUI;ACTION_EEE;action ordinaire (Common Stock) émise dans l'EEE;2026-08-30
IT0005611642;BESTBE HOLDING;BES;Euronext Milan;EUR;IT;Common Stock;OUI;ACTION_EEE;action ordinaire (Common Stock) émise dans l'EEE;2026-08-30
IT0005613739;GLASS TO POWER;MLGL;Euronext Access Paris;EUR;IT;Common Stock;OUI;ACTION_EEE;action ordinaire (Common Stock) émise dans l'EEE;2026-08-30
IT0005618043;COGEFEED;CGF;Euronext Growth Milan;EUR;IT;Common Stock;OUI;ACTION_EEE;action ordinaire (Common Stock) émise dans l'EEE;2026-08-30
IT0005619843;LANDI RENZO;LNDR;Euronext Milan;EUR;IT;Common Stock;OUI;ACTION_EEE;action ordinaire (Common Stock) émise dans l'EEE;2026-08-30
IT0005621070;SMART CAPITAL;SMCAP;Euronext Growth Milan;EUR;IT;Common Stock;OUI;ACTION_EEE;action ordinaire (Common Stock) émise dans l'EEE;2026-08-30
IT0005622581;VIVENDA GROUP;VVG;Euronext Growth Milan;EUR;IT;Common Stock;OUI;ACTION_EEE;action ordinaire (Common Stock) émise dans l'EEE;2026-08-30
IT0005623845;EPH INVEST;EPH;Euronext Milan;EUR;IT;Common Stock;OUI;ACTION_EEE;action ordinaire (Common Stock) émise dans l'EEE;2026-08-30
IT0005627762;EDGELAB;ELB;Euronext Growth Milan;EUR;IT;Common Stock;OUI;ACTION_EEE;action ordinaire (Common Stock) émise dans l'EEE;2026-08-30
IT0005628158;UBALDI COSTRUZIONI;UBA;Euronext Growth Milan;EUR;IT;Common Stock;OUI;ACTION_EEE;action ordinaire (Common Stock) émise dans l'EEE;2026-08-30
IT0005628760;W HAIKI+ 25-26;WHIK26;Euronext Growth Milan;EUR;IT;Equity WRT;NON;TYPE_INSTRUMENT;bon ou droit de souscription : non éligible au PEA;2026-08-30
IT0005628778;HAIKI+;HIK;Euronext Growth Milan;EUR;IT;Common Stock;OUI;ACTION_EEE;action ordinaire (Common Stock) émise dans l'EEE;2026-08-30
IT0005630220;WDESTINATION 24-27;WDIT27;Euronext Growth Milan;EUR;IT;Equity WRT;NON;TYPE_INSTRUMENT;bon ou droit de souscription : non éligible au PEA;2026-08-30
IT0005632945;COM.TEL;CMTL;Euronext Growth Milan;EUR;IT;Common Stock;OUI;ACTION_EEE;action ordinaire (Common Stock) émise dans l'EEE;2026-08-30
IT0005634610;OLIDATA;OLI;Euronext Milan;EUR;IT;Common Stock;OUI;ACTION_EEE;action ordinaire (Common Stock) émise dans l'EEE;2026-08-30
IT0005644809;WARR GEOX 25-26;WGEO26;Euronext Milan;EUR;IT;Equity WRT;NON;TYPE_INSTRUMENT;bon ou droit de souscription : non éligible au PEA;2026-08-30
IT0005645541;WARR DHH 25-28;WDHH28;Euronext Growth Milan;EUR;IT;Equity WRT;NON;TYPE_INSTRUMENT;bon ou droit de souscription : non éligible au PEA;2026-08-30
IT0005651481;METRIKS AI;MTK;Euronext Growth Milan;EUR;IT;Common Stock;OUI;ACTION_EEE;action ordinaire (Common Stock) émise dans l'EEE;2026-08-30
IT0005651507;TRADELAB;TRAI;Euronext Growth Milan;EUR;IT;Common Stock;OUI;ACTION_EEE;action ordinaire (Common Stock) émise dans l'EEE;2026-08-30
IT0005652414;VINEXT;VNXT;Euronext Growth Milan;EUR;IT;Common Stock;OUI;ACTION_EEE;action ordinaire (Common Stock) émise dans l'EEE;2026-08-30
IT0005652422;W VINEXT 25-28;WVNXT;Euronext Growth Milan;EUR;IT;Equity WRT;NON;TYPE_INSTRUMENT;bon ou droit de souscription : non éligible au PEA;2026-08-30
IT0005652489;GIOCAMONDO STUDY;GMS;Euronext Growth Milan;EUR;IT;Common Stock;OUI;ACTION_EEE;action ordinaire (Common Stock) émise dans l'EEE;2026-08-30
IT0005654683;FIDIA;FDA;Euronext Milan;EUR;IT;Common Stock;OUI;ACTION_EEE;action ordinaire (Common Stock) émise dans l'EEE;2026-08-30
IT0005654766;ECOSUNTEK;ECK;Euronext Growth Milan;EUR;IT;Common Stock;OUI;ACTION_EEE;action ordinaire (Common Stock) émise dans l'EEE;2026-08-30
IT0005658841;TECNO;TCG;Euronext Growth Milan;EUR;IT;Common Stock;OUI;ACTION_EEE;action ordinaire (Common Stock) émise dans l'EEE;2026-08-30
IT0005659724;DEDEM;DDM;Euronext Growth Milan;EUR;IT;Common Stock;OUI;ACTION_EEE;action ordinaire (Common Stock) émise dans l'EEE;2026-08-30
IT0005660219;ENERGY TIME;ET;Euronext Growth Milan;EUR;IT;Common Stock;OUI;ACTION_EEE;action ordinaire (Common Stock) émise dans l'EEE;2026-08-30
IT0005663361;OTOFARMA;OTO;Euronext Growth Milan;EUR;IT;Common Stock;OUI;ACTION_EEE;action ordinaire (Common Stock) émise dans l'EEE;2026-08-30
IT0005663429;RINO PETINO;RPTN;Euronext Growth Milan;EUR;IT;Common Stock;OUI;ACTION_EEE;action ordinaire (Common Stock) émise dans l'EEE;2026-08-30
IT0005664195;W RINOPETINO 25-28;WRPTN;Euronext Growth Milan;EUR;IT;Equity WRT;NON;TYPE_INSTRUMENT;bon ou droit de souscription : non éligible au PEA;2026-08-30
IT0005664641;FRIENDS;AMI;Euronext Growth Milan;EUR;IT;Common Stock;OUI;ACTION_EEE;action ordinaire (Common Stock) émise dans l'EEE;2026-08-30
IT0005669558;E.T.S.;ETS;Euronext Growth Milan;EUR;IT;Common Stock;OUI;ACTION_EEE;action ordinaire (Common Stock) émise dans l'EEE;2026-08-30
IT0005670929;W MARKBASS 25-27;WMARK;Euronext Growth Milan;EUR;IT;Equity WRT;NON;TYPE_INSTRUMENT;bon ou droit de souscription : non éligible au PEA;2026-08-30
IT0005670960;MARKBASS;MARK;Euronext Growth Milan;EUR;IT;Common Stock;OUI;ACTION_EEE;action ordinaire (Common Stock) émise dans l'EEE;2026-08-30
IT0005672461;gAIn360;GAIN;Euronext Growth Milan;EUR;IT;Common Stock;OUI;ACTION_EEE;action ordinaire (Common Stock) émise dans l'EEE;2026-08-30
IT0005672602;WARR GAIN360 25-28;WGAIN;Euronext Growth Milan;EUR;IT;Equity WRT;NON;TYPE_INSTRUMENT;bon ou droit de souscription : non éligible au PEA;2026-08-30
IT0005676140;Piu' Medical;PMED;Euronext Growth Milan;EUR;IT;Common Stock;OUI;ACTION_EEE;action ordinaire (Common Stock) émise dans l'EEE;2026-08-30
IT0005678104;KALEON;KLN;Euronext Growth Milan | Euronext Growth Paris;EUR;IT;Common Stock;OUI;ACTION_EEE;action ordinaire (Common Stock) émise dans l'EEE;2026-08-30
IT0005680373;RT&L;RTL;Euronext Growth Milan;EUR;IT;Common Stock;OUI;ACTION_EEE;action ordinaire (Common Stock) émise dans l'EEE;2026-08-30
IT0005683401;TELMES;TLM;Euronext Growth Milan;EUR;IT;Common Stock;OUI;ACTION_EEE;action ordinaire (Common Stock) émise dans l'EEE;2026-08-30
IT0005683781;WARR TELMES 25-28;WTLM28;Euronext Growth Milan;EUR;IT;Equity WRT;NON;TYPE_INSTRUMENT;bon ou droit de souscription : non éligible au PEA;2026-08-30
IT0005687469;Praexidia;PRXD;Euronext Growth Milan;EUR;IT;Common Stock;OUI;ACTION_EEE;action ordinaire (Common Stock) émise dans l'EEE;2026-08-30
IT0005689929;W SG COMPANY 26-31;WSGC31;Euronext Growth Milan;EUR;IT;Equity WRT;NON;TYPE_INSTRUMENT;bon ou droit de souscription : non éligible au PEA;2026-08-30
IT0005703761;W DEXELANCE 26-29;DEX29;Euronext Milan;EUR;IT;Equity WRT;NON;TYPE_INSTRUMENT;bon ou droit de souscription : non éligible au PEA;2026-08-30
IT0005704439;BCA PROFILO;PRO;Euronext Milan;EUR;IT;Common Stock;OUI;ACTION_EEE;action ordinaire (Common Stock) émise dans l'EEE;2026-08-30
IT0005707341;KRUSO KAPITAL;KK;Euronext Milan;EUR;IT;Common Stock;OUI;ACTION_EEE;action ordinaire (Common Stock) émise dans l'EEE;2026-08-30
IT0005707846;WARR FRIENDS 26-28;WAMI28;Euronext Growth Milan;EUR;IT;Equity WRT;NON;TYPE_INSTRUMENT;bon ou droit de souscription : non éligible au PEA;2026-08-30
IT0005708174;AEDES;AEDES;Euronext Milan;EUR;IT;REIT;NON;REGIME_FONCIER;foncière cotée (SIIC ou régime européen équivalent) : exclue du PEA depuis le 21 octobre 2011;2026-08-30
IT0005709909;TREVI FIN IND;TFIN;Euronext Milan;EUR;IT;Common Stock;OUI;ACTION_EEE;action ordinaire (Common Stock) émise dans l'EEE;2026-08-30
IT0005712671;TELECOM ITALIA;TIT;Euronext Milan | Trading After Hours;EUR;IT;Common Stock;OUI;ACTION_EEE;action ordinaire (Common Stock) émise dans l'EEE;2026-08-30
IT0005713232;GENS AUREA;OROX;Euronext Milan;EUR;IT;Common Stock;OUI;ACTION_EEE;action ordinaire (Common Stock) émise dans l'EEE;2026-08-30
IT0005713646;OPT;OPTS;Euronext Growth Milan;EUR;IT;Common Stock;OUI;ACTION_EEE;action ordinaire (Common Stock) émise dans l'EEE;2026-08-30
IT0005716813;DIPIETRO GROUP;DPG;Euronext Growth Milan;EUR;IT;Common Stock;OUI;ACTION_EEE;action ordinaire (Common Stock) émise dans l'EEE;2026-08-30
IT0005717241;ALIA MENTIS;ALMS;Euronext Growth Milan;EUR;IT;Common Stock;OUI;ACTION_EEE;action ordinaire (Common Stock) émise dans l'EEE;2026-08-30
IT0005717571;TRAWELL CO;TWL;Euronext Growth Milan;EUR;IT;Common Stock;OUI;ACTION_EEE;action ordinaire (Common Stock) émise dans l'EEE;2026-08-30
IT0005717696;BENDING SPOONS;1BSP;Euronext Global Equity Market | Trading After Hours;EUR;IT;Common Stock;OUI;ACTION_EEE;action ordinaire (Common Stock) émise dans l'EEE;2026-08-30
IT0005719965;WARR ETI 26-29;WETI29;Euronext Growth Milan;EUR;IT;;A_VERIFIER;NATURE_INCONNUE;nature de l'instrument non identifiée par OpenFIGI;2026-08-30
IT0005720005;ETI;ETI;Euronext Growth Milan;EUR;IT;Common Stock;OUI;ACTION_EEE;action ordinaire (Common Stock) émise dans l'EEE;2026-08-30
IT0005720500;FIRST POINT;FPT;Euronext Growth Milan;EUR;IT;Common Stock;OUI;ACTION_EEE;action ordinaire (Common Stock) émise dans l'EEE;2026-08-30
IT0005722191;GIUNTI;GPSY;Euronext Growth Milan;EUR;IT;Common Stock;OUI;ACTION_EEE;action ordinaire (Common Stock) émise dans l'EEE;2026-08-30
IT0005723074;GUIDOTTI SHIPS;GDT;Euronext Growth Milan;EUR;IT;Common Stock;OUI;ACTION_EEE;action ordinaire (Common Stock) émise dans l'EEE;2026-08-30
IT0005723371;WARR EHI;WEHI;Euronext Growth Milan;EUR;IT;;A_VERIFIER;NATURE_INCONNUE;nature de l'instrument non identifiée par OpenFIGI;2026-08-30
IT0005723405;EHI;EHI;Euronext Growth Milan;EUR;IT;Common Stock;OUI;ACTION_EEE;action ordinaire (Common Stock) émise dans l'EEE;2026-08-30
JE00B4T3BW64;GLENCORE;4GLEN;EuroTLX;EUR;JE;Common Stock;NON;HORS_EEE;émetteur hors EEE (JE) : hors du champ du PEA;2026-08-30
JE00BRX98089;CVC CAPITAL;CVC;Euronext Amsterdam;EUR;JE;Common Stock;NON;HORS_EEE;émetteur hors EEE (JE) : hors du champ du PEA;2026-08-30
JE00BV7DQ550;Amcor PLC;1AMCR;Euronext Global Equity Market;EUR;JE;Common Stock;NON;HORS_EEE;émetteur hors EEE (JE) : hors du champ du PEA;2026-08-30
KYG037AX1015;AMBARELLA INC;1AMBA;Euronext Global Equity Market;EUR;KY;Common Stock;NON;HORS_EEE;émetteur hors EEE (KY) : hors du champ du PEA;2026-08-30
KYG114481008;Bitdeer Tech;1BTDR;Euronext Global Equity Market;EUR;KY;Common Stock;NON;HORS_EEE;émetteur hors EEE (KY) : hors du champ du PEA;2026-08-30
KYG137071075;BM3EAC;BACE;Euronext Amsterdam;USD;KY;Common Stock;NON;HORS_EEE;émetteur hors EEE (KY) : hors du champ du PEA;2026-08-30
KYG3323L1005;FABRINET;1FN;Euronext Global Equity Market;EUR;KY;Common Stock;NON;HORS_EEE;émetteur hors EEE (KY) : hors du champ du PEA;2026-08-30
KYG393871085;GLOBALFOUNDRIES;1GFS;Euronext Global Equity Market;EUR;KY;Common Stock;NON;HORS_EEE;émetteur hors EEE (KY) : hors du champ du PEA;2026-08-30
KYG651631007;JOBY AVIATION INC;1JOBY;Euronext Global Equity Market;EUR;KY;Common Stock;NON;HORS_EEE;émetteur hors EEE (KY) : hors du champ du PEA;2026-08-30
KYG6683N1034;NU Holdings;1NUH;Euronext Global Equity Market;EUR;KY;Common Stock;NON;HORS_EEE;émetteur hors EEE (KY) : hors du champ du PEA;2026-08-30
KYG812291253;Sea1 Offshore;SEA1;Euronext Growth Oslo;NOK;KY;Common Stock;NON;HORS_EEE;émetteur hors EEE (KY) : hors du champ du PEA;2026-08-30
KYG851581069;STONECO LTD-A;1STNE;Euronext Global Equity Market;EUR;KY;Common Stock;NON;HORS_EEE;émetteur hors EEE (KY) : hors du champ du PEA;2026-08-30
KYG982391099;XP INC - CLASS A;1XP;Euronext Global Equity Market;EUR;KY;Common Stock;NON;HORS_EEE;émetteur hors EEE (KY) : hors du champ du PEA;2026-08-30
LU0061462528;RTL Group SA;1RRTL;Euronext Global Equity Market;EUR;LU;Common Stock;OUI;ACTION_EEE;action ordinaire (Common Stock) émise dans l'EEE;2026-08-30
LU0075646355;SUBSEA 7;SUBC;Oslo Børs;NOK;LU;Common Stock;OUI;ACTION_EEE;action ordinaire (Common Stock) émise dans l'EEE;2026-08-30
LU0088087324;SES;SESG;Euronext Paris;EUR;LU;Receipt;A_VERIFIER;TYPE_INCERTAIN;certificat représentatif : vérifier le titre sous-jacent;2026-08-30
LU0383812293;REINET INVESTMENTS;REINA;Euronext Amsterdam;EUR;LU;Common Stock;OUI;ACTION_EEE;action ordinaire (Common Stock) émise dans l'EEE;2026-08-30
LU0569974404;APERAM;APAM;Euronext Amsterdam, Brussels, Paris | Trading After Hours;EUR;LU;Common Stock;OUI;ACTION_EEE;action ordinaire (Common Stock) émise dans l'EEE;2026-08-30
LU1068091351;BREDERODE;BREB;Euronext Brussels;EUR;LU;Common Stock;OUI;ACTION_EEE;action ordinaire (Common Stock) émise dans l'EEE;2026-08-30
LU1250154413;ADLER GROUP;4ADJ;EuroTLX | Euronext Global Equity Market | Trading After Hours;EUR;LU;Common Stock;OUI;ACTION_EEE;action ordinaire (Common Stock) émise dans l'EEE;2026-08-30
LU1296758029;CORESTATE CAPITAL;2CCAP;Trading After Hours | Euronext Global Equity Market;EUR;LU;Common Stock;OUI;ACTION_EEE;action ordinaire (Common Stock) émise dans l'EEE;2026-08-30
LU1598757687;ARCELORMITTAL;4MT;EuroTLX | Euronext Amsterdam, Paris;EUR;LU;Common Stock;OUI;ACTION_EEE;action ordinaire (Common Stock) émise dans l'EEE;2026-08-30
LU1673108939;Aroundtown SA;1AT1;Euronext Global Equity Market;EUR;LU;Common Stock;OUI;ACTION_EEE;action ordinaire (Common Stock) émise dans l'EEE;2026-08-30
LU1778762911;SPOTIFY TECHNOLOGY;2SPOT;Trading After Hours | Euronext Global Equity Market | EuroTLX;EUR;LU;Common Stock;OUI;ACTION_EEE;action ordinaire (Common Stock) émise dans l'EEE;2026-08-30
LU2290522684;INPOST;2INPST;Trading After Hours | Euronext Amsterdam;EUR;LU;Common Stock;OUI;ACTION_EEE;action ordinaire (Common Stock) émise dans l'EEE;2026-08-30
LU2592315662;D'AMICO;DIS;Euronext Milan;EUR;LU;Common Stock;OUI;ACTION_EEE;action ordinaire (Common Stock) émise dans l'EEE;2026-08-30
LU2598331598;TENARIS;2TEN;Trading After Hours | Euronext Milan;EUR;LU;Common Stock;OUI;ACTION_EEE;action ordinaire (Common Stock) émise dans l'EEE;2026-08-30
LU2999653251;YOUNITED FINANCIAL;YOUNI;Euronext Paris;EUR;LU;Common Stock;OUI;ACTION_EEE;action ordinaire (Common Stock) émise dans l'EEE;2026-08-30
LU2999660207;YOUNITED FIN. WARR;YOUNW;Euronext Paris;EUR;LU;Equity WRT;NON;TYPE_INSTRUMENT;bon ou droit de souscription : non éligible au PEA;2026-08-30
MA0000011488;MAROC TELECOM;IAM;Euronext Paris;EUR;MA;Common Stock;NON;HORS_EEE;émetteur hors EEE (MA) : hors du champ du PEA;2026-08-30
MC0000031187;BAINS MER MONACO;BAIN;Euronext Paris;EUR;MC;Common Stock;NON;HORS_EEE;émetteur hors EEE (MC) : hors du champ du PEA;2026-08-30
MC0010000826;CFM INDOSUEZWEALTH;MLCFM;Euronext Access Paris;EUR;MC;Common Stock;NON;HORS_EEE;émetteur hors EEE (MC) : hors du champ du PEA;2026-08-30
MHY1096C1093;CAPITAL TANKERS;CAPT;Euronext Growth Oslo;NOK;MH;Common Stock;NON;HORS_EEE;émetteur hors EEE (MH) : hors du champ du PEA;2026-08-30
MHY641771016;OKEANIS ECO TANKER;OET;Oslo Børs;NOK;MH;Common Stock;NON;HORS_EEE;émetteur hors EEE (MH) : hors du champ du PEA;2026-08-30
MT0001710103;RIVER TECH;RIVER;Euronext Growth Oslo;NOK;MT;Common Stock;OUI;ACTION_EEE;action ordinaire (Common Stock) émise dans l'EEE;2026-08-30
MT0003060101;GOLD ROAD INTL;GOLDR;Euronext Growth Oslo;NOK;MT;Common Stock;OUI;ACTION_EEE;action ordinaire (Common Stock) émise dans l'EEE;2026-08-30
NL0000008977;HEINEKEN HOLDING;HEIO;Euronext Amsterdam;EUR;NL;Common Stock;OUI;ACTION_EEE;action ordinaire (Common Stock) émise dans l'EEE;2026-08-30
NL0000009082;KONINKLIJKE KPN;4KPN;EuroTLX | Trading After Hours | Euronext Amsterdam;EUR;NL;Common Stock;OUI;ACTION_EEE;action ordinaire (Common Stock) émise dans l'EEE;2026-08-30
NL0000009165;HEINEKEN;4HEIA;EuroTLX | Trading After Hours | Euronext Amsterdam;EUR;NL;Common Stock;OUI;ACTION_EEE;action ordinaire (Common Stock) émise dans l'EEE;2026-08-30
NL0000009322;PHILIPS BUY BACK;INPHI;Euronext Amsterdam;EUR;NL;Common Stock;OUI;ACTION_EEE;action ordinaire (Common Stock) émise dans l'EEE;2026-08-30
NL0000009538;PHILIPS;1PHIA;Euronext Global Equity Market | EuroTLX | Trading After Hours | Euronext Amsterdam;EUR;NL;Common Stock;OUI;ACTION_EEE;action ordinaire (Common Stock) émise dans l'EEE;2026-08-30
NL0000018034;AJAX;AJAX;Euronext Amsterdam;EUR;NL;Common Stock;OUI;ACTION_EEE;action ordinaire (Common Stock) émise dans l'EEE;2026-08-30
NL0000226223;STMICROELECTRONICS;STMMI;Euronext Milan | Trading After Hours | Euronext Paris;EUR;NL;Common Stock;OUI;ACTION_EEE;action ordinaire (Common Stock) émise dans l'EEE;2026-08-30
NL0000235190;AIRBUS;2AIR;Trading After Hours | Euronext Global Equity Market | Euronext Paris | EuroTLX;EUR;NL;Common Stock;OUI;ACTION_EEE;action ordinaire (Common Stock) émise dans l'EEE;2026-08-30
NL0000285278;BEVER HOLDING;BEVER;Euronext Amsterdam;EUR;NL;Common Stock;OUI;ACTION_EEE;action ordinaire (Common Stock) émise dans l'EEE;2026-08-30
NL0000289213;WERELDHAVE;WHA;Euronext Amsterdam;EUR;NL;REIT;NON;REGIME_FONCIER;foncière cotée (SIIC ou régime européen équivalent) : exclue du PEA depuis le 21 octobre 2011;2026-08-30
NL0000302636;V LANSCHOT KEMPEN;2VLK;Trading After Hours | Euronext Amsterdam;EUR;NL;Dutch Cert;A_VERIFIER;TYPE_INCERTAIN;certificat néerlandais : vérifier le titre sous-jacent;2026-08-30
NL0000313286;ACOMO;ACOMO;Euronext Amsterdam;EUR;NL;Common Stock;OUI;ACTION_EEE;action ordinaire (Common Stock) émise dans l'EEE;2026-08-30
NL0000334118;ASM INTERNATIONAL;4ASM;EuroTLX | Trading After Hours | Euronext Amsterdam;EUR;NL;Common Stock;OUI;ACTION_EEE;action ordinaire (Common Stock) émise dans l'EEE;2026-08-30
NL0000336303;PB HOLDING;PBH;Euronext Amsterdam;EUR;NL;Common Stock;OUI;ACTION_EEE;action ordinaire (Common Stock) émise dans l'EEE;2026-08-30
NL0000337319;BAM GROEP KON;BAMNB;Euronext Amsterdam;EUR;NL;Common Stock;OUI;ACTION_EEE;action ordinaire (Common Stock) émise dans l'EEE;2026-08-30
NL0000345577;CTAC;CTAC;Euronext Amsterdam;EUR;NL;Common Stock;OUI;ACTION_EEE;action ordinaire (Common Stock) émise dans l'EEE;2026-08-30
NL0000345627;EASE2PAY NV;EAS2P;Euronext Amsterdam;EUR;NL;Common Stock;OUI;ACTION_EEE;action ordinaire (Common Stock) émise dans l'EEE;2026-08-30
NL0000360618;SBM OFFSHORE;2SBMO;Trading After Hours | Euronext Amsterdam;EUR;NL;Common Stock;OUI;ACTION_EEE;action ordinaire (Common Stock) émise dans l'EEE;2026-08-30
NL0000371243;NEDAP;NEDAP;Euronext Amsterdam;EUR;NL;Common Stock;OUI;ACTION_EEE;action ordinaire (Common Stock) émise dans l'EEE;2026-08-30
NL0000378669;PORCELEYNE FLES;PORF;Euronext Amsterdam;EUR;NL;Common Stock;OUI;ACTION_EEE;action ordinaire (Common Stock) émise dans l'EEE;2026-08-30
NL0000379121;RANDSTAD NV;RAND;Euronext Amsterdam | Trading After Hours;EUR;NL;Common Stock;OUI;ACTION_EEE;action ordinaire (Common Stock) émise dans l'EEE;2026-08-30
NL0000395903;WOLTERS KLUWER;2WKL;Trading After Hours | Euronext Amsterdam;EUR;NL;Common Stock;OUI;ACTION_EEE;action ordinaire (Common Stock) émise dans l'EEE;2026-08-30
NL0000440311;HOLLAND COLOURS;HOLCO;Euronext Amsterdam;EUR;NL;Common Stock;OUI;ACTION_EEE;action ordinaire (Common Stock) émise dans l'EEE;2026-08-30
NL0000488153;MOPOLI;MOP;Euronext Brussels;EUR;NL;Common Stock;OUI;ACTION_EEE;action ordinaire (Common Stock) émise dans l'EEE;2026-08-30
NL0000488161;MOPOLI FOND;MOPF;Euronext Brussels;EUR;NL;Common Stock;OUI;ACTION_EEE;action ordinaire (Common Stock) émise dans l'EEE;2026-08-30
NL0000817179;SLIGRO FOOD GROUP;SLIGR;Euronext Amsterdam;EUR;NL;Common Stock;OUI;ACTION_EEE;action ordinaire (Common Stock) émise dans l'EEE;2026-08-30
NL0000852523;TKH GROUP;2TWEKA;Trading After Hours | Euronext Amsterdam;EUR;NL;Dutch Cert;A_VERIFIER;TYPE_INCERTAIN;certificat néerlandais : vérifier le titre sous-jacent;2026-08-30
NL0000852531;KENDRION;KENDR;Euronext Amsterdam;EUR;NL;Common Stock;OUI;ACTION_EEE;action ordinaire (Common Stock) émise dans l'EEE;2026-08-30
NL0000852564;AALBERTS NV;AALB;Euronext Amsterdam | Trading After Hours;EUR;NL;Common Stock;OUI;ACTION_EEE;action ordinaire (Common Stock) émise dans l'EEE;2026-08-30
NL0000888691;AMG;2AMG;Trading After Hours | Euronext Amsterdam;EUR;NL;Common Stock;OUI;ACTION_EEE;action ordinaire (Common Stock) émise dans l'EEE;2026-08-30
NL0006237562;ARCADIS;2ARCAD;Trading After Hours | Euronext Amsterdam;EUR;NL;Common Stock;OUI;ACTION_EEE;action ordinaire (Common Stock) émise dans l'EEE;2026-08-30
NL0006294274;EURONEXT;ENXP;Euronext Lisbon | Trading After Hours | Euronext Paris, Amsterdam, Brussels;EUR;NL;Common Stock;OUI;ACTION_EEE;action ordinaire (Common Stock) émise dans l'EEE;2026-08-30
NL0009169515;GREEN EARTH GROUP;EARTH;Euronext Amsterdam;EUR;NL;Common Stock;OUI;ACTION_EEE;action ordinaire (Common Stock) émise dans l'EEE;2026-08-30
NL0009269109;HEIJMANS KON;HEIJM;Euronext Amsterdam;EUR;NL;Dutch Cert;A_VERIFIER;TYPE_INCERTAIN;certificat néerlandais : vérifier le titre sous-jacent;2026-08-30
NL0009312842;MKB Nedsense;NEDSE;Euronext Amsterdam;EUR;NL;Common Stock;OUI;ACTION_EEE;action ordinaire (Common Stock) émise dans l'EEE;2026-08-30
NL0009391242;HYDRATEC;HYDRA;Euronext Amsterdam;EUR;NL;Common Stock;OUI;ACTION_EEE;action ordinaire (Common Stock) émise dans l'EEE;2026-08-30
NL0009432491;VOPAK;VPK;Euronext Amsterdam | Trading After Hours;EUR;NL;Common Stock;OUI;ACTION_EEE;action ordinaire (Common Stock) émise dans l'EEE;2026-08-30
NL0009434992;LyondellBasell;1LYB;Euronext Global Equity Market;EUR;NL;Common Stock;OUI;ACTION_EEE;action ordinaire (Common Stock) émise dans l'EEE;2026-08-30
NL0009538784;NXP SEMICONDUCTORS;2NXPI;Trading After Hours | EuroTLX | Euronext Global Equity Market;EUR;NL;Common Stock;OUI;ACTION_EEE;action ordinaire (Common Stock) émise dans l'EEE;2026-08-30
NL0009739416;POSTNL;PNL;Euronext Amsterdam;EUR;NL;Common Stock;OUI;ACTION_EEE;action ordinaire (Common Stock) émise dans l'EEE;2026-08-30
NL0009822014;NEW SOURCES ENERGY;NSE;Euronext Amsterdam;EUR;NL;Common Stock;OUI;ACTION_EEE;action ordinaire (Common Stock) émise dans l'EEE;2026-08-30
NL0010273215;ASML;2ASML;Trading After Hours | EuroTLX | Euronext Global Equity Market | Euronext Amsterdam;EUR;NL;Common Stock;OUI;ACTION_EEE;action ordinaire (Common Stock) émise dans l'EEE;2026-08-30
NL0010273694;AMATHEON AGRI;MLAAH;Euronext Access Paris;EUR;NL;Common Stock;OUI;ACTION_EEE;action ordinaire (Common Stock) émise dans l'EEE;2026-08-30
NL0010389508;ER Capital;ERC;Euronext Amsterdam;EUR;NL;Common Stock;OUI;ACTION_EEE;action ordinaire (Common Stock) émise dans l'EEE;2026-08-30
NL0010391025;PHARMING GROUP;PHARM;Euronext Amsterdam;EUR;NL;Common Stock;OUI;ACTION_EEE;action ordinaire (Common Stock) émise dans l'EEE;2026-08-30
NL0010407946;TRIODOS BANK;TRIO;Euronext Amsterdam;EUR;NL;Dutch Cert;A_VERIFIER;TYPE_INCERTAIN;certificat néerlandais : vérifier le titre sous-jacent;2026-08-30
NL0010545661;CNH INDUSTRIAL;2CNHI;Trading After Hours | Euronext Global Equity Market;EUR;NL;Common Stock;OUI;ACTION_EEE;action ordinaire (Common Stock) émise dans l'EEE;2026-08-30
NL0010545679;LAVIDE HOLDING;LVIDE;Euronext Amsterdam;EUR;NL;Common Stock;OUI;ACTION_EEE;action ordinaire (Common Stock) émise dans l'EEE;2026-08-30
NL0010556726;HAWICK DATA NV;HWK;Euronext Amsterdam;EUR;NL;Dutch Cert;A_VERIFIER;TYPE_INCERTAIN;certificat néerlandais : vérifier le titre sous-jacent;2026-08-30
NL0010558797;OCI;2OCI;Trading After Hours | Euronext Amsterdam;EUR;NL;Common Stock;OUI;ACTION_EEE;action ordinaire (Common Stock) émise dans l'EEE;2026-08-30
NL0010583399;CORBION;2CRBN;Trading After Hours | Euronext Amsterdam;EUR;NL;Common Stock;OUI;ACTION_EEE;action ordinaire (Common Stock) émise dans l'EEE;2026-08-30
NL0010623518;SEQUA PETROLEUM NV;MLSEQ;Euronext Access Paris;EUR;NL;Common Stock;OUI;ACTION_EEE;action ordinaire (Common Stock) émise dans l'EEE;2026-08-30
NL0010661864;VALUE8;VALUE;Euronext Amsterdam;EUR;NL;Common Stock;OUI;ACTION_EEE;action ordinaire (Common Stock) émise dans l'EEE;2026-08-30
NL0010696704;ALMUNDA PRO NV;AMUND;Euronext Amsterdam;EUR;NL;Common Stock;OUI;ACTION_EEE;action ordinaire (Common Stock) émise dans l'EEE;2026-08-30
NL0010773842;NN GROUP;4NN;EuroTLX | Trading After Hours | Euronext Amsterdam;EUR;NL;Common Stock;OUI;ACTION_EEE;action ordinaire (Common Stock) émise dans l'EEE;2026-08-30
NL0010776944;BRUNEL INTERNAT;BRNL;Euronext Amsterdam;EUR;NL;Common Stock;OUI;ACTION_EEE;action ordinaire (Common Stock) émise dans l'EEE;2026-08-30
NL0010801007;IMCD;IMCD;Euronext Amsterdam | Trading After Hours;EUR;NL;Common Stock;OUI;ACTION_EEE;action ordinaire (Common Stock) émise dans l'EEE;2026-08-30
NL0010832176;ARGENX SE;ARGX;Euronext Brussels | Trading After Hours;EUR;NL;Common Stock;OUI;ACTION_EEE;action ordinaire (Common Stock) émise dans l'EEE;2026-08-30
NL0011540547;ABN AMRO BANK N.V.;ABN;Euronext Amsterdam;EUR;NL;Dutch Cert;A_VERIFIER;TYPE_INCERTAIN;certificat néerlandais : vérifier le titre sous-jacent;2026-08-30
NL0011585146;FERRARI;RACE;Euronext Milan | Trading After Hours;EUR;NL;Common Stock;OUI;ACTION_EEE;action ordinaire (Common Stock) émise dans l'EEE;2026-08-30
NL0011660485;SIF HOLDING;SIFG;Euronext Amsterdam;EUR;NL;Common Stock;OUI;ACTION_EEE;action ordinaire (Common Stock) émise dans l'EEE;2026-08-30
NL0011794037;AHOLD DEL;4AD;EuroTLX | Euronext Amsterdam, Brussels | Trading After Hours | Euronext Global Equity Market;EUR;NL;Common Stock;OUI;ACTION_EEE;action ordinaire (Common Stock) émise dans l'EEE;2026-08-30
NL0011821202;ING GROEP;4INGA;EuroTLX | Trading After Hours | Euronext Global Equity Market | Euronext Amsterdam, Brussels;EUR;NL;Common Stock;OUI;ACTION_EEE;action ordinaire (Common Stock) émise dans l'EEE;2026-08-30
NL0011821392;SIGNIFY NV;2LIGHT;Trading After Hours | Euronext Amsterdam;EUR;NL;Common Stock;OUI;ACTION_EEE;action ordinaire (Common Stock) émise dans l'EEE;2026-08-30
NL0011832811;FORFARMERS;FFARM;Euronext Amsterdam;EUR;NL;Common Stock;OUI;ACTION_EEE;action ordinaire (Common Stock) émise dans l'EEE;2026-08-30
NL0011872643;ASR NEDERLAND;2ASRNL;Trading After Hours | Euronext Amsterdam;EUR;NL;Common Stock;OUI;ACTION_EEE;action ordinaire (Common Stock) émise dans l'EEE;2026-08-30
NL0011872650;BASIC-FIT;2BFIT;Trading After Hours | Euronext Amsterdam;EUR;NL;Common Stock;OUI;ACTION_EEE;action ordinaire (Common Stock) émise dans l'EEE;2026-08-30
NL0012044747;Redcare Pharma;4SAE;EuroTLX | Euronext Global Equity Market;EUR;NL;Common Stock;OUI;ACTION_EEE;action ordinaire (Common Stock) émise dans l'EEE;2026-08-30
NL0012059018;EXOR NV;2EXO;Trading After Hours | Euronext Amsterdam;EUR;NL;Common Stock;OUI;ACTION_EEE;action ordinaire (Common Stock) émise dans l'EEE;2026-08-30
NL0012194724;ALUMEXX N.V.;ALX;Euronext Amsterdam;EUR;NL;Common Stock;OUI;ACTION_EEE;action ordinaire (Common Stock) émise dans l'EEE;2026-08-30
NL0012365084;NSI N.V.;NSI;Euronext Amsterdam;EUR;NL;REIT;NON;REGIME_FONCIER;foncière cotée (SIIC ou régime européen équivalent) : exclue du PEA depuis le 21 octobre 2011;2026-08-30
NL0012650535;PARX MATERIALS NV;MLPRX;Euronext Access Paris;EUR;NL;Common Stock;OUI;ACTION_EEE;action ordinaire (Common Stock) émise dans l'EEE;2026-08-30
NL0012747059;CM.COM;CMCOM;Euronext Amsterdam;EUR;NL;Common Stock;OUI;ACTION_EEE;action ordinaire (Common Stock) émise dans l'EEE;2026-08-30
NL0012817175;ALFEN;ALFEN;Euronext Amsterdam | Trading After Hours | EuroTLX;EUR;NL;Common Stock;OUI;ACTION_EEE;action ordinaire (Common Stock) émise dans l'EEE;2026-08-30
NL0012866412;BE SEMICONDUCTOR;2BESI;Trading After Hours | Euronext Amsterdam;EUR;NL;Common Stock;OUI;ACTION_EEE;action ordinaire (Common Stock) émise dans l'EEE;2026-08-30
NL0012969182;ADYEN;ADYEN;Euronext Amsterdam | EuroTLX | Trading After Hours;EUR;NL;Common Stock;OUI;ACTION_EEE;action ordinaire (Common Stock) émise dans l'EEE;2026-08-30
NL0013267909;AKZO NOBEL;AKZA;Euronext Amsterdam | EuroTLX | Trading After Hours;EUR;NL;Common Stock;OUI;ACTION_EEE;action ordinaire (Common Stock) émise dans l'EEE;2026-08-30
NL0013332471;TOMTOM;TOM2;Euronext Amsterdam;EUR;NL;Common Stock;OUI;ACTION_EEE;action ordinaire (Common Stock) émise dans l'EEE;2026-08-30
NL0013654783;PROSUS;2PRX;Trading After Hours | EuroTLX | Euronext Amsterdam;EUR;NL;Common Stock;OUI;ACTION_EEE;action ordinaire (Common Stock) émise dans l'EEE;2026-08-30
NL0013654809;FASTNED;FAST;Euronext Amsterdam;EUR;NL;Dutch Cert;A_VERIFIER;TYPE_INCERTAIN;certificat néerlandais : vérifier le titre sous-jacent;2026-08-30
NL0013995087;CEMENTIR HOLDING;CEM;Euronext Milan;EUR;NL;Common Stock;OUI;ACTION_EEE;action ordinaire (Common Stock) émise dans l'EEE;2026-08-30
NL0014559478;TECHNIP ENERGIES;2TE;Trading After Hours | Euronext Paris;EUR;NL;Common Stock;OUI;ACTION_EEE;action ordinaire (Common Stock) émise dans l'EEE;2026-08-30
NL00150000S7;CABKA;CABKA;Euronext Amsterdam;EUR;NL;Common Stock;OUI;ACTION_EEE;action ordinaire (Common Stock) émise dans l'EEE;2026-08-30
NL00150000U3;CABKA EUR 12W;DSCW2;Euronext Amsterdam;EUR;NL;Equity WRT;NON;TYPE_INSTRUMENT;bon ou droit de souscription : non éligible au PEA;2026-08-30
NL00150000V1;CABKA EUR 13W;DSCW3;Euronext Amsterdam;EUR;NL;;A_VERIFIER;NATURE_INCONNUE;nature de l'instrument non identifiée par OpenFIGI;2026-08-30
NL00150001Q9;STELLANTIS;2STLAM;Trading After Hours | Euronext Milan | Euronext Paris;EUR;NL;Common Stock;OUI;ACTION_EEE;action ordinaire (Common Stock) émise dans l'EEE;2026-08-30
NL00150001S5;THE KINGFISH COMP;KING;Euronext Growth Oslo;NOK;NL;Common Stock;OUI;ACTION_EEE;action ordinaire (Common Stock) émise dans l'EEE;2026-08-30
NL00150002Q7;VIVORYON;VVY;Euronext Amsterdam;EUR;NL;Common Stock;OUI;ACTION_EEE;action ordinaire (Common Stock) émise dans l'EEE;2026-08-30
NL00150002R5;CABKA DSC2 TS;DSC2S;Euronext Amsterdam;EUR;NL;Common Stock;OUI;ACTION_EEE;action ordinaire (Common Stock) émise dans l'EEE;2026-08-30
NL00150003E1;FUGRO;2FUR;Trading After Hours | Euronext Amsterdam;EUR;NL;Common Stock;OUI;ACTION_EEE;action ordinaire (Common Stock) émise dans l'EEE;2026-08-30
NL00150006R6;CTP;2CTPNV;Trading After Hours | Euronext Amsterdam;EUR;NL;Common Stock;OUI;ACTION_EEE;action ordinaire (Common Stock) émise dans l'EEE;2026-08-30
NL00150006Z9;AZERION;AZRN;Euronext Amsterdam;EUR;NL;Common Stock;OUI;ACTION_EEE;action ordinaire (Common Stock) émise dans l'EEE;2026-08-30
NL00150007A0;AZERION WARRANTS;AZRNW;Euronext Amsterdam;EUR;NL;Equity WRT;NON;TYPE_INSTRUMENT;bon ou droit de souscription : non éligible au PEA;2026-08-30
NL0015000CF4;NAI TREAS SHARES;NAITR;Euronext Amsterdam;EUR;NL;Common Stock;OUI;ACTION_EEE;action ordinaire (Common Stock) émise dans l'EEE;2026-08-30
NL0015000CG2;NAI ORD SHARES;NAI;Euronext Amsterdam;EUR;NL;Common Stock;OUI;ACTION_EEE;action ordinaire (Common Stock) émise dans l'EEE;2026-08-30
NL0015000CH0;NAI WARRANTS;NAIW;Euronext Amsterdam;EUR;NL;Equity WRT;NON;TYPE_INSTRUMENT;bon ou droit de souscription : non éligible au PEA;2026-08-30
NL0015000D50;NX FILTRATION;NXFIL;Euronext Amsterdam;EUR;NL;Common Stock;OUI;ACTION_EEE;action ordinaire (Common Stock) émise dans l'EEE;2026-08-30
NL0015000GX8;ENVIPCO HOLDING;ENVIP;Oslo Børs | Euronext Amsterdam;NOK;NL;Common Stock;OUI;ACTION_EEE;action ordinaire (Common Stock) émise dans l'EEE;2026-08-30
NL0015000H56;BANIJAY GROUP WARR;BNJW;Euronext Amsterdam;EUR;NL;Equity WRT;NON;TYPE_INSTRUMENT;bon ou droit de souscription : non éligible au PEA;2026-08-30
NL0015000HT4;ONWARD MEDICAL;ONWD;Euronext Brussels, Amsterdam, Paris;EUR;NL;Common Stock;OUI;ACTION_EEE;action ordinaire (Common Stock) émise dans l'EEE;2026-08-30
NL0015000IY2;UMG;UMG;Euronext Amsterdam | Trading After Hours;EUR;NL;Common Stock;OUI;ACTION_EEE;action ordinaire (Common Stock) émise dans l'EEE;2026-08-30
NL0015000K93;EUROCOMMERCIAL;2ECMPA;Trading After Hours | Euronext Milan | Euronext Amsterdam, Brussels;EUR;NL;REIT;NON;REGIME_FONCIER;foncière cotée (SIIC ou régime européen équivalent) : exclue du PEA depuis le 21 octobre 2011;2026-08-30
NL0015000LU4;IVECO GROUP;2IVG;Trading After Hours | Euronext Milan;EUR;NL;Common Stock;OUI;ACTION_EEE;action ordinaire (Common Stock) émise dans l'EEE;2026-08-30
NL0015000N33;ARISTON HOLDING;ARIS;Euronext Milan;EUR;NL;Common Stock;OUI;ACTION_EEE;action ordinaire (Common Stock) émise dans l'EEE;2026-08-30
NL0015000NK1;QEV WARRANTS;QEVW;Euronext Amsterdam;EUR;NL;Equity WRT;NON;TYPE_INSTRUMENT;bon ou droit de souscription : non éligible au PEA;2026-08-30
NL0015000NL9;QEV TREAS SHARES;QEVT;Euronext Amsterdam;EUR;NL;Common Stock;OUI;ACTION_EEE;action ordinaire (Common Stock) émise dans l'EEE;2026-08-30
NL0015000NM7;QEV;QEV;Euronext Amsterdam;EUR;NL;Common Stock;OUI;ACTION_EEE;action ordinaire (Common Stock) émise dans l'EEE;2026-08-30
NL0015000RT3;NEPI ROCKCASTLE;NRP;Euronext Amsterdam;EUR;NL;Common Stock;OUI;ACTION_EEE;action ordinaire (Common Stock) émise dans l'EEE;2026-08-30
NL0015000X07;BANIJAY GROUP;BNJ;Euronext Amsterdam;EUR;NL;Common Stock;OUI;ACTION_EEE;action ordinaire (Common Stock) émise dans l'EEE;2026-08-30
NL0015000YE1;TME PHARMA;ALTME;Euronext Growth Paris;EUR;NL;Common Stock;OUI;ACTION_EEE;action ordinaire (Common Stock) émise dans l'EEE;2026-08-30
NL0015001BF4;REFUELS;REFL;Euronext Growth Oslo;NOK;NL;Common Stock;OUI;ACTION_EEE;action ordinaire (Common Stock) émise dans l'EEE;2026-08-30
NL0015001FS8;FERROVIAL;FER;Euronext Amsterdam;EUR;NL;Common Stock;OUI;ACTION_EEE;action ordinaire (Common Stock) émise dans l'EEE;2026-08-30
NL0015001HZ9;PET SERVICE;ALPET;Euronext Growth Paris;EUR;NL;Common Stock;OUI;ACTION_EEE;action ordinaire (Common Stock) émise dans l'EEE;2026-08-30
NL0015001KT6;BREMBO;BRE;Euronext Milan;EUR;NL;Common Stock;OUI;ACTION_EEE;action ordinaire (Common Stock) émise dans l'EEE;2026-08-30
NL0015001OI1;MFE A;2MFEA;Trading After Hours | Euronext Milan;EUR;NL;Common Stock;OUI;ACTION_EEE;action ordinaire (Common Stock) émise dans l'EEE;2026-08-30
NL0015001OJ9;MFE B;MFEB;Euronext Milan | Trading After Hours;EUR;NL;Common Stock;OUI;ACTION_EEE;action ordinaire (Common Stock) émise dans l'EEE;2026-08-30
NL0015001W49;PLUXEE;PLX;Euronext Paris;EUR;NL;Common Stock;OUI;ACTION_EEE;action ordinaire (Common Stock) émise dans l'EEE;2026-08-30
NL0015002AG2;EBUSCO HOLDING;EBUS;Euronext Amsterdam;EUR;NL;Common Stock;OUI;ACTION_EEE;action ordinaire (Common Stock) émise dans l'EEE;2026-08-30
NL0015002E73;PRYME;PRYME;Euronext Growth Oslo;NOK;NL;Common Stock;OUI;ACTION_EEE;action ordinaire (Common Stock) émise dans l'EEE;2026-08-30
NL0015002IE0;AVANTIUM;AVTX;Euronext Amsterdam, Brussels;EUR;NL;Common Stock;OUI;ACTION_EEE;action ordinaire (Common Stock) émise dans l'EEE;2026-08-30
NL0015002K83;HAVAS;HAVAS;Euronext Amsterdam;EUR;NL;Common Stock;OUI;ACTION_EEE;action ordinaire (Common Stock) émise dans l'EEE;2026-08-30
NL0015002K91;ADEC INNOVATIONS;MLADE;Euronext Access Brussels;EUR;NL;Common Stock;OUI;ACTION_EEE;action ordinaire (Common Stock) émise dans l'EEE;2026-08-30
NL0015002MS2;MAGNUM;MICC;Euronext Amsterdam;EUR;NL;Common Stock;OUI;ACTION_EEE;action ordinaire (Common Stock) émise dans l'EEE;2026-08-30
NL0015002SN0;QIAGEN;4QGEN;EuroTLX | Trading After Hours | Euronext Global Equity Market;EUR;NL;Common Stock;OUI;ACTION_EEE;action ordinaire (Common Stock) émise dans l'EEE;2026-08-30
NL0015073TS8;CSG;2CSG;Trading After Hours | Euronext Amsterdam;EUR;NL;Common Stock;OUI;ACTION_EEE;action ordinaire (Common Stock) émise dans l'EEE;2026-08-30
NL0015118803;VALUE8 CUM PREF;PREVA;Euronext Amsterdam;EUR;NL;Preference;A_VERIFIER;TYPE_INCERTAIN;action de préférence : vérifier le prospectus;2026-08-30
NL0015268814;MPC ENERGY SOLUTIO;MPCES;Euronext Growth Oslo;NOK;NL;Common Stock;OUI;ACTION_EEE;action ordinaire (Common Stock) émise dans l'EEE;2026-08-30
NL0015435975;CAMPARI;2CPR;Trading After Hours | Euronext Milan;EUR;NL;Common Stock;OUI;ACTION_EEE;action ordinaire (Common Stock) émise dans l'EEE;2026-08-30
NO0003021909;ABG SUNDAL COLLIER;ABG;Oslo Børs;NOK;NO;Common Stock;OUI;ACTION_EEE;action ordinaire (Common Stock) émise dans l'EEE;2026-08-30
NO0003025009;VOSS VEKSEL OGLAND;VVL;Oslo Børs;NOK;NO;Common Stock;OUI;ACTION_EEE;action ordinaire (Common Stock) émise dans l'EEE;2026-08-30
NO0003033102;KONGSBERG AUTOMOT;KOA;Oslo Børs;NOK;NO;Common Stock;OUI;ACTION_EEE;action ordinaire (Common Stock) émise dans l'EEE;2026-08-30
NO0003049405;NEKKAR;NKR;Oslo Børs;NOK;NO;Common Stock;OUI;ACTION_EEE;action ordinaire (Common Stock) émise dans l'EEE;2026-08-30
NO0003053308;SCANA;SCANA;Oslo Børs;NOK;NO;Common Stock;OUI;ACTION_EEE;action ordinaire (Common Stock) émise dans l'EEE;2026-08-30
NO0003053605;STOREBRAND;STB;Oslo Børs;NOK;NO;Common Stock;OUI;ACTION_EEE;action ordinaire (Common Stock) émise dans l'EEE;2026-08-30
NO0003054108;MOWI;MOWI;Oslo Børs;NOK;NO;Common Stock;OUI;ACTION_EEE;action ordinaire (Common Stock) émise dans l'EEE;2026-08-30
NO0003055501;NORDIC SEMICONDUC;NOD;Oslo Børs;NOK;NO;Common Stock;OUI;ACTION_EEE;action ordinaire (Common Stock) émise dans l'EEE;2026-08-30
NO0003058109;NORDIC HALIBUT;NOHAL;Euronext Growth Oslo;NOK;NO;Common Stock;OUI;ACTION_EEE;action ordinaire (Common Stock) émise dans l'EEE;2026-08-30
NO0003067902;HEXAGON COMPOSITES;HEX;Oslo Børs;NOK;NO;Common Stock;OUI;ACTION_EEE;action ordinaire (Common Stock) émise dans l'EEE;2026-08-30
NO0003078107;AF GRUPPEN;AFG;Oslo Børs;NOK;NO;Common Stock;OUI;ACTION_EEE;action ordinaire (Common Stock) émise dans l'EEE;2026-08-30
NO0003078800;TGS;TGS;Oslo Børs;NOK;NO;Common Stock;OUI;ACTION_EEE;action ordinaire (Common Stock) émise dans l'EEE;2026-08-30
NO0003079709;KITRON;KIT;Oslo Børs;NOK;NO;Common Stock;OUI;ACTION_EEE;action ordinaire (Common Stock) émise dans l'EEE;2026-08-30
NO0003080608;SOLSTAD OFFSHORE;SOFF;Oslo Børs;NOK;NO;Common Stock;OUI;ACTION_EEE;action ordinaire (Common Stock) émise dans l'EEE;2026-08-30
NO0003087603;BYGGMA;BMA;Euronext Growth Oslo;NOK;NO;Common Stock;OUI;ACTION_EEE;action ordinaire (Common Stock) émise dans l'EEE;2026-08-30
NO0003096208;LERØY SEAFOOD GP;LSG;Oslo Børs;NOK;NO;Common Stock;OUI;ACTION_EEE;action ordinaire (Common Stock) émise dans l'EEE;2026-08-30
NO0003097503;AKVA GROUP;AKVA;Oslo Børs;NOK;NO;Common Stock;OUI;ACTION_EEE;action ordinaire (Common Stock) émise dans l'EEE;2026-08-30
NO0003110603;BONHEUR;BONHR;Oslo Børs;NOK;NO;Common Stock;OUI;ACTION_EEE;action ordinaire (Common Stock) émise dans l'EEE;2026-08-30
NO0003117202;REACH SUBSEA;REACH;Oslo Børs;NOK;NO;Common Stock;OUI;ACTION_EEE;action ordinaire (Common Stock) émise dans l'EEE;2026-08-30
NO0003399909;ODFJELL SER. A;ODF;Oslo Børs;NOK;NO;Common Stock;OUI;ACTION_EEE;action ordinaire (Common Stock) émise dans l'EEE;2026-08-30
NO0003399917;ODFJELL SER. B;ODFB;Oslo Børs;NOK;NO;Common Stock;OUI;ACTION_EEE;action ordinaire (Common Stock) émise dans l'EEE;2026-08-30
NO0003572802;ARENDALS FOSSEKOMP;AFK;Oslo Børs;NOK;NO;Common Stock;OUI;ACTION_EEE;action ordinaire (Common Stock) émise dans l'EEE;2026-08-30
NO0003679102;NRC GROUP;NRC;Oslo Børs;NOK;NO;Common Stock;OUI;ACTION_EEE;action ordinaire (Common Stock) émise dans l'EEE;2026-08-30
NO0003733800;ORKLA;ORK;Oslo Børs;NOK;NO;Common Stock;OUI;ACTION_EEE;action ordinaire (Common Stock) émise dans l'EEE;2026-08-30
NO0003921009;DNO;DNO;Oslo Børs;NOK;NO;Common Stock;OUI;ACTION_EEE;action ordinaire (Common Stock) émise dans l'EEE;2026-08-30
NO0004288200;GYLDENDAL;GYL;Oslo Børs;NOK;NO;Common Stock;OUI;ACTION_EEE;action ordinaire (Common Stock) émise dans l'EEE;2026-08-30
NO0004822503;ATEA;ATEA;Oslo Børs;NOK;NO;Common Stock;OUI;ACTION_EEE;action ordinaire (Common Stock) émise dans l'EEE;2026-08-30
NO0004913609;GOODTECH;GOD;Oslo Børs;NOK;NO;Common Stock;OUI;ACTION_EEE;action ordinaire (Common Stock) émise dans l'EEE;2026-08-30
NO0005052605;NORSK HYDRO;NHY;Oslo Børs;NOK;NO;Common Stock;OUI;ACTION_EEE;action ordinaire (Common Stock) émise dans l'EEE;2026-08-30
NO0005806802;VEIDEKKE;VEI;Oslo Børs;NOK;NO;Common Stock;OUI;ACTION_EEE;action ordinaire (Common Stock) émise dans l'EEE;2026-08-30
NO0006000603;SOGN SPAREBANK;SOGN;Oslo Børs;NOK;NO;Common Stock;OUI;ACTION_EEE;action ordinaire (Common Stock) émise dans l'EEE;2026-08-30
NO0006000801;SPBK1 NORD-NORGE;NONG;Oslo Børs;NOK;NO;Common Stock;OUI;ACTION_EEE;action ordinaire (Common Stock) émise dans l'EEE;2026-08-30
NO0006000900;SPAREBANKEN NORGE;SBNOR;Oslo Børs;NOK;NO;Common Stock;OUI;ACTION_EEE;action ordinaire (Common Stock) émise dans l'EEE;2026-08-30
NO0006001007;ROGALAND SPAREBANK;ROGS;Oslo Børs;NOK;NO;Common Stock;OUI;ACTION_EEE;action ordinaire (Common Stock) émise dans l'EEE;2026-08-30
NO0006001601;AURSKOG SPAREBANK;AURG;Oslo Børs;NOK;NO;Common Stock;OUI;ACTION_EEE;action ordinaire (Common Stock) émise dans l'EEE;2026-08-30
NO0006001809;SKUE SPAREBANK;SKUE;Oslo Børs;NOK;NO;Common Stock;OUI;ACTION_EEE;action ordinaire (Common Stock) émise dans l'EEE;2026-08-30
NO0006001908;MELHUS SPAREBANK;MELG;Oslo Børs;NOK;NO;Common Stock;OUI;ACTION_EEE;action ordinaire (Common Stock) émise dans l'EEE;2026-08-30
NO0006222009;SPAREBANKEN ØST;SPOG;Oslo Børs;NOK;NO;Common Stock;OUI;ACTION_EEE;action ordinaire (Common Stock) émise dans l'EEE;2026-08-30
NO0006390301;SPAREBANK 1 SMN;MING;Oslo Børs;NOK;NO;Common Stock;OUI;ACTION_EEE;action ordinaire (Common Stock) émise dans l'EEE;2026-08-30
NO0006390400;SPBK1 RINGERIKE;RING;Oslo Børs;NOK;NO;Common Stock;OUI;ACTION_EEE;action ordinaire (Common Stock) émise dans l'EEE;2026-08-30
NO0010000045;PHOTOCURE;PHO;Oslo Børs;NOK;NO;Common Stock;OUI;ACTION_EEE;action ordinaire (Common Stock) émise dans l'EEE;2026-08-30
NO0010001118;ITERA;ITERA;Oslo Børs;NOK;NO;Common Stock;OUI;ACTION_EEE;action ordinaire (Common Stock) émise dans l'EEE;2026-08-30
NO0010012636;HØLAND OG SETSKOG;HSPG;Oslo Børs;NOK;NO;Common Stock;OUI;ACTION_EEE;action ordinaire (Common Stock) émise dans l'EEE;2026-08-30
NO0010014632;ARCTICZYMES TECHNO;AZT;Oslo Børs;NOK;NO;Common Stock;OUI;ACTION_EEE;action ordinaire (Common Stock) émise dans l'EEE;2026-08-30
NO0010015175;CYVIZ;CYVIZ;Euronext Growth Oslo;NOK;NO;Common Stock;OUI;ACTION_EEE;action ordinaire (Common Stock) émise dans l'EEE;2026-08-30
NO0010029804;SPBK1 HELGELAND;HELG;Oslo Børs;NOK;NO;Common Stock;OUI;ACTION_EEE;action ordinaire (Common Stock) émise dans l'EEE;2026-08-30
NO0010040611;OTELLO CORPORATION;OTEC;Oslo Børs;NOK;NO;Common Stock;OUI;ACTION_EEE;action ordinaire (Common Stock) émise dans l'EEE;2026-08-30
NO0010063308;TELENOR;TEL;Oslo Børs;NOK;NO;Common Stock;OUI;ACTION_EEE;action ordinaire (Common Stock) émise dans l'EEE;2026-08-30
NO0010073489;AUSTEVOLL SEAFOOD;AUSS;Oslo Børs;NOK;NO;Common Stock;OUI;ACTION_EEE;action ordinaire (Common Stock) émise dans l'EEE;2026-08-30
NO0010078850;CAMBI;CAMBI;Euronext Growth Oslo;NOK;NO;Common Stock;OUI;ACTION_EEE;action ordinaire (Common Stock) émise dans l'EEE;2026-08-30
NO0010081235;NEL;NEL;Oslo Børs;NOK;NO;Common Stock;OUI;ACTION_EEE;action ordinaire (Common Stock) émise dans l'EEE;2026-08-30
NO0010096985;EQUINOR;EQNR;Oslo Børs;NOK;NO;Common Stock;OUI;ACTION_EEE;action ordinaire (Common Stock) émise dans l'EEE;2026-08-30
NO0010098247;STRONGPOINT;STRO;Oslo Børs;NOK;NO;Common Stock;OUI;ACTION_EEE;action ordinaire (Common Stock) émise dans l'EEE;2026-08-30
NO0010159684;MEDISTIM;MEDI;Oslo Børs;NOK;NO;Common Stock;OUI;ACTION_EEE;action ordinaire (Common Stock) émise dans l'EEE;2026-08-30
NO0010161896;DNB BANK;DNB;Oslo Børs;NOK;NO;Common Stock;OUI;ACTION_EEE;action ordinaire (Common Stock) émise dans l'EEE;2026-08-30
NO0010187032;MAGNORA;MGN;Oslo Børs;NOK;NO;Common Stock;OUI;ACTION_EEE;action ordinaire (Common Stock) émise dans l'EEE;2026-08-30
NO0010196140;NORWEGIAN AIR SHUT;NAS;Oslo Børs;NOK;NO;Common Stock;OUI;ACTION_EEE;action ordinaire (Common Stock) émise dans l'EEE;2026-08-30
NO0010205966;NAVAMEDIC;NAVA;Oslo Børs;NOK;NO;Common Stock;OUI;ACTION_EEE;action ordinaire (Common Stock) émise dans l'EEE;2026-08-30
NO0010208051;YARA INTERNATIONAL;YAR;Oslo Børs;NOK;NO;Common Stock;OUI;ACTION_EEE;action ordinaire (Common Stock) émise dans l'EEE;2026-08-30
NO0010209331;PROTECTOR FORSIKRG;PROT;Oslo Børs;NOK;NO;Common Stock;OUI;ACTION_EEE;action ordinaire (Common Stock) émise dans l'EEE;2026-08-30
NO0010215684;AKASTOR;AKAST;Oslo Børs;NOK;NO;Common Stock;OUI;ACTION_EEE;action ordinaire (Common Stock) émise dans l'EEE;2026-08-30
NO0010234552;AKER;AKER;Oslo Børs;NOK;NO;Common Stock;OUI;ACTION_EEE;action ordinaire (Common Stock) émise dans l'EEE;2026-08-30
NO0010257728;HAVILA SHIPPING;HAVI;Oslo Børs;NOK;NO;Common Stock;OUI;ACTION_EEE;action ordinaire (Common Stock) émise dans l'EEE;2026-08-30
NO0010263023;EIDESVIK OFFSHORE;EIOF;Oslo Børs;NOK;NO;Common Stock;OUI;ACTION_EEE;action ordinaire (Common Stock) émise dans l'EEE;2026-08-30
NO0010285562;SPBK1 ØSTFOLD AKE;SOAG;Oslo Børs;NOK;NO;Common Stock;OUI;ACTION_EEE;action ordinaire (Common Stock) émise dans l'EEE;2026-08-30
NO0010310956;SALMAR;SALM;Oslo Børs;NOK;NO;Common Stock;OUI;ACTION_EEE;action ordinaire (Common Stock) émise dans l'EEE;2026-08-30
NO0010345853;AKER BP;AKRBP;Oslo Børs;NOK;NO;Common Stock;OUI;ACTION_EEE;action ordinaire (Common Stock) émise dans l'EEE;2026-08-30
NO0010358484;VOIM;VOIM;Oslo Børs;NOK;NO;Common Stock;OUI;ACTION_EEE;action ordinaire (Common Stock) émise dans l'EEE;2026-08-30
NO0010359433;JÆREN SPAREBANK;JAREN;Oslo Børs;NOK;NO;Common Stock;OUI;ACTION_EEE;action ordinaire (Common Stock) émise dans l'EEE;2026-08-30
NO0010360019;NORAM DRILLING;NORAM;Euronext Growth Oslo;NOK;NO;Common Stock;OUI;ACTION_EEE;action ordinaire (Common Stock) émise dans l'EEE;2026-08-30
NO0010360266;BOUVET;BOUV;Oslo Børs;NOK;NO;Common Stock;OUI;ACTION_EEE;action ordinaire (Common Stock) émise dans l'EEE;2026-08-30
NO0010365521;GRIEG SEAFOOD;GSF;Oslo Børs;NOK;NO;Common Stock;OUI;ACTION_EEE;action ordinaire (Common Stock) émise dans l'EEE;2026-08-30
NO0010379266;BLUENORD;BNOR;Oslo Børs;NOK;NO;Common Stock;OUI;ACTION_EEE;action ordinaire (Common Stock) émise dans l'EEE;2026-08-30
NO0010397581;PARETO BANK;PARB;Oslo Børs;NOK;NO;Common Stock;OUI;ACTION_EEE;action ordinaire (Common Stock) émise dans l'EEE;2026-08-30
NO0010405780;LYTIX BIOPHARMA;LYTIX;Euronext Growth Oslo;NOK;NO;Common Stock;OUI;ACTION_EEE;action ordinaire (Common Stock) émise dans l'EEE;2026-08-30
NO0010466022;POLARIS MEDIA;POL;Oslo Børs;NOK;NO;Common Stock;OUI;ACTION_EEE;action ordinaire (Common Stock) émise dans l'EEE;2026-08-30
NO0010536048;INDUCT;INDCT;Euronext Growth Oslo;NOK;NO;Common Stock;OUI;ACTION_EEE;action ordinaire (Common Stock) émise dans l'EEE;2026-08-30
NO0010550056;NORTH ENERGY;NORTH;Euronext Expand Oslo;NOK;NO;Common Stock;OUI;ACTION_EEE;action ordinaire (Common Stock) émise dans l'EEE;2026-08-30
NO0010564701;PANORO ENERGY;PEN;Oslo Børs;NOK;NO;Common Stock;OUI;ACTION_EEE;action ordinaire (Common Stock) émise dans l'EEE;2026-08-30
NO0010571680;WALLENIUS WILHELMS;WAWI;Oslo Børs;NOK;NO;Common Stock;OUI;ACTION_EEE;action ordinaire (Common Stock) émise dans l'EEE;2026-08-30
NO0010571698;WILH. WILHELMSEN A;WWI;Oslo Børs;NOK;NO;Common Stock;OUI;ACTION_EEE;action ordinaire (Common Stock) émise dans l'EEE;2026-08-30
NO0010572589;SAGA PURE;SAGA;Oslo Børs;NOK;NO;Common Stock;OUI;ACTION_EEE;action ordinaire (Common Stock) émise dans l'EEE;2026-08-30
NO0010576010;WILH. WILHELMSEN B;WWIB;Oslo Børs;NOK;NO;Common Stock;OUI;ACTION_EEE;action ordinaire (Common Stock) émise dans l'EEE;2026-08-30
NO0010582521;GJENSIDIGE FORSIKR;GJF;Oslo Børs;NOK;NO;Common Stock;OUI;ACTION_EEE;action ordinaire (Common Stock) émise dans l'EEE;2026-08-30
NO0010597883;THOR MEDICAL;TRMED;Oslo Børs;NOK;NO;Common Stock;OUI;ACTION_EEE;action ordinaire (Common Stock) émise dans l'EEE;2026-08-30
NO0010598683;HOFSETH BIOCARE;HBC;Oslo Børs;NOK;NO;Common Stock;OUI;ACTION_EEE;action ordinaire (Common Stock) émise dans l'EEE;2026-08-30
NO0010607971;ALNG;ALNG;Euronext Expand Oslo;NOK;NO;Common Stock;OUI;ACTION_EEE;action ordinaire (Common Stock) émise dans l'EEE;2026-08-30
NO0010609662;WEBSTEP;WSTEP;Oslo Børs;NOK;NO;Common Stock;OUI;ACTION_EEE;action ordinaire (Common Stock) émise dans l'EEE;2026-08-30
NO0010612450;SELVAAG BOLIG;SBO;Oslo Børs;NOK;NO;Common Stock;OUI;ACTION_EEE;action ordinaire (Common Stock) émise dans l'EEE;2026-08-30
NO0010631567;SPAREBANK 1 SØR-N;SB1NO;Oslo Børs;NOK;NO;Common Stock;OUI;ACTION_EEE;action ordinaire (Common Stock) émise dans l'EEE;2026-08-30
NO0010633951;B2 Impact;B2I;Oslo Børs;NOK;NO;Common Stock;OUI;ACTION_EEE;action ordinaire (Common Stock) émise dans l'EEE;2026-08-30
NO0010636491;GRONG SPAREBANK;GRONG;Euronext Growth Oslo;NOK;NO;Common Stock;OUI;ACTION_EEE;action ordinaire (Common Stock) émise dans l'EEE;2026-08-30
NO0010657505;BORREGAARD;BRG;Oslo Børs;NOK;NO;Common Stock;OUI;ACTION_EEE;action ordinaire (Common Stock) émise dans l'EEE;2026-08-30
NO0010672181;AASEN SPAREBANK;AASB;Euronext Growth Oslo;NOK;NO;Common Stock;OUI;ACTION_EEE;action ordinaire (Common Stock) émise dans l'EEE;2026-08-30
NO0010691660;SPBK 1 NORDMØRE;SNOR;Oslo Børs;NOK;NO;Common Stock;OUI;ACTION_EEE;action ordinaire (Common Stock) émise dans l'EEE;2026-08-30
NO0010708068;VOW;VOW;Oslo Børs;NOK;NO;Common Stock;OUI;ACTION_EEE;action ordinaire (Common Stock) émise dans l'EEE;2026-08-30
NO0010708605;EQVA;EQVA;Oslo Børs;NOK;NO;Common Stock;OUI;ACTION_EEE;action ordinaire (Common Stock) émise dans l'EEE;2026-08-30
NO0010708910;ZALARIS;ZAL;Oslo Børs;NOK;NO;Common Stock;OUI;ACTION_EEE;action ordinaire (Common Stock) émise dans l'EEE;2026-08-30
NO0010713571;SOILTECH;STECH;Oslo Børs;NOK;NO;Common Stock;OUI;ACTION_EEE;action ordinaire (Common Stock) émise dans l'EEE;2026-08-30
NO0010713936;ZAPTEC;ZAP;Oslo Børs;NOK;NO;Common Stock;OUI;ACTION_EEE;action ordinaire (Common Stock) émise dans l'EEE;2026-08-30
NO0010714785;NYKODE THERAPEUTIC;NYKD;Oslo Børs;NOK;NO;Common Stock;OUI;ACTION_EEE;action ordinaire (Common Stock) émise dans l'EEE;2026-08-30
NO0010715139;SCATEC;SCATC;Oslo Børs;NOK;NO;Common Stock;OUI;ACTION_EEE;action ordinaire (Common Stock) émise dans l'EEE;2026-08-30
NO0010715394;AQUALIS;AQUA;Oslo Børs;NOK;NO;Common Stock;OUI;ACTION_EEE;action ordinaire (Common Stock) émise dans l'EEE;2026-08-30
NO0010716418;ENTRA;ENTRA;Oslo Børs;NOK;NO;Common Stock;OUI;ACTION_EEE;action ordinaire (Common Stock) émise dans l'EEE;2026-08-30
NO0010716582;AKER SOLUTIONS;AKSO;Oslo Børs;NOK;NO;Common Stock;OUI;ACTION_EEE;action ordinaire (Common Stock) émise dans l'EEE;2026-08-30
NO0010722283;ELLIPTIC LABORATOR;ELABS;Oslo Børs;NOK;NO;Common Stock;OUI;ACTION_EEE;action ordinaire (Common Stock) émise dans l'EEE;2026-08-30
NO0010724701;ICELANDIC SALMON;ISLAX;Euronext Growth Oslo;NOK;NO;Common Stock;OUI;ACTION_EEE;action ordinaire (Common Stock) émise dans l'EEE;2026-08-30
NO0010733082;NIDAROS SPAREBANK;NISB;Euronext Growth Oslo;NOK;NO;Common Stock;OUI;ACTION_EEE;action ordinaire (Common Stock) émise dans l'EEE;2026-08-30
NO0010734122;VISTIN PHARMA;VISTN;Oslo Børs;NOK;NO;Common Stock;OUI;ACTION_EEE;action ordinaire (Common Stock) émise dans l'EEE;2026-08-30
NO0010734338;MULTICONSULT;MULTI;Oslo Børs;NOK;NO;Common Stock;OUI;ACTION_EEE;action ordinaire (Common Stock) émise dans l'EEE;2026-08-30
NO0010735343;EUROPRIS;EPR;Oslo Børs;NOK;NO;Common Stock;OUI;ACTION_EEE;action ordinaire (Common Stock) émise dans l'EEE;2026-08-30
NO0010735681;PIONEER PROPERTY;PPG;Euronext Expand Oslo;NOK;NO;Preference;A_VERIFIER;TYPE_INCERTAIN;action de préférence : vérifier le prospectus;2026-08-30
NO0010736879;VEND MARKETPLACES;VEND;Oslo Børs;NOK;NO;Common Stock;OUI;ACTION_EEE;action ordinaire (Common Stock) émise dans l'EEE;2026-08-30
NO0010743545;KID;KID;Oslo Børs;NOK;NO;Common Stock;OUI;ACTION_EEE;action ordinaire (Common Stock) émise dans l'EEE;2026-08-30
NO0010748866;GENTIAN DIAGNOSTIC;GENT;Oslo Børs;NOK;NO;Common Stock;OUI;ACTION_EEE;action ordinaire (Common Stock) émise dans l'EEE;2026-08-30
NO0010751910;SPBK 1 ØSTLANDET;SPOL;Oslo Børs;NOK;NO;Common Stock;OUI;ACTION_EEE;action ordinaire (Common Stock) émise dans l'EEE;2026-08-30
NO0010759988;TINDE SPAREBANK;TINDE;Euronext Growth Oslo;NOK;NO;Common Stock;OUI;ACTION_EEE;action ordinaire (Common Stock) émise dans l'EEE;2026-08-30
NO0010762792;INSTABANK;INSTA;Euronext Growth Oslo;NOK;NO;Common Stock;OUI;ACTION_EEE;action ordinaire (Common Stock) émise dans l'EEE;2026-08-30
NO0010764053;HAUGESUND SPB;HGSB;Oslo Børs;NOK;NO;Common Stock;OUI;ACTION_EEE;action ordinaire (Common Stock) émise dans l'EEE;2026-08-30
NO0010768096;WESTERN BULK CHART;WEST;Euronext Growth Oslo;NOK;NO;Common Stock;OUI;ACTION_EEE;action ordinaire (Common Stock) émise dans l'EEE;2026-08-30
NO0010788268;TRØNDELAG SPBK;TRSB;Oslo Børs;NOK;NO;Common Stock;OUI;ACTION_EEE;action ordinaire (Common Stock) émise dans l'EEE;2026-08-30
NO0010791353;MPC CONTAINER SHIP;MPCC;Oslo Børs;NOK;NO;Common Stock;OUI;ACTION_EEE;action ordinaire (Common Stock) émise dans l'EEE;2026-08-30
NO0010808405;ROMERIKE SPAREBK;ROMER;Euronext Growth Oslo;NOK;NO;Common Stock;OUI;ACTION_EEE;action ordinaire (Common Stock) émise dans l'EEE;2026-08-30
NO0010810476;BALTIC SEA PROP;BALT;Euronext Growth Oslo;NOK;NO;Common Stock;OUI;ACTION_EEE;action ordinaire (Common Stock) émise dans l'EEE;2026-08-30
NO0010811961;SOFTOX SOLUTIONS;SOFTX;Euronext Growth Oslo;NOK;NO;Common Stock;OUI;ACTION_EEE;action ordinaire (Common Stock) émise dans l'EEE;2026-08-30
NO0010815103;KRAFT BANK;KRAB;Euronext Growth Oslo;NOK;NO;Common Stock;OUI;ACTION_EEE;action ordinaire (Common Stock) émise dans l'EEE;2026-08-30
NO0010815673;ELMERA GROUP;ELMRA;Oslo Børs;NOK;NO;Common Stock;OUI;ACTION_EEE;action ordinaire (Common Stock) émise dans l'EEE;2026-08-30
NO0010816093;ELKEM;ELK;Oslo Børs;NOK;NO;Common Stock;OUI;ACTION_EEE;action ordinaire (Common Stock) émise dans l'EEE;2026-08-30
NO0010816895;OKEA;OKEA;Oslo Børs;NOK;NO;Common Stock;OUI;ACTION_EEE;action ordinaire (Common Stock) émise dans l'EEE;2026-08-30
NO0010829765;ANDFJORD SALMON GR;ANDF;Euronext Growth Oslo;NOK;NO;Common Stock;OUI;ACTION_EEE;action ordinaire (Common Stock) émise dans l'EEE;2026-08-30
NO0010833262;KLAVENESS COMBINAT;KCC;Oslo Børs;NOK;NO;Common Stock;OUI;ACTION_EEE;action ordinaire (Common Stock) émise dans l'EEE;2026-08-30
NO0010840507;PEXIP HOLDING;PEXIP;Oslo Børs;NOK;NO;Common Stock;OUI;ACTION_EEE;action ordinaire (Common Stock) émise dans l'EEE;2026-08-30
NO0010840515;AXACTOR;ACR;Oslo Børs;NOK;NO;Common Stock;OUI;ACTION_EEE;action ordinaire (Common Stock) émise dans l'EEE;2026-08-30
NO0010852213;EXACT THERAPEUTICS;EXTX;Euronext Growth Oslo;NOK;NO;Common Stock;OUI;ACTION_EEE;action ordinaire (Common Stock) émise dans l'EEE;2026-08-30
NO0010856511;NORBIT;NORBT;Oslo Børs;NOK;NO;Common Stock;OUI;ACTION_EEE;action ordinaire (Common Stock) émise dans l'EEE;2026-08-30
NO0010859580;ARCTIC BIOSCIENCE;ABS;Euronext Growth Oslo;NOK;NO;Common Stock;OUI;ACTION_EEE;action ordinaire (Common Stock) émise dans l'EEE;2026-08-30
NO0010859648;HUDDLESTOCK FINTEC;HUDL;Euronext Growth Oslo;NOK;NO;Common Stock;OUI;ACTION_EEE;action ordinaire (Common Stock) émise dans l'EEE;2026-08-30
NO0010861115;NORSKE SKOG;NSKOG;Oslo Børs;NOK;NO;Common Stock;OUI;ACTION_EEE;action ordinaire (Common Stock) émise dans l'EEE;2026-08-30
NO0010861990;PROSAFE;PRS;Oslo Børs;NOK;NO;Common Stock;OUI;ACTION_EEE;action ordinaire (Common Stock) émise dans l'EEE;2026-08-30
NO0010863285;SATS;SATS;Oslo Børs;NOK;NO;Common Stock;OUI;ACTION_EEE;action ordinaire (Common Stock) émise dans l'EEE;2026-08-30
NO0010864036;ININ GROUP;ININ;Euronext Growth Oslo;NOK;NO;Common Stock;OUI;ACTION_EEE;action ordinaire (Common Stock) émise dans l'EEE;2026-08-30
NO0010872468;AGILYX;AGLX;Oslo Børs;NOK;NO;Common Stock;OUI;ACTION_EEE;action ordinaire (Common Stock) émise dans l'EEE;2026-08-30
NO0010876642;CLOUDBERRY CLEAN;CLOUD;Oslo Børs;NOK;NO;Common Stock;OUI;ACTION_EEE;action ordinaire (Common Stock) émise dans l'EEE;2026-08-30
NO0010884794;KALDVIK;KLDVK;Euronext Growth Oslo;NOK;NO;Common Stock;OUI;ACTION_EEE;action ordinaire (Common Stock) émise dans l'EEE;2026-08-30
NO0010886625;AKER BIOMARINE;AKBM;Oslo Børs;NOK;NO;Common Stock;OUI;ACTION_EEE;action ordinaire (Common Stock) émise dans l'EEE;2026-08-30
NO0010887110;SPARBNK 68 GR NORD;SB68;Euronext Growth Oslo;NOK;NO;Common Stock;OUI;ACTION_EEE;action ordinaire (Common Stock) émise dans l'EEE;2026-08-30
NO0010887565;OCEAN SUN;OSUN;Euronext Growth Oslo;NOK;NO;Common Stock;OUI;ACTION_EEE;action ordinaire (Common Stock) émise dans l'EEE;2026-08-30
NO0010890965;BEWI;BEWI;Oslo Børs;NOK;NO;Common Stock;OUI;ACTION_EEE;action ordinaire (Common Stock) émise dans l'EEE;2026-08-30
NO0010892094;SALMON EVOLUTION;SALME;Oslo Børs;NOK;NO;Common Stock;OUI;ACTION_EEE;action ordinaire (Common Stock) émise dans l'EEE;2026-08-30
NO0010892359;HYDROGENPRO;HYPRO;Oslo Børs;NOK;NO;Common Stock;OUI;ACTION_EEE;action ordinaire (Common Stock) émise dans l'EEE;2026-08-30
NO0010892912;NORCOD;NCOD;Euronext Growth Oslo;NOK;NO;Common Stock;OUI;ACTION_EEE;action ordinaire (Common Stock) émise dans l'EEE;2026-08-30
NO0010893902;PROXIMAR SEAFOOD;PROXI;Euronext Growth Oslo;NOK;NO;Common Stock;OUI;ACTION_EEE;action ordinaire (Common Stock) émise dans l'EEE;2026-08-30
NO0010894231;LINK MOBILITY GRP;LINK;Oslo Børs;NOK;NO;Common Stock;OUI;ACTION_EEE;action ordinaire (Common Stock) émise dans l'EEE;2026-08-30
NO0010894512;OMDA;OMDA;Euronext Growth Oslo;NOK;NO;Common Stock;OUI;ACTION_EEE;action ordinaire (Common Stock) émise dans l'EEE;2026-08-30
NO0010895782;XPLORA TECHNOLOGIE;XPLRA;Euronext Growth Oslo;NOK;NO;Common Stock;OUI;ACTION_EEE;action ordinaire (Common Stock) émise dans l'EEE;2026-08-30
NO0010907744;GREEN MINERALS;GEM;Euronext Growth Oslo;NOK;NO;Common Stock;OUI;ACTION_EEE;action ordinaire (Common Stock) émise dans l'EEE;2026-08-30
NO0010911902;ELEKTROIMPORTØREN;ELIMP;Euronext Growth Oslo;NOK;NO;Common Stock;OUI;ACTION_EEE;action ordinaire (Common Stock) émise dans l'EEE;2026-08-30
NO0010914641;OCEAN GEOLOOP;OCEAN;Euronext Growth Oslo;NOK;NO;Common Stock;OUI;ACTION_EEE;action ordinaire (Common Stock) émise dans l'EEE;2026-08-30
NO0010917339;NOS NOVA;NOSN;Euronext Growth Oslo;NOK;NO;Common Stock;OUI;ACTION_EEE;action ordinaire (Common Stock) émise dans l'EEE;2026-08-30
NO0010917719;ARCTIC FISH HOLDIN;AFISH;Euronext Growth Oslo;NOK;NO;Common Stock;OUI;ACTION_EEE;action ordinaire (Common Stock) émise dans l'EEE;2026-08-30
NO0010920945;HYNION;HYN;Euronext Growth Oslo;NOK;NO;Common Stock;OUI;ACTION_EEE;action ordinaire (Common Stock) émise dans l'EEE;2026-08-30
NO0010921299;LOKOTECH GROUP;LOKO;Euronext Growth Oslo;NOK;NO;Common Stock;OUI;ACTION_EEE;action ordinaire (Common Stock) émise dans l'EEE;2026-08-30
NO0010923121;CAPSOL TECHNOLOGI;CAPSL;Oslo Børs;NOK;NO;Common Stock;OUI;ACTION_EEE;action ordinaire (Common Stock) émise dans l'EEE;2026-08-30
NO0010927288;LUMI EDUCATION GR;LUMI;Euronext Growth Oslo;NOK;NO;Common Stock;OUI;ACTION_EEE;action ordinaire (Common Stock) émise dans l'EEE;2026-08-30
NO0010931207;SKANDIA GREENPOWER;SKAND;Euronext Growth Oslo;NOK;NO;Common Stock;OUI;ACTION_EEE;action ordinaire (Common Stock) émise dans l'EEE;2026-08-30
NO0010931918;HAV GROUP;HAV;Euronext Growth Oslo;NOK;NO;Common Stock;OUI;ACTION_EEE;action ordinaire (Common Stock) émise dans l'EEE;2026-08-30
NO0010950249;BERGEN CARBON SOL;BCS;Euronext Growth Oslo;NOK;NO;Common Stock;OUI;ACTION_EEE;action ordinaire (Common Stock) émise dans l'EEE;2026-08-30
NO0010951577;TEKNA HOLDING;TEKNA;Oslo Børs;NOK;NO;Common Stock;OUI;ACTION_EEE;action ordinaire (Common Stock) émise dans l'EEE;2026-08-30
NO0010955917;DEEP VALUE DRILLER;DVD;Euronext Growth Oslo;NOK;NO;Common Stock;OUI;ACTION_EEE;action ordinaire (Common Stock) émise dans l'EEE;2026-08-30
NO0010963275;DESERT CONTROL;DSRT;Euronext Growth Oslo;NOK;NO;Common Stock;OUI;ACTION_EEE;action ordinaire (Common Stock) émise dans l'EEE;2026-08-30
NO0010969108;NORSK TITANIUM;NTI;Euronext Growth Oslo;NOK;NO;Common Stock;OUI;ACTION_EEE;action ordinaire (Common Stock) émise dans l'EEE;2026-08-30
NO0010974983;MÅSØVAL;MAS;Euronext Growth Oslo;NOK;NO;Common Stock;OUI;ACTION_EEE;action ordinaire (Common Stock) émise dans l'EEE;2026-08-30
NO0010976343;M VEST WATER;MVW;Euronext Growth Oslo;NOK;NO;Common Stock;OUI;ACTION_EEE;action ordinaire (Common Stock) émise dans l'EEE;2026-08-30
NO0010984966;NORWEGIAN BLOCK EX;NBX;Euronext Growth Oslo;NOK;NO;Common Stock;OUI;ACTION_EEE;action ordinaire (Common Stock) émise dans l'EEE;2026-08-30
NO0011002586;ELOPAK;ELO;Oslo Børs;NOK;NO;Common Stock;OUI;ACTION_EEE;action ordinaire (Common Stock) émise dans l'EEE;2026-08-30
NO0011002651;NORDHEALTH A-AKSJE;NORDH;Euronext Growth Oslo;NOK;NO;Common Stock;OUI;ACTION_EEE;action ordinaire (Common Stock) émise dans l'EEE;2026-08-30
NO0011012502;SMARTOPTICS GROUP;SMOP;Oslo Børs;NOK;NO;Common Stock;OUI;ACTION_EEE;action ordinaire (Common Stock) émise dans l'EEE;2026-08-30
NO0011013765;GIGANTE SALMON;GIGA;Euronext Growth Oslo;NOK;NO;Common Stock;OUI;ACTION_EEE;action ordinaire (Common Stock) émise dans l'EEE;2026-08-30
NO0011016040;KOMPLETT;KOMPL;Oslo Børs;NOK;NO;Common Stock;OUI;ACTION_EEE;action ordinaire (Common Stock) émise dans l'EEE;2026-08-30
NO0011018434;NORDIC TECHNOLOGY;NTG;Euronext Growth Oslo;NOK;NO;Common Stock;OUI;ACTION_EEE;action ordinaire (Common Stock) émise dans l'EEE;2026-08-30
NO0011082075;HÖEGH AUTOLINERS;HAUTO;Oslo Børs;NOK;NO;Common Stock;OUI;ACTION_EEE;action ordinaire (Common Stock) émise dans l'EEE;2026-08-30
NO0011202772;VÅR ENERGI;VAR;Oslo Børs;NOK;NO;Common Stock;OUI;ACTION_EEE;action ordinaire (Common Stock) émise dans l'EEE;2026-08-30
NO0012470089;TOMRA SYSTEMS;TOM;Oslo Børs;NOK;NO;Common Stock;OUI;ACTION_EEE;action ordinaire (Common Stock) émise dans l'EEE;2026-08-30
NO0012477704;JACKTEL;JACK;Euronext Growth Oslo;NOK;NO;Common Stock;OUI;ACTION_EEE;action ordinaire (Common Stock) émise dans l'EEE;2026-08-30
NO0012483207;SPAREBANKEN MØRE;MORG;Oslo Børs;NOK;NO;Common Stock;OUI;ACTION_EEE;action ordinaire (Common Stock) émise dans l'EEE;2026-08-30
NO0012535832;POLIGHT;PLT;Oslo Børs;NOK;NO;Common Stock;OUI;ACTION_EEE;action ordinaire (Common Stock) émise dans l'EEE;2026-08-30
NO0012555459;ENDÚR;ENDUR;Oslo Børs;NOK;NO;Common Stock;OUI;ACTION_EEE;action ordinaire (Common Stock) émise dans l'EEE;2026-08-30
NO0012706763;BIEN SPAREBANK;BIEN;Oslo Børs;NOK;NO;Common Stock;OUI;ACTION_EEE;action ordinaire (Common Stock) émise dans l'EEE;2026-08-30
NO0012780958;STAINLESS TANKERS;STST;Euronext Growth Oslo;NOK;NO;Common Stock;OUI;ACTION_EEE;action ordinaire (Common Stock) émise dans l'EEE;2026-08-30
NO0012851874;DOF GROUP;DOFG;Oslo Børs;NOK;NO;Common Stock;OUI;ACTION_EEE;action ordinaire (Common Stock) émise dans l'EEE;2026-08-30
NO0012861683;AYFIE INTERNATIONA;AIX;Euronext Growth Oslo;NOK;NO;Common Stock;OUI;ACTION_EEE;action ordinaire (Common Stock) émise dans l'EEE;2026-08-30
NO0012885252;NORSE ATLANTIC;NORSE;Euronext Expand Oslo;NOK;NO;Common Stock;OUI;ACTION_EEE;action ordinaire (Common Stock) émise dans l'EEE;2026-08-30
NO0012916131;TECHSTEP;TECH;Oslo Børs;NOK;NO;Common Stock;OUI;ACTION_EEE;action ordinaire (Common Stock) émise dans l'EEE;2026-08-30
NO0012928805;NORDIC AQUA PART;NOAP;Euronext Growth Oslo;NOK;NO;Common Stock;OUI;ACTION_EEE;action ordinaire (Common Stock) émise dans l'EEE;2026-08-30
NO0012942525;PETRONOR E&P;PNOR;Oslo Børs;NOK;NO;Common Stock;OUI;ACTION_EEE;action ordinaire (Common Stock) émise dans l'EEE;2026-08-30
NO0012953720;HUNTER GROUP;HUNT;Euronext Expand Oslo;NOK;NO;Common Stock;OUI;ACTION_EEE;action ordinaire (Common Stock) émise dans l'EEE;2026-08-30
NO0013033795;CIRCIO HOLDING;CRNA;Oslo Børs;NOK;NO;Common Stock;OUI;ACTION_EEE;action ordinaire (Common Stock) émise dans l'EEE;2026-08-30
NO0013036814;BRUTON;BRUT;Euronext Growth Oslo;NOK;NO;Common Stock;OUI;ACTION_EEE;action ordinaire (Common Stock) émise dans l'EEE;2026-08-30
NO0013052209;NORCONSULT;NORCO;Oslo Børs;NOK;NO;Common Stock;OUI;ACTION_EEE;action ordinaire (Common Stock) émise dans l'EEE;2026-08-30
NO0013119255;INTEROIL EXPL PROD;IOX;Oslo Børs;NOK;NO;Common Stock;OUI;ACTION_EEE;action ordinaire (Common Stock) émise dans l'EEE;2026-08-30
NO0013135368;SOLSTAD MARITIME;SOMA;Oslo Børs;NOK;NO;Common Stock;OUI;ACTION_EEE;action ordinaire (Common Stock) émise dans l'EEE;2026-08-30
NO0013162693;NORDIC MINING;NOM;Oslo Børs;NOK;NO;Common Stock;OUI;ACTION_EEE;action ordinaire (Common Stock) émise dans l'EEE;2026-08-30
NO0013186460;ENSURGE MICROPOWER;ENSU;Oslo Børs;NOK;NO;Common Stock;OUI;ACTION_EEE;action ordinaire (Common Stock) émise dans l'EEE;2026-08-30
NO0013209858;FLEKKEFJORD SPAREB;FFSB;Euronext Growth Oslo;NOK;NO;Common Stock;OUI;ACTION_EEE;action ordinaire (Common Stock) émise dans l'EEE;2026-08-30
NO0013219535;CAVENDISH HYDROGEN;CAVEN;Oslo Børs;NOK;NO;Common Stock;OUI;ACTION_EEE;action ordinaire (Common Stock) émise dans l'EEE;2026-08-30
NO0013228585;GOLDEN ENERGY OFF;GEOS;Euronext Growth Oslo;NOK;NO;Common Stock;OUI;ACTION_EEE;action ordinaire (Common Stock) émise dans l'EEE;2026-08-30
NO0013256180;BORGESTAD;BOR;Oslo Børs;NOK;NO;Common Stock;OUI;ACTION_EEE;action ordinaire (Common Stock) émise dans l'EEE;2026-08-30
NO0013325506;MORELD;MORLD;Oslo Børs;NOK;NO;Common Stock;OUI;ACTION_EEE;action ordinaire (Common Stock) émise dans l'EEE;2026-08-30
NO0013340802;ATLANTIC SAPPHI TR;ASAS;Oslo Børs;NOK;NO;Equity WRT;NON;TYPE_INSTRUMENT;bon ou droit de souscription : non éligible au PEA;2026-08-30
NO0013355859;LIFECARE;LIFE;Oslo Børs;NOK;NO;Common Stock;OUI;ACTION_EEE;action ordinaire (Common Stock) émise dans l'EEE;2026-08-30
NO0013401380;HERMANA HOLDING;HERMA;Oslo Børs;NOK;NO;Common Stock;OUI;ACTION_EEE;action ordinaire (Common Stock) émise dans l'EEE;2026-08-30
NO0013457952;OBSERVE MEDICAL;OBSRV;Euronext Expand Oslo;NOK;NO;Common Stock;OUI;ACTION_EEE;action ordinaire (Common Stock) émise dans l'EEE;2026-08-30
NO0013461350;INTEGRATED WIND SO;IWS;Oslo Børs;NOK;NO;Common Stock;OUI;ACTION_EEE;action ordinaire (Common Stock) émise dans l'EEE;2026-08-30
NO0013464750;ATLANTIC SAPPHIRE;ASA;Oslo Børs;NOK;NO;Common Stock;OUI;ACTION_EEE;action ordinaire (Common Stock) émise dans l'EEE;2026-08-30
NO0013470534;HUDDLY;HDLY;Euronext Growth Oslo;NOK;NO;Common Stock;OUI;ACTION_EEE;action ordinaire (Common Stock) émise dans l'EEE;2026-08-30
NO0013483503;CODELAB CAPITAL;CODE;Euronext Growth Oslo;NOK;NO;Common Stock;OUI;ACTION_EEE;action ordinaire (Common Stock) émise dans l'EEE;2026-08-30
NO0013524942;ZELLUNA;ZLNA;Oslo Børs;NOK;NO;Common Stock;OUI;ACTION_EEE;action ordinaire (Common Stock) émise dans l'EEE;2026-08-30
NO0013531616;ACE DIGITAL;ACED;Euronext Growth Oslo;NOK;NO;Common Stock;OUI;ACTION_EEE;action ordinaire (Common Stock) émise dans l'EEE;2026-08-30
NO0013536078;IDEX BIOMETRICS;IDEX;Oslo Børs;NOK;NO;Common Stock;OUI;ACTION_EEE;action ordinaire (Common Stock) émise dans l'EEE;2026-08-30
NO0013536151;KONGSBERG GRUPPEN;KOG;Oslo Børs;NOK;NO;Common Stock;OUI;ACTION_EEE;action ordinaire (Common Stock) émise dans l'EEE;2026-08-30
NO0013573014;SENTIA;SNTIA;Oslo Børs;NOK;NO;Common Stock;OUI;ACTION_EEE;action ordinaire (Common Stock) émise dans l'EEE;2026-08-30
NO0013597419;CONSTELLATION OIL;COSH;Oslo Børs;NOK;NO;Receipt;A_VERIFIER;TYPE_INCERTAIN;certificat représentatif : vérifier le titre sous-jacent;2026-08-30
NO0013601245;EAM SOLAR;EAM;Euronext Growth Oslo;NOK;NO;Common Stock;OUI;ACTION_EEE;action ordinaire (Common Stock) émise dans l'EEE;2026-08-30
NO0013647693;FJORD DEFENCE GR;DFENS;Oslo Børs;NOK;NO;Common Stock;OUI;ACTION_EEE;action ordinaire (Common Stock) émise dans l'EEE;2026-08-30
NO0013682948;ARRIBATEC GROUP;ARR;Oslo Børs;NOK;NO;Common Stock;OUI;ACTION_EEE;action ordinaire (Common Stock) émise dans l'EEE;2026-08-30
NO0013683409;NORDIC FINANCIALS;NOFIN;Euronext Expand Oslo;NOK;NO;Common Stock;OUI;ACTION_EEE;action ordinaire (Common Stock) émise dans l'EEE;2026-08-30
NO0013683821;APPEAR;APR;Oslo Børs;NOK;NO;Common Stock;OUI;ACTION_EEE;action ordinaire (Common Stock) émise dans l'EEE;2026-08-30
NO0013685750;BLACK SEA PROPERTY;BSP;Euronext Growth Oslo;NOK;NO;Common Stock;OUI;ACTION_EEE;action ordinaire (Common Stock) émise dans l'EEE;2026-08-30
NO0013696799;HAVILA KYSTRUTEN;HKY;Euronext Growth Oslo;NOK;NO;Common Stock;OUI;ACTION_EEE;action ordinaire (Common Stock) émise dans l'EEE;2026-08-30
NO0013697029;KONGSBERG MARITIME;KMAR;Oslo Børs;NOK;NO;Common Stock;OUI;ACTION_EEE;action ordinaire (Common Stock) émise dans l'EEE;2026-08-30
NO0013698431;ENERGEIA;ENERG;Euronext Growth Oslo;NOK;NO;Common Stock;OUI;ACTION_EEE;action ordinaire (Common Stock) émise dans l'EEE;2026-08-30
NO0013711713;ONCOINVENT;ONCIN;Oslo Børs;NOK;NO;Common Stock;OUI;ACTION_EEE;action ordinaire (Common Stock) émise dans l'EEE;2026-08-30
NO0013711721;BEVEST;BINT;Oslo Børs;NOK;NO;Common Stock;OUI;ACTION_EEE;action ordinaire (Common Stock) émise dans l'EEE;2026-08-30
NO0013711739;DOLPHIN DRILLING;DDRIL;Euronext Growth Oslo;NOK;NO;Common Stock;OUI;ACTION_EEE;action ordinaire (Common Stock) émise dans l'EEE;2026-08-30
NO0013713115;GENERAL OCEANS;GENO;Oslo Børs;NOK;NO;Common Stock;OUI;ACTION_EEE;action ordinaire (Common Stock) émise dans l'EEE;2026-08-30
NO0013721613;OTOVO;OTOVO;Oslo Børs;NOK;NO;Common Stock;OUI;ACTION_EEE;action ordinaire (Common Stock) émise dans l'EEE;2026-08-30
NO0013735894;AQUA BIO TECHNO;ABTEC;Euronext Expand Oslo;NOK;NO;Common Stock;OUI;ACTION_EEE;action ordinaire (Common Stock) émise dans l'EEE;2026-08-30
NO0013740142;NEXT BIOMETRICS GP;NEXT;Oslo Børs;NOK;NO;Common Stock;OUI;ACTION_EEE;action ordinaire (Common Stock) émise dans l'EEE;2026-08-30
NO0013750893;MAGNORA DATA CENTE;MDATA;Euronext Growth Oslo;NOK;NO;Common Stock;OUI;ACTION_EEE;action ordinaire (Common Stock) émise dans l'EEE;2026-08-30
NO0013751966;HEXAGON PURUS;HPUR;Oslo Børs;NOK;NO;Common Stock;OUI;ACTION_EEE;action ordinaire (Common Stock) émise dans l'EEE;2026-08-30
NO0013753343;BOHUS;BOHUS;Oslo Børs;NOK;NO;Common Stock;OUI;ACTION_EEE;action ordinaire (Common Stock) émise dans l'EEE;2026-08-30
NO0013755728;DELLIA GROUP;DELIA;Oslo Børs;NOK;NO;Common Stock;OUI;ACTION_EEE;action ordinaire (Common Stock) émise dans l'EEE;2026-08-30
NO0013756361;POLAR RESOURCES;POLAR;Euronext Growth Oslo;NOK;NO;Common Stock;OUI;ACTION_EEE;action ordinaire (Common Stock) émise dans l'EEE;2026-08-30
PTALT0AE0002;ALTRI SGPS;ALTR;Euronext Lisbon | Trading After Hours;EUR;PT;Common Stock;OUI;ACTION_EEE;action ordinaire (Common Stock) émise dans l'EEE;2026-08-30
PTAZR0AM0006;AZOREAN TECH;MLAAT;Euronext Access Paris;EUR;PT;Common Stock;OUI;ACTION_EEE;action ordinaire (Common Stock) émise dans l'EEE;2026-08-30
PTBCP0AM0015;B.COM.PORTUGUES;2BCP;Trading After Hours | Euronext Lisbon;EUR;PT;Common Stock;OUI;ACTION_EEE;action ordinaire (Common Stock) émise dans l'EEE;2026-08-30
PTCAP0AM0017;ARRABIDASHOPPING;MLARR;Euronext Access Lisbon;EUR;PT;Common Stock;OUI;ACTION_EEE;action ordinaire (Common Stock) émise dans l'EEE;2026-08-30
PTCDU0AE0003;CONDURIL;CDU;Euronext Access Lisbon;EUR;PT;Common Stock;OUI;ACTION_EEE;action ordinaire (Common Stock) émise dans l'EEE;2026-08-30
PTCOR0AE0006;CORTICEIRA AMORIM;COR;Euronext Lisbon;EUR;PT;Common Stock;OUI;ACTION_EEE;action ordinaire (Common Stock) émise dans l'EEE;2026-08-30
PTCTT0AM0001;CTT CORREIOS PORT;2CTT;Trading After Hours | Euronext Lisbon;EUR;PT;Common Stock;OUI;ACTION_EEE;action ordinaire (Common Stock) émise dans l'EEE;2026-08-30
PTDGL0AM0003;SAMBA DIGITAL;ALSMB;Euronext Growth Lisbon;EUR;PT;Common Stock;OUI;ACTION_EEE;action ordinaire (Common Stock) émise dans l'EEE;2026-08-30
PTEDP0AM0009;EDP;2EDP;Trading After Hours | Euronext Lisbon | EuroTLX;EUR;PT;Common Stock;OUI;ACTION_EEE;action ordinaire (Common Stock) émise dans l'EEE;2026-08-30
PTESO0AM0000;ESTORIL SOL N;ESON;Euronext Lisbon;EUR;PT;Common Stock;OUI;ACTION_EEE;action ordinaire (Common Stock) émise dans l'EEE;2026-08-30
PTFCP0AM0008;FUT.CLUBE PORTO;FCP;Euronext Lisbon;EUR;PT;Common Stock;OUI;ACTION_EEE;action ordinaire (Common Stock) émise dans l'EEE;2026-08-30
PTFNV1AM0002;FARMINVESTE;MLFMV;Euronext Access Lisbon;EUR;PT;Common Stock;OUI;ACTION_EEE;action ordinaire (Common Stock) émise dans l'EEE;2026-08-30
PTFRV0AE0004;RAMADA;RAM;Euronext Lisbon;EUR;PT;Common Stock;OUI;ACTION_EEE;action ordinaire (Common Stock) émise dans l'EEE;2026-08-30
PTFXD0AM0018;FLEXDEAL;FLEXD;Euronext Lisbon;EUR;PT;Common Stock;OUI;ACTION_EEE;action ordinaire (Common Stock) émise dans l'EEE;2026-08-30
PTGAL0AM0009;GALP ENERGIA-NOM;GALP;Euronext Lisbon | Trading After Hours;EUR;PT;Common Stock;OUI;ACTION_EEE;action ordinaire (Common Stock) émise dans l'EEE;2026-08-30
PTGHP0AM0005;GAIASHOPPING - SIC;MLGSH;Euronext Access Lisbon;EUR;PT;Common Stock;OUI;ACTION_EEE;action ordinaire (Common Stock) émise dans l'EEE;2026-08-30
PTGMC0AM0003;MEDIA CAPITAL;MCP;Euronext Lisbon;EUR;PT;Common Stock;OUI;ACTION_EEE;action ordinaire (Common Stock) émise dans l'EEE;2026-08-30
PTGVE1AM0017;GENTLEMENS EQUITY;MLGEQ;Euronext Access Paris;EUR;PT;Common Stock;OUI;ACTION_EEE;action ordinaire (Common Stock) émise dans l'EEE;2026-08-30
PTIAG0AM0005;CIAGEST - SIGI S.A;MLCIA;Euronext Access Lisbon;EUR;PT;Common Stock;OUI;ACTION_EEE;action ordinaire (Common Stock) émise dans l'EEE;2026-08-30
PTIBS0AM0008;IBERSOL,SGPS;IBS;Euronext Lisbon;EUR;PT;Common Stock;OUI;ACTION_EEE;action ordinaire (Common Stock) émise dans l'EEE;2026-08-30
PTIPR0AM0000;IMPRESA,SGPS;IPR;Euronext Lisbon;EUR;PT;Common Stock;OUI;ACTION_EEE;action ordinaire (Common Stock) émise dans l'EEE;2026-08-30
PTJMT0AE0001;J.MARTINS,SGPS;JMT;Euronext Lisbon | Trading After Hours;EUR;PT;Common Stock;OUI;ACTION_EEE;action ordinaire (Common Stock) émise dans l'EEE;2026-08-30
PTMEN0AE0005;MOTA ENGIL;2EGL;Trading After Hours | Euronext Lisbon;EUR;PT;Common Stock;OUI;ACTION_EEE;action ordinaire (Common Stock) émise dans l'EEE;2026-08-30
PTMFR0AM0003;MARTIFER;MAR;Euronext Lisbon;EUR;PT;Common Stock;OUI;ACTION_EEE;action ordinaire (Common Stock) émise dans l'EEE;2026-08-30
PTMNN0AE0006;MONUMENTAL RES;MLMR;Euronext Access Lisbon;EUR;PT;Common Stock;OUI;ACTION_EEE;action ordinaire (Common Stock) émise dans l'EEE;2026-08-30
PTNBA0AM0006;NOVABASE,SGPS;NBA;Euronext Lisbon;EUR;PT;Common Stock;OUI;ACTION_EEE;action ordinaire (Common Stock) émise dans l'EEE;2026-08-30
PTOTP0AM0004;OLIMPO REAL ESTATE;MLORE;Euronext Access Lisbon;EUR;PT;Common Stock;OUI;ACTION_EEE;action ordinaire (Common Stock) émise dans l'EEE;2026-08-30
PTPAD0AM0007;GLINTT;GLINT;Euronext Lisbon;EUR;PT;Common Stock;OUI;ACTION_EEE;action ordinaire (Common Stock) émise dans l'EEE;2026-08-30
PTPTC0AM0009;PHAROL;PHR;Euronext Lisbon;EUR;PT;Common Stock;OUI;ACTION_EEE;action ordinaire (Common Stock) émise dans l'EEE;2026-08-30
PTPTI0AM0006;THE NAVIGATOR COMP;NVG;Euronext Lisbon;EUR;PT;Common Stock;OUI;ACTION_EEE;action ordinaire (Common Stock) émise dans l'EEE;2026-08-30
PTREL0AM0008;REN;RENE;Euronext Lisbon | Trading After Hours;EUR;PT;Common Stock;OUI;ACTION_EEE;action ordinaire (Common Stock) émise dans l'EEE;2026-08-30
PTRIZ0AM0009;RAIZE;MLRZE;Euronext Access Lisbon;EUR;PT;Common Stock;OUI;ACTION_EEE;action ordinaire (Common Stock) émise dans l'EEE;2026-08-30
PTSCB0AM0001;S.CLUBE BRAGA;SCB;Euronext Access Lisbon;EUR;PT;Common Stock;OUI;ACTION_EEE;action ordinaire (Common Stock) émise dans l'EEE;2026-08-30
PTSCP0AM0001;SPORTING;SCP;Euronext Lisbon;EUR;PT;Common Stock;OUI;ACTION_EEE;action ordinaire (Common Stock) émise dans l'EEE;2026-08-30
PTSCT0AP0018;TOYOTA CAETANO;SCT;Euronext Lisbon;EUR;PT;Common Stock;OUI;ACTION_EEE;action ordinaire (Common Stock) émise dans l'EEE;2026-08-30
PTSEM0AM0004;SEMAPA;SEM;Euronext Lisbon | Trading After Hours;EUR;PT;Common Stock;OUI;ACTION_EEE;action ordinaire (Common Stock) émise dans l'EEE;2026-08-30
PTSLB0AM0010;BENFICA;SLBEN;Euronext Lisbon;EUR;PT;Common Stock;OUI;ACTION_EEE;action ordinaire (Common Stock) émise dans l'EEE;2026-08-30
PTSNC0AM0006;SONAECOM,SGPS;SNC;Euronext Lisbon;EUR;PT;Common Stock;OUI;ACTION_EEE;action ordinaire (Common Stock) émise dans l'EEE;2026-08-30
PTSNG0AM0007;SONAGI;SNG;Euronext Access Lisbon;EUR;PT;Common Stock;OUI;ACTION_EEE;action ordinaire (Common Stock) émise dans l'EEE;2026-08-30
PTSON0AM0001;SONAE;SON;Euronext Lisbon | Trading After Hours;EUR;PT;Common Stock;OUI;ACTION_EEE;action ordinaire (Common Stock) émise dans l'EEE;2026-08-30
PTTBI0AM0006;ATRIUM BIRE SIGI;MLATR;Euronext Access Lisbon;EUR;PT;Common Stock;OUI;ACTION_EEE;action ordinaire (Common Stock) émise dans l'EEE;2026-08-30
PTTD10AM0000;TEIXEIRA DUARTE;TDSA;Euronext Lisbon;EUR;PT;Common Stock;OUI;ACTION_EEE;action ordinaire (Common Stock) émise dans l'EEE;2026-08-30
PTVAA0AM0019;VAA VISTA ALEGRE;VAF;Euronext Lisbon;EUR;PT;Common Stock;OUI;ACTION_EEE;action ordinaire (Common Stock) émise dans l'EEE;2026-08-30
PTVUO0AM0000;VILA DOS NUMEROS;MLVDN;Euronext Access Lisbon;EUR;PT;Common Stock;OUI;ACTION_EEE;action ordinaire (Common Stock) émise dans l'EEE;2026-08-30
PTZON0AM0006;NOS, SGPS;2NOS;Trading After Hours | Euronext Lisbon;EUR;PT;Common Stock;OUI;ACTION_EEE;action ordinaire (Common Stock) émise dans l'EEE;2026-08-30
SE0000106270;Hennes & Mauritz;1HMB;Euronext Global Equity Market;EUR;SE;Common Stock;OUI;ACTION_EEE;action ordinaire (Common Stock) émise dans l'EEE;2026-08-30
SE0000107203;Industrivarden;1INDU;Euronext Global Equity Market;EUR;SE;Common Stock;OUI;ACTION_EEE;action ordinaire (Common Stock) émise dans l'EEE;2026-08-30
SE0000108227;SKF;1SKFB;Euronext Global Equity Market;EUR;SE;Common Stock;OUI;ACTION_EEE;action ordinaire (Common Stock) émise dans l'EEE;2026-08-30
SE0000108656;ERICSSON - CLASS B;2ERICB;Trading After Hours | Euronext Global Equity Market | EuroTLX;EUR;SE;Common Stock;OUI;ACTION_EEE;action ordinaire (Common Stock) émise dans l'EEE;2026-08-30
SE0000108847;Lundbergforetagen;1LUND;Euronext Global Equity Market;EUR;SE;Common Stock;OUI;ACTION_EEE;action ordinaire (Common Stock) émise dans l'EEE;2026-08-30
SE0000112724;Svenska Cellulosa;1SCAB;Euronext Global Equity Market;EUR;SE;Common Stock;OUI;ACTION_EEE;action ordinaire (Common Stock) émise dans l'EEE;2026-08-30
SE0000113250;Skanska;1SKAB;Euronext Global Equity Market;EUR;SE;Common Stock;OUI;ACTION_EEE;action ordinaire (Common Stock) émise dans l'EEE;2026-08-30
SE0000115446;VOLVO CAR;4VOLVB;EuroTLX | Trading After Hours | Euronext Global Equity Market;EUR;SE;Common Stock;OUI;ACTION_EEE;action ordinaire (Common Stock) émise dans l'EEE;2026-08-30
SE0000120669;SSAB AB;1SSAB;Euronext Global Equity Market;EUR;SE;Common Stock;OUI;ACTION_EEE;action ordinaire (Common Stock) émise dans l'EEE;2026-08-30
SE0000148884;SKANDINAVISKA ENSK;4SEBA;EuroTLX | Trading After Hours | Euronext Global Equity Market;EUR;SE;Common Stock;OUI;ACTION_EEE;action ordinaire (Common Stock) émise dans l'EEE;2026-08-30
SE0000163594;Securitas;1SECU;Euronext Global Equity Market;EUR;SE;Common Stock;OUI;ACTION_EEE;action ordinaire (Common Stock) émise dans l'EEE;2026-08-30
SE0000163628;Elekta;1EKTA;Euronext Global Equity Market;EUR;SE;Common Stock;OUI;ACTION_EEE;action ordinaire (Common Stock) émise dans l'EEE;2026-08-30
SE0000202624;Getinge AB;1GETI;Euronext Global Equity Market;EUR;SE;Common Stock;OUI;ACTION_EEE;action ordinaire (Common Stock) émise dans l'EEE;2026-08-30
SE0000242455;Swedbank AB;1SWED;Euronext Global Equity Market;EUR;SE;Common Stock;OUI;ACTION_EEE;action ordinaire (Common Stock) émise dans l'EEE;2026-08-30
SE0000379190;Castellum;1CAST;Euronext Global Equity Market;EUR;SE;Common Stock;OUI;ACTION_EEE;action ordinaire (Common Stock) émise dans l'EEE;2026-08-30
SE0000667891;Sandvik AB;1SAND;Euronext Global Equity Market;EUR;SE;Common Stock;OUI;ACTION_EEE;action ordinaire (Common Stock) émise dans l'EEE;2026-08-30
SE0000667925;Telia Co AB;1TELI;Euronext Global Equity Market;EUR;SE;Common Stock;OUI;ACTION_EEE;action ordinaire (Common Stock) émise dans l'EEE;2026-08-30
SE0000695876;Alfa Laval;1ALFA;Euronext Global Equity Market;EUR;SE;Common Stock;OUI;ACTION_EEE;action ordinaire (Common Stock) émise dans l'EEE;2026-08-30
SE0000872095;Swedish Orphan;1SOBI;Euronext Global Equity Market;EUR;SE;Common Stock;OUI;ACTION_EEE;action ordinaire (Common Stock) émise dans l'EEE;2026-08-30
SE0001515552;Indutrade;1INDT;Euronext Global Equity Market;EUR;SE;Common Stock;OUI;ACTION_EEE;action ordinaire (Common Stock) émise dans l'EEE;2026-08-30
SE0001662230;Husqvarna;1HUSQ;Euronext Global Equity Market;EUR;SE;Common Stock;OUI;ACTION_EEE;action ordinaire (Common Stock) émise dans l'EEE;2026-08-30
SE0005127818;Sagax AB;1SAGA;Euronext Global Equity Market;EUR;SE;Common Stock;OUI;ACTION_EEE;action ordinaire (Common Stock) émise dans l'EEE;2026-08-30
SE0005190238;Tele2 AB;1TEL;Euronext Global Equity Market;EUR;SE;Common Stock;OUI;ACTION_EEE;action ordinaire (Common Stock) émise dans l'EEE;2026-08-30
SE0006422390;Thule Group AB;1THUL;Euronext Global Equity Market;EUR;SE;Common Stock;OUI;ACTION_EEE;action ordinaire (Common Stock) émise dans l'EEE;2026-08-30
SE0006993770;Axfood AB;1AXFO;Euronext Global Equity Market;EUR;SE;Common Stock;OUI;ACTION_EEE;action ordinaire (Common Stock) émise dans l'EEE;2026-08-30
SE0007074281;Hexpol;1HPOL;Euronext Global Equity Market;EUR;SE;Common Stock;OUI;ACTION_EEE;action ordinaire (Common Stock) émise dans l'EEE;2026-08-30
SE0007100581;Assa Abloy;1ASSA;Euronext Global Equity Market;EUR;SE;Common Stock;OUI;ACTION_EEE;action ordinaire (Common Stock) émise dans l'EEE;2026-08-30
SE0007100599;Svenska Hand;1SHBA;Euronext Global Equity Market;EUR;SE;Common Stock;OUI;ACTION_EEE;action ordinaire (Common Stock) émise dans l'EEE;2026-08-30
SE0009554454;Samhallsby;1SBBB;Euronext Global Equity Market;EUR;SE;Common Stock;OUI;ACTION_EEE;action ordinaire (Common Stock) émise dans l'EEE;2026-08-30
SE0009806607;Munters Group;1MTRS;Euronext Global Equity Market;EUR;SE;Common Stock;OUI;ACTION_EEE;action ordinaire (Common Stock) émise dans l'EEE;2026-08-30
SE0009922164;Essity;1ESSI;Euronext Global Equity Market;EUR;SE;Common Stock;OUI;ACTION_EEE;action ordinaire (Common Stock) émise dans l'EEE;2026-08-30
SE0010100958;Investment Lat;1LATO;Euronext Global Equity Market;EUR;SE;Common Stock;OUI;ACTION_EEE;action ordinaire (Common Stock) émise dans l'EEE;2026-08-30
SE0011090018;Holmen;1HOLM;Euronext Global Equity Market;EUR;SE;Common Stock;OUI;ACTION_EEE;action ordinaire (Common Stock) émise dans l'EEE;2026-08-30
SE0011337708;AAK AB;1AAK;Euronext Global Equity Market;EUR;SE;Common Stock;OUI;ACTION_EEE;action ordinaire (Common Stock) émise dans l'EEE;2026-08-30
SE0012454072;Avanza Bank;1AZA;Euronext Global Equity Market;EUR;SE;Common Stock;OUI;ACTION_EEE;action ordinaire (Common Stock) émise dans l'EEE;2026-08-30
SE0012673267;Evolution AB;1EVO;Euronext Global Equity Market;EUR;SE;Common Stock;OUI;ACTION_EEE;action ordinaire (Common Stock) émise dans l'EEE;2026-08-30
SE0012853455;EQT AB;1EQT;Euronext Global Equity Market;EUR;SE;Common Stock;OUI;ACTION_EEE;action ordinaire (Common Stock) émise dans l'EEE;2026-08-30
SE0014731154;CONTEXTVISION;CONTX;Oslo Børs;NOK;SE;Common Stock;OUI;ACTION_EEE;action ordinaire (Common Stock) émise dans l'EEE;2026-08-30
SE0014781795;AddTech;1ADDT;Euronext Global Equity Market;EUR;SE;Common Stock;OUI;ACTION_EEE;action ordinaire (Common Stock) émise dans l'EEE;2026-08-30
SE0014960373;Sweco AB;1SWEC;Euronext Global Equity Market;EUR;SE;Common Stock;OUI;ACTION_EEE;action ordinaire (Common Stock) émise dans l'EEE;2026-08-30
SE0014990966;Lagercrantz G;1LAGR;Euronext Global Equity Market;EUR;SE;Common Stock;OUI;ACTION_EEE;action ordinaire (Common Stock) émise dans l'EEE;2026-08-30
SE0015192067;Nordnet publ;1SAVE;Euronext Global Equity Market;EUR;SE;Common Stock;OUI;ACTION_EEE;action ordinaire (Common Stock) émise dans l'EEE;2026-08-30
SE0015193412;AKOBO MINERALS;AKOBO;Euronext Growth Oslo;NOK;SE;Common Stock;OUI;ACTION_EEE;action ordinaire (Common Stock) émise dans l'EEE;2026-08-30
SE0015658109;Epiroc;1EPIA;Euronext Global Equity Market;EUR;SE;Common Stock;OUI;ACTION_EEE;action ordinaire (Common Stock) émise dans l'EEE;2026-08-30
SE0015671995;Hemnet Group;1HEM;Euronext Global Equity Market;EUR;SE;Common Stock;OUI;ACTION_EEE;action ordinaire (Common Stock) émise dans l'EEE;2026-08-30
SE0015811963;INVESTOR AB CLASS;1INVEB;Euronext Global Equity Market | Trading After Hours | EuroTLX;EUR;SE;Common Stock;OUI;ACTION_EEE;action ordinaire (Common Stock) émise dans l'EEE;2026-08-30
SE0015949201;Lifco AB;1LIFC;Euronext Global Equity Market;EUR;SE;Common Stock;OUI;ACTION_EEE;action ordinaire (Common Stock) émise dans l'EEE;2026-08-30
SE0015949748;Beijer Ref AB;1BEIJ;Euronext Global Equity Market;EUR;SE;Common Stock;OUI;ACTION_EEE;action ordinaire (Common Stock) émise dans l'EEE;2026-08-30
SE0015961909;Hexagon AB;1HEXA;Euronext Global Equity Market;EUR;SE;Common Stock;OUI;ACTION_EEE;action ordinaire (Common Stock) émise dans l'EEE;2026-08-30
SE0015988019;Nibe Industrier;1NIBE;Euronext Global Equity Market;EUR;SE;Common Stock;OUI;ACTION_EEE;action ordinaire (Common Stock) émise dans l'EEE;2026-08-30
SE0016101844;Sinch;1SINC;Euronext Global Equity Market;EUR;SE;Common Stock;OUI;ACTION_EEE;action ordinaire (Common Stock) émise dans l'EEE;2026-08-30
SE0016589188;Electrolux;1ELUX;Euronext Global Equity Market;EUR;SE;Common Stock;OUI;ACTION_EEE;action ordinaire (Common Stock) émise dans l'EEE;2026-08-30
SE0017486103;INIFY LABORATORIES;INIFY;Euronext Growth Oslo;NOK;SE;Common Stock;OUI;ACTION_EEE;action ordinaire (Common Stock) émise dans l'EEE;2026-08-30
SE0017486889;Atlas Copco;1ATCA;Euronext Global Equity Market;EUR;SE;Common Stock;OUI;ACTION_EEE;action ordinaire (Common Stock) émise dans l'EEE;2026-08-30
SE0017486897;Atlas Copco B;1ATCB;Euronext Global Equity Market;EUR;SE;Common Stock;OUI;ACTION_EEE;action ordinaire (Common Stock) émise dans l'EEE;2026-08-30
SE0017780133;Wallenstam AB;1WALL;Euronext Global Equity Market;EUR;SE;Common Stock;OUI;ACTION_EEE;action ordinaire (Common Stock) émise dans l'EEE;2026-08-30
SE0017832488;Fastighets Balder;1BALD;Euronext Global Equity Market;EUR;SE;Common Stock;OUI;ACTION_EEE;action ordinaire (Common Stock) émise dans l'EEE;2026-08-30
SE0018012635;Wihlborgs Fast;1WIHL;Euronext Global Equity Market;EUR;SE;Common Stock;OUI;ACTION_EEE;action ordinaire (Common Stock) émise dans l'EEE;2026-08-30
SE0020050417;Boliden;1BOL;Euronext Global Equity Market;EUR;SE;Common Stock;OUI;ACTION_EEE;action ordinaire (Common Stock) émise dans l'EEE;2026-08-30
SE0021628898;Volvo Car AB;1VOLC;Euronext Global Equity Market;EUR;SE;Common Stock;OUI;ACTION_EEE;action ordinaire (Common Stock) émise dans l'EEE;2026-08-30
SE0021921269;Saab AB;1SAAB;Euronext Global Equity Market;EUR;SE;Common Stock;OUI;ACTION_EEE;action ordinaire (Common Stock) émise dans l'EEE;2026-08-30
SE0022060521;Kinnevik AB;1KINV;Euronext Global Equity Market;EUR;SE;Common Stock;OUI;ACTION_EEE;action ordinaire (Common Stock) émise dans l'EEE;2026-08-30
SE0022419784;Sectra;1SECT;Euronext Global Equity Market;EUR;SE;Common Stock;OUI;ACTION_EEE;action ordinaire (Common Stock) émise dans l'EEE;2026-08-30
SE0025158629;Mycronic;1MYCR;Euronext Global Equity Market;EUR;SE;Common Stock;OUI;ACTION_EEE;action ordinaire (Common Stock) émise dans l'EEE;2026-08-30
SE0028799411;PPI PUBLIC PROP;PUBLI;Oslo Børs;NOK;SE;Common Stock;OUI;ACTION_EEE;action ordinaire (Common Stock) émise dans l'EEE;2026-08-30
SGXPZ11CH7U7;SWI CAPITAL;SWICH;Euronext Amsterdam;EUR;SG;Common Stock;NON;HORS_EEE;émetteur hors EEE (SG) : hors du champ du PEA;2026-08-30
SGXZ33675836;BARRAMUNDI GROUP;BARRA;Euronext Growth Oslo;NOK;SG;Common Stock;NON;HORS_EEE;émetteur hors EEE (SG) : hors du champ du PEA;2026-08-30
SGXZ53070850;HAFNIA LIMITED;HAFNI;Oslo Børs;NOK;SG;Common Stock;NON;HORS_EEE;émetteur hors EEE (SG) : hors du champ du PEA;2026-08-30
SGXZ69436764;BW LPG;BWLPG;Oslo Børs;NOK;SG;Common Stock;NON;HORS_EEE;émetteur hors EEE (SG) : hors du champ du PEA;2026-08-30
SN0000033192;FIN.OUEST AFRICAIN;FOAF;Euronext Paris;EUR;SN;Common Stock;NON;HORS_EEE;émetteur hors EEE (SN) : hors du champ du PEA;2026-08-30
US0010551028;Aflac Inc;1AFL;Euronext Global Equity Market;EUR;US;Common Stock;NON;HORS_EEE;émetteur hors EEE (US) : hors du champ du PEA;2026-08-30
US00108J1097;ACM RESEARCH INC-C;1ACMR;Euronext Global Equity Market;EUR;US;Common Stock;NON;HORS_EEE;émetteur hors EEE (US) : hors du champ du PEA;2026-08-30
US00130H1059;AES Corp/The;1AES;Euronext Global Equity Market;EUR;US;Common Stock;NON;HORS_EEE;émetteur hors EEE (US) : hors du champ du PEA;2026-08-30
US00165C3025;AMC ENTERTAINMENT;2AMC;Trading After Hours | Euronext Global Equity Market;EUR;US;Common Stock;NON;HORS_EEE;émetteur hors EEE (US) : hors du champ du PEA;2026-08-30
US00206R1023;AT&T;4T;EuroTLX | Euronext Global Equity Market | Trading After Hours;EUR;US;Common Stock;NON;HORS_EEE;émetteur hors EEE (US) : hors du champ du PEA;2026-08-30
US00217D1000;AST SPACEMOBILE IN;1ASTS;Euronext Global Equity Market;EUR;US;Common Stock;NON;HORS_EEE;émetteur hors EEE (US) : hors du champ du PEA;2026-08-30
US0028241000;Abbott LaB;1ABT;Euronext Global Equity Market;EUR;US;Common Stock;NON;HORS_EEE;émetteur hors EEE (US) : hors du champ du PEA;2026-08-30
US00287Y1091;ABBVIE;4ABBV;EuroTLX | Euronext Global Equity Market | Trading After Hours;EUR;US;Common Stock;NON;HORS_EEE;émetteur hors EEE (US) : hors du champ du PEA;2026-08-30
US0028962076;ABERCROMBIE & FITC;1ANF;Euronext Global Equity Market;EUR;US;Common Stock;NON;HORS_EEE;émetteur hors EEE (US) : hors du champ du PEA;2026-08-30
US00404A1097;ACADIA HEALTHCARE;1ACHC;Euronext Global Equity Market;EUR;US;Common Stock;NON;HORS_EEE;émetteur hors EEE (US) : hors du champ du PEA;2026-08-30
US00724F1012;ADOBE;2ADBE;Trading After Hours | EuroTLX | Euronext Global Equity Market;EUR;US;Common Stock;NON;HORS_EEE;émetteur hors EEE (US) : hors du champ du PEA;2026-08-30
US00774B2088;AERKOMM INC;AKOM;Euronext Paris;EUR;US;Common Stock;NON;HORS_EEE;émetteur hors EEE (US) : hors du champ du PEA;2026-08-30
US0079031078;ADVANCED MICRO DEV;1AMD;Euronext Global Equity Market | EuroTLX | Trading After Hours;EUR;US;Common Stock;NON;HORS_EEE;émetteur hors EEE (US) : hors du champ du PEA;2026-08-30
US0080731088;AEROVIRONMENT INC;1AVAV;Euronext Global Equity Market;EUR;US;Common Stock;NON;HORS_EEE;émetteur hors EEE (US) : hors du champ du PEA;2026-08-30
US00827B1061;AFFIRM HOLDINGS;1AFRM;Euronext Global Equity Market;EUR;US;Common Stock;NON;HORS_EEE;émetteur hors EEE (US) : hors du champ du PEA;2026-08-30
US00846U1016;AGILENT TECHNOL;1A;Euronext Global Equity Market | EuroTLX | Trading After Hours;EUR;US;Common Stock;NON;HORS_EEE;émetteur hors EEE (US) : hors du champ du PEA;2026-08-30
US0090661010;AIRBNB;4ABNB;EuroTLX | Trading After Hours | Euronext Global Equity Market;EUR;US;Common Stock;NON;HORS_EEE;émetteur hors EEE (US) : hors du champ du PEA;2026-08-30
US0091581068;AIR PRODUCTS AND C;2APD;Trading After Hours | Euronext Global Equity Market | EuroTLX;EUR;US;Common Stock;NON;HORS_EEE;émetteur hors EEE (US) : hors du champ du PEA;2026-08-30
US00971T1016;AKAMAI TECHNOL;2AKAM;Trading After Hours | Euronext Global Equity Market | EuroTLX;EUR;US;Common Stock;NON;HORS_EEE;émetteur hors EEE (US) : hors du champ du PEA;2026-08-30
US0126531013;Albemarle;1ALB;Euronext Global Equity Market;EUR;US;Common Stock;NON;HORS_EEE;émetteur hors EEE (US) : hors du champ du PEA;2026-08-30
US0138721065;ALCOA;4AA;EuroTLX | Trading After Hours | Euronext Global Equity Market;EUR;US;Common Stock;NON;HORS_EEE;émetteur hors EEE (US) : hors du champ du PEA;2026-08-30
US0162551016;Align Technology;1ALGN;Euronext Global Equity Market;EUR;US;Common Stock;NON;HORS_EEE;émetteur hors EEE (US) : hors du champ du PEA;2026-08-30
US0200021014;Allstate Corp;1ALL;Euronext Global Equity Market;EUR;US;Common Stock;NON;HORS_EEE;émetteur hors EEE (US) : hors du champ du PEA;2026-08-30
US02043Q1076;ALNYLAM PHARMACEUT;1ALNY;Euronext Global Equity Market;EUR;US;Common Stock;NON;HORS_EEE;émetteur hors EEE (US) : hors du champ du PEA;2026-08-30
US02079K1079;ALPHABET CLASSE C;2GOOG;Trading After Hours | EuroTLX | Euronext Global Equity Market;EUR;US;Common Stock;NON;HORS_EEE;émetteur hors EEE (US) : hors du champ du PEA;2026-08-30
US02079K3059;ALPHABET CLASSE A;4GOOGL;EuroTLX | Trading After Hours | Euronext Global Equity Market;EUR;US;Common Stock;NON;HORS_EEE;émetteur hors EEE (US) : hors du champ du PEA;2026-08-30
US02209S1033;ALTRIA GROUP;1MO;Euronext Global Equity Market | EuroTLX | Trading After Hours;EUR;US;Common Stock;NON;HORS_EEE;émetteur hors EEE (US) : hors du champ du PEA;2026-08-30
US0231351067;AMAZON;4AMZN;EuroTLX | Euronext Global Equity Market | Trading After Hours;EUR;US;Common Stock;NON;HORS_EEE;émetteur hors EEE (US) : hors du champ du PEA;2026-08-30
US0236081024;Ameren Corp;1AEE;Euronext Global Equity Market;EUR;US;Common Stock;NON;HORS_EEE;émetteur hors EEE (US) : hors du champ du PEA;2026-08-30
US02376R1023;AMERICAN AIRLINES;1AAL;Euronext Global Equity Market | Trading After Hours | EuroTLX;EUR;US;Common Stock;NON;HORS_EEE;émetteur hors EEE (US) : hors du champ du PEA;2026-08-30
US0239391016;Amentum H;1AMTM;Euronext Global Equity Market;EUR;US;Common Stock;NON;HORS_EEE;émetteur hors EEE (US) : hors du champ du PEA;2026-08-30
US0255371017;American Electric;1AEP;Euronext Global Equity Market;EUR;US;Common Stock;NON;HORS_EEE;émetteur hors EEE (US) : hors du champ du PEA;2026-08-30
US02553E1064;AMERICAN EAGLE OUT;1AEO;Euronext Global Equity Market;EUR;US;Common Stock;NON;HORS_EEE;émetteur hors EEE (US) : hors du champ du PEA;2026-08-30
US0258161092;AMERICAN EXPRESS;2AXP;Trading After Hours | EuroTLX | Euronext Global Equity Market;EUR;US;Common Stock;NON;HORS_EEE;émetteur hors EEE (US) : hors du champ du PEA;2026-08-30
US0268747849;AMERICAN INTERN;2AIG;Trading After Hours | EuroTLX | Euronext Global Equity Market;EUR;US;Common Stock;NON;HORS_EEE;émetteur hors EEE (US) : hors du champ du PEA;2026-08-30
US0301112076;AMERICAN SUPERCOND;1AMSC;Euronext Global Equity Market;EUR;US;Common Stock;NON;HORS_EEE;émetteur hors EEE (US) : hors du champ du PEA;2026-08-30
US03027X1000;AMERICAN TOWER R;2AMT;Trading After Hours | Euronext Global Equity Market | EuroTLX;EUR;US;REIT;NON;REGIME_FONCIER;foncière cotée (SIIC ou régime européen équivalent) : exclue du PEA depuis le 21 octobre 2011;2026-08-30
US0304201033;AMERICAN WATER WOR;4AWK;EuroTLX | Trading After Hours | Euronext Global Equity Market;EUR;US;Common Stock;NON;HORS_EEE;émetteur hors EEE (US) : hors du champ du PEA;2026-08-30
US03073E1055;Cencora Inc;1COR;Euronext Global Equity Market;EUR;US;Common Stock;NON;HORS_EEE;émetteur hors EEE (US) : hors du champ du PEA;2026-08-30
US03076C1062;Ameriprise Fin;1AMP;Euronext Global Equity Market;EUR;US;Common Stock;NON;HORS_EEE;émetteur hors EEE (US) : hors du champ du PEA;2026-08-30
US0311001004;AMETEK Inc;1AME;Euronext Global Equity Market;EUR;US;Common Stock;NON;HORS_EEE;émetteur hors EEE (US) : hors du champ du PEA;2026-08-30
US0311621009;AMGEN;2AMGN;Trading After Hours | EuroTLX | Euronext Global Equity Market;EUR;US;Common Stock;NON;HORS_EEE;émetteur hors EEE (US) : hors du champ du PEA;2026-08-30
US0320951017;Amphenol Corp;4APH;EuroTLX | Trading After Hours | Euronext Global Equity Market;EUR;US;Common Stock;NON;HORS_EEE;émetteur hors EEE (US) : hors du champ du PEA;2026-08-30
US0326541051;ANALOG DEVICES;4ADI;EuroTLX | Trading After Hours | Euronext Global Equity Market;EUR;US;Common Stock;NON;HORS_EEE;émetteur hors EEE (US) : hors du champ du PEA;2026-08-30
US0367521038;ELEVANCE HEALTH;2ANTM;Trading After Hours | EuroTLX | Euronext Global Equity Market;EUR;US;Common Stock;NON;HORS_EEE;émetteur hors EEE (US) : hors du champ du PEA;2026-08-30
US03743Q1085;APA Corp;1APA;Euronext Global Equity Market;EUR;US;Common Stock;NON;HORS_EEE;émetteur hors EEE (US) : hors du champ du PEA;2026-08-30
US03769M1062;APOLLO GLOBAL MANA;1APO;Euronext Global Equity Market;EUR;US;Common Stock;NON;HORS_EEE;émetteur hors EEE (US) : hors du champ du PEA;2026-08-30
US0378331005;APPLE;4AAPL;EuroTLX | Euronext Global Equity Market | Trading After Hours;EUR;US;Common Stock;NON;HORS_EEE;émetteur hors EEE (US) : hors du champ du PEA;2026-08-30
US03783C1009;APPFOLIO INC - A;1APPF;Euronext Global Equity Market;EUR;US;Common Stock;NON;HORS_EEE;émetteur hors EEE (US) : hors du champ du PEA;2026-08-30
US0381692070;Applied Digital;1APLD;Euronext Global Equity Market;EUR;US;Common Stock;NON;HORS_EEE;émetteur hors EEE (US) : hors du champ du PEA;2026-08-30
US0382221051;APPLIED MATERIALS;2AMAT;Trading After Hours | Euronext Global Equity Market | EuroTLX;EUR;US;Common Stock;NON;HORS_EEE;émetteur hors EEE (US) : hors du champ du PEA;2026-08-30
US03823U1025;APPLIED OPTOELECTR;1AAOI;Euronext Global Equity Market;EUR;US;Common Stock;NON;HORS_EEE;émetteur hors EEE (US) : hors du champ du PEA;2026-08-30
US03831W1080;AppLovin Corp;1APP;Euronext Global Equity Market;EUR;US;Common Stock;NON;HORS_EEE;émetteur hors EEE (US) : hors du champ du PEA;2026-08-30
US0394831020;ARCHER-DANIELS-MID;1ADM;Euronext Global Equity Market | Trading After Hours | EuroTLX;EUR;US;Common Stock;NON;HORS_EEE;émetteur hors EEE (US) : hors du champ du PEA;2026-08-30
US0404132054;Arista Networks;1ANET;Euronext Global Equity Market;EUR;US;Common Stock;NON;HORS_EEE;émetteur hors EEE (US) : hors du champ du PEA;2026-08-30
US04626A1034;ASTERA LABS;1ALAB;Euronext Global Equity Market;EUR;US;Common Stock;NON;HORS_EEE;émetteur hors EEE (US) : hors du champ du PEA;2026-08-30
US0464331083;ASTRONICS CORP;1ATRO;Euronext Global Equity Market;EUR;US;Common Stock;NON;HORS_EEE;émetteur hors EEE (US) : hors du champ du PEA;2026-08-30
US0494681010;Atlassian Corp;1TEAM;Euronext Global Equity Market;EUR;US;Common Stock;NON;HORS_EEE;émetteur hors EEE (US) : hors du champ du PEA;2026-08-30
US0495601058;Atmos Energy;1ATO;Euronext Global Equity Market;EUR;US;Common Stock;NON;HORS_EEE;émetteur hors EEE (US) : hors du champ du PEA;2026-08-30
US0527691069;AUTODESK;2ADSK;Trading After Hours | Euronext Global Equity Market | EuroTLX;EUR;US;Common Stock;NON;HORS_EEE;émetteur hors EEE (US) : hors du champ du PEA;2026-08-30
US0530151036;AUTOMATIC DATA PRO;4ADP;EuroTLX | Trading After Hours | Euronext Global Equity Market;EUR;US;Common Stock;NON;HORS_EEE;émetteur hors EEE (US) : hors du champ du PEA;2026-08-30
US0533321024;AUTOZONE;4AZO;EuroTLX | Trading After Hours | Euronext Global Equity Market;EUR;US;Common Stock;NON;HORS_EEE;émetteur hors EEE (US) : hors du champ du PEA;2026-08-30
US0536111091;Avery Den;1AVY;Euronext Global Equity Market;EUR;US;Common Stock;NON;HORS_EEE;émetteur hors EEE (US) : hors du champ du PEA;2026-08-30
US0537741052;AVIS BUDGET GROUP;1CAR;Euronext Global Equity Market;EUR;US;Common Stock;NON;HORS_EEE;émetteur hors EEE (US) : hors du champ du PEA;2026-08-30
US0545402085;AXCELIS TECHNOLOGI;1ACLS;Euronext Global Equity Market;EUR;US;Common Stock;NON;HORS_EEE;émetteur hors EEE (US) : hors du champ du PEA;2026-08-30
US05464C1018;Axon Ent;1AXON;Euronext Global Equity Market;EUR;US;Common Stock;NON;HORS_EEE;émetteur hors EEE (US) : hors du champ du PEA;2026-08-30
US05464T1043;AXSOME THERAPEUTIC;1AXSM;Euronext Global Equity Market;EUR;US;Common Stock;NON;HORS_EEE;émetteur hors EEE (US) : hors du champ du PEA;2026-08-30
US0584981064;Ball Corp;1BALL;Euronext Global Equity Market;EUR;US;Common Stock;NON;HORS_EEE;émetteur hors EEE (US) : hors du champ du PEA;2026-08-30
US0605051046;BANK OF AMERICA;2BAC;Trading After Hours | EuroTLX | Euronext Global Equity Market;EUR;US;Common Stock;NON;HORS_EEE;émetteur hors EEE (US) : hors du champ du PEA;2026-08-30
US0640581007;THE BANK OF NY MEL;2BK;Trading After Hours | Euronext Global Equity Market | EuroTLX;EUR;US;Common Stock;NON;HORS_EEE;émetteur hors EEE (US) : hors du champ du PEA;2026-08-30
US06417N1037;BANK OZK;1OZK;Euronext Global Equity Market;EUR;US;Common Stock;NON;HORS_EEE;émetteur hors EEE (US) : hors du champ du PEA;2026-08-30
US0718131099;BAXTER INTERN;2BAX;Trading After Hours | EuroTLX | Euronext Global Equity Market;EUR;US;Common Stock;NON;HORS_EEE;émetteur hors EEE (US) : hors du champ du PEA;2026-08-30
US0758871091;BECTON, DICKINSON;1BDX;Euronext Global Equity Market | Trading After Hours | EuroTLX;EUR;US;Common Stock;NON;HORS_EEE;émetteur hors EEE (US) : hors du champ du PEA;2026-08-30
US08265T2087;BENTLEY SYSTEMS IN;1BSY;Euronext Global Equity Market;EUR;US;Common Stock;NON;HORS_EEE;émetteur hors EEE (US) : hors du champ du PEA;2026-08-30
US0844231029;W R Berkley Corp;1WRB;Euronext Global Equity Market;EUR;US;Common Stock;NON;HORS_EEE;émetteur hors EEE (US) : hors du champ du PEA;2026-08-30
US0846707026;BERKSHIRE HATHAW B;1BRK;Euronext Global Equity Market | EuroTLX | Trading After Hours;EUR;US;Common Stock;NON;HORS_EEE;émetteur hors EEE (US) : hors du champ du PEA;2026-08-30
US0865161014;BEST BUY CO;2BBY;Trading After Hours | EuroTLX | Euronext Global Equity Market;EUR;US;Common Stock;NON;HORS_EEE;émetteur hors EEE (US) : hors du champ du PEA;2026-08-30
US08862E1091;BEYOND MEAT;1BYND;Euronext Global Equity Market | EuroTLX | Trading After Hours;EUR;US;Common Stock;NON;HORS_EEE;émetteur hors EEE (US) : hors du champ du PEA;2026-08-30
US0900431000;BILL HOLDINGS;1BILL;Euronext Global Equity Market;EUR;US;Common Stock;NON;HORS_EEE;émetteur hors EEE (US) : hors du champ du PEA;2026-08-30
US09061G1013;BIOMARIN PHARMA;2BMRN;Trading After Hours | Euronext Global Equity Market | EuroTLX;EUR;US;Common Stock;NON;HORS_EEE;émetteur hors EEE (US) : hors du champ du PEA;2026-08-30
US09062X1037;BIOGEN;2BIIB;Trading After Hours | EuroTLX | Euronext Global Equity Market;EUR;US;Common Stock;NON;HORS_EEE;émetteur hors EEE (US) : hors du champ du PEA;2026-08-30
US09073M1045;Bio-Techne Corp;1TECH;Euronext Global Equity Market;EUR;US;Common Stock;NON;HORS_EEE;émetteur hors EEE (US) : hors du champ du PEA;2026-08-30
US09260D1072;Blackstone Inc;1BX;Euronext Global Equity Market;EUR;US;Common Stock;NON;HORS_EEE;émetteur hors EEE (US) : hors du champ du PEA;2026-08-30
US09290D1019;BLACKROCK;1BLK;Euronext Global Equity Market | Trading After Hours | EuroTLX;EUR;US;Common Stock;NON;HORS_EEE;émetteur hors EEE (US) : hors du champ du PEA;2026-08-30
US0937121079;BLOOM ENERGY A;1BLE;Euronext Global Equity Market;EUR;US;Common Stock;NON;HORS_EEE;émetteur hors EEE (US) : hors du champ du PEA;2026-08-30
US09581B1035;BLUE OWL CAPITAL;1OWL;Euronext Global Equity Market;EUR;US;Common Stock;NON;HORS_EEE;émetteur hors EEE (US) : hors du champ du PEA;2026-08-30
US0970231058;BOEING;2BA;Trading After Hours | Euronext Global Equity Market | EuroTLX;EUR;US;Common Stock;NON;HORS_EEE;émetteur hors EEE (US) : hors du champ du PEA;2026-08-30
US09857L1089;BOOKING HOLDINGS;1BKNG;Euronext Global Equity Market | EuroTLX | Trading After Hours;EUR;US;Common Stock;NON;HORS_EEE;émetteur hors EEE (US) : hors du champ du PEA;2026-08-30
US0995021062;BOOZ ALLEN HAMILTO;1BAH;Euronext Global Equity Market;EUR;US;Common Stock;NON;HORS_EEE;émetteur hors EEE (US) : hors du champ du PEA;2026-08-30
US0997241064;BorgWarner;1BWA;Euronext Global Equity Market;EUR;US;Common Stock;NON;HORS_EEE;émetteur hors EEE (US) : hors du champ du PEA;2026-08-30
US1011371077;BOSTON SCIENTIFIC;4BSX;EuroTLX | Trading After Hours | Euronext Global Equity Market;EUR;US;Common Stock;NON;HORS_EEE;émetteur hors EEE (US) : hors du champ du PEA;2026-08-30
US10576N1028;BRAZE INC-A;1BRZE;Euronext Global Equity Market;EUR;US;Common Stock;NON;HORS_EEE;émetteur hors EEE (US) : hors du champ du PEA;2026-08-30
US10806X1028;BRIDGEBIO PHARMA I;1BBIO;Euronext Global Equity Market;EUR;US;Common Stock;NON;HORS_EEE;émetteur hors EEE (US) : hors du champ du PEA;2026-08-30
US1096411004;BRINKER INTERNATIO;1EAT;Euronext Global Equity Market;EUR;US;Common Stock;NON;HORS_EEE;émetteur hors EEE (US) : hors du champ du PEA;2026-08-30
US1101221083;BRISTOL-MYERS SQ;1BMY;Euronext Global Equity Market | EuroTLX | Trading After Hours;EUR;US;Common Stock;NON;HORS_EEE;émetteur hors EEE (US) : hors du champ du PEA;2026-08-30
US11135F1012;BROADCOM;4AVGO;EuroTLX | Euronext Global Equity Market | Trading After Hours;EUR;US;Common Stock;NON;HORS_EEE;émetteur hors EEE (US) : hors du champ du PEA;2026-08-30
US1152361010;Brown Brown;1BRO;Euronext Global Equity Market;EUR;US;Common Stock;NON;HORS_EEE;émetteur hors EEE (US) : hors du champ du PEA;2026-08-30
US1156372096;Brown-Forman;1BFB;Euronext Global Equity Market;EUR;US;Common Stock;NON;HORS_EEE;émetteur hors EEE (US) : hors du champ du PEA;2026-08-30
US1167941087;BRUKER CORP;1BRKR;Euronext Global Equity Market;EUR;US;Common Stock;NON;HORS_EEE;émetteur hors EEE (US) : hors du champ du PEA;2026-08-30
US12008R1077;Builders FS;1BLDR;Euronext Global Equity Market;EUR;US;Common Stock;NON;HORS_EEE;émetteur hors EEE (US) : hors du champ du PEA;2026-08-30
US12468P1049;C3.ai Inc;1C3;Euronext Global Equity Market | Trading After Hours;EUR;US;Common Stock;NON;HORS_EEE;émetteur hors EEE (US) : hors du champ du PEA;2026-08-30
US12503M1080;Cboe Global;1CBOE;Euronext Global Equity Market;EUR;US;Common Stock;NON;HORS_EEE;émetteur hors EEE (US) : hors du champ du PEA;2026-08-30
US12504L1098;CBRE Group Inc;1CBRE;Euronext Global Equity Market;EUR;US;Common Stock;NON;HORS_EEE;émetteur hors EEE (US) : hors du champ du PEA;2026-08-30
US12514G1085;CDW Corp/DE;1CDW;Euronext Global Equity Market;EUR;US;Common Stock;NON;HORS_EEE;émetteur hors EEE (US) : hors du champ du PEA;2026-08-30
US1252691001;CF Industries;1CF;Euronext Global Equity Market;EUR;US;Common Stock;NON;HORS_EEE;émetteur hors EEE (US) : hors du champ du PEA;2026-08-30
US1255231003;Cigna Group/The;1CI;Euronext Global Equity Market;EUR;US;Common Stock;NON;HORS_EEE;émetteur hors EEE (US) : hors du champ du PEA;2026-08-30
US12572Q1058;CME Group Inc;1CME;Euronext Global Equity Market;EUR;US;Common Stock;NON;HORS_EEE;émetteur hors EEE (US) : hors du champ du PEA;2026-08-30
US1264081035;CSX Corp;1CSX;Euronext Global Equity Market;EUR;US;Common Stock;NON;HORS_EEE;émetteur hors EEE (US) : hors du champ du PEA;2026-08-30
US1266501006;CVS HEALTH;1CVS;Euronext Global Equity Market | Trading After Hours | EuroTLX;EUR;US;Common Stock;NON;HORS_EEE;émetteur hors EEE (US) : hors du champ du PEA;2026-08-30
US1273871087;Cadence Design;1CDNS;Euronext Global Equity Market;EUR;US;Common Stock;NON;HORS_EEE;émetteur hors EEE (US) : hors du champ du PEA;2026-08-30
US1280302027;CAL-MAINE FOODS IN;1CALM;Euronext Global Equity Market;EUR;US;Common Stock;NON;HORS_EEE;émetteur hors EEE (US) : hors du champ du PEA;2026-08-30
US1344291091;The Campbell's C;1CPB;Euronext Global Equity Market;EUR;US;Common Stock;NON;HORS_EEE;émetteur hors EEE (US) : hors du champ du PEA;2026-08-30
US14040H1059;Capital One Fin;1COF;Euronext Global Equity Market;EUR;US;Common Stock;NON;HORS_EEE;émetteur hors EEE (US) : hors du champ du PEA;2026-08-30
US14149Y1082;Cardinal Health;1CAH;Euronext Global Equity Market;EUR;US;Common Stock;NON;HORS_EEE;émetteur hors EEE (US) : hors du champ du PEA;2026-08-30
US14316J1088;CARLYLE GROUP;1CG;Euronext Global Equity Market;EUR;US;Common Stock;NON;HORS_EEE;émetteur hors EEE (US) : hors du champ du PEA;2026-08-30
US14448C1045;Carrier Global;1CARR;Euronext Global Equity Market;EUR;US;Common Stock;NON;HORS_EEE;émetteur hors EEE (US) : hors du champ du PEA;2026-08-30
US1468691027;CARVANA CO;1CVNA;Euronext Global Equity Market;EUR;US;Common Stock;NON;HORS_EEE;émetteur hors EEE (US) : hors du champ du PEA;2026-08-30
US1491231015;CATERPILLAR;1CAT;Euronext Global Equity Market | Trading After Hours;EUR;US;Common Stock;NON;HORS_EEE;émetteur hors EEE (US) : hors du champ du PEA;2026-08-30
US1508701034;Celanese Corp;1CE;Euronext Global Equity Market;EUR;US;Common Stock;NON;HORS_EEE;émetteur hors EEE (US) : hors du champ du PEA;2026-08-30
US15135B1017;CENTENE;4CNC;EuroTLX | Euronext Global Equity Market | Trading After Hours;EUR;US;Common Stock;NON;HORS_EEE;émetteur hors EEE (US) : hors du champ du PEA;2026-08-30
US15189T1079;CenterPoint En;1CNP;Euronext Global Equity Market;EUR;US;Common Stock;NON;HORS_EEE;émetteur hors EEE (US) : hors du champ du PEA;2026-08-30
US16119P1084;CHARTER COMM;4CHTR;EuroTLX | Trading After Hours | Euronext Global Equity Market;EUR;US;Common Stock;NON;HORS_EEE;émetteur hors EEE (US) : hors du champ du PEA;2026-08-30
US1630721017;CHEESECAKE FACTORY;1CAKE;Euronext Global Equity Market;EUR;US;Common Stock;NON;HORS_EEE;émetteur hors EEE (US) : hors du champ du PEA;2026-08-30
US16411R2085;CHENIERE ENERGY IN;1LNG;Euronext Global Equity Market;EUR;US;Common Stock;NON;HORS_EEE;émetteur hors EEE (US) : hors du champ du PEA;2026-08-30
US1651677353;EXPAND ENERGY CORP;1EXE;Euronext Global Equity Market;EUR;US;Common Stock;NON;HORS_EEE;émetteur hors EEE (US) : hors du champ du PEA;2026-08-30
US1667641005;CHEVRON;1CVX;Euronext Global Equity Market | EuroTLX | Trading After Hours;EUR;US;Common Stock;NON;HORS_EEE;émetteur hors EEE (US) : hors du champ du PEA;2026-08-30
US16679L1098;CHEWY CLASS A;1CHWY;Euronext Global Equity Market;EUR;US;Common Stock;NON;HORS_EEE;émetteur hors EEE (US) : hors du champ du PEA;2026-08-30
US1696561059;CHIPOTLE MEXICAN;1CMG;Euronext Global Equity Market;EUR;US;Common Stock;NON;HORS_EEE;émetteur hors EEE (US) : hors du champ du PEA;2026-08-30
US1713401024;Church & Dwight;1CHD;Euronext Global Equity Market;EUR;US;Common Stock;NON;HORS_EEE;émetteur hors EEE (US) : hors du champ du PEA;2026-08-30
US1717793095;CIENA;4CIEN;EuroTLX | Trading After Hours | Euronext Global Equity Market;EUR;US;Common Stock;NON;HORS_EEE;émetteur hors EEE (US) : hors du champ du PEA;2026-08-30
US1720621010;Cincinnati Fin;1CINF;Euronext Global Equity Market;EUR;US;Common Stock;NON;HORS_EEE;émetteur hors EEE (US) : hors du champ du PEA;2026-08-30
US17253J1060;CIPHER DIGITAL;1CIFR;Euronext Global Equity Market;EUR;US;Common Stock;NON;HORS_EEE;émetteur hors EEE (US) : hors du champ du PEA;2026-08-30
US1725731079;CIRCLE INTERNET;1CRCL;Euronext Global Equity Market;EUR;US;Common Stock;NON;HORS_EEE;émetteur hors EEE (US) : hors du champ du PEA;2026-08-30
US1727551004;CIRRUS LOGIC INC;1CRUS;Euronext Global Equity Market;EUR;US;Common Stock;NON;HORS_EEE;émetteur hors EEE (US) : hors du champ du PEA;2026-08-30
US17275R1023;CISCO SYSTEMS;4CSCO;EuroTLX | Euronext Global Equity Market | Trading After Hours;EUR;US;Common Stock;NON;HORS_EEE;émetteur hors EEE (US) : hors du champ du PEA;2026-08-30
US1729674242;CITIGROUP;2C;Trading After Hours | Euronext Global Equity Market | EuroTLX;EUR;US;Common Stock;NON;HORS_EEE;émetteur hors EEE (US) : hors du champ du PEA;2026-08-30
US1746101054;Citizens Fin;1CFG;Euronext Global Equity Market;EUR;US;Common Stock;NON;HORS_EEE;émetteur hors EEE (US) : hors du champ du PEA;2026-08-30
US18452B2097;Cleanspark Inc;1CLSK;Euronext Global Equity Market;EUR;US;Common Stock;NON;HORS_EEE;émetteur hors EEE (US) : hors du champ du PEA;2026-08-30
US1858991011;CLEVELAND-CLIFFS;4CVA;EuroTLX | Trading After Hours | Euronext Global Equity Market;EUR;US;Common Stock;NON;HORS_EEE;émetteur hors EEE (US) : hors du champ du PEA;2026-08-30
US1890541097;THE CLOROX COMPANY;1CLX;Euronext Global Equity Market | EuroTLX | Trading After Hours;EUR;US;Common Stock;NON;HORS_EEE;émetteur hors EEE (US) : hors du champ du PEA;2026-08-30
US1910981026;COCA-COLA CONSOLID;1COKE;Euronext Global Equity Market;EUR;US;Common Stock;NON;HORS_EEE;émetteur hors EEE (US) : hors du champ du PEA;2026-08-30
US1912161007;THE COCA-COLA COMP;4KO;EuroTLX | Trading After Hours | Euronext Global Equity Market;EUR;US;Common Stock;NON;HORS_EEE;émetteur hors EEE (US) : hors du champ du PEA;2026-08-30
US1921085049;COEUR MINING;2CDE;Trading After Hours | EuroTLX | Euronext Global Equity Market;EUR;US;Common Stock;NON;HORS_EEE;émetteur hors EEE (US) : hors du champ du PEA;2026-08-30
US1924221039;COGNEX CORP;1CGNX;Euronext Global Equity Market;EUR;US;Common Stock;NON;HORS_EEE;émetteur hors EEE (US) : hors du champ du PEA;2026-08-30
US1924461023;Cognizant Tech;1CTSH;Euronext Global Equity Market;EUR;US;Common Stock;NON;HORS_EEE;émetteur hors EEE (US) : hors du champ du PEA;2026-08-30
US19247G1076;COHERENT CORP;1COHR;Euronext Global Equity Market;EUR;US;Common Stock;NON;HORS_EEE;émetteur hors EEE (US) : hors du champ du PEA;2026-08-30
US19260Q1076;COINBASE GLOBAL;1COIN;Euronext Global Equity Market | Trading After Hours | EuroTLX;EUR;US;Common Stock;NON;HORS_EEE;émetteur hors EEE (US) : hors du champ du PEA;2026-08-30
US1941621039;COLGATE-PALMOLIVE;4CL;EuroTLX | Trading After Hours | Euronext Global Equity Market;EUR;US;Common Stock;NON;HORS_EEE;émetteur hors EEE (US) : hors du champ du PEA;2026-08-30
US1985161066;COLUMBIA SPORTSWEA;1COLM;Euronext Global Equity Market;EUR;US;Common Stock;NON;HORS_EEE;émetteur hors EEE (US) : hors du champ du PEA;2026-08-30
US1999081045;COMFORT SYSTEMS;1FIX;Euronext Global Equity Market;EUR;US;Common Stock;NON;HORS_EEE;émetteur hors EEE (US) : hors du champ du PEA;2026-08-30
US20030N1019;COMCAST;4CMCSA;EuroTLX | Trading After Hours | Euronext Global Equity Market;EUR;US;Common Stock;NON;HORS_EEE;émetteur hors EEE (US) : hors du champ du PEA;2026-08-30
US2058871029;Conagra Brands;1CAG;Euronext Global Equity Market;EUR;US;Common Stock;NON;HORS_EEE;émetteur hors EEE (US) : hors du champ du PEA;2026-08-30
US20825C1045;CONOCOPHILLIPS;2COP;Trading After Hours | Euronext Global Equity Market | EuroTLX;EUR;US;Common Stock;NON;HORS_EEE;émetteur hors EEE (US) : hors du champ du PEA;2026-08-30
US2091151041;CONSOLIDATED EDIS;2ED;Trading After Hours | EuroTLX | Euronext Global Equity Market;EUR;US;Common Stock;NON;HORS_EEE;émetteur hors EEE (US) : hors du champ du PEA;2026-08-30
US21036P1084;CONSTELLATION BR;4STZ;EuroTLX | Euronext Global Equity Market | Trading After Hours;EUR;US;Common Stock;NON;HORS_EEE;émetteur hors EEE (US) : hors du champ du PEA;2026-08-30
US21037T1097;Constellation En;1CEG;Euronext Global Equity Market;EUR;US;Common Stock;NON;HORS_EEE;émetteur hors EEE (US) : hors du champ du PEA;2026-08-30
US21044C1071;CONSTRUCTION PARTN;1ROAD;Euronext Global Equity Market;EUR;US;Common Stock;NON;HORS_EEE;émetteur hors EEE (US) : hors du champ du PEA;2026-08-30
US2166485019;Cooper Cos;1COO;Euronext Global Equity Market;EUR;US;Common Stock;NON;HORS_EEE;émetteur hors EEE (US) : hors du champ du PEA;2026-08-30
US2172041061;Copart Inc;1CPRT;Euronext Global Equity Market;EUR;US;Common Stock;NON;HORS_EEE;émetteur hors EEE (US) : hors du champ du PEA;2026-08-30
US2183521028;CORCEPT THERAP;1CORT;Euronext Global Equity Market;EUR;US;Common Stock;NON;HORS_EEE;émetteur hors EEE (US) : hors du champ du PEA;2026-08-30
US21873S1087;COREWEAVE CL A;1CRWV;Euronext Global Equity Market;EUR;US;Common Stock;NON;HORS_EEE;émetteur hors EEE (US) : hors du champ du PEA;2026-08-30
US21874A1060;CORE SCIENTIFIC;1CORZ;Euronext Global Equity Market;EUR;US;Common Stock;NON;HORS_EEE;émetteur hors EEE (US) : hors du champ du PEA;2026-08-30
US21874C1027;CORE & MAIN CL A;1CNM;Euronext Global Equity Market;EUR;US;Common Stock;NON;HORS_EEE;émetteur hors EEE (US) : hors du champ du PEA;2026-08-30
US2193501051;CORNING;4GLW;EuroTLX | Euronext Global Equity Market | Trading After Hours;EUR;US;Common Stock;NON;HORS_EEE;émetteur hors EEE (US) : hors du champ du PEA;2026-08-30
US2199481068;Corpay Inc;1CPAY;Euronext Global Equity Market;EUR;US;Common Stock;NON;HORS_EEE;émetteur hors EEE (US) : hors du champ du PEA;2026-08-30
US22052L1044;Corteva Inc;1CTVA;Euronext Global Equity Market;EUR;US;Common Stock;NON;HORS_EEE;émetteur hors EEE (US) : hors du champ du PEA;2026-08-30
US22160K1051;COSTCO WHOLESALE;2COST;Trading After Hours | EuroTLX | Euronext Global Equity Market;EUR;US;Common Stock;NON;HORS_EEE;émetteur hors EEE (US) : hors du champ du PEA;2026-08-30
US22160N1090;CoStar Group;4CSGP;EuroTLX | Euronext Global Equity Market | Trading After Hours;EUR;US;Common Stock;NON;HORS_EEE;émetteur hors EEE (US) : hors du champ du PEA;2026-08-30
US2220702037;COTY;2COTY;Trading After Hours | Euronext Paris | Euronext Global Equity Market;EUR;US;Common Stock;NON;HORS_EEE;émetteur hors EEE (US) : hors du champ du PEA;2026-08-30
US22266T1097;COUPANG;1CPNG;Euronext Global Equity Market;EUR;US;Common Stock;NON;HORS_EEE;émetteur hors EEE (US) : hors du champ du PEA;2026-08-30
US2270461096;CROCS INC;1CROX;Euronext Global Equity Market;EUR;US;Common Stock;NON;HORS_EEE;émetteur hors EEE (US) : hors du champ du PEA;2026-08-30
US22788C1053;Crowdstrike Hold;4CRWD;EuroTLX | Euronext Global Equity Market | Trading After Hours;EUR;US;Common Stock;NON;HORS_EEE;émetteur hors EEE (US) : hors du champ du PEA;2026-08-30
US2310211063;Cummins Inc;1CMI;Euronext Global Equity Market;EUR;US;Common Stock;NON;HORS_EEE;émetteur hors EEE (US) : hors du champ du PEA;2026-08-30
US23282W6057;CYTOKINETICS INC;1CYTK;Euronext Global Equity Market;EUR;US;Common Stock;NON;HORS_EEE;émetteur hors EEE (US) : hors du champ du PEA;2026-08-30
US23331A1097;DR Horton Inc;1DHI;Euronext Global Equity Market;EUR;US;Common Stock;NON;HORS_EEE;émetteur hors EEE (US) : hors du champ du PEA;2026-08-30
US2358511028;DANAHER;1DHR;Euronext Global Equity Market | Trading After Hours | EuroTLX;EUR;US;Common Stock;NON;HORS_EEE;émetteur hors EEE (US) : hors du champ du PEA;2026-08-30
US2371941053;Darden Restaurants;1DRI;Euronext Global Equity Market;EUR;US;Common Stock;NON;HORS_EEE;émetteur hors EEE (US) : hors du champ du PEA;2026-08-30
US23804L1035;Datadog Inc;1DDOG;Euronext Global Equity Market;EUR;US;Common Stock;NON;HORS_EEE;émetteur hors EEE (US) : hors du champ du PEA;2026-08-30
US23918K1088;DaVita Inc;1DVA;Euronext Global Equity Market;EUR;US;Common Stock;NON;HORS_EEE;émetteur hors EEE (US) : hors du champ du PEA;2026-08-30
US2435371073;Deckers Outdoor;1DECK;Euronext Global Equity Market;EUR;US;Common Stock;NON;HORS_EEE;émetteur hors EEE (US) : hors du champ du PEA;2026-08-30
US2441991054;DEERE & CO;1DE;Euronext Global Equity Market | EuroTLX | Trading After Hours;EUR;US;Common Stock;NON;HORS_EEE;émetteur hors EEE (US) : hors du champ du PEA;2026-08-30
US24703L2025;Dell Technologies;4DELL;EuroTLX | Euronext Global Equity Market | Trading After Hours;EUR;US;Common Stock;NON;HORS_EEE;émetteur hors EEE (US) : hors du champ du PEA;2026-08-30
US2473617023;Delta Air Lines;1DAL;Euronext Global Equity Market;EUR;US;Common Stock;NON;HORS_EEE;émetteur hors EEE (US) : hors du champ du PEA;2026-08-30
US24906P1093;DENTSPLY SIRONA;1XRAY;Euronext Global Equity Market | EuroTLX | Trading After Hours;EUR;US;Common Stock;NON;HORS_EEE;émetteur hors EEE (US) : hors du champ du PEA;2026-08-30
US25179M1036;DEVON ENERGY;4DY6;EuroTLX | Trading After Hours | Euronext Global Equity Market;EUR;US;Common Stock;NON;HORS_EEE;émetteur hors EEE (US) : hors du champ du PEA;2026-08-30
US2521311074;Dexcom Inc;1DXCM;Euronext Global Equity Market;EUR;US;Common Stock;NON;HORS_EEE;émetteur hors EEE (US) : hors du champ du PEA;2026-08-30
US25278X1090;Diamondback Energy;1FANG;Euronext Global Equity Market;EUR;US;Common Stock;NON;HORS_EEE;émetteur hors EEE (US) : hors du champ du PEA;2026-08-30
US2533931026;DICK'S SPORTING G;1DKS;Euronext Global Equity Market;EUR;US;Common Stock;NON;HORS_EEE;émetteur hors EEE (US) : hors du champ du PEA;2026-08-30
US25400W1027;DIGITAL TURBINE IN;1APPS;Euronext Global Equity Market;EUR;US;Common Stock;NON;HORS_EEE;émetteur hors EEE (US) : hors du champ du PEA;2026-08-30
US2546871060;THE WALT DISNEY;2DIS;Trading After Hours | EuroTLX | Euronext Global Equity Market;EUR;US;Common Stock;NON;HORS_EEE;émetteur hors EEE (US) : hors du champ du PEA;2026-08-30
US2566771059;DOLLAR GENERAL;2DGX;Trading After Hours | EuroTLX | Euronext Global Equity Market;EUR;US;Common Stock;NON;HORS_EEE;émetteur hors EEE (US) : hors du champ du PEA;2026-08-30
US2567461080;Dollar Tree Inc;1DLTR;Euronext Global Equity Market;EUR;US;Common Stock;NON;HORS_EEE;émetteur hors EEE (US) : hors du champ du PEA;2026-08-30
US25746U1097;DOMINION ENERGY;2D;Trading After Hours | EuroTLX | Euronext Global Equity Market;EUR;US;Common Stock;NON;HORS_EEE;émetteur hors EEE (US) : hors du champ du PEA;2026-08-30
US25754A2015;Domino's Pizza;1DPZ;Euronext Global Equity Market;EUR;US;Common Stock;NON;HORS_EEE;émetteur hors EEE (US) : hors du champ du PEA;2026-08-30
US25809K1051;DOORDASH;1DASH;Euronext Global Equity Market | EuroTLX | Trading After Hours;EUR;US;Common Stock;NON;HORS_EEE;émetteur hors EEE (US) : hors du champ du PEA;2026-08-30
US2600031080;Dover Corp;1DOV;Euronext Global Equity Market;EUR;US;Common Stock;NON;HORS_EEE;émetteur hors EEE (US) : hors du champ du PEA;2026-08-30
US2605571031;DOW;1DOW;Euronext Global Equity Market | Trading After Hours | EuroTLX;EUR;US;Common Stock;NON;HORS_EEE;émetteur hors EEE (US) : hors du champ du PEA;2026-08-30
US26142V1052;DRAFTKINGS INC A;1DKNG;Euronext Global Equity Market;EUR;US;Common Stock;NON;HORS_EEE;émetteur hors EEE (US) : hors du champ du PEA;2026-08-30
US26210C1045;DROPBOX INC-CLASS;1DBX;Euronext Global Equity Market;EUR;US;Common Stock;NON;HORS_EEE;émetteur hors EEE (US) : hors du champ du PEA;2026-08-30
US26441C2044;Duke Energy Corp;1DUK;Euronext Global Equity Market;EUR;US;Common Stock;NON;HORS_EEE;émetteur hors EEE (US) : hors du champ du PEA;2026-08-30
US26614N2018;DUPONT DE NEMOURS;2DD;Trading After Hours | Euronext Global Equity Market | EuroTLX;EUR;US;Common Stock;NON;HORS_EEE;émetteur hors EEE (US) : hors du champ du PEA;2026-08-30
US26740W1099;D-WAVE QUANTUM INC;1QBTS;Euronext Global Equity Market;EUR;US;Common Stock;NON;HORS_EEE;émetteur hors EEE (US) : hors du champ du PEA;2026-08-30
US2681501092;DYNATRACE;1DYT;Euronext Global Equity Market;EUR;US;Common Stock;NON;HORS_EEE;émetteur hors EEE (US) : hors du champ du PEA;2026-08-30
US26856L1035;ELF BEAUTY;1ELF;Euronext Global Equity Market;EUR;US;Common Stock;NON;HORS_EEE;émetteur hors EEE (US) : hors du champ du PEA;2026-08-30
US26875P1012;EOG Resources Inc;1EOG;Euronext Global Equity Market;EUR;US;Common Stock;NON;HORS_EEE;émetteur hors EEE (US) : hors du champ du PEA;2026-08-30
US26884L1098;EQT Corp;1EQTC;Euronext Global Equity Market;EUR;US;Common Stock;NON;HORS_EEE;émetteur hors EEE (US) : hors du champ du PEA;2026-08-30
US2774321002;Eastman Chemical;1EMN;Euronext Global Equity Market;EUR;US;Common Stock;NON;HORS_EEE;émetteur hors EEE (US) : hors du champ du PEA;2026-08-30
US2786421030;EBAY;2EBAY;Trading After Hours | Euronext Global Equity Market | EuroTLX;EUR;US;Common Stock;NON;HORS_EEE;émetteur hors EEE (US) : hors du champ du PEA;2026-08-30
US2787681061;ECHOSTAR CORP-A;1ECHO;Euronext Global Equity Market;EUR;US;Common Stock;NON;HORS_EEE;émetteur hors EEE (US) : hors du champ du PEA;2026-08-30
US2788651006;ECOLAB;1ECL;Euronext Global Equity Market | EuroTLX | Trading After Hours;EUR;US;Common Stock;NON;HORS_EEE;émetteur hors EEE (US) : hors du champ du PEA;2026-08-30
US2810201077;Edison Intern;1EIX;Euronext Global Equity Market;EUR;US;Common Stock;NON;HORS_EEE;émetteur hors EEE (US) : hors du champ du PEA;2026-08-30
US28176E1082;EDWARDS LIFESCIENC;4EW;EuroTLX | Trading After Hours | Euronext Global Equity Market;EUR;US;Common Stock;NON;HORS_EEE;émetteur hors EEE (US) : hors du champ du PEA;2026-08-30
US2855121099;ELECTRONIC ARTS;4EA;EuroTLX | Trading After Hours | Euronext Global Equity Market;EUR;US;Common Stock;NON;HORS_EEE;émetteur hors EEE (US) : hors du champ du PEA;2026-08-30
US29084Q1004;EMCOR GROUP;1EME;Euronext Global Equity Market;EUR;US;Common Stock;NON;HORS_EEE;émetteur hors EEE (US) : hors du champ du PEA;2026-08-30
US2910111044;EMERSON ELECTRIC;1EMR;Euronext Global Equity Market | Trading After Hours | EuroTLX;EUR;US;Common Stock;NON;HORS_EEE;émetteur hors EEE (US) : hors du champ du PEA;2026-08-30
US29355A1079;Enphase Energy;1ENPH;Euronext Global Equity Market;EUR;US;Common Stock;NON;HORS_EEE;émetteur hors EEE (US) : hors du champ du PEA;2026-08-30
US29358P1012;ENSIGN GROUP INC;1ENSG;Euronext Global Equity Market;EUR;US;Common Stock;NON;HORS_EEE;émetteur hors EEE (US) : hors du champ du PEA;2026-08-30
US2935941078;ENOVIX CORP;1ENVX;Euronext Global Equity Market;EUR;US;Common Stock;NON;HORS_EEE;émetteur hors EEE (US) : hors du champ du PEA;2026-08-30
US29362U1043;ENTEGRIS INC;1ENTG;Euronext Global Equity Market;EUR;US;Common Stock;NON;HORS_EEE;émetteur hors EEE (US) : hors du champ du PEA;2026-08-30
US29364G1031;Entergy Corp;1ETR;Euronext Global Equity Market;EUR;US;Common Stock;NON;HORS_EEE;émetteur hors EEE (US) : hors du champ du PEA;2026-08-30
US29414B1044;EPAM Systems Inc;1EPAM;Euronext Global Equity Market;EUR;US;Common Stock;NON;HORS_EEE;émetteur hors EEE (US) : hors du champ du PEA;2026-08-30
US2944291051;Equifax Inc;1EFX;Euronext Global Equity Market;EUR;US;Common Stock;NON;HORS_EEE;émetteur hors EEE (US) : hors du champ du PEA;2026-08-30
US29786A1060;ETSY;2ETSY;Trading After Hours | EuroTLX | Euronext Global Equity Market;EUR;US;Common Stock;NON;HORS_EEE;émetteur hors EEE (US) : hors du champ du PEA;2026-08-30
US2987361092;EURONET WORLDWIDE;1EEFT;Euronext Global Equity Market;EUR;US;Common Stock;NON;HORS_EEE;émetteur hors EEE (US) : hors du champ du PEA;2026-08-30
US30034W1062;Evergy Inc;1EVRG;Euronext Global Equity Market;EUR;US;Common Stock;NON;HORS_EEE;émetteur hors EEE (US) : hors du champ du PEA;2026-08-30
US30040W1080;EVERSOURCE ENERGY;1ES;Euronext Global Equity Market | EuroTLX | Trading After Hours;EUR;US;Common Stock;NON;HORS_EEE;émetteur hors EEE (US) : hors du champ du PEA;2026-08-30
US30161N1019;EXELON;4EXC;EuroTLX | Trading After Hours | Euronext Global Equity Market;EUR;US;Common Stock;NON;HORS_EEE;émetteur hors EEE (US) : hors du champ du PEA;2026-08-30
US30161Q1040;EXELIXIS INC;1EXEL;Euronext Global Equity Market;EUR;US;Common Stock;NON;HORS_EEE;émetteur hors EEE (US) : hors du champ du PEA;2026-08-30
US3020811044;EXLSERVICE HOLDING;1EXLS;Euronext Global Equity Market;EUR;US;Common Stock;NON;HORS_EEE;émetteur hors EEE (US) : hors du champ du PEA;2026-08-30
US30212P3038;EXPEDIA GROUP;2EXPE;Trading After Hours | EuroTLX | Euronext Global Equity Market;EUR;US;Common Stock;NON;HORS_EEE;émetteur hors EEE (US) : hors du champ du PEA;2026-08-30
US30233Q1085;EXXONMOBIL;2XOM;Trading After Hours | EuroTLX | Euronext Global Equity Market;EUR;US;Common Stock;NON;HORS_EEE;émetteur hors EEE (US) : hors du champ du PEA;2026-08-30
US3024913036;FMC Corp;1FMC;Euronext Global Equity Market;EUR;US;Common Stock;NON;HORS_EEE;émetteur hors EEE (US) : hors du champ du PEA;2026-08-30
US30303M1027;META PLATFORMS;2META;Trading After Hours | Euronext Global Equity Market | EuroTLX;EUR;US;Common Stock;NON;HORS_EEE;émetteur hors EEE (US) : hors du champ du PEA;2026-08-30
US3030751057;FactSet Research;1FDS;Euronext Global Equity Market;EUR;US;Common Stock;NON;HORS_EEE;émetteur hors EEE (US) : hors du champ du PEA;2026-08-30
US3032501047;Fair Isaac Corp;1FICO;Euronext Global Equity Market;EUR;US;Common Stock;NON;HORS_EEE;émetteur hors EEE (US) : hors du champ du PEA;2026-08-30
US3119001044;Fastenal Co;1FAST;Euronext Global Equity Market;EUR;US;Common Stock;NON;HORS_EEE;émetteur hors EEE (US) : hors du champ du PEA;2026-08-30
US31428X1063;FEDEX;2FDX;Trading After Hours | EuroTLX | Euronext Global Equity Market;EUR;US;Common Stock;NON;HORS_EEE;émetteur hors EEE (US) : hors du champ du PEA;2026-08-30
US3156161024;F5 Inc;1FFIV;Euronext Global Equity Market;EUR;US;Common Stock;NON;HORS_EEE;émetteur hors EEE (US) : hors du champ du PEA;2026-08-30
US31620M1062;Fidelity National;1FIS;Euronext Global Equity Market;EUR;US;Common Stock;NON;HORS_EEE;émetteur hors EEE (US) : hors du champ du PEA;2026-08-30
US3167731005;Fifth Third Banc;1FTHB;Euronext Global Equity Market;EUR;US;Common Stock;NON;HORS_EEE;émetteur hors EEE (US) : hors du champ du PEA;2026-08-30
US3168411052;FIGMA CL A;1FIG;Euronext Global Equity Market;EUR;US;Common Stock;NON;HORS_EEE;émetteur hors EEE (US) : hors du champ du PEA;2026-08-30
US3205171057;FIRST HORIZON CORP;1FHN;Euronext Global Equity Market;EUR;US;Common Stock;NON;HORS_EEE;émetteur hors EEE (US) : hors du champ du PEA;2026-08-30
US3364331070;FIRST SOLAR;2FSLR;Trading After Hours | EuroTLX | Euronext Global Equity Market;EUR;US;Common Stock;NON;HORS_EEE;émetteur hors EEE (US) : hors du champ du PEA;2026-08-30
US3377381088;FISERV;2FISV;Trading After Hours | EuroTLX | Euronext Global Equity Market;EUR;US;Common Stock;NON;HORS_EEE;émetteur hors EEE (US) : hors du champ du PEA;2026-08-30
US3379321074;FirstEnergy Corp;1FEU;Euronext Global Equity Market;EUR;US;Common Stock;NON;HORS_EEE;émetteur hors EEE (US) : hors du champ du PEA;2026-08-30
US33829M1018;FIVE BELOW;1FIVE;Euronext Global Equity Market;EUR;US;Common Stock;NON;HORS_EEE;émetteur hors EEE (US) : hors du champ du PEA;2026-08-30
US3383071012;FIVE9 INC;1FIVN;Euronext Global Equity Market;EUR;US;Common Stock;NON;HORS_EEE;émetteur hors EEE (US) : hors du champ du PEA;2026-08-30
US34379V1035;FLUENCE ENERGY INC;1FLNC;Euronext Global Equity Market;EUR;US;Common Stock;NON;HORS_EEE;émetteur hors EEE (US) : hors du champ du PEA;2026-08-30
US3453708600;FORD MOTOR;1F;Euronext Global Equity Market | Trading After Hours | EuroTLX;EUR;US;Common Stock;NON;HORS_EEE;émetteur hors EEE (US) : hors du champ du PEA;2026-08-30
US34959E1091;Fortinet Inc;1FTNT;Euronext Global Equity Market;EUR;US;Common Stock;NON;HORS_EEE;émetteur hors EEE (US) : hors du champ du PEA;2026-08-30
US34959J1088;Fortive Corp;1FTV;Euronext Global Equity Market;EUR;US;Common Stock;NON;HORS_EEE;émetteur hors EEE (US) : hors du champ du PEA;2026-08-30
US35137L1052;Fox Corp;1FOXA;Euronext Global Equity Market;EUR;US;Common Stock;NON;HORS_EEE;émetteur hors EEE (US) : hors du champ du PEA;2026-08-30
US35137L2043;Fox Corp B;1FOX;Euronext Global Equity Market;EUR;US;Common Stock;NON;HORS_EEE;émetteur hors EEE (US) : hors du champ du PEA;2026-08-30
US3546131018;Franklin;1BEN;Euronext Global Equity Market;EUR;US;Common Stock;NON;HORS_EEE;émetteur hors EEE (US) : hors du champ du PEA;2026-08-30
US35671D8570;FREEPORT-MCMORAN;2FCX;Trading After Hours | Euronext Global Equity Market | EuroTLX;EUR;US;Common Stock;NON;HORS_EEE;émetteur hors EEE (US) : hors du champ du PEA;2026-08-30
US3580391056;FRESHPET INC;1FRPT;Euronext Global Equity Market;EUR;US;Common Stock;NON;HORS_EEE;émetteur hors EEE (US) : hors du champ du PEA;2026-08-30
US3580541049;FRESHWORKS INC-CL;1FRSH;Euronext Global Equity Market;EUR;US;Common Stock;NON;HORS_EEE;émetteur hors EEE (US) : hors du champ du PEA;2026-08-30
US35952H7008;FUELCELL ENERGY;2FEY2;Trading After Hours | EuroTLX | Euronext Global Equity Market;EUR;US;Common Stock;NON;HORS_EEE;émetteur hors EEE (US) : hors du champ du PEA;2026-08-30
US36266G1076;GE HealthCare T;1GEHC;Euronext Global Equity Market;EUR;US;Common Stock;NON;HORS_EEE;émetteur hors EEE (US) : hors du champ du PEA;2026-08-30
US36317J2096;GALAXY DIGITAL A;1GLXY;Euronext Global Equity Market;EUR;US;Common Stock;NON;HORS_EEE;émetteur hors EEE (US) : hors du champ du PEA;2026-08-30
US3635761097;Arthur Gallagher;1AJG;Euronext Global Equity Market;EUR;US;Common Stock;NON;HORS_EEE;émetteur hors EEE (US) : hors du champ du PEA;2026-08-30
US36467W1099;GAMESTOP CORP;1GME;Euronext Global Equity Market | Trading After Hours;EUR;US;Common Stock;NON;HORS_EEE;émetteur hors EEE (US) : hors du champ du PEA;2026-08-30
US3666511072;Gartner Inc;1IT;Euronext Global Equity Market;EUR;US;Common Stock;NON;HORS_EEE;émetteur hors EEE (US) : hors du champ du PEA;2026-08-30
US36828A1016;GE Vernova Inc;1GEV;Euronext Global Equity Market;EUR;US;Common Stock;NON;HORS_EEE;émetteur hors EEE (US) : hors du champ du PEA;2026-08-30
US3687361044;Generac Hold;1GNRC;Euronext Global Equity Market;EUR;US;Common Stock;NON;HORS_EEE;émetteur hors EEE (US) : hors du champ du PEA;2026-08-30
US3695501086;GENERAL DYNAMICS;1GD;Euronext Global Equity Market | EuroTLX | Trading After Hours;EUR;US;Common Stock;NON;HORS_EEE;émetteur hors EEE (US) : hors du champ du PEA;2026-08-30
US3696043013;GE AEROSPACE;2GE;Trading After Hours | Euronext Global Equity Market;EUR;US;Common Stock;NON;HORS_EEE;émetteur hors EEE (US) : hors du champ du PEA;2026-08-30
US3703341046;General Mills Inc;1GIS;Euronext Global Equity Market;EUR;US;Common Stock;NON;HORS_EEE;émetteur hors EEE (US) : hors du champ du PEA;2026-08-30
US37045V1008;GENERAL MOTORS;2GM;Trading After Hours | Euronext Global Equity Market | EuroTLX;EUR;US;Common Stock;NON;HORS_EEE;émetteur hors EEE (US) : hors du champ du PEA;2026-08-30
US3724601055;Genuine Parts Co;1GPC;Euronext Global Equity Market;EUR;US;Common Stock;NON;HORS_EEE;émetteur hors EEE (US) : hors du champ du PEA;2026-08-30
US3741631036;GERON CORP;1GERN;Euronext Global Equity Market;EUR;US;Common Stock;NON;HORS_EEE;émetteur hors EEE (US) : hors du champ du PEA;2026-08-30
US3755581036;GILEAD SCIENCES;4GILD;EuroTLX | Euronext Global Equity Market | Trading After Hours;EUR;US;Common Stock;NON;HORS_EEE;émetteur hors EEE (US) : hors du champ du PEA;2026-08-30
US37637K1088;GITLAB INC-CL A;1GTLB;Euronext Global Equity Market;EUR;US;Common Stock;NON;HORS_EEE;émetteur hors EEE (US) : hors du champ du PEA;2026-08-30
US37940X1028;GLOBAL PAYMENTS;1GPN;Euronext Global Equity Market | EuroTLX | Trading After Hours;EUR;US;Common Stock;NON;HORS_EEE;émetteur hors EEE (US) : hors du champ du PEA;2026-08-30
US3802371076;GoDaddy Inc;1GDDY;Euronext Global Equity Market;EUR;US;Common Stock;NON;HORS_EEE;émetteur hors EEE (US) : hors du champ du PEA;2026-08-30
US38141G1040;GOLDMAN SACHS GR;2GSG;Trading After Hours | EuroTLX | Euronext Global Equity Market;EUR;US;Common Stock;NON;HORS_EEE;émetteur hors EEE (US) : hors du champ du PEA;2026-08-30
US3825501014;GOODYEAR TIRE & RU;1GT;Euronext Global Equity Market;EUR;US;Common Stock;NON;HORS_EEE;émetteur hors EEE (US) : hors du champ du PEA;2026-08-30
US38268T1034;GOPRO - CLASSE A;2GPRO;Trading After Hours | Euronext Global Equity Market | EuroTLX;EUR;US;Common Stock;NON;HORS_EEE;émetteur hors EEE (US) : hors du champ du PEA;2026-08-30
US3848021040;WW Grainger Inc;1GWW;Euronext Global Equity Market;EUR;US;Common Stock;NON;HORS_EEE;émetteur hors EEE (US) : hors du champ du PEA;2026-08-30
US40131M1099;GUARDANT HEALTH IN;1GH;Euronext Global Equity Market;EUR;US;Common Stock;NON;HORS_EEE;émetteur hors EEE (US) : hors du champ du PEA;2026-08-30
US40171V1008;GUIDEWIRE SOFTWARE;1GWRE;Euronext Global Equity Market;EUR;US;Common Stock;NON;HORS_EEE;émetteur hors EEE (US) : hors du champ du PEA;2026-08-30
US4039491000;HF SINCLAIR CORP;1DINO;Euronext Global Equity Market;EUR;US;Common Stock;NON;HORS_EEE;émetteur hors EEE (US) : hors du champ du PEA;2026-08-30
US40412C1018;HCA-HEALTHCARE;1HCA;Euronext Global Equity Market | EuroTLX | Trading After Hours;EUR;US;Common Stock;NON;HORS_EEE;émetteur hors EEE (US) : hors du champ du PEA;2026-08-30
US40434L1052;HP;2HPQ;Trading After Hours | EuroTLX | Euronext Global Equity Market;EUR;US;Common Stock;NON;HORS_EEE;émetteur hors EEE (US) : hors du champ du PEA;2026-08-30
US4062161017;HALLIBURTON;4HAL;EuroTLX | Trading After Hours | Euronext Global Equity Market;EUR;US;Common Stock;NON;HORS_EEE;émetteur hors EEE (US) : hors du champ du PEA;2026-08-30
US40637H1095;HALOZYME THERAPEUT;1HALO;Euronext Global Equity Market;EUR;US;Common Stock;NON;HORS_EEE;émetteur hors EEE (US) : hors du champ du PEA;2026-08-30
US4128221086;HARLEY-DAVIDSON;1HOG;Euronext Global Equity Market | Trading After Hours | EuroTLX;EUR;US;Common Stock;NON;HORS_EEE;émetteur hors EEE (US) : hors du champ du PEA;2026-08-30
US4165151048;Hartford Finan;1HIG;Euronext Global Equity Market;EUR;US;Common Stock;NON;HORS_EEE;émetteur hors EEE (US) : hors du champ du PEA;2026-08-30
US4180561072;HASBRO;2HAS;Trading After Hours | EuroTLX | Euronext Global Equity Market;EUR;US;Common Stock;NON;HORS_EEE;émetteur hors EEE (US) : hors du champ du PEA;2026-08-30
US4227041062;HECLA MINING;2HL;Trading After Hours | EuroTLX | Euronext Global Equity Market;EUR;US;Common Stock;NON;HORS_EEE;émetteur hors EEE (US) : hors du champ du PEA;2026-08-30
US4262811015;Jack Henry & Ass;1JKHY;Euronext Global Equity Market;EUR;US;Common Stock;NON;HORS_EEE;émetteur hors EEE (US) : hors du champ du PEA;2026-08-30
US4278661081;Hershey Co/The;1HSY;Euronext Global Equity Market;EUR;US;Common Stock;NON;HORS_EEE;émetteur hors EEE (US) : hors du champ du PEA;2026-08-30
US42824C1099;HEWLETT PACKARD EN;4HPE;EuroTLX | Euronext Global Equity Market | Trading After Hours;EUR;US;Common Stock;NON;HORS_EEE;émetteur hors EEE (US) : hors du champ du PEA;2026-08-30
US43300A2033;HILTON WORLDWIDE H;2HLT;Trading After Hours | EuroTLX | Euronext Global Equity Market;EUR;US;Common Stock;NON;HORS_EEE;émetteur hors EEE (US) : hors du champ du PEA;2026-08-30
US4370761029;HOME DEPOT;1HD;Euronext Global Equity Market | Trading After Hours | EuroTLX;EUR;US;Common Stock;NON;HORS_EEE;émetteur hors EEE (US) : hors du champ du PEA;2026-08-30
US4385162056;HONEYWELL INTERN;4HON;EuroTLX | Euronext Global Equity Market | Trading After Hours;EUR;US;Common Stock;NON;HORS_EEE;émetteur hors EEE (US) : hors du champ du PEA;2026-08-30
US4404521001;Hormel Foods Corp;1HRL;Euronext Global Equity Market;EUR;US;Common Stock;NON;HORS_EEE;émetteur hors EEE (US) : hors du champ du PEA;2026-08-30
US4432011082;Howmet Aerospace;1HWM;Euronext Global Equity Market;EUR;US;Common Stock;NON;HORS_EEE;émetteur hors EEE (US) : hors du champ du PEA;2026-08-30
US4435731009;HUBSPOT INC;1HUBS;Euronext Global Equity Market;EUR;US;Common Stock;NON;HORS_EEE;émetteur hors EEE (US) : hors du champ du PEA;2026-08-30
US4448591028;Humana Inc;1HUM;Euronext Global Equity Market;EUR;US;Common Stock;NON;HORS_EEE;émetteur hors EEE (US) : hors du champ du PEA;2026-08-30
US4461501045;HUNTINGTON BANCSH;2HU3;Trading After Hours | Euronext Global Equity Market | EuroTLX;EUR;US;Common Stock;NON;HORS_EEE;émetteur hors EEE (US) : hors du champ du PEA;2026-08-30
US4464131063;Huntington Ing;1HII;Euronext Global Equity Market;EUR;US;Common Stock;NON;HORS_EEE;émetteur hors EEE (US) : hors du champ du PEA;2026-08-30
US44812J1043;HUT 8 CORP. O.N.;2HUT;Trading After Hours | Euronext Global Equity Market;EUR;US;Common Stock;NON;HORS_EEE;émetteur hors EEE (US) : hors du champ du PEA;2026-08-30
US44891N2080;People Inc;1PPLI;Euronext Global Equity Market;EUR;US;Common Stock;NON;HORS_EEE;émetteur hors EEE (US) : hors du champ du PEA;2026-08-30
US44951W1062;IES HOLDINGS INC;1IESC;Euronext Global Equity Market;EUR;US;Common Stock;NON;HORS_EEE;émetteur hors EEE (US) : hors du champ du PEA;2026-08-30
US45167R1041;IDEX Corp;1IEX;Euronext Global Equity Market;EUR;US;Common Stock;NON;HORS_EEE;émetteur hors EEE (US) : hors du champ du PEA;2026-08-30
US45168D1046;IDEXX Lab;1IDXX;Euronext Global Equity Market;EUR;US;Common Stock;NON;HORS_EEE;émetteur hors EEE (US) : hors du champ du PEA;2026-08-30
US4523081093;Illinois Tool W;1ITW;Euronext Global Equity Market;EUR;US;Common Stock;NON;HORS_EEE;émetteur hors EEE (US) : hors du champ du PEA;2026-08-30
US4523271090;ILLUMINA;4ILMN;EuroTLX | Trading After Hours | Euronext Global Equity Market;EUR;US;Common Stock;NON;HORS_EEE;émetteur hors EEE (US) : hors du champ du PEA;2026-08-30
US4532041096;IMPINJ INC;1PI;Euronext Global Equity Market;EUR;US;Common Stock;NON;HORS_EEE;émetteur hors EEE (US) : hors du champ du PEA;2026-08-30
US45337C1027;INCYTE;2INCY;Trading After Hours | EuroTLX | Euronext Global Equity Market;EUR;US;Common Stock;NON;HORS_EEE;émetteur hors EEE (US) : hors du champ du PEA;2026-08-30
US4576422053;INNODATA INC;1INOD;Euronext Global Equity Market;EUR;US;Common Stock;NON;HORS_EEE;émetteur hors EEE (US) : hors du champ du PEA;2026-08-30
US45765U1034;INSIGHT ENTERPRISE;1NSIT;Euronext Global Equity Market;EUR;US;Common Stock;NON;HORS_EEE;émetteur hors EEE (US) : hors du champ du PEA;2026-08-30
US4576693075;INSMED INC;1INSM;Euronext Global Equity Market;EUR;US;Common Stock;NON;HORS_EEE;émetteur hors EEE (US) : hors du champ du PEA;2026-08-30
US45784P1012;Insulet Corp;1PODD;Euronext Global Equity Market;EUR;US;Common Stock;NON;HORS_EEE;émetteur hors EEE (US) : hors du champ du PEA;2026-08-30
US4581401001;INTEL;1INTC;Euronext Global Equity Market | EuroTLX | Trading After Hours;EUR;US;Common Stock;NON;HORS_EEE;émetteur hors EEE (US) : hors du champ du PEA;2026-08-30
US45841N1072;Interactive;1IBKR;Euronext Global Equity Market;EUR;US;Common Stock;NON;HORS_EEE;émetteur hors EEE (US) : hors du champ du PEA;2026-08-30
US45866F1049;Intercontinental;1ICE;Euronext Global Equity Market;EUR;US;Common Stock;NON;HORS_EEE;émetteur hors EEE (US) : hors du champ du PEA;2026-08-30
US45867G1013;INTERDIGITAL INC;1IDCC;Euronext Global Equity Market;EUR;US;Common Stock;NON;HORS_EEE;émetteur hors EEE (US) : hors du champ du PEA;2026-08-30
US4592001014;IBM;2IBM;Trading After Hours | Euronext Global Equity Market | EuroTLX;EUR;US;Common Stock;NON;HORS_EEE;émetteur hors EEE (US) : hors du champ du PEA;2026-08-30
US4595061015;International F&F;1IFF;Euronext Global Equity Market;EUR;US;Common Stock;NON;HORS_EEE;émetteur hors EEE (US) : hors du champ du PEA;2026-08-30
US4601461035;International P;1IP;Euronext Global Equity Market;EUR;US;Common Stock;NON;HORS_EEE;émetteur hors EEE (US) : hors du champ du PEA;2026-08-30
US4612021034;INTUIT;2INTU;Trading After Hours | EuroTLX | Euronext Global Equity Market;EUR;US;Common Stock;NON;HORS_EEE;émetteur hors EEE (US) : hors du champ du PEA;2026-08-30
US46120E6023;INTUITIVE SURGICAL;4ISRG;EuroTLX | Euronext Global Equity Market | Trading After Hours;EUR;US;Common Stock;NON;HORS_EEE;émetteur hors EEE (US) : hors du champ du PEA;2026-08-30
US4622221004;IONIS PHARMACEUTIC;1IONS;Euronext Global Equity Market;EUR;US;Common Stock;NON;HORS_EEE;émetteur hors EEE (US) : hors du champ du PEA;2026-08-30
US46222L1089;IONQ INC;1IONQ;Euronext Global Equity Market;EUR;US;Common Stock;NON;HORS_EEE;émetteur hors EEE (US) : hors du champ du PEA;2026-08-30
US4622601007;IOVANCE BIOTHERAPE;1IOVA;Euronext Global Equity Market;EUR;US;Common Stock;NON;HORS_EEE;émetteur hors EEE (US) : hors du champ du PEA;2026-08-30
US46266C1053;IQVIA H;1IQV;Euronext Global Equity Market;EUR;US;Common Stock;NON;HORS_EEE;émetteur hors EEE (US) : hors du champ du PEA;2026-08-30
US46269C1027;IRIDIUM COMMUNICAT;1IRDM;Euronext Global Equity Market;EUR;US;Common Stock;NON;HORS_EEE;émetteur hors EEE (US) : hors du champ du PEA;2026-08-30
US4657411066;ITRON INC;1ITRI;Euronext Global Equity Market;EUR;US;Common Stock;NON;HORS_EEE;émetteur hors EEE (US) : hors du champ du PEA;2026-08-30
US46625H1005;J.P. MORGAN CHASE;1JPM;Euronext Global Equity Market | Trading After Hours | EuroTLX;EUR;US;Common Stock;NON;HORS_EEE;émetteur hors EEE (US) : hors du champ du PEA;2026-08-30
US4663131039;Jabil Inc;1JBL;Euronext Global Equity Market;EUR;US;Common Stock;NON;HORS_EEE;émetteur hors EEE (US) : hors du champ du PEA;2026-08-30
US4771431016;JETBLUE AIRWAYS;1JAM;Euronext Global Equity Market | Trading After Hours | EuroTLX;EUR;US;Common Stock;NON;HORS_EEE;émetteur hors EEE (US) : hors du champ du PEA;2026-08-30
US4781601046;JOHNSON & JOHNSON;4JNJ;EuroTLX | Euronext Global Equity Market | Trading After Hours;EUR;US;Common Stock;NON;HORS_EEE;émetteur hors EEE (US) : hors du champ du PEA;2026-08-30
US4824801009;KLA-TENCOR;4KLAC;EuroTLX | Trading After Hours | Euronext Global Equity Market;EUR;US;Common Stock;NON;HORS_EEE;émetteur hors EEE (US) : hors du champ du PEA;2026-08-30
US48251W1045;KKR & Co Inc;1KKR;Euronext Global Equity Market;EUR;US;Common Stock;NON;HORS_EEE;émetteur hors EEE (US) : hors du champ du PEA;2026-08-30
US49177J1025;Kenvue Inc;1KVUE;Euronext Global Equity Market;EUR;US;Common Stock;NON;HORS_EEE;émetteur hors EEE (US) : hors du champ du PEA;2026-08-30
US49271V1008;KEURIG DR PEPPER;2KDP;Trading After Hours | Euronext Global Equity Market | EuroTLX;EUR;US;Common Stock;NON;HORS_EEE;émetteur hors EEE (US) : hors du champ du PEA;2026-08-30
US4932671088;KeyCorp;1KEY;Euronext Global Equity Market;EUR;US;Common Stock;NON;HORS_EEE;émetteur hors EEE (US) : hors du champ du PEA;2026-08-30
US49338L1035;Keysight Tech;1KEYS;Euronext Global Equity Market;EUR;US;Common Stock;NON;HORS_EEE;émetteur hors EEE (US) : hors du champ du PEA;2026-08-30
US4943681035;Kimberly-Clark;1KMB;Euronext Global Equity Market;EUR;US;Common Stock;NON;HORS_EEE;émetteur hors EEE (US) : hors du champ du PEA;2026-08-30
US49456B1017;Kinder Morgan Inc;1KMI;Euronext Global Equity Market;EUR;US;Common Stock;NON;HORS_EEE;émetteur hors EEE (US) : hors du champ du PEA;2026-08-30
US5007541064;THE KRAFT HEINZ;2KHC;Trading After Hours | EuroTLX | Euronext Global Equity Market;EUR;US;Common Stock;NON;HORS_EEE;émetteur hors EEE (US) : hors du champ du PEA;2026-08-30
US50077B2079;KRATOS DEFENSE & S;1KTOS;Euronext Global Equity Market;EUR;US;Common Stock;NON;HORS_EEE;émetteur hors EEE (US) : hors du champ du PEA;2026-08-30
US5010441013;KROGER;1KR;Euronext Global Equity Market | EuroTLX | Trading After Hours;EUR;US;Common Stock;NON;HORS_EEE;émetteur hors EEE (US) : hors du champ du PEA;2026-08-30
US5011471027;KRYSTAL BIOTECH IN;1KRYS;Euronext Global Equity Market;EUR;US;Common Stock;NON;HORS_EEE;émetteur hors EEE (US) : hors du champ du PEA;2026-08-30
US5018892084;LKQ Corp;1LKQ;Euronext Global Equity Market;EUR;US;Common Stock;NON;HORS_EEE;émetteur hors EEE (US) : hors du champ du PEA;2026-08-30
US50212V1008;LPL FINANCIAL HOLD;1LPLA;Euronext Global Equity Market;EUR;US;Common Stock;NON;HORS_EEE;émetteur hors EEE (US) : hors du champ du PEA;2026-08-30
US5024311095;L3Harris Tech;1LHX;Euronext Global Equity Market;EUR;US;Common Stock;NON;HORS_EEE;émetteur hors EEE (US) : hors du champ du PEA;2026-08-30
US5128073062;LAM RESEARCH;4LRCX;EuroTLX | Trading After Hours | Euronext Global Equity Market;EUR;US;Common Stock;NON;HORS_EEE;émetteur hors EEE (US) : hors du champ du PEA;2026-08-30
US5165441032;LANTHEUS HOLDINGS;1LNTH;Euronext Global Equity Market;EUR;US;Common Stock;NON;HORS_EEE;émetteur hors EEE (US) : hors du champ du PEA;2026-08-30
US5178341070;Las Vegas Sands;1LVS;Euronext Global Equity Market;EUR;US;Common Stock;NON;HORS_EEE;émetteur hors EEE (US) : hors du champ du PEA;2026-08-30
US5184151042;LATTICE SEMICONDUC;1LSCC;Euronext Global Equity Market;EUR;US;Common Stock;NON;HORS_EEE;émetteur hors EEE (US) : hors du champ du PEA;2026-08-30
US5184391044;ESTEE LAUDER COMP;2ELX;Trading After Hours | EuroTLX | Euronext Global Equity Market;EUR;US;Common Stock;NON;HORS_EEE;émetteur hors EEE (US) : hors du champ du PEA;2026-08-30
US5253271028;Leidos Hold;1LDOS;Euronext Global Equity Market;EUR;US;Common Stock;NON;HORS_EEE;émetteur hors EEE (US) : hors du champ du PEA;2026-08-30
US5260571048;Lennar Corp;1LEN;Euronext Global Equity Market;EUR;US;Common Stock;NON;HORS_EEE;émetteur hors EEE (US) : hors du champ du PEA;2026-08-30
US5261071071;LENNOX INTERNATION;1LII;Euronext Global Equity Market;EUR;US;Common Stock;NON;HORS_EEE;émetteur hors EEE (US) : hors du champ du PEA;2026-08-30
US52736R1023;LEVI STRAUSS & CO;1LEVI;Euronext Global Equity Market | EuroTLX | Trading After Hours;EUR;US;Common Stock;NON;HORS_EEE;émetteur hors EEE (US) : hors du champ du PEA;2026-08-30
US5312297550;LIBERTY MEDIA CORP;1FWON;Euronext Global Equity Market;EUR;US;Tracking Stk;NON;HORS_EEE;émetteur hors EEE (US) : hors du champ du PEA;2026-08-30
US5324571083;ELI LILLY & COMP;4LLY;EuroTLX | Euronext Global Equity Market | Trading After Hours;EUR;US;Common Stock;NON;HORS_EEE;émetteur hors EEE (US) : hors du champ du PEA;2026-08-30
US5380341090;Live Nation Ent;1LYV;Euronext Global Equity Market;EUR;US;Common Stock;NON;HORS_EEE;émetteur hors EEE (US) : hors du champ du PEA;2026-08-30
US5404241086;Loews Corp;1LOE;Euronext Global Equity Market;EUR;US;Common Stock;NON;HORS_EEE;émetteur hors EEE (US) : hors du champ du PEA;2026-08-30
US5486611073;LOWES COMPANIES;2LOW;Trading After Hours | Euronext Global Equity Market | EuroTLX;EUR;US;Common Stock;NON;HORS_EEE;émetteur hors EEE (US) : hors du champ du PEA;2026-08-30
US5494982029;LUCID GROUP INC;1LCID;Euronext Global Equity Market;EUR;US;Common Stock;NON;HORS_EEE;émetteur hors EEE (US) : hors du champ du PEA;2026-08-30
US5500211090;Lululemon Athl;1LUL;Euronext Global Equity Market;EUR;US;Common Stock;NON;HORS_EEE;émetteur hors EEE (US) : hors du champ du PEA;2026-08-30
US5502411037;LUMEN TECHNOLOGIES;4CYTH;EuroTLX | Trading After Hours | Euronext Global Equity Market;EUR;US;Common Stock;NON;HORS_EEE;émetteur hors EEE (US) : hors du champ du PEA;2026-08-30
US55024U1097;LUMENTUM HOLDINGS;4LITE;EuroTLX | Euronext Global Equity Market | Trading After Hours;EUR;US;Common Stock;NON;HORS_EEE;émetteur hors EEE (US) : hors du champ du PEA;2026-08-30
US55087P1049;LYFT;2LYFT;Trading After Hours | Euronext Global Equity Market | EuroTLX;EUR;US;Common Stock;NON;HORS_EEE;émetteur hors EEE (US) : hors du champ du PEA;2026-08-30
US5529531015;MGM Resorts Int;1MGM;Euronext Global Equity Market;EUR;US;Common Stock;NON;HORS_EEE;émetteur hors EEE (US) : hors du champ du PEA;2026-08-30
US55306N1046;MKS INSTRUMENTS IN;1MKSI;Euronext Global Equity Market;EUR;US;Common Stock;NON;HORS_EEE;émetteur hors EEE (US) : hors du champ du PEA;2026-08-30
US5533681012;MP MATERIALS CORP;1MP;Euronext Global Equity Market;EUR;US;Common Stock;NON;HORS_EEE;émetteur hors EEE (US) : hors du champ du PEA;2026-08-30
US55354G1004;MSCI Inc;1MSCI;Euronext Global Equity Market;EUR;US;Common Stock;NON;HORS_EEE;émetteur hors EEE (US) : hors du champ du PEA;2026-08-30
US55616P1049;MACYS;4FDO;EuroTLX | Trading After Hours | Euronext Global Equity Market;EUR;US;Common Stock;NON;HORS_EEE;émetteur hors EEE (US) : hors du champ du PEA;2026-08-30
US5588681057;MADRIGAL PHARMACEU;1MDGL;Euronext Global Equity Market;EUR;US;Common Stock;NON;HORS_EEE;émetteur hors EEE (US) : hors du champ du PEA;2026-08-30
US55955D1000;MAGNITE INC;1MGNI;Euronext Global Equity Market;EUR;US;Common Stock;NON;HORS_EEE;émetteur hors EEE (US) : hors du champ du PEA;2026-08-30
US5657881067;MARA HOLDINGS;2MARA;Trading After Hours | Euronext Global Equity Market;EUR;US;Common Stock;NON;HORS_EEE;émetteur hors EEE (US) : hors du champ du PEA;2026-08-30
US56585A1025;MARATHON PETROLEUM;4MPC;EuroTLX | Trading After Hours | Euronext Global Equity Market;EUR;US;Common Stock;NON;HORS_EEE;émetteur hors EEE (US) : hors du champ du PEA;2026-08-30
US5717481023;MARSH;1MMC;Euronext Global Equity Market;EUR;US;Common Stock;NON;HORS_EEE;émetteur hors EEE (US) : hors du champ du PEA;2026-08-30
US5719032022;MARRIOTT INTERN;1MAR;Euronext Global Equity Market | EuroTLX | Trading After Hours;EUR;US;Common Stock;NON;HORS_EEE;émetteur hors EEE (US) : hors du champ du PEA;2026-08-30
US5732841060;Martin Marietta;1MLM;Euronext Global Equity Market;EUR;US;Common Stock;NON;HORS_EEE;émetteur hors EEE (US) : hors du champ du PEA;2026-08-30
US5738741041;MARVELL TECHNOLOGY;49MW;EuroTLX | Trading After Hours | Euronext Global Equity Market;EUR;US;Common Stock;NON;HORS_EEE;émetteur hors EEE (US) : hors du champ du PEA;2026-08-30
US5763231090;MASTEC INC;1MTZ;Euronext Global Equity Market;EUR;US;Common Stock;NON;HORS_EEE;émetteur hors EEE (US) : hors du champ du PEA;2026-08-30
US57636Q1040;MASTERCARD;1MA;Euronext Global Equity Market | Trading After Hours | EuroTLX;EUR;US;Common Stock;NON;HORS_EEE;émetteur hors EEE (US) : hors du champ du PEA;2026-08-30
US57667L1070;Match Group Inc;1MTCH;Euronext Global Equity Market;EUR;US;Common Stock;NON;HORS_EEE;émetteur hors EEE (US) : hors du champ du PEA;2026-08-30
US5770811025;MATTEL;2MAT;Trading After Hours | EuroTLX | Euronext Global Equity Market;EUR;US;Common Stock;NON;HORS_EEE;émetteur hors EEE (US) : hors du champ du PEA;2026-08-30
US5797802064;McCormick & Co;1MKC;Euronext Global Equity Market;EUR;US;Common Stock;NON;HORS_EEE;émetteur hors EEE (US) : hors du champ du PEA;2026-08-30
US5801351017;MCDONALD'S;4MCD;EuroTLX | Euronext Global Equity Market | Trading After Hours;EUR;US;Common Stock;NON;HORS_EEE;émetteur hors EEE (US) : hors du champ du PEA;2026-08-30
US58039P3055;MCEWEN;2MUX;Trading After Hours | EuroTLX | Euronext Global Equity Market;EUR;US;Common Stock;NON;HORS_EEE;émetteur hors EEE (US) : hors du champ du PEA;2026-08-30
US58155Q1031;McKesson Corp;1MCK;Euronext Global Equity Market;EUR;US;Common Stock;NON;HORS_EEE;émetteur hors EEE (US) : hors du champ du PEA;2026-08-30
US58506Q1094;MEDPACE HOLDINGS I;1MEDP;Euronext Global Equity Market;EUR;US;Common Stock;NON;HORS_EEE;émetteur hors EEE (US) : hors du champ du PEA;2026-08-30
US58733R1023;MercadoLibre Inc;1MELI;Euronext Global Equity Market;EUR;US;Common Stock;NON;HORS_EEE;émetteur hors EEE (US) : hors du champ du PEA;2026-08-30
US58933Y1055;MERCK & CO.;1MRKX;Euronext Global Equity Market | EuroTLX | Trading After Hours;EUR;US;Common Stock;NON;HORS_EEE;émetteur hors EEE (US) : hors du champ du PEA;2026-08-30
US59156R1086;MetLife Inc;1MET;Euronext Global Equity Market;EUR;US;Common Stock;NON;HORS_EEE;émetteur hors EEE (US) : hors du champ du PEA;2026-08-30
US5926881054;Mettler-Toledo Int;1MTD;Euronext Global Equity Market;EUR;US;Common Stock;NON;HORS_EEE;émetteur hors EEE (US) : hors du champ du PEA;2026-08-30
US5949181045;MICROSOFT CORP;4MSFT;EuroTLX | Trading After Hours | Euronext Global Equity Market;EUR;US;Common Stock;NON;HORS_EEE;émetteur hors EEE (US) : hors du champ du PEA;2026-08-30
US5949724083;Strategy;2MSTR;Trading After Hours | EuroTLX | Euronext Global Equity Market;EUR;US;Common Stock;NON;HORS_EEE;émetteur hors EEE (US) : hors du champ du PEA;2026-08-30
US5950171042;MICROCHIP TECHNOL;4MCHP;EuroTLX | Trading After Hours | Euronext Global Equity Market;EUR;US;Common Stock;NON;HORS_EEE;émetteur hors EEE (US) : hors du champ du PEA;2026-08-30
US5951121038;MICRON TECHNOLOGY;2MT;Trading After Hours | Euronext Global Equity Market | EuroTLX;EUR;US;Common Stock;NON;HORS_EEE;émetteur hors EEE (US) : hors du champ du PEA;2026-08-30
US60770K1079;MODERNA;4MRNA;EuroTLX | Trading After Hours | Euronext Global Equity Market;EUR;US;Common Stock;NON;HORS_EEE;émetteur hors EEE (US) : hors du champ du PEA;2026-08-30
US6078281002;MODINE MANUFACTURI;1MOD;Euronext Global Equity Market;EUR;US;Common Stock;NON;HORS_EEE;émetteur hors EEE (US) : hors du champ du PEA;2026-08-30
US6081901042;Mohawk Ind;1MHK;Euronext Global Equity Market;EUR;US;Common Stock;NON;HORS_EEE;émetteur hors EEE (US) : hors du champ du PEA;2026-08-30
US60855R1005;Molina Healthcare;1MOH;Euronext Global Equity Market;EUR;US;Common Stock;NON;HORS_EEE;émetteur hors EEE (US) : hors du champ du PEA;2026-08-30
US60871R2094;Molson Coors Bev;1TAP;Euronext Global Equity Market;EUR;US;Common Stock;NON;HORS_EEE;émetteur hors EEE (US) : hors du champ du PEA;2026-08-30
US6092071058;MONDELEZ INTERN;2MDLZ;Trading After Hours | EuroTLX | Euronext Global Equity Market;EUR;US;Common Stock;NON;HORS_EEE;émetteur hors EEE (US) : hors du champ du PEA;2026-08-30
US60937P1066;MongoDB Inc;1MDB;Euronext Global Equity Market;EUR;US;Common Stock;NON;HORS_EEE;émetteur hors EEE (US) : hors du champ du PEA;2026-08-30
US6098391054;Monolithic Power;1MPWR;Euronext Global Equity Market;EUR;US;Common Stock;NON;HORS_EEE;émetteur hors EEE (US) : hors du champ du PEA;2026-08-30
US61174X1090;Monster Beverage;1MNST;Euronext Global Equity Market;EUR;US;Common Stock;NON;HORS_EEE;émetteur hors EEE (US) : hors du champ du PEA;2026-08-30
US6153691059;Moody's Corp;1MCO;Euronext Global Equity Market;EUR;US;Common Stock;NON;HORS_EEE;émetteur hors EEE (US) : hors du champ du PEA;2026-08-30
US6174464486;MORGAN STANLEY;1MS;Euronext Global Equity Market | Trading After Hours | EuroTLX;EUR;US;Common Stock;NON;HORS_EEE;émetteur hors EEE (US) : hors du champ du PEA;2026-08-30
US61945C1036;Mosaic Co/The;1MOS;Euronext Global Equity Market;EUR;US;Common Stock;NON;HORS_EEE;émetteur hors EEE (US) : hors du champ du PEA;2026-08-30
US6200763075;MOTOROLA SOLUTIONS;2MSI;Trading After Hours | EuroTLX | Euronext Global Equity Market;EUR;US;Common Stock;NON;HORS_EEE;émetteur hors EEE (US) : hors du champ du PEA;2026-08-30
US6293775085;NRG Energy Inc;1NRG;Euronext Global Equity Market;EUR;US;Common Stock;NON;HORS_EEE;émetteur hors EEE (US) : hors du champ du PEA;2026-08-30
US62944T1051;NVR Inc;1NVR;Euronext Global Equity Market;EUR;US;Common Stock;NON;HORS_EEE;émetteur hors EEE (US) : hors du champ du PEA;2026-08-30
US6311031081;Nasdaq Inc;1NDAQ;Euronext Global Equity Market;EUR;US;Common Stock;NON;HORS_EEE;émetteur hors EEE (US) : hors du champ du PEA;2026-08-30
US64110D1046;NetApp Inc;1NTAP;Euronext Global Equity Market;EUR;US;Common Stock;NON;HORS_EEE;émetteur hors EEE (US) : hors du champ du PEA;2026-08-30
US64110L1061;NETFLIX;2NFLX;Trading After Hours | EuroTLX | Euronext Global Equity Market;EUR;US;Common Stock;NON;HORS_EEE;émetteur hors EEE (US) : hors du champ du PEA;2026-08-30
US64125C1099;NEUROCRINE BIOSCIE;1NBIX;Euronext Global Equity Market;EUR;US;Common Stock;NON;HORS_EEE;émetteur hors EEE (US) : hors du champ du PEA;2026-08-30
US64125S1042;NEUTRON HOLDINGS;2LIME;Trading After Hours | Euronext Global Equity Market;EUR;US;Common Stock;NON;HORS_EEE;émetteur hors EEE (US) : hors du champ du PEA;2026-08-30
US6512291062;NEWELL BRANDS INC;1NWL;Euronext Global Equity Market;EUR;US;Common Stock;NON;HORS_EEE;émetteur hors EEE (US) : hors du champ du PEA;2026-08-30
US6516391066;NEWMONT;1NEM;Euronext Global Equity Market | Trading After Hours | EuroTLX;EUR;US;Common Stock;NON;HORS_EEE;émetteur hors EEE (US) : hors du champ du PEA;2026-08-30
US65249B1098;News Corp;1NWSA;Euronext Global Equity Market;EUR;US;Common Stock;NON;HORS_EEE;émetteur hors EEE (US) : hors du champ du PEA;2026-08-30
US65249B2088;News Corp B;1NWS;Euronext Global Equity Market;EUR;US;Common Stock;NON;HORS_EEE;émetteur hors EEE (US) : hors du champ du PEA;2026-08-30
US65336K1034;NEXSTAR MEDIA GROU;1NXST;Euronext Global Equity Market;EUR;US;Common Stock;NON;HORS_EEE;émetteur hors EEE (US) : hors du champ du PEA;2026-08-30
US65339F1012;NextEra Energy;4NEE;EuroTLX | Trading After Hours | Euronext Global Equity Market;EUR;US;Common Stock;NON;HORS_EEE;émetteur hors EEE (US) : hors du champ du PEA;2026-08-30
US6541061031;NIKE;1NKE;Euronext Global Equity Market | EuroTLX | Trading After Hours;EUR;US;Common Stock;NON;HORS_EEE;émetteur hors EEE (US) : hors du champ du PEA;2026-08-30
US65473P1057;NiSource Inc;1NIS;Euronext Global Equity Market;EUR;US;Common Stock;NON;HORS_EEE;émetteur hors EEE (US) : hors du champ du PEA;2026-08-30
US6556631025;Nordson Corp;1NDSN;Euronext Global Equity Market;EUR;US;Common Stock;NON;HORS_EEE;émetteur hors EEE (US) : hors du champ du PEA;2026-08-30
US6658591044;Northern Trust;1NTRS;Euronext Global Equity Market;EUR;US;Common Stock;NON;HORS_EEE;émetteur hors EEE (US) : hors du champ du PEA;2026-08-30
US6668071029;NORTHROP GRUMMAN;1NOC;Euronext Global Equity Market | EuroTLX | Trading After Hours;EUR;US;Common Stock;NON;HORS_EEE;émetteur hors EEE (US) : hors du champ du PEA;2026-08-30
US6687711084;GEN DIGITAL;1NLOK;Euronext Global Equity Market | EuroTLX | Trading After Hours;EUR;US;Common Stock;NON;HORS_EEE;émetteur hors EEE (US) : hors du champ du PEA;2026-08-30
US6703461052;Nucor Corp;1NUE;Euronext Global Equity Market;EUR;US;Common Stock;NON;HORS_EEE;émetteur hors EEE (US) : hors du champ du PEA;2026-08-30
US67066G1040;NVIDIA CORP;2NVDA;Trading After Hours | EuroTLX | Euronext Global Equity Market;EUR;US;Common Stock;NON;HORS_EEE;émetteur hors EEE (US) : hors du champ du PEA;2026-08-30
US67103H1077;O'Reilly Auto;1ORLY;Euronext Global Equity Market;EUR;US;Common Stock;NON;HORS_EEE;émetteur hors EEE (US) : hors du champ du PEA;2026-08-30
US6745991058;OCCIDENTAL PETR;1OXY;Euronext Global Equity Market | Trading After Hours | EuroTLX;EUR;US;Common Stock;NON;HORS_EEE;émetteur hors EEE (US) : hors du champ du PEA;2026-08-30
US6792951054;OKTA INC;1OKTA;Euronext Global Equity Market;EUR;US;Common Stock;NON;HORS_EEE;émetteur hors EEE (US) : hors du champ du PEA;2026-08-30
US6795801009;Old Dominion;1ODFL;Euronext Global Equity Market;EUR;US;Common Stock;NON;HORS_EEE;émetteur hors EEE (US) : hors du champ du PEA;2026-08-30
US6819191064;Omnicom Group Inc;1OMC;Euronext Global Equity Market;EUR;US;Common Stock;NON;HORS_EEE;émetteur hors EEE (US) : hors du champ du PEA;2026-08-30
US6821891057;ON Semiconductor;1ON;Euronext Global Equity Market | Trading After Hours;EUR;US;Common Stock;NON;HORS_EEE;émetteur hors EEE (US) : hors du champ du PEA;2026-08-30
US68236H2040;Ondas Inc;1ONDS;Euronext Global Equity Market;EUR;US;Common Stock;NON;HORS_EEE;émetteur hors EEE (US) : hors du champ du PEA;2026-08-30
US6826801036;ONEOK;1OKE;Euronext Global Equity Market | Trading After Hours | EuroTLX;EUR;US;Common Stock;NON;HORS_EEE;émetteur hors EEE (US) : hors du champ du PEA;2026-08-30
US6837121036;OPENDOOR TECHNOLOG;1OPEN;Euronext Global Equity Market;EUR;US;Common Stock;NON;HORS_EEE;émetteur hors EEE (US) : hors du champ du PEA;2026-08-30
US68389X1054;ORACLE;1ORCL;Euronext Global Equity Market | Trading After Hours | EuroTLX;EUR;US;Common Stock;NON;HORS_EEE;émetteur hors EEE (US) : hors du champ du PEA;2026-08-30
US68404L2016;OPTION CARE HEALTH;1OPCH;Euronext Global Equity Market;EUR;US;Common Stock;NON;HORS_EEE;émetteur hors EEE (US) : hors du champ du PEA;2026-08-30
US68622V1061;ORGANON & CO.;1OGN;Euronext Global Equity Market | EuroTLX | Trading After Hours;EUR;US;Common Stock;NON;HORS_EEE;émetteur hors EEE (US) : hors du champ du PEA;2026-08-30
US6877931096;OSCAR HEALTH CL A;1OSCR;Euronext Global Equity Market;EUR;US;Common Stock;NON;HORS_EEE;émetteur hors EEE (US) : hors du champ du PEA;2026-08-30
US68902V1070;Otis Worldwide;1OTIS;Euronext Global Equity Market;EUR;US;Common Stock;NON;HORS_EEE;émetteur hors EEE (US) : hors du champ du PEA;2026-08-30
US6907421019;OWENS CORNING;1OWC;Euronext Global Equity Market;EUR;US;Common Stock;NON;HORS_EEE;émetteur hors EEE (US) : hors du champ du PEA;2026-08-30
US69331C1080;PG&E;4PCG;EuroTLX | Trading After Hours | Euronext Global Equity Market;EUR;US;Common Stock;NON;HORS_EEE;émetteur hors EEE (US) : hors du champ du PEA;2026-08-30
US6935061076;PPG INDUSTRIES;2PPG;Trading After Hours | Euronext Global Equity Market | EuroTLX;EUR;US;Common Stock;NON;HORS_EEE;émetteur hors EEE (US) : hors du champ du PEA;2026-08-30
US69351T1060;PPL;4PPL;EuroTLX | Trading After Hours | Euronext Global Equity Market;EUR;US;Common Stock;NON;HORS_EEE;émetteur hors EEE (US) : hors du champ du PEA;2026-08-30
US69355L1098;PPLA European Unit;PPLA;Euronext Amsterdam;EUR;US;Unit;NON;HORS_EEE;émetteur hors EEE (US) : hors du champ du PEA;2026-08-30
US6937181088;PACCAR Inc;1PCAR;Euronext Global Equity Market;EUR;US;Common Stock;NON;HORS_EEE;émetteur hors EEE (US) : hors du champ du PEA;2026-08-30
US6951561090;Packaging;1PKG;Euronext Global Equity Market;EUR;US;Common Stock;NON;HORS_EEE;émetteur hors EEE (US) : hors du champ du PEA;2026-08-30
US69608A1088;PALANTIR TECHNOL;2PLTR;Trading After Hours | EuroTLX | Euronext Global Equity Market;EUR;US;Common Stock;NON;HORS_EEE;émetteur hors EEE (US) : hors du champ du PEA;2026-08-30
US6974351057;Palo Alto Networks;1PANW;Euronext Global Equity Market | EuroTLX | Trading After Hours;EUR;US;Common Stock;NON;HORS_EEE;émetteur hors EEE (US) : hors du champ du PEA;2026-08-30
US6988131024;PAPA JOHN'S INTL I;1PZZA;Euronext Global Equity Market;EUR;US;Common Stock;NON;HORS_EEE;émetteur hors EEE (US) : hors du champ du PEA;2026-08-30
US7010941042;PARKER HANNIFIN;2PH;Trading After Hours | Euronext Global Equity Market | EuroTLX;EUR;US;Common Stock;NON;HORS_EEE;émetteur hors EEE (US) : hors du champ du PEA;2026-08-30
US7043261079;Paychex Inc;1PAYX;Euronext Global Equity Market;EUR;US;Common Stock;NON;HORS_EEE;émetteur hors EEE (US) : hors du champ du PEA;2026-08-30
US70432V1026;Paycom Software;1PAYC;Euronext Global Equity Market;EUR;US;Common Stock;NON;HORS_EEE;émetteur hors EEE (US) : hors du champ du PEA;2026-08-30
US70438V1061;PAYLOCITY HOLDING;1PCTY;Euronext Global Equity Market;EUR;US;Common Stock;NON;HORS_EEE;émetteur hors EEE (US) : hors du champ du PEA;2026-08-30
US70450Y1038;PAYPAL;1PYPL;Euronext Global Equity Market | EuroTLX | Trading After Hours;EUR;US;Common Stock;NON;HORS_EEE;émetteur hors EEE (US) : hors du champ du PEA;2026-08-30
US7055731035;PEGASYSTEMS INC;1PEGA;Euronext Global Equity Market;EUR;US;Common Stock;NON;HORS_EEE;émetteur hors EEE (US) : hors du champ du PEA;2026-08-30
US70614W1009;PELOTON INTERACTIV;4PTON;EuroTLX | Trading After Hours | Euronext Global Equity Market;EUR;US;Common Stock;NON;HORS_EEE;émetteur hors EEE (US) : hors du champ du PEA;2026-08-30
US7134481081;PEPSICO;4PEP;EuroTLX | Trading After Hours | Euronext Global Equity Market;EUR;US;Common Stock;NON;HORS_EEE;émetteur hors EEE (US) : hors du champ du PEA;2026-08-30
US7170811035;PFIZER;4PFE;EuroTLX | Trading After Hours | Euronext Global Equity Market;EUR;US;Common Stock;NON;HORS_EEE;émetteur hors EEE (US) : hors du champ du PEA;2026-08-30
US7181721090;PHILIP MORRIS INT;2PM;Trading After Hours | EuroTLX | Euronext Global Equity Market;EUR;US;Common Stock;NON;HORS_EEE;émetteur hors EEE (US) : hors du champ du PEA;2026-08-30
US7185461040;PHILLIPS 66;2PSX;Trading After Hours | Euronext Global Equity Market | EuroTLX;EUR;US;Common Stock;NON;HORS_EEE;émetteur hors EEE (US) : hors du champ du PEA;2026-08-30
US72147K1088;PILGRIM'S PRIDE CO;1PPC;Euronext Global Equity Market;EUR;US;Common Stock;NON;HORS_EEE;émetteur hors EEE (US) : hors du champ du PEA;2026-08-30
US72703X1063;PLANET LABS PBC;1PLL;Euronext Global Equity Market;EUR;US;Common Stock;NON;HORS_EEE;émetteur hors EEE (US) : hors du champ du PEA;2026-08-30
US72919P2020;PLUG POWER;2PLUG;Trading After Hours | EuroTLX | Euronext Global Equity Market;EUR;US;Common Stock;NON;HORS_EEE;émetteur hors EEE (US) : hors du champ du PEA;2026-08-30
US73278L1052;Pool Corp;1POOL;Euronext Global Equity Market;EUR;US;Common Stock;NON;HORS_EEE;émetteur hors EEE (US) : hors du champ du PEA;2026-08-30
US7391281067;POWELL INDUSTRIES;1POWL;Euronext Global Equity Market;EUR;US;Common Stock;NON;HORS_EEE;émetteur hors EEE (US) : hors du champ du PEA;2026-08-30
US74144T1088;T ROWE PRICE GROUP;2TROW;Trading After Hours | Euronext Global Equity Market | EuroTLX;EUR;US;Common Stock;NON;HORS_EEE;émetteur hors EEE (US) : hors du champ du PEA;2026-08-30
US7427181091;PROCTER & GAMBLE;4PG;EuroTLX | Euronext Global Equity Market | Trading After Hours;EUR;US;Common Stock;NON;HORS_EEE;émetteur hors EEE (US) : hors du champ du PEA;2026-08-30
US7433151039;Progressive;1PGR;Euronext Global Equity Market;EUR;US;Common Stock;NON;HORS_EEE;émetteur hors EEE (US) : hors du champ du PEA;2026-08-30
US74340W1036;PROLOGIS REIT;2PLD;Trading After Hours | Euronext Global Equity Market | EuroTLX;EUR;US;REIT;NON;REGIME_FONCIER;foncière cotée (SIIC ou régime européen équivalent) : exclue du PEA depuis le 21 octobre 2011;2026-08-30
US7443201022;PRUDENTIAL FIN;4PRU;EuroTLX | Trading After Hours | Euronext Global Equity Market;EUR;US;Common Stock;NON;HORS_EEE;émetteur hors EEE (US) : hors du champ du PEA;2026-08-30
US7445731067;Public Service Ent;1PEG;Euronext Global Equity Market;EUR;US;Common Stock;NON;HORS_EEE;émetteur hors EEE (US) : hors du champ du PEA;2026-08-30
US74624M1027;EVERPURE;1PSTG;Euronext Global Equity Market;EUR;US;Common Stock;NON;HORS_EEE;émetteur hors EEE (US) : hors du champ du PEA;2026-08-30
US74736K1016;Qorvo Inc;1QRVO;Euronext Global Equity Market;EUR;US;Common Stock;NON;HORS_EEE;émetteur hors EEE (US) : hors du champ du PEA;2026-08-30
US7475251036;QUALCOMM;1QCOM;Euronext Global Equity Market | EuroTLX | Trading After Hours;EUR;US;Common Stock;NON;HORS_EEE;émetteur hors EEE (US) : hors du champ du PEA;2026-08-30
US74758T3032;QUALYS INC;1QLYS;Euronext Global Equity Market;EUR;US;Common Stock;NON;HORS_EEE;émetteur hors EEE (US) : hors du champ du PEA;2026-08-30
US74762E1029;Quanta Services;1PWR;Euronext Global Equity Market;EUR;US;Common Stock;NON;HORS_EEE;émetteur hors EEE (US) : hors du champ du PEA;2026-08-30
US74834L1008;Quest Diagnostic;1QDX;Euronext Global Equity Market;EUR;US;Common Stock;NON;HORS_EEE;émetteur hors EEE (US) : hors du champ du PEA;2026-08-30
US74967X1037;RH;1RH;Euronext Global Equity Market;EUR;US;Common Stock;NON;HORS_EEE;émetteur hors EEE (US) : hors du champ du PEA;2026-08-30
US7509171069;RAMBUS INC;1RMBS;Euronext Global Equity Market;EUR;US;Common Stock;NON;HORS_EEE;émetteur hors EEE (US) : hors du champ du PEA;2026-08-30
US7512121010;Ralph Lauren Corp;1RLA;Euronext Global Equity Market;EUR;US;Common Stock;NON;HORS_EEE;émetteur hors EEE (US) : hors du champ du PEA;2026-08-30
US7547301090;Raymond James Fin;1RJF;Euronext Global Equity Market;EUR;US;Common Stock;NON;HORS_EEE;émetteur hors EEE (US) : hors du champ du PEA;2026-08-30
US75513E1010;RTX Corp;1RTX;Euronext Global Equity Market;EUR;US;Common Stock;NON;HORS_EEE;émetteur hors EEE (US) : hors du champ du PEA;2026-08-30
US75644T1007;RED CAT HOLDINGS I;1RCAT;Euronext Global Equity Market;EUR;US;Common Stock;NON;HORS_EEE;émetteur hors EEE (US) : hors du champ du PEA;2026-08-30
US75734B1008;Reddit Inc;2RDDT;Trading After Hours | Euronext Global Equity Market;EUR;US;Common Stock;NON;HORS_EEE;émetteur hors EEE (US) : hors du champ du PEA;2026-08-30
US75886F1075;REGENERON PHARMA;4REGN;EuroTLX | Euronext Global Equity Market | Trading After Hours;EUR;US;Common Stock;NON;HORS_EEE;émetteur hors EEE (US) : hors du champ du PEA;2026-08-30
US7591EP1005;Regions Financial;1RFU;Euronext Global Equity Market;EUR;US;Common Stock;NON;HORS_EEE;émetteur hors EEE (US) : hors du champ du PEA;2026-08-30
US7599161095;REPLIGEN CORP;1RGEN;Euronext Global Equity Market;EUR;US;Common Stock;NON;HORS_EEE;émetteur hors EEE (US) : hors du champ du PEA;2026-08-30
US7607591002;Republic Services;1RSG;Euronext Global Equity Market;EUR;US;Common Stock;NON;HORS_EEE;émetteur hors EEE (US) : hors du champ du PEA;2026-08-30
US7611521078;ResMed Inc;1RMD;Euronext Global Equity Market;EUR;US;Common Stock;NON;HORS_EEE;émetteur hors EEE (US) : hors du champ du PEA;2026-08-30
US76155X1000;REVOLUTION MEDICIN;1RVMD;Euronext Global Equity Market;EUR;US;Common Stock;NON;HORS_EEE;émetteur hors EEE (US) : hors du champ du PEA;2026-08-30
US76655K1034;RIGETTI COMPUTING;1RGTI;Euronext Global Equity Market;EUR;US;Common Stock;NON;HORS_EEE;émetteur hors EEE (US) : hors du champ du PEA;2026-08-30
US7672921050;Riot Platforms;1RIOT;Euronext Global Equity Market;EUR;US;Common Stock;NON;HORS_EEE;émetteur hors EEE (US) : hors du champ du PEA;2026-08-30
US76954A1034;RIVIAN AUTOMOTIVE;1RIVN;Euronext Global Equity Market;EUR;US;Common Stock;NON;HORS_EEE;émetteur hors EEE (US) : hors du champ du PEA;2026-08-30
US7707001027;ROBINHOOD MARKETS;4HOOD;EuroTLX | Trading After Hours | Euronext Global Equity Market;EUR;US;Common Stock;NON;HORS_EEE;émetteur hors EEE (US) : hors du champ du PEA;2026-08-30
US7731211089;ROCKET LAB CORP;1RKLB;Euronext Global Equity Market;EUR;US;Common Stock;NON;HORS_EEE;émetteur hors EEE (US) : hors du champ du PEA;2026-08-30
US7739031091;ROCKWELL AUTO;4ROK;EuroTLX | Euronext Global Equity Market | Trading After Hours;EUR;US;Common Stock;NON;HORS_EEE;émetteur hors EEE (US) : hors du champ du PEA;2026-08-30
US77543R1023;ROKU;2ROKU;Trading After Hours | Euronext Global Equity Market | EuroTLX;EUR;US;Common Stock;NON;HORS_EEE;émetteur hors EEE (US) : hors du champ du PEA;2026-08-30
US7757111049;Rollins Inc;1ROL;Euronext Global Equity Market;EUR;US;Common Stock;NON;HORS_EEE;émetteur hors EEE (US) : hors du champ du PEA;2026-08-30
US7766961061;Roper Technologies;1ROP;Euronext Global Equity Market;EUR;US;Common Stock;NON;HORS_EEE;émetteur hors EEE (US) : hors du champ du PEA;2026-08-30
US7782961038;Ross Stores Inc;1ROST;Euronext Global Equity Market;EUR;US;Common Stock;NON;HORS_EEE;émetteur hors EEE (US) : hors du champ du PEA;2026-08-30
US7802871084;ROYAL GOLD INC;1RGLD;Euronext Global Equity Market;EUR;US;Common Stock;NON;HORS_EEE;émetteur hors EEE (US) : hors du champ du PEA;2026-08-30
US7811541090;RUBRIK INC-A;1RBRK;Euronext Global Equity Market;EUR;US;Common Stock;NON;HORS_EEE;émetteur hors EEE (US) : hors du champ du PEA;2026-08-30
US78409V1044;S&P Global Inc;1SPGI;Euronext Global Equity Market;EUR;US;Common Stock;NON;HORS_EEE;émetteur hors EEE (US) : hors du champ du PEA;2026-08-30
US78435P1057;SEZZLE INC;1SEZL;Euronext Global Equity Market;EUR;US;Common Stock;NON;HORS_EEE;émetteur hors EEE (US) : hors du champ du PEA;2026-08-30
US78463M1071;SPS COMMERCE INC;1SPSC;Euronext Global Equity Market;EUR;US;Common Stock;NON;HORS_EEE;émetteur hors EEE (US) : hors du champ du PEA;2026-08-30
US78574H1041;SABLE OFFSHORE COR;1SOC;Euronext Global Equity Market;EUR;US;Common Stock;NON;HORS_EEE;émetteur hors EEE (US) : hors du champ du PEA;2026-08-30
US79466L3024;SALESFORCE;1CRM;Euronext Global Equity Market | Trading After Hours | EuroTLX;EUR;US;Common Stock;NON;HORS_EEE;émetteur hors EEE (US) : hors du champ du PEA;2026-08-30
US8036071004;SAREPTA THERAPEUTI;1SRPT;Euronext Global Equity Market;EUR;US;Common Stock;NON;HORS_EEE;émetteur hors EEE (US) : hors du champ du PEA;2026-08-30
US8064071025;Henry Schein Inc;1HSIC;Euronext Global Equity Market;EUR;US;Common Stock;NON;HORS_EEE;émetteur hors EEE (US) : hors du champ du PEA;2026-08-30
US8085131055;Charles Schwab;1SCHW;Euronext Global Equity Market;EUR;US;Common Stock;NON;HORS_EEE;émetteur hors EEE (US) : hors du champ du PEA;2026-08-30
US8168501018;SEMTECH CORP;1SMTC;Euronext Global Equity Market;EUR;US;Common Stock;NON;HORS_EEE;émetteur hors EEE (US) : hors du champ du PEA;2026-08-30
US8168511090;Sempra;1SRE;Euronext Global Equity Market;EUR;US;Common Stock;NON;HORS_EEE;émetteur hors EEE (US) : hors du champ du PEA;2026-08-30
US81730H1095;SENTINELONE CLASS;1SUS;Euronext Global Equity Market;EUR;US;Common Stock;NON;HORS_EEE;émetteur hors EEE (US) : hors du champ du PEA;2026-08-30
US81762P1021;SERVICENOW;2NOW;Trading After Hours | EuroTLX | Euronext Global Equity Market;EUR;US;Common Stock;NON;HORS_EEE;émetteur hors EEE (US) : hors du champ du PEA;2026-08-30
US8243481061;SHERWIN-WILLIAMS;4SHW;EuroTLX | Trading After Hours | Euronext Global Equity Market;EUR;US;Common Stock;NON;HORS_EEE;émetteur hors EEE (US) : hors du champ du PEA;2026-08-30
US8288061091;SIMON PROPERTY GR;2SPG;Trading After Hours | Euronext Global Equity Market | EuroTLX;EUR;US;REIT;NON;REGIME_FONCIER;foncière cotée (SIIC ou régime européen équivalent) : exclue du PEA depuis le 21 octobre 2011;2026-08-30
US82935V4068;SINGULARITY FUTURE;2SGLY;Trading After Hours | Euronext Global Equity Market;EUR;US;Common Stock;NON;HORS_EEE;émetteur hors EEE (US) : hors du champ du PEA;2026-08-30
US8308791024;SKYWEST INC;1SKYW;Euronext Global Equity Market;EUR;US;Common Stock;NON;HORS_EEE;émetteur hors EEE (US) : hors du champ du PEA;2026-08-30
US83088M1027;SKYWORKS SOLUTIONS;1SWKS;Euronext Global Equity Market | EuroTLX | Trading After Hours;EUR;US;Common Stock;NON;HORS_EEE;émetteur hors EEE (US) : hors du champ du PEA;2026-08-30
US8326964058;J M Smucker;1SJM;Euronext Global Equity Market;EUR;US;Common Stock;NON;HORS_EEE;émetteur hors EEE (US) : hors du champ du PEA;2026-08-30
US8330341012;Snap-on Inc;1SNA;Euronext Global Equity Market;EUR;US;Common Stock;NON;HORS_EEE;émetteur hors EEE (US) : hors du champ du PEA;2026-08-30
US83304A1060;SNAP - CLASSE A;1SNAP;Euronext Global Equity Market | EuroTLX | Trading After Hours;EUR;US;Common Stock;NON;HORS_EEE;émetteur hors EEE (US) : hors du champ du PEA;2026-08-30
US8334451098;SNOWFLAKE;1SNOW;Euronext Global Equity Market | EuroTLX | Trading After Hours;EUR;US;Common Stock;NON;HORS_EEE;émetteur hors EEE (US) : hors du champ du PEA;2026-08-30
US83406F1021;SOFI TECHNOLOGIES;1SOFI;Euronext Global Equity Market;EUR;US;Common Stock;NON;HORS_EEE;émetteur hors EEE (US) : hors du champ du PEA;2026-08-30
US83444M1018;Solventum Corp;1SOLV;Euronext Global Equity Market;EUR;US;Common Stock;NON;HORS_EEE;émetteur hors EEE (US) : hors du champ du PEA;2026-08-30
US8425871071;THE SOUTHERN COMP;1SO;Euronext Global Equity Market | EuroTLX | Trading After Hours;EUR;US;Common Stock;NON;HORS_EEE;émetteur hors EEE (US) : hors du champ du PEA;2026-08-30
US8447411088;Southwest Air;1LUV;Euronext Global Equity Market;EUR;US;Common Stock;NON;HORS_EEE;émetteur hors EEE (US) : hors du champ du PEA;2026-08-30
US84615Q1031;SPACE EXPL TECH;1SPCX;Euronext Global Equity Market | Trading After Hours;EUR;US;Common Stock;NON;HORS_EEE;émetteur hors EEE (US) : hors du champ du PEA;2026-08-30
US85208M1027;SPROUTS FARMERS MA;1SFM;Euronext Global Equity Market;EUR;US;Common Stock;NON;HORS_EEE;émetteur hors EEE (US) : hors du champ du PEA;2026-08-30
US8522341036;BLOCK;2SQ;Trading After Hours | Euronext Global Equity Market | EuroTLX;EUR;US;Common Stock;NON;HORS_EEE;émetteur hors EEE (US) : hors du champ du PEA;2026-08-30
US8545021011;Stanley B&D;1SWK;Euronext Global Equity Market;EUR;US;Common Stock;NON;HORS_EEE;émetteur hors EEE (US) : hors du champ du PEA;2026-08-30
US8552441094;STARBUCKS CORP;4SBUX;EuroTLX | Euronext Global Equity Market | Trading After Hours;EUR;US;Common Stock;NON;HORS_EEE;émetteur hors EEE (US) : hors du champ du PEA;2026-08-30
US8574771031;State Street Corp;1STT;Euronext Global Equity Market;EUR;US;Common Stock;NON;HORS_EEE;émetteur hors EEE (US) : hors du champ du PEA;2026-08-30
US8581191009;STEEL DYNAMICS;2STLD;Trading After Hours | Euronext Global Equity Market | EuroTLX;EUR;US;Common Stock;NON;HORS_EEE;émetteur hors EEE (US) : hors du champ du PEA;2026-08-30
US8592411016;STERLING INFRASTRU;1STRL;Euronext Global Equity Market;EUR;US;Common Stock;NON;HORS_EEE;émetteur hors EEE (US) : hors du champ du PEA;2026-08-30
US8636671013;STRYKER;4SYK;EuroTLX | Euronext Global Equity Market | Trading After Hours;EUR;US;Common Stock;NON;HORS_EEE;émetteur hors EEE (US) : hors du champ du PEA;2026-08-30
US86800U3023;Super Micro C;4SMCI;EuroTLX | Trading After Hours | Euronext Global Equity Market;EUR;US;Common Stock;NON;HORS_EEE;émetteur hors EEE (US) : hors du champ du PEA;2026-08-30
US87157D1090;SYNAPTICS INC;1SYNA;Euronext Global Equity Market;EUR;US;Common Stock;NON;HORS_EEE;émetteur hors EEE (US) : hors du champ du PEA;2026-08-30
US8716071076;Synopsys Inc;1SNPS;Euronext Global Equity Market;EUR;US;Common Stock;NON;HORS_EEE;émetteur hors EEE (US) : hors du champ du PEA;2026-08-30
US87165B1035;Synchrony Fin;1SYF;Euronext Global Equity Market;EUR;US;Common Stock;NON;HORS_EEE;émetteur hors EEE (US) : hors du champ du PEA;2026-08-30
US8718291078;Sysco Corp;1SYY;Euronext Global Equity Market;EUR;US;Common Stock;NON;HORS_EEE;émetteur hors EEE (US) : hors du champ du PEA;2026-08-30
US8725401090;TJX COMPANIES INC;4TJX;EuroTLX | Euronext Global Equity Market | Trading After Hours;EUR;US;Common Stock;NON;HORS_EEE;émetteur hors EEE (US) : hors du champ du PEA;2026-08-30
US8725901040;T-MOBILE US;2TMUS;Trading After Hours | Euronext Global Equity Market | EuroTLX;EUR;US;Common Stock;NON;HORS_EEE;émetteur hors EEE (US) : hors du champ du PEA;2026-08-30
US8726571016;TPG INC;1TPG;Euronext Global Equity Market;EUR;US;Common Stock;NON;HORS_EEE;émetteur hors EEE (US) : hors du champ du PEA;2026-08-30
US8740541094;Take-Two Inter;1TTWO;Euronext Global Equity Market;EUR;US;Common Stock;NON;HORS_EEE;émetteur hors EEE (US) : hors du champ du PEA;2026-08-30
US87422Q1094;TALEN ENERGY CORP;1TLN;Euronext Global Equity Market;EUR;US;Common Stock;NON;HORS_EEE;émetteur hors EEE (US) : hors du champ du PEA;2026-08-30
US8760301072;Tapestry Inc;1TPR;Euronext Global Equity Market;EUR;US;Common Stock;NON;HORS_EEE;émetteur hors EEE (US) : hors du champ du PEA;2026-08-30
US87612E1064;TARGET;2TGT;Trading After Hours | Euronext Global Equity Market | EuroTLX;EUR;US;Common Stock;NON;HORS_EEE;émetteur hors EEE (US) : hors du champ du PEA;2026-08-30
US87612G1013;Targa Resources;1TRGP;Euronext Global Equity Market;EUR;US;Common Stock;NON;HORS_EEE;émetteur hors EEE (US) : hors du champ du PEA;2026-08-30
US8793601050;Teledyne Tech;1TDY;Euronext Global Equity Market;EUR;US;Common Stock;NON;HORS_EEE;émetteur hors EEE (US) : hors du champ du PEA;2026-08-30
US8793691069;Teleflex Inc;1TFX;Euronext Global Equity Market;EUR;US;Common Stock;NON;HORS_EEE;émetteur hors EEE (US) : hors du champ du PEA;2026-08-30
US88023B1035;TEMPUS AI INC;1TEM;Euronext Global Equity Market;EUR;US;Common Stock;NON;HORS_EEE;émetteur hors EEE (US) : hors du champ du PEA;2026-08-30
US88033G4073;TENET HEALTHCARE C;1THC;Euronext Global Equity Market;EUR;US;Common Stock;NON;HORS_EEE;émetteur hors EEE (US) : hors du champ du PEA;2026-08-30
US8807701029;Teradyne Inc;1TER;Euronext Global Equity Market;EUR;US;Common Stock;NON;HORS_EEE;émetteur hors EEE (US) : hors du champ du PEA;2026-08-30
US88080T1043;Terawulf Inc;1WULF;Euronext Global Equity Market;EUR;US;Common Stock;NON;HORS_EEE;émetteur hors EEE (US) : hors du champ du PEA;2026-08-30
US88160R1014;TESLA;2TSLA;Trading After Hours | Euronext Global Equity Market | EuroTLX;EUR;US;Common Stock;NON;HORS_EEE;émetteur hors EEE (US) : hors du champ du PEA;2026-08-30
US88162G1031;TETRA TECH INC;1TTEK;Euronext Global Equity Market;EUR;US;Common Stock;NON;HORS_EEE;émetteur hors EEE (US) : hors du champ du PEA;2026-08-30
US8825081040;TEXAS INSTRUMENTS;1TXN;Euronext Global Equity Market | Trading After Hours | EuroTLX;EUR;US;Common Stock;NON;HORS_EEE;émetteur hors EEE (US) : hors du champ du PEA;2026-08-30
US8826811098;TEXAS ROADHOUSE IN;1TXRH;Euronext Global Equity Market;EUR;US;Common Stock;NON;HORS_EEE;émetteur hors EEE (US) : hors du champ du PEA;2026-08-30
US8832031012;Textron Inc;1TXT;Euronext Global Equity Market;EUR;US;Common Stock;NON;HORS_EEE;émetteur hors EEE (US) : hors du champ du PEA;2026-08-30
US88322Q1085;TG THERAPEUTICS IN;1TGTX;Euronext Global Equity Market;EUR;US;Common Stock;NON;HORS_EEE;émetteur hors EEE (US) : hors du champ du PEA;2026-08-30
US88339J1051;Trade Desk;1TTD;Euronext Global Equity Market;EUR;US;Common Stock;NON;HORS_EEE;émetteur hors EEE (US) : hors du champ du PEA;2026-08-30
US8835561023;THERMO FISHER SC;2TMO;Trading After Hours | EuroTLX | Euronext Global Equity Market;EUR;US;Common Stock;NON;HORS_EEE;émetteur hors EEE (US) : hors du champ du PEA;2026-08-30
US88554D2053;3D SYSTEMS CORP;4DDD;EuroTLX | Euronext Global Equity Market | Trading After Hours;EUR;US;Common Stock;NON;HORS_EEE;émetteur hors EEE (US) : hors du champ du PEA;2026-08-30
US88579Y1010;3M;4MMM;EuroTLX | Euronext Global Equity Market | Trading After Hours;EUR;US;Common Stock;NON;HORS_EEE;émetteur hors EEE (US) : hors du champ du PEA;2026-08-30
US8887871080;TOAST INC-CLASS A;1TOST;Euronext Global Equity Market;EUR;US;Common Stock;NON;HORS_EEE;émetteur hors EEE (US) : hors du champ du PEA;2026-08-30
US8894781033;TOLL BROTHERS INC;1TOL;Euronext Global Equity Market;EUR;US;Common Stock;NON;HORS_EEE;émetteur hors EEE (US) : hors du champ du PEA;2026-08-30
US8923561067;Tractor Supply Co;1TSCO;Euronext Global Equity Market;EUR;US;Common Stock;NON;HORS_EEE;émetteur hors EEE (US) : hors du champ du PEA;2026-08-30
US8936411003;TRANSDIGM GROUP IN;1TDG;Euronext Global Equity Market;EUR;US;Common Stock;NON;HORS_EEE;émetteur hors EEE (US) : hors du champ du PEA;2026-08-30
US89377M1099;TRANSMEDICS GROUP;1TMDX;Euronext Global Equity Market;EUR;US;Common Stock;NON;HORS_EEE;émetteur hors EEE (US) : hors du champ du PEA;2026-08-30
US89400J1079;TRANSUNION;1TRU;Euronext Global Equity Market;EUR;US;Common Stock;NON;HORS_EEE;émetteur hors EEE (US) : hors du champ du PEA;2026-08-30
US89417E1091;THE TRAVELERS COMP;1TRV;Euronext Global Equity Market | Trading After Hours | EuroTLX;EUR;US;Common Stock;NON;HORS_EEE;émetteur hors EEE (US) : hors du champ du PEA;2026-08-30
US8962391004;Trimble Inc;1TRMB;Euronext Global Equity Market;EUR;US;Common Stock;NON;HORS_EEE;émetteur hors EEE (US) : hors du champ du PEA;2026-08-30
US8969452015;TRIPADVISOR;1TRIP;Euronext Global Equity Market | Trading After Hours | EuroTLX;EUR;US;Common Stock;NON;HORS_EEE;émetteur hors EEE (US) : hors du champ du PEA;2026-08-30
US89832Q1094;TRUIST FINL CORP.;4TFC;EuroTLX | Euronext Global Equity Market | Trading After Hours;EUR;US;Common Stock;NON;HORS_EEE;émetteur hors EEE (US) : hors du champ du PEA;2026-08-30
US90184D1000;TWIST BIOSCIENCE C;1TWST;Euronext Global Equity Market;EUR;US;Common Stock;NON;HORS_EEE;émetteur hors EEE (US) : hors du champ du PEA;2026-08-30
US9022521051;Tyler Technologies;1TYL;Euronext Global Equity Market;EUR;US;Common Stock;NON;HORS_EEE;émetteur hors EEE (US) : hors du champ du PEA;2026-08-30
US9024941034;Tyson Foods Inc;1TSN;Euronext Global Equity Market;EUR;US;Common Stock;NON;HORS_EEE;émetteur hors EEE (US) : hors du champ du PEA;2026-08-30
US9027881088;UMB FINANCIAL CORP;1UMBF;Euronext Global Equity Market;EUR;US;Common Stock;NON;HORS_EEE;émetteur hors EEE (US) : hors du champ du PEA;2026-08-30
US9029733048;US BANCORP;2USB;Trading After Hours | EuroTLX | Euronext Global Equity Market;EUR;US;Common Stock;NON;HORS_EEE;émetteur hors EEE (US) : hors du champ du PEA;2026-08-30
US90353T1007;UBER TECHNOLOGIES;2UBER;Trading After Hours | Euronext Global Equity Market | EuroTLX;EUR;US;Common Stock;NON;HORS_EEE;émetteur hors EEE (US) : hors du champ du PEA;2026-08-30
US90364P1057;UIPATH INC CLASS A;1PATH;Euronext Global Equity Market;EUR;US;Common Stock;NON;HORS_EEE;émetteur hors EEE (US) : hors du champ du PEA;2026-08-30
US90384S3031;Ulta Beauty Inc;1ULTA;Euronext Global Equity Market;EUR;US;Common Stock;NON;HORS_EEE;émetteur hors EEE (US) : hors du champ du PEA;2026-08-30
US9043111072;UNDER ARMOUR - CLA;4UAA;EuroTLX | Trading After Hours | Euronext Global Equity Market;EUR;US;Common Stock;NON;HORS_EEE;émetteur hors EEE (US) : hors du champ du PEA;2026-08-30
US9078181081;UNION PACIFIC;1UNP;Euronext Global Equity Market | Trading After Hours | EuroTLX;EUR;US;Common Stock;NON;HORS_EEE;émetteur hors EEE (US) : hors du champ du PEA;2026-08-30
US9100471096;UNITED AIRLINES H;4UAL;EuroTLX | Euronext Global Equity Market | Trading After Hours;EUR;US;Common Stock;NON;HORS_EEE;émetteur hors EEE (US) : hors du champ du PEA;2026-08-30
US9113121068;United Parcel;1UPS;Euronext Global Equity Market;EUR;US;Common Stock;NON;HORS_EEE;émetteur hors EEE (US) : hors du champ du PEA;2026-08-30
US9113631090;United Rentals;1URI;Euronext Global Equity Market;EUR;US;Common Stock;NON;HORS_EEE;émetteur hors EEE (US) : hors du champ du PEA;2026-08-30
US91324P1021;UNITEDHEALTH GROUP;2UNH;Trading After Hours | EuroTLX | Euronext Global Equity Market;EUR;US;Common Stock;NON;HORS_EEE;émetteur hors EEE (US) : hors du champ du PEA;2026-08-30
US91332U1016;UNITY SOFTWARE INC;1USFT;Euronext Global Equity Market;EUR;US;Common Stock;NON;HORS_EEE;émetteur hors EEE (US) : hors du champ du PEA;2026-08-30
US91680M1071;UPSTART HOLDINGS I;1UPST;Euronext Global Equity Market;EUR;US;Common Stock;NON;HORS_EEE;émetteur hors EEE (US) : hors du champ du PEA;2026-08-30
US91688F1049;UPWORK INC;1UPWK;Euronext Global Equity Market;EUR;US;Common Stock;NON;HORS_EEE;émetteur hors EEE (US) : hors du champ du PEA;2026-08-30
US9168961038;URANIUM ENERGY COR;1UEC;Euronext Global Equity Market;EUR;US;Common Stock;NON;HORS_EEE;émetteur hors EEE (US) : hors du champ du PEA;2026-08-30
US9182041080;V.F.;2VFC;Trading After Hours | EuroTLX | Euronext Global Equity Market;EUR;US;Common Stock;NON;HORS_EEE;émetteur hors EEE (US) : hors du champ du PEA;2026-08-30
US91913Y1001;Valero Energy;1VLO;Euronext Global Equity Market;EUR;US;Common Stock;NON;HORS_EEE;émetteur hors EEE (US) : hors du champ du PEA;2026-08-30
US9197941076;VALLEY NATIONAL BA;1VLY;Euronext Global Equity Market;EUR;US;Common Stock;NON;HORS_EEE;émetteur hors EEE (US) : hors du champ du PEA;2026-08-30
US9222801022;VARONIS SYSTEMS IN;1VRNS;Euronext Global Equity Market;EUR;US;Common Stock;NON;HORS_EEE;émetteur hors EEE (US) : hors du champ du PEA;2026-08-30
US92243G1085;VAXCYTE INC;1PCVX;Euronext Global Equity Market;EUR;US;Common Stock;NON;HORS_EEE;émetteur hors EEE (US) : hors du champ du PEA;2026-08-30
US9224751084;VEEVA SYSTEMS INC;1VEEV;Euronext Global Equity Market;EUR;US;Common Stock;NON;HORS_EEE;émetteur hors EEE (US) : hors du champ du PEA;2026-08-30
US92338C1036;Veralto Corp;1VLTO;Euronext Global Equity Market;EUR;US;Common Stock;NON;HORS_EEE;émetteur hors EEE (US) : hors du champ du PEA;2026-08-30
US92343E1029;VeriSign Inc;1VRSN;Euronext Global Equity Market;EUR;US;Common Stock;NON;HORS_EEE;émetteur hors EEE (US) : hors du champ du PEA;2026-08-30
US92343V1044;VERIZON COMMUNICAT;2VZ;Trading After Hours | Euronext Global Equity Market | EuroTLX;EUR;US;Common Stock;NON;HORS_EEE;émetteur hors EEE (US) : hors du champ du PEA;2026-08-30
US92345Y1064;Verisk Analytics;1VRSK;Euronext Global Equity Market;EUR;US;Common Stock;NON;HORS_EEE;émetteur hors EEE (US) : hors du champ du PEA;2026-08-30
US92532F1003;VERTEX PHARMA;2VRTX;Trading After Hours | Euronext Global Equity Market | EuroTLX;EUR;US;Common Stock;NON;HORS_EEE;émetteur hors EEE (US) : hors du champ du PEA;2026-08-30
US92537N1081;VERTIV HOLDINGS CO;1VRT;Euronext Global Equity Market;EUR;US;Common Stock;NON;HORS_EEE;émetteur hors EEE (US) : hors du champ du PEA;2026-08-30
US92538J1060;VERTEX INC - CLASS;1VERX;Euronext Global Equity Market;EUR;US;Common Stock;NON;HORS_EEE;émetteur hors EEE (US) : hors du champ du PEA;2026-08-30
US92556V1061;VIATRIS INC;2VTRS;Trading After Hours | Euronext Global Equity Market | EuroTLX;EUR;US;Common Stock;NON;HORS_EEE;émetteur hors EEE (US) : hors du champ du PEA;2026-08-30
US92686J1060;VIKING THERAPEUTIC;1VKTX;Euronext Global Equity Market;EUR;US;Common Stock;NON;HORS_EEE;émetteur hors EEE (US) : hors du champ du PEA;2026-08-30
US92766K4031;VIRGIN GALACTIC HO;1SPCE;Euronext Global Equity Market | Trading After Hours | EuroTLX;EUR;US;Common Stock;NON;HORS_EEE;émetteur hors EEE (US) : hors du champ du PEA;2026-08-30
US92826C8394;VISA - CLASSE A;4V;EuroTLX | Trading After Hours | Euronext Global Equity Market;EUR;US;Common Stock;NON;HORS_EEE;émetteur hors EEE (US) : hors du champ du PEA;2026-08-30
US92840M1027;Vistra Corp;1VST;Euronext Global Equity Market;EUR;US;Common Stock;NON;HORS_EEE;émetteur hors EEE (US) : hors du champ du PEA;2026-08-30
US92847W1036;VITAL FARMS INC;1VITL;Euronext Global Equity Market;EUR;US;Common Stock;NON;HORS_EEE;émetteur hors EEE (US) : hors du champ du PEA;2026-08-30
US9291601097;Vulcan Materials;1VMC;Euronext Global Equity Market;EUR;US;Common Stock;NON;HORS_EEE;émetteur hors EEE (US) : hors du champ du PEA;2026-08-30
US92939U1060;WEC ENERGY GROUP;1WEC;Euronext Global Equity Market | Trading After Hours | EuroTLX;EUR;US;Common Stock;NON;HORS_EEE;émetteur hors EEE (US) : hors du champ du PEA;2026-08-30
US9297401088;Westinghouse Air;1WAB;Euronext Global Equity Market;EUR;US;Common Stock;NON;HORS_EEE;émetteur hors EEE (US) : hors du champ du PEA;2026-08-30
US9311421039;WALMART;4WMT;EuroTLX | Trading After Hours | Euronext Global Equity Market;EUR;US;Common Stock;NON;HORS_EEE;émetteur hors EEE (US) : hors du champ du PEA;2026-08-30
US9344231041;WARNER BROS DISCOV;2WBDA;Trading After Hours | Euronext Global Equity Market | EuroTLX;EUR;US;Common Stock;NON;HORS_EEE;émetteur hors EEE (US) : hors du champ du PEA;2026-08-30
US94106L1098;WASTE MANAGEMENT;2WM;Trading After Hours | Euronext Global Equity Market | EuroTLX;EUR;US;Common Stock;NON;HORS_EEE;émetteur hors EEE (US) : hors du champ du PEA;2026-08-30
US9418481035;Waters Corp;1WAT;Euronext Global Equity Market;EUR;US;Common Stock;NON;HORS_EEE;émetteur hors EEE (US) : hors du champ du PEA;2026-08-30
US9426222009;WATSCO INC;1WSO;Euronext Global Equity Market;EUR;US;Common Stock;NON;HORS_EEE;émetteur hors EEE (US) : hors du champ du PEA;2026-08-30
US94419L1017;WAYFAIR CLASS A;1W;Euronext Global Equity Market;EUR;US;Common Stock;NON;HORS_EEE;émetteur hors EEE (US) : hors du champ du PEA;2026-08-30
US9497461015;WELLS FARGO & CO;1WFC;Euronext Global Equity Market | EuroTLX | Trading After Hours;EUR;US;Common Stock;NON;HORS_EEE;émetteur hors EEE (US) : hors du champ du PEA;2026-08-30
US95058W1009;WENDY'S CO/THE;1WEN;Euronext Global Equity Market;EUR;US;Common Stock;NON;HORS_EEE;émetteur hors EEE (US) : hors du champ du PEA;2026-08-30
US9553061055;West Pharma;1WST;Euronext Global Equity Market;EUR;US;Common Stock;NON;HORS_EEE;émetteur hors EEE (US) : hors du champ du PEA;2026-08-30
US9581021055;WESTERN DIGITAL;2WDC;Trading After Hours | EuroTLX | Euronext Global Equity Market;EUR;US;Common Stock;NON;HORS_EEE;émetteur hors EEE (US) : hors du champ du PEA;2026-08-30
US9621661043;WEYERHAEUSER;1WY;Euronext Global Equity Market | EuroTLX | Trading After Hours;EUR;US;REIT;NON;REGIME_FONCIER;foncière cotée (SIIC ou régime européen équivalent) : exclue du PEA depuis le 21 octobre 2011;2026-08-30
US9694571004;Williams Cos;1WMB;Euronext Global Equity Market;EUR;US;Common Stock;NON;HORS_EEE;émetteur hors EEE (US) : hors du champ du PEA;2026-08-30
US9699041011;WILLIAMS-SONOMA IN;1WSM;Euronext Global Equity Market;EUR;US;Common Stock;NON;HORS_EEE;émetteur hors EEE (US) : hors du champ du PEA;2026-08-30
US9713781048;WILLSCOT HOLDINGS;1WSC;Euronext Global Equity Market;EUR;US;Common Stock;NON;HORS_EEE;émetteur hors EEE (US) : hors du champ du PEA;2026-08-30
US98138H1014;WORKDAY;2WDAY;Trading After Hours | Euronext Global Equity Market | EuroTLX;EUR;US;Common Stock;NON;HORS_EEE;émetteur hors EEE (US) : hors du champ du PEA;2026-08-30
US9831341071;Wynn Resorts Ltd;1WYNN;Euronext Global Equity Market;EUR;US;Common Stock;NON;HORS_EEE;émetteur hors EEE (US) : hors du champ du PEA;2026-08-30
US98389B1008;Xcel Energy Inc;1XEL;Euronext Global Equity Market;EUR;US;Common Stock;NON;HORS_EEE;émetteur hors EEE (US) : hors du champ du PEA;2026-08-30
US98419M1009;Xylem Inc/NY;1XYL;Euronext Global Equity Market;EUR;US;Common Stock;NON;HORS_EEE;émetteur hors EEE (US) : hors du champ du PEA;2026-08-30
US9884981013;Yum! Brands Inc;1YUM;Euronext Global Equity Market;EUR;US;Common Stock;NON;HORS_EEE;émetteur hors EEE (US) : hors du champ du PEA;2026-08-30
US9892071054;Zebra Technologies;1ZBRA;Euronext Global Equity Market;EUR;US;Common Stock;NON;HORS_EEE;émetteur hors EEE (US) : hors du champ du PEA;2026-08-30
US98954M1018;ZILLOW GROUP A;1ZGU;Euronext Global Equity Market;EUR;US;Common Stock;NON;HORS_EEE;émetteur hors EEE (US) : hors du champ du PEA;2026-08-30
US98954M2008;ZILLOW GROUP C;1ZUS;Euronext Global Equity Market;EUR;US;Common Stock;NON;HORS_EEE;émetteur hors EEE (US) : hors du champ du PEA;2026-08-30
US98956P1021;Zimmer Biomet;1ZBH;Euronext Global Equity Market;EUR;US;Common Stock;NON;HORS_EEE;émetteur hors EEE (US) : hors du champ du PEA;2026-08-30
US98978V1035;ZOETIS;1ZTS;Euronext Global Equity Market | EuroTLX | Trading After Hours;EUR;US;Common Stock;NON;HORS_EEE;émetteur hors EEE (US) : hors du champ du PEA;2026-08-30
US98980F1049;ZOOMINFO TECHNOLOG;1ZI;Euronext Global Equity Market;EUR;US;Common Stock;NON;HORS_EEE;émetteur hors EEE (US) : hors du champ du PEA;2026-08-30
US98980G1022;Zscaler Inc;1ZS;Euronext Global Equity Market;EUR;US;Common Stock;NON;HORS_EEE;émetteur hors EEE (US) : hors du champ du PEA;2026-08-30
US98980L1017;ZOOM COMMUNICATION;4ZM;EuroTLX | Euronext Global Equity Market | Trading After Hours;EUR;US;Common Stock;NON;HORS_EEE;émetteur hors EEE (US) : hors du champ du PEA;2026-08-30
VGG885761301;Agility Capital H;AGIL;Euronext Amsterdam;USD;VG;Common Stock;NON;HORS_EEE;émetteur hors EEE (VG) : hors du champ du PEA;2026-08-30
ZM0000000037;ZCCM;MLZAM;Euronext Access Paris;EUR;ZM;Common Stock;NON;HORS_EEE;émetteur hors EEE (ZM) : hors du champ du PEA;2026-08-30
