ISIN;Nom;Symbole;Type;Marché(s);Devise;Pays_émission;PEA_indicatif;ESG_classification;Source;Date_MAJ;FIGI;Ticker;Nom_complet;Type_instrument;Bourse;Statut
BE0003736502;KBC BUS.BEL.EQ.-SV;KBCB;OPCVM;Euronext Brussels;EUR;BE;OUI;;Euronext;2026-08-04;;;;;;INTROUVABLE
BE0003751659;KBC BUS.EUR.EQ.-SV;KBEE;OPCVM;Euronext Brussels;EUR;BE;OUI;;Euronext;2026-08-04;BBG00GXBHXJ2;KBCBEEUR;KBC BUSINESS EUROPEAN EQ-D;Open-End Fund;EO;OK
CH0445689208;21S HODL;HODL;ETF;Euronext Paris | Euronext Amsterdam - Multi-currency Trading | ETF Plus;EUR;CH;NON;-;Euronext;2026-08-04;BBG00MMMWPL4;HODL;21SHARES CRYPTO BASKET ETP;ETP;SW;OK
CH0454664001;21Shares Bitcoin;ABTC;ETF;Euronext Amsterdam - Multi-currency Trading | Euronext Paris;USD;CH;NON;-;Euronext;2026-08-04;BBG00NDMR2F6;ABTC;21SHARES BITCOIN SINGLE;ETP;SW;OK
CH0454664027;21Shares Ethereum;AETH;ETF;Euronext Paris | Euronext Amsterdam - Multi-currency Trading;EUR;CH;NON;-;Euronext;2026-08-04;BBG00NDMRHQ1;AETH;21SHARES ETHEREUM STAKING ET;ETP;SW;OK
CH0454664043;21S XRP;AXRP;ETF;Euronext Amsterdam - Multi-currency Trading | Euronext Paris | ETF Plus;USD;CH;NON;-;Euronext;2026-08-04;BBG00NQHGP28;AXRP;21SHARES XRP ETP;ETP;SW;OK
CH0475552201;21S Bitcoin Cash;ABCH;ETF;Euronext Amsterdam - Multi-currency Trading | Euronext Paris | ETF Plus;USD;CH;NON;-;Euronext;2026-08-04;BBG00PMGRBJ0;ABCH;21SHARES BITCOIN CASH ETP;ETP;SW;OK
CH0491507486;21S Tezos;AXTZ;ETF;Euronext Paris | Euronext Amsterdam - Multi-currency Trading;EUR;CH;NON;-;Euronext;2026-08-04;BBG00QNH3S95;AXTZ;21SHARES TEZOS ETP;ETP;SW;OK
CH0496454155;21S Binance Coin;BNBA;ETF;Euronext Amsterdam - Multi-currency Trading | Euronext Paris | ETF Plus;USD;CH;NON;-;Euronext;2026-08-04;BBG00QJBQSF1;ABNB;21SHARES BINANCE COIN ETP;ETP;SW;OK
CH0558875933;SEBA BTC ETP;SBTCU;ETF;Euronext Paris | Euronext Amsterdam - Multi-currency Trading;EUR;CH;NON;-;Euronext;2026-08-04;BBG00ZXNT2C6;SBTCU;AMINA BITCOIN ETP;ETP;SW;OK
CH0568452707;AMINAX ETP;AMINA;ETF;Euronext Amsterdam - Multi-currency Trading | Euronext Paris;USD;CH;NON;-;Euronext;2026-08-04;BBG00ZXN7ZY3;AMINAX;AMINA CRYPTO ASS SEL IND ETP;ETP;SW;OK
CH0573883474;VALOUR BTC ZERO;BTC0E;ETF;Euronext Amsterdam | Euronext Paris;EUR;CH;NON;-;Euronext;2026-08-04;BBG013ZD1FW5;BTC0;VALOUR BITCOIN ZERO;ETP;FP;OK
CH0585378752;VALOUR ETH ZERO;ETH0E;ETF;Euronext Amsterdam | Euronext Paris;EUR;CH;NON;-;Euronext;2026-08-04;BBG013ZD2QK3;ETH0;VALOUR ETHEREUM ZERO;ETP;FP;OK
CH0587418630;SEBA ETH ETP;SETH;ETF;Euronext Amsterdam - Multi-currency Trading | Euronext Paris;USD;CH;NON;-;Euronext;2026-08-04;BBG00ZXNX6M1;SETH;AMINA ETHEREUM ETP;ETP;SW;OK
CH0593331561;21S Polkadot;ADOT;ETF;Euronext Amsterdam - Multi-currency Trading | Euronext Paris | ETF Plus;USD;CH;NON;-;Euronext;2026-08-04;BBG00Z422046;ADOT;21SHARES POLKADOT ETP;ETP;SW;OK
CH1100083471;21S LINK;ALINK;ETF;Euronext Amsterdam - Multi-currency Trading | Euronext Paris | ETF Plus;USD;CH;NON;-;Euronext;2026-08-04;BBG014X4C5J0;LINK;21SHARES CHAINLINK ETP;ETP;SW;OK
CH1102728750;21S AADA;AADA;ETF;Euronext Amsterdam - Multi-currency Trading | Euronext Paris | ETF Plus;USD;CH;NON;-;Euronext;2026-08-04;BBG0109Z91M5;AADA;21SHARES CARDANO ETP;ETP;SW;OK
CH1109575535;21S Stellar;AXLM;ETF;Euronext Paris | Euronext Amsterdam - Multi-currency Trading | ETF Plus;EUR;CH;NON;-;Euronext;2026-08-04;BBG0109ZB7H5;AXLM;21SHARES STELLAR ETP;ETP;SW;OK
CH1113516871;SEBA DOT ETP;SDOT;ETF;Euronext Amsterdam - Multi-currency Trading | Euronext Paris;USD;CH;NON;-;Euronext;2026-08-04;BBG011PLVQQ2;SDOT;AMINA POLKADOT ETP;ETP;SW;OK
CH1114178812;VALOUR POLKADOT;DOTVE;ETF;Euronext Amsterdam | Euronext Paris;EUR;CH;NON;-;Euronext;2026-08-04;BBG013ZD4RP4;DOTVA;VALOUR POLKADOT;ETP;FP;OK
CH1114178820;VALOUR CARDANO;ADAVE;ETF;Euronext Amsterdam | Euronext Paris;EUR;CH;NON;-;Euronext;2026-08-04;BBG016F4KDM5;ADAVE;VALOUR CARDANO;ETP;FP;OK
CH1114178838;VALOUR SOLANA;SOLVE;ETF;Euronext Paris | Euronext Amsterdam;EUR;CH;NON;-;Euronext;2026-08-04;BBG013ZD5R73;SOLVA;VALOUR SOLANA SOL EUR;ETP;FP;OK
CH1114873776;21S Solana;ASOL;ETF;Euronext Amsterdam - Multi-currency Trading | Euronext Paris;USD;CH;NON;-;Euronext;2026-08-04;BBG011M0CQW5;ASOL;21SHARES SOLANA STAKING ETP;ETP;SW;OK
CH1129538448;21S Polygon;POLY;ETF;Euronext Amsterdam - Multi-currency Trading | Euronext Paris | ETF Plus;USD;CH;NON;-;Euronext;2026-08-04;BBG012SSFYF5;POLY;21SHARES POLYGON ETP;ETP;SW;OK
CH1130675676;21S ALTS;ALTS;ETF;Euronext Amsterdam - Multi-currency Trading | Euronext Paris | ETF Plus;USD;CH;NON;-;Euronext;2026-08-04;BBG0140B47P8;ALTS;21SHARES CRYPTO MCAP IDX ETP;ETP;SW;OK
CH1135202088;21SETNCCAVAXETFP;AVAX;ETF;ETF Plus | Euronext Paris | Euronext Amsterdam - Multi-currency Trading;EUR;CH;NON;-;Euronext;2026-08-04;BBG013K8ZQM2;AVAX;21SHARES AVALANCHE STAKI ETP;ETP;SW;OK
CH1135202096;21S AUNI;AUNI;ETF;Euronext Paris | Euronext Amsterdam - Multi-currency Trading | ETF Plus;EUR;CH;NON;-;Euronext;2026-08-04;BBG014X3ZXF0;AUNI;21SHARES UNISWAP ETP;ETP;SW;OK
CH1135202120;21S AAVE;AAVE;ETF;Euronext Paris | Euronext Amsterdam - Multi-currency Trading | ETF Plus;EUR;CH;NON;-;Euronext;2026-08-04;BBG014X4MFT6;AAVE;21SHARES AAVE ETP;ETP;SW;OK
CH1135202161;21S HODLV;HODLV;ETF;Euronext Amsterdam - Multi-currency Trading | Euronext Paris;USD;CH;NON;-;Euronext;2026-08-04;BBG012Q976L2;HODLV;21SHARES CRYPTO BASKET EQUAL;ETP;SW;OK
CH1135202179;21S HODLX;HODLX;ETF;Euronext Paris | Euronext Amsterdam - Multi-currency Trading | ETF Plus;EUR;CH;NON;-;Euronext;2026-08-04;BBG012Q96YQ7;HODLX;21SH CRYTO BAK 10 CR ETP;ETP;SW;OK
CH1146882308;21S BOLD;BOLD;ETF;Euronext Amsterdam - Multi-currency Trading | Euronext Paris | ETF Plus;USD;CH;NON;-;Euronext;2026-08-04;BBG0170X9QL0;BOLD;21SHARES BITCOIN GOLD ETP;ETP;SW;OK
CH1146882316;21S ALGO;ALGO;ETF;Euronext Paris | Euronext Amsterdam - Multi-currency Trading;EUR;CH;NON;-;Euronext;2026-08-04;BBG013K9KY12;ALGO;21SHARES ALGORAND ETP USD;ETP;SW;OK
CH1162108893;21SETNCCNEARXAMS;NEAR;ETF;Euronext Amsterdam - Multi-currency Trading | Euronext Paris;USD;CH;NON;-;Euronext;2026-08-04;BBG01R0248K0;NEAR;21SHARES NEAR PROT STAKING;ETP;NA;OK
CH1184151731;HASH;HASH;ETF;Euronext Amsterdam - Multi-currency Trading | Euronext Paris;USD;CH;NON;-;Euronext;2026-08-04;BBG0173WYG42;HASH;HASHDEX NASDAQ CME CRYPTO IN;ETP;SW;OK
CH1199067674;21S CBTC;CBTC;ETF;Euronext Amsterdam - Multi-currency Trading | Euronext Paris | ETF Plus;USD;CH;NON;-;Euronext;2026-08-04;BBG018K3GR14;CBTC;21SHARES BITCOIN CORE ETP;ETP;SW;OK
CH1209763130;21S CETH;ETHC;ETF;Euronext Paris | Euronext Amsterdam - Multi-currency Trading | ETF Plus;EUR;CH;NON;-;Euronext;2026-08-04;BBG019Q0SVJ1;ETHC;21SHARES ETHEREUM CO STK ETP;ETP;SW;OK
CH1218734544;HAMO;HAMO;ETF;Euronext Paris | Euronext Amsterdam - Multi-currency Trading;EUR;CH;NON;-;Euronext;2026-08-04;BBG019VB55H5;HAMO;HASHDEX CRYPTO MOMENTUM ETP;ETP;SW;OK
CH1258969042;21S ASTX;ASTX;ETF;Euronext Paris | Euronext Amsterdam - Multi-currency Trading;EUR;CH;NON;-;Euronext;2026-08-04;BBG01G41KWD9;ASTX;21SHARES STACKS ETP;ETP;SW;OK
CH1275043318;21S LIDO;LIDO;ETF;Euronext Amsterdam - Multi-currency Trading | Euronext Paris | ETF Plus;USD;CH;NON;-;Euronext;2026-08-04;BBG01GZH9M90;LIDO;21SHARES LIDO DAO ETP;ETP;SW;OK
CH1297762812;21S GRAM;GRAM;ETF;Euronext Paris | Euronext Amsterdam - Multi-currency Trading;EUR;CH;NON;-;Euronext;2026-08-04;BBG01M3DH0V5;GRAM;21SHARES GRAM STAKING ETP;ETP;SW;OK
CH1304867455;21S AOPT;AOPT;ETF;Euronext Paris | Euronext Amsterdam - Multi-currency Trading;EUR;CH;NON;-;Euronext;2026-08-04;BBG01KD481J0;AOPT;21Shares Optimism ETP;ETP;NA;OK
CH1304867463;21S AARB;AARB;ETF;Euronext Paris | Euronext Amsterdam - Multi-currency Trading;EUR;CH;NON;-;Euronext;2026-08-04;BBG01KD40FQ9;AARB;21SHARES ARBITRUM ETP;ETP;NA;OK
CH1326116832;21S ATIA;ATIA;ETF;Euronext Amsterdam - Multi-currency Trading | Euronext Paris;USD;CH;NON;-;Euronext;2026-08-04;BBG01LK2T316;ATIA;21SHARES CELESTIA STAKING ET;ETP;NA;OK
CH1360612134;21SETNINJXAMS;AINJ;ETF;Euronext Amsterdam - Multi-currency Trading | Euronext Paris;USD;CH;NON;-;Euronext;2026-08-04;BBG01NLJLGH6;AINJ;21SHARS INJETIVE STKING ETP;ETP;FP;OK
CH1360612159;21SETNSUIETFP;ASUI;ETF;ETF Plus | Euronext Amsterdam - Multi-currency Trading | Euronext Paris;EUR;CH;NON;-;Euronext;2026-08-04;BBG01NLLVTK8;ASUI;21SHARES SUI STAKING ETP;ETP;FP;OK
CH1382892102;21SETN21FOCXAMS;FUTR;ETF;Euronext Amsterdam - Multi-currency Trading | Euronext Paris;USD;CH;NON;-;Euronext;2026-08-04;BBG01Q6CM0H5;FUTR;21SHRS FUTR CRYPTO IND ETP;ETP;NA;OK
CH1385084384;21SETNCCSOLETFP;CSOL;ETF;ETF Plus;EUR;CH;NON;-;Euronext;2026-08-04;BBG01RXR6H81;CSOL;21SHARES SOLANA COR STAK ETP;ETP;SW;OK
CH1396281391;21SETNCCAPTXAMS;APTOS;ETF;Euronext Amsterdam - Multi-currency Trading | Euronext Paris;USD;CH;NON;-;Euronext;2026-08-04;BBG01QSC69N3;APTOS;21SHARES APTOS STAKING ETP;ETP;NA;OK
CH1396343266;21SETNCCRNDRXAMS;RNDR;ETF;Euronext Amsterdam - Multi-currency Trading | Euronext Paris;USD;CH;NON;-;Euronext;2026-08-04;BBG01R00ZC12;RNDR;21SHARES RENDER ETP;ETP;NA;OK
CH1396389921;21SETNCCONDOETFP;ONDO;ETF;ETF Plus | Euronext Amsterdam - Multi-currency Trading | Euronext Paris;EUR;CH;NON;-;Euronext;2026-08-04;BBG01QZGWQ04;ONDO;21SHARES ONDO ETP;ETP;NA;OK
CH1396389939;21SETNCCPYTHXAMS;PYTH;ETF;Euronext Amsterdam - Multi-currency Trading | Euronext Paris;USD;CH;NON;-;Euronext;2026-08-04;BBG01R017LR3;PYTH;21SHARES PYTH NETWORK ETP;ETP;NA;OK
CH1443364232;21SETNCCCROXAMS;CRON;ETF;Euronext Amsterdam - Multi-currency Trading | Euronext Paris;USD;CH;NON;-;Euronext;2026-08-04;BBG01TT1GDM1;CRON;21SHARES CRONOS STAKING ETP;ETP;NA;OK
CH1456607683;21SETNCCHBARETFP;HDRA;ETF;ETF Plus | Euronext Amsterdam - Multi-currency Trading | Euronext Paris;EUR;CH;NON;-;Euronext;2026-08-04;BBG01VBJVZM0;HDRA;21SHARES HEDERA STAKING ETP;ETP;NA;OK
CH1464217285;21SETNCCXDCXAMS;XDCN;ETF;Euronext Amsterdam - Multi-currency Trading | Euronext Paris;USD;CH;NON;-;Euronext;2026-08-04;BBG01VXQ4L32;XDCN;21SHARES XDC NETWORK ETP;ETP;NA;OK
CH1480821375;21SETNCFETEETFP;AFET;ETF;ETF Plus | Euronext Amsterdam - Multi-currency Trading | Euronext Paris;EUR;CH;NON;-;Euronext;2026-08-04;BBG01X9Z3S77;AFET;21SHARES ASI ETP;ETP;NA;OK
CH1495416971;21SETNCTAOE ETFP;ATAO;ETF;ETF Plus | Euronext Amsterdam - Multi-currency Trading | Euronext Paris;EUR;CH;NON;-;Euronext;2026-08-04;BBG01Y2JSWN4;ATAO;21SHARES BITTENSOR ETP;ETP;NA;OK
CH1495416989;21SETNCSYRUPETFP;SYRUP;ETF;ETF Plus | Euronext Amsterdam - Multi-currency Trading | Euronext Paris;EUR;CH;NON;-;Euronext;2026-08-04;BBG01Y2JYDF8;SYRUP;21SHARES MAPLE FINANCE ETP;ETP;NA;OK
CH1503127917;21SETNKKCCETFP;CANTN;ETF;ETF Plus | Euronext Amsterdam - Multi-currency Trading | Euronext Paris;EUR;CH;NON;-;Euronext;2026-08-04;BBG01YHGXF64;CANTN;21SHARES CANTON NETWORK ETP;ETP;NA;OK
CH1506167027;21SETNCMOREETFP;MORPH;ETF;ETF Plus | Euronext Amsterdam - Multi-currency Trading | Euronext Paris;EUR;CH;NON;-;Euronext;2026-08-04;BBG01YV91JL4;MORPH;21SHARES MORPHO ETP;ETP;NA;OK
CH1521714696;21SETNCJITRXAMC;JSOL;ETF;Euronext Amsterdam - Multi-currency Trading | Euronext Paris;USD;CH;NON;-;Euronext;2026-08-04;BBG01ZVV12B0;JSOL;21SHARES JITO STAKED SOL ETP;ETP;NA;OK
CH1528107811;21SETNSTRCXAMC;STRC;ETF;Euronext Amsterdam - Multi-currency Trading | Euronext Paris;USD;CH;NON;-;Euronext;2026-08-04;BBG020KQRNB5;STRC;21SHARES STRATEGY YIELD ETP;ETP;NA;OK
DE0002635299;BLAETFSD3PETFP;EXSH;ETF;ETF Plus;EUR;DE;OUI;-;Euronext;2026-08-04;BBG000BLLZZ1;SD3PE;ISHR EUROPE SEL DIV 30 DE;ETP;EO;OK
DE0002635307;BLAETFSEU600ETFP;EXSA;ETF;ETF Plus;EUR;DE;OUI;-;Euronext;2026-08-04;BBG000JNRV73;SXXPIEX;ISHARES STOXXE600 DE EUR DIS;ETP;GR;OK
DE0005933931;BLAETFDAXETFP;EXS1;ETF;ETF Plus | Euronext Amsterdam;EUR;DE;OUI;-;Euronext;2026-08-04;BBG000F1ZN74;DAXEX;ISHARES CORE DAX DE EUR ACC;ETP;GR;OK
DE000A0D8Q07;BLAETFEURSTXETFP;EXSI;ETF;ETF Plus;EUR;DE;OUI;-;Euronext;2026-08-04;BBG000D8L3W2;SXXEEX;ISHR EUROSTOXX UCITS ETF DE;ETP;GR;OK
DE000A0D8Q49;BLAETFDJDVPETFP;EXX5;ETF;ETF Plus;EUR;DE;OUI;-;Euronext;2026-08-04;BBG000F0KKL2;DJDVPEX;ISHARES DJ US SEL DIV DE;ETP;GR;OK
DE000A0H0728;BLAETFBLOCOMETFP;EXXY;ETF;ETF Plus | Euronext Amsterdam - Multi-currency Trading | Euronext Paris;EUR;DE;OUI;-;Euronext;2026-08-04;BBG000M4FDK9;DJAIG;ISH DIV COMDTY SWAP DE;ETP;EO;OK
DE000A0Q4R85;BLAETFXMBRIMETFP;4BRZ;ETF;ETF Plus;EUR;DE;OUI;-;Euronext;2026-08-04;BBG00MCBG5F8;4BRZ;ISHARES MSCI BRAZIL UCITS DE;ETP;GR;OK
DE000A0Q4RZ9;BLAETFEXVMIMETFP;EXVM;ETF;ETF Plus;EUR;DE;OUI;-;Euronext;2026-08-04;BBG000F2FJN5;EBMME;ISHR EB.REXX GV DE 0-1Y EURD;ETP;EO;OK
DE000A1E0HR8;DB ETCSGLEIMETFP;XAD5;ETF;ETF Plus;EUR;DE;OUI;-;Euronext;2026-08-04;BBG0015S4BY4;XAD5;X PHYSICAL GOLD ETC EUR;ETP;GR;OK
DE000A1E0HS6;DB ETCPHAGIMETFP;XAD6;ETF;ETF Plus;EUR;DE;OUI;-;Euronext;2026-08-04;BBG0015S4HR9;XAD6;X PHYSICAL SILVER ETC EUR;ETP;GR;OK
DE000A1EK0G3;DB ETCSGLEIMETFP;XAD1;ETF;ETF Plus;EUR;DE;OUI;-;Euronext;2026-08-04;BBG000R2WS44;XAD1;X PH GOLD ETC EUR HDG;ETP;GR;OK
DE000A1EK0H1;DB ETCXAD3IMETFP;XAD3;ETF;ETF Plus;EUR;DE;OUI;-;Euronext;2026-08-04;BBG000BG5BD7;XAD3;X PH PLAT ETC EUR HDG;ETP;GR;OK
DE000A1EK0J7;DB ETCPHAGIMETFP;XAD2;ETF;ETF Plus;EUR;DE;OUI;-;Euronext;2026-08-04;BBG000R2WZ84;XAD2;X PH SILV ETC EUR HDG;ETP;GR;OK
DE000A27Z304;BITETNXBTUSDETFP;BTCE;ETF;ETF Plus | Euronext Amsterdam - Multi-currency Trading | Euronext Paris;EUR;DE;OUI;-;Euronext;2026-08-04;BBG00TFTJ185;BTCE;BITWISE PHYSICAL BITCOIN ETP;ETP;GR;OK
DE000A28M8D0;VanEck Bitcoin;VBTC;ETF;Euronext Amsterdam - Multi-currency Trading | Euronext Paris;USD;DE;OUI;-;Euronext;2026-08-04;BBG00Y9D2KB8;VBTC;VANECK BITCOIN ETN;ETP;GR;OK
DE000A2QP372;ESTX Bk 30-15 EU A;EXA1;ETF;Euronext Amsterdam;EUR;DE;OUI;-;Euronext;2026-08-04;BBG013RG88Y4;EXA1;ISHARES STX BNK 30-15 EUR A;ETP;NA;OK
DE000A2QP380;ESTX Div 30 EU A;IDVA;ETF;Euronext Amsterdam;EUR;DE;OUI;-;Euronext;2026-08-04;BBG013RGMD04;IDVA;ISHARES STX SLCT DVD 30 EURA;ETP;NA;OK
DE000A2QP398;ISH STX 600 Tch EU;STEC;ETF;Euronext Amsterdam;EUR;DE;OUI;-;Euronext;2026-08-04;BBG016L3PNY0;STEC;ISHR STOXX EUR600 TECH DE EA;ETP;NA;OK
DE000A2QP4A8;ISH STX 600 A&P EU;SAOT;ETF;Euronext Amsterdam;EUR;DE;OUI;-;Euronext;2026-08-04;BBG016L2QQH3;SAOT;ISH EUR600 AUTO&PARTS DE ACC;ETP;NA;OK
DE000A2QP4D2;INVETFJPEIBRXAMS;BLNT;ETF;Euronext Amsterdam | Euronext Amsterdam - Multi-currency Trading;EUR;DE;OUI;-;Euronext;2026-08-04;BBG01XH7C1Y9;BLTN;ISHRS BRZL LB GB UCITS ETF;ETP;NA;OK
DE000A2T0VS9;XTRETCXSLRIMETFP;XSLR;ETF;ETF Plus;EUR;DE;OUI;-;Euronext;2026-08-04;BBG00TFTNP32;XSLR;X IE PHYSICAL SILVER ETC;ETP;LN;OK
DE000A2T0VU5;XTRETCXGDEIMETFP;XGDU;ETF;ETF Plus;EUR;DE;OUI;-;Euronext;2026-08-04;BBG00T88CL91;XGDU;X IE PHYSICAL GOLD ETC;ETP;LN;OK
DE000A2T5DZ1;XTRETCXGDEIMETFP;XGDE;ETF;ETF Plus;EUR;DE;OUI;-;Euronext;2026-08-04;BBG00TZ56C12;XGDE;X IE PHYSICAL GOLD ETC EUR;ETP;GR;OK
DE000A2UDH55;XTRETCXSLRIMETFP;XSLE;ETF;ETF Plus;EUR;DE;OUI;-;Euronext;2026-08-04;BBG00TTDLWV8;XSLE;X IE PHYSICAL SILVER ETC EUR;ETP;GR;OK
DE000A2UDH63;XTRETCXPPEIMETFP;XPPE;ETF;ETF Plus;EUR;DE;OUI;-;Euronext;2026-08-04;BBG00V4T8996;XPPE;X IE PHYSICAL PLAT EUR ETC;ETP;GR;OK
DE000A3G3ZL3;BITETNMXGSDAETFP;DA20;ETF;ETF Plus | Euronext Paris;EUR;DE;OUI;-;Euronext;2026-08-04;BBG01G6L9Z30;DA20;BITWISE MSCI DGL ATS 20 ETF;ETP;GR;OK
DE000A3G90G9;BITETNETHTR9XPAR;ET32;ETF;Euronext Paris;EUR;DE;OUI;-;Euronext;2026-08-04;BBG01LM2RFV6;ET32;BITWISE ETHEREUM STAKING ETP;ETP;GR;OK
DE000A3G9SE0;DDAETNDDAMACXPAR;BMAC;ETF;Euronext Paris;EUR;DE;OUI;-;Euronext;2026-08-04;BBG01MFRDNT8;BMAC;DDA BITCOIN MACRO ETP;ETP;GR;OK
DE000A3GK2N1;DDA Ph Bitcoin ETP;XBTI;ETF;Euronext Amsterdam | Euronext Paris;EUR;DE;OUI;-;Euronext;2026-08-04;BBG00ZTYCQQ7;XBTI;DDA PHYSICAL BITCOIN ETP;ETP;GR;OK
DE000A3GMKD7;BITETNXETUSDETFP;ZETH;ETF;ETF Plus | Euronext Amsterdam - Multi-currency Trading | Euronext Paris;EUR;DE;OUI;-;Euronext;2026-08-04;BBG00Z82CJS4;ZETH;BITWISE PHYSICAL ETH ETP;ETP;GR;OK
DE000A3GN5J9;LTCetc EUR;ELTC;ETF;Euronext Paris | Euronext Amsterdam - Multi-currency Trading;EUR;DE;OUI;-;Euronext;2026-08-04;BBG00ZSDG4R8;ELTC;BITWISE PHYSCL LITECOIN ETP;ETP;GR;OK
DE000A3GPSP7;VanEck Ethereum;VETH;ETF;Euronext Amsterdam - Multi-currency Trading | Euronext Paris;USD;DE;OUI;-;Euronext;2026-08-04;BBG00ZTGWLD9;VETH;VANECK ETHEREUM ETN;ETP;GR;OK
DE000A3GSUC5;VanEck Polkadot;VDOT;ETF;Euronext Amsterdam - Multi-currency Trading | Euronext Paris;USD;DE;OUI;-;Euronext;2026-08-04;BBG012N09YJ4;VDOT;VANECK POLKADOT ETN;ETP;GR;OK
DE000A3GSUD3;VanEck Solana;VSOL;ETF;Euronext Amsterdam - Multi-currency Trading | Euronext Paris;USD;DE;OUI;-;Euronext;2026-08-04;BBG012N0C031;VS0L;VANECK SOLANA ETN;ETP;GR;OK
DE000A3GSUE1;VanEck TRON;VTRX;ETF;Euronext Amsterdam - Multi-currency Trading | Euronext Paris;USD;DE;OUI;-;Euronext;2026-08-04;BBG012N0CMD2;VTRX;VANECK TRON ETN;ETP;GR;OK
DE000A3GYNB0;BITETNXRPUSDXPAR;GXRP;ETF;Euronext Paris;EUR;DE;OUI;-;Euronext;2026-08-04;BBG016PFX3H3;GXRP;BITWISE PHYSICAL XRP ETP;ETP;GR;OK
DE000A4A59D2;BITETNSOLTRMXPAR;BSOL;ETF;Euronext Paris;EUR;DE;OUI;-;Euronext;2026-08-04;BBG01R5V5XP0;BITWSE 0 PERP;BITWISE EUROPE GMBH;DOMESTIC;FRANKFURT;OK
DE000A4A5Z07;VANETNMVPYTHXAMS;VPYT;ETF;Euronext Amsterdam | Euronext Paris - Multi-currency Trading;EUR;DE;OUI;-;Euronext;2026-08-04;BBG01QKFLLR6;VPYT;VANECK PYTH ETN;ETP;NA;OK
DE000A4A5Z72;VANETNMVSUIVXAMS;VSUI;ETF;Euronext Amsterdam | Euronext Paris - Multi-currency Trading;EUR;DE;OUI;-;Euronext;2026-08-04;BBG01PL5BSJ4;VSUI;VANECK SUI ETN;ETP;NA;OK
DE000A4AER62;BITETNBRRETFP;BTC1;ETF;ETF Plus | Euronext Amsterdam - Multi-currency Trading | Euronext Paris;EUR;DE;OUI;-;Euronext;2026-08-04;BBG01MJHKWJ9;BTC1;BITWISE CORE BITCOIN ETP;ETP;GR;OK
DE000A4AKW34;BITETCBTCGXAMS;BTCG;ETF;Euronext Amsterdam - Multi-currency Trading | Euronext Paris | ETF Plus;USD;DE;OUI;-;Euronext;2026-08-04;BBG01S9HVM61;BTCG;BITWISE DIAMAN BTC & GOLD;ETP;FP;OK
DE000A4AKZB4;VANETNMVTIAVXAMS;VTIA;ETF;Euronext Amsterdam | Euronext Paris - Multi-currency Trading;EUR;DE;OUI;-;Euronext;2026-08-04;BBG01T22N1T9;VTIA;VANECK CELESTIA ETN;ETP;NA;OK
DE000A4APQY4;DDAETNKKSTAOXPAR;STAO;ETF;Euronext Paris;EUR;DE;OUI;-;Euronext;2026-08-04;BBG01Y65H1Y8;STAO;SAFELLO STAKED BITTENSOR ETP;ETP;SW;OK
DE000A4APRP0;BITETNKBSTIAXPAR;TIAB;ETF;Euronext Paris;EUR;DE;OUI;-;Euronext;2026-08-04;BBG01XL8QNV2;TIAB;BITWISE CELESTIA STAKING ETP;ETP;FP;OK
FR0000021842;AMUNDI ETF BEL 20;BEL;ETF;Euronext Brussels;EUR;FR;OUI;-;Euronext;2026-08-04;BBG000PBC6M6;BEL;AMUNDI BEL 20 UCITS ETF;ETP;BB;OK
FR0007052782;AMUNDI ETF CAC 40;CAC;ETF;Euronext Paris;EUR;FR;OUI;-;Euronext;2026-08-04;BBG000F4HSG7;CAC;AMUNDI CAC 40;ETP;FP;OK
FR0007054358;AMUNDI ESTOXX50;MSE;ETF;Euronext Paris | ETF Plus;EUR;FR;OUI;-;Euronext;2026-08-04;BBG000CYCT13;LYSX;AMUNDI EUROSTOXX 50;ETP;GR;OK
FR0007056841;AMUETFDJEIMETFP;DJE;ETF;ETF Plus | Euronext Paris;EUR;FR;OUI;-;Euronext;2026-08-04;BBG000D75DD1;DJAM;AM DOW JNS INDS AVG UC ETF-D;ETP;GR;OK
FR0007075494;LYXOR ETF DJ GT50;MGT;ETF;Euronext Paris | ETF Plus;EUR;FR;OUI;-;Euronext;2026-08-04;BBG000BZMG90;MGT;AMN DJ GL TTN 50 UCITS ETF-D;ETP;IM;OK
FR0010010827;AMUNDI FTSE MIB;MIB;ETF;Euronext Paris | ETF Plus;EUR;FR;OUI;-;Euronext;2026-08-04;BBG000C48VN5;ETFMIB;AMUNDI FTSE MIB UCITS ETF;ETP;IM;OK
FR0010150458;BNPP CAC 40 ESG;E40;ETF;Euronext Paris;EUR;FR;OUI;ESG ETF art. 8;Euronext;2026-08-04;BBG000C1Y7X4;E40;BNP PAR EA CAC40R ESG UC-DIS;ETP;FP;OK
FR0010245514;AMUNDI ETF TOPIX;JPN;ETF;Euronext Paris | ETF Plus;EUR;FR;OUI;-;Euronext;2026-08-04;BBG000FL7L93;JPN;AMUNDI JAPAN TOPIX DIST EUR;ETP;FP;OK
FR0010261198;AMUNDI MSCI EUR;MEU;ETF;Euronext Paris | ETF Plus;EUR;FR;OUI;-;Euronext;2026-08-04;BBG000DSYCG2;LYY5;AM MSCI EUROPE UCITS ETF ACC;ETP;GR;OK
FR0010315770;AMUNDI MSCI WOR;WLD;ETF;Euronext Paris | ETF Plus;EUR;FR;OUI;-;Euronext;2026-08-04;BBG000DXL160;WLD;AM MSCI WORLD SP II ETF DIST;ETP;FP;OK
FR0010342592;Amundi NSDQ LEV;LQQ;ETF;Euronext Paris | ETF Plus;EUR;FR;OUI;-;Euronext;2026-08-04;BBG000PQNJ89;LQQ;AMUND NASDAQ 100 DALY LEV;ETP;FP;OK
FR0010361683;AMUNDI ETF INDIA;INR;ETF;Euronext Paris | ETF Plus;EUR;FR;OUI;-;Euronext;2026-08-04;BBG000C13BR6;INDI;AM MSCI INDIA SP ETF EUR ACC;ETP;IM;OK
FR0010405431;AMUNDI MSCI GREECE;GRE;ETF;Euronext Paris | ETF Plus;EUR;FR;OUI;-;Euronext;2026-08-04;BBG000PNWVR8;LYXGRE;AMUNDI MSCI GREECE;ETP;GR;OK
FR0010411884;AMUNDI ETF BX4;BX4;ETF;Euronext Paris;EUR;FR;OUI;-;Euronext;2026-08-04;BBG000PG0NN0;BX4;AMUND CAC40 DX2SHRT;ETP;FP;OK
FR0010424135;AMUNDI ETF SX50 DS;BSX;ETF;Euronext Paris | ETF Plus;EUR;FR;OUI;-;Euronext;2026-08-04;BBG000R21FV6;BSXP;AMUNDI EURSTX50 DAILY -1X;ETP;IX;OK
FR0010424143;AMUNDI SX50 DDS;BXX;ETF;Euronext Paris | ETF Plus;EUR;FR;OUI;-;Euronext;2026-08-04;BBG000R30XZ2;BXX;AMUND EURSTX 50 D -2X INVERS;ETP;FP;OK
FR0010429068;AMUNDI ETF MSCI EM;LEM;ETF;Euronext Paris | ETF Plus;EUR;FR;OUI;-;Euronext;2026-08-04;BBG000G6X0R2;LYXLEM;AM MSCI EM SP II ETF EUR ACC;ETP;GR;OK
FR0010446146;MULSTRRTIBITETFP;BERMIB;ETF;ETF Plus;EUR;FR;OUI;-;Euronext;2026-08-04;BBG000V07HX3;BERMIB;AMUND FTSE MIB D-1X INV;ETP;IM;OK
FR0010446658;MULSTRVMIBIMETFP;LEVMIB;ETF;ETF Plus;EUR;FR;OUI;-;Euronext;2026-08-04;BBG000V07MH0;LEVMIB;AMUND FTSE MIB D 2X LEV;ETP;IM;OK
FR0010446666;MULSTRRMIBIMETFP;XBRMIB;ETF;ETF Plus;EUR;FR;OUI;-;Euronext;2026-08-04;BBG000Q31486;XBRMI;AMUND FTSE MIB D2X INV;ETP;EO;OK
FR0010468983;AMUNDI ETF SX50 DL;LVE;ETF;Euronext Paris | ETF Plus;EUR;FR;OUI;-;Euronext;2026-08-04;BBG000GG28X0;LYXLVE;AMUND EURSTX50 DAILY LEV;ETP;GR;OK
FR0010510800;AMUNDI EUR CASH;CSH;ETF;Euronext Paris | ETF Plus;EUR;FR;OUI;-;Euronext;2026-08-04;BBG000JFGV18;CSH1;AMUND EURO OVERNIGHT RETURN;ETP;EO;OK
FR0010524777;AMUNDI NEW ENER;NRJ;ETF;Euronext Paris | ETF Plus;EUR;FR;OUI;ESG ETF art. 8;Euronext;2026-08-04;BBG000N87J98;LYNRJ;AMI MSCI NEY ESG SR UCTS ETF;ETP;SW;OK
FR0010527275;AMUNDI ETF W WATER;WAT;ETF;Euronext Paris | ETF Plus;EUR;FR;OUI;ESG ETF art. 8;Euronext;2026-08-04;BBG000N86937;LYWAT;AMDI MSCI WATER UCITS DR-ACC;ETP;SW;OK
FR0010591362;AMUNDI ETF SHT CAC;SHC;ETF;Euronext Paris;EUR;FR;OUI;-;Euronext;2026-08-04;BBG000BM9BB2;SHC;AMUND CAC 40 DAILY -1X INVER;ETP;EO;OK
FR0010592014;AMUNDI ETF LEV CAC;LVC;ETF;Euronext Paris;EUR;FR;OUI;-;Euronext;2026-08-04;BBG000BQ2TH5;LVC;AMUND CAC 40 DAILY 2X LEV;ETP;EO;OK
FR0010655704;AMUNDI ETF CAC FRA;CF1;ETF;Euronext Paris;EUR;FR;OUI;-;Euronext;2026-08-04;BBG000BHNMP8;CF1;AMD CAC TRNST CLIMT UCIT ETF;ETP;FP;OK
FR0010655712;AMUETFDAXETFP;CG1;ETF;ETF Plus | Euronext Paris;EUR;FR;OUI;-;Euronext;2026-08-04;BBG000BFN4W4;CG1;AMUNDI ETF DAX UCITS ETF DR;ETP;FP;OK
FR0010655746;AMUNDI ETF MS SPA;CS1;ETF;Euronext Paris;EUR;FR;OUI;-;Euronext;2026-08-04;BBG000J36H71;CS1;AMUNDI IBEX 35 UCITS ACC;ETP;FP;OK
FR0010717090;AMUNDI ETF EMU HDV;CD8;ETF;Euronext Paris;EUR;FR;OUI;-;Euronext;2026-08-04;BBG000BT8F29;CD8;AM MSCI EMU HIGH DVD ETF ACC;ETP;FP;OK
FR0010754200;AMUETFC3MIMETFP;C3M;ETF;ETF Plus | Euronext Paris;EUR;FR;OUI;-;Euronext;2026-08-04;BBG000N6SZX6;C3M;AM EURO GOV BD 0-6 M ETF ACC;ETP;FP;OK
FR0010755611;AMUNDI ETF LEV USA;CL2;ETF;Euronext Paris | ETF Plus;EUR;FR;OUI;-;Euronext;2026-08-04;BBG000N6WSQ5;CL2;AM MSCI USA DLY 2X L ETF ACC;ETP;FP;OK
FR0010756114;AMUETFCM9IMETFP;CM9;ETF;ETF Plus | Euronext Paris;EUR;FR;OUI;-;Euronext;2026-08-04;BBG000N6T5Z9;CM9;AM MSCI WORLD EX EMU ETF ACC;ETP;FP;OK
FR0010790980;AMUNDI ETF STOXX50;C5E;ETF;Euronext Paris;EUR;FR;OUI;-;Euronext;2026-08-04;BBG000PLGWM3;C5E;AM STOXX EUROPE 50 U ETF ACC;ETP;FP;OK
FR0010821819;AMUNDI ETF EU X EM;CU9;ETF;Euronext Paris;EUR;FR;OUI;-;Euronext;2026-08-04;BBG000Q5XSC8;CU9;AMUNDI MSCI EUROPE EX EMU ES;ETP;FP;OK
FR0010869495;AMUNDI ETF DAX DS2;DSD;ETF;Euronext Paris | ETF Plus;EUR;FR;OUI;-;Euronext;2026-08-04;BBG000QRPCN2;DSD;AMUNDI DAILY SHORTDAY X2;ETP;FP;OK
FR0010869578;AMUNDI BUND DDS;DSB;ETF;Euronext Paris | ETF Plus;EUR;FR;OUI;-;Euronext;2026-08-04;BBG000QRPDF9;DSB;AMUNDI BUND DAILY -2X INV;ETP;FP;OK
FR0010930644;AMUNDI ETF MS E EN;ANRJ;ETF;Euronext Paris;EUR;FR;OUI;ESG ETF art. 8;Euronext;2026-08-04;BBG00171YSJ8;ANRJ;AMUNDI GLOBAL HYDROGEN;ETP;FP;OK
FR0011023621;MULSTRTP2SIMETFP;BTP2S;ETF;ETF Plus | Euronext Paris;EUR;FR;OUI;-;Euronext;2026-08-04;BBG001NVL0Y2;BTPS;AMUNDI ITALY BTP DAILY -2X I;ETP;FP;OK
FR0011440478;AMUNDI MSCI EM PEA;PLEM;ETF;Euronext Paris;EUR;FR;OUI;ESG ETF art. 8;Euronext;2026-08-04;BBG006K5CZK9;PLEM;AM PE MSCI EME ESG TRN ETF-E;ETP;FP;OK
FR0011475078;AMUNDI TOPIX DH;JPNH;ETF;Euronext Paris | ETF Plus;EUR;FR;OUI;-;Euronext;2026-08-04;BBG004HTR7T3;JPNH;AMI JAPAN TOPIX-D-HDG-EUR;ETP;FP;OK
FR0011550177;BNPP SP500 USD C;ESD;ETF;Euronext Paris - Multi-currency Trading;USD;FR;OUI;-;Euronext;2026-08-04;BBG0058QVR71;ESD;BNP EASY S&P 500 USD;ETP;FP;OK
FR0011550185;BNPETFSP500TETFP;ESEE;ETF;ETF Plus | Euronext Paris;EUR;FR;OUI;-;Euronext;2026-08-04;BBG0058QVRY1;ESE;BNP EASY S&P 500 EUR;ETP;FP;OK
FR0011550193;BNPP Stoxx 600C;ETZ;ETF;Euronext Paris;EUR;FR;OUI;-;Euronext;2026-08-04;BBG0058QVQ00;ETZ;BNP EASY STOXX EUROPE 600 C;ETP;FP;OK
FR0011550672;BNPP Stoxx 600CD;ETZD;ETF;Euronext Paris;EUR;FR;OUI;-;Euronext;2026-08-04;BBG005BLJCX6;ETZD;BNP P STOXX EUROPE 600 ETF;ETP;FP;OK
FR0011550680;BNPP SP500 USD CD;ESDD;ETF;Euronext Paris - Multi-currency Trading;USD;FR;OUI;-;Euronext;2026-08-04;BBG005BLL112;ESDD;BNP P EA S&P 500 UCIT ETF-HC;ETP;FP;OK
FR0011660927;AMUNDI MSCI WDH;WLDH;ETF;Euronext Paris | ETF Plus;EUR;FR;OUI;-;Euronext;2026-08-04;BBG005ZPDWX3;WLDH;AM MSCI W SPII ETF EUR H DIS;ETP;FP;OK
FR0011720911;MULETFCNAAIMETFP;CNAA;ETF;ETF Plus | Euronext Paris;EUR;FR;OUI;-;Euronext;2026-08-04;BBG0071KSMK7;CNAA;AMUNDI MSCI CHINA A UCITS ET;ETP;FP;OK
FR0011758085;MULETFAMIDIMETFP;ITAMID;ETF;ETF Plus;EUR;FR;OUI;-;Euronext;2026-08-04;BBG006F8SHD0;ITAMID;AMUNDI FTSE ITALIA PMI PIR 2;ETP;IM;OK
FR0011857234;MULETFMDAXNRXPAR;MDX;ETF;Euronext Paris;EUR;FR;OUI;-;Euronext;2026-08-04;BBG006MJC7V7;MD4X;AMUNDI MDAX UCITS ETF;ETP;GR;OK
FR0011869270;AMUNDI DJIA PEA;PDJE;ETF;Euronext Paris;EUR;FR;OUI;ESG ETF art. 8;Euronext;2026-08-04;BBG006JD53D1;PDJE;AMUNDI PEA S&P US INDUSTRIAL;ETP;FP;OK
FR0011869304;AM IMMO EUR PEA;PMEH;ETF;Euronext Paris;EUR;FR;OUI;-;Euronext;2026-08-04;BBG006N6J2V8;PMEH;AM P IM EU FTS EP/NA U ETF-C;ETP;FP;OK
FR0011869312;AM ASIP EXJ PEA;PAEJ;ETF;Euronext Paris;EUR;FR;OUI;-;Euronext;2026-08-04;BBG006ML67L0;PAEJ;AM P AP M AC AP EX JAP ETF-C;ETP;FP;OK
FR0011869320;AMUNDI INDIA PEA;PINR;ETF;Euronext Paris;EUR;FR;OUI;-;Euronext;2026-08-04;BBG006K65VQ8;PINR;AM PEA INDE MS IND UCT ETF-E;ETP;FP;OK
FR0011871078;AMUNDI Chine PEA;PASI;ETF;Euronext Paris;EUR;FR;OUI;ESG ETF art. 8;Euronext;2026-08-04;BBG006MLH8K7;PASI;AMU PEA CH MSC CH SCR UC-AEU;ETP;FP;OK
FR0011871110;AM NSDQ 100 PEA;PUST;ETF;Euronext Paris;EUR;FR;OUI;-;Euronext;2026-08-04;BBG006K56ZR9;PUST;AM PEA NASDQ-100 UCITS ETF-C;ETP;FP;OK
FR0011871128;AMUNDI SP500 PEA;PSP5;ETF;Euronext Paris;EUR;FR;OUI;-;Euronext;2026-08-04;BBG006JD69P4;PSP5;AMN PEA S&P 500 UCTS ETF-CAP;ETP;FP;OK
FR0011871136;AM PEA SP5H EUR;PSPH;ETF;Euronext Paris;EUR;FR;OUI;-;Euronext;2026-08-04;BBG00MNSN6V1;PSPH;AM PEA S&P 500 U ETF-D HDG E;ETP;FP;OK
FR0011882364;AMUNDI W WATER PEA;AWAT;ETF;Euronext Paris;EUR;FR;OUI;-;Euronext;2026-08-04;BBG006KJBD56;AWAT;AMUNDI PEA EAU (MSCI WATER);ETP;FP;OK
FR0012739431;BNPP EUROSTOXX50 C;ETDD;ETF;Euronext Paris;EUR;FR;OUI;-;Euronext;2026-08-04;BBG009LSXJ52;ETDD;BNP PAR EA EUSO 50 UC ET-ECC;ETP;FP;OK
FR0012740983;BNPP EURSTOX50 C/D;ETBB;ETF;Euronext Paris;EUR;FR;OUI;-;Euronext;2026-08-04;BBG009LT07P0;ETBB;BNP P EURO STOXX 50 UCITS;ETP;FP;OK
FR0013041530;BNPETFSP500TETFP;ESEH;ETF;ETF Plus | Euronext Paris;EUR;FR;OUI;-;Euronext;2026-08-04;BBG00BCF3TH3;ESEH;BNP EASY S&P 500 EH;ETP;FP;OK
FR0013209921;MULETFWLDXIMETFP;WLDX;ETF;ETF Plus;EUR;FR;OUI;ESG ETF art. 8;Euronext;2026-08-04;BBG00FD7XFS6;WLDX;AMD MSCI WE U S UCITS ETF-UA;ETP;IM;OK
FR0013346681;AMUNDI PEA OBLI;OBLI;ETF;Euronext Paris;EUR;FR;OUI;-;Euronext;2026-08-04;BBG00MXJN1X9;OBLI;AMUNDI PEA EURO COURT TERME;ETP;FP;OK
FR0013380607;AMUNDI CAC40 ACC;CACC;ETF;Euronext Paris;EUR;FR;OUI;-;Euronext;2026-08-04;BBG00N5BMHD3;CACC;AMUNDI CAC 40;ETP;FP;OK
FR0013411980;AMUNDI PEA TOPIX;PTPXE;ETF;Euronext Paris;EUR;FR;OUI;-;Euronext;2026-08-04;BBG00NWSL9T8;PTPXE;AM PEA JP TOPIX ETF EUR ACC;ETP;FP;OK
FR0013411998;AMUNDI PEA TOPIX H;PTPXH;ETF;Euronext Paris;EUR;FR;OUI;-;Euronext;2026-08-04;BBG00NWSLN62;PTPXH;AM PEA JP TOPIX ETF EUR H AC;ETP;FP;OK
FR0013412004;AMUNDI PEA EM ALAT;PALAT;ETF;Euronext Paris;EUR;FR;OUI;ESG ETF art. 8;Euronext;2026-08-04;BBG00NWSKXT6;PALAT;AM PEA MSCI EM LTN AM ETF-EA;ETP;FP;OK
FR0013412012;AMUNDI PEA EM ASIA;PAASI;ETF;Euronext Paris;EUR;FR;OUI;ESG ETF art. 8;Euronext;2026-08-04;BBG00NWSKW45;PAASI;AM PEA MSCI EM AS SCR ETF-EA;ETP;FP;OK
FR0013412020;AMUNDI PEA MSCI EM;PAEEM;ETF;Euronext Paris;EUR;FR;OUI;ESG ETF art. 8;Euronext;2026-08-04;BBG00NWSKJ53;PAEEM;AM PEA MSCI EM ESG TRN ETF-E;ETP;FP;OK
FR0013412038;AMUNDI PEA EUROPE;PCEU;ETF;Euronext Paris;EUR;FR;OUI;-;Euronext;2026-08-04;BBG00NWS3XL3;PCEU;AM PEA MSCI EUROPE U ETF ACC;ETP;FP;OK
FR0013412269;AMUNDI PEA NASDAQ;PANX;ETF;Euronext Paris;EUR;FR;OUI;ESG ETF art. 8;Euronext;2026-08-04;BBG00NWSK786;PANX;AMUNDI PEA US TECH SC UCITS;ETP;FP;OK
FR0013412285;AMUNDI PEA SP500;PE500;ETF;Euronext Paris;EUR;FR;OUI;ESG ETF art. 8;Euronext;2026-08-04;BBG00NWSH6B8;PE500;AMUNDI PEA S&P 500 SC UCITS;ETP;FP;OK
FR0013412293;AMUNDI PEA SP500 H;P500H;ETF;Euronext Paris;EUR;FR;OUI;ESG ETF art. 8;Euronext;2026-08-04;BBG00NWSJXC6;P500H;AMD PE S&P500 SCR UC ETF-EHA;ETP;FP;OK
FR0013416716;AMUETCOROETFP;GOLD;ETF;ETF Plus | Euronext Amsterdam - Multi-currency Trading | Euronext Paris;EUR;FR;OUI;-;Euronext;2026-08-04;BBG00P520MY8;GOLD;AMUNDI PHYSICAL GOLD ETC;ETP;FP;OK
FR0014002CG3;Amundi MSCI Energy;NRJC;ETF;Euronext Paris | ETF Plus;EUR;FR;OUI;ESG ETF art. 8;Euronext;2026-08-04;BBG0115K3Z96;NRJC;AMI MI NEY ESG SR UCTS ETF-A;ETP;FP;OK
FR0014002CH1;Amundi MSCI Water;WATC;ETF;Euronext Paris | ETF Plus;EUR;FR;OUI;ESG ETF art. 8;Euronext;2026-08-04;BBG0110QGTC4;WATC;AMDI MSCI WATER ESG DR-ACC;ETP;SW;OK
FR0014002H76;MULETFMIBNTRETFP;MIBA;ETF;ETF Plus;EUR;FR;OUI;-;Euronext;2026-08-04;BBG01162CCL2;MIBA;AMNDI FTSE MIB UTS ETF D - A;ETP;IM;OK
FR0014002IH8;BITCOIN ETF EUR;BTC;ETF;Euronext Paris | Euronext Amsterdam | ETF Plus;EUR;FR;OUI;-;Euronext;2026-08-04;BBG0133B53C9;BTC;MELANION BTC EQUIT UCITS ETF;ETP;FP;OK
FR0014003IY1;Amundi MSCI W II;WLDC;ETF;Euronext Paris | ETF Plus;EUR;FR;OUI;-;Euronext;2026-08-04;BBG011KCNPH8;WLDC;AM MSCI WORLD SWP II ETF ACC;ETP;IM;OK
FR0014003N93;MULTI MSCI WdHEUR;WLDHC;ETF;Euronext Paris;EUR;FR;OUI;-;Euronext;2026-08-04;BBG011DXPN74;WLDHC;AM MSCI W SPII ETF EUR H ACC;ETP;FP;OK
FR001400KE06;Am PEA US ConsStpl;COSE;ETF;Euronext Paris;EUR;FR;OUI;ESG ETF art. 8;Euronext;2026-08-04;BBG01KYKHG71;COSE;AMUNDI PEA S&P US CS SC;ETP;FP;OK
FR001400KH45;AM PEA USA Value;USVE;ETF;Euronext Paris;EUR;FR;OUI;ESG ETF art. 8;Euronext;2026-08-04;BBG01KYKLLP5;USVE;AMUNDI PEA MSCI USA VALUE;ETP;FP;OK
FR001400S9V0;AMUETFGLUXIMXPAR;MLUX;ETF;Euronext Paris;EUR;FR;OUI;-;Euronext;2026-08-04;BBG01R372B49;MLUX;AMDI PEA LUX MONDE UCI ETF C;ETP;FP;OK
FR001400SDI8;AMUACTISRAXPAR;ISRA;ETF;Euronext Paris;EUR;FR;OUI;ESG ETF art. 8;Euronext;2026-08-04;BBG01R0LF6W7;ISRA;AMDI ISR AC EURO UCITS ETF C;ETP;FP;OK
FR001400SDJ6;AMUACTISRJXPAR;ISRJ;ETF;Euronext Paris;EUR;FR;OUI;ESG ETF art. 8;Euronext;2026-08-04;BBG01R01Z5B4;ISRJ;AMDI LABL ISR ACT JPN ETF C;ETP;FP;OK
FR001400SDK4;AMUACTISJHXPAR;ISJH;ETF;Euronext Paris;EUR;FR;OUI;ESG ETF art. 8;Euronext;2026-08-04;BBG01R01Z5M2;ISJH;AMDI LABL ISR ACT JPN ETF HC;ETP;FP;OK
FR001400SDL2;AMUETFGEASIMXPAR;ISRG;ETF;Euronext Paris;EUR;FR;OUI;ESG ETF art. 8;Euronext;2026-08-04;BBG01VF3TPX4;ISRG;AMUD LBL ISR ACTIONS EMERG C;ETP;FP;OK
FR001400SDM0;AMUACTISRMXPAR;ISRM;ETF;Euronext Paris;EUR;FR;OUI;ESG ETF art. 8;Euronext;2026-08-04;BBG01R036L54;ISRM;AMDI ISR ACTIONS MONDE ETF C;ETP;FP;OK
FR001400SDN8;AMUACTISRUXPAR;ISRU;ETF;Euronext Paris;EUR;FR;OUI;ESG ETF art. 8;Euronext;2026-08-04;BBG01R03V3C8;ISRU;AMDI ISR ACT US UCITS ETF C;ETP;FP;OK
FR001400SDO6;AMUACTISUHXPAR;ISUH;ETF;Euronext Paris;EUR;FR;OUI;ESG ETF art. 8;Euronext;2026-08-04;BBG01R0MHVX7;ISUH;AMDI ISR ACT US UC ET EURH C;ETP;FP;OK
FR001400SDP3;AMUACTISRCXPAR;ISRC;ETF;Euronext Paris;EUR;FR;OUI;ESG ETF art. 8;Euronext;2026-08-04;BBG01R01HB49;ISRC;AMDI ISR CRED EUR UCIT ETF C;ETP;FP;OK
FR001400SDQ1;AMUACTISRDXPAR;ISRD;ETF;Euronext Paris;EUR;FR;OUI;ESG ETF art. 8;Euronext;2026-08-04;BBG01R01H8J0;ISRD;AMDI ISR CRED US UCITS ETF C;ETP;FP;OK
FR001400SQV3;AMUACTISCHXPAR;ISCH;ETF;Euronext Paris;EUR;FR;OUI;ESG ETF art. 8;Euronext;2026-08-04;BBG01R01HC29;ISCH;AMDI ISR CRED USD ETF EU H C;ETP;FP;OK
FR001400U5Q4;AMUETFMSDEWIXPAR;DCAM;ETF;Euronext Paris;EUR;FR;OUI;-;Euronext;2026-08-04;BBG01SJT9VZ7;DCAM;AMUNDI PEA MONDE MSCI WORLD;ETP;FP;OK
FR001400XS96;CMAETFSX5TXPAR;CM5E;ETF;Euronext Paris;EUR;FR;OUI;-;Euronext;2026-08-04;BBG01VZYNDW8;CM5E;CM-AM EURO STOXX 50 UCIT ETF;ETP;FP;OK
FR001400ZGO4;AMUETFMXEECCXPAR;PEMS;ETF;Euronext Paris;EUR;FR;OUI;ESG ETF art. 8;Euronext;2026-08-04;BBG01V8QZR33;PEMS;AMDI PEA EMERG ESG C;ETP;FP;OK
FR001400ZGP1;MULETFSX5TXPAR;MSES;ETF;Euronext Paris;EUR;FR;OUI;-;Euronext;2026-08-04;BBG01V8QGZN4;MSES;AMDI EUR STX50II C;ETP;FP;OK
FR001400ZGQ9;MULETFC40TRIXPAR;CA40;ETF;Euronext Paris;EUR;FR;OUI;-;Euronext;2026-08-04;BBG01V8QF891;CA40;AMDI CAC40 C;ETP;FP;OK
FR001400ZGR7;AMUETFNSDQXPAR;PNAS;ETF;Euronext Paris;EUR;FR;OUI;-;Euronext;2026-08-04;BBG01V8QMBP8;PNAS;AMDI PEA NDQ-100 C;ETP;FP;OK
FR001400ZGS5;AMUETFSPXESAXPAR;PSPS;ETF;Euronext Paris;EUR;FR;OUI;ESG ETF art. 8;Euronext;2026-08-04;BBG01V8QN2Z6;PSPS;AMDI PEA S&P5 SC C;ETP;FP;OK
FR0014010HV4;MULStrMXWOLDXPAR;LWLD;ETF;Euronext Paris;EUR;FR;OUI;-;Euronext;2026-08-04;BBG01XF83080;LWLD;AMUD MSCI WRLD (2X) LEVRGD;ETP;FP;OK
FR0014017NX3;AMUETFNDEEWNXPAR;GPEA;ETF;Euronext Paris;EUR;FR;OUI;-;Euronext;2026-08-04;BBG0231VDV17;GPEA;AMNDI PEA GLBL MSCI ACWI ETF;ETP;FP;OK
FR0014018UB2;CMAETFSP500XPAR;CMSP;ETF;Euronext Paris;EUR;FR;OUI;-;Euronext;2026-08-04;BBG023GDCQK2;CMSP;CM-AM S&P 500 UCITS ETF;ETP;FP;OK
GB00B00FHZ82;GOLD BULLION SEC;GBS;ETF;Euronext Paris, Brussels | ETF Plus;EUR;GB;NON;-;Euronext;2026-08-04;BBG000N5LSG0;GBS;GOLD BULLION SECURITIES LTD;ETP;LN;OK
GB00B15KXN58;WISETCALUMIMETFP;ALUM;ETF;ETF Plus;EUR;GB;NON;-;Euronext;2026-08-04;BBG000BL2882;ALUM;WT ALUMINIUM;ETP;LN;OK
GB00B15KXQ89;WISETCCOPAIMETFP;COPA;ETF;ETF Plus | Euronext Paris;EUR;GB;NON;-;Euronext;2026-08-04;BBG000BL3W79;COPA;WT COPPER;ETP;LN;OK
GB00B15KXT11;WISETCCOTNIMETFP;COTN;ETF;ETF Plus;EUR;GB;NON;-;Euronext;2026-08-04;BBG000BGJKT5;COTN;WT COTTON;ETP;LN;OK
GB00B15KXV33;WISETCCRUDIMETFP;CRUD;ETF;ETF Plus | Euronext Paris;EUR;GB;NON;-;Euronext;2026-08-04;BBG000BL4FN7;CRUD;WT WTI CRUDE OIL;ETP;LN;OK
GB00B15KXW40;WISETCUGASIMETFP;UGAS;ETF;ETF Plus;EUR;GB;NON;-;Euronext;2026-08-04;BBG000BL7L33;UGAS;WT GASOLINE;ETP;LN;OK
GB00B15KXX56;WISETCSBULIMETFP;BULL;ETF;ETF Plus | Euronext Paris;EUR;GB;NON;-;Euronext;2026-08-04;BBG000BL7MC1;BULL;WT GOLD;ETP;LN;OK
GB00B15KY211;WISETCNICKIMETFP;NICK;ETF;ETF Plus;EUR;GB;NON;-;Euronext;2026-08-04;BBG000BLC6J3;NICK;WT NICKEL;ETP;LN;OK
GB00B15KY328;WISETCSLVRIMETFP;SLVR;ETF;ETF Plus | Euronext Paris;EUR;GB;NON;-;Euronext;2026-08-04;BBG000BMP3R5;SLVR;WT SILVER;ETP;LN;OK
GB00B15KY435;WISETCSOYOIMETFP;SOYO;ETF;ETF Plus;EUR;GB;NON;-;Euronext;2026-08-04;BBG000BLC8T8;SOYO;WT SOYBEAN OIL;ETP;LN;OK
GB00B15KY542;WISETCSOYBIMETFP;SOYB;ETF;ETF Plus;EUR;GB;NON;-;Euronext;2026-08-04;BBG000BLCH18;SOYB;WT SOYBEANS;ETP;LN;OK
GB00B15KY658;WISETCSUGAIMETFP;SUGA;ETF;ETF Plus;EUR;GB;NON;-;Euronext;2026-08-04;BBG000BLBXG8;SUGA;WT SUGAR;ETP;LN;OK
GB00B15KY872;WISETCZINCIMETFP;ZINC;ETF;ETF Plus;EUR;GB;NON;-;Euronext;2026-08-04;BBG000BLDV70;ZINC;WT ZINC;ETP;LN;OK
GB00B15KY989;WISETCBLOCOMETFP;AIGC;ETF;ETF Plus | Euronext Paris;EUR;GB;NON;-;Euronext;2026-08-04;BBG000BLDWV1;AIGC;WT BROAD COMMODITIES;ETP;LN;OK
GB00B15KYB02;WISETCBLOENEETFP;AIGE;ETF;ETF Plus;EUR;GB;NON;-;Euronext;2026-08-04;BBG000BLF049;AIGE;WT ENERGY;ETP;LN;OK
GB00B15KYC19;WISETCAIGOIMETFP;AIGO;ETF;ETF Plus;EUR;GB;NON;-;Euronext;2026-08-04;BBG000BLF860;AIGO;WT PETROLEUM;ETP;LN;OK
GB00B15KYF40;WISETCAIGPIMETFP;AIGP;ETF;ETF Plus | Euronext Paris;EUR;GB;NON;-;Euronext;2026-08-04;BBG000BLFDZ7;AIGP;WT PRECIOUS METALS;ETP;LN;OK
GB00B15KYG56;WISETCSIMTIMETFP;AIGI;ETF;ETF Plus | Euronext Paris;EUR;GB;NON;-;Euronext;2026-08-04;BBG000BLFJD8;AIGI;WT INDUSTRIAL METALS;ETP;LN;OK
GB00B15KYH63;WISETCBLOAGRETFP;AIGA;ETF;ETF Plus | Euronext Paris;EUR;GB;NON;-;Euronext;2026-08-04;BBG000BLFVZ7;AIGA;WT AGRICULTURE;ETP;LN;OK
GB00B15KYJ87;WISETCAIGSIMETFP;AIGS;ETF;ETF Plus;EUR;GB;NON;-;Euronext;2026-08-04;BBG000BLHLW0;AIGS;WT SOFTS;ETP;LN;OK
GB00B15KYK92;WISETCAIGLIMETFP;AIGL;ETF;ETF Plus;EUR;GB;NON;-;Euronext;2026-08-04;BBG000BLHP88;AIGL;WT LIVESTOCK;ETP;LN;OK
GB00B15KYL00;WISETCAIGGIMETFP;AIGG;ETF;ETF Plus;EUR;GB;NON;-;Euronext;2026-08-04;BBG000BLHWB9;AIGG;WT GRAINS;ETP;LN;OK
GB00BJYDH287;WisdomTree Bitcoin;WBTC;ETF;Euronext Paris | Euronext Amsterdam - Multi-currency Trading | ETF Plus;EUR;GB;NON;-;Euronext;2026-08-04;BBG00R0MB9Q1;BTCW;WISDOMTREE PHYSICAL BITCOIN;ETP;SW;OK
GB00BJYDH394;WisdomTree Ether.;ETHW;ETF;Euronext Amsterdam - Multi-currency Trading | Euronext Paris | ETF Plus;USD;GB;NON;-;Euronext;2026-08-04;BBG0109P3HX6;ETHW;WISDOMTREE PHYSICAL ETHEREUM;ETP;SW;OK
GB00BLD4ZL17;COIETNCCRIBTETFP;BITC;ETF;ETF Plus | Euronext Amsterdam | Euronext Paris;EUR;GB;NON;-;Euronext;2026-08-04;BBG00YJ7FZ96;BITC;COINSHARES BITCOIN ETP;ETP;SW;OK
GB00BLD4ZM24;COIETNCCRIETETFP;ETHE;ETF;ETF Plus | Euronext Amsterdam | Euronext Paris;EUR;GB;NON;-;Euronext;2026-08-04;BBG00Z3HLCM7;ETHE;COINSHARES ETHER STK ETP;ETP;SW;OK
GB00BLD4ZN31;COIETNCCRIXRXPAR;XRPL;ETF;Euronext Paris;EUR;GB;NON;-;Euronext;2026-08-04;BBG00ZTH3QV8;XRPL;COINSHARES XRP ETP;ETP;SW;OK
GB00BMTP1519;WISETNCD10CXETFP;ALTC;ETF;ETF Plus | Euronext Amsterdam - Multi-currency Trading | Euronext Paris;EUR;GB;NON;-;Euronext;2026-08-04;BBG013RRX435;WALT;WISDOMTREE PHYSICAL CRYPTO A;ETP;SW;OK
GB00BMTP1626;WT Crypto Market;BLOC;ETF;Euronext Paris | Euronext Amsterdam - Multi-currency Trading;EUR;GB;NON;-;Euronext;2026-08-04;BBG013RRV5K5;BLOC;WISDOMTREE PHY CRPT MEGA CAP;ETP;SW;OK
GB00BMTP1733;WT Crypto Mega Cap;MEGA;ETF;Euronext Amsterdam - Multi-currency Trading | Euronext Paris;USD;GB;NON;-;Euronext;2026-08-04;BBG013RRR9C1;MEGA;WISDOMTREE PHYSICAL CRYPTO M;ETP;SW;OK
GB00BN474G19;WISETNCD20LNETFP;WCRX;ETF;ETF Plus | Euronext Amsterdam - Multi-currency Trading | Euronext Paris;EUR;GB;NON;-;Euronext;2026-08-04;BBG01SC5X336;WCRP;WISDOMTREE PHYS COINDESK 20;ETP;SW;OK
GB00BN6NHH92;WISETNCSTEEVETFP;LSTE;ETF;ETF Plus | Euronext Amsterdam - Multi-currency Trading | Euronext Paris;EUR;GB;NON;-;Euronext;2026-08-04;BBG01YTTKMB6;LIST;WT PHYSICAL LIDO STAKED ETH;ETP;SW;OK
GB00BN7K9C82;WISETNCXLMRVETFP;WXLM;ETF;ETF Plus | Euronext Amsterdam - Multi-currency Trading | Euronext Paris;EUR;GB;NON;-;Euronext;2026-08-04;BBG01XV2RMF3;XLMW;WT PHYSICAL STELLAR LUMENS;ETP;SW;OK
GB00BNGJ9G01;WisdomTree Solana;SOLW;ETF;Euronext Paris | Euronext Amsterdam - Multi-currency Trading | ETF Plus;EUR;GB;NON;-;Euronext;2026-08-04;BBG0166GBWW5;SOLW;WISDOMTREE PHYSICAL SOLANA;ETP;SW;OK
GB00BNGJ9H18;WisdomTree DOT;WDOT;ETF;Euronext Amsterdam - Multi-currency Trading | Euronext Paris;USD;GB;NON;-;Euronext;2026-08-04;BBG0166G5Q55;DOTW;WISDOMTREE PHYSICAL POLKADOT;ETP;SW;OK
GB00BNGJ9J32;WisdomTree Cardano;WADA;ETF;Euronext Amsterdam - Multi-currency Trading | Euronext Paris;USD;GB;NON;-;Euronext;2026-08-04;BBG0166FWXX1;ADAW;WISDOMTREE PHYSICAL CARDANO;ETP;SW;OK
GB00BNRRF659;COIETNCCRIADXPAR;CSDA;ETF;Euronext Paris;EUR;GB;NON;-;Euronext;2026-08-04;BBG015VKXFF2;CSDA;COINSHARES ADA STK ETP;ETP;GR;OK
GB00BNRRFY34;COIETNCCRISOETFP;SLNC;ETF;ETF Plus | Euronext Paris;EUR;GB;NON;-;Euronext;2026-08-04;BBG015ZWHJL5;SLNC;COINSHARES SOLANA SK ETP;ETP;GR;OK
GB00BRC6JM96;VALETNHBARXAMS;HBAR;ETF;Euronext Amsterdam;EUR;GB;NON;-;Euronext;2026-08-04;BBG01NXXW6Z2;HBAR;1VALOUR HEDERA PHYSICAL STAK;ETP;NA;OK
GB00BRXHQ425;WISETNCCRIXRXAMS;XRPW;ETF;Euronext Amsterdam - Multi-currency Trading | Euronext Paris | ETF Plus;USD;GB;NON;-;Euronext;2026-08-04;BBG01QYFWXP5;XRPW;WISDOMTREE PHYSICAL XRP;ETP;SW;OK
IE00000EF730;ISHActEUEEETFP;EUEE;ETF;ETF Plus | Euronext Amsterdam - Multi-currency Trading;EUR;IE;OUI;ESG ETF art. 8;Euronext;2026-08-04;BBG01NT24F22;EUEE;ISHAR EURO EQ ENH ACTIV ETF;ETP;GR;OK
IE000017NMH7;WISETFWTADEFETFP;WDAF;ETF;ETF Plus | Euronext Paris;EUR;IE;OUI;-;Euronext;2026-08-04;BBG0217JTQJ7;WDAF;WISDOMTREE ASIA DEFENCE;ETP;LN;OK
IE00002QW7P5;ISHETFI40426XAMC;37ID;ETF;Euronext Amsterdam - Multi-currency Trading;USD;IE;OUI;ESG ETF art. 8;Euronext;2026-08-04;BBG02286FJS3;37ID;ISHRE IBND DEC 2037 ETF-DIST;ETP;NA;OK
IE00002ZKAP0;XTRActXEEEETFP;XEEE;ETF;ETF Plus;EUR;IE;OUI;ESG ETF art. 8;Euronext;2026-08-04;BBG01TT3V8H7;XEEE;X EUROPE EQ ENHANCED ACTIVE;ETP;GR;OK
IE00004OA765;ISHETFI40426XAMC;ID37;ETF;Euronext Amsterdam - Multi-currency Trading | Euronext Paris;USD;IE;OUI;ESG ETF art. 8;Euronext;2026-08-04;BBG02286FJ94;ID37;ISHRE IBND DEC 2037 ETF-ACC;ETP;NA;OK
IE00004PGEY9;JPMACTJREZETFP;JREZ;ETF;ETF Plus;EUR;IE;OUI;ESG ETF art. 8;Euronext;2026-08-04;BBG016CQH238;JREZ;JPM EUROZONE REI EQ ACT ETF;ETP;LN;OK
IE00004S2680;VANETFGOVSIMXAMS;VSGF;ETF;Euronext Amsterdam | ETF Plus;EUR;IE;OUI;-;Euronext;2026-08-04;BBG01SJYGYY3;VSGF;VANG E EZ G 1-3 YR B E A;ETP;IM;OK
IE0000902GT6;WISETFWSMGDXETFP;WMGT;ETF;ETF Plus | Euronext Paris;EUR;IE;OUI;ESG ETF art. 8;Euronext;2026-08-04;BBG01KG3CGZ3;WMGT;WISDOMTREE MEGATRENDS;ETP;LN;OK
IE0000BNORX6;JPMActJEEAETFP;JEEA;ETF;ETF Plus;EUR;IE;OUI;-;Euronext;2026-08-04;BBG01ZD4SLQ3;JEEA;JPM EUROPE UCITS ETF;ETP;LN;OK
IE0000EAPBT6;JPMActJEIAETFP;JEIA;ETF;ETF Plus;EUR;IE;OUI;-;Euronext;2026-08-04;BBG01Q2LMV27;JEIA;JPM US EQ PREM ACT UCITS ETF;ETP;LN;OK
IE0000FA5GB7;AXAActAIGUETFP;AIGU;ETF;ETF Plus;EUR;IE;OUI;ESG ETF art. 8;Euronext;2026-08-04;BBG01QYD4Z49;AIGU;BNP PRB ESY II GB HYO ETF-UI;ETP;GR;OK
IE0000FCGYF9;INVETFC500IMETFP;C500;ETF;ETF Plus;EUR;IE;OUI;-;Euronext;2026-08-04;BBG0175LVRS7;C500;IVZ S&P CHINA A MID 500 SWAP;ETP;LN;OK
IE0000H445G8;VANETFCNEWIMETFP;CNEW;ETF;ETF Plus;EUR;IE;OUI;ESG ETF art. 8;Euronext;2026-08-04;BBG012Q929B2;CNEW;VANECK NEW CHINA UCITS ETF-A;ETP;LN;OK
IE0000J0F3C5;JPMACTJRUEETFP;JRUE;ETF;ETF Plus;EUR;IE;OUI;-;Euronext;2026-08-04;BBG013352LF2;JRUE;JPMORGAN IG CRP BD ACT-EUR H;ETP;IM;OK
IE0000JVOLK2;FAMETFMUSSIMETFP;FAMUSS;ETF;ETF Plus;EUR;IE;OUI;ESG ETF art. 8;Euronext;2026-08-04;BBG0195Z6900;FAMUSS;FAM UH SR P-SR COP BD UE-AEA;ETP;IM;OK
IE0000KA1ZX3;HSBETFXBLCIMETFP;HECB;ETF;ETF Plus;EUR;IE;OUI;-;Euronext;2026-08-04;BBG01TS3J016;HECB;HSBC ICAV EURO CORP BD ETF;ETP;IM;OK
IE0000LTAD82;ROBActRHYEETFP;RHYE;ETF;ETF Plus;EUR;IE;OUI;-;Euronext;2026-08-04;BBG01ZK0Z3F7;RHYE;ROBECO EU DYN HY EUR ACC;ETP;GR;OK
IE0000LVTJ08;BNPActAUSSEETFP;AUSSE;ETF;ETF Plus | Euronext Paris;EUR;IE;OUI;ESG ETF art. 8;Euronext;2026-08-04;BBG01NXXJN53;AUSSE;BNP EASY US ESG ENH;ETP;FP;OK
IE0000M28B94;ISHActCLUHXAMC;CLUH;ETF;Euronext Amsterdam - Multi-currency Trading;USD;IE;OUI;-;Euronext;2026-08-04;BBG021730RD7;CLUH;ISHARES EUR AAA CLO ACT ETF;ETP;NA;OK
IE0000MK7GG1;GOLActGEURETFP;GEUR;ETF;ETF Plus;EUR;IE;OUI;ESG ETF art. 8;Euronext;2026-08-04;BBG01YTP6ZZ5;GEUR;GOLDMAN EUR GOV ACTIV ETF;ETP;GR;OK
IE0000MMQ5M5;XTRETFXZMUIMETFP;XZME;ETF;ETF Plus;EUR;IE;OUI;ESG ETF art. 8;Euronext;2026-08-04;BBG016C4PP28;XZME;X MSCI USA ESG 2C EUR;ETP;GR;OK
IE0000N55FP4;ISHETFM7EUSCXAMS;ESCE;ETF;Euronext Amsterdam;EUR;IE;OUI;-;Euronext;2026-08-04;BBG02152XK95;ESCE;ISHARES MSCI EURP SML CP ETF;ETP;NA;OK
IE0000P0RPE6;ISH WD EQ HINC ACC;WINA;ETF;Euronext Amsterdam - Multi-currency Trading | ETF Plus;USD;IE;OUI;ESG ETF art. 8;Euronext;2026-08-04;BBG01M2N1372;WINA;ISH WO EQ HI IN AC UC ET-USD;ETP;NA;OK
IE0000SS94R1;BNPACTAJASRXPAR;AJASR;ETF;Euronext Paris;EUR;IE;OUI;ESG ETF art. 8;Euronext;2026-08-04;BBG01NXXJR45;AJASR;BNP EASY JAPAN ESG ENH;ETP;FP;OK
IE0000TZZ2B2;INVETFSPXEWTETFP;RSPS;ETF;ETF Plus;EUR;IE;OUI;-;Euronext;2026-08-04;BBG01RP3F9Z1;SPWS;INV S&P 500 EQL WEIG SWP ETF;ETP;LN;OK
IE0000U1XBZ0;AXAActASAEETFP;ASAE;ETF;ETF Plus;EUR;IE;OUI;ESG ETF art. 8;Euronext;2026-08-04;BBG01ZB8V3S0;ASAE;BNP PRB ESY II SD IO UCI-EHA;ETP;IM;OK
IE0000U24AJ9;AMUETFMXUSSXETFP;USRIH;ETF;ETF Plus;EUR;IE;OUI;ESG ETF art. 8;Euronext;2026-08-04;BBG01JYBF6V1;USRIH;AMUNDI MSCI USA SRI CLIMATE;ETP;IM;OK
IE0000UJ3480;iSh iBD28 US Ac PR;28ID;ETF;Euronext Paris;EUR;IE;OUI;ESG ETF art. 8;Euronext;2026-08-04;BBG01HQYHMN6;D28A;ISHRS IBNDS DEC 28 CORP;ETP;NA;OK
IE0000UW95D6;JPMACTJRGEETFP;JRGE;ETF;ETF Plus;EUR;IE;OUI;ESG ETF art. 8;Euronext;2026-08-04;BBG013F0HV44;JRGE;JPM GLOBAL REI EQ ACTIVE ETF;ETP;GR;OK
IE0000VKUF67;FIDActFEIAETFP;FEIA;ETF;ETF Plus;EUR;IE;OUI;ESG ETF art. 9;Euronext;2026-08-04;BBG01N4ZZK21;FEIA;FI EU CO BD RE EN PA UC E-AC;ETP;GR;OK
IE0000VX9GN7;BNPP SP500 ESG USD;SPEUS;ETF;Euronext Paris - Multi-currency Trading;USD;IE;OUI;ESG ETF art. 8;Euronext;2026-08-04;BBG01FSPFH14;SPEUS;BNP PAREASP 500SC SC UE-USDA;ETP;FP;OK
IE0000XTDDA8;GLOETFIAIQV2ETFP;AIQE;ETF;ETF Plus;EUR;IE;OUI;-;Euronext;2026-08-04;BBG01P7V4L88;AIQU;GLOBAL X AI UCITS ETF;ETP;LN;OK
IE0000ZL1RD2;GLOETFMACHPXETFP;CHPX;ETF;ETF Plus;EUR;IE;OUI;-;Euronext;2026-08-04;BBG01YHJKJG3;CHPX;GLOBAL X AI SC & QUANTUM ETF;ETP;LN;OK
IE000128BSS1;VANETFUS37IMXAMS;VITD;ETF;Euronext Amsterdam;EUR;IE;OUI;-;Euronext;2026-08-04;BBG01Y63KY68;VITD;VANG US T 3-7 YR B ETF U D;ETP;LN;OK
IE000130VPV5;BNPACTAUSSDXPAR;AUSSD;ETF;Euronext Paris - Multi-currency Trading;USD;IE;OUI;ESG ETF art. 8;Euronext;2026-08-04;BBG01NXW9MK1;AUSSD;BNP EASY US ESG ENH D;ETP;FP;OK
IE00013A2XD6;ISH ACWI USD DIS;SAWI;ETF;Euronext Amsterdam - Multi-currency Trading;USD;IE;OUI;ESG ETF art. 8;Euronext;2026-08-04;BBG01BVRRSN4;SAWI;ISHAR MSCI ACWI SRI UCITSETF;ETP;NA;OK
IE00016PSX47;AMUETFSGWOIMETFP;ESGWO;ETF;ETF Plus;EUR;IE;OUI;ESG ETF art. 8;Euronext;2026-08-04;BBG01HBKZW05;MWOPEUR;AMUNDI MSCI WORLD ESG LEADRS;ETP;EO;OK
IE00018LB0D8;INVETFDKRHFIETFP;WDFE;ETF;ETF Plus;EUR;IE;OUI;ESG ETF art. 8;Euronext;2026-08-04;BBG01G2GXZM7;WDFE;IVZ S&P WRD FIN ESG ACC;ETP;LN;OK
IE00018U4PN8;AXAETFEMCBPAETFP;AICU;ETF;ETF Plus;EUR;IE;OUI;ESG ETF art. 8;Euronext;2026-08-04;BBG01PR6PG34;AICU;BNP PE II EM CO BD PU ETF-UA;ETP;GR;OK
IE000191HKF0;SSGETFI15682ETFP;TRA5;ETF;ETF Plus;EUR;IE;OUI;-;Euronext;2026-08-04;BBG0205C9RJ6;TRA5;SS SPDR BBG 3-7Y USTB ETF-AC;ETP;IM;OK
IE0001GSQ2O9;AMUETFMXWOEBETFP;LWCR;ETF;ETF Plus | Euronext Paris;EUR;IE;OUI;ESG ETF art. 8;Euronext;2026-08-04;BBG01KC40SJ0;LWCR;AMUNDI MSCI WORLD ESG BROAD;ETP;GR;OK
IE0001J5A2T9;VANETFMVICIRETFP;REUS;ETF;ETF Plus;EUR;IE;OUI;ESG ETF art. 9;Euronext;2026-08-04;BBG01B32DHH6;REUS;VANECK CIRCULAR ECONOMY ETF;ETP;LN;OK
IE0001JABD69;JPMActJRWEETFP;JRWE;ETF;ETF Plus;EUR;IE;OUI;ESG ETF art. 8;Euronext;2026-08-04;BBG01QXZRTX8;JRWE;JPM ACW REI EQ ACT UCITS ETF;ETP;GR;OK
IE0001JH5CB4;XTRETFXEPAIMETFP;XEPA;ETF;ETF Plus;EUR;IE;OUI;ESG ETF art. 8;Euronext;2026-08-04;BBG0195NC447;XEPA;X EUROPE NET ZERO PAB 1C;ETP;GR;OK
IE0001KK9B39;ISHETFNU7476XAMC;WSNI;ETF;Euronext Amsterdam - Multi-currency Trading;USD;IE;OUI;ESG ETF art. 8;Euronext;2026-08-04;BBG02380CBW9;WSNI;ISH MSCI WLD IND SAD UETF-UI;ETP;NA;OK
IE0001KPAXU3;INVETFIBXXEYETFP;EYLD;ETF;ETF Plus;EUR;IE;OUI;-;Euronext;2026-08-04;BBG0200RLP80;EYLD;INVESCO EUR IG CORP BYP ETF;ETP;GR;OK
IE0001O9L5K4;HANActOBGEXPAR;OBGE;ETF;Euronext Paris;EUR;IE;OUI;ESG ETF art. 8;Euronext;2026-08-04;BBG01Y8G6ZX0;OBGE;ODDO BHF GLOB EQU UCITS ETF;ETP;GR;OK
IE0001PY6688;FRAActEBONDETFP;EBOND;ETF;ETF Plus;EUR;IE;OUI;ESG ETF art. 8;Euronext;2026-08-04;BBG020S4GRX5;EIGA;FRK EURO IG CORP ETF;ETP;GR;OK
IE0001QF56M0;KRAETFCHINIMETFP;CHIN;ETF;ETF Plus;EUR;IE;OUI;-;Euronext;2026-08-04;BBG01JR4K9M3;CHIN;KRANESHAR ICBCUBS S&P CH 500;ETP;LN;OK
IE0001R850E1;FIRETFNQDVSMETFP;SDVY;ETF;ETF Plus;EUR;IE;OUI;-;Euronext;2026-08-04;BBG01M8KRW07;SDVY;FT SMID RIS DIV AC UCITS ETF;ETP;LN;OK
IE0001T0BHM5;FRAActUSINCETFP;USINC;ETF;ETF Plus;EUR;IE;OUI;-;Euronext;2026-08-04;BBG022M9T445;FTUI;FRANKLIN US INCOME EQ ETF;ETP;GR;OK
IE0001UQQ933;LG ETFSOLGERETFP;GERD;ETF;ETF Plus;EUR;IE;OUI;ESG ETF art. 8;Euronext;2026-08-04;BBG01GY4D645;GERD;L&G GERD KOMMER ACC ETF;ETP;GR;OK
IE0001VXZTV7;VANETFV3MLIMETFP;V3ML;ETF;ETF Plus | Euronext Amsterdam, Paris;EUR;IE;OUI;ESG ETF art. 8;Euronext;2026-08-04;BBG019Q23574;V3ML;VANG ESG FTSE EM DIST;ETP;LN;OK
IE0001W4ZVM2;FIDACTFUSEETFP;FUSE;ETF;ETF Plus;EUR;IE;OUI;ESG ETF art. 8;Euronext;2026-08-04;BBG01ZFSW178;FUSE;FDLITY US EQU RES EN UCI-EHA;ETP;GR;OK
IE0001XCFC82;H MSCI JP IS ESG;HIJS;ETF;Euronext Paris;EUR;IE;OUI;ESG ETF art. 8;Euronext;2026-08-04;BBG01J9PRSC8;HIJP;HSBC MSCI JP ISLAMIC SCD ETF;ETP;LN;OK
IE0001YGXFO5;ISHETF756290XAMS;WCTA;ETF;Euronext Amsterdam - Multi-currency Trading;USD;IE;OUI;ESG ETF art. 8;Euronext;2026-08-04;BBG01N4CMT45;WCTA;ISHARE MSCI WRLD CL TR A ETF;ETP;NA;OK
IE0001ZFMLN7;ISHETFNASDAQXAMS;NAQS;ETF;Euronext Amsterdam | Euronext Amsterdam - Multi-currency Trading;EUR;IE;OUI;-;Euronext;2026-08-04;BBG01PV7RYF3;N100;ISHARES NASDAQ 100 SWAP UCIT;ETP;LN;OK
IE00021E4FE3;INVACTECMAETFP;ECMA;ETF;ETF Plus;EUR;IE;OUI;ESG ETF art. 8;Euronext;2026-08-04;BBG018B277L8;ECMA;INVESCO EUR CORPORATE BOND E;ETP;GR;OK
IE00022GJEG1;LG ETFENCOIMETFP;ECEH;ETF;ETF Plus;EUR;IE;OUI;-;Euronext;2026-08-04;BBG01HMPT027;BATJ;L&G MS ENCO EUR HEDG ETF;ETP;GR;OK
IE00023EZQ82;ISH DIG EN & ED US;DGGE;ETF;Euronext Paris | Euronext Amsterdam - Multi-currency Trading;EUR;IE;OUI;ESG ETF art. 8;Euronext;2026-08-04;BBG018C70WW6;PLAY;ISHARES DIG ENTRN N EDU USDA;ETP;NA;OK
IE000264WWY0;ISHETFI37617ETFP;IB28;ETF;ETF Plus;EUR;IE;OUI;ESG ETF art. 8;Euronext;2026-08-04;BBG01HQVHCT8;IB28;ISHRS IBND DEC 28 EUR CORP;ETP;GR;OK
IE0002A3VE77;TABActJCEUETFP;JCEU;ETF;ETF Plus;EUR;IE;OUI;ESG ETF art. 8;Euronext;2026-08-04;BBG01Q78YSS7;JCEU;JH EUROPE HC EQ EUR A;ETP;GR;OK
IE0002DC0IL1;InvETFSP500ETFP;AQUIL;ETF;ETF Plus;EUR;IE;OUI;-;Euronext;2026-08-04;BBG023DFKC04;AQUIL;FINECO AM AMUNDI S&P 500 ETF;ETP;IM;OK
IE0002DDYPW4;BNPACTQGLOEXPAR;QGLOE;ETF;Euronext Paris;EUR;IE;OUI;ESG ETF art. 8;Euronext;2026-08-04;BBG01VW22SD2;QGLOE;BNP EASY ALPHA WORLD;ETP;FP;OK
IE0002EI5AG0;XTRETFXDEWIMETFP;XDEE;ETF;ETF Plus;EUR;IE;OUI;-;Euronext;2026-08-04;BBG0135C8VF7;XDEE;X S&P 500 EW 2C EUR;ETP;GR;OK
IE0002EKOXU6;iSh Rusl 1000 Vl A;R1VL;ETF;Euronext Amsterdam - Multi-currency Trading;USD;IE;OUI;-;Euronext;2026-08-04;BBG01H0C6KH5;R1VL;ISHARES RUSSELL 1000 VALUE;ETP;LN;OK
IE0002FCUS29;ISHETFACWEIMXAMS;ISDA;ETF;Euronext Amsterdam - Multi-currency Trading;USD;IE;OUI;-;Euronext;2026-08-04;BBG01Y38RH06;ISAD;ISHARES MSCI ACWI UCITS ETF;ETP;LN;OK
IE0002FPYN09;AXAActASHEETFP;ASHE;ETF;ETF Plus;EUR;IE;OUI;ESG ETF art. 8;Euronext;2026-08-04;BBG01VHDFFW8;ASHE;BNP PRB ESY II SD IO UCI-EHI;ETP;GR;OK
IE0002G3KSC2;GOLActGCAPETFP;GCAP;ETF;ETF Plus;EUR;IE;OUI;ESG ETF art. 8;Euronext;2026-08-04;BBG021HPF996;GCAP;GOLDMAN GLOBAL CRED ACT ETF;ETP;GR;OK
IE0002HWPU75;HANETFSOLJURETFP;JURY;ETF;ETF Plus;EUR;IE;OUI;ESG ETF art. 8;Euronext;2026-08-04;BBG021VD6KL8;JURY;JURY GLOBAL HGH DIVIDEND ETF;ETP;GR;OK
IE0002L5QB31;GLOStrBXMUETFP;XYLE;ETF;ETF Plus;EUR;IE;OUI;-;Euronext;2026-08-04;BBG01HB85CD5;XYLU;GX SPX COVERED CALL UCITS;ETP;LN;OK
IE0002LUYGW0;INVETFM1NAETFP;INAS;ETF;ETF Plus;EUR;IE;OUI;-;Euronext;2026-08-04;BBG0228ZWH04;INAS;IVZ MSCI NASWAP UCITS ETF AC;ETP;LN;OK
IE0002OP0LA0;SSGETFJNKEIMXPAR;JNKA;ETF;Euronext Paris;EUR;IE;OUI;-;Euronext;2026-08-04;BBG01R76XL41;JNKA;SS SPD BE HYB UCIT ETF-EUR U;ETP;FP;OK
IE0002PG6CA6;VANETFREMXIMETFP;REMX;ETF;ETF Plus | Euronext Paris;EUR;IE;OUI;-;Euronext;2026-08-04;BBG012Q930T1;REMX;VANECK RARE EARTH UCITS ETF;ETP;LN;OK
IE0002PGSLZ5;XTRActXEEUETFP;XEEU;ETF;ETF Plus;EUR;IE;OUI;ESG ETF art. 8;Euronext;2026-08-04;BBG01TT3J2Y5;XEEU;X US EQ ENHANCED ACTIVE;ETP;GR;OK
IE0002RPS3K2;GLOETFHYGNIMETFP;HYGN;ETF;ETF Plus;EUR;IE;OUI;ESG ETF art. 8;Euronext;2026-08-04;BBG014L6MRB7;HYGN;GX HYDROGEN UCITS ETF;ETP;LN;OK
IE0002U1PIC8;SchActSICEETFP;SICE;ETF;ETF Plus;EUR;IE;OUI;ESG ETF art. 8;Euronext;2026-08-04;BBG01WX1KDY1;SICE;SCH GLO INV GR CB AC UCI ETF;ETP;GR;OK
IE0002VEN3U3;ISHETFMSTRUSETFP;WPEE;ETF;ETF Plus;EUR;IE;OUI;-;Euronext;2026-08-04;BBG01V2Z63C4;CEMA;ISHARE MSCI W SWP EUR H ACC;ETP;GR;OK
IE0002VU15G5;JPMActJPAWETFP;JPAW;ETF;ETF Plus;EUR;IE;OUI;ESG ETF art. 8;Euronext;2026-08-04;BBG0223HPJM9;JPAW;JPM AC REI PA AC UCITS ETF;ETP;LN;OK
IE0002W8NB38;ISH USA SWAP ACC;MUSD;ETF;Euronext Amsterdam - Multi-currency Trading | Euronext Paris;USD;IE;OUI;-;Euronext;2026-08-04;BBG01B2QHV89;MUSD;ISHARES MSCI USA SWAP USD A;ETP;NA;OK
IE0002XFS025;FIDETFFIDGLQETFP;FGLV;ETF;ETF Plus;EUR;IE;OUI;ESG ETF art. 8;Euronext;2026-08-04;BBG01QRYCSD8;FGLV;FID GLO VAL RES ENH UC ETF-A;ETP;GR;OK
IE0002XZSHO1;iSh Wld Swp PEA EU;WPEA;ETF;Euronext Paris;EUR;IE;OUI;-;Euronext;2026-08-04;BBG01M44SW51;WPEA;ISHARE MSCI WORLD SWAP PEA;ETP;FP;OK
IE0002Y8CX98;WISETFWTEUDEETFP;WDEF;ETF;ETF Plus | Euronext Paris;EUR;IE;OUI;-;Euronext;2026-08-04;BBG01SRLHPC4;WDEF;WT EUROPE DEFENCE UCITS ETF;ETP;LN;OK
IE0002Z12PN9;ROBActREM3ETFP;REM3;ETF;ETF Plus;EUR;IE;OUI;ESG ETF art. 8;Euronext;2026-08-04;BBG01SK0D6M2;REM3;ROBECO 3D EM EQUITY ETF;ETP;GR;OK
IE0002ZM3JI1;XTRETFXNUSIMETFP;XNUS;ETF;ETF Plus;EUR;IE;OUI;ESG ETF art. 8;Euronext;2026-08-04;BBG0195NDX88;XNUS;X USA NET ZERO PAB 1C;ETP;GR;OK
IE00030Y2P41;WT Gl QDG-USD INST;GGRI;ETF;Euronext Paris;EUR;IE;OUI;ESG ETF art. 8;Euronext;2026-08-04;BBG01LB1R2Y6;GGRIP;WT GLB QLY DIV GRWTH INST;ETP;S4;OK
IE00032L0R44;ISHETFI38443XAMS;35ID;ETF;Euronext Amsterdam - Multi-currency Trading;USD;IE;OUI;ESG ETF art. 8;Euronext;2026-08-04;BBG01XQ734C7;35ID;ISHARES IBON DEC 2035 TC ETF;ETP;NA;OK
IE00032YLFR3;BNPACTQUSAEXPAR;QUSAE;ETF;Euronext Paris;EUR;IE;OUI;ESG ETF art. 8;Euronext;2026-08-04;BBG01VW2DXQ5;QUSAE;BNP EASY ALPHA US EQ;ETP;FP;OK
IE00036F4K40;XTRETF3GHWBEETFP;XDG3;ETF;ETF Plus;EUR;IE;OUI;ESG ETF art. 8;Euronext;2026-08-04;BBG01C9HS2C7;XDG3;X MSCI SDG 3 GOOD HEALTH 1C;ETP;GR;OK
IE000389GTC0;HSBETFH36244ETFP;HSGE;ETF;ETF Plus;EUR;IE;OUI;ESG ETF art. 8;Euronext;2026-08-04;BBG01H9WBD37;H41T;HSBC ICAV G ESG GOV BOND ETF;ETP;GR;OK
IE0003A512E4;ARKActARKIETFP;ARKI;ETF;ETF Plus;EUR;IE;OUI;-;Euronext;2026-08-04;BBG01MCFCTH8;ARKIX;ARK ARTFCL INTLLGEN & RBOTIC;ETP;I2;OK
IE0003B4BV34;UBSETFCSYUIMETFP;USTEC;ETF;ETF Plus;EUR;IE;OUI;ESG ETF art. 8;Euronext;2026-08-04;BBG01PGFQFZ2;USTEC;UBS ETF MSCI USA TECH 125 UN;ETP;SW;OK
IE0003B9KF87;INVActESTAETFP;ESTA;ETF;ETF Plus;EUR;IE;OUI;ESG ETF art. 8;Euronext;2026-08-04;BBG022CJ35G6;ESTA;INVESCO EUR IG CRP BD SD ETF;ETP;GR;OK
IE0003BJ2JS4;WISETFWTNCLRETFP;NCLR;ETF;ETF Plus | Euronext Paris;EUR;IE;OUI;-;Euronext;2026-08-04;BBG01SQD19R0;NCLR;WT URANIUM NUCLEAR ENERGY;ETP;LN;OK
IE0003HUCA83;VANETFH38855ETFP;VGGE;ETF;ETF Plus | Euronext Amsterdam;EUR;IE;OUI;-;Euronext;2026-08-04;BBG01SXNDQN3;VGGE;VANG G GOV B ETF EHD;ETP;IM;OK
IE0003HV7CS6;ISHETFI39488ETFP;IX28;ETF;ETF Plus | Euronext Paris;EUR;IE;OUI;ESG ETF art. 8;Euronext;2026-08-04;BBG01XQ2RJ93;I28X;ISHA IBO DEC 2028 T CC ETF;ETP;GR;OK
IE0003LGI4Z6;ISHETFVUCEIMXAMS;ICBD;ETF;Euronext Amsterdam - Multi-currency Trading;USD;IE;OUI;-;Euronext;2026-08-04;BBG01WT2Y987;ICBD;ISHARES BROAD CORP ETF;ETP;NA;OK
IE0003NQ0IY5;XTRETFNU7520ETFP;XWEQ;ETF;ETF Plus;EUR;IE;OUI;ESG ETF art. 8;Euronext;2026-08-04;BBG01GSFCKW6;XWEQ;X MSCI WORLD QUALITY ESG 1C;ETP;GR;OK
IE0003OZJ573;SchActSEUSETFP;SEUS;ETF;ETF Plus;EUR;IE;OUI;ESG ETF art. 8;Euronext;2026-08-04;BBG021N1J2G5;SEIU;SCHROD US EQUITY ACT U ETF;ETP;GR;OK
IE0003UN5CT1;JPMActJSEEETFP;JSEE;ETF;ETF Plus;EUR;IE;OUI;ESG ETF art. 9;Euronext;2026-08-04;BBG01R03RWY5;JSEE;JPM EUR REI SRI PAB ACT ETF;ETP;LN;OK
IE0003UVYC20;JPMActJEPGETFP;JEPG;ETF;ETF Plus;EUR;IE;OUI;-;Euronext;2026-08-04;BBG01JPQ1992;JEPG;JPM GB EQ PR IN ACT UT E-U D;ETP;LN;OK
IE0003W9O921;XTRETFXGBUIMETFP;XGBU;ETF;ETF Plus;EUR;IE;OUI;ESG ETF art. 9;Euronext;2026-08-04;BBG011F1MM22;XGBU;X USD CORP GREEN BOND 2C;ETP;GR;OK
IE0003WEWAX4;FRAETFFOHWIVXPAR;FOHW;ETF;Euronext Paris | ETF Plus;EUR;IE;OUI;ESG ETF art. 8;Euronext;2026-08-04;BBG01H6XQLG0;FOHW;FRK FUT HEALTH WELLNESS ETF;ETP;GR;OK
IE0003XJA0J9;AMUETFSGMLMCETFP;WEBN;ETF;ETF Plus;EUR;IE;OUI;-;Euronext;2026-08-04;BBG01N504S06;WEBN;AMUNDI PRME ALL CTRY WLD ACC;ETP;GR;OK
IE0003XW12I8;HANETFDRONESETFP;DRON;ETF;ETF Plus;EUR;IE;OUI;-;Euronext;2026-08-04;BBG020LGYM75;DRON;DEFIANCE DRONE UCITS ETF-USD;ETP;GR;OK
IE0003Z9E2Y3;GLOETFCOPXIMETFP;COPX;ETF;ETF Plus;EUR;IE;OUI;-;Euronext;2026-08-04;BBG013KKT4D1;COPX;GX COPPER MINERS UCITS;ETP;LN;OK
IE0003ZXNJY5;iS Glo Timber Acc;WOOE;ETF;Euronext Amsterdam;EUR;IE;OUI;ESG ETF art. 8;Euronext;2026-08-04;BBG013964861;WOOAX;ISHARES GLB TMBR&FRSTRY USDA;ETP;IX;OK
IE00041H4WT9;HANETFNATEEUETFP;NATE;ETF;ETF Plus;EUR;IE;OUI;ESG ETF art. 8;Euronext;2026-08-04;BBG01YC2NDS2;ASWG;FUT OF DEF SCRND UCITS ETF;ETP;GR;OK
IE00043CMIN7;ISHETFSP9BKCXAMS;BNEH;ETF;Euronext Amsterdam;EUR;IE;OUI;-;Euronext;2026-08-04;BBG020C4B066;BNEH;ISHARES S&P US BANKS UCITS;ETP;NA;OK
IE00043ZI3D8;PicActPDWDETFP;PDWD;ETF;ETF Plus;EUR;IE;OUI;ESG ETF art. 8;Euronext;2026-08-04;BBG023125BZ7;PDWD;PICTET AI ENH WRLD EQ ETF;ETP;GR;OK
IE000472H9T4;XTRETFNSDQETFP;XNDQ;ETF;ETF Plus;EUR;IE;OUI;-;Euronext;2026-08-04;BBG01VWJQBS0;XNDQ;XTRACKERS NASDAQ 100 SU ETF;ETP;GR;OK
IE00048C5NZ0;JPMActJEIGETFP;JEIG;ETF;ETF Plus;EUR;IE;OUI;ESG ETF art. 8;Euronext;2026-08-04;BBG01TLPK2G2;JEIG;JPM GLB IG CORP BD UCITS ETF;ETP;GR;OK
IE00049LEBV0;ISHETFI38735XAMS;32ID;ETF;Euronext Amsterdam - Multi-currency Trading;USD;IE;OUI;-;Euronext;2026-08-04;BBG01QJT3432;32ID;ISHARES IBONDS D 2032 TC ETF;ETP;NA;OK
IE00049TNTV6;JPMActJEAAETFP;JEAA;ETF;ETF Plus;EUR;IE;OUI;ESG ETF art. 8;Euronext;2026-08-04;BBG01RDYYG34;JEAA;JPM EUR AGG BOND UCITS ETF;ETP;LN;OK
IE0004CIQ1O4;AMUETFMXWEL5XPAR;MWOS;ETF;Euronext Paris;EUR;IE;OUI;ESG ETF art. 8;Euronext;2026-08-04;BBG01MGGV5Q3;MWOS;AM MSCI WRLD ESG SEL ETF-EUR;ETP;GR;OK
IE0004D7VJE6;AXAActAFDUETFP;AFDU;ETF;ETF Plus;EUR;IE;OUI;ESG ETF art. 8;Euronext;2026-08-04;BBG01VHDDL20;AFDU;BNP PAR ESY II GLO ILB OU-UI;ETP;GR;OK
IE0004HBJKG0;BNP ACWI SRI ETF;PAACE;ETF;Euronext Paris | ETF Plus;EUR;IE;OUI;ESG ETF art. 8;Euronext;2026-08-04;BBG01M2JV9K0;PAACE;BNPP ESY MS MIN TE UCI ETF;ETP;FP;OK
IE0004HE5624;SSGETFDC3MQEETFP;COME;ETF;ETF Plus;EUR;IE;OUI;-;Euronext;2026-08-04;BBG0228B40V1;COME;SS SPDR COMMODITY UCITS ETF;ETP;IM;OK
IE0004HMINW0;AXAActAEAEETFP;AEAE;ETF;ETF Plus;EUR;IE;OUI;ESG ETF art. 8;Euronext;2026-08-04;BBG01YVNBW33;AEAE;BNP PA EA II EA BO UC ETF-EA;ETP;GR;OK
IE0004I037N4;FRAETFEMGMIVXPAR;EMERG;ETF;Euronext Paris | ETF Plus;EUR;IE;OUI;-;Euronext;2026-08-04;BBG01Q9T2SG7;EMGM;FRK FTSE EM UCITS ETF;ETP;GR;OK
IE0004J37T45;BNPETFS500ESETFP;SPEEU;ETF;ETF Plus | Euronext Paris;EUR;IE;OUI;ESG ETF art. 8;Euronext;2026-08-04;BBG01FSPGMG6;SPEEU;BNP EASY S&P 500 ESG SC E;ETP;FP;OK
IE0004J6PFL7;ISH CORE UK GLT US;GLUH;ETF;Euronext Amsterdam - Multi-currency Trading;USD;IE;OUI;-;Euronext;2026-08-04;BBG019XMTFP2;GLUH;ISHARES CORE UK GILTS USDH D;ETP;NA;OK
IE0004L7EQG2;HSBActHEURETFP;HEUR;ETF;ETF Plus;EUR;IE;OUI;ESG ETF art. 8;Euronext;2026-08-04;BBG01YFW98T9;HEUR;HSBC EURO LIQ UCITS ETF;ETP;GR;OK
IE0004L9EID2;iSh India INR Dis;INGB;ETF;Euronext Amsterdam - Multi-currency Trading;USD;IE;OUI;-;Euronext;2026-08-04;BBG01L9XJMQ3;INGB;ISHARES INDIA INR GOVT BOND;ETP;NA;OK
IE0004LCA3I5;ISHETFLETSTRETFP;SPGA;ETF;ETF Plus;EUR;IE;OUI;-;Euronext;2026-08-04;BBG01PH94VH4;SPGA;ISHARES SP GOVT BND  AC;ETP;IM;OK
IE0004MFRED4;XTRETFSEQESGETFP;XZEW;ETF;ETF Plus;EUR;IE;OUI;ESG ETF art. 8;Euronext;2026-08-04;BBG01BJPXMT2;XZEW;X S&P 500 EW SCO&SCR 1C;ETP;GR;OK
IE0004MXQ328;GOLActGIGHETFP;GIGH;ETF;ETF Plus;EUR;IE;OUI;ESG ETF art. 8;Euronext;2026-08-04;BBG01YPK4XN0;GIGH;GOLDMAN USD IG ACT ETF-EUR H;ETP;IM;OK
IE0004QLESG4;ISHETFNU7470XAMC;WSMT;ETF;Euronext Amsterdam - Multi-currency Trading;USD;IE;OUI;ESG ETF art. 8;Euronext;2026-08-04;BBG023817QC2;WSMT;ISH MSCI WLD MTS SAD UETF-UI;ETP;NA;OK
IE0004U3TX15;L&GETFMTVSIMETFP;MTVS;ETF;ETF Plus;EUR;IE;OUI;ESG ETF art. 8;Euronext;2026-08-04;BBG019BMKPG3;MTVR;L&G METAVERSE UCITS ETF;ETP;LN;OK
IE0005042456;ISHARES FTSE 100;ISFA;ETF;Euronext Amsterdam | ETF Plus;EUR;IE;OUI;-;Euronext;2026-08-04;BBG000C0YG39;ISFA;ISHARES CORE FTSE 100;ETP;NA;OK
IE00050J4789;BNPETFMXUSFTETFP;USSM;ETF;ETF Plus | Euronext Paris;EUR;IE;OUI;ESG ETF art. 8;Euronext;2026-08-04;BBG01TYW6J27;USSM;BNP EASY MSCI SM CAP;ETP;FP;OK
IE000519M2U5;ALLActAZEQETFP;AZEQ;ETF;ETF Plus;EUR;IE;OUI;-;Euronext;2026-08-04;BBG023K60Z98;AZCQ;ALNZ SMT ERP EQT ACT ETF EUR;ETP;GR;OK
IE00051W3PF2;BLUETFTFEUIMXAMC;BEEH;ETF;Euronext Amsterdam - Multi-currency Trading;HUF;IE;OUI;-;Euronext;2026-08-04;BBG0236TQR30;BEEH;BLUESPHERE EU EQTY ETF - HUF;ETP;NA;OK
IE00053HJRU7;AXAActAIDEETFP;AIDE;ETF;ETF Plus;EUR;IE;OUI;ESG ETF art. 8;Euronext;2026-08-04;BBG01PDR8HW8;AIDE;BNP PARI ESY II EC PAB OU-AI;ETP;GR;OK
IE00053WDH64;INVETFHYDEIMETFP;HYDE;ETF;ETF Plus;EUR;IE;OUI;ESG ETF art. 9;Euronext;2026-08-04;BBG019FLG2M0;HYDE;INVESCO HYDROGEN ECONOMY ACC;ETP;LN;OK
IE00055B2JD3;ISHETFMSDEWIXPAR;WPEH;ETF;Euronext Paris;EUR;IE;OUI;-;Euronext;2026-08-04;BBG01XFZFRZ8;WPEH;ISHARE MSCI WORLD SWAP PEA;ETP;FP;OK
IE00056AT4A2;ISHETFI38292XAMS;JGBD;ETF;Euronext Amsterdam - Multi-currency Trading;USD;IE;OUI;-;Euronext;2026-08-04;BBG01VQXYX63;JGBD;ISHARES JAPAN GOVT BND ETF;ETP;NA;OK
IE000578J297;ISHETFIGLTIMXAMS;IGLU;ETF;Euronext Amsterdam - Multi-currency Trading;USD;IE;OUI;-;Euronext;2026-08-04;BBG01SX4LXR7;IGLU;ISH CORE UK GILTS UHAC;ETP;NA;OK
IE000589MF42;ISHETFIITBIMETFP;IITA;ETF;ETF Plus;EUR;IE;OUI;-;Euronext;2026-08-04;BBG01GNKGN41;IITA;ISHARES IT GB UCITS ETF;ETP;IM;OK
IE00058B19U6;AmSP500 NetZH;PABH;ETF;Euronext Paris;EUR;IE;OUI;ESG ETF art. 8;Euronext;2026-08-04;BBG01K8B9KF1;PABH;AMUNDI S&P 500 CLIMATE PA;ETP;FP;OK
IE00058MW3M8;AMUETFSPXEHAETFP;S500H;ETF;ETF Plus | Euronext Paris;EUR;IE;OUI;ESG ETF art. 8;Euronext;2026-08-04;BBG01JRSDB89;S500H;AMD S&P 500 SCRN UCT ETF-AEH;ETP;FP;OK
IE0005AJA0P1;LG ETFGDXDGQETFP;LDGL;ETF;ETF Plus;EUR;IE;OUI;ESG ETF art. 8;Euronext;2026-08-04;BBG01YCGRSP7;LDGL;L&G GLBL QUAL DIVS DIS;ETP;LN;OK
IE0005B8WVT6;VANETFVEGIIMETFP;VEGI;ETF;ETF Plus;EUR;IE;OUI;ESG ETF art. 9;Euronext;2026-08-04;BBG018KHQF72;VEGI;VANECK FUTURE FOOD ETF;ETP;LN;OK
IE0005CH3U28;JPMActJGROETFP;JGRO;ETF;ETF Plus;EUR;IE;OUI;ESG ETF art. 8;Euronext;2026-08-04;BBG01KRM14J6;JGRO;JPM US GRO EQT ACT UTS E-U A;ETP;LN;OK
IE0005E47AH7;XTRETFSD9NVFETFP;SDG9;ETF;ETF Plus;EUR;IE;OUI;ESG ETF art. 8;Euronext;2026-08-04;BBG01BY3BCL8;XDG9;X MSCI SDG 9 INDUSTRY 1C;ETP;LN;OK
IE0005F2R613;INVETFIBXXEYETFP;EYLA;ETF;ETF Plus;EUR;IE;OUI;-;Euronext;2026-08-04;BBG0200RLQ24;EYLA;INVESCO EUR IG CORP BYP ETF;ETP;GR;OK
IE0005HNE843;WISETFWTVALEETFP;WTVE;ETF;ETF Plus;EUR;IE;OUI;ESG ETF art. 8;Euronext;2026-08-04;BBG01YW40XL4;WTVE;WISDOMTREE EUROPE VALUE ETF;ETP;LN;OK
IE0005MWBFR7;JPMActJGIEETFP;JGIE;ETF;ETF Plus;EUR;IE;OUI;ESG ETF art. 8;Euronext;2026-08-04;BBG01Q08T804;JGIE;JPM GLOBAL REI EQ ACTIVE ETF;ETP;GR;OK
IE0005PGDJ30;FAMETFSOEST1ETFP;MONEY;ETF;ETF Plus;EUR;IE;OUI;-;Euronext;2026-08-04;BBG01WMFZ653;MONEY;FINECO AM ESTR PLS UCITS ETF;ETP;IM;OK
IE0005TF96I9;VANETFMVIBIOETFP;CYBO;ETF;ETF Plus;EUR;IE;OUI;ESG ETF art. 9;Euronext;2026-08-04;BBG01BPCXMP8;CYBO;VANECK MEDICAL ROBOTICS AND;ETP;LN;OK
IE0005YI2492;UTIETFSBINFAXAMC;UIGBH;ETF;Euronext Amsterdam - Multi-currency Trading;USD;IE;OUI;-;Euronext;2026-08-04;BBG02102T339;UIGBH;UTI IND SOVR BN UC ETF-AUAH;ETP;NA;OK
IE0005YK6564;HANETFU3O8IMETFP;U3O8;ETF;ETF Plus;EUR;IE;OUI;-;Euronext;2026-08-04;BBG0172L9549;URNM;SPROTT URANIUM UCITS ETF;ETP;LN;OK
IE00063FT9K6;Ish Cop Min US Acc;COPM;ETF;Euronext Amsterdam - Multi-currency Trading | ETF Plus;USD;IE;OUI;-;Euronext;2026-08-04;BBG01H03NBT3;COPM;ISHARES COPPER MINERS UCITS;ETP;NA;OK
IE00063GNWK1;UBSETFSESGIMETFP;USESG;ETF;ETF Plus;EUR;IE;OUI;ESG ETF art. 8;Euronext;2026-08-04;BBG01PGFPLP1;USESG;UBS ETF MSCI USA SELECTION;ETP;SW;OK
IE00063SATO1;JPMActJPAEETFP;JPAE;ETF;ETF Plus;EUR;IE;OUI;ESG ETF art. 8;Euronext;2026-08-04;BBG0223HPJS3;JPAE;JPM AC REI PA AC UCITS ETF;ETP;GR;OK
IE00064N5UY4;XTRETFEG05ETFP;XEZG;ETF;ETF Plus;EUR;IE;OUI;-;Euronext;2026-08-04;BBG023CZ9386;XEZG;XTRACKERS EURZN GOVT BD 1-10;ETP;GR;OK
IE00064TWYK9;JPMActJEPEETFP;JEPE;ETF;ETF Plus;EUR;IE;OUI;-;Euronext;2026-08-04;BBG01ZD4HSB6;JEPE;JPM EUROPE UCITS ETF;ETP;LN;OK
IE000650M1V4;VANETFRUMCN3XAMS;VRMA;ETF;Euronext Amsterdam;EUR;IE;OUI;-;Euronext;2026-08-04;BBG023CWLNB1;VRMA;VANG US MID C ETF U A;ETP;LN;OK
IE00066KZ5B5;HSBETFGOVAIMETFP;HEGB;ETF;ETF Plus;EUR;IE;OUI;-;Euronext;2026-08-04;BBG01TR8L8W2;HEGB;HSBC ICAV EURO GOVT BOND ETF;ETP;LN;OK
IE00066L6LB9;AXAETFEMCBPAETFP;AQDU;ETF;ETF Plus;EUR;IE;OUI;ESG ETF art. 8;Euronext;2026-08-04;BBG01PR6PGP0;AQDU;BNP PE II EM CO BD PU ETF-UD;ETP;GR;OK
IE00067X7JX0;INVETFSX5EWTETFP;SXEW;ETF;ETF Plus;EUR;IE;OUI;-;Euronext;2026-08-04;BBG01YRJY7Y3;EWSX;IVZ EURO STOXX 50 EW ACC;ETP;GR;OK
IE00069H3LK0;VANETFSCDEUNETFP;VESC;ETF;ETF Plus | Euronext Amsterdam;EUR;IE;OUI;-;Euronext;2026-08-04;BBG0227J50C5;VEDA;VGD FTSE D E S-CAP ETF ACC;ETP;GR;OK
IE00069JGT58;JPMACTJSEUETFP;JSEU;ETF;ETF Plus;EUR;IE;OUI;ESG ETF art. 9;Euronext;2026-08-04;BBG01H3Q67S8;JSEU;JPM US REI EQ SRI PA ACT ETF;ETP;LN;OK
IE00069MGEE1;AXAActAIHUETFP;AIHU;ETF;ETF Plus;EUR;IE;OUI;ESG ETF art. 8;Euronext;2026-08-04;BBG01PXH3K92;AIHU;BNP PB ESII US HYO UCITS ETF;ETP;GR;OK
IE00069Q7MY9;ISHETFSOLSFRXAMC;DCSH;ETF;Euronext Amsterdam - Multi-currency Trading;USD;IE;OUI;-;Euronext;2026-08-04;BBG023VT5846;DCSH;ISHRS USD OVRNG RW UCITS ETF;ETP;NA;OK
IE0006B9CPY7;GOLActGSHYETFP;GSHY;ETF;ETF Plus;EUR;IE;OUI;ESG ETF art. 8;Euronext;2026-08-04;BBG01RJPT7W1;GUHY;GOLDMAN USD HY ACTIVE ETF;ETP;GR;OK
IE0006BDZN36;UBSETFSOLESTETFP;OVER;ETF;ETF Plus;EUR;IE;OUI;-;Euronext;2026-08-04;BBG01TVQN2W8;EUROON;UBS EUR ON RATE ETF;ETP;SW;OK
IE0006CHRED6;HSBETFLEGATRETFP;HGAE;ETF;ETF Plus;EUR;IE;OUI;-;Euronext;2026-08-04;BBG01MY4LP87;HGAE;HSBC ICAV GLOBAL AGG BND ETF;ETP;IM;OK
IE0006CJGQR9;JPMActJQPDETFP;JQPD;ETF;ETF Plus;EUR;IE;OUI;-;Euronext;2026-08-04;BBG01XMNPTS0;JQPD;JPM NQ EQ PREM ACT UCITS ETF;ETP;IM;OK
IE0006D3PGW3;FRAETFAWALEXETFP;EXCN;ETF;ETF Plus | Euronext Paris;EUR;IE;OUI;-;Euronext;2026-08-04;BBG01Q9LMP78;EXCN;FRK FTSE EM X CN UCITS ETF;ETP;GR;OK
IE0006FAD976;FRAETFSP5XSGETFP;US500;ETF;ETF Plus | Euronext Paris;EUR;IE;OUI;ESG ETF art. 8;Euronext;2026-08-04;BBG01T8NCQG8;FSPU;FRK SP 500 SCREENED ETF;ETP;GR;OK
IE0006FBEDB6;JPMActJXUSETFP;JXUS;ETF;ETF Plus;EUR;IE;OUI;ESG ETF art. 8;Euronext;2026-08-04;BBG022LFZLH3;JXUS;JPM GLB EX US REI EQ ACT ETF;ETP;LN;OK
IE0006FFX5U1;XTRETFXNNVIMETFP;XNNV;ETF;ETF Plus;EUR;IE;OUI;ESG ETF art. 8;Euronext;2026-08-04;BBG018MSZF58;XNNV;X MSCI INNOVATION 1C;ETP;GR;OK
IE0006FIW9Z0;JPMActJEQEETFP;JEQE;ETF;ETF Plus;EUR;IE;OUI;-;Euronext;2026-08-04;BBG01XMNQST0;JEQE;JPM NQ EQ PREM ACT UCITS ETF;ETP;IM;OK
IE0006FM6MI8;AMUETFSPDSEHXPAR;GLHL;ETF;Euronext Paris;EUR;IE;OUI;ESG ETF art. 8;Euronext;2026-08-04;BBG019HZG416;WEL9;AM S&P W HEALTH CAR SCR A;ETP;GR;OK
IE0006GNB732;XTRETFXZHEIMETFP;XZHE;ETF;ETF Plus;EUR;IE;OUI;ESG ETF art. 8;Euronext;2026-08-04;BBG0183XK4X8;XZHE;X ESG EUR HY CORP BOND 1C;ETP;GR;OK
IE0006GUEKQ7;INVACTLINXCETFP;LINXC;ETF;ETF Plus;EUR;IE;OUI;-;Euronext;2026-08-04;BBG01C9W0M94;LINXC;INVESTLINX CAPITAL APR-A EUR;ETP;IM;OK
IE0006HIE7H2;SSGETFDJCI3METFP;SCOM;ETF;ETF Plus;EUR;IE;OUI;-;Euronext;2026-08-04;BBG021KNG013;SCOM;SS SPDR COMMODITY UCITS ETF;ETP;GR;OK
IE0006HMLPV6;JPMACTJSHEETFP;JSHE;ETF;ETF Plus;EUR;IE;OUI;ESG ETF art. 9;Euronext;2026-08-04;BBG01H3106Y4;JSHE;JPM US REI EQ SRI PA ACT ETF;ETP;GR;OK
IE0006IP4XZ8;AmUSA Climate;USAC;ETF;Euronext Paris;EUR;IE;OUI;ESG ETF art. 8;Euronext;2026-08-04;BBG01K6XLRL9;USAC;AMUNDI MSCI USA ESG BROAD;ETP;FP;OK
IE0006K7DEL9;FRAACTGCORETFP;GCOR;ETF;ETF Plus;EUR;IE;OUI;ESG ETF art. 9;Euronext;2026-08-04;BBG01JVLZDM5;GCOR;FRK SUST EU GR CRP 1-5 ETF;ETP;GR;OK
IE0006KNOFD1;FIDACTFFGEETFP;FFGE;ETF;ETF Plus;EUR;IE;OUI;ESG ETF art. 9;Euronext;2026-08-04;BBG01C8R7SM1;FFGE;FI GL HY CO BD RE EP UE-EURH;ETP;GR;OK
IE0006LBEDV2;INVACTECMFETFP;ECMF;ETF;ETF Plus;EUR;IE;OUI;ESG ETF art. 8;Euronext;2026-08-04;BBG018B24J62;ECMF;INVESCO EUR CORPORATE BOND E;ETP;GR;OK
IE0006MM8VN6;JPMACTJAGAETFP;JAGA;ETF;ETF Plus;EUR;IE;OUI;ESG ETF art. 8;Euronext;2026-08-04;BBG01HS888V3;JAAG;JPM GBL AGG BD A UCITS ETF;ETP;LN;OK
IE0006NCFSW9;HSBETFSBWGCETFP;HGVU;ETF;ETF Plus;EUR;IE;OUI;-;Euronext;2026-08-04;BBG01HC8MMK5;HGVU;HSBC ICAV GL GOV BND ETF;ETP;LN;OK
IE0006O3TTP9;BNPP Infra ESG ETF;ENGUS;ETF;Euronext Paris - Multi-currency Trading;USD;IE;OUI;ESG ETF art. 8;Euronext;2026-08-04;BBG01JZW3SM9;ENGUS;BNP PARIB ESG INFRA UCITS-UA;ETP;FP;OK
IE0006OIQXE9;FIDACTFGHYETFP;FGHY;ETF;ETF Plus;EUR;IE;OUI;ESG ETF art. 9;Euronext;2026-08-04;BBG01B9JX0N1;FGHY;FI GL HY CO BD RE EN P UE-IN;ETP;LN;OK
IE0006PHYNG8;BLUETFUST100XAMC;BSTH;ETF;Euronext Amsterdam - Multi-currency Trading;HUF;IE;OUI;-;Euronext;2026-08-04;BBG0236TS4W7;BSTH;BLUESPHERE US TECH ETF - HUF;ETP;NA;OK
IE0006QCIHM0;FIDACTFSMEETFP;FSME;ETF;ETF Plus;EUR;IE;OUI;ESG ETF art. 9;Euronext;2026-08-04;BBG01B52RS94;FSCE;FI GL CO BD RE EN PA UE-EURH;ETP;GR;OK
IE0006QX3Y11;Os Blm CA (EUR);OP8E;ETF;Euronext Paris;EUR;IE;OUI;ESG ETF art. 9;Euronext;2026-08-04;BBG018KYBBW2;OP8E;OSSIAM BBG CAN PAB UCITSEU;ETP;SW;OK
IE0006RFB3X2;HSBCMSCIJAPNUSDACC;HMJS;ETF;Euronext Paris;EUR;IE;OUI;-;Euronext;2026-08-04;BBG018PSF540;HMJA;HSBC MSCI JP ETF USD (ACC);ETP;LN;OK
IE0006SEWKA2;JPMActJEMEETFP;JEME;ETF;ETF Plus;EUR;IE;OUI;ESG ETF art. 8;Euronext;2026-08-04;BBG01PZXS8P7;JEEM;JPM GL EM MR EN IE AU ETF-EU;ETP;GR;OK
IE0006UGU3X3;IBD Dec27 $ TR Dis;27IT;ETF;Euronext Amsterdam - Multi-currency Trading | Euronext Paris;USD;IE;OUI;-;Euronext;2026-08-04;BBG01MDHKLS9;27IT;ISHRS IBD D27 T TREASURY ETF;ETP;NA;OK
IE0006VDD4K1;INVETFVWCEIMETFP;FWEA;ETF;ETF Plus;EUR;IE;OUI;-;Euronext;2026-08-04;BBG01GWPRY71;FWEA;IVZ FTSE WRD EUR PFHDG A;ETP;GR;OK
IE0006WOV4I9;FRAETFSPWRSGETFP;GLOBE;ETF;ETF Plus | Euronext Paris;EUR;IE;OUI;ESG ETF art. 8;Euronext;2026-08-04;BBG01TCJ24L6;FSPW;FRK SP WORLD SCREENED ETF;ETP;GR;OK
IE0006WPPA00;HANETFNUKZXETFP;NUKZ;ETF;ETF Plus;EUR;IE;OUI;-;Euronext;2026-08-04;BBG0217XZY39;ASWA;INFRA CAP NUCL RENAI UCI-EUR;ETP;GR;OK
IE0006WW1TQ4;XTRETFM1WOUETFP;EXUS;ETF;ETF Plus;EUR;IE;OUI;-;Euronext;2026-08-04;BBG01LMVXSR2;EXUS;X MSCI WORLD EX USA 1C;ETP;GR;OK
IE0006XQ3YX3;FAMETFMWCSIMETFP;FAMWCS;ETF;ETF Plus;EUR;IE;OUI;ESG ETF art. 8;Euronext;2026-08-04;BBG0195Z6RG3;FAMWCS;FINECO AM MSCI WORLD CONSUME;ETP;IM;OK
IE0006YCYW06;JPMActJEIEETFP;JEIE;ETF;ETF Plus;EUR;IE;OUI;-;Euronext;2026-08-04;BBG01XMNZ6W4;JEIE;JPM US EQ PREM ACT UCITS ETF;ETP;IM;OK
IE0006YM7D84;XTRETFXZHYIMETFP;XZHY;ETF;ETF Plus;EUR;IE;OUI;ESG ETF art. 8;Euronext;2026-08-04;BBG0183X94X1;XZHY;XTRACKERS USD HIGH YIELD COR;ETP;GR;OK
IE00070SLDT6;GLOETFMAZAPUETFP;ZAPP;ETF;ETF Plus;EUR;IE;OUI;-;Euronext;2026-08-04;BBG021TW0YS8;ZAPP;GLOBAL X U.S. ELE UCITS ETF;ETP;LN;OK
IE000716YHJ7;INVETFVWCEIMETFP;FWRA;ETF;ETF Plus;EUR;IE;OUI;-;Euronext;2026-08-04;BBG01GWN4MD0;FWRA;IVZ FTSE ALL WORLD ACC;ETP;LN;OK
IE00072RHT03;INVETFKGCYSNETFP;ICBR;ETF;ETF Plus;EUR;IE;OUI;ESG ETF art. 8;Euronext;2026-08-04;BBG01Q1VPBP2;ICBR;IVZ CYBERSECURITY ACC;ETP;LN;OK
IE00074JLU02;XTRETFXNJPIMETFP;XNJP;ETF;ETF Plus;EUR;IE;OUI;ESG ETF art. 8;Euronext;2026-08-04;BBG0195NCXN2;XNJP;X JAPAN NET ZERO PAB 1C;ETP;GR;OK
IE00074JV7J1;ISHETFNASDQXAMS;N1UD;ETF;Euronext Amsterdam - Multi-currency Trading;USD;IE;OUI;-;Euronext;2026-08-04;BBG01R4Z3968;N1UD;ISH NASDAQ 100 SWP UCIT DIS;ETP;NA;OK
IE00075IVKF9;HANETFNSURNJETFP;URNJ;ETF;ETF Plus;EUR;IE;OUI;-;Euronext;2026-08-04;BBG01LBGKJ28;URNJ;JNR URANIUM MINERS UCITS ETF;ETP;LN;OK
IE00076HZIP3;IBD Dec29 $ TR Dis;29IT;ETF;Euronext Amsterdam - Multi-currency Trading | Euronext Paris;USD;IE;OUI;-;Euronext;2026-08-04;BBG01MDHQLY6;29IT;ISHARES IBONDS DEC 2029 TRSY;ETP;NA;OK
IE00077FRP95;GLOETFSDIVIMETFP;SDIV;ETF;ETF Plus;EUR;IE;OUI;-;Euronext;2026-08-04;BBG015493CX7;SDIV;GX SUPERDIVIDEND UCITS-D;ETP;LN;OK
IE00077IIPQ8;WISETFWTNTSGETFP;NTSG;ETF;ETF Plus | Euronext Paris;EUR;IE;OUI;ESG ETF art. 8;Euronext;2026-08-04;BBG01QNKLK58;NTSG;WT GLOBAL EFFICIENT CORE;ETP;LN;OK
IE00078SFIQ6;ISHETFSXEFORXAMS;EUFG;ETF;Euronext Amsterdam;EUR;IE;OUI;-;Euronext;2026-08-04;BBG021QTDDZ2;EUFG;ISHARES EUROPE FORE FO ETF;ETP;NA;OK
IE0007FM00T9;ISH US EQ HINC ACC;INCI;ETF;Euronext Amsterdam - Multi-currency Trading | ETF Plus;USD;IE;OUI;ESG ETF art. 8;Euronext;2026-08-04;BBG01M2MWFC7;INCI;ISH US EQT HIG INC AC UC ETF;ETP;NA;OK
IE0007G78AC4;$Asia IG Corp US A;ASIG;ETF;Euronext Amsterdam - Multi-currency Trading;USD;IE;OUI;ESG ETF art. 8;Euronext;2026-08-04;BBG01382RNG2;ASIG;ISHARES ASIA IG CORP USD ACC;ETP;NA;OK
IE0007HKA9K1;LG ETFSOLARBETFP;LABL;ETF;ETF Plus;EUR;IE;OUI;-;Euronext;2026-08-04;BBG01J4X0F51;LAB2;L&G GLOBAL BRANDS ETF;ETP;LN;OK
IE0007I99HX7;VANETFMWMFNETFP;MOTU;ETF;ETF Plus | Euronext Paris;EUR;IE;OUI;-;Euronext;2026-08-04;BBG01KXMZFS7;MOTU;VANECK MSTAR WIDE MOAT ETF;ETP;LN;OK
IE0007LAQ4A1;ISHETFIDCOT3XAMS;CUEB;ETF;Euronext Amsterdam;EUR;IE;OUI;-;Euronext;2026-08-04;BBG0216N9K31;CUEB;ISHARES USD TREASURY 3-7YR;ETP;NA;OK
IE0007M3MLF3;WISETFWTDDGTETFP;GGRE;ETF;ETF Plus;EUR;IE;OUI;ESG ETF art. 8;Euronext;2026-08-04;BBG01FY3JCF8;GGRE;WT GLB QLY DVD GRWTH EUR HGD;ETP;IM;OK
IE0007O06KL9;ISHETFRU2000XAMS;RU2K;ETF;Euronext Amsterdam - Multi-currency Trading;USD;IE;OUI;-;Euronext;2026-08-04;BBG01PXDK611;RU2K;ISHARES RUSSELL 2000 SWAP UC;ETP;LN;OK
IE0007P4PBU1;HSBETFHMCHIMETFP;HCHA;ETF;ETF Plus;EUR;IE;OUI;-;Euronext;2026-08-04;BBG018N4FQ21;HCHA;HSBC MSCI CN ETF USD ACC;ETP;LN;OK
IE0007QB4QS2;BNPActAWDSEETFP;AWDSE;ETF;ETF Plus | Euronext Paris;EUR;IE;OUI;ESG ETF art. 8;Euronext;2026-08-04;BBG01PQD7M28;AWDSE;BNP EASY WORLD ESG ENH;ETP;FP;OK
IE0007SRI1C7;ISHETFI40423ETFP;IB37;ETF;ETF Plus | Euronext Paris;EUR;IE;OUI;ESG ETF art. 8;Euronext;2026-08-04;BBG02289PF22;IB37;ISHR IBD DEC 37 EUR ETF-ACC;ETP;GR;OK
IE0007UE04X9;WISETFWTETMUETFP;WENU;ETF;ETF Plus | Euronext Paris;EUR;IE;OUI;ESG ETF art. 8;Euronext;2026-08-04;BBG01RMYCVB6;WENU;WISDOMTREE SRTG ME UCITS ETF;ETP;LN;OK
IE0007ULOZS8;XTRETFPESGITETFP;XZSP;ETF;ETF Plus;EUR;IE;OUI;ESG ETF art. 8;Euronext;2026-08-04;BBG01BJP1H18;XZSP;X S&P 500 SCO&SCR 1C;ETP;GR;OK
IE0007WJ6B10;XTRETF6CWATSETFP;XDG6;ETF;ETF Plus;EUR;IE;OUI;ESG ETF art. 8;Euronext;2026-08-04;BBG01C9JYL16;XDG6;X MSCI CLEAN WATER 1C;ETP;GR;OK
IE0007WLHX89;ROBAct3D3DETFP;3D3D;ETF;ETF Plus;EUR;IE;OUI;ESG ETF art. 8;Euronext;2026-08-04;BBG01PZRSWK2;3D3D;ROBECO 3D EUROPEAN EQTY ACC;ETP;GR;OK
IE0007WMHDE3;HANETFSGIXEGXPAR;GR8;ETF;Euronext Paris;EUR;IE;OUI;ESG ETF art. 8;Euronext;2026-08-04;BBG01HCSTC26;GR8;MAKING EUROPE GREAT AGAIN UC;ETP;LN;OK
IE0007Y8Y157;VANETFMVQTMLETFP;QNTM;ETF;ETF Plus;EUR;IE;OUI;-;Euronext;2026-08-04;BBG01V30CCS6;QNTM;VANECK QUANTUM COMPUTING ETF;ETP;LN;OK
IE0007YP0PL1;BNPETFGDGRIMETFP;GRCTB;ETF;ETF Plus | Euronext Paris;EUR;IE;OUI;ESG ETF art. 8;Euronext;2026-08-04;BBG01R4ZC5P5;ESAD;BNP EASY EPRA GLOB GREEN;ETP;GR;OK
IE0007YZZZN7;INVActQQIAETFP;QQIA;ETF;ETF Plus;EUR;IE;OUI;-;Euronext;2026-08-04;BBG01ZHC1NJ4;QQIA;INVESCO NSDQ INCM ADVNT  ETF;ETP;LN;OK
IE0007Z19996;PicActPQEDETFP;PQED;ETF;ETF Plus;EUR;IE;OUI;ESG ETF art. 8;Euronext;2026-08-04;BBG02316S6Y5;PQED;PICTET AI ENHANCED EURO EQ;ETP;GR;OK
IE0007Z28IJ7;WISETFWTTMTUETFP;TMGT;ETF;ETF Plus | Euronext Paris;EUR;IE;OUI;-;Euronext;2026-08-04;BBG02140G9N8;TMGT;WISDOMTREE TECH MGTRDS ETF;ETP;LN;OK
IE0008119MO8;HSBETFSPINTEETFP;HITC;ETF;ETF Plus;EUR;IE;OUI;-;Euronext;2026-08-04;BBG01LFNHK48;HITC;HSBC S&P INDIA TECH EUR ACC;ETP;LN;OK
IE00082MOBL9;GLOETFSEUSDIETFP;EUSD;ETF;ETF Plus;EUR;IE;OUI;-;Euronext;2026-08-04;BBG01WSZN8Q9;EUSD;GX EURO SUPERDIV UCITS ETF;ETP;LN;OK
IE000845MQC5;HSBETFLUACTRETFP;HUCB;ETF;ETF Plus;EUR;IE;OUI;-;Euronext;2026-08-04;BBG01TS2LJR6;HUCB;HSBC ICAV US CORP BOND ETF;ETP;LN;OK
IE0008470928;ISHETFSEU50ETFP;EUN;ETF;ETF Plus;EUR;IE;OUI;-;Euronext;2026-08-04;BBG000BT21S8;EUN1;ISHARES STOXX EUROPE 50;ETP;GR;OK
IE0008471009;ISHARES EURO STX50;EUEA;ETF;Euronext Amsterdam | ETF Plus;EUR;IE;OUI;-;Euronext;2026-08-04;BBG000BT2G41;EUN2;ISHARES CORE EURO STOXX 50;ETP;GR;OK
IE00087GRUR0;AXAETFG0QAETFP;A01U;ETF;ETF Plus;EUR;IE;OUI;-;Euronext;2026-08-04;BBG01Q3LGDS5;A01U;BNP PRB ESII BBG UST 0-1Y-UA;ETP;GR;OK
IE0008BA4TY1;HANActCEGIETFP;CEGI;ETF;ETF Plus;EUR;IE;OUI;-;Euronext;2026-08-04;BBG01VK84KB9;CEGI;REX CRYP INC&GRO UCITS ETF;ETP;LN;OK
IE0008BU0XC3;HSBETFI38895ETFP;H10E;ETF;ETF Plus;EUR;IE;OUI;ESG ETF art. 8;Euronext;2026-08-04;BBG01R8XNZ23;H10E;HSBC ICAV EUR LOW GOV BD ETF;ETP;IM;OK
IE0008D0AIU9;BNPETFNU7600ETFP;WEWEU;ETF;ETF Plus | Euronext Paris;EUR;IE;OUI;ESG ETF art. 8;Euronext;2026-08-04;BBG01TF65RD6;WEWEU;BNP EASY MSCI WORLD EW;ETP;FP;OK
IE0008DO91F6;JPMActJXUEETFP;JXUE;ETF;ETF Plus;EUR;IE;OUI;ESG ETF art. 8;Euronext;2026-08-04;BBG022LFZLZ3;JXUE;JPM GLB EX US REI EQ ACT ETF;ETP;IM;OK
IE0008EMOWT3;JPMActJLOEETFP;JLOE;ETF;ETF Plus;EUR;IE;OUI;ESG ETF art. 8;Euronext;2026-08-04;BBG021HKQNV9;JLOE;JPM EM LOCAL BOND UCITS ETF;ETP;IM;OK
IE0008FB2WZ1;BNPP World ESG ETF;WEMTE;ETF;Euronext Paris - Multi-currency Trading;USD;IE;OUI;ESG ETF art. 8;Euronext;2026-08-04;BBG01JMHRVZ9;WEMTE;BNP PA ES MWD MTE UC ETF-USA;ETP;FP;OK
IE0008GO35B5;INVActICLUETFP;ICLU;ETF;ETF Plus;EUR;IE;OUI;-;Euronext;2026-08-04;BBG01S66FKG9;ICLU;IVZ USD CLO UCITS ETF ACC;ETP;LN;OK
IE0008JXFQK8;HSBActHQUSETFP;HQUS;ETF;ETF Plus;EUR;IE;OUI;-;Euronext;2026-08-04;BBG01TYGHH15;HQUD;HSBC USA EQ QUANT ACTIVE ETF;ETP;LN;OK
IE0008LRGGP4;HANActPFFIETFP;PFFI;ETF;ETF Plus;EUR;IE;OUI;-;Euronext;2026-08-04;BBG01X558KT5;ASWN;INF CAP PRE INC UCITS ETF;ETP;GR;OK
IE0008M1R3N4;FRAETFSUSM10ETFP;US100;ETF;ETF Plus | Euronext Paris;EUR;IE;OUI;-;Euronext;2026-08-04;BBG01TTNTPH8;USMC;FRANKLIN US MEGA CAP ETF;ETP;GR;OK
IE0008P6LL15;JPMActJGEVETFP;JGEV;ETF;ETF Plus;EUR;IE;OUI;ESG ETF art. 8;Euronext;2026-08-04;BBG01TLJC1Z6;JGVE;JPM GLOBAL GOV BND UCITS ETF;ETP;GR;OK
IE0008RSSHT4;HANActUKITETFP;UKIT;ETF;ETF Plus;EUR;IE;OUI;-;Euronext;2026-08-04;BBG01ZWSPKB0;UK1T;SABA INVESTMENT TRUSTS ETF;ETP;GR;OK
IE0008RX29L5;INVETFWNDEIMETFP;WNDE;ETF;ETF Plus;EUR;IE;OUI;ESG ETF art. 9;Euronext;2026-08-04;BBG019FND3C8;WNDE;INVESCO WIND ENERGY UCITS AC;ETP;LN;OK
IE0008SEV3B2;INVACTEGTDETFP;EGTD;ETF;ETF Plus;EUR;IE;OUI;ESG ETF art. 8;Euronext;2026-08-04;BBG01G6KCX88;EGVD;IN EU GO RE GR BD WE U E-EUR;ETP;GR;OK
IE0008T6IUX0;VANETFV3PLIMETFP;V3PL;ETF;ETF Plus | Euronext Amsterdam, Paris;EUR;IE;OUI;ESG ETF art. 8;Euronext;2026-08-04;BBG019LW3MC0;V3PL;VANG ESG FTSE APAC DIST;ETP;LN;OK
IE0008TKP6O7;AMUETFUESGITETFP;UESG;ETF;ETF Plus;EUR;IE;OUI;ESG ETF art. 8;Euronext;2026-08-04;BBG01KB67Q85;LESA;AM MS US ES SE EX UCIT-DRUSD;ETP;GR;OK
IE0008U15456;ISHETFGOVAIMETFP;IEGS;ETF;ETF Plus;EUR;IE;OUI;-;Euronext;2026-08-04;BBG01PGZ0V90;IEGS;ISH CORE EURO GV BOND AC;ETP;IM;OK
IE0008UEVOE0;iBds D28 Term E Ac;B28A;ETF;Euronext Paris | ETF Plus;EUR;IE;OUI;ESG ETF art. 8;Euronext;2026-08-04;BBG01J3FT4L7;IVOA;ISHRS IBND DEC28 CORP-EURACC;ETP;IM;OK
IE0008V9P2F7;FAMActAGE40ETFP;AGE40;ETF;ETF Plus;EUR;IE;OUI;-;Euronext;2026-08-04;BBG01X085MV0;AGE40;FINECO AM LONG 2040 ETF;ETP;IM;OK
IE0008WICO06;HANETFNSLVRUETFP;SLVM;ETF;ETF Plus;EUR;IE;OUI;-;Euronext;2026-08-04;BBG021JZGDC8;SLVM;SPROTT SILVER UCITS ETF;ETP;GR;OK
IE0008YN55P8;INVACTIQSDETFP;IQSD;ETF;ETF Plus;EUR;IE;OUI;ESG ETF art. 8;Euronext;2026-08-04;BBG019FQFZK9;IQSD;INV GL ACTV ESG EQT UCI-EHDG;ETP;GR;OK
IE0008YWAFL1;ISHETFI40152XAMS;IU28;ETF;Euronext Amsterdam - Multi-currency Trading | Euronext Paris;USD;IE;OUI;ESG ETF art. 8;Euronext;2026-08-04;BBG01XQ65GZ5;IU28;ISHARE IBO DEC 2028 HYC ETF;ETP;NA;OK
IE0008ZGI5C1;Flex Priv Equity;FLPE;ETF;Euronext Amsterdam;EUR;IE;OUI;-;Euronext;2026-08-04;BBG013Y276F3;FLPE;NORTHN TR LST PVT EQ UCT ETF;ETP;NA;OK
IE00090GHHQ4;SSGETFTIPSIMETFP;TIPA;ETF;ETF Plus;EUR;IE;OUI;-;Euronext;2026-08-04;BBG02062F5L5;TIPA;SS SPDR BBG US TIP UC ETF-AC;ETP;IM;OK
IE000929U2U9;iSh $ Sukuk Dist;SKUK;ETF;Euronext Amsterdam - Multi-currency Trading;USD;IE;OUI;-;Euronext;2026-08-04;BBG01KYPBWT7;SKUK;ISHARES USD SUKUK UCITS ETF;ETP;NA;OK
IE00093GOJ04;ISH C EUR CB US H;IEAU;ETF;Euronext Amsterdam - Multi-currency Trading;USD;IE;OUI;-;Euronext;2026-08-04;BBG01FTSZZ51;IEAU;ISHARES CORE EUR CRP USD-H A;ETP;NA;OK
IE000940RNE6;WISETFWBLKIMETFP;WBLK;ETF;ETF Plus | Euronext Paris;EUR;IE;OUI;ESG ETF art. 8;Euronext;2026-08-04;BBG019JB4447;WBLK;WT BLOCKCHAIN UCITS ETF USDA;ETP;LN;OK
IE00094AECT1;AXAActAEJEETFP;AEJE;ETF;ETF Plus;EUR;IE;OUI;ESG ETF art. 8;Euronext;2026-08-04;BBG01YVNBWV2;AEJE;BNP PA EA II EA BO UC ETF-EI;ETP;GR;OK
IE00094FRAA6;GLOETFCAUTIMETFP;CAUT;ETF;ETF Plus;EUR;IE;OUI;-;Euronext;2026-08-04;BBG0149G8Y93;CAUT;GX CHINAEVBATTERY UCITS ACC;ETP;GR;OK
IE00094GSCQ4;XTRActXEEWETFP;XEEW;ETF;ETF Plus;EUR;IE;OUI;ESG ETF art. 8;Euronext;2026-08-04;BBG01TT3GJ99;XEEW;X WORLD EQ ENHANCED ACTIVE;ETP;GR;OK
IE00094KNQN4;ISHETFI40153XAMS;IU29;ETF;Euronext Amsterdam - Multi-currency Trading | Euronext Paris;USD;IE;OUI;ESG ETF art. 8;Euronext;2026-08-04;BBG01XQ4GXS9;IU29;ISHARES IBOND D29 HY CRP ETF;ETP;NA;OK
IE000953I6Z4;ColActQRUSETFP;QRUS;ETF;ETF Plus;EUR;IE;OUI;-;Euronext;2026-08-04;BBG01WY7CZX8;QRUS;CT QR SRS US EA UCITS ETF;ETP;LN;OK
IE00095FLAP4;ISHActIFUHXAMC;IFUH;ETF;Euronext Amsterdam - Multi-currency Trading;USD;IE;OUI;-;Euronext;2026-08-04;BBG020Q8ZZ14;IFUH;ISHARES EUR FLE IN BD AC ETF;ETP;NA;OK
IE00096S6AV7;HSBETFENGLPAETFP;HPNA;ETF;ETF Plus;EUR;IE;OUI;ESG ETF art. 8;Euronext;2026-08-04;BBG01LM05ST9;HPNA;HSBC FTSE EPRA DEV CPA USD A;ETP;LN;OK
IE00097WZHZ9;ISHETFAWNT01XAMC;FTAW;ETF;Euronext Amsterdam - Multi-currency Trading;USD;IE;OUI;-;Euronext;2026-08-04;BBG02216L9W0;FTAW;ISHARES FTSE ALL WORLD ETF;ETP;NA;OK
IE00098G6RH2;ISHETFHUC0XAMS;HYCB;ETF;Euronext Amsterdam - Multi-currency Trading;USD;IE;OUI;-;Euronext;2026-08-04;BBG01SX659Z4;HYCB;ISHR BROAD HY CORP USD AC;ETP;NA;OK
IE00099GAJC6;ISHETFCNYEIMETFP;CNYE;ETF;ETF Plus;EUR;IE;OUI;-;Euronext;2026-08-04;BBG015D7SHY2;CNYE;ISHARES MSCI CHINA A-EURH AC;ETP;IM;OK
IE0009BC6K22;HSBC MSCI EMIS;HIES;ETF;Euronext Paris;EUR;IE;OUI;ESG ETF art. 8;Euronext;2026-08-04;BBG01B9JM981;HIEM;HSBC MSCI EM ISLAMIC SCD ETF;ETP;LN;OK
IE0009BM62P2;GLOStrSPBFAETFP;SPAB;ETF;ETF Plus;EUR;IE;OUI;-;Euronext;2026-08-04;BBG01JZ4YL79;SPAB;GX SPX ANNUAL BFR UCITS ETF;ETP;LN;OK
IE0009EDBBS3;GOLActGIGEETFP;GIGE;ETF;ETF Plus;EUR;IE;OUI;ESG ETF art. 8;Euronext;2026-08-04;BBG01RJP3H48;GIGE;GOLDMAN EUR IG ACTIVE ETF;ETP;GR;OK
IE0009EGAHL0;INVActIQUAETFP;IQUA;ETF;ETF Plus;EUR;IE;OUI;-;Euronext;2026-08-04;BBG01XQ2YGN5;IQUA;IVZ US ENHANCED ACC;ETP;LN;OK
IE0009EQZP90;ISHETFI38466XAMS;31ID;ETF;Euronext Amsterdam - Multi-currency Trading;USD;IE;OUI;-;Euronext;2026-08-04;BBG01QJ4C3S2;31ID;ISHARES IBNDS D 2031 T C ETF;ETP;NA;OK
IE0009F7UB30;FIRETFCAPSGEETFP;FTEG;ETF;ETF Plus;EUR;IE;OUI;ESG ETF art. 8;Euronext;2026-08-04;BBG01YZBJJR0;FTEG;FRST TRST ERP GRWT STRNT ETF;ETP;IM;OK
IE0009IAUUI1;INVETFIBXXUYETFP;UYLD;ETF;ETF Plus;EUR;IE;OUI;-;Euronext;2026-08-04;BBG0200TJWG5;UYLD;IVZ USD IG YIELD PLUS ETF;ETP;LN;OK
IE0009OCO2W4;JPMActJGLEETFP;JGLE;ETF;ETF Plus;EUR;IE;OUI;ESG ETF art. 8;Euronext;2026-08-04;BBG022LK16M6;JGLE;JPM GLBL EQ ACT UCITS ETF;ETP;LN;OK
IE0009QS7W62;MSCI Wld Hlth US A;WHCA;ETF;Euronext Amsterdam;EUR;IE;OUI;ESG ETF art. 8;Euronext;2026-08-04;BBG01383TM98;WHCA;ISHARES MSCI HLTH CARE-USD A;ETP;NA;OK
IE0009RE6PA1;FAMActACT20ETFP;ACT20;ETF;ETF Plus;EUR;IE;OUI;-;Euronext;2026-08-04;BBG01V8SVH44;ACT20;FINECO AM ACT POR 20% EQ ETF;ETP;IM;OK
IE0009RW4WA0;FAMActACT60ETFP;ACT60;ETF;ETF Plus;EUR;IE;OUI;-;Euronext;2026-08-04;BBG01V8T1BB0;ACT60;FINECO AM ACT POR 60% EQ ETF;ETP;IM;OK
IE0009TJ5T70;JPMETFJPCEIMETFP;JPEC;ETF;ETF Plus;EUR;IE;OUI;ESG ETF art. 9;Euronext;2026-08-04;BBG01PZXM757;JPEC;JPM CARBON TR GLEQ CTB UC UA;ETP;GR;OK
IE0009VWHAE6;ISHActUSEEETFP;USEE;ETF;ETF Plus | Euronext Amsterdam - Multi-currency Trading;EUR;IE;OUI;ESG ETF art. 8;Euronext;2026-08-04;BBG01NT11YY1;USEE;ISHRES US EQ ENHANCE AC ETF;ETP;NA;OK
IE0009W21NT4;UBSETFESGEIMETFP;WDESGE;ETF;ETF Plus;EUR;IE;OUI;ESG ETF art. 8;Euronext;2026-08-04;BBG01PGFRQ96;WDESGE;UBS IRL-MSCI WRLD SELC UCITS;ETP;SW;OK
IE0009WMIIC0;HSBETFI38894ETFP;H13E;ETF;ETF Plus;EUR;IE;OUI;ESG ETF art. 8;Euronext;2026-08-04;BBG01R8XLWX8;H13E;HSBC ICAV EUR CAR GOV BD ETF;ETP;IM;OK
IE0009XKZC98;EU CBd 1-5 US H Di;IE1C;ETF;Euronext Amsterdam - Multi-currency Trading;USD;IE;OUI;ESG ETF art. 8;Euronext;2026-08-04;BBG01J9QPSH3;IE1C;ISHARES EUR CORP 1-5Y;ETP;NA;OK
IE0009Y1MQJ2;ISHActFACTXAMS;FACT;ETF;Euronext Amsterdam - Multi-currency Trading;USD;IE;OUI;ESG ETF art. 8;Euronext;2026-08-04;BBG01RQ5YM03;FACT;ISHARES WLD EQ FRA UCITS ETF;ETP;NA;OK
IE000A0GH076;BNPETFMSTRUSETFP;WETFE;ETF;ETF Plus | Euronext Paris;EUR;IE;OUI;-;Euronext;2026-08-04;BBG01WV1H6L6;WETFE;BNPP MSCI WORLD UCITS ETF;ETP;FP;OK
IE000A0RC215;INVETFI38673ETFP;BS28;ETF;ETF Plus;EUR;IE;OUI;ESG ETF art. 8;Euronext;2026-08-04;BBG01MTR3899;BS28;IVZ BULLETSHARES 2028 USD D;ETP;LN;OK
IE000A7N3IV0;JPMActJRAWETFP;JRAW;ETF;ETF Plus;EUR;IE;OUI;ESG ETF art. 8;Euronext;2026-08-04;BBG01QXX0920;JRAW;JPM ACW REI EQ ACT UCITS ETF;ETP;LN;OK
IE000A89Y2G7;ISHETF747668XAMS;WUTS;ETF;Euronext Amsterdam - Multi-currency Trading;USD;IE;OUI;ESG ETF art. 8;Euronext;2026-08-04;BBG01TVVRN11;WUTS;ISHARES MSCI WUS ADVANCE ETF;ETP;NA;OK
IE000A9G9R73;ISHETFSTARXVXAMC;STAR;ETF;Euronext Amsterdam - Multi-currency Trading | Euronext Paris;USD;IE;OUI;-;Euronext;2026-08-04;BBG022RDY221;STAR;ISHR SPACE TECH UCITS ETF;ETP;NA;OK
IE000A9QV382;ISH FR GV BD US HD;IFRD;ETF;Euronext Amsterdam - Multi-currency Trading;USD;IE;OUI;-;Euronext;2026-08-04;BBG019XMW7V9;IFRD;ISHARES FRANCE GBT BD USD-HD;ETP;NA;OK
IE000AD2AYN2;ISHETFI40431ETFP;IB36;ETF;ETF Plus | Euronext Paris;EUR;IE;OUI;ESG ETF art. 8;Euronext;2026-08-04;BBG022873CL6;IB36;ISHARES IBONDS 2036 EUR ETF;ETP;GR;OK
IE000AEM1K78;M&GActMGMXETFP;MGMX;ETF;ETF Plus;EUR;IE;OUI;-;Euronext;2026-08-04;BBG021489753;MGMX;M&G GLOBAL MAXIMA EQUITY ETF;ETP;LN;OK
IE000AFVKJZ0;VANActVCASHETFP;VCASH;ETF;ETF Plus | Euronext Amsterdam;EUR;IE;OUI;-;Euronext;2026-08-04;BBG01YRFXCJ8;VCAS;VANG EUR CASH ETF E D;ETP;GR;OK
IE000AFVONT7;WISETFWTEUBLETFP;WBLD;ETF;ETF Plus | Euronext Paris;EUR;IE;OUI;ESG ETF art. 8;Euronext;2026-08-04;BBG020YG0V96;WBLD;WSDMTREE EURP INFRSTRCTR ETF;ETP;LN;OK
IE000AGFZM58;HSBC MSCI EU IS;HIPS;ETF;Euronext Paris;EUR;IE;OUI;ESG ETF art. 8;Euronext;2026-08-04;BBG01B9JKPB3;HIEU;HSBC MSCI EU ISLAMIC SCD ETF;ETP;LN;OK
IE000AIFGRB9;INVETFDKRHGYETFP;WDEE;ETF;ETF Plus;EUR;IE;OUI;ESG ETF art. 8;Euronext;2026-08-04;BBG01G2H4605;WDEE;INV S&P WLD ENE T&S UCIT-AUS;ETP;LN;OK
IE000AK4O3W6;ISHETFSUSEIMETFP;IE3E;ETF;ETF Plus;EUR;IE;OUI;ESG ETF art. 8;Euronext;2026-08-04;BBG017GY3604;IE3E;ISHARES EUR CORP ESG0-3Y EA;ETP;GR;OK
IE000AN258G4;ISHETFDJAPSDXAMS;IAPU;ETF;Euronext Amsterdam - Multi-currency Trading;USD;IE;OUI;-;Euronext;2026-08-04;BBG01W92G989;IAPU;ISHARES ASIA PACIFIC DVD ETF;ETP;NA;OK
IE000AN3AFZ1;HANActJOGSETFP;JOGS;ETF;ETF Plus;EUR;IE;OUI;ESG ETF art. 8;Euronext;2026-08-04;BBG01YC2NG50;JOGS;JUPITER GBL SML CP UCITS ETF;ETP;GR;OK
IE000ANHU3J3;JPMActJSEMETFP;JSEM;ETF;ETF Plus;EUR;IE;OUI;ESG ETF art. 9;Euronext;2026-08-04;BBG01QXZYC21;JSEM;JPM GEM REI SRI PA ACT ETF;ETP;LN;OK
IE000ANMCD25;FirETFBSPENETFP;ORBT;ETF;ETF Plus;EUR;IE;OUI;-;Euronext;2026-08-04;BBG02413NXK1;FSPC;FST TRST BLMBRG SPC EC ETF A;ETP;LN;OK
IE000AON7ET1;ARKActARKXETFP;ARKX;ETF;ETF Plus;EUR;IE;OUI;ESG ETF art. 8;Euronext;2026-08-04;BBG01XSRVVY6;ARXX;ARK SPACE & DEF UCITS ETF;ETP;GR;OK
IE000AP27VA7;JPMActJGPDETFP;JGPD;ETF;ETF Plus;EUR;IE;OUI;-;Euronext;2026-08-04;BBG01XMNJC04;JGPD;JPM GB EQ PR IN ACT UT E-U D;ETP;IM;OK
IE000APK27S2;ISHETFI36429ETFP;AEGE;ETF;ETF Plus;EUR;IE;OUI;ESG ETF art. 8;Euronext;2026-08-04;BBG0127JP0F1;AEGE;ISH GL AG BD ES SR UC-EU HD;ETP;GR;OK
IE000ATQR3N3;BNPActAWDSHXPAR;AWDSH;ETF;Euronext Paris;EUR;IE;OUI;ESG ETF art. 8;Euronext;2026-08-04;BBG01VWLF323;AWDSH;BNP PRIBS ESY ESG E WRLD ETF;ETP;FP;OK
IE000AWRDWI7;INVETFCNT50UETFP;CN50;ETF;ETF Plus;EUR;IE;OUI;-;Euronext;2026-08-04;BBG01N9XK7Z0;CN50;INVESCO CHINEXT 50 UCITS ETF;ETP;LN;OK
IE000AXIKJM8;AXAETFHPAUIMETFP;AIUU;ETF;ETF Plus;EUR;IE;OUI;ESG ETF art. 8;Euronext;2026-08-04;BBG01K4S8QF6;AIUT;BNP PA EA II MS UP UC ETF-UA;ETP;GR;OK
IE000AY2ERH5;ISHActTENMETFP;TENM;ETF;ETF Plus | Euronext Amsterdam - Multi-currency Trading;EUR;IE;OUI;-;Euronext;2026-08-04;BBG021487NV1;TENM;ISHARES US LA CAP MB MAR ETF;ETP;NA;OK
IE000AY6KP29;ISHETFSPXCW3XAMS;SPC3;ETF;Euronext Amsterdam - Multi-currency Trading;USD;IE;OUI;-;Euronext;2026-08-04;BBG01TCW5ZG1;SPC3;ISHARES SP 500 3% CAPPED ETF;ETP;NA;OK
IE000AYEFBK6;ISHETFI40152XAMS;28IU;ETF;Euronext Amsterdam - Multi-currency Trading;USD;IE;OUI;ESG ETF art. 8;Euronext;2026-08-04;BBG01XQ65H83;28IU;ISHARE IBO DEC 2028 HYC ETF;ETP;NA;OK
IE000AYJ75E5;INVETFI38679ETFP;BE26;ETF;ETF Plus;EUR;IE;OUI;ESG ETF art. 8;Euronext;2026-08-04;BBG01N4B9YN0;BE26;IVZ BULLETSHARES 2026 EUR D;ETP;GR;OK
IE000AZ0ORF1;BLUETFUS500NXAMC;BSUC;ETF;Euronext Amsterdam - Multi-currency Trading;CZK;IE;OUI;-;Euronext;2026-08-04;BBG0236XH6M6;BSUC;BLUESPHERE US EQTY ETF - CZK;ETP;NA;OK
IE000AZ2HZ31;UBSETFNCUDWIETFP;WRDSC;ETF;ETF Plus;EUR;IE;OUI;-;Euronext;2026-08-04;BBG022GHRN17;WRDSC;UBS MSCI WRLD SML CP ETF ACC;ETP;SW;OK
IE000AZOUN82;FRAETFFLXAIVXPAR;FAITH;ETF;Euronext Paris | ETF Plus;EUR;IE;OUI;ESG ETF art. 8;Euronext;2026-08-04;BBG01MDBJRY4;FLXA;FRK MSCI WORLD CATH PRIN ETF;ETP;GR;OK
IE000B1A2798;VANETFH38855ETFP;VGGF;ETF;ETF Plus | Euronext Amsterdam;EUR;IE;OUI;-;Euronext;2026-08-04;BBG01SXNDQB6;VGGF;VANG G GOV B ETF EHA;ETP;IM;OK
IE000B9PQW54;VANETFCUREIMETFP;CURE;ETF;ETF Plus;EUR;IE;OUI;ESG ETF art. 9;Euronext;2026-08-04;BBG019FNNFP6;CURE;VANECK GENOMIC HLTH INN ETF;ETP;LN;OK
IE000BAF6X29;UBSETFPEXEIMETFP;PEXE;ETF;ETF Plus;EUR;IE;OUI;ESG ETF art. 8;Euronext;2026-08-04;BBG0185CZH58;PEXE;UBSETF PACXJ IMI SRI HEUR;ETP;IM;OK
IE000BHH6TY7;JPMActJGHEETFP;JGHE;ETF;ETF Plus;EUR;IE;OUI;ESG ETF art. 8;Euronext;2026-08-04;BBG022LK18P9;JGHE;JPM GLBL EQ ACT UCITS ETF;ETP;IM;OK
IE000BI8OT95;AMUETFMSTRUSETFP;MWRD;ETF;ETF Plus | Euronext Paris | Euronext Amsterdam - Multi-currency Trading;EUR;IE;OUI;-;Euronext;2026-08-04;BBG01L0JHS55;MWRD;AM CORE MSCI WORLD U ETF ACC;ETP;FP;OK
IE000BKMMHF9;UBSETFPEXIMETFP;PEX;ETF;ETF Plus;EUR;IE;OUI;ESG ETF art. 8;Euronext;2026-08-04;BBG018594LR6;PXJSRI;UBSETF PACXJ IMI SRI HEUR;ETP;SW;OK
IE000BLN64M9;LG ETFSOLENTETFP;ENTR;ETF;ETF Plus;EUR;IE;OUI;ESG ETF art. 8;Euronext;2026-08-04;BBG01MB5Z855;ENTR;L&G NEW ENERGY COMMODITIES U;ETP;LN;OK
IE000BMDG046;INVETFI38675ETFP;BS27;ETF;ETF Plus;EUR;IE;OUI;ESG ETF art. 8;Euronext;2026-08-04;BBG01MTQRTK6;BS27;IVZ BULLETSHARES 2027 USD D;ETP;LN;OK
IE000BMJPF23;ISHETFNU7476XAMC;WSSC;ETF;Euronext Amsterdam - Multi-currency Trading;USD;IE;OUI;ESG ETF art. 8;Euronext;2026-08-04;BBG02378JH44;WSSC;ISHR MSCI WC SSA UCITS ETF;ETP;NA;OK
IE000BMP9YJ5;ISHActMAXJETFP;MAXJ;ETF;ETF Plus | Euronext Amsterdam - Multi-currency Trading;EUR;IE;OUI;-;Euronext;2026-08-04;BBG0231PHQF2;MAXJ;ISHARS US LC MB JUN ETF;ETP;NA;OK
IE000BMZP0I6;ISHETFSTXNEUXAMS;NUUR;ETF;Euronext Amsterdam - Multi-currency Trading;USD;IE;OUI;-;Euronext;2026-08-04;BBG01VPWBS17;NUUR;ISHRS NCL ERG AND URM MG ETF;ETP;NA;OK
IE000BNLRWE6;SCHActSAGEETFP;SAGE;ETF;ETF Plus;EUR;IE;OUI;ESG ETF art. 8;Euronext;2026-08-04;BBG01WR2DCR4;SAGE;SCHRODER GLOBAL EA UCITS ETF;ETP;LN;OK
IE000BRM9046;INVETFKGDFNETFP;IVDF;ETF;ETF Plus;EUR;IE;OUI;-;Euronext;2026-08-04;BBG01Q1VQ2G1;IDFN;IVZ DEFENCE ACC;ETP;LN;OK
IE000BRX9DZ0;SSGActSAWEETFP;SAWE;ETF;ETF Plus;EUR;IE;OUI;ESG ETF art. 8;Euronext;2026-08-04;BBG01ZKL8X01;SAWE;SS ALL WORLD ENH ACTIVE ETF;ETP;IM;OK
IE000BUIVY49;ISHActEUEBETFP;EUEB;ETF;ETF Plus;EUR;IE;OUI;ESG ETF art. 8;Euronext;2026-08-04;BBG01T030MX3;EUEB;ISHARES EUR CRP B ENHD A ETF;ETP;GR;OK
IE000BW2B3J3;FIRETFBFANGXETFP;SCAR;ETF;ETF Plus;EUR;IE;OUI;-;Euronext;2026-08-04;BBG01J9SV2X1;SCAR;FT BBG SCARCE RES UCITS ETF;ETP;LN;OK
IE000BWITBP9;iSh iBD26 US Ac PR;26ID;ETF;Euronext Paris;EUR;IE;OUI;ESG ETF art. 8;Euronext;2026-08-04;BBG01HQVRMN1;D26A;ISHRS IBND DEC 26 CORP;ETP;NA;OK
IE000BWKUES1;GLOETFAQWAIMETFP;AQWA;ETF;ETF Plus;EUR;IE;OUI;ESG ETF art. 8;Euronext;2026-08-04;BBG013TPCGJ6;AQWA;GX CLEAN WATER UCITS A USD;ETP;LN;OK
IE000BXC49I6;JPMACTJSEGETFP;JSEG;ETF;ETF Plus;EUR;IE;OUI;ESG ETF art. 9;Euronext;2026-08-04;BBG01H3Q16Q7;JSEG;JPM GL REI SRI PAB ACT ETF;ETP;LN;OK
IE000BZ1HVL2;SSGETFM0WOHEETFP;SWRE;ETF;ETF Plus;EUR;IE;OUI;-;Euronext;2026-08-04;BBG01H4ZSYY7;SPFH;SS SPDR MSCI WORLD UC-EUR HA;ETP;GR;OK
IE000BZFW5H7;JPMActJUSHETFP;JUSH;ETF;ETF Plus;EUR;IE;OUI;ESG ETF art. 8;Euronext;2026-08-04;BBG01KR4H347;JAUH;JPM US EQ ACTIVE UCITS ETF;ETP;GR;OK
IE000BZXJJ24;iSh iBd Dc30 $ Dst;30ID;ETF;Euronext Amsterdam - Multi-currency Trading | Euronext Paris;USD;IE;OUI;ESG ETF art. 8;Euronext;2026-08-04;BBG01MQ6FNW6;30ID;ISHARES IBO DEC 2030 TER ETF;ETP;NA;OK
IE000C5Q64P6;INVETFI38672ETFP;BS29;ETF;ETF Plus;EUR;IE;OUI;ESG ETF art. 8;Euronext;2026-08-04;BBG01MTRHK42;BS29;IVZ BULLETSHARES 2029 USD D;ETP;LN;OK
IE000C5YJ791;ISHETFNU7585XAMS;USLD;ETF;Euronext Amsterdam - Multi-currency Trading;USD;IE;OUI;ESG ETF art. 8;Euronext;2026-08-04;BBG01Q8B2JZ6;USLD;ISHARES MSCI USA LDRS UCITS;ETP;NA;OK
IE000C692SN6;HSBCMSCIWLDSCAPESG;HWSS;ETF;Euronext Paris;EUR;IE;OUI;ESG ETF art. 8;Euronext;2026-08-04;BBG019VNLXY1;HWSC;HSBC MSCI WD SM CAP SCD ETF;ETP;LN;OK
IE000C6ITGC8;ISHETFSTXQNTXAMC;QANT;ETF;Euronext Amsterdam - Multi-currency Trading;USD;IE;OUI;-;Euronext;2026-08-04;BBG01YRSJ1S0;QANT;ISHARES QUANT COMP UCITS ETF;ETP;NA;OK
IE000C7DDDX4;FRAETFFLXSIVXPAR;SAUDI;ETF;Euronext Paris | ETF Plus;EUR;IE;OUI;-;Euronext;2026-08-04;BBG01QHNBCD9;FLXS;FRK SAUDI ARABIA UCITS ETF;ETP;GR;OK
IE000C7EUDG1;HANETFIPDEFNETFP;QUAD;ETF;ETF Plus;EUR;IE;OUI;-;Euronext;2026-08-04;BBG01W9D9WC7;QUAD;KOTAK INDO-PAC DEFENCE ETF;ETP;LN;OK
IE000C87OS21;FAMETFMMWSIMETFP;FAMMWS;ETF;ETF Plus;EUR;IE;OUI;-;Euronext;2026-08-04;BBG0195Z7883;FAMMWS;FAM WSS EQUIPMENT UCITS ETF;ETP;IM;OK
IE000CB2BST9;FAMActACTEQETFP;ACTEQ;ETF;ETF Plus;EUR;IE;OUI;-;Euronext;2026-08-04;BBG01V8VJYK6;ACTEQ;FINECO AM ACT PORT EQU U ETF;ETP;IM;OK
IE000CBYU7J5;LG ETFFXBYSCETFP;RIEM;ETF;ETF Plus;EUR;IE;OUI;ESG ETF art. 9;Euronext;2026-08-04;BBG01FNG0DM1;RIEM;L&G EMEG MAR EQ UCS ETF-USD;ETP;LN;OK
IE000CCQKON9;TABActJHESETFP;JHES;ETF;ETF Plus;EUR;IE;OUI;ESG ETF art. 8;Euronext;2026-08-04;BBG01V4T23C0;JHES;JANUS HEN EUR SHRT DUR EUR A;ETP;GR;OK
IE000CEUZ052;HANETFIDGSMCETFP;DRAM;ETF;ETF Plus | Euronext Paris;EUR;IE;OUI;-;Euronext;2026-08-04;BBG022YRHKB1;DRAM;DEFIANCE MEMORY ETF ACCUMLT;ETP;GR;OK
IE000CFH1JX2;Gbl Water USD A;H2OA;ETF;Euronext Amsterdam;EUR;IE;OUI;ESG ETF art. 8;Euronext;2026-08-04;BBG012G1NWX2;H2OA;ISHARES GLOBAL WATER USD ACC;ETP;NA;OK
IE000CH3OQ51;INVETFHE7217ETFP;MXUE;ETF;ETF Plus;EUR;IE;OUI;-;Euronext;2026-08-04;BBG01M0R65Z4;MXUE;INVESCO MSCI USA EUR HDG;ETP;GR;OK
IE000CL68Z69;AMUETFMXWCPFETFP;PABWD;ETF;ETF Plus | Euronext Paris;EUR;IE;OUI;ESG ETF art. 8;Euronext;2026-08-04;BBG01KC49333;PABW;AMUNDI MSCI WORLD CLIMATE PA;ETP;FP;OK
IE000CM02H85;FRAETFFLXTIMETFP;FLXT;ETF;ETF Plus | Euronext Paris;EUR;IE;OUI;-;Euronext;2026-08-04;BBG015NL6DR1;FLXT;FRK FTSE TAIWAN UCITS ETF;ETP;GR;OK
IE000CN8T855;JPMACTJUHEETFP;JUHE;ETF;ETF Plus;EUR;IE;OUI;ESG ETF art. 8;Euronext;2026-08-04;BBG0146W3B05;JUHE;JPMORG US RE EIE AC UC ET-EH;ETP;GR;OK
IE000CO3P697;FIRActMJUNETFP;MJUN;ETF;ETF Plus;EUR;IE;OUI;-;Euronext;2026-08-04;BBG01VD0XYS4;MJUN;FT VEST US EQ MAX BUF JUNE;ETP;GR;OK
IE000CO65C82;WISETFWTGDHYETFP;DIVW;ETF;ETF Plus;EUR;IE;OUI;ESG ETF art. 8;Euronext;2026-08-04;BBG023B4LNB4;DIVW;WSDTREE GBL HD UCITS ETF;ETP;LN;OK
IE000COQKPO9;INVETFNESGITETFP;NESG;ETF;ETF Plus;EUR;IE;OUI;ESG ETF art. 8;Euronext;2026-08-04;BBG01333FZS8;NESG;IVZ NASDAQ-100 ESG ACC;ETP;LN;OK
IE000CPG9HG3;FIRETFNQVRDEETFP;EDVY;ETF;ETF Plus;EUR;IE;OUI;ESG ETF art. 8;Euronext;2026-08-04;BBG021H45GN2;EDVY;FT EUR RIS DIV ACH;ETP;IM;OK
IE000CQQ22C8;JPMActJAVEETFP;JAVE;ETF;ETF Plus;EUR;IE;OUI;ESG ETF art. 8;Euronext;2026-08-04;BBG01KQ5PJ05;JPVE;JPM US VAL EQT ACT UE-EU HDA;ETP;GR;OK
IE000CV0WWL4;TABActJCPNETFP;JCPN;ETF;ETF Plus;EUR;IE;OUI;ESG ETF art. 8;Euronext;2026-08-04;BBG01Q790CV3;JCPN;JANUS HEN JAPAN HC EQ JPY A;ETP;GR;OK
IE000CVOSY02;FRAETFDWLDIVXPAR;WORLD;ETF;Euronext Paris | ETF Plus;EUR;IE;OUI;-;Euronext;2026-08-04;BBG01NCKK0B5;DWLD;FRK FTSE DEV WORLD UCITS ETF;ETP;GR;OK
IE000CWS09Q9;LG ETFJPEIGKETFP;XBNK;ETF;ETF Plus;EUR;IE;OUI;ESG ETF art. 8;Euronext;2026-08-04;BBG01Q0S4SN8;XBNK;L&G CB EX-BANK UCITS ETF;ETP;LN;OK
IE000CWUZKZ9;FAMActAGE60ETFP;AGE60;ETF;ETF Plus;EUR;IE;OUI;-;Euronext;2026-08-04;BBG01X08SNL4;AGE60;FINECO AM LONG 2060 ETF;ETP;IM;OK
IE000CXVOXQ1;WISETFWTDGNHETFP;DGRE;ETF;ETF Plus;EUR;IE;OUI;ESG ETF art. 8;Euronext;2026-08-04;BBG01HQZ23F0;DGRE;WT US QLY DVD GRWTH EUR HGD;ETP;IM;OK
IE000CYC2B65;ISHETFACWEIMETFP;ACSW;ETF;ETF Plus | Euronext Amsterdam - Multi-currency Trading;EUR;IE;OUI;-;Euronext;2026-08-04;BBG020JBTHT2;ACSW;ISHRS MSCI ASP UCITS ETF;ETP;NA;OK
IE000CYTPBT0;INVETFBCOMCAETFP;CMOC;ETF;ETF Plus;EUR;IE;OUI;ESG ETF art. 8;Euronext;2026-08-04;BBG01HLGRSF5;CMOC;IVZ BBG CMOD CARB TILT;ETP;LN;OK
IE000CZJPCH1;ISHActEHEBXAMS;EHEB;ETF;Euronext Amsterdam;EUR;IE;OUI;-;Euronext;2026-08-04;BBG01YV4PPG1;EHEB;ISHARES HY CORP BOND E A ETF;ETP;NA;OK
IE000CZQJXB8;ISHActTENJETFP;TENJ;ETF;ETF Plus | Euronext Amsterdam - Multi-currency Trading;EUR;IE;OUI;-;Euronext;2026-08-04;BBG02312DMZ4;TENJ;ISHRS US LC MB JUN UCITS ETF;ETP;NA;OK
IE000CZU3JH0;FRAActUSENETFP;USEN;ETF;ETF Plus;EUR;IE;OUI;ESG ETF art. 8;Euronext;2026-08-04;BBG01ZRHCL22;FCEU;FRANKLIN CORE US ENH ETF;ETP;GR;OK
IE000D0T0BO1;FRAETFFLXJIVXPAR;JAPAN;ETF;Euronext Paris | ETF Plus | Euronext Amsterdam - Multi-currency Trading;EUR;IE;OUI;-;Euronext;2026-08-04;BBG01NYJ82Q8;FLXJ;FRK FTSE JAPAN UCITS ETF;ETP;GR;OK
IE000D1017N2;WISETFWTVALGETFP;WTVG;ETF;ETF Plus;EUR;IE;OUI;ESG ETF art. 8;Euronext;2026-08-04;BBG01YW46F64;WTVG;WT GLOBAL VALUE UCITS ETF;ETP;LN;OK
IE000D1DAPO5;ROBActRCEGXAMS;RCEG;ETF;Euronext Amsterdam;EUR;IE;OUI;ESG ETF art. 8;Euronext;2026-08-04;BBG01WW6YCB3;RCEG;ROBECO CLIM EURGOVBD ETF ACC;ETP;NA;OK
IE000D2UDLG6;HSBETFTRSYIMETFP;HUST;ETF;ETF Plus;EUR;IE;OUI;-;Euronext;2026-08-04;BBG01TRLG993;HUST;HSBC ICAV US TREAS BOND ETF;ETP;LN;OK
IE000D3BWBR2;ISH S&P 500 SWP US;I50D;ETF;Euronext Amsterdam - Multi-currency Trading;USD;IE;OUI;-;Euronext;2026-08-04;BBG016XQRYK5;I50D;ISHARES S&P500 SWAP USD DIST;ETP;NA;OK
IE000D3E0G47;GOLActGSINETFP;GSIN;ETF;ETF Plus;EUR;IE;OUI;ESG ETF art. 8;Euronext;2026-08-04;BBG021HPT1C4;GSIN;GOLDMAN GLO INC BOND ACT ETF;ETP;GR;OK
IE000D5R9C23;ISHActAXEEETFP;AXEE;ETF;ETF Plus | Euronext Amsterdam - Multi-currency Trading;EUR;IE;OUI;ESG ETF art. 8;Euronext;2026-08-04;BBG01NT1DGT3;AXEE;ISHR ASIA EX JAPAN E EN ETF;ETP;NA;OK
IE000D6810F1;ISHETFNU7484XAMS;QDIA;ETF;Euronext Amsterdam - Multi-currency Trading;USD;IE;OUI;ESG ETF art. 8;Euronext;2026-08-04;BBG01V2V7HH6;QDIA;ISHARES MSCI USA QTY DIV DIS;ETP;NA;OK
IE000D8FCSD8;Lstd Priv Eq USD A;IPRA;ETF;Euronext Amsterdam - Multi-currency Trading;USD;IE;OUI;-;Euronext;2026-08-04;BBG014SYKFX3;IPRA;ISHARES LISTED PE ETF USD-A;ETP;NA;OK
IE000D8XC064;ISHActWOEEETFP;WOEE;ETF;ETF Plus | Euronext Amsterdam - Multi-currency Trading;EUR;IE;OUI;ESG ETF art. 8;Euronext;2026-08-04;BBG01NT0GLY5;WOEE;ISHARES WORLD EQUITY ENHANCE;ETP;NA;OK
IE000D9S4LT3;ISHActISOVXAMC;ISOV;ETF;Euronext Amsterdam - Multi-currency Trading;USD;IE;OUI;ESG ETF art. 8;Euronext;2026-08-04;BBG021RWP3Y4;ISOV;ISHRS USD EM BA UCITS ETF;ETP;NA;OK
IE000D9WMGF0;ISHETFI38442ETFP;IG31;ETF;ETF Plus | Euronext Amsterdam;EUR;IE;OUI;ESG ETF art. 8;Euronext;2026-08-04;BBG01QJ6DD95;IG31;ISHARES IBOND D 2031 T C ETF;ETP;GR;OK
IE000DOZYQJ7;TABETFTAEHIMETFP;TAEH;ETF;ETF Plus;EUR;IE;OUI;ESG ETF art. 8;Euronext;2026-08-04;BBG013HHSM70;TAEH;JHH ASIA HY BND SCR EURH A;ETP;GR;OK
IE000DPO6LM8;LG ETFM1WOMCETFP;MIDS;ETF;ETF Plus;EUR;IE;OUI;-;Euronext;2026-08-04;BBG01ZG574Y9;MIDS;L&G MSCI WRLD MID CAP;ETP;LN;OK
IE000DQLYVB9;ISHETFSP500XPAR;SPEA;ETF;Euronext Paris;EUR;IE;OUI;-;Euronext;2026-08-04;BBG01V4WKVR5;SPEAEUR;ISHRS SP 500S PEA UCITS ETF;ETP;EP;OK
IE000DQNQS25;FAMActPRIMJETFP;PRIMJ;ETF;ETF Plus;EUR;IE;OUI;-;Euronext;2026-08-04;BBG01THFGK65;PRIMJ;FINECO AM ACTIVE EUROPE ETF;ETP;IM;OK
IE000DR59CI3;ISHETFSTXEGSXAMS;STOR;ETF;Euronext Amsterdam - Multi-currency Trading;USD;IE;OUI;ESG ETF art. 8;Euronext;2026-08-04;BBG01S3LXJP2;STOR;ISHARES E STOR & HYDRO ETF;ETP;NA;OK
IE000DWHL026;PicActPQUSETFP;PQUS;ETF;ETF Plus;EUR;IE;OUI;ESG ETF art. 8;Euronext;2026-08-04;BBG023120ZJ7;PQUS;PICTET AI ENHANCED US EQ ETF;ETP;GR;OK
IE000DYQE2Q3;ISHActBAT1ETFP;BAT1;ETF;ETF Plus;EUR;IE;OUI;ESG ETF art. 8;Euronext;2026-08-04;BBG01ZJ22281;BAT1;ISHRS AT1 BOND A UCITS ETF;ETP;IM;OK
IE000E02WFD5;FRAETFLT12TRETFP;FLUSA;ETF;ETF Plus | Euronext Paris;EUR;IE;OUI;-;Euronext;2026-08-04;BBG01VS2D0V6;SHOR;FRANKLIN US TREAS 0-1 YR ETF;ETP;GR;OK
IE000E4BATC9;XTRETFXZWEIMETFP;XZWD;ETF;ETF Plus;EUR;IE;OUI;ESG ETF art. 8;Euronext;2026-08-04;BBG01QZGLRQ6;XZWD;X MSCI WORLD ESG 1D;ETP;GR;OK
IE000E6TPCH9;INVETFSPXQUNETFP;SPQA;ETF;ETF Plus;EUR;IE;OUI;-;Euronext;2026-08-04;BBG01VNL0YC0;SPQA;IVZ S&P 500 QUAL ETF ACC;ETP;LN;OK
IE000E7EI9P0;AMUETFSPDSETXPAR;GLIT;ETF;Euronext Paris;EUR;IE;OUI;ESG ETF art. 8;Euronext;2026-08-04;BBG019HZK689;MWOB;AM S&P W INFORMATIO SCR A;ETP;GR;OK
IE000E8WZD37;HSBETFSBKUXPAR;HBKS;ETF;Euronext Paris;EUR;IE;OUI;-;Euronext;2026-08-04;BBG01J5P3H23;HBKU;HSBC ICAV GLOBAL SUKUK ETF;ETP;LN;OK
IE000E909O74;PCR GCOW UCITS ETF;GCOW;ETF;Euronext Amsterdam - Multi-currency Trading;USD;IE;OUI;-;Euronext;2026-08-04;BBG01MRVPJJ3;GCOW;PACER GLOBAL CASH COWS DIVID;ETP;NA;OK
IE000E9W0ID3;ISHETFNU7548ETFP;TLCO;ETF;ETF Plus | Euronext Amsterdam - Multi-currency Trading;EUR;IE;OUI;-;Euronext;2026-08-04;BBG01M4RZK94;TLCO;ISHARES MSCI GLOBAL TELE SER;ETP;NA;OK
IE000EA7I2N5;SSGETFJPEIA2ETFP;SAUE;ETF;ETF Plus;EUR;IE;OUI;-;Euronext;2026-08-04;BBG01VBGMQ55;SAUE;SS SP JPM SAU ARA AGG BD-UAU;ETP;IM;OK
IE000EBFYWX3;GLOETFCROPIMETFP;CROP;ETF;ETF Plus;EUR;IE;OUI;-;Euronext;2026-08-04;BBG0154080C0;KROP;GX AGTECH & FOOD INNOV UCITS;ETP;LN;OK
IE000EBPC0Z7;FRAETFFRCPIMETFP;FRCP;ETF;ETF Plus | Euronext Paris;EUR;IE;OUI;ESG ETF art. 8;Euronext;2026-08-04;BBG017G6H1K9;FVCH;FRK MSCI CH PARIS UCITS ETF;ETP;GR;OK
IE000EC86C06;GOLActGEMSETFP;GEMS;ETF;ETF Plus;EUR;IE;OUI;ESG ETF art. 8;Euronext;2026-08-04;BBG01RJQ82V4;GEMS;GS EM GREEN SOCIAL ACTV ETF;ETP;LN;OK
IE000EDOZV89;INVActWITAETFP;WITA;ETF;ETF Plus;EUR;IE;OUI;-;Euronext;2026-08-04;BBG022V93XY6;WITA;INVSTLX INTM VIA PIR ETF CLS;ETP;IM;OK
IE000EE3Q489;FAMETFMAMWIMETFP;FAMAMW;ETF;ETF Plus;EUR;IE;OUI;-;Euronext;2026-08-04;BBG0195Z74W5;FAMAMW;FAM METALS&MINING UCITS ETF;ETP;IM;OK
IE000EETFH77;BNPACTAUSSHXPAR;AUSSH;ETF;Euronext Paris;EUR;IE;OUI;ESG ETF art. 8;Euronext;2026-08-04;BBG01VWKVJK2;AUSSH;BNP EASY US ESG ENH D;ETP;FP;OK
IE000EFHIFG3;AMUETFSPDSECETFP;TELEW;ETF;ETF Plus | Euronext Paris;EUR;IE;OUI;ESG ETF art. 8;Euronext;2026-08-04;BBG019HZ7JN9;MWOX;AM S&P W COMMUNICAT SCR D;ETP;GR;OK
IE000EHPAS96;BNPETFMSCIWMXPAR;WEMTH;ETF;Euronext Paris;EUR;IE;OUI;ESG ETF art. 8;Euronext;2026-08-04;BBG01N5DRKW5;WEMTH;BNP EASY MSCI WORLD ESG EH;ETP;FP;OK
IE000EJ2EHO7;UBSETFDMVOIMETFP;WDMVO;ETF;ETF Plus;EUR;IE;OUI;ESG ETF art. 8;Euronext;2026-08-04;BBG01PGFP059;WDMVO;UBS ETF FA WORLD SEL MIN VOL;ETP;SW;OK
IE000EKG45L0;SSGETFTIPEIMETFP;ETIP;ETF;ETF Plus;EUR;IE;OUI;-;Euronext;2026-08-04;BBG020WDQ2Y3;ETIP;SS BBG US TIPS ACC EURH ACC;ETP;IM;OK
IE000EOFR2K5;ISHActUSDBETFP;USDB;ETF;ETF Plus | Euronext Amsterdam - Multi-currency Trading;EUR;IE;OUI;-;Euronext;2026-08-04;BBG01XM3QVB6;USDB;ISHARES US LCDB UCITS ETF;ETP;NA;OK
IE000EPIJ442;UBSETFSOLGSMETFP;GSM;ETF;ETF Plus;EUR;IE;OUI;-;Euronext;2026-08-04;BBG01RF4JGG1;GLDSL;UBS ETF SOL. US GOLD MINERS;ETP;SW;OK
IE000EPX8KB7;GLOSTRETFP;SPQH;ETF;ETF Plus;EUR;IE;OUI;-;Euronext;2026-08-04;BBG01F3Z2MZ5;SPQH;GX SPX QUARTER TAIL HEDGE UC;ETP;LN;OK
IE000EQGURT5;FRAETFSPSVITETFP;USIT;ETF;ETF Plus;EUR;IE;OUI;-;Euronext;2026-08-04;BBG02268J231;FTTC;FRK S&P 500 INFO TECH ETF;ETP;GR;OK
IE000F04HGE5;XTRActXFLNETFP;XFLN;ETF;ETF Plus;EUR;IE;OUI;-;Euronext;2026-08-04;BBG01YLTBCR9;XFLN;XTRCKR FLTNG RT NTS ACTV ETF;ETP;GR;OK
IE000F215NJ2;M&GActMNGAETFP;MNGA;ETF;ETF Plus;EUR;IE;OUI;-;Euronext;2026-08-04;BBG022LFP0C5;MG3A;M&G ERPN AAA CLO ACT UCT ETF;ETP;GR;OK
IE000F2IX674;SSGActSWSCETFP;SWSC;ETF;ETF Plus;EUR;IE;OUI;ESG ETF art. 8;Euronext;2026-08-04;BBG01ZKKFFT3;SWSC;SS WLD SMALL CAP ENH ACTIVE;ETP;IM;OK
IE000F354Q61;XTRETFNCUDWIETFP;XSWC;ETF;ETF Plus;EUR;IE;OUI;-;Euronext;2026-08-04;BBG01W9SBY19;XSWC;XTRCKRS MSCI WRLD SML CP ETF;ETP;GR;OK
IE000F37PGZ3;VANETFI349EUETFP;V3RF;ETF;ETF Plus | Euronext Amsterdam, Paris;EUR;IE;OUI;ESG ETF art. 8;Euronext;2026-08-04;BBG01BG0BX74;V3RF;VANG ESG EUR CB ETF DIST;ETP;LN;OK
IE000F3AQVD2;InvETFMSTRUSETFP;OMNIS;ETF;ETF Plus;EUR;IE;OUI;-;Euronext;2026-08-04;BBG023DWH6F8;OMNIS;FNCO AM AMD MSCI WLD ETF ACC;ETP;IM;OK
IE000F4FFLL6;BLUETFUS500NXAMC;BSUH;ETF;Euronext Amsterdam - Multi-currency Trading;HUF;IE;OUI;-;Euronext;2026-08-04;BBG0235D2YZ2;BSUH;BLUESPHERE US EQTY ETF - HUF;ETP;NA;OK
IE000F60HVH9;AMUETFMXUSSCXPAR;USAS;ETF;Euronext Paris;EUR;IE;OUI;ESG ETF art. 8;Euronext;2026-08-04;BBG01XRS2DK2;USAS;AMUD MSCI USA SCRD;ETP;FP;OK
IE000F6XDNZ5;ISHETFITPSIMETFP;ITPD;ETF;ETF Plus;EUR;IE;OUI;-;Euronext;2026-08-04;BBG015D8D4F6;ITPD;ISHARES USD TIPS USD DIST;ETP;IM;OK
IE000F9AQNW6;WISETFWTVALUETFP;WTVU;ETF;ETF Plus;EUR;IE;OUI;ESG ETF art. 8;Euronext;2026-08-04;BBG01YW49JY2;WTVU;WISDOMTREE US VAL UCITS ETF;ETP;LN;OK
IE000F9IDGB5;ISHETFM1WOETFP;IWDS;ETF;ETF Plus | Euronext Paris | Euronext Amsterdam - Multi-currency Trading;EUR;IE;OUI;-;Euronext;2026-08-04;BBG01LW2MD45;IWDS;ISHARE MSCI WRD SP UCITS ETF;ETP;NA;OK
IE000FASRFS4;JPMActJMACETFP;JMAC;ETF;ETF Plus;EUR;IE;OUI;ESG ETF art. 8;Euronext;2026-08-04;BBG01YX2SRK1;JMAC;JPM CONSERVATIVE UCITS ETF;ETP;IM;OK
IE000FCGBU62;AMUETFSPDSEMETFP;MATW;ETF;ETF Plus | Euronext Paris;EUR;IE;OUI;ESG ETF art. 8;Euronext;2026-08-04;BBG019HZKLY7;MWOD;AM S&P W MATERIALS SCR A;ETP;GR;OK
IE000FDU4IY8;PIMActLDIGETFP;LDIG;ETF;ETF Plus;EUR;IE;OUI;ESG ETF art. 8;Euronext;2026-08-04;BBG020V1D1T2;LDIG;PIMCO ADV ER LW DR CRP BD-EI;ETP;GR;OK
IE000FF2EBQ8;BNPETFEENGIMETFP;EENG;ETF;ETF Plus | Euronext Paris;EUR;IE;OUI;ESG ETF art. 8;Euronext;2026-08-04;BBG01JZHRKW2;ENG;BNP EASY GLOBAL INFRA ESG;ETP;FP;OK
IE000FG3UNB8;INVETFIBXXCAETFP;EATA;ETF;ETF Plus;EUR;IE;OUI;ESG ETF art. 8;Euronext;2026-08-04;BBG01ZJ54WD0;ATEA;IVZ EUR AT1 COCO BOND ACC;ETP;GR;OK
IE000FHBZDZ8;iSh Cr Glb Ag Bd;AGAC;ETF;Euronext Amsterdam - Multi-currency Trading;USD;IE;OUI;-;Euronext;2026-08-04;BBG01MPB4NV9;AGAC;ISHS CR GBL AGG BD UCITS ETF;ETP;NA;OK
IE000FMF9DG3;M&GActAAAMETFP;AAAM;ETF;ETF Plus;EUR;IE;OUI;-;Euronext;2026-08-04;BBG022LFP151;MG3D;M&G EUROPEAN AAA CLO ETF DIS;ETP;GR;OK
IE000FO1A5D1;XTRETFXDEWIMETFP;XEQW;ETF;ETF Plus;EUR;IE;OUI;-;Euronext;2026-08-04;BBG01VWHX117;XEQW;XTRACKER S&P500 EQ SW ETF1C;ETP;GR;OK
IE000FOSCLU1;MSCI EMU Prs-Alg D;MPAB;ETF;Euronext Amsterdam;EUR;IE;OUI;ESG ETF art. 9;Euronext;2026-08-04;BBG011XMFMF0;MPAB;ISHARES MSCI EMU PARIS DIST;ETP;NA;OK
IE000FP52WM7;GLOETFDMATIMETFP;DMAT;ETF;ETF Plus;EUR;IE;OUI;-;Euronext;2026-08-04;BBG0193D2XN7;DMAT;GX DISRUPT MTERIAL UCIT USDA;ETP;LN;OK
IE000FRX67F3;GOLActGEVTETFP;GEVT;ETF;ETF Plus;EUR;IE;OUI;ESG ETF art. 8;Euronext;2026-08-04;BBG01YTX6VG8;GEVT;GOLDMAN GLOBAL GOV ACT ETF;ETP;GR;OK
IE000FS24HM1;BLUETFFGLOIMXAMC;BSWH;ETF;Euronext Amsterdam - Multi-currency Trading;HUF;IE;OUI;-;Euronext;2026-08-04;BBG0236TTRK8;BSWH;BLUESPHERE WRLD EQ ETF - HUF;ETP;NA;OK
IE000FSN19U2;AMUETFCSUSIMETFP;WEBH;ETF;ETF Plus;EUR;IE;OUI;-;Euronext;2026-08-04;BBG01LTGRY29;WEBL;AM CR MSCI USA UCITS ETF ACC;ETP;GR;OK
IE000FVQW7E7;INVETFI38470ETFP;GCBE;ETF;ETF Plus;EUR;IE;OUI;ESG ETF art. 8;Euronext;2026-08-04;BBG01M7R8VS6;GCBE;IN GOL CO BD ESG CL TR UC-DI;ETP;LN;OK
IE000FVYOWC4;HANActPTEUETFP;PTEU;ETF;ETF Plus;EUR;IE;OUI;-;Euronext;2026-08-04;BBG021726N79;PTAE;P TRU TOT RE BO UCITS ETF;ETP;GR;OK
IE000FW9A4J6;PLURIMA APUANO BON;PLAFBL;OPCVM;ATFund Instruments;EUR;IE;OUI;;Euronext;2026-08-04;BBG018PJ4V90;PLAFBEU;PLURIMA APUANO FLEX B-ARLE;Open-End Fund;ID;OK
IE000FXHG8D6;INVETFTRUDIMETFP;TRUD;ETF;ETF Plus;EUR;IE;OUI;-;Euronext;2026-08-04;BBG019WL8XN1;TRUD;INVESCO US TRES 10+ YR EUH D;ETP;IM;OK
IE000G0E83X3;ISHActIARTETFP;IART;ETF;ETF Plus | Euronext Amsterdam - Multi-currency Trading | Euronext Paris;EUR;IE;OUI;ESG ETF art. 8;Euronext;2026-08-04;BBG01RQ6DL97;IART;ISHARES AI INV ACT UCITS ETF;ETP;NA;OK
IE000G2LIHG9;ISHETFSAUAIMETFP;SAUA;ETF;ETF Plus;EUR;IE;OUI;ESG ETF art. 8;Euronext;2026-08-04;BBG015D84849;SAUA;ISHARE MSCI USA SCR UCITS-EH;ETP;IM;OK
IE000G4ONBO6;FIDETFSOLGOPETFP;FFGC;ETF;ETF Plus;EUR;IE;OUI;ESG ETF art. 8;Euronext;2026-08-04;BBG01HHMXCQ3;FFGC;FIL GL GOV CLI AWARE - EUR I;ETP;GR;OK
IE000G6CY1T7;ISHETFI26UETFP;26TA;ETF;ETF Plus;EUR;IE;OUI;-;Euronext;2026-08-04;BBG01P2W6W30;26TA;ISHARES IBONDS DEC 2026 TERM;ETP;IM;OK
IE000GA3D489;ARKActARKKETFP;ARKK;ETF;ETF Plus;EUR;IE;OUI;-;Euronext;2026-08-04;BBG01MBZTW71;ARKKX;ARK INNOVATION UCITS ETF;ETP;I2;OK
IE000GA7JQV8;AMUETFSOLGDCXPAR;DATAC;ETF;Euronext Paris;EUR;IE;OUI;-;Euronext;2026-08-04;BBG0231TZDR0;DATAC;AMUNDI GLOBAL DATA CNTER ETF;ETP;FP;OK
IE000GB2EQ90;INVETFI38671ETFP;BS30;ETF;ETF Plus;EUR;IE;OUI;ESG ETF art. 8;Euronext;2026-08-04;BBG01MTS7TW1;BS30;IVZ BULLETSHARES 2030 USD D;ETP;LN;OK
IE000GBYNAU4;AXAETFICET25ETFP;ADLU;ETF;ETF Plus;EUR;IE;OUI;-;Euronext;2026-08-04;BBG01Q34F3K4;ADLU;BNP PRB ESY II BU 25Y+ UC-UA;ETP;GR;OK
IE000GDU4WA8;HANActGOVEETFP;GOVE;ETF;ETF Plus;EUR;IE;OUI;-;Euronext;2026-08-04;BBG01RX5BY13;GOVE;JUPITER GBL GOVT UCITS ETF;ETP;LN;OK
IE000GE2BEZ9;EU HgYd CoBd US H;HISD;ETF;Euronext Amsterdam - Multi-currency Trading;USD;IE;OUI;ESG ETF art. 8;Euronext;2026-08-04;BBG01J9QGQ41;HISD;ISHARES EURO HY CORP;ETP;NA;OK
IE000GNOSM10;GOLETFMXWOPEETFP;GSPE;ETF;ETF Plus | Euronext Paris;EUR;IE;OUI;ESG ETF art. 8;Euronext;2026-08-04;BBG01Z2P2199;GXPE;GS MSCI WRL PRV E RT U ETF;ETP;GR;OK
IE000GOJO2A3;VANETFV3PLIMETFP;V3PA;ETF;ETF Plus | Euronext Amsterdam, Paris;EUR;IE;OUI;ESG ETF art. 8;Euronext;2026-08-04;BBG019KKHYL6;V3PA;VANG ESG FTSE APAC ACC;ETP;LN;OK
IE000GSIFIB0;GLOETFSOLTBIETFP;CLIP;ETF;ETF Plus;EUR;IE;OUI;-;Euronext;2026-08-04;BBG01KC1N716;CLIP;GX 1-3 MONTH T-BILL UCITS;ETP;LN;OK
IE000GTBEXG4;VANETFRU2000ETFP;VRSA;ETF;ETF Plus | Euronext Amsterdam;EUR;IE;OUI;-;Euronext;2026-08-04;BBG023G8M9V8;VRSA;VAN R 2000 US SC ETF U A;ETP;LN;OK
IE000GTJ2I49;ISHETF756294XAMS;JCTD;ETF;Euronext Amsterdam - Multi-currency Trading;USD;IE;OUI;ESG ETF art. 8;Euronext;2026-08-04;BBG01N4BBBV8;JCTD;ISHARES MSCI JPN CL TR A ETF;ETP;NA;OK
IE000GU6MFI0;VANETF1EUAITXAMS;VUDY;ETF;Euronext Amsterdam;EUR;IE;OUI;-;Euronext;2026-08-04;BBG01XTY6L61;VUDY;VANG US T 1-3 YR B ETF U D;ETP;LN;OK
IE000GUIUCJ1;LG ETFNU7547ETFP;GEDI;ETF;ETF Plus;EUR;IE;OUI;ESG ETF art. 8;Euronext;2026-08-04;BBG0238Q7105;GEDI;L&G WTW GLB EQ DIVERSF UCITS;ETP;LN;OK
IE000GW790Q8;ISHACTCLORXPAR;CLOR;ETF;Euronext Paris - Multi-currency Trading;USD;IE;OUI;-;Euronext;2026-08-04;BBG01W247RZ2;CLOR;ISHARES USD AAA CLO ACT U ET;ETP;FP;OK
IE000H0TSO96;FRAACTSCORETFP;SCOR;ETF;ETF Plus;EUR;IE;OUI;ESG ETF art. 8;Euronext;2026-08-04;BBG01JVLVVB1;EIGC;FRK EUR IG CRP ETF;ETP;GR;OK
IE000H1H16W5;MSCI Wld Val USD A;IWVE;ETF;Euronext Amsterdam - Multi-currency Trading;USD;IE;OUI;ESG ETF art. 8;Euronext;2026-08-04;BBG0135444C2;CBUI;ISHARES MSCI WORLD VALUE FAC;ETP;GR;OK
IE000H3AH951;UBSETFREITIMETFP;GREIT;ETF;ETF Plus;EUR;IE;OUI;ESG ETF art. 8;Euronext;2026-08-04;BBG01PGFQ7Q0;GREIT;UBS ETF FTSE EPRA NAREIT DEV;ETP;SW;OK
IE000H3Q3AF6;VANETF1EUAITETFP;VUDS;ETF;ETF Plus | Euronext Amsterdam;EUR;IE;OUI;-;Euronext;2026-08-04;BBG01XTY6LJ7;VUDS;VANG US T 1-3 YR B ETF U A;ETP;LN;OK
IE000H444PH5;ISHETFSPY4IMXAMS;SP4S;ETF;Euronext Amsterdam - Multi-currency Trading;USD;IE;OUI;-;Euronext;2026-08-04;BBG01VJNLFG5;SP4S;ISHS S&P MC 400 SP UCITS ETF;ETP;NA;OK
IE000H5X52W8;iSh iBd Dc27 E Dst;IBE7;ETF;Euronext Paris | ETF Plus;EUR;IE;OUI;ESG ETF art. 8;Euronext;2026-08-04;BBG01K6Y1TM4;IBE7;ISHRS D27 EUR CORP UCITS ETF;ETP;IM;OK
IE000H92C4B8;ISHETFI38113ETFP;HYEP;ETF;ETF Plus;EUR;IE;OUI;ESG ETF art. 8;Euronext;2026-08-04;BBG01KB5XB09;HYPE;ISHARES EUR HGHYLD CORPB ESG;ETP;GR;OK
IE000HA0OM03;FAMETFMVMETVETFP;METAJ;ETF;ETF Plus;EUR;IE;OUI;ESG ETF art. 8;Euronext;2026-08-04;BBG01HZK6BQ9;METAJ;FIN AM MA GL ME G SU UC ET-J;ETP;IM;OK
IE000HARFTG3;VANETFGOVSIMXAMS;VSGE;ETF;Euronext Amsterdam | ETF Plus;EUR;IE;OUI;-;Euronext;2026-08-04;BBG01SP81TC4;VSGE;VANG E EZ G 1-3 YR B E D;ETP;IM;OK
IE000HDEYKM3;FIDActFYEIETFP;FYEI;ETF;ETF Plus;EUR;IE;OUI;ESG ETF art. 9;Euronext;2026-08-04;BBG01Q5PP1S0;FYEI;FI EU HY CO BD RE EN P UE-IN;ETP;GR;OK
IE000HDPAH09;PIMActEUGOETFP;EUGO;ETF;ETF Plus;EUR;IE;OUI;ESG ETF art. 8;Euronext;2026-08-04;BBG01YXYCZQ4;EUGO;PIMCO AE GOV BD UCITS ETF;ETP;IM;OK
IE000HEA19Q3;FAMActFORTEETFP;FORTE;ETF;ETF Plus;EUR;IE;OUI;-;Euronext;2026-08-04;BBG01THFJY08;FORTE;FINECO AMA COLL US UCITS ETF;ETP;IM;OK
IE000HF69TA9;HANActFEPIETFP;FEPI;ETF;ETF Plus;EUR;IE;OUI;-;Euronext;2026-08-04;BBG01VK7ZWK1;FEPI;REX TEC INN PRE IN UCITS ETF;ETP;LN;OK
IE000HGH8PV2;GLOStrSPBSAETFP;SPAH;ETF;ETF Plus;EUR;IE;OUI;-;Euronext;2026-08-04;BBG01JZWYMT1;SPAH;GXS&P500ANNUALTAILHEDGEUCITS;ETP;LN;OK
IE000HH3SU50;MSCI E Prs-Alg D;EPAD;ETF;Euronext Amsterdam;EUR;IE;OUI;ESG ETF art. 9;Euronext;2026-08-04;BBG011XMCY76;EPAD;ISHARES MSCI EUROPE PARIS D;ETP;NA;OK
IE000HIHKYJ1;ISHETFSPXT2CXAMS;S2P0;ETF;Euronext Amsterdam - Multi-currency Trading;USD;IE;OUI;-;Euronext;2026-08-04;BBG01Y4G4TV2;S2P0;ISHARES S&P 500 TOP 20 ETF;ETP;LN;OK
IE000HJ3ZIR8;BLUETFUS500NXAMS;BSUE;ETF;Euronext Amsterdam;EUR;IE;OUI;-;Euronext;2026-08-04;BBG0234X9NR5;BSUE;BLUESPHERE US EQUITY ETF ACC;ETP;NA;OK
IE000HQY8R78;ISH GB AG BD US HD;AGGD;ETF;Euronext Amsterdam - Multi-currency Trading;USD;IE;OUI;ESG ETF art. 8;Euronext;2026-08-04;BBG017GY8G98;AGGD;ISH GL AG BD ES SR UC-US HD;ETP;NA;OK
IE000HSER094;FRAETFMSUDESETFP;USDVD;ETF;ETF Plus;EUR;IE;OUI;-;Euronext;2026-08-04;BBG020W4JSV7;DVDU;FRK US DIV TILT ETF ACC;ETP;GR;OK
IE000HT8JEW8;ISHETFDJJPSDXAMC;JPDV;ETF;Euronext Amsterdam - Multi-currency Trading;USD;IE;OUI;-;Euronext;2026-08-04;BBG021C5L765;JPDV;ISHARES JAPAN DIVIDEND ETF;ETP;NA;OK
IE000HY30YW6;XTRETFSP500ETFP;X500;ETF;ETF Plus;EUR;IE;OUI;-;Euronext;2026-08-04;BBG01VXQHRV4;X500;XTRACKER S&P500 SW II ETF1C;ETP;GR;OK
IE000HYFO765;GOLActGQUSETFP;GQUS;ETF;ETF Plus | Euronext Paris;EUR;IE;OUI;ESG ETF art. 8;Euronext;2026-08-04;BBG01TNY0GH1;GQUS;GOLDMAN GQUS EQ ACTIVE ETF;ETP;GR;OK
IE000I0U8OO3;ISHETFLGTRTRXAMS;IGBD;ETF;Euronext Amsterdam - Multi-currency Trading;USD;IE;OUI;-;Euronext;2026-08-04;BBG01VR23VG7;IGBD;ISHARES BROAD GLBL GV BD ETF;ETP;NA;OK
IE000I1D7D10;iBds D27 Term $ Ac;DI27;ETF;Euronext Paris;EUR;IE;OUI;ESG ETF art. 8;Euronext;2026-08-04;BBG01J632CP8;ID27;ISHRS D27 USD CORP UCITS ETF;ETP;LN;OK
IE000I1Q42S9;ISHETFI37984XAMC;BD27;ETF;Euronext Amsterdam - Multi-currency Trading;USD;IE;OUI;-;Euronext;2026-08-04;BBG01YVZ2535;BD27;ISHR IBD DEC 2027 T CR U ETF;ETP;NA;OK
IE000I4R3252;ISHETFSEST85XPAR;EPEA;ETF;Euronext Paris;EUR;IE;OUI;-;Euronext;2026-08-04;BBG01YYNJR88;EPEA;ISHARES EUR STS PEA ETF;ETP;FP;OK
IE000I5NV504;HSBC MSCI USA IS;HIUS;ETF;Euronext Paris;EUR;IE;OUI;ESG ETF art. 8;Euronext;2026-08-04;BBG01B9JJSY4;HIUA;HSBC MSCI US ISLAMIC SCD ETF;ETP;LN;OK
IE000I660ZF8;ISHETFI38743ETFP;IG32;ETF;ETF Plus | Euronext Amsterdam;EUR;IE;OUI;ESG ETF art. 8;Euronext;2026-08-04;BBG01QJ5WFW5;IG32;ISHARES IBND DEC 2032 TC ETF;ETP;GR;OK
IE000I7E6HL0;HANETFARMYNETFP;ARMI;ETF;ETF Plus | Euronext Paris;EUR;IE;OUI;ESG ETF art. 8;Euronext;2026-08-04;BBG01T4RKMH2;ARMY;FTR OF EURPN DFNC SCRND UCTS;ETP;LN;OK
IE000I8IKC59;INVETFPAJPIMETFP;PAJP;ETF;ETF Plus;EUR;IE;OUI;ESG ETF art. 8;Euronext;2026-08-04;BBG013Z78T24;PAJP;IVZ MSCI JAPAN ESG PARIS ACC;ETP;LN;OK
IE000I8KRLL9;iS Glo Semi Acc;SEME;ETF;Euronext Paris | ETF Plus | Euronext Amsterdam - Multi-currency Trading;EUR;IE;OUI;ESG ETF art. 8;Euronext;2026-08-04;BBG011XMHBG1;SEMI;ISHARES MSCI GLB SEMICNDCT A;ETP;NA;OK
IE000I93LGG9;FAMActHEDGYETFP;HEDGY;ETF;ETF Plus;EUR;IE;OUI;-;Euronext;2026-08-04;BBG01RZP1J39;HEDGY;FINECO AM DYNA HDG US EQ ETF;ETP;IM;OK
IE000I9HGDZ3;XTRETFXDWYIMETFP;XWSC;ETF;ETF Plus;EUR;IE;OUI;ESG ETF art. 8;Euronext;2026-08-04;BBG01THDHWS9;XWSC;X MSCI WORLD SCRND 1C;ETP;GR;OK
IE000IAPH329;AXA US HY ACC;AHYU;ETF;Euronext Paris - Multi-currency Trading | ETF Plus;USD;IE;OUI;ESG ETF art. 8;Euronext;2026-08-04;BBG01KBLBV22;AHYU;BNP PB ESII US HYO UC ETF-UA;ETP;GR;OK
IE000IAXNM41;ISHETFSWEUTDXAMS;DFEU;ETF;Euronext Amsterdam;EUR;IE;OUI;-;Euronext;2026-08-04;BBG01V4Y1MK9;DFEU;ISHARES EUROPE DEFENCE ETF;ETP;NA;OK
IE000IDLWOL4;XTRETFSEQESGETFP;XEWE;ETF;ETF Plus;EUR;IE;OUI;ESG ETF art. 8;Euronext;2026-08-04;BBG01GJ356Z9;XEWE;X S&P 500 EW SCO&SCR 2C EUR;ETP;GR;OK
IE000IEGVMH6;AMUETFFUSAIMETFP;ETFUSA;ETF;ETF Plus;EUR;IE;OUI;-;Euronext;2026-08-04;BBG01LTGYNQ9;WEBM;AM CR MSCI USA UCIT ETF DIST;ETP;GR;OK
IE000IEOQSJ3;JPMActJEHYETFP;JEHY;ETF;ETF Plus;EUR;IE;OUI;ESG ETF art. 8;Euronext;2026-08-04;BBG01QG3D0K0;JEHY;JPM EUR HY BOND UCITS ETF;ETP;LN;OK
IE000IF0HTJ9;FIDETFETFP;FGGB;ETF;ETF Plus;EUR;IE;OUI;ESG ETF art. 8;Euronext;2026-08-04;BBG01FQHLPS0;FGGB;FIL GL GOV CLI AWARE - INC;ETP;LN;OK
IE000IHURBR0;ISHETFI38444ETFP;29GI;ETF;ETF Plus | Euronext Paris;EUR;IE;OUI;ESG ETF art. 8;Euronext;2026-08-04;BBG01MPG9SJ6;29GI;ISR IB DE 2029 TER UCITS ETF;ETP;GR;OK
IE000IIED424;Os Blm US (Eur);OP7E;ETF;Euronext Paris;EUR;IE;OUI;ESG ETF art. 9;Euronext;2026-08-04;BBG018KY89V2;OP7E;OSSIAM BBG USA PAB UCITS EU;ETP;SW;OK
IE000IIHLZL0;LG ETFBCCFBTETFP;COMN;ETF;ETF Plus;EUR;IE;OUI;-;Euronext;2026-08-04;BBG01YJMF393;COMN;L&G MKT NTRL COMM ETF;ETP;LN;OK
IE000IKMJDQ6;ISHETFXDEWIMXAMS;EWSD;ETF;Euronext Amsterdam - Multi-currency Trading;USD;IE;OUI;-;Euronext;2026-08-04;BBG01TT27PX0;EWSD;ISHRS S&P500 EQ WT USD DIST;ETP;NA;OK
IE000IL7PZ05;PCR COWZ UCITS ETF;COWZ;ETF;Euronext Amsterdam - Multi-currency Trading;USD;IE;OUI;-;Euronext;2026-08-04;BBG01MRVLS89;COWZ;PACER US CASH COWS 100 UCITS;ETP;NA;OK
IE000IM4K4K2;FRAETFFLRAIVXPAR;METE;ETF;Euronext Paris | ETF Plus;EUR;IE;OUI;-;Euronext;2026-08-04;BBG0191PJRQ4;FLRA;FRANKLIN AI METAVE BLKC UCIT;ETP;GR;OK
IE000IMGE5W5;FRAETFFLXDIMETFP;DIVA;ETF;ETF Plus | Euronext Paris;EUR;IE;OUI;-;Euronext;2026-08-04;BBG01X06CRH1;DVDE;FRK EUROPEAN QUALITY DIV ETF;ETP;GR;OK
IE000INTB8Q8;ISHActMAXMETFP;MAXM;ETF;ETF Plus | Euronext Amsterdam - Multi-currency Trading;EUR;IE;OUI;-;Euronext;2026-08-04;BBG0210TKPR4;MAXM;ISHARES US LA CAP MB MAR ETF;ETP;NA;OK
IE000IP0UC52;AMUETFHE7322XPAR;USAL;ETF;Euronext Paris;EUR;IE;OUI;ESG ETF art. 8;Euronext;2026-08-04;BBG01J9PLZM7;SADH;AMUNDI MSCI USA ESG LEADERS;ETP;GR;OK
IE000IQQEL77;HANETFNSCOPEETFP;COPR;ETF;ETF Plus;EUR;IE;OUI;ESG ETF art. 8;Euronext;2026-08-04;BBG01KBB0BF6;COPP;SPRT PRE PLAY COPR MINRS-ACC;ETP;LN;OK
IE000IVQPCG4;OSSETFDMPABNXPAR;OP9E;ETF;Euronext Paris;EUR;IE;OUI;ESG ETF art. 9;Euronext;2026-08-04;BBG018KYDCN8;OP9E;OSSIAM BBG WRLD PAB UCITS EU;ETP;SW;OK
IE000IY9QFN9;FIDActFFLCETFP;FFLC;ETF;ETF Plus;EUR;IE;OUI;ESG ETF art. 8;Euronext;2026-08-04;BBG01WV1Q164;FFLC;FIDUSFUNDLARGECAPCOREETF;ETP;GR;OK
IE000J0JU6M8;ISHETFI40425XAMC;36ID;ETF;Euronext Amsterdam - Multi-currency Trading;USD;IE;OUI;ESG ETF art. 8;Euronext;2026-08-04;BBG02285FD35;36ID;ISHRE IBND DEC 2036 ETF-DIST;ETP;NA;OK
IE000J0LN0R5;AMUETFSPDSEEETFP;ENERW;ETF;ETF Plus | Euronext Paris;EUR;IE;OUI;ESG ETF art. 8;Euronext;2026-08-04;BBG019HZDCF6;WEL5;AM S&P W ENERGY SCREENED D;ETP;GR;OK
IE000J3F4J90;HSBCJAPNSUSUSDDIST;HSJA;ETF;Euronext Paris;EUR;IE;OUI;ESG ETF art. 8;Euronext;2026-08-04;BBG018MB3HQ3;HSJA;HSBC JAPAN SCREENED EQ ETF;ETP;LN;OK
IE000J4FE268;AXAActACPIETFP;ACPI;ETF;ETF Plus;EUR;IE;OUI;ESG ETF art. 8;Euronext;2026-08-04;BBG01VHDDJV3;ACPI;BNP PAR ESY II GLO ILB OU-UA;ETP;GR;OK
IE000J5PESP7;FIRETFBNUKESETFP;RCTR;ETF;ETF Plus;EUR;IE;OUI;-;Euronext;2026-08-04;BBG01ZRGW4Q4;RCTR;FT BLOOMBERG NUCLEAR POWER;ETP;LN;OK
IE000J6CHW80;VANETFH0CFETFP;USFA;ETF;ETF Plus | Euronext Paris;EUR;IE;OUI;-;Euronext;2026-08-04;BBG01J1MKBZ2;USFA;VANECK US FALLEN ANGEL ETF;ETP;LN;OK
IE000J7AY5Y3;VANETFRU1GN3ETFP;VRGU;ETF;ETF Plus | Euronext Amsterdam;EUR;IE;OUI;-;Euronext;2026-08-04;BBG023B8FZY0;VRGU;VANGUARD RUSEL 1000 US GRWTH;ETP;LN;OK
IE000J80JTL1;FIRETFGRIDIMETFP;GRID;ETF;ETF Plus;EUR;IE;OUI;-;Euronext;2026-08-04;BBG0168WYH56;GRDU;FT NSDQ CLN EDG SMRT GRID;ETP;LN;OK
IE000J8VOMQ9;FAMETFMVAITRETFP;AI4UJ;ETF;ETF Plus;EUR;IE;OUI;ESG ETF art. 8;Euronext;2026-08-04;BBG01HZKVRY7;AI4UJ;FIN AM MAR ART IN SU UC ET-J;ETP;IM;OK
IE000J8Z5N74;ISHETFLGTRTRXAMS;IGBG;ETF;Euronext Amsterdam - Multi-currency Trading;USD;IE;OUI;-;Euronext;2026-08-04;BBG01P2S5SH4;IGBG;ISHARES BROAD GLOBAL GOVT BO;ETP;NA;OK
IE000JBB8CR7;AXA EUR IG ACC;AIPE;ETF;Euronext Paris | ETF Plus;EUR;IE;OUI;ESG ETF art. 8;Euronext;2026-08-04;BBG01HBDZSK8;AIPE;BNP PARI ESY II EC PAB OU-AE;ETP;GR;OK
IE000JBZXFH0;PicActPQWDETFP;PQWD;ETF;ETF Plus;EUR;IE;OUI;ESG ETF art. 8;Euronext;2026-08-04;BBG0231259Z2;PQDW;PICTET AI ENH WRLD EQ ETF;ETP;GR;OK
IE000JCGTOP1;Os Blm US (HGD);OP7H;ETF;Euronext Paris;EUR;IE;OUI;ESG ETF art. 9;Euronext;2026-08-04;BBG018V2W364;OP7H;OSSIAM BBG USA PAB UCITS EUH;ETP;GR;OK
IE000JCW3DZ3;GLOETFMASHLDETFP;ARMR;ETF;ETF Plus;EUR;IE;OUI;-;Euronext;2026-08-04;BBG01P6XMCZ5;ARMR;GLOBAL X DEFC TECH UCITS ETF;ETP;LN;OK
IE000JEHORH6;ISHETFLUICTRXAMS;ICEH;ETF;Euronext Amsterdam;EUR;IE;OUI;-;Euronext;2026-08-04;BBG01TT2G5R1;ICEH;ISHR INTRMD CR BD  H EUR ACC;ETP;NA;OK
IE000JEXZJT1;FIDActFBIEETFP;FBIE;ETF;ETF Plus;EUR;IE;OUI;ESG ETF art. 8;Euronext;2026-08-04;BBG01ZT1D8K3;FBIE;FIL EUR CB RE ETF ACC;ETP;GR;OK
IE000JF2FLH9;FAMActHEDGJETFP;HEDGJ;ETF;ETF Plus;EUR;IE;OUI;-;Euronext;2026-08-04;BBG01RZP1K81;HEDGJ;FINECO AM DYNA HDG US EQ ETF;ETP;IM;OK
IE000JHMFVN7;ISHETFI28UETFP;28IA;ETF;ETF Plus;EUR;IE;OUI;-;Euronext;2026-08-04;BBG01PGZ1TN8;28IA;ISR IBONDS D28 T ITALY AC;ETP;IM;OK
IE000JHYO4T6;UBSETFJPEIMETFP;JPE;ETF;ETF Plus;EUR;IE;OUI;ESG ETF art. 9;Euronext;2026-08-04;BBG0174LJ8P7;AW1Q;UBS ETF JAPAN PAB EUR-H ACC;ETP;GR;OK
IE000JIPY1U8;JPMActHEQQETFP;HEQQ;ETF;ETF Plus;EUR;IE;OUI;-;Euronext;2026-08-04;BBG01WX169N8;HEQQ;JPM NASDAQ HELO UCITS ETF;ETP;LN;OK
IE000JJMOWY0;ROBAct3DCGETFP;3DCG;ETF;ETF Plus;EUR;IE;OUI;ESG ETF art. 8;Euronext;2026-08-04;BBG01ZKL45J6;3DCG;ROBECO 3D GL ENH I CR USD AC;ETP;GR;OK
IE000JJPY166;ISHActYCSHETFP;YCSH;ETF;ETF Plus | Euronext Amsterdam;EUR;IE;OUI;ESG ETF art. 8;Euronext;2026-08-04;BBG01QZGJ9S7;YCSH;ISHARES EUR CASH UCITS ETF;ETP;GR;OK
IE000JMMZAP4;LG ETFNU7547ETFP;GEDE;ETF;ETF Plus;EUR;IE;OUI;ESG ETF art. 8;Euronext;2026-08-04;BBG0238Q7178;GEDE;L&G WTW GEDI EUR HDG ETF;ETP;LN;OK
IE000JNHCBM6;GLOETFWNDYIMETFP;WNDY;ETF;ETF Plus;EUR;IE;OUI;ESG ETF art. 8;Euronext;2026-08-04;BBG014L6PHL5;WNDY;GX WIND ENERGY UCITS ETF;ETP;LN;OK
IE000JNKVS10;JP ETFBBSCIMETFP;BBSC;ETF;ETF Plus;EUR;IE;OUI;-;Euronext;2026-08-04;BBG018TB3WP4;BBSC;JPM BETAB US SCAP EQ UCITS;ETP;LN;OK
IE000JQ1PF28;FRAETFSUSM10ETFP;UH100;ETF;ETF Plus;EUR;IE;OUI;-;Euronext;2026-08-04;BBG022395KW5;USME;FRK US MEGACAP ETF EUR HGD;ETP;GR;OK
IE000JQ2IJD3;UBSETFSPHDVAETFP;SPDA;ETF;ETF Plus;EUR;IE;OUI;ESG ETF art. 8;Euronext;2026-08-04;BBG01GNKMVZ2;USDVD;UBS ETF USA DIV AR ESG USD D;ETP;SW;OK
IE000JR51TI1;VANETFVDTAIMETFP;VDTD;ETF;ETF Plus;EUR;IE;OUI;-;Euronext;2026-08-04;BBG01S9HP6D5;VDTD;VANGUARD USD T BOND ETF EHD;ETP;IM;OK
IE000JS0HUM5;HORActINFEAXAMS;INFEA;ETF;Euronext Amsterdam;EUR;IE;OUI;-;Euronext;2026-08-04;BBG01Y3D6R24;INFEA;HKUCITSETF EUR ACC;ETP;NA;OK
IE000JS4ANL9;JPMActJGOVETFP;JGOV;ETF;ETF Plus;EUR;IE;OUI;ESG ETF art. 8;Euronext;2026-08-04;BBG01TLPZPD8;JGOV;JPM GLOBAL GOV BND UCITS ETF;ETP;LN;OK
IE000JUREXG2;JPMActJEUGETFP;JEUG;ETF;ETF Plus;EUR;IE;OUI;ESG ETF art. 8;Euronext;2026-08-04;BBG01RH96FC8;JEUG;JPM EUR GOV BOND UCITS ETF;ETP;LN;OK
IE000JXFRNI0;ISH $ TIPS 0-5 USD;TI5A;ETF;Euronext Amsterdam - Multi-currency Trading;USD;IE;OUI;-;Euronext;2026-08-04;BBG018DZGR84;TI5A;ISHARES USD TIPS 0-5 USD ACC;ETP;NA;OK
IE000JZ473P7;HSBETFSP500ETFP;HSPA;ETF;ETF Plus;EUR;IE;OUI;-;Euronext;2026-08-04;BBG0184CP5C8;HSPA;HSBC S&P 500 UCITS ETF (ACC);ETP;LN;OK
IE000JZYIUN0;XTRETF7RNWCEETFP;XDG7;ETF;ETF Plus;EUR;IE;OUI;ESG ETF art. 8;Euronext;2026-08-04;BBG01C9KLM33;XDG7;X MSCI SDG 7 CLEAN ENERGY 1C;ETP;GR;OK
IE000K1P4V37;Am MSCI W SRI PAB;WESE;ETF;Euronext Paris | ETF Plus;EUR;IE;OUI;ESG ETF art. 8;Euronext;2026-08-04;BBG01KZKG4S5;MWSH;AMUNDI MSCI WORLD SRI PA;ETP;GR;OK
IE000K22VCJ6;SSGETFI00058ETFP;TRAX;ETF;ETF Plus;EUR;IE;OUI;-;Euronext;2026-08-04;BBG0205G8926;TRAX;SS SPDR BBG 7-10 YR US TB-AC;ETP;IM;OK
IE000K3YPA16;KRAETFKWEBIMETFP;KWEH;ETF;ETF Plus;EUR;IE;OUI;-;Euronext;2026-08-04;BBG021KRTXB7;KWEH;KRANE KWEB CLASS EUR HEDGED;ETP;LN;OK
IE000K48NTA1;BNPACTAWDSRXPAR;AWDSR;ETF;Euronext Paris;EUR;IE;OUI;ESG ETF art. 8;Euronext;2026-08-04;BBG01PQD7LX6;AWDSR;BNP EASY WORLD ESG ENH;ETP;FP;OK
IE000K5F6EL4;FIRETFNQDVRIXAMS;RDVY;ETF;Euronext Amsterdam - Multi-currency Trading;USD;IE;OUI;-;Euronext;2026-08-04;BBG01VW3WZ41;RDVY;FT RISING DIVIDEND ACHIEVERS;ETP;NA;OK
IE000K5XQD29;BLUETFTFEUIMXAMC;BEEC;ETF;Euronext Amsterdam - Multi-currency Trading;CZK;IE;OUI;-;Euronext;2026-08-04;BBG0236T9JL7;BEEC;BLUESPHERE EU EQTY ETF - CZK;ETP;NA;OK
IE000K7PC2G4;VANETFSCDEUNXAMS;VESD;ETF;Euronext Amsterdam;EUR;IE;OUI;-;Euronext;2026-08-04;BBG0227J50X2;VEDD;V FTSE D E S-CAP ETF E DIST;ETP;GR;OK
IE000K9Z3SF5;INVETFC300IMETFP;C300;ETF;ETF Plus;EUR;IE;OUI;-;Euronext;2026-08-04;BBG0175LM6D9;C300;INVESCO S&P CHINA A 300 SWAP;ETP;LN;OK
IE000KB8X7I9;ISHETFHYLDIMXAMS;HYLH;ETF;Euronext Amsterdam - Multi-currency Trading;USD;IE;OUI;-;Euronext;2026-08-04;BBG01TT26M40;HYLH;ISHRS GBL HY CORP USD H-ACC;ETP;NA;OK
IE000KCS7J59;HSBCMSCIEMUSDACC;HEMA;ETF;Euronext Paris | ETF Plus;EUR;IE;OUI;-;Euronext;2026-08-04;BBG018DZ6Z78;HEMA;HSBC MSCI EM ETF USD ACC;ETP;LN;OK
IE000KD0BZ68;XTRETFXGENIMETFP;XGEN;ETF;ETF Plus;EUR;IE;OUI;ESG ETF art. 8;Euronext;2026-08-04;BBG018MT4TN0;XGEN;XTRAC MSC WD BTCH UCT ETF-1C;ETP;GR;OK
IE000KDY10O3;HANETFMETRIMETFP;GIJO;ETF;ETF Plus | Euronext Paris;EUR;IE;OUI;ESG ETF art. 8;Euronext;2026-08-04;BBG015ZCDL83;GIJO;FUTUR OF US DEF UCIT ETF-ACC;ETP;IM;OK
IE000KEFZYE7;GOLActGQEMETFP;GQEM;ETF;ETF Plus | Euronext Paris;EUR;IE;OUI;ESG ETF art. 8;Euronext;2026-08-04;BBG01VHFD897;GQEM;GOLDMAN GQEM EQ ACTIVE ETF;ETP;GR;OK
IE000KF370H3;WISETFWUSEFFETFP;NTSX;ETF;ETF Plus;EUR;IE;OUI;ESG ETF art. 8;Euronext;2026-08-04;BBG01JPHBQM8;NTSX;WT US EFFICIENT CORE;ETP;LN;OK
IE000KG7KXI7;FRAETFSPSVFNETFP;USFIN;ETF;ETF Plus;EUR;IE;OUI;-;Euronext;2026-08-04;BBG02268JC66;FTFN;FRK S&P 500 FINANCIALS ETF;ETP;GR;OK
IE000KHX9DX6;WISETFWTMRARETFP;RARE;ETF;ETF Plus | Euronext Paris;EUR;IE;OUI;ESG ETF art. 8;Euronext;2026-08-04;BBG01M7RGF48;RARE;WITR SM AND RE MINE UC ET-US;ETP;LN;OK
IE000KJPDY61;ISH WD EQ HINC DIS;WINC;ETF;Euronext Amsterdam - Multi-currency Trading;USD;IE;OUI;ESG ETF art. 8;Euronext;2026-08-04;BBG01M2MZ331;WINC;ISHARES WORLD EQUITY HIGH IN;ETP;NA;OK
IE000KL4O2Z8;HSBActHQIWETFP;HQIW;ETF;ETF Plus;EUR;IE;OUI;-;Euronext;2026-08-04;BBG01V2BZG90;HQWD;HSBC P WO EQ IN Q ACTIVE ETF;ETP;LN;OK
IE000KLC2EN9;WISETFWTGDEFETFP;WDGF;ETF;ETF Plus | Euronext Paris;EUR;IE;OUI;-;Euronext;2026-08-04;BBG0217K32R6;WDGF;WISDOMTREE GLOBAL DEFENCE;ETP;LN;OK
IE000KPJJWM6;VANETFV3MLIMETFP;V3MA;ETF;ETF Plus | Euronext Amsterdam, Paris;EUR;IE;OUI;ESG ETF art. 8;Euronext;2026-08-04;BBG019LW95Q6;V3MA;VANG ESG FTSE EM ACC;ETP;LN;OK
IE000KR2IEH1;PIMActSPLUETFP;SPLU;ETF;ETF Plus;EUR;IE;OUI;-;Euronext;2026-08-04;BBG023VYNGM7;SPLU;PIMCO ADVTG STPLS US LC ETF;ETP;LN;OK
IE000KXCEXR3;AMUETFSPXESAETFP;S500;ETF;ETF Plus | Euronext Paris | Euronext Amsterdam - Multi-currency Trading;EUR;IE;OUI;ESG ETF art. 8;Euronext;2026-08-04;BBG01JRS98K7;S500;AMUNDI S&P 500 SCR UCITS ACC;ETP;FP;OK
IE000KYX7IP4;AMUETFSPDSEFXPAR;GLFI;ETF;Euronext Paris;EUR;IE;OUI;ESG ETF art. 8;Euronext;2026-08-04;BBG019HZF024;WEL7;AM S&P W FINANCIALS SCR A;ETP;GR;OK
IE000L0X6L81;GOLETFSOLESGETFP;GSGR;ETF;ETF Plus;EUR;IE;OUI;ESG ETF art. 9;Euronext;2026-08-04;BBG01KR0Y4J8;GSXG;GS GREEN BOND ETF - EUR H;ETP;GR;OK
IE000L2SA8K5;INVETFNETRNNETFP;IEWQ;ETF;ETF Plus;EUR;IE;OUI;-;Euronext;2026-08-04;BBG01H6X7497;IEWQ;IVZ NASDAQ 100 EW ACC;ETP;LN;OK
IE000L2TO2T2;ISHETFSUOEIMETFP;SUA0;ETF;ETF Plus;EUR;IE;OUI;ESG ETF art. 8;Euronext;2026-08-04;BBG016XR1PG5;SUA0;ISHARES EUR COR BD ESG SR-EU;ETP;GR;OK
IE000L2ZNB07;VANETFV3NAIMETFP;V3NL;ETF;ETF Plus | Euronext Amsterdam, Paris;EUR;IE;OUI;ESG ETF art. 8;Euronext;2026-08-04;BBG0191RMDM1;V3NL;VANG ESG FTSE NA DIST;ETP;LN;OK
IE000L4EH2K5;INVETFSPDKLEETFP;WDHE;ETF;ETF Plus;EUR;IE;OUI;ESG ETF art. 8;Euronext;2026-08-04;BBG01G2H3S80;WHCE;IVZ S&P HEALTH CARE ESG ACC;ETP;LN;OK
IE000L5NW549;MSCI Wld Mom USD A;IWME;ETF;Euronext Amsterdam - Multi-currency Trading;USD;IE;OUI;ESG ETF art. 8;Euronext;2026-08-04;BBG01354D8P9;CBUH;ISHARES MSCI WORLD MOMENTUM;ETP;GR;OK
IE000L6ZMMC4;XTRETFCSUSIMETFP;ALLW;ETF;ETF Plus;EUR;IE;OUI;-;Euronext;2026-08-04;BBG021CGKGY1;ALLW;XTRACKERS FTSE ALL-WORLD ETF;ETP;GR;OK
IE000LAP5Z18;AMUETFSPXELSETFP;WELE;ETF;ETF Plus;EUR;IE;OUI;ESG ETF art. 8;Euronext;2026-08-04;BBG017DYJS02;WELE;AMUNDI S&P 500 EQ WG EUE-UEU;ETP;GR;OK
IE000LAUZQT6;XTRETFNU7520ETFP;XWEV;ETF;ETF Plus;EUR;IE;OUI;ESG ETF art. 8;Euronext;2026-08-04;BBG01GSF8064;XWEV;X MSCI WORLD VALUE ESG 1C;ETP;GR;OK
IE000LCKJ888;WISETFWTPAIUETFP;WPAI;ETF;ETF Plus | Euronext Paris;EUR;IE;OUI;-;Euronext;2026-08-04;BBG0206ML801;WPAI;WT PHYS AI HUMAN & DRONE;ETP;LN;OK
IE000LETV955;ISHETFI38734XAMS;33ID;ETF;Euronext Amsterdam - Multi-currency Trading;USD;IE;OUI;-;Euronext;2026-08-04;BBG01QJ6LYW4;33ID;ISHARES IBONDS D 2033 TC ETF;ETP;NA;OK
IE000LG8P349;UTI ISB UCITS ETF;UIGB;ETF;Euronext Amsterdam - Multi-currency Trading | ETF Plus;USD;IE;OUI;-;Euronext;2026-08-04;BBG012XXXXS6;UIGB;UTI INDIA SOVEREIGN BD ETF;ETP;NA;OK
IE000LGWDNE5;INVETFKGAIESETFP;IVAI;ETF;ETF Plus;EUR;IE;OUI;ESG ETF art. 8;Euronext;2026-08-04;BBG01Q1TD4Z5;IVAI;IVZ AI ENABLERS ACC;ETP;LN;OK
IE000LIYGB49;BNPACTAUSSRXPAR;AUSSR;ETF;Euronext Paris;EUR;IE;OUI;ESG ETF art. 8;Euronext;2026-08-04;BBG01NXZ8BX5;AUSSR;BNP EASY US ESG ENH;ETP;FP;OK
IE000LKGEZQ6;INVETFI38681ETFP;BE28;ETF;ETF Plus;EUR;IE;OUI;ESG ETF art. 8;Euronext;2026-08-04;BBG01N5FJ0P1;BE28;IVZ BULLETSHARES 2028 EUR D;ETP;GR;OK
IE000LSRKCB4;GLOSTRETFP;SPQB;ETF;ETF Plus;EUR;IE;OUI;-;Euronext;2026-08-04;BBG01F3Y5HZ6;SPQB;GX SPX QUARTERLY BUFFER UCIT;ETP;LN;OK
IE000LST78X7;ALLActAZUQETFP;AZUQ;ETF;ETF Plus;EUR;IE;OUI;-;Euronext;2026-08-04;BBG023K6K413;AZFQ;ALNZ SMT US EQT ACTV ETF USD;ETP;GR;OK
IE000LTA2082;AMUETFSPDSEIETFP;INDGW;ETF;ETF Plus | Euronext Paris;EUR;IE;OUI;ESG ETF art. 8;Euronext;2026-08-04;BBG019HZJ2X2;WEL0;AM S&P W INDUSTRIAL SCR A;ETP;GR;OK
IE000LUZJNI7;INVETFM7EUEWETFP;MEEQ;ETF;ETF Plus;EUR;IE;OUI;-;Euronext;2026-08-04;BBG01SLKMX20;MEEQ;IVZ EUROPE EQUAL WEIGHT ACC;ETP;GR;OK
IE000LW5CCQ4;ROBActRHYGETFP;RHYG;ETF;ETF Plus;EUR;IE;OUI;-;Euronext;2026-08-04;BBG01ZKLLL11;RHYG;ROBECO GLOB DYN HY USD AC;ETP;GR;OK
IE000LX17BP9;ISHETFI38443ETFP;30IG;ETF;ETF Plus | Euronext Paris;EUR;IE;OUI;ESG ETF art. 8;Euronext;2026-08-04;BBG01MQ67XY1;30IG;ISHARES IBO DEC 2030 TER ETF;ETP;GR;OK
IE000LYBU7X5;HSBETFHWVLIMETFP;HWVL;ETF;ETF Plus;EUR;IE;OUI;ESG ETF art. 8;Euronext;2026-08-04;BBG019VMGXF0;HWVL;HSBC MSCI WD VALUE SCD ETF;ETP;LN;OK
IE000LZ7BZW8;ISHETFI26UETFP;26TP;ETF;ETF Plus | Euronext Paris;EUR;IE;OUI;-;Euronext;2026-08-04;BBG01MDHF3W0;26TP;ISHRS IBDS D26 ITALY GB ETF;ETP;GR;OK
IE000LZI2UH4;JPMActJPHYETFP;JPHY;ETF;ETF Plus;EUR;IE;OUI;ESG ETF art. 8;Euronext;2026-08-04;BBG01QGD0932;JPHY;JPM USD HY BOND UCITS ETF;ETP;LN;OK
IE000M02BVY5;GOLActEUHYETFP;EUHY;ETF;ETF Plus;EUR;IE;OUI;ESG ETF art. 8;Euronext;2026-08-04;BBG01RJQ6TB9;GXHY;GOLDMAN EUR HY ACTIVE ETF;ETP;GR;OK
IE000M284BG0;INVActEUTAETFP;EUTA;ETF;ETF Plus;EUR;IE;OUI;ESG ETF art. 8;Euronext;2026-08-04;BBG0228Y86Z0;EUTA;IVZ EUR IG CORP BD ACTIVE A;ETP;GR;OK
IE000M46QA27;BNPETFCSUSIMXPAR;BIGUS;ETF;Euronext Paris;EUR;IE;OUI;-;Euronext;2026-08-04;BBG01ZFTFM88;BIGUS;BNPP EASY MSCI USA;ETP;FP;OK
IE000M6STPW4;VANETF1EUAITETFP;VUDP;ETF;ETF Plus | Euronext Amsterdam;EUR;IE;OUI;-;Euronext;2026-08-04;BBG01XTY6MS5;VUDP;VANG US T 1-3 YR B ETF E H D;ETP;GR;OK
IE000M7V94E1;VANETFMVNLRTETFP;NUCL;ETF;ETF Plus | Euronext Paris;EUR;IE;OUI;-;Euronext;2026-08-04;BBG01DR6D574;NUCL;VANECK URANIUM & NUCLEAR ETF;ETP;LN;OK
IE000M86QRT4;AMUETFSPXXEHXPAR;MWOQ;ETF;Euronext Paris;EUR;IE;OUI;ESG ETF art. 8;Euronext;2026-08-04;BBG01H4YYCC5;MWOQ;AMUND S&P 500 EQ WG EUE-UEEH;ETP;GR;OK
IE000M8F3JA6;XTRActXGLAETFP;XGLA;ETF;ETF Plus;EUR;IE;OUI;-;Euronext;2026-08-04;BBG020ZCZX10;XGLA;XTRKR GLBL GRWT LDR ACTV ETF;ETP;GR;OK
IE000MCVFK47;XTRETFXGBEIMETFP;XGBE;ETF;ETF Plus;EUR;IE;OUI;ESG ETF art. 9;Euronext;2026-08-04;BBG011F1ML15;XGBE;X EUR CORP GREEN BOND 1C;ETP;GR;OK
IE000MELAE65;ISHETFNU7476ETFP;WENE;ETF;ETF Plus | Euronext Amsterdam - Multi-currency Trading;EUR;IE;OUI;ESG ETF art. 8;Euronext;2026-08-04;BBG016LYBS21;WENE;ISHARES MSCI WORLD ENERGY SE;ETP;NA;OK
IE000MGAVJV3;ISHETF756292XAMS;UCTA;ETF;Euronext Amsterdam - Multi-currency Trading;USD;IE;OUI;ESG ETF art. 8;Euronext;2026-08-04;BBG01N4BGJP3;UCTA;ISHARES MSCI USA CL TR A ETF;ETP;NA;OK
IE000MINO564;L&GETFEMD5IMETFP;EMGH;ETF;ETF Plus;EUR;IE;OUI;ESG ETF art. 8;Euronext;2026-08-04;BBG0174XYLN7;EMGH;L&G EMR MRKT GB 0-5Y SCR-EUR;ETP;IM;OK
IE000MKIH0W7;FIDETFFIDUSQETFP;FUSV;ETF;ETF Plus;EUR;IE;OUI;ESG ETF art. 8;Euronext;2026-08-04;BBG01QRXFCR7;FUSV;FID US VAL RES ENH UC ETF-AC;ETP;GR;OK
IE000MLMNYS0;ISH S&P EQ WGHT US;EWSP;ETF;Euronext Amsterdam - Multi-currency Trading | ETF Plus | Euronext Paris;USD;IE;OUI;-;Euronext;2026-08-04;BBG0190VH341;EWSP;ISHARES S&P500 EQ WT USD ACC;ETP;NA;OK
IE000MMRLY96;HANActYMAGETFP;YMAG;ETF;ETF Plus;EUR;IE;OUI;-;Euronext;2026-08-04;BBG01SRRM3P0;YMAG;YIELDMAX BGTCH OPT UCITS ETF;ETP;LN;OK
IE000MO2MB07;WISETFWTREIMETFP;WTRE;ETF;ETF Plus;EUR;IE;OUI;ESG ETF art. 8;Euronext;2026-08-04;BBG01557Q4Z1;WTRE;WTRE UCITS ETF - USD ACC;ETP;LN;OK
IE000MQ5XEW1;LG ETFBCC4C4ETFP;XAGZ;ETF;ETF Plus;EUR;IE;OUI;-;Euronext;2026-08-04;BBG01ML4TD17;XAGZ;L&G MS EN COMM XAGS ETF;ETP;LN;OK
IE000MRIQ479;LG ETFGDXDGQETFP;LDGA;ETF;ETF Plus;EUR;IE;OUI;ESG ETF art. 8;Euronext;2026-08-04;BBG01YCGRVM3;LDGA;L&G GLBL QUAL DIVS ACC;ETP;LN;OK
IE000MS76E73;PicActPQWXETFP;PQWX;ETF;ETF Plus;EUR;IE;OUI;ESG ETF art. 8;Euronext;2026-08-04;BBG0231MGHX0;PQXU;PICTET AI WORLD EX-US EQ;ETP;GR;OK
IE000MTYM4K8;JPMActJGAEETFP;JGAE;ETF;ETF Plus;EUR;IE;OUI;ESG ETF art. 8;Euronext;2026-08-04;BBG022LK18C3;JGAE;JPM GLBL EQ ACT UCITS ETF;ETP;IM;OK
IE000MU0FDZ8;LG ETFSPTRN1ETFP;SP1;ETF;ETF Plus;EUR;IE;OUI;-;Euronext;2026-08-04;BBG01X1G4WQ6;SP1;L&G S&P 100 ETF;ETP;LN;OK
IE000MUAJIF4;INVACTECMDETFP;ECMD;ETF;ETF Plus;EUR;IE;OUI;ESG ETF art. 8;Euronext;2026-08-04;BBG019FQJV15;ECMD;IVZ EUR CORP BOND ESG DIST;ETP;GR;OK
IE000MVWFDH1;JPMActJMAGETFP;JMAG;ETF;ETF Plus;EUR;IE;OUI;ESG ETF art. 8;Euronext;2026-08-04;BBG01YX4LHD4;JMAG;JPM GROWTH UCITS ETF;ETP;IM;OK
IE000MW6GT38;ISHETF756294XAMS;JCTA;ETF;Euronext Amsterdam - Multi-currency Trading;USD;IE;OUI;ESG ETF art. 8;Euronext;2026-08-04;BBG01N49K9R3;JCTA;ISHARES MSCI JPN CL TR A ETF;ETP;NA;OK
IE000MWUQBJ0;HSBETFEUS50ETFP;H50A;ETF;ETF Plus;EUR;IE;OUI;-;Euronext;2026-08-04;BBG018DXKKJ7;H50A;HSBC EURO STOXX 50 EUR ACC;ETP;LN;OK
IE000MYCJA42;AMUETFNRAMIMETFP;NRAM;ETF;ETF Plus | Euronext Paris | Euronext Amsterdam - Multi-currency Trading;EUR;IE;OUI;ESG ETF art. 8;Euronext;2026-08-04;BBG01JYB7329;NRAM;AMUNDI MSCI NORTH AMERICA ES;ETP;FP;OK
IE000MZFIJ99;UBSETFNU7541ETFP;INDE;ETF;ETF Plus;EUR;IE;OUI;ESG ETF art. 8;Euronext;2026-08-04;BBG01Y9V8NK5;INDSI;UBS MSCI INDIA UNIVERSAL ETF;ETP;SW;OK
IE000N0TTJQ9;AXA USD IG ACC;AIPU;ETF;Euronext Paris - Multi-currency Trading | ETF Plus;USD;IE;OUI;ESG ETF art. 8;Euronext;2026-08-04;BBG01JQKY140;AIPT;BNP PRB ESY USD CR POU ETF-U;ETP;GR;OK
IE000N1ZEIG9;INVETFSPXCBPETFP;SCTB;ETF;ETF Plus;EUR;IE;OUI;ESG ETF art. 8;Euronext;2026-08-04;BBG01RX698P5;SCTB;IVZ SP 500 CTB UCITS ETF ACC;ETP;LN;OK
IE000N3TZN02;AXAActASHUETFP;ASHU;ETF;ETF Plus;EUR;IE;OUI;ESG ETF art. 8;Euronext;2026-08-04;BBG01VHDFD44;ASHU;BNP PRB ESY II SD IO UCIT-UA;ETP;GR;OK
IE000N42HDP2;INVACTLVLCETFP;LVLC;ETF;ETF Plus;EUR;IE;OUI;ESG ETF art. 8;Euronext;2026-08-04;BBG018QRYC09;LVLC;INVESCO GLOBAL ACTIVE DEFENS;ETP;LN;OK
IE000N4E8XZ6;ISHETFI40153XAMS;29IU;ETF;Euronext Amsterdam - Multi-currency Trading;USD;IE;OUI;ESG ETF art. 8;Euronext;2026-08-04;BBG01XQ4GY98;29IU;ISHARES IBOND D29 HY CRP ETF;ETP;NA;OK
IE000N6I8IU2;JPMActJEQAETFP;JEQA;ETF;ETF Plus;EUR;IE;OUI;-;Euronext;2026-08-04;BBG01Q0BM3T4;JEQA;JPM NQ EQ PREM ACT UCITS ETF;ETP;LN;OK
IE000N70F6V6;UBSETFCI2IMETFP;INDIA;ETF;ETF Plus;EUR;IE;OUI;-;Euronext;2026-08-04;BBG01YDNW8Q8;INDA;UBS MSCI INDIA SF UCITS ETF;ETP;SW;OK
IE000N7ES011;BLUETFFGLOIMXAMS;BSWE;ETF;Euronext Amsterdam;EUR;IE;OUI;-;Euronext;2026-08-04;BBG0221YM850;BSWE;B SPHERE WORLD EQUITY;ETP;NA;OK
IE000N852182;iSCB0-5USD Hdgd D;IS16;ETF;Euronext Amsterdam - Multi-currency Trading;USD;IE;OUI;-;Euronext;2026-08-04;BBG01JR5VH68;IS16;ISHARES GBP CORP BOND 0-5;ETP;NA;OK
IE000NBRE3P7;ISHETFIBXXEUETFP;EUES;ETF;ETF Plus;EUR;IE;OUI;ESG ETF art. 8;Euronext;2026-08-04;BBG01GNYRZZ8;EUES;ISHE ULSH BD ESG SRI UETF-EA;ETP;IM;OK
IE000NDWFGA5;GLOETFURNUIMETFP;URNU;ETF;ETF Plus;EUR;IE;OUI;-;Euronext;2026-08-04;BBG016N2PDY2;URNU;GLOBAL X URANIUM UCITS USD-A;ETP;LN;OK
IE000NFR7C63;iS China T Acc;CTEC;ETF;Euronext Amsterdam - Multi-currency Trading;USD;IE;OUI;ESG ETF art. 8;Euronext;2026-08-04;BBG013TFT3B7;CTEC;ISHARES CHINA TECH USD ACC;ETP;NA;OK
IE000NHAIBN0;ISHActIFLXETFP;IFLX;ETF;ETF Plus | Euronext Amsterdam;EUR;IE;OUI;ESG ETF art. 8;Euronext;2026-08-04;BBG01S483F53;IFLX;ISHARS EUR FLX IN BD A U ETF;ETP;NA;OK
IE000NITTFF2;iSh Rusl 1000 Gr A;R1GR;ETF;Euronext Amsterdam - Multi-currency Trading;USD;IE;OUI;-;Euronext;2026-08-04;BBG01H0C1M13;R1GR;ISHARES RUSSELL 1000 GROWTH;ETP;LN;OK
IE000NKC01D0;INVETFLGTRTRETFP;GGBD;ETF;ETF Plus;EUR;IE;OUI;-;Euronext;2026-08-04;BBG022WMD9M1;GGBD;INVESCO GLBL GVT BD ETF DIST;ETP;LN;OK
IE000NL12KM9;ISHActUSHBXAMS;USHB;ETF;Euronext Amsterdam;EUR;IE;OUI;-;Euronext;2026-08-04;BBG020Q942B8;USHB;ISHRS USD CORP B ENHD ETF;ETP;NA;OK
IE000NM0ALX6;AMUETFSPDSEDETFP;DISW;ETF;ETF Plus | Euronext Paris;EUR;IE;OUI;ESG ETF art. 8;Euronext;2026-08-04;BBG019HZ91C8;WEL1;AM S&P W CONSUMER D SCR A;ETP;GR;OK
IE000NPK2VI6;FAMETFMSFFIMETFP;FAMSFF;ETF;ETF Plus;EUR;IE;OUI;ESG ETF art. 8;Euronext;2026-08-04;BBG0195Z60R0;FAMSFF;FI AM M E IS P-SE FF CB UE-A;ETP;IM;OK
IE000NRGX9M3;VANETFV3EAIMETFP;V3EL;ETF;ETF Plus | Euronext Amsterdam, Paris;EUR;IE;OUI;ESG ETF art. 8;Euronext;2026-08-04;BBG0191RR776;V3EL;VANG ESG FTSE DEV EUR DIST;ETP;LN;OK
IE000NS5HRY9;XTRETFNU7533ETFP;XZDW;ETF;ETF Plus;EUR;IE;OUI;ESG ETF art. 8;Euronext;2026-08-04;BBG01J1DXNZ2;XZDW;X MSCI WORLD HIGH DIV ESG 1D;ETP;GR;OK
IE000NXF88S1;VANETFMVKO10ETFP;OIH;ETF;ETF Plus | Euronext Paris;EUR;IE;OUI;-;Euronext;2026-08-04;BBG01G02DG17;OIHV;VANECK OIL SERVICES ETF;ETP;LN;OK
IE000NZURBQ4;ALLActAZGQETFP;AZGQ;ETF;ETF Plus;EUR;IE;OUI;-;Euronext;2026-08-04;BBG023K6G7T1;AZBQ;ALLIANZ SMART GLOBAL EQUITY;ETP;GR;OK
IE000O1FWAW6;ISHETFI40143ETFP;IG35;ETF;ETF Plus | Euronext Paris;EUR;IE;OUI;ESG ETF art. 8;Euronext;2026-08-04;BBG01XQXPTS4;IG35;ISHAS IBO DEC 2035 T CC ETF;ETP;GR;OK
IE000O2G7VL0;FAMETFMEUSIMETFP;FAMEUS;ETF;ETF Plus;EUR;IE;OUI;ESG ETF art. 8;Euronext;2026-08-04;BBG0195Z5PD1;FAMEUS;FN AM MI ER HY SRI P-SR CB-A;ETP;IM;OK
IE000O2QIHN4;AXAActAGYUETFP;AGYU;ETF;ETF Plus;EUR;IE;OUI;ESG ETF art. 8;Euronext;2026-08-04;BBG01QYD4XX2;AGYU;BNP PRB ESY II GB HYO ETF-UA;ETP;GR;OK
IE000O359D06;FAMETFM1WDHDETFP;HIDIJ;ETF;ETF Plus;EUR;IE;OUI;-;Euronext;2026-08-04;BBG01S0RJHV5;HIDIJ;FINECO AM MSCI WHD YIELD ETF;ETP;IM;OK
IE000O36LOH8;INVETFI38674ETFP;BS26;ETF;ETF Plus;EUR;IE;OUI;ESG ETF art. 8;Euronext;2026-08-04;BBG01MTPM1T5;BU26;IVZ BULLETSHARES 2026 USD D;ETP;LN;OK
IE000O50THD5;ISHActTHRWXAMC;THRW;ETF;Euronext Amsterdam - Multi-currency Trading;USD;IE;OUI;ESG ETF art. 8;Euronext;2026-08-04;BBG022XF35Q0;THRW;ISHARE WRLD THMT ROT ACT ETF;ETP;NA;OK
IE000O58J820;VANETFV3NAIMETFP;V3NA;ETF;ETF Plus | Euronext Amsterdam, Paris;EUR;IE;OUI;ESG ETF art. 8;Euronext;2026-08-04;BBG018Z7PGZ6;V3NA;VANG ESG FTSE NA ACC;ETP;LN;OK
IE000O5FBC47;AmSP500 NetZero;PABU;ETF;Euronext Paris | ETF Plus;EUR;IE;OUI;ESG ETF art. 8;Euronext;2026-08-04;BBG01K8BJTQ9;ZPA5;AMUNDI S&P 500 CLIMATE NET Z;ETP;GR;OK
IE000O5M6XO1;ARKActARKGETFP;ARKG;ETF;ETF Plus;EUR;IE;OUI;-;Euronext;2026-08-04;BBG01MCH7WB9;AAKG;ARK GENOMIC REV UCITS ETF;ETP;GR;OK
IE000O6GI299;GOLActGIGXXPAR;GIGX;ETF;Euronext Paris;EUR;IE;OUI;ESG ETF art. 8;Euronext;2026-08-04;BBG01TQNFKP8;GIGA;GOLDMAN GIGA FI ACTIVE ETF;ETP;GR;OK
IE000O6Z73N7;KRAETFKOIDTRETFP;KOID;ETF;ETF Plus;EUR;IE;OUI;-;Euronext;2026-08-04;BBG01XFC8SL0;KOID;KS GL HM R&P AI INDX UCI ETF;ETP;LN;OK
IE000O7Q2E56;XTRETFVWCEIMETFP;WIRE;ETF;ETF Plus;EUR;IE;OUI;-;Euronext;2026-08-04;BBG02171KT18;WIRE;X ELECTRIC & SMART GRID 1C;ETP;GR;OK
IE000O8KMPM1;WISETFWDNAIMETFP;WDNA;ETF;ETF Plus;EUR;IE;OUI;ESG ETF art. 8;Euronext;2026-08-04;BBG013YL0ZQ2;WDNA;WT BIOREV UCITS ETF USD ACC;ETP;LN;OK
IE000O8S1EX4;JPMACTTEMPETFP;TEMP;ETF;ETF Plus;EUR;IE;OUI;ESG ETF art. 9;Euronext;2026-08-04;BBG0175M3YC8;T3MP;JPM CLIMATE CHGE SOL ACT ETF;ETP;LN;OK
IE000OBK3UE0;HANActFEGIETFP;FEGI;ETF;ETF Plus;EUR;IE;OUI;-;Euronext;2026-08-04;BBG01VK7VZC7;FEGI;REX TEC INNO IN&GR UCITS ETF;ETP;LN;OK
IE000OEF25S1;INVETFM1WOEWETFP;MWEQ;ETF;ETF Plus;EUR;IE;OUI;-;Euronext;2026-08-04;BBG01PDJ44V0;MWEQ;IVZ MSCI WORLD EQ WEIGHT ACC;ETP;LN;OK
IE000OHEH5Y9;INVActIQGEETFP;IQGE;ETF;ETF Plus;EUR;IE;OUI;-;Euronext;2026-08-04;BBG01TZKGJB1;IQGE;IVZ GL EN EQ EUR PFHDG ACC;ETP;GR;OK
IE000OHHIBC6;iSh Cor MSCI Wd US;IWDD;ETF;Euronext Amsterdam - Multi-currency Trading;USD;IE;OUI;-;Euronext;2026-08-04;BBG01HGC76P9;IWDD;ISHARES CORE MSCI W U ETF;ETP;NA;OK
IE000OHXGWO8;ROBActRGSCETFP;RGSC;ETF;ETF Plus;EUR;IE;OUI;ESG ETF art. 8;Euronext;2026-08-04;BBG020B9JDJ6;RGSC;ROBECO NTGN GBLSMCPEQ ETF;ETP;GR;OK
IE000OJ31JQ4;FIRActGNOVETFP;GNOV;ETF;ETF Plus;EUR;IE;OUI;-;Euronext;2026-08-04;BBG01K4J3YL7;GNOV;FT VEST US EQT MD BF-NOV;ETP;LN;OK
IE000OJ5TQP4;HANETFNATONTETFP;NATO;ETF;ETF Plus | Euronext Paris;EUR;IE;OUI;-;Euronext;2026-08-04;BBG01H75QV41;NATO;FUTURE OF DEFENCE UCITS ETF;ETP;LN;OK
IE000OKVTDF7;IS USVAL ESG $A;IUVE;ETF;Euronext Amsterdam - Multi-currency Trading;USD;IE;OUI;ESG ETF art. 8;Euronext;2026-08-04;BBG011MNCVY2;IUVE;ISHARES MSCI USA VALUE FACTO;ETP;NA;OK
IE000OLIUP21;ISHActJAEEXAMC;JAEE;ETF;Euronext Amsterdam - Multi-currency Trading;USD;IE;OUI;ESG ETF art. 8;Euronext;2026-08-04;BBG022XFXZT8;JAEE;ISHR JPN EQT ENH ACT ETF ACC;ETP;NA;OK
IE000ON9GR24;ISHActMAXSETFP;MAXS;ETF;ETF Plus | Euronext Amsterdam - Multi-currency Trading;EUR;IE;OUI;-;Euronext;2026-08-04;BBG01XL7T6P5;MAXS;ISHRES US LCMB SEP UCITS ETF;ETP;NA;OK
IE000OPODKS3;ISHETFCSUSIMXAMS;MSUD;ETF;Euronext Amsterdam - Multi-currency Trading;USD;IE;OUI;-;Euronext;2026-08-04;BBG01T055YS3;MSUD;ISHRS MSCI USA SWAP USD D;ETP;NA;OK
IE000OQGOX00;HANActGRNYETFP;GRNY;ETF;ETF Plus;EUR;IE;OUI;-;Euronext;2026-08-04;BBG02289QVN3;GRNY;FUNDSTRAT GRANNY SHO US ETF;ETP;LN;OK
IE000OULL4R4;UBSETFCSUSIMETFP;CMXUS;ETF;ETF Plus;EUR;IE;OUI;-;Euronext;2026-08-04;BBG01PGFPWV0;CMXUS;UBS ETF MSCI USA NSL;ETP;SW;OK
IE000OV4XWA3;WISETFWTNTSZETFP;NTSZ;ETF;ETF Plus | Euronext Paris;EUR;IE;OUI;ESG ETF art. 8;Euronext;2026-08-04;BBG01XND9H87;NTSZ;WT EURZNE EFCNT CORE ETF;ETP;LN;OK
IE000OVF8Q66;ISHActEMEEETFP;EMEE;ETF;ETF Plus | Euronext Amsterdam - Multi-currency Trading;EUR;IE;OUI;ESG ETF art. 8;Euronext;2026-08-04;BBG01NT1TG07;EMEE;ISHARE EM EQ ENH ACTIV  ETF;ETP;NA;OK
IE000OY7BDY9;ISHETFINAAIMXAMC;NOAM;ETF;Euronext Amsterdam - Multi-currency Trading;USD;IE;OUI;-;Euronext;2026-08-04;BBG023VRKSG6;NOAM;ISHRS MSCI NA SP UCITS ETF;ETP;NA;OK
IE000OYABFQ2;ISHETFRU20INETFP;RU2E;ETF;ETF Plus;EUR;IE;OUI;-;Euronext;2026-08-04;BBG01SWMJZJ5;RU2E;ISHARES RUSSELL 2000 SWAP UC;ETP;IM;OK
IE000P0AMD16;AXAActASLUETFP;ASLU;ETF;ETF Plus;EUR;IE;OUI;ESG ETF art. 8;Euronext;2026-08-04;BBG01VHDFF49;ASLU;BNP PRB ESY II SD IO UCIT-UI;ETP;GR;OK
IE000P0FL8E3;FIRActGMAYETFP;GMAY;ETF;ETF Plus;EUR;IE;OUI;-;Euronext;2026-08-04;BBG01MVMNN83;GMAY;FT VST US EQT MD BF MAY;ETP;LN;OK
IE000P0R7WK6;FRAACTGSOVETFP;GSOV;ETF;ETF Plus;EUR;IE;OUI;ESG ETF art. 9;Euronext;2026-08-04;BBG01JVM2DF7;GSOV;FRK SUST EU GR SOV ETF;ETP;GR;OK
IE000P16KP52;FT CBR EUR HDG;CBEU;ETF;Euronext Amsterdam;EUR;IE;OUI;-;Euronext;2026-08-04;BBG01HFTBX88;CBEU;FT CYBERSECURITY EURO HEDGED;ETP;NA;OK
IE000P1G9TM6;HANActMCTETFP;MCT;ETF;ETF Plus;EUR;IE;OUI;-;Euronext;2026-08-04;BBG01Y2DFFJ3;MCTC;MIDDLEFIELD CAD EI UCITS ETF;ETP;LN;OK
IE000P1IQS65;ISHActWOEHETFP;WOEH;ETF;ETF Plus;EUR;IE;OUI;ESG ETF art. 8;Euronext;2026-08-04;BBG01TCJ16X9;WOEH;ISHARES WORLD EQUITY ENHANCE;ETP;IM;OK
IE000P2CI9P3;ISHETFSXEDOMXAMS;EURP;ETF;Euronext Amsterdam;EUR;IE;OUI;-;Euronext;2026-08-04;BBG021QTD8W6;EURP;ISHRS EUR DMST FCS UCITS ETF;ETP;NA;OK
IE000P3D0W60;WISETFWTRENEETFP;WRNW;ETF;ETF Plus;EUR;IE;OUI;ESG ETF art. 9;Euronext;2026-08-04;BBG01GZF6HT6;WRNW;WT RENEWABLE ENERGY;ETP;LN;OK
IE000PA766T7;INVACTECMSETFP;ECMS;ETF;ETF Plus;EUR;IE;OUI;ESG ETF art. 8;Euronext;2026-08-04;BBG018B29XN7;ECMS;INVESCO EUR CORPORATE BOND E;ETP;GR;OK
IE000PAW6X57;BLUETFUST100XAMS;BSTE;ETF;Euronext Amsterdam;EUR;IE;OUI;-;Euronext;2026-08-04;BBG0234XDR46;BSTE;BLUESPHERE US TECH UCITS ETF;ETP;NA;OK
IE000PB4LRO2;AmMSCIWorld ESG;CLWD;ETF;Euronext Paris | ETF Plus;EUR;IE;OUI;ESG ETF art. 8;Euronext;2026-08-04;BBG01KJQTYL7;CLWD;AMD MSC WLD ESG BR TR UE-DIS;ETP;GR;OK
IE000PBKBK34;ISHETFGTBSXAMS;US03;ETF;Euronext Amsterdam - Multi-currency Trading;USD;IE;OUI;-;Euronext;2026-08-04;BBG01PV67T68;US03;ISHARES TREASURY BOND 0-3;ETP;NA;OK
IE000PCF9772;SSGETFH00054ETFP;TREY;ETF;ETF Plus;EUR;IE;OUI;-;Euronext;2026-08-04;BBG020W9XSY7;TREY;SS BBG US TREASURY EURH ACC;ETP;IM;OK
IE000PDUVTF3;XTRETFAWXUSNETFP;XIUS;ETF;ETF Plus;EUR;IE;OUI;-;Euronext;2026-08-04;BBG020WGLW84;XIUS;X MSCI  USA SWAP II ETF1C;ETP;GR;OK
IE000PEAJOT0;AMUETFGUSAIMETFP;ESGUSA;ETF;ETF Plus | Euronext Paris - Multi-currency Trading;EUR;IE;OUI;ESG ETF art. 8;Euronext;2026-08-04;BBG01J9PLR63;SADU;AMUNDI MSCI USA ESG SELECTIO;ETP;FP;OK
IE000PEYL7P5;FRAETFSPSVCDETFP;USDIS;ETF;ETF Plus;EUR;IE;OUI;-;Euronext;2026-08-04;BBG0226DLDG9;FTCD;FRK S&P 500 CONS DISC ETF;ETP;GR;OK
IE000PHR51Q6;ISHActEMMEXAMS;EMME;ETF;Euronext Amsterdam - Multi-currency Trading;USD;IE;OUI;-;Euronext;2026-08-04;BBG01Y38R192;EMME;ISHARE EM EQ ENH ACTIVE ETF;ETP;LN;OK
IE000PJL7R74;INVETFPAEMIMETFP;PAEM;ETF;ETF Plus;EUR;IE;OUI;ESG ETF art. 8;Euronext;2026-08-04;BBG017X7P9S4;PAEM;IVZ MSCI EM ESG PARIS ALIGND;ETP;LN;OK
IE000PKN5N58;INVActICLOETFP;ICLO;ETF;ETF Plus;EUR;IE;OUI;-;Euronext;2026-08-04;BBG01S66FK24;ICLO;IVZ USD CLO UCITS ETF DIST;ETP;LN;OK
IE000PL3UFC3;ISHETFFENGLCXAMS;GRET;ETF;Euronext Amsterdam - Multi-currency Trading;USD;IE;OUI;ESG ETF art. 8;Euronext;2026-08-04;BBG01NHYQ0T5;GRET;ISHARES GBL REE TL UCITS ETF;ETP;NA;OK
IE000PMX0MW6;AMUETFSPDSEUETFP;UTIW;ETF;ETF Plus;EUR;IE;OUI;ESG ETF art. 8;Euronext;2026-08-04;BBG019HZLY69;MWOH;AM S&P W UTILITIES SCR A;ETP;GR;OK
IE000PN3F926;FAMETFMVCETTETFP;EMOVE;ETF;ETF Plus;EUR;IE;OUI;ESG ETF art. 8;Euronext;2026-08-04;BBG01HZNQ2Z1;EMOVE;FINECO AM MARKETVECTORTM GLO;ETP;IM;OK
IE000PNL0242;FIDActFFSMETFP;FFSM;ETF;ETF Plus;EUR;IE;OUI;ESG ETF art. 8;Euronext;2026-08-04;BBG01WT13F43;FFSM;FIDLITY US FUND SMID CAP ETF;ETP;GR;OK
IE000PPEL1I4;INVACTLINXBETFP;LINXB;ETF;ETF Plus;EUR;IE;OUI;-;Euronext;2026-08-04;BBG01C9X6J02;LINXB;INVESTLINX BALANCED INCOME-A;ETP;IM;OK
IE000PQQLZM7;JPMACTJAGEETFP;JAGE;ETF;ETF Plus;EUR;IE;OUI;ESG ETF art. 8;Euronext;2026-08-04;BBG01HS936H6;JAGE;JPM GBL AGG BD A UCITS ETF;ETP;GR;OK
IE000PS0J481;GLOETFMAEUIDETFP;BRIJ;ETF;ETF Plus;EUR;IE;OUI;-;Euronext;2026-08-04;BBG01P6Y8QT5;BRIJ;GLOBAL X EURO INFRA DVLP ETF;ETP;LN;OK
IE000PSF3A70;XTRETFSIMPATETFP;XDGI;ETF;ETF Plus;EUR;IE;OUI;ESG ETF art. 8;Euronext;2026-08-04;BBG01C9KMHS6;XDGI;X MSCI SDGS 1C;ETP;GR;OK
IE000PTMIE90;ISHETFSWEBRXAMC;BLDR;ETF;Euronext Amsterdam - Multi-currency Trading | Euronext Paris;USD;IE;OUI;-;Euronext;2026-08-04;BBG023Z9F658;BLDR;ISHARES EUROPE IS BILDRS ETF;ETP;FP;OK
IE000PUAKZP8;ROBAct3DCEETFP;3DCE;ETF;ETF Plus;EUR;IE;OUI;ESG ETF art. 8;Euronext;2026-08-04;BBG01ZKKZD98;3DCE;ROBECO 3D EUR EN CR EUR ETF;ETP;GR;OK
IE000PY7F8J9;ARKETFFXBYLUETFP;VITU;ETF;ETF Plus;EUR;IE;OUI;ESG ETF art. 9;Euronext;2026-08-04;BBG01HVFG0V1;LUSA;RIZE USA ENVIRONMENT ETF;ETP;LN;OK
IE000PZW9KB1;FAMETFM1WDHDETFP;HIDIV;ETF;ETF Plus;EUR;IE;OUI;-;Euronext;2026-08-04;BBG01S0RJHF3;HIDIV;FINECO AM MSCI WHD YIELD ETF;ETP;IM;OK
IE000Q0CAPZ0;WISETFWTGDHYETFP;WDIV;ETF;ETF Plus;EUR;IE;OUI;ESG ETF art. 8;Euronext;2026-08-04;BBG023C78YN4;WDIV;WT GLOBAL HIGH DIV;ETP;LN;OK
IE000Q0IU5T1;INVETFMSUSKLETFP;WDTE;ETF;ETF Plus;EUR;IE;OUI;ESG ETF art. 8;Euronext;2026-08-04;BBG01G2H2GY8;WDTE;IVZ S&P WRLD IT ESG ACC;ETP;LN;OK
IE000Q1M7HB8;WISETFWTTRUEETFP;WEM;ETF;ETF Plus | Euronext Paris;EUR;IE;OUI;-;Euronext;2026-08-04;BBG021HNLJT0;WEM;WISDOMTREE TRUE EMER MAR ETF;ETP;LN;OK
IE000Q2EQ5K8;ISHETFI28UETFP;28IY;ETF;ETF Plus | Euronext Paris;EUR;IE;OUI;-;Euronext;2026-08-04;BBG01MDHNVL1;28IY;ISHARES IBONDS D28 T ITALY G;ETP;GR;OK
IE000Q4EBR54;SSGETFSPMESLXAMS;400X;ETF;Euronext Amsterdam - Multi-currency Trading;USD;IE;OUI;-;Euronext;2026-08-04;BBG01XH7DJ97;400X;SS SPDR S&P 400 US MID CAP L;ETP;GR;OK
IE000Q4J3CW6;VANETFAWNT07ETFP;VEZU;ETF;ETF Plus | Euronext Amsterdam;EUR;IE;OUI;-;Euronext;2026-08-04;BBG02267CY12;VEXA;VANGUARD FTSE ERZNE ETF - EA;ETP;GR;OK
IE000Q6C8036;BNPP SP500 ESG EUH;SPEUH;ETF;Euronext Paris;EUR;IE;OUI;ESG ETF art. 8;Euronext;2026-08-04;BBG01KV5ZZ11;SPEUH;BNP EASY S&P 500 ESG SC EH;ETP;FP;OK
IE000Q7NR6I3;iSCB0-5USD Hdgd A;IS17;ETF;Euronext Amsterdam - Multi-currency Trading;USD;IE;OUI;-;Euronext;2026-08-04;BBG01JR5ZXJ5;IS17;ISHARES GBP CORP BOND 0-5Y;ETP;NA;OK
IE000Q8F0M81;FIRETFGHHONETFP;H2O;ETF;ETF Plus | Euronext Amsterdam - Multi-currency Trading;EUR;IE;OUI;ESG ETF art. 8;Euronext;2026-08-04;BBG01VW592T8;H2O;FT N CLEAN EDGE GLOBAL WATER;ETP;NA;OK
IE000Q8N7WY1;ROBAct3DGLETFP;3DGL;ETF;ETF Plus;EUR;IE;OUI;ESG ETF art. 8;Euronext;2026-08-04;BBG01PYJZFW7;3DGL;ROBECO 3D GLOBAL EQUITY ACC;ETP;GR;OK
IE000Q9IHH10;ISHActEUCLETFP;EUCL;ETF;ETF Plus;EUR;IE;OUI;ESG ETF art. 8;Euronext;2026-08-04;BBG01W24M9N8;EUCL;ISHARES EUR AAA CLO ACT ETF;ETP;GR;OK
IE000Q9W2IR3;ISHETFSTXAIAETFP;AIAA;ETF;ETF Plus | Euronext Amsterdam - Multi-currency Trading | Euronext Paris;EUR;IE;OUI;ESG ETF art. 8;Euronext;2026-08-04;BBG01R3W6DS0;AIAA;ISHRS AI ADP & APP UCITS ETF;ETP;GR;OK
IE000QADMYA3;VANETFI349EUETFP;V3RE;ETF;ETF Plus | Euronext Amsterdam, Paris;EUR;IE;OUI;ESG ETF art. 8;Euronext;2026-08-04;BBG01BG0S9F0;V3RE;VANG ESG EUR CB ETF ACC;ETP;LN;OK
IE000QB5HJC8;SSGETFI00054ETFP;TRAY;ETF;ETF Plus;EUR;IE;OUI;-;Euronext;2026-08-04;BBG0205GG9C6;TRAY;SS SPDR BL US TB UCI ET-SSBT;ETP;IM;OK
IE000QCDDND5;FAMETFMVJPNQETFP;JPMQ;ETF;ETF Plus;EUR;IE;OUI;ESG ETF art. 8;Euronext;2026-08-04;BBG01J03TTS5;JPMQ;FINECO AM MARKETVECTORTM JAP;ETP;IM;OK
IE000QDFFK00;AXAETFNA100TETFP;ANAU;ETF;ETF Plus | Euronext Paris;EUR;IE;OUI;-;Euronext;2026-08-04;BBG01BFFG4G1;ANAU;BNP PARIBAS EASY II NASDAQ 1;ETP;GR;OK
IE000QF66PE6;INVETFS500ESETFP;5ESE;ETF;ETF Plus;EUR;IE;OUI;ESG ETF art. 8;Euronext;2026-08-04;BBG0134N64R3;5ESE;INVSCO S&P 500 SC&SC UCI-EUR;ETP;GR;OK
IE000QGWZZO0;JPMACTJJEHETFP;JJEH;ETF;ETF Plus;EUR;IE;OUI;ESG ETF art. 8;Euronext;2026-08-04;BBG016LZHDN2;JJEH;JPM JAPAN REI EQ ACTIVE ETF;ETP;GR;OK
IE000QIF5N15;AMUETFFGLOIMETFP;ETFGLO;ETF;ETF Plus;EUR;IE;OUI;-;Euronext;2026-08-04;BBG01QZG11M9;MWOL;AM PRIME GLOBAL UCITS ETF D;ETP;GR;OK
IE000QLV3SY5;FRAETFEMKTPRETFP;FREP;ETF;ETF Plus | Euronext Paris;EUR;IE;OUI;ESG ETF art. 8;Euronext;2026-08-04;BBG017G6KKR6;FVEM;FRK MSCI EM PARIS UCITS ETF;ETP;GR;OK
IE000QMIHY81;HSBETFMXWOETFP;HWDE;ETF;ETF Plus;EUR;IE;OUI;-;Euronext;2026-08-04;BBG01BPXWBJ4;HWDE;HSBC MSCI WLD EUR HEDGED ACC;ETP;IM;OK
IE000QNT40T5;GARETF1EUAITXAMS;GUS3;ETF;Euronext Amsterdam - Multi-currency Trading;USD;IE;OUI;-;Euronext;2026-08-04;BBG01S51MHC4;GUS3;GARNET US TREASURY 1-3 YR;ETP;ID;OK
IE000QOU09J7;China Lg Cap USD A;FXAC;ETF;Euronext Amsterdam;EUR;IE;OUI;-;Euronext;2026-08-04;BBG012G1NH29;FXAC;ISHARES CHINA LARGE CAP USDA;ETP;NA;OK
IE000QQ8Z0D8;AMUETFLUSAIMETFP;LUSA;ETF;ETF Plus | Euronext Paris;EUR;IE;OUI;ESG ETF art. 8;Euronext;2026-08-04;BBG01K65G375;2324453D;AMUNDI MSCI USA ESG CNZA CTB;ETP;GF;OK
IE000QRDCYW2;SSGETFJPEIAGETFP;SAUB;ETF;ETF Plus;EUR;IE;OUI;-;Euronext;2026-08-04;BBG01QYFXHQ8;KSAB;SS SP JPM SAU ARA AGG BD-UAU;ETP;GR;OK
IE000QRUKAG2;BLUETFTFEUIMXAMS;BSEU;ETF;Euronext Amsterdam;EUR;IE;OUI;-;Euronext;2026-08-04;BBG0234XHY83;BSEU;BLUESPHRE EURPN EQTY ETF ACC;ETP;NA;OK
IE000QU8JEH5;FAMETFMVAITRETFP;AI4U;ETF;ETF Plus;EUR;IE;OUI;ESG ETF art. 8;Euronext;2026-08-04;BBG01HZKKTK0;AI4U;FINECO AM MARKETVECTORTM ART;ETP;IM;OK
IE000QUCVEN9;ARKETFFXBYNFETFP;NFRA;ETF;ETF Plus;EUR;IE;OUI;ESG ETF art. 9;Euronext;2026-08-04;BBG01HVGZZ05;NFRA;RIZE SUSTAINABLE INFRA ETF;ETP;LN;OK
IE000QUOSE01;VANETFV3EAIMETFP;V3EA;ETF;ETF Plus | Euronext Amsterdam, Paris;EUR;IE;OUI;ESG ETF art. 8;Euronext;2026-08-04;BBG018Z7S925;V3EA;VANG ESG FTSE DEV EUR ACC;ETP;LN;OK
IE000QVYFUT7;XTRETFTIGRIMETFP;XIGB;ETF;ETF Plus;EUR;IE;OUI;-;Euronext;2026-08-04;BBG019226BW6;XIGB;X INDIA GOV BOND 1C;ETP;GR;OK
IE000QWCYQT0;AMUETFMXWOSCXPAR;WLSC;ETF;Euronext Paris;EUR;IE;OUI;ESG ETF art. 8;Euronext;2026-08-04;BBG01XRR5Q22;WLSC;AMD MSCI WLD SCRD ETF;ETP;FP;OK
IE000QYDXKV5;VANETFMSDMXLETFP;TDVX;ETF;ETF Plus;EUR;IE;OUI;ESG ETF art. 8;Euronext;2026-08-04;BBG021M9HDR5;TDVX;VANECK DM EX-US DIV LDRS ETF;ETP;LN;OK
IE000QZF7EX2;ISHETFM1CXNNXAMC;LAMT;ETF;Euronext Amsterdam - Multi-currency Trading;USD;IE;OUI;-;Euronext;2026-08-04;BBG022CD24Y3;LAMT;SHARES MSCI EM LATAM;ETP;NA;OK
IE000R4ZNTN3;ISHETFNDDUWXETFP;XUSE;ETF;ETF Plus | Euronext Amsterdam - Multi-currency Trading;EUR;IE;OUI;-;Euronext;2026-08-04;BBG01RXD6XP8;XUSE;ISHARS MSCI WORLD EX-USA ETF;ETP;NA;OK
IE000R7DCW45;JPMActJPYEETFP;JPYE;ETF;ETF Plus;EUR;IE;OUI;ESG ETF art. 8;Euronext;2026-08-04;BBG01QGCD1D6;JPYE;JPM USD HY BOND UCITS ETF;ETP;LN;OK
IE000R7HJVO6;ISHActUSEHETFP;USEH;ETF;ETF Plus;EUR;IE;OUI;ESG ETF art. 8;Euronext;2026-08-04;BBG01TCJ1RD5;USEH;ISHRES US EQ ENHANCE AC ETF;ETP;IM;OK
IE000R7KKFN3;ISHActIFXLXAMS;IFXL;ETF;Euronext Amsterdam;EUR;IE;OUI;ESG ETF art. 8;Euronext;2026-08-04;BBG01Y2K5S55;ISFX;ISHARES EUR FLE IN BD AC ETF;ETP;GR;OK
IE000R85HL30;AMUETFSRIHIMETFP;USRI;ETF;ETF Plus | Euronext Paris | Euronext Amsterdam - Multi-currency Trading;EUR;IE;OUI;ESG ETF art. 8;Euronext;2026-08-04;BBG01JYB6M37;WEBD;AMUNDI MSCI NORTH AMER SRI;ETP;GR;OK
IE000R8PO127;HANETFRBUAETFP;UKRN;ETF;ETF Plus;EUR;IE;OUI;-;Euronext;2026-08-04;BBG020T7XYC6;UKRN;DEFIANCE UKR RECON UC ETF-EA;ETP;LN;OK
IE000R9FA4A0;ISH S&P 500 ESG US;ESPX;ETF;Euronext Amsterdam - Multi-currency Trading;USD;IE;OUI;ESG ETF art. 8;Euronext;2026-08-04;BBG0190VFDT4;ESPX;ISHARES S&P 500 SCORED AND S;ETP;NA;OK
IE000R9RIBW8;NJ INDO SMALL SDG;NJINDO;OPCVM;ATFund Instruments;EUR;IE;OUI;;Euronext;2026-08-04;BBG01JKRR5P7;NIJUIDQ;NICH INDO INFR SML CAP-Q EUR;Open-End Fund;ID;OK
IE000RBFCPY3;INVETFLGTRTRETFP;GGED;ETF;ETF Plus;EUR;IE;OUI;-;Euronext;2026-08-04;BBG022WMD9T4;GGED;INVSCO GLBL GB ETF PFHDG DST;ETP;GR;OK
IE000RDRMSD1;ISH BLOCKCHAIN USD;BLKC;ETF;Euronext Amsterdam - Multi-currency Trading | ETF Plus;USD;IE;OUI;-;Euronext;2026-08-04;BBG019RH2474;BLKC;ISHARES BLOCKCHAIN TECH USDA;ETP;NA;OK
IE000RE0SQM6;JPMActJIPDETFP;JIPD;ETF;ETF Plus;EUR;IE;OUI;-;Euronext;2026-08-04;BBG01XMNY272;JIPD;JPM US EQ PREM ACT UCITS ETF;ETP;IM;OK
IE000REC8UF0;ISHETFI40425XAMC;ID36;ETF;Euronext Amsterdam - Multi-currency Trading | Euronext Paris;USD;IE;OUI;ESG ETF art. 8;Euronext;2026-08-04;BBG02285FDH0;ID36;ISHRE IBND DEC 2036 ETF-ACC;ETP;FP;OK
IE000RITWOD4;GOLActGQEUETFP;GQEU;ETF;ETF Plus | Euronext Paris;EUR;IE;OUI;ESG ETF art. 8;Euronext;2026-08-04;BBG01TTMVWF4;GQEU;GOLDMAN GQEU EQ ACTIVE ETF;ETP;GR;OK
IE000RJL5A30;ISHActUSEBXAMS;USEB;ETF;Euronext Amsterdam - Multi-currency Trading;USD;IE;OUI;ESG ETF art. 8;Euronext;2026-08-04;BBG01T035D68;USEB;ISHARES USD CB EA UCITS;ETP;NA;OK
IE000RKSAPB9;ISHETFHEC0XAMS;EH1H;ETF;Euronext Amsterdam - Multi-currency Trading;USD;IE;OUI;-;Euronext;2026-08-04;BBG01V2W02F6;EH1H;ISHARES BROAD EUR HY H DIS;ETP;NA;OK
IE000RLUE8E9;INVETFPAUSIMETFP;PAUS;ETF;ETF Plus;EUR;IE;OUI;ESG ETF art. 8;Euronext;2026-08-04;BBG013Z7L6S1;PAUS;IVZ MSCI USA ESG PARIS ACC;ETP;LN;OK
IE000RLUVMR2;ISHETFIDCOT1XAMS;I20T;ETF;Euronext Amsterdam - Multi-currency Trading;USD;IE;OUI;-;Euronext;2026-08-04;BBG01VCFMF23;I20T;ISHR USD TB 10-20Y ETF;ETP;NA;OK
IE000RN58M26;ISH METAVERSE USD;MTAV;ETF;Euronext Amsterdam - Multi-currency Trading;USD;IE;OUI;ESG ETF art. 8;Euronext;2026-08-04;BBG01BVRKXG8;MTAV;ISHARES METAVERSE UCITS ETF;ETP;NA;OK
IE000ROCQO77;NICHEJUNGLE KOREA;NJKOR;OPCVM;ATFund Instruments;EUR;IE;OUI;;Euronext;2026-08-04;BBG019CG2FG7;NIJUKRQ;NICHEJUNGLE KOREA REUN-Q EUR;Open-End Fund;ID;OK
IE000ROSD5J6;ISH ESS MTL US ACC;METL;ETF;Euronext Amsterdam - Multi-currency Trading | ETF Plus;USD;IE;OUI;-;Euronext;2026-08-04;BBG01JP6W4W7;METL;ISHARES ES METALS PR UCITS;ETP;NA;OK
IE000RRCJI06;GOLActGIGUETFP;GIGU;ETF;ETF Plus;EUR;IE;OUI;ESG ETF art. 8;Euronext;2026-08-04;BBG01RJNXTL5;GIGU;GOLDMAN USD IG ACTIVE ETF;ETP;GR;OK
IE000RSCXLM4;JPMActJUSEETFP;JUSE;ETF;ETF Plus;EUR;IE;OUI;ESG ETF art. 8;Euronext;2026-08-04;BBG01KR3S098;JUSE;JPM US EQ ACTIVE UCITS ETF;ETP;LN;OK
IE000RSD1ZW2;FAMActACTIJETFP;ACTIJ;ETF;ETF Plus;EUR;IE;OUI;-;Euronext;2026-08-04;BBG01THDXVS3;ACTIJ;FINECO AM ACTIVE COLL ETF;ETP;IM;OK
IE000RUEGGK5;ISHETFI32561XAMS;CYUH;ETF;Euronext Amsterdam - Multi-currency Trading;USD;IE;OUI;-;Euronext;2026-08-04;BBG01SWMKYL3;CYUH;ISHARES CHINA CNY BOND USDHA;ETP;NA;OK
IE000RW7V8Q4;UBSETFSOLEUEETFP;SHORT;ETF;ETF Plus;EUR;IE;OUI;ESG ETF art. 8;Euronext;2026-08-04;BBG01M2TRKP3;SHORT;UBSETF EURUSSCR EUR ACC;ETP;IM;OK
IE000RWFQT12;FAMETFMVBIOPETFP;BTECH;ETF;ETF Plus;EUR;IE;OUI;ESG ETF art. 8;Euronext;2026-08-04;BBG01HZL3V31;BTECH;FINECO AM MARKETVECTORTM BIO;ETP;IM;OK
IE000RYWBSX8;PicActPDWXETFP;PDWX;ETF;ETF Plus;EUR;IE;OUI;ESG ETF art. 8;Euronext;2026-08-04;BBG0231MGM50;PDWX;PICTET AI WORLD EX-US EQ;ETP;GR;OK
IE000S2QZKI8;JPMActJIGGETFP;JIGG;ETF;ETF Plus;EUR;IE;OUI;ESG ETF art. 8;Euronext;2026-08-04;BBG01TMFVCF0;JIGG;JPM GLB IG CORP BD UCITS ETF;ETP;LN;OK
IE000S3N6R34;ISHETFGEASIMETFP;ESWP;ETF;ETF Plus | Euronext Amsterdam - Multi-currency Trading;EUR;IE;OUI;-;Euronext;2026-08-04;BBG020JCSR73;ESWP;ISHARES MSCI EM SWAP ETF;ETP;NA;OK
IE000S6476U8;UBSETFSPHHENETFP;SPDE;ETF;ETF Plus;EUR;IE;OUI;ESG ETF art. 8;Euronext;2026-08-04;BBG01GNKY4N2;SPDE;UBS ETF USA DIV AR ESG EUR D;ETP;IM;OK
IE000SA19OL0;ColActQREUETFP;QREU;ETF;ETF Plus;EUR;IE;OUI;-;Euronext;2026-08-04;BBG01WW8XHG4;QREU;CT QR SRS EUR EA UCITS ETF;ETP;LN;OK
IE000SACNHU2;FAMETFMTELIMETFP;FAMTEL;ETF;ETF Plus;EUR;IE;OUI;ESG ETF art. 8;Euronext;2026-08-04;BBG0195Z70X2;FAMTEL;FAM MC WIT SS P-S20%CA UC-AE;ETP;IM;OK
IE000SAXJ1M1;GLOStrSX5ECCETFP;SYLD;ETF;ETF Plus;EUR;IE;OUI;-;Euronext;2026-08-04;BBG01T414TT9;SYLD;GBL X EURO STX 50 COV CL ETF;ETP;LN;OK
IE000SBU19F7;VANETFMSUMMFETFP;SMOT;ETF;ETF Plus | Euronext Paris;EUR;IE;OUI;-;Euronext;2026-08-04;BBG01KXYMNL5;SMOT;VANECK MSTAR SMID MOAT ETF;ETP;LN;OK
IE000SCAG5Q1;FIDActFBIHETFP;FBIH;ETF;ETF Plus;EUR;IE;OUI;ESG ETF art. 8;Euronext;2026-08-04;BBG01ZT1RKQ5;FBIH;FIL USD CB RE ETF EHA;ETP;GR;OK
IE000SE6KPV2;ISHETF36928ETFP;IPAB;ETF;ETF Plus;EUR;IE;OUI;ESG ETF art. 8;Euronext;2026-08-04;BBG017V1GGB1;IPAB;ISH EUR CORP PARIS-ALGN EURA;ETP;GR;OK
IE000SIZJ2B2;ISHETFI37615ETFP;IB26;ETF;ETF Plus;EUR;IE;OUI;ESG ETF art. 8;Euronext;2026-08-04;BBG01HQWYYM6;IB26;ISHRS IBND DEC 26 CORP;ETP;GR;OK
IE000SM6I1K9;FAMETFMVJPNQETFP;JPMQJ;ETF;ETF Plus;EUR;IE;OUI;ESG ETF art. 8;Euronext;2026-08-04;BBG01J041ZS9;JPMQJ;FI AM MA JA QU TI SU UE-JEUR;ETP;IM;OK
IE000SN2VKB0;ISHETFWINGIMETFP;WNGA;ETF;ETF Plus;EUR;IE;OUI;-;Euronext;2026-08-04;BBG01XHG8S48;WNGA;ISHR FAL ANGL HI YLD CBD ETF;ETP;IM;OK
IE000SNCKVM9;INVETFSPXQUNETFP;SPQD;ETF;ETF Plus;EUR;IE;OUI;-;Euronext;2026-08-04;BBG01VNL1015;SPQD;IVZ S&P 500 QUAL ETF DIST;ETP;LN;OK
IE000SNLFDR7;ISHETFI38444ETFP;29GA;ETF;ETF Plus;EUR;IE;OUI;ESG ETF art. 8;Euronext;2026-08-04;BBG01PGYD1D0;29GA;ISR IB DEC 29 TERM AC ETF;ETP;IM;OK
IE000SNMGYT5;FirETFSPATIETFP;KNG;ETF;ETF Plus;EUR;IE;OUI;-;Euronext;2026-08-04;BBG01YGP7ZN1;KNGU;FT VST SP 500 DVD ARST UCITS;ETP;LN;OK
IE000SNWS0L0;ISHETFNU7223XAMS;SAAI;ETF;Euronext Amsterdam - Multi-currency Trading;USD;IE;OUI;ESG ETF art. 8;Euronext;2026-08-04;BBG01X1FMX77;SAAI;ISHARES MSCI ACWI SCRND ETF;ETP;NA;OK
IE000SOORXS0;VANActVCSHAETFP;VCSHA;ETF;ETF Plus | Euronext Amsterdam;EUR;IE;OUI;-;Euronext;2026-08-04;BBG01YRFXD97;VCAA;VANG EUR CASH ETF E A;ETP;GR;OK
IE000ST40PX8;L&GETFESPYIMETFP;ESPY;ETF;ETF Plus;EUR;IE;OUI;ESG ETF art. 8;Euronext;2026-08-04;BBG019BMK452;ESPY;L&G CYBER SECURITY INNOVATIO;ETP;LN;OK
IE000STIHQB2;FRAACTFLESAETFP;FLESA;ETF;ETF Plus;EUR;IE;OUI;ESG ETF art. 8;Euronext;2026-08-04;BBG01GDDJJJ8;FVSA;FRK EU SH MT UCITS ETF ACC;ETP;GR;OK
IE000STJ19F2;AXAETFNA100TETFP;ANAE;ETF;ETF Plus;EUR;IE;OUI;-;Euronext;2026-08-04;BBG01PR5KZT1;ANAE;BNP PARI EA IIN 100U ETF-EAH;ETP;IM;OK
IE000SU7USQ3;AXAETFHPAWIMETFP;AWDU;ETF;ETF Plus;EUR;IE;OUI;ESG ETF art. 8;Euronext;2026-08-04;BBG01NHBN6Z8;AWDU;BNP PARI EASY IIM WOR PU-USD;ETP;GR;OK
IE000SVXJH05;ISHETFNDX70UETFP;QNXT;ETF;ETF Plus | Euronext Amsterdam - Multi-currency Trading | Euronext Paris;EUR;IE;OUI;-;Euronext;2026-08-04;BBG01RXG34R6;QNXT;ISHRES NASDAQ 100 EX-T30 ETF;ETP;NA;OK
IE000SWSI2U4;UBSETFHE7227ETFP;USESGE;ETF;ETF Plus;EUR;IE;OUI;ESG ETF art. 8;Euronext;2026-08-04;BBG021JVTDN1;USESGE;UBS ETF MSCI USA SELECTION;ETP;IM;OK
IE000T369T05;BNPACTAJASHXPAR;AJASH;ETF;Euronext Paris;EUR;IE;OUI;ESG ETF art. 8;Euronext;2026-08-04;BBG01VWLGC04;AJASH;BNP PRIBS ESY ESG E JAPN ETF;ETP;FP;OK
IE000T8E6SX8;ISHETFIDCOT2XAMS;DTEH;ETF;Euronext Amsterdam;EUR;IE;OUI;-;Euronext;2026-08-04;BBG0216NBK65;DTEH;ISHARES USD TRES 20PLUS YR;ETP;NA;OK
IE000T8QD852;HANActCHPYETFP;CHPY;ETF;ETF Plus;EUR;IE;OUI;-;Euronext;2026-08-04;BBG0208VSFP9;YCHP;YIELDMAX SEMICOND INC ETF;ETP;GR;OK
IE000T9EOCL3;iS Wor ESG En Acc;EWSA;ETF;Euronext Amsterdam - Multi-currency Trading;USD;IE;OUI;ESG ETF art. 9;Euronext;2026-08-04;BBG013TDR3R7;EWSA;ISHARES MSCI WORLD SMALL CAP;ETP;NA;OK
IE000T9NSP89;ISHActUHEBXAMC;UHEB;ETF;Euronext Amsterdam - Multi-currency Trading;USD;IE;OUI;-;Euronext;2026-08-04;BBG01YTXH6Z0;UHEB;ISHARES HIGH YLD CORP BE ETF;ETP;NA;OK
IE000TAA0GK0;HANActNATYETFP;NATY;ETF;ETF Plus;EUR;IE;OUI;-;Euronext;2026-08-04;BBG01YC2NR01;NA7Y;YILDMX FTRE OF DOI UCITS ETF;ETP;GR;OK
IE000TAV7246;VANETF1EUAITETFP;VUDE;ETF;ETF Plus | Euronext Amsterdam;EUR;IE;OUI;-;Euronext;2026-08-04;BBG01XTY6LY0;VUDE;VANG US T 1-3 YR B ETF E H A;ETP;GR;OK
IE000TB15RC6;UBSETFIWDEIMETFP;WRDE;ETF;ETF Plus;EUR;IE;OUI;-;Euronext;2026-08-04;BBG01MG489S6;BCFI;UBS ETF W UCITS HEUR ACC;ETP;GR;OK
IE000TD32PU3;HANActRMBSETFP;RMBS;ETF;ETF Plus;EUR;IE;OUI;-;Euronext;2026-08-04;BBG01VK8S4R2;RMBS;REGAN TTL RTRN INC UCITS ETF;ETP;LN;OK
IE000TD3TI26;JPMActJAVAETFP;JAVA;ETF;ETF Plus;EUR;IE;OUI;ESG ETF art. 8;Euronext;2026-08-04;BBG01KPJ9Z99;JAVA;JPM US VALU EQ ACT UT E-US A;ETP;LN;OK
IE000TG1LGI4;UBSETFDESGIMETFP;WDESG;ETF;ETF Plus;EUR;IE;OUI;ESG ETF art. 8;Euronext;2026-08-04;BBG01PGFQG71;WDESG;UBS ETF MSCI WORLD SELECTION;ETP;SW;OK
IE000TGCBXG8;JPMActJLOCETFP;JLOC;ETF;ETF Plus;EUR;IE;OUI;ESG ETF art. 8;Euronext;2026-08-04;BBG01S7PH0D1;JLOC;JPM EM LOCAL BOND UCITS ETF;ETP;LN;OK
IE000TI21P14;INVETFPAEUIMETFP;PAEU;ETF;ETF Plus;EUR;IE;OUI;ESG ETF art. 8;Euronext;2026-08-04;BBG013Z7S5T5;PAES;1VZ MSCI EUROPE ESG PARIS A;ETP;LN;OK
IE000TIZ5AP4;FIRETFIEURIIETFP;FTEI;ETF;ETF Plus;EUR;IE;OUI;-;Euronext;2026-08-04;BBG01ZRH7S23;FTEI;FT IND EUROPE INFRASTRUCTURE;ETP;LN;OK
IE000TMJDGV1;FRAETFSPSVCNETFP;USTEL;ETF;ETF Plus;EUR;IE;OUI;-;Euronext;2026-08-04;BBG0226BTZ76;FTCS;FRNKLIN S&P 500 CS ETF - ACC;ETP;GR;OK
IE000TSML5I8;XTRETFXRSMIMETFP;XRME;ETF;ETF Plus;EUR;IE;OUI;ESG ETF art. 8;Euronext;2026-08-04;BBG0155W62C7;XRME;X MSCI USA SCRND 2C EUR;ETP;GR;OK
IE000TSRT9O5;FAMActFORTJETFP;FORTJ;ETF;ETF Plus;EUR;IE;OUI;-;Euronext;2026-08-04;BBG01THFJZ23;FORTJ;FINECO AMA COLL US UCITS ETF;ETP;IM;OK
IE000TSWWSM5;InvETFDJTOTETFP;EUROS;ETF;ETF Plus;EUR;IE;OUI;-;Euronext;2026-08-04;BBG023DGZB26;EUROS;FINECO AM AMD STX EU 600 ETF;ETP;IM;OK
IE000TT7HZ88;AXAETFHPAWIMETFP;AWDE;ETF;ETF Plus;EUR;IE;OUI;ESG ETF art. 8;Euronext;2026-08-04;BBG01Q1X0ZC6;AWDE;BNP PARI EASY II MSCI WOR PU;ETP;IM;OK
IE000TVZKNN6;ISHETFNU7476XAMC;WNEN;ETF;Euronext Amsterdam - Multi-currency Trading;USD;IE;OUI;ESG ETF art. 8;Euronext;2026-08-04;BBG01FTSS4X7;CBUZ;ISH MSCI WE SA UCITS ETF-USA;ETP;GR;OK
IE000TWAN2K7;JPMActJMAMETFP;JMAM;ETF;ETF Plus;EUR;IE;OUI;ESG ETF art. 8;Euronext;2026-08-04;BBG01YXWS1Z6;JMAM;JPM MODERATE UCITS ETF;ETP;IM;OK
IE000TZ4SIN6;INVActIQGAETFP;IQGA;ETF;ETF Plus;EUR;IE;OUI;-;Euronext;2026-08-04;BBG01TZKGJ49;IQGA;IVZ GL EN EQ UCIT ETF ACC;ETP;LN;OK
IE000TZT8TI0;XTRETFSIZEROETFP;XEMN;ETF;ETF Plus;EUR;IE;OUI;ESG ETF art. 8;Euronext;2026-08-04;BBG01B88QPM0;XEMN;X EM NET ZERO PAB 1C;ETP;GR;OK
IE000U07IGB1;INVActIQMAETFP;IQMA;ETF;ETF Plus;EUR;IE;OUI;-;Euronext;2026-08-04;BBG01XK40950;IQMA;IVZ EM ENHANCED ACC;ETP;IM;OK
IE000U1MQKJ2;ISH WLD QLT ESG US;IWQE;ETF;Euronext Amsterdam - Multi-currency Trading | ETF Plus;USD;IE;OUI;ESG ETF art. 8;Euronext;2026-08-04;BBG01FVJ4YB8;IWQE;ISHARES MSCI WORLD QUALITY F;ETP;NA;OK
IE000U58J0M1;Gbl Cln Enrgy US A;INRE;ETF;Euronext Paris | Euronext Amsterdam - Multi-currency Trading;EUR;IE;OUI;ESG ETF art. 9;Euronext;2026-08-04;BBG015D7LXR2;INRA;ISHAR GL CL EN TR UCI ETF-US;ETP;NA;OK
IE000U5MJOZ6;JPMActJEPIETFP;JEPI;ETF;ETF Plus;EUR;IE;OUI;-;Euronext;2026-08-04;BBG01Q2L6YT0;JEPI;JPM US EQ PREM ACT UCITS ETF;ETP;LN;OK
IE000U679IT9;HSBETFENGLIRXPAR;HINS;ETF;Euronext Paris;EUR;IE;OUI;-;Euronext;2026-08-04;BBG01J6BKGG1;HIND;HSBC FTSE EPRA DEV ISL USD A;ETP;LN;OK
IE000U6ABUJ7;FIRETFRBAAIRXAMS;AIRR;ETF;Euronext Amsterdam - Multi-currency Trading;USD;IE;OUI;-;Euronext;2026-08-04;BBG01VW46615;AIRR;FT RBA AMERICAN INDS RENAISS;ETP;NA;OK
IE000U6US1Q0;Glb Agg Bd ESG D;AGGE;ETF;Euronext Amsterdam - Multi-currency Trading;USD;IE;OUI;ESG ETF art. 8;Euronext;2026-08-04;BBG0127JM322;AGGE;ISHA GLO AGG BD ES SR UC-US;ETP;NA;OK
IE000U7LIXH5;INVActCLODETFP;CLOD;ETF;ETF Plus;EUR;IE;OUI;-;Euronext;2026-08-04;BBG01S66XW91;CLOD;IVZ EUR AAA CLO;ETP;GR;OK
IE000U882CN5;VANETFTRSXIMXAMS;VLDP;ETF;Euronext Amsterdam;EUR;IE;OUI;-;Euronext;2026-08-04;BBG01Y63HRW8;VLDP;VANG US T 7-10 YR B ETF U D;ETP;LN;OK
IE000U9J8HX9;JPMActJEPQETFP;JEPQ;ETF;ETF Plus;EUR;IE;OUI;-;Euronext;2026-08-04;BBG01Q0B4S55;JEPQ;JPM NQ EQ PREM ACT UCITS ETF;ETP;LN;OK
IE000U9ODG19;ISHETFSPDBADETFP;DFND;ETF;ETF Plus | Euronext Paris;EUR;IE;OUI;-;Euronext;2026-08-04;BBG01LC728B1;DFNDA;ISHARES GLOBAL AEROSPACE&DEF;ETP;S4;OK
IE000UCFZI88;ISH C GBP CB US H;SLXU;ETF;Euronext Amsterdam - Multi-currency Trading;USD;IE;OUI;-;Euronext;2026-08-04;BBG01FTSVFJ4;SLXU;ISHARES CORE GBP CORP;ETP;NA;OK
IE000UD0O069;PCR ICOW UCITS ETF;ICOW;ETF;Euronext Amsterdam - Multi-currency Trading;USD;IE;OUI;-;Euronext;2026-08-04;BBG01MRVK6V2;ICOW;PACER DEVELOPED MARKETS INTE;ETP;NA;OK
IE000UDFKE13;FIRETFIGFEMIETFP;MINR;ETF;ETF Plus;EUR;IE;OUI;-;Euronext;2026-08-04;BBG01L4Y14D9;METL;FT INX FUT ECO MTL UCITS ETF;ETP;LN;OK
IE000UDUSCI9;PIMActGOVBETFP;GOVB;ETF;ETF Plus;EUR;IE;OUI;ESG ETF art. 8;Euronext;2026-08-04;BBG01YXYSJH3;G0VB;PIMCO ADV GG BOND UCITS ETF;ETP;GR;OK
IE000UESO8H8;FAMActAVEREETFP;AVERE;ETF;ETF Plus;EUR;IE;OUI;-;Euronext;2026-08-04;BBG01VF3PFV2;AVERE;FIN AM ACT COL E M UCITS ETF;ETP;IM;OK
IE000UFAX9L6;GOLActGQWDETFP;GQWD;ETF;ETF Plus | Euronext Paris;EUR;IE;OUI;ESG ETF art. 8;Euronext;2026-08-04;BBG01TTLM459;GQWD;GOLDMAN GQWD EQ ACTIVE ETF;ETP;GR;OK
IE000UJSC3C9;ISHETFI39487ETFP;IX29;ETF;ETF Plus | Euronext Paris;EUR;IE;OUI;ESG ETF art. 8;Euronext;2026-08-04;BBG01XQ5C6M5;B29I;ISHAS IBO DEC 2029 T CC ETF;ETP;GR;OK
IE000UL6CLP7;GLOETFSILVIMETFP;SILV;ETF;ETF Plus;EUR;IE;OUI;-;Euronext;2026-08-04;BBG0171NNJ04;SILV;GLOBAL X SILVER MINERS UCITS;ETP;LN;OK
IE000UQND7H4;HSBETFMXWOETFP;HMWA;ETF;ETF Plus;EUR;IE;OUI;-;Euronext;2026-08-04;BBG018DXGWL3;HMWA;HSBC MSCI WLD ETF USD ACC;ETP;LN;OK
IE000US24HF4;VANETFRU1VN3ETFP;VRVA;ETF;ETF Plus | Euronext Amsterdam;EUR;IE;OUI;-;Euronext;2026-08-04;BBG023BDQXT8;VRVA;VANGUARD RUSSEL 1000 US VALU;ETP;LN;OK
IE000UWJUW87;HANActCATBETFP;CATB;ETF;ETF Plus;EUR;IE;OUI;-;Euronext;2026-08-04;BBG01YQ1G9Q8;C47B;KRC CAT BOND UCITS ETF;ETP;GR;OK
IE000UX5WPU4;XTRETFXDEPIMETFP;XYPL;ETF;ETF Plus;EUR;IE;OUI;-;Euronext;2026-08-04;BBG0183XHTX7;XYPL;X EUR CORP BND YIELD PLUS 1C;ETP;GR;OK
IE000UXDT343;VANETFTRSXIMETFP;VLDS;ETF;ETF Plus | Euronext Amsterdam;EUR;IE;OUI;-;Euronext;2026-08-04;BBG01Y63HTT8;VLDS;VANG US T 7-10 YR B ETF U A;ETP;LN;OK
IE000UXH6733;FAMActAGE50ETFP;AGE50;ETF;ETF Plus;EUR;IE;OUI;-;Euronext;2026-08-04;BBG01X08HVM7;AGE50;FINECO AM LONG 2050 ETF;ETP;IM;OK
IE000UXI85C0;HANActOBAAXPAR;OBAA;ETF;Euronext Paris;EUR;IE;OUI;-;Euronext;2026-08-04;BBG0238R3ZJ2;OBAA;ODDO BFH GL BA ALL UCITS ETF;ETP;FP;OK
IE000UY6XF65;ISHETFI38741ETFP;IG34;ETF;ETF Plus | Euronext Amsterdam;EUR;IE;OUI;ESG ETF art. 8;Euronext;2026-08-04;BBG01QJ5KWF0;IG34;ISHARES IBONDS D 2034 TC ETF;ETP;GR;OK
IE000UZCJS58;XTRETFXNZWIMETFP;XNZW;ETF;ETF Plus;EUR;IE;OUI;ESG ETF art. 8;Euronext;2026-08-04;BBG0155W61W7;XNZW;X WORLD NET ZERO PAB 1C;ETP;GR;OK
IE000UZIKD07;JPMACTJGSEETFP;JGSE;ETF;ETF Plus;EUR;IE;OUI;ESG ETF art. 9;Euronext;2026-08-04;BBG01H30YGW9;JGSE;JPM GL REI SRI PAB ACT ETF;ETP;GR;OK
IE000UZO4IC7;GOLActGEMEETFP;GEME;ETF;ETF Plus;EUR;IE;OUI;ESG ETF art. 8;Euronext;2026-08-04;BBG01YTQHHJ9;GAEB;GOLDMAN EM DEBT ACT ETF;ETP;GR;OK
IE000UZQCBX5;FAMActACTIOETFP;ACTIO;ETF;ETF Plus;EUR;IE;OUI;-;Euronext;2026-08-04;BBG01THDXPX0;ACTIO;FINECO AM ACTIVE COLL ETF;ETP;IM;OK
IE000UZZ5SU2;JPMActJGEHETFP;JGEH;ETF;ETF Plus;EUR;IE;OUI;ESG ETF art. 8;Euronext;2026-08-04;BBG01KRM4RM8;JPGH;JPM US GRO EQT ACT UTS E-EHA;ETP;GR;OK
IE000V0GDVU7;XTRETFS11CTCETFP;XG11;ETF;ETF Plus;EUR;IE;OUI;ESG ETF art. 8;Euronext;2026-08-04;BBG01BNN9LV8;XG11;X MSCI SDG 11 SUST CITIES 1C;ETP;GR;OK
IE000V0Q8BV4;HANActOBBAXPAR;OBBA;ETF;Euronext Paris;EUR;IE;OUI;-;Euronext;2026-08-04;BBG01Y8GVG82;ODBA;ODDO BFH GL BA ALL UCITS ETF;ETP;GR;OK
IE000V93BNU0;INVETFPAWDIMETFP;PAWD;ETF;ETF Plus;EUR;IE;OUI;ESG ETF art. 8;Euronext;2026-08-04;BBG013Z7NW84;PAWD;IVZ MSCI WORLD ESG PARIS ACC;ETP;LN;OK
IE000VA628D5;ISHETFSPXT2CETFP;SP20;ETF;ETF Plus | Euronext Amsterdam - Multi-currency Trading | Euronext Paris;EUR;IE;OUI;-;Euronext;2026-08-04;BBG01QNM2LR9;SP20;ISHARES S&P 500 TOP 20 ETF;ETP;NA;OK
IE000VAKCHT4;FAMETFMVCETTETFP;EMOVJ;ETF;ETF Plus;EUR;IE;OUI;ESG ETF art. 8;Euronext;2026-08-04;BBG01HZP23N3;EMOVJ;FIN AM MVTM GB CL EN TR ST-J;ETP;IM;OK
IE000VAZZYM3;JPMActHELOETFP;HELO;ETF;ETF Plus;EUR;IE;OUI;-;Euronext;2026-08-04;BBG01WX2PDQ3;HELO;JPM US HELO UCITS ETF;ETP;LN;OK
IE000VCBWFL8;XTRETFNE7533ETFP;XZDZ;ETF;ETF Plus;EUR;IE;OUI;ESG ETF art. 8;Euronext;2026-08-04;BBG01J1D1S77;XZDZ;X MSCI EMU HIGH DIV ESG 1D;ETP;GR;OK
IE000VCYXLY9;WISETFWTINDUETFP;EPI;ETF;ETF Plus;EUR;IE;OUI;-;Euronext;2026-08-04;BBG020JF1449;EPI;WISDOMTREE INDIA EARNING ETF;ETP;LN;OK
IE000VDH1PG3;WISETFWTSPCUETFP;WSPC;ETF;ETF Plus | Euronext Paris;EUR;IE;OUI;-;Euronext;2026-08-04;BBG022QPZBW1;WSPC;WISDOMTREE SPACE ECONOMY ETF;ETP;LN;OK
IE000VDP6OY8;FAMETFMMWFIMETFP;FAMMWF;ETF;ETF Plus;EUR;IE;OUI;ESG ETF art. 8;Euronext;2026-08-04;BBG0195Z6WF3;FAMMWF;FINECO AM MSCI WORLD FINANCI;ETP;IM;OK
IE000VG2WCW5;ROBActRDYNETFP;RDYN;ETF;ETF Plus;EUR;IE;OUI;ESG ETF art. 8;Euronext;2026-08-04;BBG01PYJVYC2;RDYN;ROBECO DYN THEME MACH ACC;ETP;GR;OK
IE000VH3JSL8;VANETFAWNT07XAMS;VEZI;ETF;Euronext Amsterdam;EUR;IE;OUI;-;Euronext;2026-08-04;BBG02267CYP6;VEXD;VANGUARD FTSE ERZNE ETF - ED;ETP;GR;OK
IE000VMQ8IH9;ISHETFSBG7UXAMC;SGLH;ETF;Euronext Amsterdam - Multi-currency Trading;USD;IE;OUI;-;Euronext;2026-08-04;BBG01YKHV009;SGLH;ISHRS GBL GB UCITS ETF;ETP;NA;OK
IE000VU9AUN9;SSGActECLOETFP;ECLO;ETF;ETF Plus;EUR;IE;OUI;-;Euronext;2026-08-04;BBG01WT2Y3M4;SPPC;SS BX EUR AAA CLO ETF;ETP;GR;OK
IE000VVBM1F6;ISHETFI38733XAMS;34ID;ETF;Euronext Amsterdam - Multi-currency Trading;USD;IE;OUI;-;Euronext;2026-08-04;BBG01QJ3X891;34ID;ISHARES IBND D 2034 T C ETF;ETP;NA;OK
IE000VVC8KW9;INVETFIBXXCAETFP;EAT1;ETF;ETF Plus;EUR;IE;OUI;ESG ETF art. 8;Euronext;2026-08-04;BBG01ZJ54VR7;ATE1;IVZ EUR AT1 COCO BOND DIST;ETP;GR;OK
IE000VXC51U5;XTRETFXMAWIMETFP;XMAE;ETF;ETF Plus;EUR;IE;OUI;ESG ETF art. 8;Euronext;2026-08-04;BBG017V1CS92;XMAE;X MSCI ACWI SCRND 2C EUR;ETP;GR;OK
IE000VYO9NT0;FAMETFMMAIIMETFP;FAMMAI;ETF;ETF Plus;EUR;IE;OUI;-;Euronext;2026-08-04;BBG0195Z6M65;FAMMAI;FAM ACWI IMI CS UCITS ETF;ETP;IM;OK
IE000VZ8BBU9;VANETFUS37IMETFP;VITS;ETF;ETF Plus | Euronext Amsterdam;EUR;IE;OUI;-;Euronext;2026-08-04;BBG01Y63KYH6;VITS;VANG US T 3-7 YR B ETF U A;ETP;LN;OK
IE000VZO6W35;FAMETFSOEST1ETFP;MONEJ;ETF;ETF Plus;EUR;IE;OUI;-;Euronext;2026-08-04;BBG01WMFZ6G1;MONEJ;FINECO AM ESTR PLS UCITS ETF;ETP;IM;OK
IE000W1AURU9;iSh $ Hyld CBd Dst;HYDP;ETF;Euronext Amsterdam - Multi-currency Trading;USD;IE;OUI;ESG ETF art. 8;Euronext;2026-08-04;BBG01K9FK1N1;HYDP;ISHARES USD HYLD CRPBND ESG;ETP;NA;OK
IE000W1S2PT6;HANETFIDGPINETFP;PHOT;ETF;ETF Plus;EUR;IE;OUI;-;Euronext;2026-08-04;BBG023DZLVQ9;PHOT;DEFIANCE PHOTONICS ETF;ETP;LN;OK
IE000W1W8IY2;BLUETFUST100XAMC;BSTC;ETF;Euronext Amsterdam - Multi-currency Trading;CZK;IE;OUI;-;Euronext;2026-08-04;BBG0236TML00;BSTC;BLUESPHERE US TECH ETF - CZK;ETP;NA;OK
IE000W24OG76;FIDActFBIUETFP;FBIU;ETF;ETF Plus;EUR;IE;OUI;ESG ETF art. 8;Euronext;2026-08-04;BBG01ZT1RHX4;FBIU;FIL USD CB RE ETF ACC;ETP;GR;OK
IE000W6YTDH7;INVETFI38678ETFP;BE30;ETF;ETF Plus;EUR;IE;OUI;ESG ETF art. 8;Euronext;2026-08-04;BBG01N5GV3V2;BD30;IVZ BULLETSHARES 2030 EUR D;ETP;GR;OK
IE000W6ZFH20;FAMETFMSF3IMETFP;FAMSF3;ETF;ETF Plus;EUR;IE;OUI;ESG ETF art. 8;Euronext;2026-08-04;BBG0195Z5WY3;FAMSF3;FAM MS EU IS P-S X FF 1-3Y-A;ETP;IM;OK
IE000W7N50J7;PACETFCALFNTXAMS;CALF;ETF;Euronext Amsterdam - Multi-currency Trading;USD;IE;OUI;-;Euronext;2026-08-04;BBG01THDJK12;CALF;PACER US SMALL 100 UCITS ETF;ETP;NA;OK
IE000W85O7M4;JPMActJUIEETFP;JUIE;ETF;ETF Plus;EUR;IE;OUI;ESG ETF art. 8;Euronext;2026-08-04;BBG01Q095R88;JUIE;JPM US REI EQ ACTIVE ETF;ETP;GR;OK
IE000W8HP9L8;BNPETFMSCIWMETFP;WEMT2;ETF;ETF Plus | Euronext Paris;EUR;IE;OUI;ESG ETF art. 8;Euronext;2026-08-04;BBG01JMHWKD1;WEMT2;BNP EASY MSCI WORLD ESG;ETP;FP;OK
IE000W8RYVC0;iSh Ex-Chn US Dist;EXCD;ETF;Euronext Amsterdam - Multi-currency Trading;USD;IE;OUI;-;Euronext;2026-08-04;BBG01MPB48W1;EXCD;iShs MSCI EM ex-Ch UCITS ETF;ETP;NA;OK
IE000W8WMSL2;WISETFWTQTNMETFP;WQTM;ETF;ETF Plus | Euronext Paris;EUR;IE;OUI;-;Euronext;2026-08-04;BBG01WYM8619;WQTM;WISDOMTREE QUANTUM COMP ETF;ETP;LN;OK
IE000W95TAE6;JP ETFJPCEIMETFP;JPCE;ETF;ETF Plus;EUR;IE;OUI;ESG ETF art. 9;Euronext;2026-08-04;BBG0146VY2M9;JPCE;JPM CARBON TR GLEQ UCITS EHA;ETP;GR;OK
IE000WA6L436;iBds D26 Term E Ac;B26A;ETF;Euronext Paris | ETF Plus;EUR;IE;OUI;ESG ETF art. 8;Euronext;2026-08-04;BBG01J3FNG45;CEBE;ISHRS IBND DEC26 CORP-EURACC;ETP;IM;OK
IE000WCPJOV4;FAMETFMVMETVETFP;METAA;ETF;ETF Plus;EUR;IE;OUI;ESG ETF art. 8;Euronext;2026-08-04;BBG01HZH79H0;METAA;FINECO AM MARKETVECTORTM GLO;ETP;IM;OK
IE000WDG5795;ISH Lth Btt US ACC;LITM;ETF;Euronext Amsterdam - Multi-currency Trading | ETF Plus;USD;IE;OUI;-;Euronext;2026-08-04;BBG01JRW2GT8;LITM;ISHARES LTH&BATTERY PROD ETF;ETP;NA;OK
IE000WFBC0W4;SSGETFR2NHEUXPAR;R2EH;ETF;Euronext Paris;EUR;IE;OUI;-;Euronext;2026-08-04;BBG02289Q2Z4;R2EH;SS SPDR RUSSELL 2000 US SMAL;ETP;FP;OK
IE000WHL2ZK1;ISH US EQ HINC DIS;INCU;ETF;Euronext Amsterdam - Multi-currency Trading;USD;IE;OUI;ESG ETF art. 8;Euronext;2026-08-04;BBG01M2MVKH2;INCU;ISHARES U.S. EQUITY HIGH INC;ETP;NA;OK
IE000WMJVNE9;FAMETFMLSSIMETFP;FAMLSS;ETF;ETF Plus;EUR;IE;OUI;ESG ETF art. 8;Euronext;2026-08-04;BBG0195Z6DP4;FAMLSS;FI AM MS UI LS PS CB UE-AEUR;ETP;IM;OK
IE000WOBV8X1;HANActUGOVETFP;UGOV;ETF;ETF Plus;EUR;IE;OUI;-;Euronext;2026-08-04;BBG01XRX88X2;UGOV;JUPITER GLOBAL GOVT BA ETF;ETP;GR;OK
IE000WQ5O293;BNP ACWI SRI ETF;PAACU;ETF;Euronext Paris - Multi-currency Trading;USD;IE;OUI;ESG ETF art. 8;Euronext;2026-08-04;BBG01M4W9CP2;PAACU;BNP PAR EA MS ACW MIN TE-UUA;ETP;FP;OK
IE000WRQ9RR1;GLOETFMAEUSHETFP;EDEF;ETF;ETF Plus;EUR;IE;OUI;-;Euronext;2026-08-04;BBG01TYJHRP1;EDEF;GX EUROPE F DEFENCE TECH ETF;ETP;LN;OK
IE000WUTBLT5;HANETFMVDAIPETFP;AIPO;ETF;ETF Plus;EUR;IE;OUI;-;Euronext;2026-08-04;BBG0217CW3T8;A1P0;DEFIANCE AI & POWER INF ETF;ETP;GR;OK
IE000WX7BVB0;JPMActJEGAETFP;JEGA;ETF;ETF Plus;EUR;IE;OUI;-;Euronext;2026-08-04;BBG01JPQ5890;JEGA;JPM GB EQ PRE INC ACT UE-U A;ETP;LN;OK
IE000WXLHR76;TABETFSOLES0ETFP;TUCP;ETF;ETF Plus;EUR;IE;OUI;ESG ETF art. 9;Euronext;2026-08-04;BBG01J6KFF15;TUCP;JH ULTRASHORT PAB EUR A;ETP;GR;OK
IE000WYTQSF9;HANETFINQQETETFP;INQQ;ETF;ETF Plus;EUR;IE;OUI;ESG ETF art. 8;Euronext;2026-08-04;BBG01JVJWFG5;INQQ;INQQ IND INTERNET UCITS ETF;ETP;LN;OK
IE000WYX67F4;Core EU CoBd US Hd;IUAC;ETF;Euronext Amsterdam - Multi-currency Trading;USD;IE;OUI;ESG ETF art. 8;Euronext;2026-08-04;BBG01J9QDCQ1;IUAC;ISHARES CORE EUR CRP USD-H D;ETP;NA;OK
IE000X1GW0A7;XTRETFM1WOIMETFP;WIMI;ETF;ETF Plus;EUR;IE;OUI;-;Euronext;2026-08-04;BBG021CKK6Z3;WIMI;XTRACKERS MSCI WORLD IMI ETF;ETP;GR;OK
IE000X3D1YS5;PicActPQWHETFP;PQWH;ETF;ETF Plus;EUR;IE;OUI;ESG ETF art. 8;Euronext;2026-08-04;BBG023125DC8;PHWD;PICTET AI ENH WRLD EQ ETF;ETP;GR;OK
IE000X4A4GV2;XTRActXTAXETFP;XTAX;ETF;ETF Plus;EUR;IE;OUI;-;Euronext;2026-08-04;BBG020ZDGP52;XTAX;XTRKR GLBL EQT TP ACTV ETF;ETP;GR;OK
IE000X59ZHE2;ISHETFSTXAINETFP;AINF;ETF;ETF Plus | Euronext Amsterdam - Multi-currency Trading | Euronext Paris;EUR;IE;OUI;ESG ETF art. 8;Euronext;2026-08-04;BBG01R3WY0D3;AIFS;ISHRS AI INFRASTRC UCITS ETF;ETP;GR;OK
IE000X5OD4M3;HANActPTAMETFP;PTAM;ETF;ETF Plus;EUR;IE;OUI;-;Euronext;2026-08-04;BBG01PQF5X49;PTAM;PERF TRUST TR BOND UCITS ETF;ETP;GR;OK
IE000X7DRW38;WISETFWTGXUDETFP;XUSA;ETF;ETF Plus | Euronext Paris;EUR;IE;OUI;ESG ETF art. 8;Euronext;2026-08-04;BBG01XBG5Q05;XUSA;WT GLB EX-USA QLTY DIV GRWTH;ETP;LN;OK
IE000X9FTI22;HSBC MSCI WLD IS;HIWS;ETF;Euronext Paris;EUR;IE;OUI;ESG ETF art. 8;Euronext;2026-08-04;BBG01B9JLKX9;HIWO;HSBC MSCI WD ISLAMIC SCD ETF;ETP;LN;OK
IE000X9TLGN8;WISETFWTREIMETFP;WNER;ETF;ETF Plus;EUR;IE;OUI;ESG ETF art. 8;Euronext;2026-08-04;BBG0155867S2;WNER;WTRE UCITS ETF - USD;ETP;LN;OK
IE000XAGSCY5;GLOETFBKCHIMETFP;BKCH;ETF;ETF Plus;EUR;IE;OUI;-;Euronext;2026-08-04;BBG014L6H9X9;BKCH;GLOB X BLOCKCHAIN UCITS ETF;ETP;LN;OK
IE000XD7KCJ7;GLOETFRAYZIMETFP;RAYZ;ETF;ETF Plus;EUR;IE;OUI;ESG ETF art. 8;Euronext;2026-08-04;BBG01540L188;RAYZ;GX SOLAR UCITS;ETP;LN;OK
IE000XE5BZ07;INVActESTDETFP;ESTD;ETF;ETF Plus;EUR;IE;OUI;ESG ETF art. 8;Euronext;2026-08-04;BBG022CJ37T8;ESTD;INVESCO EUR IG CRP BD SD ETF;ETP;GR;OK
IE000XERHYF0;ROBAct3DUSETFP;3DUS;ETF;ETF Plus;EUR;IE;OUI;ESG ETF art. 8;Euronext;2026-08-04;BBG01PZS3GK2;3DUS;ROBECO 3D US EQUITY ACC;ETP;GR;OK
IE000XF8EOQ6;HORActINFUAXAMS;INFUA;ETF;Euronext Amsterdam - Multi-currency Trading;USD;IE;OUI;-;Euronext;2026-08-04;BBG01Y3D6RR7;INFUA;HKUCITSETF USD ACC;ETP;NA;OK
IE000XFCOS45;EU CBd 1-5 US H Ac;IE1U;ETF;Euronext Amsterdam - Multi-currency Trading;USD;IE;OUI;ESG ETF art. 8;Euronext;2026-08-04;BBG01J9QN638;IE1U;ISHARES EUR CORP 1-5Y;ETP;NA;OK
IE000XFUFRR4;PicActPQEUETFP;PQEU;ETF;ETF Plus;EUR;IE;OUI;ESG ETF art. 8;Euronext;2026-08-04;BBG02316S6C9;PQEU;PICTET AI ENHANCED EURO EQ;ETP;GR;OK
IE000XFXBGR0;UBSETFCSUSIMETFP;USSMC;ETF;ETF Plus;EUR;IE;OUI;ESG ETF art. 8;Euronext;2026-08-04;BBG01PGFQ9M0;USSMC;UBS ETF MSCI USA SC SEL USD;ETP;SW;OK
IE000XG0ZRI7;INVETFYHIGWHETFP;GBHE;ETF;ETF Plus;EUR;IE;OUI;ESG ETF art. 8;Euronext;2026-08-04;BBG01G2GVPD1;GB1E;IN GL HI YI CO BD ESG CTR-EH;ETP;GR;OK
IE000XGNMWE1;HSBETFHAGGIMETFP;HAGG;ETF;ETF Plus;EUR;IE;OUI;ESG ETF art. 8;Euronext;2026-08-04;BBG014HSZDF7;HAGG;HSBC BBG G ESG AG 1-3 BD ETF;ETP;LN;OK
IE000XHZP7D3;WISETFWTAGIUETFP;WAGI;ETF;ETF Plus;EUR;IE;OUI;-;Euronext;2026-08-04;BBG022THB056;WAGI;WISDOMTREE AI INFRASTRUCTURE;ETP;LN;OK
IE000XIBT2R7;INVACTLVLEETFP;LVLE;ETF;ETF Plus;EUR;IE;OUI;ESG ETF art. 8;Euronext;2026-08-04;BBG018R6K9T5;LVLE;INV GL AC DE ES E UE-EUR PFH;ETP;GR;OK
IE000XJA2OU4;FRAActUSMIDETFP;USMID;ETF;ETF Plus | Euronext Paris;EUR;IE;OUI;-;Euronext;2026-08-04;BBG01Y5Q0QJ3;CBSM;FRANKLIN CLEARBR US SMLL ETF;ETP;GR;OK
IE000XL4IXU1;AMUETFMXUSEMETFP;XMGA;ETF;ETF Plus;EUR;IE;OUI;-;Euronext;2026-08-04;BBG01QK6Y5P9;XMGU;AM MSCI US EX MGA CAP ETF C;ETP;GR;OK
IE000XNILW20;WISETFSOLWTGETFP;WSDG;ETF;ETF Plus;EUR;IE;OUI;ESG ETF art. 9;Euronext;2026-08-04;BBG01N63T4Q7;WSDG;WT GLOBAL SUSTAINABLE EQUITY;ETP;LN;OK
IE000XOQ9TK4;XTRETFXNGIIMETFP;XNGI;ETF;ETF Plus;EUR;IE;OUI;ESG ETF art. 8;Euronext;2026-08-04;BBG018MT2H03;XNGI;X MSCI NG INTERNET INNO 1C;ETP;GR;OK
IE000XOS4OJ6;INVETFI38680ETFP;BE27;ETF;ETF Plus;EUR;IE;OUI;ESG ETF art. 8;Euronext;2026-08-04;BBG01N4ZPKK2;BE27;IVZ BULLETSHARES 2027 EUR D;ETP;GR;OK
IE000XRBP9E3;ISHETFIBGLIMXAMS;IGBY;ETF;Euronext Amsterdam;EUR;IE;OUI;-;Euronext;2026-08-04;BBG01SWK56R9;IGBY;ISHR EUR GOVT 15-30YR AC;ETP;NA;OK
IE000XU8HDM2;ISHETFLUICTRXAMS;IDCB;ETF;Euronext Amsterdam - Multi-currency Trading;USD;IE;OUI;-;Euronext;2026-08-04;BBG01SWNWTZ4;IDCB;ISHR INTRMD CREDIT BND AC;ETP;NA;OK
IE000XZSV718;SPDR S&P 500 UCITS;SPYL;ETF;Euronext Amsterdam | ETF Plus;EUR;IE;OUI;-;Euronext;2026-08-04;BBG01JRJ1852;SPYL;SS SPDR S&P 500 UCIT ETF ACC;ETP;GR;OK
IE000Y1595P8;ISHActMAXDETFP;MAXD;ETF;ETF Plus | Euronext Amsterdam - Multi-currency Trading;EUR;IE;OUI;-;Euronext;2026-08-04;BBG01Z7V1G71;MAXD;ISHARES US LA CM BUF DEC ETF;ETP;NA;OK
IE000Y247W99;iSh iBd Dc29 $ Dst;29ID;ETF;Euronext Amsterdam - Multi-currency Trading | Euronext Paris;USD;IE;OUI;ESG ETF art. 8;Euronext;2026-08-04;BBG01MP9ZTQ3;29ID;ISRS IBND DEC 2029 TERM ETF;ETP;NA;OK
IE000Y2BJVK9;ISHETFI38443ETFP;30IA;ETF;ETF Plus;EUR;IE;OUI;ESG ETF art. 8;Euronext;2026-08-04;BBG01PGYLJN1;30IA;ISHS IB DEC 2030 TER ACC ETF;ETP;IM;OK
IE000Y2JPPS4;INVActCLOAETFP;CLOA;ETF;ETF Plus;EUR;IE;OUI;-;Euronext;2026-08-04;BBG01S66XX08;CLOA;IVZ EUR CLO UCITS ETF ACC;ETP;GR;OK
IE000Y3FZEN4;JanActJGBLETFP;JGBL;ETF;ETF Plus;EUR;IE;OUI;ESG ETF art. 8;Euronext;2026-08-04;BBG01XV33YK5;JGBL;JH GBL RES-ENG EAC ETF;ETP;LN;OK
IE000Y3ON470;ISHActECLUXAMS;ECLU;ETF;Euronext Amsterdam;EUR;IE;OUI;-;Euronext;2026-08-04;BBG021YX4028;ECLU;ISHARES EUR AAA CLO ACT ETF;ETP;NA;OK
IE000Y50XF14;NICHEJUNGLE JAPAN;NJJAP;OPCVM;ATFund Instruments;EUR;IE;OUI;;Euronext;2026-08-04;BBG019CG0PQ6;NIJUJPQ;NICHEJUNG JAP ORP COMP-Q EUR;Open-End Fund;ID;OK
IE000Y6L6LE6;XTRETFXNZEIMETFP;XNZE;ETF;ETF Plus;EUR;IE;OUI;ESG ETF art. 8;Euronext;2026-08-04;BBG0155W61D8;XNZE;X EMU NET ZERO PAB 1C;ETP;GR;OK
IE000Y6ZXZ48;XTRETFS12RCPETFP;XG12;ETF;ETF Plus;EUR;IE;OUI;ESG ETF art. 8;Euronext;2026-08-04;BBG01BPD70X4;XG12;X MSCI CIRC ECON 1C;ETP;GR;OK
IE000Y77LGG9;Am Wrld Cli Net 0;WSRI;ETF;Euronext Paris | Euronext Amsterdam - Multi-currency Trading | ETF Plus;EUR;IE;OUI;ESG ETF art. 8;Euronext;2026-08-04;BBG01L00H805;XAM0;AMUNDI MSCI WORLD SRI PA;ETP;GR;OK
IE000Y7V5EW2;ISHETFSP500XAMS;CSPEH;ETF;Euronext Amsterdam;EUR;IE;OUI;-;Euronext;2026-08-04;BBG020C44J36;CSPEH;ISHARES CORE S&P 500;ETP;NA;OK
IE000Y83YZ44;WISETFWTGQGRETFP;WGRO;ETF;ETF Plus;EUR;IE;OUI;-;Euronext;2026-08-04;BBG01SD090K0;WGRO;WT GLOBAL QUALITY GROWTH;ETP;LN;OK
IE000Y9XFN19;ISHETFI38443XAMS;DI35;ETF;Euronext Amsterdam - Multi-currency Trading | Euronext Paris;USD;IE;OUI;ESG ETF art. 8;Euronext;2026-08-04;BBG01XQ733P5;DI35;ISHARES IBON DEC 2035 TC ETF;ETP;NA;OK
IE000YARBD10;BNPActAJASEETFP;AJASE;ETF;ETF Plus | Euronext Paris;EUR;IE;OUI;ESG ETF art. 8;Euronext;2026-08-04;BBG01NX4JL24;AJASE;BNP EASY JAPAN ESG ENH;ETP;FP;OK
IE000YASIPS3;AXAETFHPAEIMETFP;AIME;ETF;ETF Plus;EUR;IE;OUI;ESG ETF art. 8;Euronext;2026-08-04;BBG01KX4RXD3;AIME;BNP PAR EA II MS EUR PUC-EEA;ETP;GR;OK
IE000YC7FPB6;BLUETFFGLOIMXAMC;BSWC;ETF;Euronext Amsterdam - Multi-currency Trading;CZK;IE;OUI;-;Euronext;2026-08-04;BBG021GJ3WC9;BSWC;BLUESPHERE WORLD EQUITY ETF;ETP;NA;OK
IE000YDOORK7;XTRETFXFNTIMETFP;XFNT;ETF;ETF Plus;EUR;IE;OUI;ESG ETF art. 8;Euronext;2026-08-04;BBG018MT8D79;XFNT;X MSCI FINTECH INNOVATION 1C;ETP;GR;OK
IE000YDZG487;HSBETFHNSCIMETFP;HNSC;ETF;ETF Plus;EUR;IE;OUI;-;Euronext;2026-08-04;BBG014JBHML5;HNSC;HSBC NASDAQ GLOBAL SEMICONDU;ETP;LN;OK
IE000YELA4E3;LG ETFSPOEXEETFP;SP1E;ETF;ETF Plus;EUR;IE;OUI;-;Euronext;2026-08-04;BBG01VQYLWG6;SP1E;L&G S&P 100 EQUAL WEIGHT ETF;ETP;LN;OK
IE000YG82CF0;ISHETF756292XAMS;UCTD;ETF;Euronext Amsterdam - Multi-currency Trading;USD;IE;OUI;ESG ETF art. 8;Euronext;2026-08-04;BBG01N4CLDX9;UCTD;ISHARES MSCI USA CL TR A ETF;ETP;NA;OK
IE000YGEAK03;WISETFWTQGRWETFP;QGRW;ETF;ETF Plus;EUR;IE;OUI;ESG ETF art. 8;Euronext;2026-08-04;BBG01MFQH631;QGRW;WISDOMTREE US QUALITY GROWTH;ETP;LN;OK
IE000YIQZ0H6;FIRETFBAISNETFP;FTAI;ETF;ETF Plus;EUR;IE;OUI;ESG ETF art. 8;Euronext;2026-08-04;BBG01VW3RJN2;FTAI;FT B ARTIFICIAL INTELLIGENCE;ETP;LN;OK
IE000YIXESS9;ISHETFSPXCW3XAMS;SP3C;ETF;Euronext Amsterdam - Multi-currency Trading;USD;IE;OUI;-;Euronext;2026-08-04;BBG01TCHMZR3;SP3C;ISHARES SP 500 3% CAPPED ETF;ETP;NA;OK
IE000YK1TO74;JPMACTJYEHETFP;JYEH;ETF;ETF Plus;EUR;IE;OUI;-;Euronext;2026-08-04;BBG0172KQDZ1;JYEH;JPM GL HIYLD COR BD ACT ETF;ETP;GR;OK
IE000YKHGYN2;XTRETFNQGETSETFP;AWEX;ETF;ETF Plus;EUR;IE;OUI;-;Euronext;2026-08-04;BBG021CKT452;AWEX;XTRAC FTSE ALL-WOR EX US ETF;ETP;GR;OK
IE000YMQ2SC9;LG ETFJPEIGKETFP;XBHE;ETF;ETF Plus;EUR;IE;OUI;ESG ETF art. 8;Euronext;2026-08-04;BBG01Q0S4RZ7;XBHE;L&G CBXB EURH UCITS ETF;ETP;GR;OK
IE000YNE6S57;ISHETF756290XAMS;WCTD;ETF;Euronext Amsterdam - Multi-currency Trading;USD;IE;OUI;ESG ETF art. 8;Euronext;2026-08-04;BBG01N4CRZL7;WCTD;ISHARE MSCI WRLD CL TR A ETF;ETP;NA;OK
IE000YNVI4W4;INVActIQEAETFP;IQEA;ETF;ETF Plus;EUR;IE;OUI;ESG ETF art. 8;Euronext;2026-08-04;BBG01X71W7F9;IQEA;INVESCO EUROPE ENHAN EQ ETF;ETP;IM;OK
IE000YPOHA39;INVETFSOESTRETFP;EONS;ETF;ETF Plus;EUR;IE;OUI;-;Euronext;2026-08-04;BBG01Y3C0Q15;RONS;INVESCO EUR OVERNIGHT RS ETF;ETP;GR;OK
IE000YR7N5U8;HANActOBUSXPAR;OBUS;ETF;Euronext Paris;EUR;IE;OUI;ESG ETF art. 8;Euronext;2026-08-04;BBG01Y8GCSR6;ODUS;ODDO BFH US EQUI UCITS ETF;ETP;GR;OK
IE000YS5XL05;GLOETFMATOCNETFP;TKNX;ETF;ETF Plus;EUR;IE;OUI;-;Euronext;2026-08-04;BBG021759337;TKNX;GBL X STB & TOK UCITS ETF;ETP;LN;OK
IE000YSUEJ32;LG ETFTIGRIMETFP;TIGA;ETF;ETF Plus;EUR;IE;OUI;-;Euronext;2026-08-04;BBG01JG2WSX2;TIGA;L&G INDIA INR BOND ACC ETF;ETP;IM;OK
IE000YU9K6K2;VANETFJEDIIMETFP;JEDI;ETF;ETF Plus | Euronext Paris;EUR;IE;OUI;ESG ETF art. 8;Euronext;2026-08-04;BBG018KHVN88;JEDI;VANECK SPACE INNOVATORS ETF;ETP;LN;OK
IE000YUTMIU2;FIDETFFGEUIMETFP;FGEA;ETF;ETF Plus;EUR;IE;OUI;ESG ETF art. 8;Euronext;2026-08-04;BBG01PXMSZD6;FGEA;FIDELITY GBL QUAL INCOME-ACC;ETP;GR;OK
IE000YXUZAN8;FAMETFMVBIOPETFP;BTECJ;ETF;ETF Plus;EUR;IE;OUI;ESG ETF art. 8;Euronext;2026-08-04;BBG01HZNKTW1;BTECJ;FIN AM MVTM BIOP TL SST-JEUR;ETP;IM;OK
IE000YYE6WK5;VANETFMVKGDFETFP;DFNS;ETF;ETF Plus | Euronext Paris;EUR;IE;OUI;-;Euronext;2026-08-04;BBG01G0CY1X0;DFNS;VANECK DEFENSE ETF;ETP;LN;OK
IE000YYVSM16;VANETFMVELECETFP;PIKA;ETF;ETF Plus;EUR;IE;OUI;-;Euronext;2026-08-04;BBG022NLSGY8;PIKA;VANECK ELCT & PWR INFR ETF A;ETP;LN;OK
IE000YZIVX22;FRAETFTHEMIMETFP;CATHEM;ETF;ETF Plus;EUR;IE;OUI;ESG ETF art. 8;Euronext;2026-08-04;BBG017G69BZ0;FLCV;FRNKLIN EM SOV DB VAL UC ETF;ETP;GR;OK
IE000Z1PCR88;ISHETFNU7620XAMS;WEQW;ETF;Euronext Amsterdam - Multi-currency Trading;USD;IE;OUI;-;Euronext;2026-08-04;BBG01X1FZ8G8;WEQW;ISHRS MSCI WS CNEW UCITS ETF;ETP;NA;OK
IE000Z3S26J2;ISHETFSP500ETFP;CEB7;ETF;ETF Plus;EUR;IE;OUI;-;Euronext;2026-08-04;BBG01Q07T5J2;CEB7;ISHARES S&P500 SWAP EURH;ETP;GR;OK
IE000Z4OBQK4;FRAETFMSUDESETFP;USDIV;ETF;ETF Plus | Euronext Paris;EUR;IE;OUI;-;Euronext;2026-08-04;BBG01RPW6H07;UDVD;FRK US DIV TILT UCITS ETF;ETP;GR;OK
IE000Z4OYPZ6;HSBCMSCICNAUSDACC;HCAS;ETF;Euronext Paris;EUR;IE;OUI;-;Euronext;2026-08-04;BBG018N4GV65;HCAA;HSBC MSCI CN A ETF USD ACC;ETP;LN;OK
IE000Z5YU8X3;ISHActTENDETFP;TEND;ETF;ETF Plus | Euronext Amsterdam - Multi-currency Trading;EUR;IE;OUI;-;Euronext;2026-08-04;BBG01Z7WJYC5;TEND;ISHRS US LG CP MT BF D ETF;ETP;NA;OK
IE000Z6C4D62;INVActEUTDETFP;EUTD;ETF;ETF Plus;EUR;IE;OUI;ESG ETF art. 8;Euronext;2026-08-04;BBG0228Y88T3;EUTD;IVZ EUR IG CORP BD ACTIVE D;ETP;GR;OK
IE000Z7ELYY2;HK INFBN ETF;INFBN;ETF;Euronext Amsterdam - Multi-currency Trading;USD;IE;OUI;-;Euronext;2026-08-04;BBG01G0CQXM1;INFBN;HORIZN KINET F-CYCLE UCI-ETF;ETP;NA;OK
IE000Z7P04F4;ISHETFNDX30UETFP;QTOP;ETF;ETF Plus | Euronext Amsterdam - Multi-currency Trading | Euronext Paris;EUR;IE;OUI;-;Euronext;2026-08-04;BBG01RXFQC59;QTOP;ISHARES NASDAQ 100 T 30 ETF;ETP;NA;OK
IE000Z9SJA06;XTRETFSP500ETFP;XDPU;ETF;ETF Plus;EUR;IE;OUI;-;Euronext;2026-08-04;BBG017T9WW24;XDPU;X S&P 500 4C;ETP;GR;OK
IE000ZAJ6XQ2;JPMActJRINETFP;JRIN;ETF;ETF Plus;EUR;IE;OUI;ESG ETF art. 8;Euronext;2026-08-04;BBG01VKY8TG4;JRIN;JPMOG  IND R E IND EA ETF-UA;ETP;LN;OK
IE000ZBGZQM8;ISHETFI38742ETFP;IG33;ETF;ETF Plus | Euronext Amsterdam;EUR;IE;OUI;ESG ETF art. 8;Euronext;2026-08-04;BBG01QLGGLJ8;IG33;ISHRS IBD D 2033 T EUR C ETF;ETP;GR;OK
IE000ZC4C5Q1;INVETFI38676ETFP;BE29;ETF;ETF Plus;EUR;IE;OUI;ESG ETF art. 8;Euronext;2026-08-04;BBG01N5GJ7L8;BE29;IVZ BULLETSHARES 2029 EUR D;ETP;GR;OK
IE000ZDDJWZ5;ISHETFM1WOUXAMC;XUES;ETF;Euronext Amsterdam - Multi-currency Trading;USD;IE;OUI;-;Euronext;2026-08-04;BBG021WQB722;XUES;ISHR MSCI WRLD EX-USA ETF;ETP;NA;OK
IE000ZEOCR03;SSGETFSPEQFAETFP;QPEU;ETF;ETF Plus;EUR;IE;OUI;-;Euronext;2026-08-04;BBG01Y247JX8;QPEU;SS SPDR S&P EQA UCIT ETF-ACC;ETP;IM;OK
IE000ZHBBSR2;FAMActPRIMOETFP;PRIMO;ETF;ETF Plus;EUR;IE;OUI;-;Euronext;2026-08-04;BBG01THFGJ86;PRIMO;FINECO AM ACTIVE EUROPE ETF;ETP;IM;OK
IE000ZIJ5B20;AMUETFSPDSESETFP;STAW;ETF;ETF Plus | Euronext Paris;EUR;IE;OUI;ESG ETF art. 8;Euronext;2026-08-04;BBG019HZBSC6;WEL3;AM S&P W CONSUMER S SCR A;ETP;GR;OK
IE000ZMFFPP4;SSGETFI00055ETFP;TRA3;ETF;ETF Plus;EUR;IE;OUI;-;Euronext;2026-08-04;BBG0205CS184;TRA3;SS SPDR BBG 1-3Y US TB UE-AC;ETP;IM;OK
IE000ZO4CUT7;LG ETFEMUSIMETFP;EMMH;ETF;ETF Plus;EUR;IE;OUI;ESG ETF art. 8;Euronext;2026-08-04;BBG012549XR9;EMMH;L&G EM MRK COR BN USD SC-EUR;ETP;SW;OK
IE000ZOI8OK5;iBds D27 Term E Ac;IB27;ETF;Euronext Paris | ETF Plus;EUR;IE;OUI;ESG ETF art. 8;Euronext;2026-08-04;BBG01J635S52;IB27;ISHRS D27 EUR CORP UCITS ETF;ETP;GR;OK
IE000ZOKLHY7;FRAETFFOFDIVXPAR;FOFD;ETF;Euronext Paris | ETF Plus;EUR;IE;OUI;ESG ETF art. 8;Euronext;2026-08-04;BBG01H5HMHW1;FOFD;FRK FUT FOOD ETF;ETP;GR;OK
IE000ZPUEP93;ISHARES SP B $ D;BNKT;ETF;Euronext Amsterdam - Multi-currency Trading;USD;IE;OUI;-;Euronext;2026-08-04;BBG011KDJ9H7;BNKT;ISHARES S&P US BANKS USD D;ETP;NA;OK
IE000ZQOIPB1;HSBCMSCIEUROEURACC;HMES;ETF;Euronext Paris;EUR;IE;OUI;-;Euronext;2026-08-04;BBG018N4QFF9;HMEA;HSBC MSCI EU ETF EUR ACC;ETP;LN;OK
IE000ZURGSV2;HSBActHQWAETFP;HQWA;ETF;ETF Plus;EUR;IE;OUI;-;Euronext;2026-08-04;BBG01V28BXD1;HQWA;HSBC PLUS WO EQ Q ACTIVE ETF;ETP;LN;OK
IE000ZUTO1I5;GOLActGQJYETFP;GQJY;ETF;ETF Plus | Euronext Paris;EUR;IE;OUI;ESG ETF art. 8;Euronext;2026-08-04;BBG01TXWX3S5;GQJY;GOLDMAN GQJY EQ ACTIVE ETF;ETP;GR;OK
IE000ZWSN3F7;INVETFYHIGWHETFP;GBHY;ETF;ETF Plus;EUR;IE;OUI;ESG ETF art. 8;Euronext;2026-08-04;BBG018N44ZY8;GBHY;IN GL HI YI CO BD ESG CTR-US;ETP;LN;OK
IE000ZZJ48Q0;FRAETFFLQD71ETFP;DIVO;ETF;ETF Plus;EUR;IE;OUI;-;Euronext;2026-08-04;BBG01X06CTP8;DVDG;FRK GLOBAL QUALITY DIV ETF;ETP;GR;OK
IE0031442068;ISHARES S&P 500;IUSA;ETF;Euronext Amsterdam | ETF Plus;EUR;IE;OUI;-;Euronext;2026-08-04;BBG000BMVZK4;IUSA;ISHARES CORE S&P 500;ETP;LN;OK
IE0032077012;INVETFND100ETFP;EQQQ;ETF;ETF Plus | Euronext Paris;EUR;IE;OUI;-;Euronext;2026-08-04;BBG000C0DXJ8;EQQQ;INVESCO NASDAQ-100 DIST;ETP;GR;OK
IE0032523478;ISHARES E CORP BD;IBCX;ETF;Euronext Amsterdam | ETF Plus;EUR;IE;OUI;-;Euronext;2026-08-04;BBG000D99R60;IBCS;ISHARES EURO CORP LARGE CAP;ETP;GR;OK
IE0032895942;ISHARES USD CRP BD;LQDA;ETF;Euronext Amsterdam | ETF Plus;EUR;IE;OUI;-;Euronext;2026-08-04;BBG000PQKX18;LQDE;ISHARES USD CORP BOND USD D;ETP;LN;OK
IE00B02KXH56;ISHARES JAPAN;IJPN;ETF;Euronext Amsterdam | ETF Plus;EUR;IE;OUI;-;Euronext;2026-08-04;BBG000BV3H61;IJPN;ISHARES MSCI JAPAN;ETP;NA;OK
IE00B02KXK85;ISHARES CHINA 50;FXC;ETF;Euronext Amsterdam | ETF Plus;EUR;IE;OUI;-;Euronext;2026-08-04;BBG000BXYNR7;FXC;ISHARES CHINA LARGE CAP;ETP;SW;OK
IE00B02KXL92;ISHARES ESTOXX MID;DJMC;ETF;Euronext Amsterdam;EUR;IE;OUI;-;Euronext;2026-08-04;BBG000BG0FV3;DJMC;ISHARES EURO STOXX MID CAP;ETP;LN;OK
IE00B02KXM00;ISHARES ESTOXX SML;DJSC;ETF;Euronext Amsterdam | ETF Plus;EUR;IE;OUI;-;Euronext;2026-08-04;BBG000BXPWS6;DJSC;ISHARES EURO STOXX SMALL CAP;ETP;SW;OK
IE00B0M62Q58;ISHARES WORLD;IWRD;ETF;Euronext Amsterdam | ETF Plus;EUR;IE;OUI;-;Euronext;2026-08-04;BBG000C7T7S3;IWRDN;ISHARES MSCI WORLD;ETP;MM;OK
IE00B0M62S72;ISHARES ESTOXX DIV;IDVY;ETF;Euronext Amsterdam | ETF Plus;EUR;IE;OUI;-;Euronext;2026-08-04;BBG000G1TDF3;IDVY;ISHARES EURO DIVIDEND;ETP;SW;OK
IE00B0M62V02;ISHARES ESTOXX GRO;IDJG;ETF;Euronext Amsterdam;EUR;IE;OUI;-;Euronext;2026-08-04;BBG000G1Q9B9;IDJG;ISHR EUR TTL MKT GRWTH LARGE;ETP;SW;OK
IE00B0M62X26;ISHARES E INF-LINK;IBCI;ETF;Euronext Amsterdam | ETF Plus;EUR;IE;OUI;-;Euronext;2026-08-04;BBG000G40D68;IBCI;ISHARES EURO INFL-LKD GOVT;ETP;SW;OK
IE00B0M62Y33;ISHARES AEX;IAEX;ETF;Euronext Amsterdam;EUR;IE;OUI;-;Euronext;2026-08-04;BBG000JZQN11;IAEXA;ISHARES AEX;ETP;IX;OK
IE00B0M63060;ISHETFIUKDIMETFP;IUKD;ETF;ETF Plus;EUR;IE;OUI;-;Euronext;2026-08-04;BBG000G40896;IUKD;ISHARES UK DIVIDEND;ETP;SW;OK
IE00B0M63177;ISHARES EM MARKETS;IEMM;ETF;Euronext Amsterdam | ETF Plus;EUR;IE;OUI;-;Euronext;2026-08-04;BBG000DPSRD5;IDEM;ISHARES MSCI EM;ETP;LN;OK
IE00B0M63284;ISHARES PROP EURO;IPRP;ETF;Euronext Amsterdam;EUR;IE;OUI;-;Euronext;2026-08-04;BBG000G236J0;IPRP;ISHARES EUROPE PRPRTY YIELD;ETP;SW;OK
IE00B0M63391;ISHARES KOREA;IKRA;ETF;Euronext Amsterdam;EUR;IE;OUI;-;Euronext;2026-08-04;BBG000BSPPV8;IKOR;ISHARES MSCI KOREA;ETP;IM;OK
IE00B0M63516;ISHARES BRAZIL;IBZL;ETF;Euronext Amsterdam | ETF Plus;EUR;IE;OUI;-;Euronext;2026-08-04;BBG000BSPZ37;IBZL;ISHARES MSCI BRAZIL;ETP;IM;OK
IE00B0M63623;ISHARES TAIWAN;ITWN;ETF;Euronext Amsterdam | ETF Plus;EUR;IE;OUI;-;Euronext;2026-08-04;BBG000BSPMK7;ITWN;ISHARES MSCI TAIWAN;ETP;IM;OK
IE00B0M63730;ISHARES EAST EX-JP;IFFF;ETF;Euronext Amsterdam;EUR;IE;OUI;-;Euronext;2026-08-04;BBG000DPTFW9;IDFF;ISHR MSCI AC FAR EAST  X-JP;ETP;LN;OK
IE00B14X4M10;ISHARES N-AMERICA;INAA;ETF;Euronext Amsterdam | ETF Plus;EUR;IE;OUI;-;Euronext;2026-08-04;BBG000C352G2;IQQN;ISHARES MSCI NORTH AMERICA;ETP;GR;OK
IE00B14X4N27;ISHARES EUROP EXUK;IEUX;ETF;Euronext Amsterdam | ETF Plus;EUR;IE;OUI;-;Euronext;2026-08-04;BBG000GWKGZ5;IQQU;ISHARES MSCI EUROPE EX-UK;ETP;GR;OK
IE00B14X4Q57;ISHARES E GOV1-3;IBGS;ETF;Euronext Amsterdam | ETF Plus;EUR;IE;OUI;-;Euronext;2026-08-04;BBG000BJQRH9;IBCA;ISHARES EUR GOVT 1-3YR;ETP;GR;OK
IE00B14X4S71;ISHARES US T 1-3;IBTS;ETF;Euronext Amsterdam | ETF Plus;EUR;IE;OUI;-;Euronext;2026-08-04;BBG000BJNY69;IUSU;ISHARES USD TRSRY 1-3Y USD D;ETP;GR;OK
IE00B14X4T88;ISHETFIAPDIMETFP;IAPD;ETF;ETF Plus;EUR;IE;OUI;-;Euronext;2026-08-04;BBG000C2VNG9;IQQX;ISHARES ASIA PAC DIVIDEND;ETP;GR;OK
IE00B1FZS244;ISHARES PROP ASIA;IASP;ETF;Euronext Amsterdam;EUR;IE;OUI;-;Euronext;2026-08-04;BBG000CQ2YY4;IQQ4;ISHARES ASIA PROPERTY YIELD;ETP;GR;OK
IE00B1FZS350;ISHARES PROP GLO;IWDP;ETF;Euronext Amsterdam | ETF Plus;EUR;IE;OUI;-;Euronext;2026-08-04;BBG000D3G714;IQQ6;ISHARES DVL MKT PROPERTY YLD;ETP;GR;OK
IE00B1FZS467;ISHARES INFRA GLO;INFR;ETF;Euronext Amsterdam | ETF Plus;EUR;IE;OUI;-;Euronext;2026-08-04;BBG000CQ4LZ9;INFR;ISHARES GLBL INFRASTRUCTURE;ETP;SW;OK
IE00B1FZS574;ISHARES TURKEY;ITKY;ETF;Euronext Amsterdam;EUR;IE;OUI;-;Euronext;2026-08-04;BBG000CZWZL2;ITKY;ISHARES MSCI TURKEY;ETP;LN;OK
IE00B1FZS681;ISHARES E GOV3-5;IBGX;ETF;Euronext Amsterdam | ETF Plus;EUR;IE;OUI;-;Euronext;2026-08-04;BBG000CZQRY3;IBGX;ISHARES EURO GOVT 3-5Y;ETP;LN;OK
IE00B1FZS798;ISHARES US T 7-10;BTMA;ETF;Euronext Amsterdam | ETF Plus;EUR;IE;OUI;-;Euronext;2026-08-04;BBG000CZP6W2;IBTM;ISHARES USD TREASURY 7-10Y;ETP;LN;OK
IE00B1FZS806;ISHARES E GOV7-10;IBGM;ETF;Euronext Amsterdam | ETF Plus;EUR;IE;OUI;-;Euronext;2026-08-04;BBG000CZS0F1;IBGM;ISHARES EURO GOVT 7-10YR;ETP;LN;OK
IE00B1FZS913;ISHARES E GOV15-30;IBGL;ETF;Euronext Amsterdam | ETF Plus;EUR;IE;OUI;-;Euronext;2026-08-04;BBG000CZQJ53;IBGL;ISHARES EURO GOVT 15-30YR;ETP;LN;OK
IE00B1FZSB30;ISHETFIGLTIMETFP;IGLT;ETF;ETF Plus;EUR;IE;OUI;-;Euronext;2026-08-04;BBG000D1B9N5;IGLT;ISHARES CORE UK GILTS;ETP;LN;OK
IE00B1FZSC47;ISHARES US TIPS;TPSA;ETF;Euronext Amsterdam | ETF Plus;EUR;IE;OUI;-;Euronext;2026-08-04;BBG000CZTL19;ITPS;ISHARES USD TIPS;ETP;LN;OK
IE00B1FZSD53;ISHETFINXGIMETFP;INXG;ETF;ETF Plus;EUR;IE;OUI;-;Euronext;2026-08-04;BBG000D195P4;INXG;ISHARES GBP INDEX-LNK GILTS;ETP;LN;OK
IE00B1FZSF77;ISHARES PROP US;IUSP;ETF;Euronext Amsterdam | ETF Plus;EUR;IE;OUI;-;Euronext;2026-08-04;BBG000CZVW30;IUSP;ISHARES US PROPERTY YIELD;ETP;LN;OK
IE00B1TXHL60;ISHARES PRIVATE EQ;IPRV;ETF;Euronext Amsterdam;EUR;IE;OUI;-;Euronext;2026-08-04;BBG000BMM6C7;IPRV;ISHARES LISTED PRIVATE EQY;ETP;LN;OK
IE00B1TXK627;ISHETFSPGWETFP;IH2O;ETF;ETF Plus;EUR;IE;OUI;-;Euronext;2026-08-04;BBG000F1VFJ2;IH2O;ISHARES GLOBAL WATER;ETP;SW;OK
IE00B1TXLS18;ISHETFIUKPIMETFP;IUKP;ETF;ETF Plus;EUR;IE;OUI;-;Euronext;2026-08-04;BBG000P7L609;IUKP;ISHARES UK PROPERTY;ETP;LN;OK
IE00B1W57M07;ISHARES BIC 50;BRIC;ETF;Euronext Amsterdam;EUR;IE;OUI;-;Euronext;2026-08-04;BBG000P7PXY9;BRIC;ISHARES BIC 50;ETP;LN;OK
IE00B1XNH568;ISHETFFTMIBETFP;IMIB;ETF;ETF Plus;EUR;IE;OUI;-;Euronext;2026-08-04;BBG000RK2V68;IMIB;ISHARES FTSE MIB;ETP;LN;OK
IE00B1XNHC34;ISHETFSPGCLETFP;INRG;ETF;ETF Plus;EUR;IE;OUI;ESG ETF art. 8;Euronext;2026-08-04;BBG000PRXFM8;INRG;ISHAR GL CL EN TR UCI ETF-US;ETP;SW;OK
IE00B1YZSC51;ISHARES EUROPE;IMEU;ETF;Euronext Amsterdam | ETF Plus;EUR;IE;OUI;-;Euronext;2026-08-04;BBG000PRXSY7;IMEU;ISHARES CORE MSCI EUROPE;ETP;SW;OK
IE00B23D8S39;INVETFPFTIMETFP;PFT;ETF;ETF Plus | Euronext Paris;EUR;IE;OUI;-;Euronext;2026-08-04;BBG000CJZ6Z4;PFT;INVES RAFI US FV UCITS ETF-D;ETP;IM;OK
IE00B23D8X81;INVETFPEFIMETFP;PEF;ETF;ETF Plus;EUR;IE;OUI;-;Euronext;2026-08-04;BBG000BW1P27;PEF;INV RAFI EURO FV UCI ETF-EUR;ETP;IM;OK
IE00B23D9570;INVETFPEHIMETFP;PEH;ETF;ETF Plus;EUR;IE;OUI;-;Euronext;2026-08-04;BBG000C0KNG5;PEH;INV RAFI EM FV UCIT ETF-DIST;ETP;IM;OK
IE00B23LNQ02;INVETFPSRWIMETFP;PSRW;ETF;ETF Plus;EUR;IE;OUI;-;Euronext;2026-08-04;BBG000CVBQT6;PSWD;INV RAFI AL-WORLD FV UE-DIST;ETP;GR;OK
IE00B27YCK28;ISHARES LATIN AM;LTAM;ETF;Euronext Amsterdam | ETF Plus;EUR;IE;OUI;-;Euronext;2026-08-04;BBG000PP4Q59;LTAM;ISHARES MSCI EM LATAM;ETP;NA;OK
IE00B2NPKV68;ISHETFJPEMIETFP;IEMB;ETF;ETF Plus;EUR;IE;OUI;-;Euronext;2026-08-04;BBG000RCHWN9;IEMB;ISHARES JPM USD EM BND USD D;ETP;LN;OK
IE00B2QWDY88;ISHETFISJPIMETFP;ISJP;ETF;ETF Plus;EUR;IE;OUI;-;Euronext;2026-08-04;BBG000BNWDM8;ISJPUSD;ISHARES MSCI JAPAN SMALL CAP;ETP;EO;OK
IE00B3B8Q275;ISHARES E COV BOND;ICOV;ETF;Euronext Amsterdam | ETF Plus;EUR;IE;OUI;-;Euronext;2026-08-04;BBG000BL85K8;ICOV;ISHARES EURO COVERED BOND;ETP;NA;OK
IE00B3BPCH51;INVETFPEUIMETFP;PEU;ETF;ETF Plus | Euronext Paris;EUR;IE;OUI;-;Euronext;2026-08-04;BBG000DB15K5;PEU;INVESCO EURO CASH 3 MTH;ETP;FP;OK
IE00B3CNHG25;L&G Gold Mining;AUCO;ETF;Euronext Amsterdam | ETF Plus;EUR;IE;OUI;-;Euronext;2026-08-04;BBG000F0GM79;AUCO;L&G GOLD MINING UCITS ETF;ETP;NA;OK
IE00B3CNHJ55;L&G Russell 2000;RTWO;ETF;Euronext Amsterdam | ETF Plus;EUR;IE;OUI;-;Euronext;2026-08-04;BBG000F1CC37;RTWO;L&G RUSSELL 2000 SM CAP QUAL;ETP;NA;OK
IE00B3DKXQ41;ISHARES B E AGG;IEAG;ETF;Euronext Amsterdam | ETF Plus;EUR;IE;OUI;ESG ETF art. 8;Euronext;2026-08-04;BBG000C01NX7;EUN4;ISH EU AG BD ESG SR UCITS-EU;ETP;GR;OK
IE00B3DWVS88;INVETFGEASIMETFP;MXFS;ETF;ETF Plus;EUR;IE;OUI;-;Euronext;2026-08-04;BBG000DJ3081;MXFS;INVESCO MSCI EMERGING MKTS;ETP;LN;OK
IE00B3F81R35;ISHARES B E CORP;IEAC;ETF;Euronext Amsterdam | ETF Plus;EUR;IE;OUI;-;Euronext;2026-08-04;BBG000C0HWG9;EUN5;ISHARES CORE EURO CORP BOND;ETP;GR;OK
IE00B3FH7618;ISHARES B E TR 0-1;IEGE;ETF;Euronext Amsterdam | ETF Plus;EUR;IE;OUI;-;Euronext;2026-08-04;BBG000C0JV60;EUN6;ISHARES EURO GOVT 0-1YR;ETP;GR;OK
IE00B3RBWM25;VANETFVWCEIMETFP;VWRL;ETF;ETF Plus | Euronext Amsterdam, Paris;EUR;IE;OUI;-;Euronext;2026-08-04;BBG0032420Z1;VWRD;VANG FTSE AW USDD;ETP;LN;OK
IE00B3S1J086;HSBETFHTWNIMETFP;HTWN;ETF;ETF Plus;EUR;IE;OUI;-;Euronext;2026-08-04;BBG001LRKMM9;HTWN;HSBC MSCI TAIWAN CAPPED ETF;ETP;LN;OK
IE00B3S5XW04;SSGETFGOVAIMETFP;GOVY;ETF;ETF Plus;EUR;IE;OUI;-;Euronext;2026-08-04;BBG001NNKY22;SYBB;SS SPDR BBG EU GB UC ETF-EUR;ETP;GR;OK
IE00B3T9LM79;SSGETFXBLCIMETFP;EUCO;ETF;ETF Plus;EUR;IE;OUI;-;Euronext;2026-08-04;BBG001NNL294;SYBC;SS SPDR BBG EURO CORPO BD-EI;ETP;GR;OK
IE00B3VPKB53;INVETFXLUSIMETFP;XLUS;ETF;ETF Plus;EUR;IE;OUI;-;Euronext;2026-08-04;BBG000Q2S9M2;XLUS;INVESCO US UTILITIES S&P;ETP;LN;OK
IE00B3VSSL01;INVETFXLKSIMETFP;XLKS;ETF;ETF Plus;EUR;IE;OUI;-;Euronext;2026-08-04;BBG000Q2S7F4;XLKS;INVESCO US TECHNOLOGY S&P;ETP;LN;OK
IE00B3VTMJ91;ISHETFIBGSIMETFP;CSBGE3;ETF;ETF Plus;EUR;IE;OUI;-;Euronext;2026-08-04;BBG000BYNHH1;SXRN;ISHARES EURO GOVT BOND 1-3Y;ETP;GR;OK
IE00B3VTML14;ISHETFBGE7IMETFP;CSBGE7;ETF;ETF Plus | Euronext Amsterdam;EUR;IE;OUI;-;Euronext;2026-08-04;BBG000BYNS96;SXRP;ISHARES EUR GOVT 3-7Y ACC;ETP;GR;OK
IE00B3VTN290;ISHETFIBGMIMETFP;SXRQ;ETF;ETF Plus;EUR;IE;OUI;-;Euronext;2026-08-04;BBG000BYNZT8;SXRQ;ISHARES EURO GOVT BOND 7-10Y;ETP;GR;OK
IE00B3VVMM84;VANETFVFEAIMETFP;VFEM;ETF;ETF Plus | Euronext Amsterdam, Paris;EUR;IE;OUI;-;Euronext;2026-08-04;BBG0032468C5;VDEM;VANG FTSE EM USDD;ETP;LN;OK
IE00B3VWM098;ISHETFSUSSIMETFP;CSUSS;ETF;ETF Plus;EUR;IE;OUI;ESG ETF art. 8;Euronext;2026-08-04;BBG000N4PT59;CSUSS;ISH MS USA SCCE ESG UCITS-US;ETP;SW;OK
IE00B3VWMM18;ISHETFETUSITETFP;CSEMUS;ETF;ETF Plus;EUR;IE;OUI;-;Euronext;2026-08-04;BBG000N4TTZ2;CSEMUS;ISHARES MSCI EMU SML-C ACC;ETP;SW;OK
IE00B3VWN179;ISHETFBGU3IMETFP;CSBGU3;ETF;ETF Plus;EUR;IE;OUI;-;Euronext;2026-08-04;BBG000BYLW26;SXRK;ISHARES TRSY 1-3YR USD ACC B;ETP;GR;OK
IE00B3VWN393;ISHETFBGU7IMETFP;CSBGU7;ETF;ETF Plus | Euronext Amsterdam;EUR;IE;OUI;-;Euronext;2026-08-04;BBG000BYMP93;SXRL;ISHARES USD TREASURY 3-7YR;ETP;GR;OK
IE00B3WMTH43;INVETFXLVSIMETFP;XLVS;ETF;ETF Plus;EUR;IE;OUI;-;Euronext;2026-08-04;BBG000Q2S050;XLVS;INVESCO US HEALTH CARE S&P;ETP;LN;OK
IE00B3XM3R14;INVETFXLBSIMETFP;XLBS;ETF;ETF Plus;EUR;IE;OUI;-;Euronext;2026-08-04;BBG000Q2S3Y2;XLBS;INVESCO US MATERIALS S&P;ETP;LN;OK
IE00B3XXRP09;VANETFSP500TETFP;VUSA;ETF;ETF Plus | Euronext Amsterdam, Paris;EUR;IE;OUI;-;Euronext;2026-08-04;BBG003241JV5;VUSA;VANG S&P500 USDD;ETP;LN;OK
IE00B3Y8D011;XTRACTXS7WETFP;XS7W;ETF;ETF Plus;EUR;IE;OUI;-;Euronext;2026-08-04;BBG001D5HWC9;XS7W;X PORTFOLIO INCOME 1D;ETP;GR;OK
IE00B3YC1100;INVETFXLISIMETFP;XLIS;ETF;ETF Plus;EUR;IE;OUI;-;Euronext;2026-08-04;BBG000Q2S2X5;XLIS;INVESCO US INDUSTRIALS S&P;ETP;LN;OK
IE00B3YCGJ38;INVETFSP500TETFP;SPXS;ETF;ETF Plus | Euronext Amsterdam;EUR;IE;OUI;-;Euronext;2026-08-04;BBG000QXQZL9;SPXS;INVESCO S&P 500 ACC;ETP;LN;OK
IE00B3YLTY66;SPDR ACWI IMI;IMIE;ETF;Euronext Paris | ETF Plus;EUR;IE;OUI;-;Euronext;2026-08-04;BBG001NMCQN7;SPYI;SP MS ALL CO WI MKT UC ET-AC;ETP;GR;OK
IE00B3Z0X395;HSBETFHKORIMETFP;HKOR;ETF;ETF Plus;EUR;IE;OUI;-;Euronext;2026-08-04;BBG001M6NJ93;HKOR;HSBC MSCI KOREA CAPPED ETF;ETP;LN;OK
IE00B3Z3FS74;UBSETFGEASIMETFP;EMGEAS;ETF;ETF Plus;EUR;IE;OUI;-;Euronext;2026-08-04;BBG001RWYVG4;EGUSAS;UBS ETF MSCI EMERG. MARK.;ETP;SW;OK
IE00B3ZW0K18;ISHETFIUSEIMETFP;IUSE;ETF;ETF Plus | Euronext Amsterdam;EUR;IE;OUI;-;Euronext;2026-08-04;BBG0016YWCW9;IUSE;ISHARES S&P 500 EUR-H;ETP;LN;OK
IE00B42Q4896;INVETFXLFSIMETFP;XLFS;ETF;ETF Plus;EUR;IE;OUI;-;Euronext;2026-08-04;BBG000Q2RWQ8;XLFS;INVESCO US FINANCIALS S&P;ETP;LN;OK
IE00B42TW061;HSBC FTSE 100 ETF;UKX;ETF;Euronext Paris;EUR;IE;OUI;-;Euronext;2026-08-04;BBG000NWWXW0;HUKX;HSBC FTSE 100 UCITS ETF;ETP;LN;OK
IE00B42Z5J44;ISHETFIJPEIMETFP;IJPE;ETF;ETF Plus | Euronext Amsterdam;EUR;IE;OUI;-;Euronext;2026-08-04;BBG0016XH759;IJPE;ISHARES MSCI JPN MONTH EUR-H;ETP;LN;OK
IE00B435BG20;INVETFXLPSIMETFP;XLPS;ETF;ETF Plus;EUR;IE;OUI;-;Euronext;2026-08-04;BBG000Q2RTK1;XLPS;INVESCO US CONS STAP S&P SEC;ETP;LN;OK
IE00B435CG94;INVETFXLESIMETFP;XLES;ETF;ETF Plus;EUR;IE;OUI;-;Euronext;2026-08-04;BBG000Q200Q7;XLES;INVESCO US ENERGY S&P;ETP;LN;OK
IE00B43QJJ40;SSGETFGLAGIMETFP;GLAG;ETF;ETF Plus;EUR;IE;OUI;-;Euronext;2026-08-04;BBG00JVQKYX3;SYBZ;SS SPDR BGAB UCITS ETF-USD U;ETP;GR;OK
IE00B43VDT70;INVETCSILVEETFP;SSLV;ETF;ETF Plus;EUR;IE;OUI;-;Euronext;2026-08-04;BBG001M0XM70;SSLV;INVESCO PHYSICAL SILVER ETC;ETP;LN;OK
IE00B441G979;ISHETFIWDEIMETFP;IWDE;ETF;ETF Plus | Euronext Amsterdam;EUR;IE;OUI;-;Euronext;2026-08-04;BBG0016XJ8W5;IWDE;ISHARES MSCI WORLD EUR-H;ETP;LN;OK
IE00B449XP68;INVETFXLYSIMETFP;XLYS;ETF;ETF Plus;EUR;IE;OUI;-;Euronext;2026-08-04;BBG000Q2RLZ2;XLYS;INVESCO US CONS DISC S&P SEC;ETP;LN;OK
IE00B44CND37;SSGETFTRSYIMETFP;TRSY;ETF;ETF Plus;EUR;IE;OUI;-;Euronext;2026-08-04;BBG001NNL472;SYBT;SS SPDR BL US TB UCIT ETF-UI;ETP;GR;OK
IE00B44T3H88;HSBC MSCI CHINA;CNY;ETF;Euronext Paris | ETF Plus;EUR;IE;OUI;-;Euronext;2026-08-04;BBG001FBT3G1;HMCH;HSBC MSCI CHINA UCITS ETF;ETP;LN;OK
IE00B44Z5B48;SPDR ACWI;ACWE;ETF;Euronext Paris | ETF Plus;EUR;IE;OUI;-;Euronext;2026-08-04;BBG001NMB9J1;SPYY;SS SPD MS AL CO WO UC ET-USD;ETP;GR;OK
IE00B4556L06;iShETCPLDMLNETFP;SPDM;ETF;ETF Plus;EUR;IE;OUI;-;Euronext;2026-08-04;BBG001M8FXS6;IPDM;ISHARES PHYSICAL PALLADIUM;ETP;LN;OK
IE00B4613386;SSGETFEMLAIMETFP;EMLD;ETF;ETF Plus;EUR;IE;OUI;-;Euronext;2026-08-04;BBG001NNL793;SYBM;SS SPDR BBG EML BN UC-USD IN;ETP;GR;OK
IE00B466KX20;SSGETFEMAEIMETFP;EMAE;ETF;ETF Plus;EUR;IE;OUI;-;Euronext;2026-08-04;BBG001NMD4P3;SPYA;SS SP MS EM ASIA UCI ETF-USD;ETP;GR;OK
IE00B469F816;SSGETFGEASIMETFP;EMRG;ETF;ETF Plus;EUR;IE;OUI;-;Euronext;2026-08-04;BBG001NMCXK5;SPYM;SS SPDR MSCI EMG MRKT ETF-UA;ETP;GR;OK
IE00B46G8275;HSBETFXMINIMETFP;HIDD;ETF;ETF Plus;EUR;IE;OUI;-;Euronext;2026-08-04;BBG001LRKB07;HIDR;HSBC MSCI INDONESIA UCITS ET;ETP;LN;OK
IE00B4K48X80;ISHARES MSCI EUR A;IMAE;ETF;Euronext Amsterdam | ETF Plus;EUR;IE;OUI;-;Euronext;2026-08-04;BBG000P71KS0;IMAE;ISHARES CORE MSCI EUROPE ACC;ETP;NA;OK
IE00B4K6B022;HSBC EUROSTX50 ETF;50E;ETF;Euronext Paris | ETF Plus;EUR;IE;OUI;-;Euronext;2026-08-04;BBG000CN0YV6;H50E;HSBC EURO STOXX 50 ETF;ETP;PZ;OK
IE00B4L5Y983;ISHARES MSCI WOR A;IWDA;ETF;Euronext Amsterdam | ETF Plus;EUR;IE;OUI;-;Euronext;2026-08-04;BBG000P71QK5;IWDA;ISHARES CORE MSCI WORLD;ETP;NA;OK
IE00B4L5YC18;ISHARES MSCI EM A;IEMA;ETF;Euronext Amsterdam | ETF Plus;EUR;IE;OUI;-;Euronext;2026-08-04;BBG000P72X74;IEMA;ISHARES MSCI EM ACC;ETP;NA;OK
IE00B4L5YX21;ISHARES MSCI JAP A;IJPA;ETF;Euronext Amsterdam | ETF Plus;EUR;IE;OUI;-;Euronext;2026-08-04;BBG000P730F6;IJPA;ISHARES CORE MSCI JAPAN;ETP;NA;OK
IE00B4L5ZG21;ISHETFIEXFIMETFP;IEXF;ETF;ETF Plus;EUR;IE;OUI;-;Euronext;2026-08-04;BBG000CN6KM0;EEXF;ISHARES EURO CORP EX-FINCL;ETP;LN;OK
IE00B4L60045;ISHETFSE15IMETFP;SE15;ETF;ETF Plus;EUR;IE;OUI;-;Euronext;2026-08-04;BBG000PJ2KN8;SE15;ISHARES EURO CORP 1-5YR;ETP;LN;OK
IE00B4LHWP62;iShETCXPPEIMETFP;SPLT;ETF;ETF Plus;EUR;IE;OUI;-;Euronext;2026-08-04;BBG001M8FQG4;IPLT;ISHARES PHYSICAL PLATINUM;ETP;LN;OK
IE00B4NCWG09;iShETCXSLRIMETFP;SSLN;ETF;ETF Plus;EUR;IE;OUI;-;Euronext;2026-08-04;BBG001M8F4G3;ISLN;ISHARES PHYSICAL SILVER ETC;ETP;LN;OK
IE00B4ND3602;iShETCXGDEIMETFP;SGLN;ETF;ETF Plus;EUR;IE;OUI;-;Euronext;2026-08-04;BBG001M8D7W0;IGLN;ISHARES PHYSICAL GOLD ETC;ETP;LN;OK
IE00B4P11460;PIMETFEMLIIMETFP;EMLB;ETF;ETF Plus;EUR;IE;OUI;-;Euronext;2026-08-04;BBG0024W53Z0;EMLB;PIMCO EMERGING MARKETS ADVAN;ETP;EO;OK
IE00B4PY7Y77;ISHETFIHYUIMETFP;IHYU;ETF;ETF Plus;EUR;IE;OUI;-;Euronext;2026-08-04;BBG0022FR5K6;IHYU;ISHARES USD HY CORP USD DIST;ETP;LN;OK
IE00B4QNHH68;L&GSTRDEL2IMETFP;DEL2;ETF;ETF Plus;EUR;IE;OUI;-;Euronext;2026-08-04;BBG000M39R27;DEL2;L&G DAX DAILY 2X LONG;ETP;LN;OK
IE00B4QNHZ41;L&GSTRDES2IMETFP;DES2;ETF;ETF Plus;EUR;IE;OUI;-;Euronext;2026-08-04;BBG000M3WDG7;DES2;L&G DAX DAILY 2X SHORT;ETP;LN;OK
IE00B4WPHX27;L&G Lg Dat Commod;COMF;ETF;Euronext Amsterdam | ETF Plus;EUR;IE;OUI;-;Euronext;2026-08-04;BBG000PP9KZ4;COMF;L&G LONG DATED ALL COMMOD;ETP;LN;OK
IE00B4WXJD03;ISHETFMSPAJAETFP;SPXJ;ETF;ETF Plus;EUR;IE;OUI;-;Euronext;2026-08-04;BBG000BGH7N2;IPXJ;ISHARES MSCI PACIFIC EX-JPN;ETP;LN;OK
IE00B4WXJG34;ISHARES EG 5-7;IEGY;ETF;Euronext Amsterdam | ETF Plus;EUR;IE;OUI;-;Euronext;2026-08-04;BBG000JSF288;IBGY;ISHARES EURO GOVT 5-7YR;ETP;LN;OK
IE00B4WXJH41;ISHARES EG 10-15;IEGZ;ETF;Euronext Amsterdam | ETF Plus;EUR;IE;OUI;-;Euronext;2026-08-04;BBG000PN79H6;IEGZ;ISHARES EURO GOVT 10-15YR;ETP;NA;OK
IE00B4WXJJ64;ISHARES IEGA;IEGA;ETF;Euronext Amsterdam | ETF Plus;EUR;IE;OUI;-;Euronext;2026-08-04;BBG000JTD0J0;SEGA;ISHARES CORE EURO GOVT BOND;ETP;LN;OK
IE00B4X9L533;HSBC MSCI WORLD;WRD;ETF;Euronext Paris | ETF Plus;EUR;IE;OUI;-;Euronext;2026-08-04;BBG001B1T4Y5;HMWD;HSBC MSCI WORLD UCITS ETF;ETP;LN;OK
IE00B4YBJ215;SPDR S&P 400 MID;SPY4;ETF;Euronext Paris | ETF Plus;EUR;IE;OUI;-;Euronext;2026-08-04;BBG002G93L44;SPY4;SS SPDR S&P 400 US MID CAP U;ETP;GR;OK
IE00B51B7Z02;HSBC MSCI CANADA;HCAN;ETF;Euronext Paris;EUR;IE;OUI;-;Euronext;2026-08-04;BBG001K1CWR9;HCAN;HSBC MSCI CANADA UCITS ETF;ETP;LN;OK
IE00B52MJD48;ISHETFN225ETFP;CSNKY;ETF;ETF Plus;EUR;IE;OUI;-;Euronext;2026-08-04;BBG000Q36DM5;CSNKY;ISHARES NIKKEI 225 JPY ACC;ETP;SW;OK
IE00B52MJY50;ISHETFMSPAJAETFP;CSPXJ;ETF;ETF Plus | Euronext Amsterdam;EUR;IE;OUI;-;Euronext;2026-08-04;BBG000BH50B1;SXR1;ISHARES CORE MSCI PACIF X-JP;ETP;GR;OK
IE00B52SF786;ISHETFMSCAETFP;CSCA;ETF;ETF Plus | Euronext Amsterdam;EUR;IE;OUI;-;Euronext;2026-08-04;BBG000BJZC28;CSCA;ISHARES MSCI CANADA ACC;ETP;IM;OK
IE00B52SFT06;ISHETFCSUSIMETFP;CSUS;ETF;ETF Plus | Euronext Amsterdam;EUR;IE;OUI;-;Euronext;2026-08-04;BBG000CB5JP7;SXR4;ISHARES MSCI USA USD ACC;ETP;GR;OK
IE00B52VJ196;IS MSCI EUR SRI;IESE;ETF;Euronext Amsterdam | ETF Plus;EUR;IE;OUI;ESG ETF art. 8;Euronext;2026-08-04;BBG001K5X1K2;IESG;ISHARES MSCI EUROPE SRI;ETP;LN;OK
IE00B52XQP83;ISHETFIRSAIMETFP;SRSA;ETF;ETF Plus;EUR;IE;OUI;-;Euronext;2026-08-04;BBG000Q7RYT0;SRSA;ISHARES MSCI SOUTH AFRICA;ETP;LN;OK
IE00B5377D42;ISHETFSAUSIMETFP;SAUS;ETF;ETF Plus;EUR;IE;OUI;-;Euronext;2026-08-04;BBG000PV9GF2;SAUS;ISHARES MSCI AUSTRALIA;ETP;LN;OK
IE00B539F030;ISHETFMSCUKXAMC;CSUK;ETF;Euronext Amsterdam - Multi-currency Trading;USD;IE;OUI;-;Euronext;2026-08-04;BBG000CQ5X00;CSUK;ISHARES MSCI UK GBP ACC;ETP;IM;OK
IE00B53H0131;UBSETFUSASIMETFP;CCUSAS;ETF;ETF Plus;EUR;IE;OUI;-;Euronext;2026-08-04;BBG001961Z78;CCUSAS;UBS ETF CMCI COMPOS. H. CHF;ETP;SW;OK
IE00B53L3W79;ISHETFEUSX5ETFP;CSSX5E;ETF;ETF Plus | Euronext Amsterdam;EUR;IE;OUI;-;Euronext;2026-08-04;BBG000Q365X0;CSSX5E;ISHARES CORE EURO STOXX 50;ETP;SW;OK
IE00B53L4X51;ISHETFSMIBIMETFP;CSMIB;ETF;ETF Plus;EUR;IE;OUI;-;Euronext;2026-08-04;BBG000Q8G559;CSMIB;ISHARES FTSE MIB ACC;ETP;XE;OK
IE00B53QDK08;ISHETFCSJPIMETFP;CSJP;ETF;ETF Plus | Euronext Amsterdam;EUR;IE;OUI;-;Euronext;2026-08-04;BBG000DDXNX3;SXR5;ISHARES MSCI JAPAN USD ACC;ETP;GR;OK
IE00B53QG562;ISHETFSEMUIMETFP;CSEMU;ETF;ETF Plus | Euronext Amsterdam;EUR;IE;OUI;-;Euronext;2026-08-04;BBG000CKQVX8;CSEMU;ISHARES CORE MSCI EMU EUR A;ETP;IM;OK
IE00B53SZB19;ISHETFND100ETFP;CSNDX;ETF;ETF Plus | Euronext Amsterdam;EUR;IE;OUI;-;Euronext;2026-08-04;BBG000Q36BQ5;CSNDX;ISHARES NASDAQ 100 USD ACC;ETP;SW;OK
IE00B579F325;Inve Phys Gold ETC;SGLD;ETF;Euronext Amsterdam | ETF Plus;EUR;IE;OUI;-;Euronext;2026-08-04;BBG000MGWBD5;SGLD;INVESCO PHYSICAL GOLD ETC;ETP;LN;OK
IE00B57X3V84;ISHARES DJ GLO SUS;IGSG;ETF;Euronext Amsterdam;EUR;IE;OUI;ESG ETF art. 8;Euronext;2026-08-04;BBG001K3V4R6;IGSU;ISHARES DOW JONES GLOBAL LEA;ETP;LN;OK
IE00B58HMN42;UBSETFEUASIMETFP;CCEUAS;ETF;ETF Plus;EUR;IE;OUI;-;Euronext;2026-08-04;BBG0019621Y2;CCEUAS;UBS ETF CMCI COMPOS. H. EUR;ETP;SW;OK
IE00B5B5TG76;INVETFEUS50ETFP;SDJE5D;ETF;ETF Plus;EUR;IE;OUI;-;Euronext;2026-08-04;BBG000PWXL08;SDJE5D;INVESCO EURO STOXX 50 DIST;ETP;GR;OK
IE00B5BD5K76;HSBC MSCI EUR ETF;HEU;ETF;Euronext Paris | ETF Plus;EUR;IE;OUI;-;Euronext;2026-08-04;BBG000QZS9R4;HMEU;HSBC MSCI EUROPE UCITS ETF;ETP;LN;OK
IE00B5BMR087;ISHETFSP500TETFP;CSSPX;ETF;ETF Plus | Euronext Amsterdam;EUR;IE;OUI;-;Euronext;2026-08-04;BBG000Q362M9;CSSPX;ISHARES CORE S&P 500;ETP;SW;OK
IE00B5KQNG97;HSBC SP 500 ETF;HHH;ETF;Euronext Paris | ETF Plus;EUR;IE;OUI;-;Euronext;2026-08-04;BBG000QX8CJ3;HSPX;HSBC S&P 500 UCITS ETF;ETP;LN;OK
IE00B5L01S80;HSBETFEWLDIMETFP;HPRD;ETF;ETF Plus;EUR;IE;OUI;-;Euronext;2026-08-04;BBG001RYPGY3;HPRO;HSBC FTSE EPRA/NAREIT DEV. U;ETP;LN;OK
IE00B5L8K969;ISHETFEMAEIMETFP;CSEMAS;ETF;ETF Plus;EUR;IE;OUI;-;Euronext;2026-08-04;BBG000BDXBZ9;CEBL;ISHARES MSCI EM ASIA ACC;ETP;GR;OK
IE00B5M1WJ87;SPDR EUR DIV ARIST;EUDV;ETF;Euronext Paris | ETF Plus;EUR;IE;OUI;-;Euronext;2026-08-04;BBG002PVFD95;SPYW;SS SPD S&P EUR DVD ARI UC-EI;ETP;GR;OK
IE00B5M4WH52;ISHETFSEMLIMETFP;SEML;ETF;ETF Plus;EUR;IE;OUI;-;Euronext;2026-08-04;BBG001RW4QP8;SEML;ISHARES JPM EM LCL GOV BND;ETP;LN;OK
IE00B5MTWD60;INVETFX7PSIMETFP;X7PS;ETF;ETF Plus;EUR;IE;OUI;-;Euronext;2026-08-04;BBG000NBR2Y8;X7PS;INVESCO STX 600 OPT BANKS;ETP;GR;OK
IE00B5SG8Z57;HSBETFMSPAJAETFP;HMXJ;ETF;ETF Plus;EUR;IE;OUI;-;Euronext;2026-08-04;BBG0015TLBM6;HMXJ;HSBC MSCI PACIFIC EX JAPAN U;ETP;LN;OK
IE00B5SSQT16;HSBETFGEASIMETFP;HMEM;ETF;ETF Plus;EUR;IE;OUI;-;Euronext;2026-08-04;BBG0021VPNC4;HMEM;HSBC MSCI EMERGING MARKETS U;ETP;LN;OK
IE00B5VX7566;HSBC MSCIJAPAN ETF;MJP;ETF;Euronext Paris | ETF Plus;EUR;IE;OUI;-;Euronext;2026-08-04;BBG000QJW2M5;HMJP;HSBC MSCI JAPAN UCITS ETF;ETP;LN;OK
IE00B5W4TY14;ISHETFCSKRIMETFP;CSKR;ETF;ETF Plus;EUR;IE;OUI;-;Euronext;2026-08-04;BBG000BDR5G0;CSKR;ISHARES MSCI KOREA USD ACC;ETP;SW;OK
IE00B5WFQ436;HSBC MSCI USA ETF;MUS;ETF;Euronext Paris;EUR;IE;OUI;-;Euronext;2026-08-04;BBG000QZRXP4;HMUS;HSBC MSCI USA QU UCS ETF-USD;ETP;LN;OK
IE00B5WHFQ43;iSHR Mexico Cap;CMEX;ETF;Euronext Amsterdam;EUR;IE;OUI;-;Euronext;2026-08-04;BBG000BDN2Y1;CSMXCP;ISHARES MSCI MEX CAPPED USD;ETP;SE;OK
IE00B5ZR2157;PIMACTPJS1ETFP;PJS1;ETF;ETF Plus;EUR;IE;OUI;-;Euronext;2026-08-04;BBG001D3WXL5;PJS1;PIMCO EURO SHRT INC;ETP;GR;OK
IE00B60SWW18;INVETFJ600IMETFP;SDJ600;ETF;ETF Plus;EUR;IE;OUI;-;Euronext;2026-08-04;BBG000LMLJN7;SDJ600;INVESCO STOXX EUROPE 600;ETP;GR;OK
IE00B60SWX25;INVETFEUSX5ETFP;SDJE50;ETF;ETF Plus;EUR;IE;OUI;-;Euronext;2026-08-04;BBG000BSNSJ8;SDJE5;INVESCO EURO STOXX 50 ACC;ETP;EO;OK
IE00B60SWY32;INVETFSMEAIMETFP;SMSEUR;ETF;ETF Plus;EUR;IE;OUI;-;Euronext;2026-08-04;BBG000FZCFZ0;SMSEU;INVESCO MSCI EUROPE;ETP;EO;OK
IE00B60SX170;INVETFMXUSIMETFP;MXUS;ETF;ETF Plus;EUR;IE;OUI;-;Euronext;2026-08-04;BBG000BL3SM1;SMSUS;INVESCO MSCI USA;ETP;EO;OK
IE00B60SX287;INVETFCSJPIMETFP;SMSJPN;ETF;ETF Plus;EUR;IE;OUI;-;Euronext;2026-08-04;BBG000FZ9XF7;SMSJP;INVESCO MSCI JAPAN;ETP;EO;OK
IE00B60SX394;INVETFMSTRUSETFP;SMSWLD;ETF;ETF Plus;EUR;IE;OUI;-;Euronext;2026-08-04;BBG000LMZ865;SMSWLD;INVESCO MSCI WORLD;ETP;GR;OK
IE00B60SX402;INVETFRU2000ETFP;SR2000;ETF;ETF Plus;EUR;IE;OUI;-;Euronext;2026-08-04;BBG000LMWJG3;SR2000;INVESCO RUSSELL 2000;ETP;GR;OK
IE00B66F4759;ISHETFIHYGIMETFP;IHYG;ETF;ETF Plus;EUR;IE;OUI;-;Euronext;2026-08-04;BBG0015QSYG2;IHYG;ISHARES EURO HY CORP;ETP;LN;OK
IE00B67B7N93;PIMACTMINTETFP;MINT;ETF;ETF Plus;EUR;IE;OUI;-;Euronext;2026-08-04;BBG001J948K3;MINT;PIMCO US DOLLAR SHORT MATUR;ETP;LN;OK
IE00B6R51Z18;OilGas Ex Prd A;IOGP;ETF;Euronext Amsterdam;EUR;IE;OUI;-;Euronext;2026-08-04;BBG0022QX3C9;IOGP;ISHARES OIL & GAS EXPL&PROD;ETP;LN;OK
IE00B6R52036;iS Gold Pro Acc;ISOE;ETF;Euronext Amsterdam;EUR;IE;OUI;-;Euronext;2026-08-04;BBG0022QW5W3;IAUP;ISHARES GOLD PRODUCERS;ETP;LN;OK
IE00B6R52143;iS Agri bus Acc;ISAE;ETF;Euronext Amsterdam | ETF Plus;EUR;IE;OUI;-;Euronext;2026-08-04;BBG0022QWZK0;ISAG;ISHARES AGRIBUSINESS;ETP;LN;OK
IE00B6R52259;iS MSCI ACWI Acc;SSAC;ETF;Euronext Amsterdam | ETF Plus;EUR;IE;OUI;-;Euronext;2026-08-04;BBG00265DDD0;ISAC;ISHARES MSCI ACWI;ETP;LN;OK
IE00B6SPMN59;ISHETFMVUSIMETFP;MVUS;ETF;ETF Plus;EUR;IE;OUI;-;Euronext;2026-08-04;BBG003P7MDP0;SPMV;ISHARES EDGE S&P500 MIN VOL;ETP;LN;OK
IE00B6TLBW47;ISHETFEMCRIMETFP;EMCR;ETF;ETF Plus;EUR;IE;OUI;-;Euronext;2026-08-04;BBG002W99M66;EMCR;ISHARES JPM USD EM CORP BND;ETP;LN;OK
IE00B6X2VY59;ISH NLD BD HEDGED;IRCP;ETF;Euronext Amsterdam;EUR;IE;OUI;ESG ETF art. 8;Euronext;2026-08-04;BBG003HC15T4;IRCP;ISH CR BIR HGD ES UETF-EI;ETP;LN;OK
IE00B6X4BP29;WISETC3GOSIMETFP;3GOS;ETF;ETF Plus;EUR;IE;OUI;-;Euronext;2026-08-04;BBG003QQJVH0;3GOS;WT GOLD 3X DAILY SHORT;ETP;LN;OK
IE00B6YX5B26;SSGETFEMDVIMETFP;EMDV;ETF;ETF Plus;EUR;IE;OUI;-;Euronext;2026-08-04;BBG0025845G9;SPYV;SS SPD S&P EM MR DV AR-US IN;ETP;GR;OK
IE00B6YX5C33;SPDR S&P 500;SPY5;ETF;Euronext Paris | ETF Plus;EUR;IE;OUI;-;Euronext;2026-08-04;BBG002RR9FT2;SPY5;SS SPDR S&P 500 UCIT ETF-UHG;ETP;GR;OK
IE00B6YX5D40;SSGETFUSDVIMETFP;USDV;ETF;ETF Plus;EUR;IE;OUI;-;Euronext;2026-08-04;BBG00259MC09;SPYD;SS SP US DVD ARS UCT ETF-UUD;ETP;GR;OK
IE00B6YX5F63;SSGETFGOVSIMETFP;GOVS;ETF;ETF Plus;EUR;IE;OUI;-;Euronext;2026-08-04;BBG0027T1BT7;SYB3;SS SPB 1-3 YR EUR GOV BUC-EU;ETP;GR;OK
IE00B6YX5H87;SSGETFSESRIMETFP;SESR;ETF;ETF Plus;EUR;IE;OUI;ESG ETF art. 8;Euronext;2026-08-04;BBG016XKZX49;SPPS;SS SPDR BG 0-3Y ECS UCITS-EA;ETP;GR;OK
IE00B6YX5M31;SSGETFJNKEIMETFP;JNKE;ETF;ETF Plus;EUR;IE;OUI;-;Euronext;2026-08-04;BBG0027T06C7;SYBJ;SS SPD BE HYB UCIT ETF-USD I;ETP;GR;OK
IE00B74DQ490;ISHETFHYLDIMETFP;HYLD;ETF;ETF Plus;EUR;IE;OUI;-;Euronext;2026-08-04;BBG003MJ6PT4;HYLD;ISHARES GLOBAL HY CORP-DISTR;ETP;LN;OK
IE00B77D4428;UBS IRL USAUSY;UBU3;ETF;Euronext Amsterdam | ETF Plus;EUR;IE;OUI;-;Euronext;2026-08-04;BBG002W2PFK2;UBU3;UBS ETF MSCI USA UKDIS;ETP;GR;OK
IE00B78JSG98;UBSETFVEUYIMETFP;USVEUY;ETF;ETF Plus;EUR;IE;OUI;-;Euronext;2026-08-04;BBG002W35WX1;UBU5;UBS ETF MSCI USA VALUE;ETP;GR;OK
IE00B7J7TB45;ISHETFCORPIMETFP;CORP;ETF;ETF Plus;EUR;IE;OUI;-;Euronext;2026-08-04;BBG003FD8W36;CORP;ISHARES GLOBAL CORP;ETP;LN;OK
IE00B7K93397;UBS IRL SP5USY;UBU9;ETF;Euronext Amsterdam | ETF Plus;EUR;IE;OUI;-;Euronext;2026-08-04;BBG002W36X77;UBU9;UBS ETF S&P 500;ETP;GR;OK
IE00B7KMNP07;UBSETFSOLGLPETFP;GOM;ETF;ETF Plus;EUR;IE;OUI;-;Euronext;2026-08-04;BBG003MJ81F0;UBUD;UBS ETF SOL. GL. PURE GOLD;ETP;GR;OK
IE00B7KQ7B66;UBS IRL WRDUSY;UBU7;ETF;Euronext Amsterdam;EUR;IE;OUI;-;Euronext;2026-08-04;BBG002W36RM3;UBU7;UBS ETF MSCI WORLD;ETP;GR;OK
IE00B7LGZ558;ISH FR TREAS BD;IFRB;ETF;Euronext Amsterdam;EUR;IE;OUI;-;Euronext;2026-08-04;BBG002YWZF87;IFRB;ISHARES FRANCE GOVT BND;ETP;LN;OK
IE00B7LW6Y90;ISHETFIITBIMETFP;IITB;ETF;ETF Plus;EUR;IE;OUI;-;Euronext;2026-08-04;BBG0036R9SH8;IS0M;ISHARES ITALY GOVT BOND;ETP;GR;OK
IE00B7N3YW49;PIMETFSTHYIMETFP;STHY;ETF;ETF Plus;EUR;IE;OUI;-;Euronext;2026-08-04;BBG002QNWFH9;STHY;PIMCO AD US ST HY COR BN-USD;ETP;LN;OK
IE00B7WK2W23;UBSETFMSASTRETFP;AJEUAS;ETF;ETF Plus;EUR;IE;OUI;-;Euronext;2026-08-04;BBG00361JWH5;UIQI;UBS ETF MSCI AC ASIA EX JPN;ETP;GR;OK
IE00B7Y34M31;WISETNSP500TETFP;3USL;ETF;ETF Plus | Euronext Paris;EUR;IE;OUI;-;Euronext;2026-08-04;BBG003Q2RR65;3USL;WT S&P 500 3X DLY LEVERAGED;ETP;LN;OK
IE00B802KR88;SSGETFLOWVIMETFP;LOWV;ETF;ETF Plus;EUR;IE;OUI;-;Euronext;2026-08-04;BBG003FDCRC2;SPY1;SS SPDR S&P 5LV UCITS ETF-UI;ETP;GR;OK
IE00B810Q511;VANETFS100IMETFP;VUKE;ETF;ETF Plus;EUR;IE;OUI;-;Euronext;2026-08-04;BBG003247406;VUKE;VANG FTSE100 GBPD;ETP;LN;OK
IE00B86MWN23;ISHETFMVEUIMETFP;MVEU;ETF;ETF Plus;EUR;IE;OUI;-;Euronext;2026-08-04;BBG003P51G89;MVEU;ISHARES EDGE MSCI ERP MINVOL;ETP;LN;OK
IE00B8CJW150;INVETFMLPDIMETFP;MLPD;ETF;ETF Plus;EUR;IE;OUI;-;Euronext;2026-08-04;BBG004KGFQ81;MLPD;INVESCO MORNINGSTAR MLP DIST;ETP;LN;OK
IE00B8FHGS14;ISHETFMVOLIMETFP;MVOL;ETF;ETF Plus;EUR;IE;OUI;-;Euronext;2026-08-04;BBG003P53ZX7;MVOL;ISH EDG MSCI WLD MNVL USD A;ETP;LN;OK
IE00B8GKDB10;VANETFVHYLIMETFP;VHYL;ETF;ETF Plus | Euronext Amsterdam, Paris;EUR;IE;OUI;-;Euronext;2026-08-04;BBG004LTCND6;VHYD;VANG FTSE HDY USDD;ETP;LN;OK
IE00B8HGT870;WISETC3GOSIMETFP;3GOL;ETF;ETF Plus;EUR;IE;OUI;-;Euronext;2026-08-04;BBG003QK1D91;3GOL;WT GOLD 3X DAILY LEVERAGED;ETP;LN;OK
IE00B8JVMZ80;WISETC3HCLIMETFP;3HCL;ETF;ETF Plus;EUR;IE;OUI;-;Euronext;2026-08-04;BBG003QK1PF7;3HCL;WT COPPER 3X DAILY LEVERAGED;ETP;LN;OK
IE00B8K7KM88;WISETNSP500TETFP;3USS;ETF;ETF Plus | Euronext Paris;EUR;IE;OUI;-;Euronext;2026-08-04;BBG003Q2RRN6;3USS;WT S&P 500 3X DAILY SHORT;ETP;LN;OK
IE00B8KGV557;ISHETFEMVIMETFP;EMV;ETF;ETF Plus;EUR;IE;OUI;-;Euronext;2026-08-04;BBG003P54900;EMMV;ISHARES EDGE MSCI EM MIN VOL;ETP;LN;OK
IE00B8NB3063;WISETNFMSLTRETFP;3ITL;ETF;ETF Plus;EUR;IE;OUI;-;Euronext;2026-08-04;BBG005FGS1M9;3ITL;WT FTSE MIB 3X DLY LEVERAGED;ETP;IM;OK
IE00B8X9NY41;FIRETFFEUZIMETFP;FEUZ;ETF;ETF Plus | Euronext Amsterdam;EUR;IE;OUI;-;Euronext;2026-08-04;BBG007BNBR09;FEUZ;FIRST TRUST EUROZONE ALPHADX;ETP;LN;OK
IE00B910VR50;SSGETFSEMUIMETFP;EURO;ETF;ETF Plus;EUR;IE;OUI;-;Euronext;2026-08-04;BBG0042MMF75;ZPRE;SS SPDR MSCI EMU UCITS ETF;ETP;GR;OK
IE00B945VV12;VANETFVWCGIMETFP;VEUR;ETF;ETF Plus | Euronext Amsterdam, Paris;EUR;IE;OUI;-;Euronext;2026-08-04;BBG004LT5543;VEUR;VANG FTSE EUR EURD;ETP;LN;OK
IE00B94QLN63;WISETC2PALIMETFP;2PAL;ETF;ETF Plus;EUR;IE;OUI;-;Euronext;2026-08-04;BBG004RWQR67;2PAL;WT PALLADIUM 2X DLY LVRGD;ETP;LN;OK
IE00B94QLR02;WISETC2PALIMETFP;1PAS;ETF;ETF Plus;EUR;IE;OUI;-;Euronext;2026-08-04;BBG004RSD3W4;1PAS;WT PALLADIUM 1X DAILY SHORT;ETP;LN;OK
IE00B94ZB998;INVETFMLPDIMETFP;MLPS;ETF;ETF Plus;EUR;IE;OUI;-;Euronext;2026-08-04;BBG004KGF514;MLPS;INVESCO MORNINGSTAR MLP ACC;ETP;LN;OK
IE00B95PGT31;VANETFVJPAIMETFP;VJPN;ETF;ETF Plus | Euronext Amsterdam, Paris;EUR;IE;OUI;-;Euronext;2026-08-04;BBG004LT7VD4;VDJP;VANG FTSE JPN USDD;ETP;LN;OK
IE00B979GK47;SSGETFUSDEIMETFP;USDE;ETF;ETF Plus;EUR;IE;OUI;-;Euronext;2026-08-04;BBG00PD8W621;SPPD;SS SP US DVD ARS UCT ETF-EHD;ETP;GR;OK
IE00B99FL386;SSGETFSJNKIMETFP;SJNK;ETF;ETF Plus;EUR;IE;OUI;ESG ETF art. 8;Euronext;2026-08-04;BBG0058QD3G4;SYBK;SS SP BLOOM US HY CORP SC-UU;ETP;GR;OK
IE00B9CQXS71;SSGETFGLDVIMETFP;GLDV;ETF;ETF Plus;EUR;IE;OUI;-;Euronext;2026-08-04;BBG004G01BM3;ZPRG;SS SPDR S&P GLOBAL DIVIDEND;ETP;GR;OK
IE00B9F5YL18;VANETFVAPXIMETFP;VAPX;ETF;ETF Plus | Euronext Amsterdam, Paris;EUR;IE;OUI;-;Euronext;2026-08-04;BBG004LT9Q70;VDPX;VANG FTSEAPXJ USDD;ETP;LN;OK
IE00B9KNR336;SSGETFPADVIMETFP;PADV;ETF;ETF Plus;EUR;IE;OUI;-;Euronext;2026-08-04;BBG004HL57F9;ZPRA;SS SPDR S&P PA DA UCI ETF-UI;ETP;GR;OK
IE00B9M6RS56;ISHETFEMBEIMETFP;EMBE;ETF;ETF Plus;EUR;IE;OUI;-;Euronext;2026-08-04;BBG004T6HJS6;EMBE;ISHARES JPM USD EM BND EUR-H;ETP;LN;OK
IE00BC7GZJ81;SSGETFTRS3IMETFP;TRS3;ETF;ETF Plus;EUR;IE;OUI;-;Euronext;2026-08-04;BBG0055B6R84;SYBW;SS SPDR BBG 1-3Y US TB UE-US;ETP;GR;OK
IE00BC7GZW19;SSGETFSEUCIMETFP;SEUC;ETF;ETF Plus;EUR;IE;OUI;-;Euronext;2026-08-04;BBG0055B9GQ5;SYBD;SS SPDR BBG 0-3 YR ER CRP BD;ETP;GR;OK
IE00BC7GZX26;SSGETFSUSCIMETFP;SUSC;ETF;ETF Plus;EUR;IE;OUI;-;Euronext;2026-08-04;BBG00559YL09;SYBF;SS SPDR BLOOMBERG 0-3 YEAR U;ETP;GR;OK
IE00BCHWNQ94;XTRETFXDWYIMETFP;XDWY;ETF;ETF Plus;EUR;IE;OUI;ESG ETF art. 8;Euronext;2026-08-04;BBG00K9V3W76;XDWY;X MSCI WORLD SCRND 1D;ETP;GR;OK
IE00BCLWRB83;IS USD HEDGED CB;LQDH;ETF;Euronext Amsterdam;EUR;IE;OUI;-;Euronext;2026-08-04;BBG0058Q0LW0;LQDH;ISHARES USD CORP INTRST HDG;ETP;LN;OK
IE00BCLWRF22;ISHETFEMULIMETFP;EMUL;ETF;ETF Plus;EUR;IE;OUI;-;Euronext;2026-08-04;BBG0058Q5XT3;0MUL;ISHARES MSCI EMU LARGE CAP;ETP;LN;OK
IE00BCRY6003;IS USD SHORT HY CB;SDHY;ETF;Euronext Amsterdam | ETF Plus;EUR;IE;OUI;-;Euronext;2026-08-04;BBG005DKVQM3;SDHY;ISHARES USD SHORT DUR HY CRP;ETP;LN;OK
IE00BCRY6557;IS EURO ULTRASHORT;ERNE;ETF;Euronext Amsterdam | ETF Plus;EUR;IE;OUI;-;Euronext;2026-08-04;BBG005DTTQM7;ERNE;ISHARES EURO ULTRASHORT BOND;ETP;LN;OK
IE00BD09ZV33;LS 2X VISA;2VIS;ETF;Euronext Amsterdam;EUR;IE;OUI;-;Euronext;2026-08-04;BBG00J2CZ974;VIS2;LEVERAGE SHARES 2X VISA;ETP;LN;OK
IE00BD09ZW40;LS 2X NETFLIX;2NFL;ETF;Euronext Amsterdam;EUR;IE;OUI;-;Euronext;2026-08-04;BBG00J2D13B7;NFL2;LEVERAGE SHARES 2X NETFLIX;ETP;LN;OK
IE00BD0Q9673;INVETFHYFAIMETFP;HYFA;ETF;ETF Plus | Euronext Paris;EUR;IE;OUI;-;Euronext;2026-08-04;BBG00DQ05LX4;HYFA;INVESCO US HYFA DIST;ETP;LN;OK
IE00BD4DX952;XTRETFXQUAIMETFP;XQUA;ETF;ETF Plus;EUR;IE;OUI;ESG ETF art. 8;Euronext;2026-08-04;BBG00BM3XDH1;XQUA;X ESG EM BD QLTY WGHT 1D;ETP;GR;OK
IE00BD4DXB77;XTRETFXQUAIMETFP;XQUE;ETF;ETF Plus;EUR;IE;OUI;ESG ETF art. 8;Euronext;2026-08-04;BBG00H5XTYN3;XQUE;X ESG EM BD QLTY WGHT 1D EUR;ETP;GR;OK
IE00BD4TXS21;UBSETFCSUSIMETFP;USAUSW;ETF;ETF Plus;EUR;IE;OUI;-;Euronext;2026-08-04;BBG00DS8TW29;USAUSW;UBS ETF MSCI USA ACC;ETP;SW;OK
IE00BD4TXV59;UBSETFMSTRUSETFP;WRDA;ETF;ETF Plus;EUR;IE;OUI;-;Euronext;2026-08-04;BBG00PD42N99;UETW;UBS ETF MSCI WORLD USD A-ACC;ETP;GR;OK
IE00BD4TXW66;UBSETFSP500ETFP;UBSPX;ETF;ETF Plus;EUR;IE;OUI;-;Euronext;2026-08-04;BBG01WDFLVK6;SP5AU;UBS ETF S&P 500A;ETP;SW;OK
IE00BD4TY451;UBSETFSAUSIMETFP;AUSAUW;ETF;ETF Plus;EUR;IE;OUI;-;Euronext;2026-08-04;BBG005CB9J18;AUSCHW;UBS ETF MSCI AUSTRALIA;ETP;SW;OK
IE00BD4TYF66;UBS IRL USEUYH;UE31;ETF;Euronext Amsterdam;EUR;IE;OUI;-;Euronext;2026-08-04;BBG006K887J2;USEUYH;UBS ETF MSCI USA H. EUR;ETP;SW;OK
IE00BD4TYG73;UBSETFEUWHIMETFP;USEUWH;ETF;ETF Plus;EUR;IE;OUI;-;Euronext;2026-08-04;BBG005CBBQ55;USEUWH;UBS ETF MSCI USA H. EUR;ETP;SW;OK
IE00BD5HBS12;FT FACTOR FX EUR;FXEU;ETF;Euronext Amsterdam;EUR;IE;OUI;-;Euronext;2026-08-04;BBG00JB8HLC0;FTEUEUR;FIRST TRUST FACTORFX UCIT EU;ETP;X2;OK
IE00BD6FTQ80;INVETFBLOCOMETFP;CMOD;ETF;ETF Plus;EUR;IE;OUI;-;Euronext;2026-08-04;BBG00FM4YYQ3;CMOD;INVESCO BLOOMBERG COMMODITY;ETP;LN;OK
IE00BD6GCF16;FIRETFUNCAIMETFP;UNCA;ETF;ETF Plus;EUR;IE;OUI;-;Euronext;2026-08-04;BBG00G6YL5X2;UNCA;FIRST TRUST US EQY INC B ACC;ETP;IM;OK
IE00BD6RZT93;WISETFDHSAIMETFP;DHSA;ETF;ETF Plus;EUR;IE;OUI;ESG ETF art. 8;Euronext;2026-08-04;BBG00F343Y06;DHSA;WITR US HIG DIVD UCI ETF-USD;ETP;LN;OK
IE00BD6RZW23;WISETFDHSFIMETFP;DHSF;ETF;ETF Plus;EUR;IE;OUI;ESG ETF art. 8;Euronext;2026-08-04;BBG00F7R8B24;DHSF;WTR US HIG DVD UC ET-EUR HGD;ETP;IM;OK
IE00BD842Y21;FIRETFNQGIHEXAMS;GINC;ETF;Euronext Amsterdam;EUR;IE;OUI;-;Euronext;2026-08-04;BBG00F0JWT78;GINC;FIRST TRUST GLOBAL EQT INC;ETP;LN;OK
IE00BD8D5G25;PIMActEUHAETFP;EUHA;ETF;ETF Plus;EUR;IE;OUI;ESG ETF art. 8;Euronext;2026-08-04;BBG00HXQ8D47;EUHA;TE HIG YID COR BD UC ETF-EUR;ETP;GR;OK
IE00BD8D5H32;PIMActEUHIETFP;EUHI;ETF;ETF Plus;EUR;IE;OUI;-;Euronext;2026-08-04;BBG00HXQBML4;EUHI;TE HIG YID COR BD UC ETF-EUR;ETP;GR;OK
IE00BD9MMD49;JP ETFJU13IMETFP;JU13;ETF;ETF Plus;EUR;IE;OUI;-;Euronext;2026-08-04;BBG00KX4HH59;JU13;JPM BETAB USTRE13YR UCIT ETF;ETP;LN;OK
IE00BD9MMF62;JPMACTJESTETFP;JEST;ETF;ETF Plus;EUR;IE;OUI;ESG ETF art. 8;Euronext;2026-08-04;BBG00KVVPYP3;JSET;JPM EUR ULTSHRT INC ACT ETF;ETP;LN;OK
IE00BDBRDM35;ISHARES CORAG E H;AGGH;ETF;Euronext Amsterdam | ETF Plus;EUR;IE;OUI;-;Euronext;2026-08-04;BBG00J5HL001;0GGH;ISHARES GLB AGG EUR-H ACC;ETP;LN;OK
IE00BDBRT036;FT CLN EDG GRN NRG;QCLN;ETF;Euronext Amsterdam;EUR;IE;OUI;-;Euronext;2026-08-04;BBG00G6L2HR2;QCLU;FIRST TRUST NSDQ CLN EDG NRG;ETP;LN;OK
IE00BDD48R20;VANETFVDCAIMETFP;VUSC;ETF;ETF Plus;EUR;IE;OUI;-;Euronext;2026-08-04;BBG00KXXDJB8;VDUC;VAND USDCP1-3 USDD;ETP;LN;OK
IE00BDD48S37;VANETFI04352ETFP;VSCE;ETF;ETF Plus | Euronext Amsterdam;EUR;IE;OUI;-;Euronext;2026-08-04;BBG01SN3MRW6;VSCE;VANG ECORP 1-3 B ED;ETP;IM;OK
IE00BDDRDY39;JP ETFJMBEIMETFP;JMBE;ETF;ETF Plus;EUR;IE;OUI;-;Euronext;2026-08-04;BBG00LYB5782;JMBE;JPM USD EM SOV BD ETF EURHDG;ETP;IM;OK
IE00BDDRF700;HANETFITEKIMETFP;ITEK;ETF;ETF Plus;EUR;IE;OUI;-;Euronext;2026-08-04;BBG00M5986M0;ITEK;HAN-GINS TECH MEGATREND EQL;ETP;LN;OK
IE00BDF12W49;WISETFDEMRIMETFP;DEMR;ETF;ETF Plus;EUR;IE;OUI;ESG ETF art. 8;Euronext;2026-08-04;BBG00F340D69;DEMR;WT EME MA HI DVD UCI ETF-USD;ETP;LN;OK
IE00BDF16007;WISETFEEIAIMETFP;EEIA;ETF;ETF Plus;EUR;IE;OUI;ESG ETF art. 8;Euronext;2026-08-04;BBG00F340X01;EEIA;WT EUR HI DI UC ET-UC ETF EU;ETP;LN;OK
IE00BDF16114;WISETFDFEAIMETFP;DFEA;ETF;ETF Plus;EUR;IE;OUI;ESG ETF art. 8;Euronext;2026-08-04;BBG00F342R39;DFEA;WISDOMTREE EU SMCP DIV ACC;ETP;LN;OK
IE00BDFBTQ78;VANETFGDIGIMETFP;GDIG;ETF;ETF Plus | Euronext Paris;EUR;IE;OUI;-;Euronext;2026-08-04;BBG00KN0QQY6;GDIG;VANECK S&P GLOBAL MINING UCI;ETP;LN;OK
IE00BDFC6G93;JP ETFJMBEIMETFP;JPMB;ETF;ETF Plus;EUR;IE;OUI;-;Euronext;2026-08-04;BBG00JRVD719;JPMB;JPM USD EM SOV BD UCITS ETF;ETP;LN;OK
IE00BDFC6Q91;JPMACTJPSTETFP;JPST;ETF;ETF Plus;EUR;IE;OUI;ESG ETF art. 8;Euronext;2026-08-04;BBG00JRVDBQ3;JPST;JPM USD ULTSHRT INC ACT ETF;ETP;LN;OK
IE00BDGN9Z19;XTRETFXMVEIMETFP;XMVE;ETF;ETF Plus;EUR;IE;OUI;ESG ETF art. 8;Euronext;2026-08-04;BBG00F11YC53;XMVE;X MSCI EMU SCRND 1D;ETP;GR;OK
IE00BDGV0308;UBSETFSFMDIMETFP;USFMD;ETF;ETF Plus;EUR;IE;OUI;-;Euronext;2026-08-04;BBG00GK81XN5;USFM;UBS MSCI US SEL.FACT.MIX CHF;ETP;LN;OK
IE00BDGV0746;UBSETFMUFEIMETFP;USMUFE;ETF;ETF Plus;EUR;IE;OUI;-;Euronext;2026-08-04;BBG00HM5YVX4;USMUFE;UBS MSCI US SEL.FACT.MIX EUR;ETP;SW;OK
IE00BDQZMX67;UBSETFWESGIMETFP;AWESG;ETF;ETF Plus;EUR;IE;OUI;ESG ETF art. 8;Euronext;2026-08-04;BBG00PGSBKY1;AWESG;UBS-MSCI ACW UNV UCTS-A US I;ETP;SW;OK
IE00BDR55471;UBSETFSRIAIMETFP;AWSRIA;ETF;ETF Plus;EUR;IE;OUI;ESG ETF art. 8;Euronext;2026-08-04;BBG00R1VGX46;AWSRIA;UBS ETF ACWI SRI USD ACC;ETP;SW;OK
IE00BDR55927;UBS ETF AWSR;AWSR;ETF;Euronext Amsterdam | ETF Plus;EUR;IE;OUI;ESG ETF art. 8;Euronext;2026-08-04;BBG00JGBCN57;AWSRIE;UBS ETF ACWI SRI HDG EUR ACC;ETP;SW;OK
IE00BDR5GT91;UBSETFNDEDIMETFP;GENDED;ETF;ETF Plus;EUR;IE;OUI;ESG ETF art. 8;Euronext;2026-08-04;BBG00NZHPQF2;GENDED;UBS ETF GL GEN EQ USD A-DIS;ETP;SW;OK
IE00BDR5H073;UBSETFNDEEIMETFP;GENDEE;ETF;ETF Plus;EUR;IE;OUI;ESG ETF art. 8;Euronext;2026-08-04;BBG00JGBC8F9;GENDEE;UBS ETF GL GENDER EQ H EUR A;ETP;SW;OK
IE00BDR5HM97;XTRETFXUHYIMETFP;XUHY;ETF;ETF Plus;EUR;IE;OUI;-;Euronext;2026-08-04;BBG00JQBN3F7;XUHY;X USD HIGH YIELD BOND;ETP;GR;OK
IE00BDS67326;VANETFEMLCIMETFP;EMLC;ETF;ETF Plus | Euronext Paris;EUR;IE;OUI;-;Euronext;2026-08-04;BBG00GH11BZ9;EMLC;VANECK JPM EM LOC CUR BD ETF;ETP;LN;OK
IE00BDT6FP91;SSGETFGCVEIMETFP;GCVE;ETF;ETF Plus;EUR;IE;OUI;-;Euronext;2026-08-04;BBG00KXKMQD8;SPF1;SS SP FT GCB UCIT ETF-EUR HA;ETP;GR;OK
IE00BDT8V027;INVETFPRFEIMETFP;PRFE;ETF;ETF Plus;EUR;IE;OUI;-;Euronext;2026-08-04;BBG00KK5J974;PRFE;INVESCO PREFS EUR HDG DIST;ETP;SW;OK
IE00BDVJF675;INVETFPRFEIMETFP;PRFD;ETF;ETF Plus;EUR;IE;OUI;-;Euronext;2026-08-04;BBG00HT8QSX7;PRFD;INVESCO PREF SHARES DIST;ETP;LN;OK
IE00BDVPNG13;WISETFWTAIIMETFP;WTAI;ETF;ETF Plus | Euronext Paris;EUR;IE;OUI;ESG ETF art. 8;Euronext;2026-08-04;BBG00MNPPHT4;WTAI;WT ART INTELLIGENCE -USD ACC;ETP;LN;OK
IE00BDZCKK11;INVETFPQVMIMETFP;PQVM;ETF;ETF Plus;EUR;IE;OUI;-;Euronext;2026-08-04;BBG00GQ9JBC8;PQVM;INVESCO S&P 500 QVM;ETP;LN;OK
IE00BF01VY89;LS 2X ALPHABET;2GOO;ETF;Euronext Amsterdam;EUR;IE;OUI;-;Euronext;2026-08-04;BBG00J2B7N67;GOO2;LEVERAGE SHARES 2X ALPHABET;ETP;LN;OK
IE00BF03XH11;LS 2X AMAZON;2AMZ;ETF;Euronext Amsterdam;EUR;IE;OUI;-;Euronext;2026-08-04;BBG00J2BGVC2;AMZ2;LEVERAGE SHARES 2X AMAZON;ETP;LN;OK
IE00BF03XP94;LS 2X FACEBOOK;2FB;ETF;Euronext Amsterdam;EUR;IE;OUI;-;Euronext;2026-08-04;BBG00J2CD291;FB2;LEVERAGE SHARES 2X FACEBOOK;ETP;LN;OK
IE00BF03XR19;LS 2X GOLDMAN;2GS;ETF;Euronext Amsterdam;EUR;IE;OUI;-;Euronext;2026-08-04;BBG00J2CHT07;GS2;LEVERAGE SHARES 2X GLDMN SCH;ETP;LN;OK
IE00BF0H7608;L&G Pharma Breakth;BIOT;ETF;Euronext Amsterdam | ETF Plus;EUR;IE;OUI;-;Euronext;2026-08-04;BBG00JVDS674;BIOT;L&G PHARMA BREAKTHROUGH;ETP;LN;OK
IE00BF0M2Z96;L&G Battery Value;BATT;ETF;Euronext Amsterdam | ETF Plus;EUR;IE;OUI;ESG ETF art. 8;Euronext;2026-08-04;BBG00JVDJ512;BATT;L&G BATTERY VALUE-CHAIN;ETP;LN;OK
IE00BF0M6N54;L&G Ecommerce;ECOM;ETF;Euronext Amsterdam | ETF Plus;EUR;IE;OUI;-;Euronext;2026-08-04;BBG00JVDPV36;ECOM;L&G ECOMMERCE LOGISTICS;ETP;LN;OK
IE00BF11F458;ISHETFFLOEIMETFP;FLOE;ETF;ETF Plus;EUR;IE;OUI;-;Euronext;2026-08-04;BBG00HBNH8M9;0FLE;ISH USD FLOAT BOND EUR-H DIS;ETP;LN;OK
IE00BF11F565;ISHETFXBLCIMETFP;IEAA;ETF;ETF Plus;EUR;IE;OUI;-;Euronext;2026-08-04;BBG00HPCW850;IEAA;ISHARES CORE EUR CORP EUR A;ETP;LN;OK
IE00BF16M727;FIRETFCIBRIMETFP;CIBR;ETF;ETF Plus;EUR;IE;OUI;-;Euronext;2026-08-04;BBG00V314SC6;CIBR;FIRST TRUST CYBERSECURITY;ETP;LN;OK
IE00BF1B7389;SSGETFEACWIMETFP;EACW;ETF;ETF Plus;EUR;IE;OUI;-;Euronext;2026-08-04;BBG00QD6CGQ7;SPP1;SS SP MS AL CO WO U E-EUR HD;ETP;GR;OK
IE00BF1QPL78;SSGETFGLAEIMETFP;GLAE;ETF;ETF Plus;EUR;IE;OUI;-;Euronext;2026-08-04;BBG00K1JYF10;SPFE;SS SPDR BGAB UCITS ETF-EUR H;ETP;GR;OK
IE00BF2B0K52;FRAETFFLXEIMETFP;FLXE;ETF;ETF Plus;EUR;IE;OUI;-;Euronext;2026-08-04;BBG00HW8XP25;FLXE;FRANKLIN LIBERTYSHARES ICAV-;ETP;GR;OK
IE00BF2B0L69;FRAETFFLXDIMETFP;FLXD;ETF;ETF Plus;EUR;IE;OUI;-;Euronext;2026-08-04;BBG00HMP37M9;FLXD;FRKLN EUR QULTY DVD ETF;ETP;GR;OK
IE00BF2B0M76;FRAETFFLXXIMETFP;FLXX;ETF;ETF Plus;EUR;IE;OUI;-;Euronext;2026-08-04;BBG00HMP6MD3;FLXX;FRANKLIN GLOBAL QUALITY DIVI;ETP;GR;OK
IE00BF2B0P08;FRAETFFLXUIMETFP;FLXU;ETF;ETF Plus | Euronext Paris;EUR;IE;OUI;-;Euronext;2026-08-04;BBG00HMP4J51;FLXU;FRANKLIN US EQUITY UCITS ETF;ETP;GR;OK
IE00BF2FN646;INVETF7EUAIMETFP;TREX;ETF;ETF Plus;EUR;IE;OUI;-;Euronext;2026-08-04;BBG00N0NKZZ0;TREX;INVESCO US TRES 7-10 YR DIST;ETP;LN;OK
IE00BF2FN869;INVETF7EUAIMETFP;TRXE;ETF;ETF Plus;EUR;IE;OUI;-;Euronext;2026-08-04;BBG00NKVPS54;TRDE;INVESCO US TRES 7-10 YR EHD;ETP;GR;OK
IE00BF2FNG46;INVETF1EUAITETFP;TRE3;ETF;ETF Plus;EUR;IE;OUI;-;Euronext;2026-08-04;BBG00N0MHQ95;TRE3;INVESCO US TRES 1-3 YR DIST;ETP;LN;OK
IE00BF2FNQ44;INVETFTRE7IMETFP;TRE7;ETF;ETF Plus;EUR;IE;OUI;-;Euronext;2026-08-04;BBG00N0NB693;TRE7;INVESCO US TRES 3-7 YR DIST;ETP;LN;OK
IE00BF2GFH28;INVETFTRESIMETFP;TRES;ETF;ETF Plus;EUR;IE;OUI;-;Euronext;2026-08-04;BBG00N0M9KB4;TRES;INVESCO US TREASURY DIST;ETP;LN;OK
IE00BF3N7094;ISHETFIHYGIMXAMS;HIGH;ETF;Euronext Amsterdam;EUR;IE;OUI;-;Euronext;2026-08-04;BBG00HPCVLG0;HIGH;ISHARES EURO HY CORP EUR ACC;ETP;LN;OK
IE00BF3N7102;ISHETFIHYUIMETFP;IHYE;ETF;ETF Plus;EUR;IE;OUI;-;Euronext;2026-08-04;BBG00J5H9KM7;IHYE;ISHARES USD HY CORP EUR-H D;ETP;LN;OK
IE00BF4G6Y48;JPMACTJREGETFP;JREG;ETF;ETF Plus;EUR;IE;OUI;ESG ETF art. 8;Euronext;2026-08-04;BBG00LYB3ZL7;JREG;JPM GLOBAL REI EQ ACTIVE ETF;ETP;LN;OK
IE00BF4G6Z54;JPMACTJREMETFP;JREM;ETF;ETF Plus;EUR;IE;OUI;ESG ETF art. 8;Euronext;2026-08-04;BBG00MK1PQ47;JREM;JPM GL EM REI ACT UCITS ETF;ETP;LN;OK
IE00BF4G7076;JPMACTJREUETFP;JREU;ETF;ETF Plus;EUR;IE;OUI;ESG ETF art. 8;Euronext;2026-08-04;BBG00LYB2G58;JREU;JPM US REI EQ ACTIVE ETF;ETP;LN;OK
IE00BF4G7183;JPMACTJREEETFP;JREE;ETF;ETF Plus;EUR;IE;OUI;ESG ETF art. 8;Euronext;2026-08-04;BBG00LYB3G02;JREE;JPM EUROPE REI ACT UCITS ETF;ETP;LN;OK
IE00BF4J0300;INVETFBLOCOMETFP;CMOE;ETF;ETF Plus;EUR;IE;OUI;-;Euronext;2026-08-04;BBG00LNMB7F5;CMOE;IVZ BLOOMBERG COMMOD EUR HDG;ETP;IM;OK
IE00BF4NQ904;HSBETFCNYEIMETFP;HMCA;ETF;ETF Plus;EUR;IE;OUI;-;Euronext;2026-08-04;BBG00LG7JXF1;HMCA;HSBC MSCI CHINA A UCITS ETF;ETP;LN;OK
IE00BF4TW453;WISETN3UBSIMETFP;3UBS;ETF;ETF Plus;EUR;IE;OUI;-;Euronext;2026-08-04;BBG00JC79YX9;3UBS;WT BUND 30Y 3X DAILY SHORT;ETP;IM;OK
IE00BF4TW784;WISETNUL3SIMETFP;UL3S;ETF;ETF Plus;EUR;IE;OUI;-;Euronext;2026-08-04;BBG00JC7SBG7;UL3S;WT US TREAS 30Y 3X DLY SHORT;ETP;IM;OK
IE00BF4TWC33;WISETCMETAIMETFP;META;ETF;ETF Plus;EUR;IE;OUI;-;Euronext;2026-08-04;BBG00NDMTFV7;META;WT INDUS METALS ENHANCED;ETP;LN;OK
IE00BF4TWF63;WISETCBENEIMETFP;BENE;ETF;ETF Plus;EUR;IE;OUI;-;Euronext;2026-08-04;BBG00NDN01V7;BENE;WT ENERGY ENHANCED;ETP;LN;OK
IE00BF51K025;INVETFPUIGIMETFP;PUIG;ETF;ETF Plus;EUR;IE;OUI;ESG ETF art. 8;Euronext;2026-08-04;BBG00J7B7DY3;PUIG;INV USD IG CRP BN ESG CT-USD;ETP;LN;OK
IE00BF51K132;INVETFPEMDIMETFP;PEMD;ETF;ETF Plus;EUR;IE;OUI;-;Euronext;2026-08-04;BBG00J7BH436;PEMD;INVESCO EM USD BOND;ETP;LN;OK
IE00BF51K249;INVETFPSFEIMETFP;PSFE;ETF;ETF Plus;EUR;IE;OUI;ESG ETF art. 8;Euronext;2026-08-04;BBG00J7BGKF8;PSFE;INVSCO EI CRP BD ES CT UE-AU;ETP;GR;OK
IE00BF540Z61;VANETFGFAIMETFP;GFA;ETF;ETF Plus | Euronext Paris;EUR;IE;OUI;-;Euronext;2026-08-04;BBG00K9V8B22;GFA;VANECK GL FALLEN ANGL HY ETF;ETP;LN;OK
IE00BF541080;VANETFHYEMIMETFP;HYEM;ETF;ETF Plus | Euronext Paris;EUR;IE;OUI;-;Euronext;2026-08-04;BBG00K9V76L3;HYEM;VANECK EMERG MARKETS HY ETF;ETP;LN;OK
IE00BF553838;ISHARES JPMESG;EMSA;ETF;Euronext Amsterdam | ETF Plus;EUR;IE;OUI;ESG ETF art. 8;Euronext;2026-08-04;BBG00M0NRBS6;EMSA;ISHARES JPM ESG USD EM BD A;ETP;LN;OK
IE00BF59RV63;JPMACTJRUBETFP;JRUB;ETF;ETF Plus;EUR;IE;OUI;ESG ETF art. 8;Euronext;2026-08-04;BBG00MK163T2;JRUB;JPM USD IG CORP BND ACT ETF;ETP;LN;OK
IE00BF59RW70;JPMACTJR15ETFP;JR15;ETF;ETF Plus;EUR;IE;OUI;ESG ETF art. 8;Euronext;2026-08-04;BBG00MK0N4L1;JR15;JPM EUR 1-5 IG CORP ACT ETF;ETP;LN;OK
IE00BF59RX87;JPMACTJREBETFP;JREB;ETF;ETF Plus;EUR;IE;OUI;ESG ETF art. 8;Euronext;2026-08-04;BBG00MK0XJ55;JRBE;JPM EUR IG CORP BND ACT ETF;ETP;LN;OK
IE00BF5DXP42;FIRETFBLOKIMETFP;BLOK;ETF;ETF Plus;EUR;IE;OUI;-;Euronext;2026-08-04;BBG00KH6T939;BLOK;FT INDXX INNOV TRNSACT&PROCS;ETP;LN;OK
IE00BF8HV600;PIMETFSTHEIMETFP;STHE;ETF;ETF Plus;EUR;IE;OUI;-;Euronext;2026-08-04;BBG005D1WHC5;STHE;PIMCO US SH-TR HY COR BN-EUR;ETP;LN;OK
IE00BF8J5974;XTRETFXYLDIMETFP;XYLD;ETF;ETF Plus;EUR;IE;OUI;ESG ETF art. 8;Euronext;2026-08-04;BBG00K5S60L8;XYLD;X USD CORP SD SRI PAB 1D;ETP;GR;OK
IE00BF92J153;L&GETFDPAYIMETFP;DPAY;ETF;ETF Plus;EUR;IE;OUI;ESG ETF art. 8;Euronext;2026-08-04;BBG01137X082;DPAY;L&G DIGITAL PAYMENTS;ETP;LN;OK
IE00BF92LV92;OSSACT5HEEETFP;5HEE;ETF;ETF Plus;EUR;IE;OUI;ESG ETF art. 8;Euronext;2026-08-04;BBG00KR5YZD5;5HEE;OSSIAM ESG LW CRB SHL BRC US;ETP;LN;OK
IE00BFD26097;FIRETFEFPXIMETFP;EFPX;ETF;ETF Plus;EUR;IE;OUI;-;Euronext;2026-08-04;BBG011F5Q189;FPXE;FIRST TRUST IPOX EUROPE EQY;ETP;LN;OK
IE00BFD2H405;FIRETFFSKYIMETFP;FSKY;ETF;ETF Plus | Euronext Amsterdam;EUR;IE;OUI;-;Euronext;2026-08-04;BBG00MV2M2X7;FSKY;FIRST TRUST CLOUD COMPUTING;ETP;LN;OK
IE00BFM15T99;ISHARES JAPAN IMI;SJPD;ETF;Euronext Amsterdam - Multi-currency Trading;USD;IE;OUI;ESG ETF art. 8;Euronext;2026-08-04;BBG00MR96TD8;SJPD;ISHARES CORE JP IMI USD-DIST;ETP;NA;OK
IE00BFM6TB42;ISHETFCORPIMETFP;CRPA;ETF;ETF Plus;EUR;IE;OUI;-;Euronext;2026-08-04;BBG00KSMQLG4;CRPA;ISHARES GLOBAL CORP USD ACC;ETP;LN;OK
IE00BFMNHK08;XTRETFXZEUIMETFP;XZEU;ETF;ETF Plus;EUR;IE;OUI;ESG ETF art. 8;Euronext;2026-08-04;BBG00KSL8B50;XZEU;X MSCI EU ESG 1C;ETP;GR;OK
IE00BFMNPS42;XTRETFXZMUIMETFP;XZMU;ETF;ETF Plus;EUR;IE;OUI;ESG ETF art. 8;Euronext;2026-08-04;BBG00KSL8NC6;XZMU;X MSCI USA ESG 1C;ETP;GR;OK
IE00BFMXVQ44;VANETFMXNUKETFP;VMIG;ETF;ETF Plus;EUR;IE;OUI;-;Euronext;2026-08-04;BBG00P4FWNH2;VMIG;VANG FTSE250 GBPA;ETP;LN;OK
IE00BFMXXD54;VANETFSP500ETFP;VUAA;ETF;ETF Plus;EUR;IE;OUI;-;Euronext;2026-08-04;BBG00P4FTPJ9;VUAA;VANG S&P500 USDA;ETP;LN;OK
IE00BFMXYX26;VANETFVJPAIMETFP;VJPA;ETF;ETF Plus;EUR;IE;OUI;-;Euronext;2026-08-04;BBG00QB6RX22;VJPA;VANG FTSE JPN USDA;ETP;LN;OK
IE00BFMXYY33;VANETFVJPEIMETFP;VJPE;ETF;ETF Plus;EUR;IE;OUI;-;Euronext;2026-08-04;BBG00RJSDPZ0;VJPE;VANG FTSE JPN EUR HEDGED ACC;ETP;GR;OK
IE00BFNM3J75;ISHETFSAWDIMETFP;SAWD;ETF;ETF Plus;EUR;IE;OUI;ESG ETF art. 8;Euronext;2026-08-04;BBG00M921G64;SAWD;ISHARES MSCI WORLD SCREENED;ETP;LN;OK
IE00BFNNN236;WISETFCOBOIMETFP;COBO;ETF;ETF Plus;EUR;IE;OUI;ESG ETF art. 8;Euronext;2026-08-04;BBG00LPY89M9;COBO;WT AT1 COCO ETF EUR HEDGED;ETP;IM;OK
IE00BFNNN343;WISETFCOBOIMETFP;COBA;ETF;ETF Plus;EUR;IE;OUI;ESG ETF art. 8;Euronext;2026-08-04;BBG01SSFHJQ5;COBA;WT AT1 COCO ETF - EUR HGD AC;ETP;IM;OK
IE00BFWFPX50;SPDR US COMMS;SXLC;ETF;Euronext Amsterdam | ETF Plus;EUR;IE;OUI;-;Euronext;2026-08-04;BBG00LPLNRV0;ZPDK;SS SPDR S&P US COM SSS UC-UA;ETP;GR;OK
IE00BFWFPY67;SSGETFEMLAIMETFP;EMLA;ETF;ETF Plus;EUR;IE;OUI;-;Euronext;2026-08-04;BBG00LG7G1J0;SPFA;SS SPDR BBG EML BN UC-USD AC;ETP;GR;OK
IE00BFWXDV39;FRAETFFLQAIMETFP;FLQA;ETF;ETF Plus | Euronext Paris;EUR;IE;OUI;-;Euronext;2026-08-04;BBG00LWQ7903;FVSJ;FRK FTSE ASIA XCH XJP ETF;ETP;GR;OK
IE00BFWXDX52;FRAACTFLUCETFP;FLUC;ETF;ETF Plus;EUR;IE;OUI;-;Euronext;2026-08-04;BBG00L4B0058;FVUI;FRANKLIN USDINGRCPBDUCITSETF;ETP;GR;OK
IE00BFWXDY69;FRAACTFLESETFP;FLES;ETF;ETF Plus;EUR;IE;OUI;ESG ETF art. 8;Euronext;2026-08-04;BBG00L4B0Z33;FVSH;FRANKLIN EUR SH MT UCITS ETF;ETP;GR;OK
IE00BFXR5Q31;L&G Core US Eq.;LGUS;ETF;Euronext Amsterdam | ETF Plus;EUR;IE;OUI;-;Euronext;2026-08-04;BBG00MH63VH9;LGUS;L&G US EQUITY UCITS ETF;ETP;LN;OK
IE00BFXR5S54;L&G Global Eq.;LGGL;ETF;Euronext Amsterdam | ETF Plus;EUR;IE;OUI;-;Euronext;2026-08-04;BBG00MH66J10;LGGL;L&G GLOBAL EQUITY UCITS ETF;ETP;LN;OK
IE00BFXR5T61;L&G Core Japan Eq.;LGJP;ETF;Euronext Amsterdam | ETF Plus;EUR;IE;OUI;-;Euronext;2026-08-04;BBG00MH67YH9;LGJP;L&G JAPAN EQUITY UCITS ETF;ETP;LN;OK
IE00BFXR5V83;L&G EU x UK Eq.;LGEU;ETF;Euronext Amsterdam | ETF Plus;EUR;IE;OUI;-;Euronext;2026-08-04;BBG00MH68K42;LGEU;L&G EUROPE EX UK EQUITY;ETP;LN;OK
IE00BFXR5W90;L&G APAC x JP Eq.;LGAP;ETF;Euronext Amsterdam | ETF Plus;EUR;IE;OUI;-;Euronext;2026-08-04;BBG00MH69GJ4;LGAP;L&G ASIA PACIFIC EX JAPAN EQ;ETP;LN;OK
IE00BFXR6159;L&GETFENCOIMETFP;ENCO;ETF;ETF Plus;EUR;IE;OUI;-;Euronext;2026-08-04;BBG011LY88Y5;ENCO;L&G ENHANCED COMM UCITS ETF;ETP;LN;OK
IE00BFXR7892;KRANE CSI INTERNET;KWEB;ETF;Euronext Amsterdam - Multi-currency Trading;USD;IE;OUI;-;Euronext;2026-08-04;BBG00M83NZW8;KWEB;KRANESHARES CSI CHINA INTRNT;ETP;LN;OK
IE00BFXR7900;KRAETFKWEBIMETFP;KWBE;ETF;ETF Plus;EUR;IE;OUI;-;Euronext;2026-08-04;BBG00M83P623;KWBE;KRANESHARES CSI CHINA IT EUR;ETP;LN;OK
IE00BFXYHY63;iSh $TR BD 3-7yr;OM3M;ETF;Euronext Amsterdam - Multi-currency Trading;USD;IE;OUI;-;Euronext;2026-08-04;BBG00L50MNZ4;OM3M;ISHARES USD TRES 3-7YR USD D;ETP;GR;OK
IE00BFY0GT14;SPDR WORLD;SWRD;ETF;Euronext Amsterdam | ETF Plus;EUR;IE;OUI;-;Euronext;2026-08-04;BBG00NG1CJQ6;SPPW;SS SPDR MSCI WORLD UC-USD AC;ETP;GR;OK
IE00BFY0GV36;SPDR BB SB USCorEH;USCE;ETF;Euronext Amsterdam;EUR;IE;OUI;ESG ETF art. 8;Euronext;2026-08-04;BBG010MLF3W9;USCE;SS SP BBG US COR SCOR UE-EHA;ETP;NA;OK
IE00BFYN8Y92;EMQQ-INTRNTECOMM;EMQQ;ETF;Euronext Paris | ETF Plus;EUR;IE;OUI;ESG ETF art. 8;Euronext;2026-08-04;BBG00M14JTJ7;EMQQ;EMQQ EMERGING MI UCITS ETF;ETP;LN;OK
IE00BFZPF322;INVETFAT1IMETFP;AT1;ETF;ETF Plus;EUR;IE;OUI;ESG ETF art. 8;Euronext;2026-08-04;BBG00L7M6VQ4;AT1;IVZ USD AT1 COCO BND ETF - A;ETP;LN;OK
IE00BFZPF439;INVETFAT1IMETFP;XAT1;ETF;ETF Plus;EUR;IE;OUI;ESG ETF art. 8;Euronext;2026-08-04;BBG00L7P3818;XAT1;INVES USD AT1 CB UCITS-EURHI;ETP;GR;OK
IE00BFZPF546;ISHETFGBIE10XPAR;EMGA;ETF;Euronext Paris;EUR;IE;OUI;-;Euronext;2026-08-04;BBG00KXKPMR9;EMGA;ISHARES JPM EM LCL GOV USD-A;ETP;LN;OK
IE00BFZXGZ54;INVETFND100ETFP;EQAC;ETF;ETF Plus;EUR;IE;OUI;-;Euronext;2026-08-04;BBG00M0GCZH6;EQAC;INVESCO NASDAQ 100 ACC;ETP;SW;OK
IE00BG04M077;XTRETFCSUSIMETFP;XD9E;ETF;ETF Plus;EUR;IE;OUI;-;Euronext;2026-08-04;BBG00KN0Q3Y7;XD9E;X MSCI USA 2C EUR;ETP;GR;OK
IE00BG0J4C88;Digital Sec Acc;LOCK;ETF;Euronext Amsterdam | ETF Plus;EUR;IE;OUI;ESG ETF art. 8;Euronext;2026-08-04;BBG00L50HTB3;LOCK;ISHARES DIGITAL SCRTY USD-A;ETP;LN;OK
IE00BG0NY640;INVETFICFPIMETFP;ICFP;ETF;ETF Plus;EUR;IE;OUI;ESG ETF art. 8;Euronext;2026-08-04;BBG00MFBV675;ICFP;INVSC MSCI EUR CAT PRI UCI-D;ETP;GR;OK
IE00BG0SSC32;FT DJ Internet;FDNE;ETF;Euronext Amsterdam;EUR;IE;OUI;-;Euronext;2026-08-04;BBG00L4NYW28;FDN;FIRST TRUST DJ INTERNET ETF;ETP;LN;OK
IE00BG0TQB18;INVETFAT1IMETFP;AT1D;ETF;ETF Plus;EUR;IE;OUI;ESG ETF art. 8;Euronext;2026-08-04;BBG00M0X3L71;AT1D;INVES USD AT1 CB UCITS-USDDI;ETP;IM;OK
IE00BG21M733;INVETFVRPSIMETFP;VRPS;ETF;ETF Plus;EUR;IE;OUI;-;Euronext;2026-08-04;BBG00M531J88;VRPS;INVESCO VAR RATE PREF SHRS;ETP;LN;OK
IE00BG36TC12;XTRETFXZMJIMETFP;XZMJ;ETF;ETF Plus;EUR;IE;OUI;ESG ETF art. 8;Euronext;2026-08-04;BBG00KMXMZ88;XZMJ;X MSCI JAPAN ESG 1C;ETP;GR;OK
IE00BG370F43;XTRETFXZEMIMETFP;XZEM;ETF;ETF Plus;EUR;IE;OUI;ESG ETF art. 8;Euronext;2026-08-04;BBG00QFT37H5;XZEM;X MSCI EM ESG 1C;ETP;GR;OK
IE00BG47KH54;VANETFVAGFIMETFP;VAGF;ETF;ETF Plus;EUR;IE;OUI;-;Euronext;2026-08-04;BBG00PG1QC27;VAGF;VANG GLBAGG ETF EUR H ACC;ETP;GR;OK
IE00BG5QQ390;ISHETFIU0EIMETFP;IU0E;ETF;ETF Plus;EUR;IE;OUI;ESG ETF art. 8;Euronext;2026-08-04;BBG00MZ4ZMS7;IU0E;ISH USD CORP 0-3YR ESG EURHA;ETP;GR;OK
IE00BG7PP820;INVETFXLCSIMETFP;XLCS;ETF;ETF Plus;EUR;IE;OUI;-;Euronext;2026-08-04;BBG00LYB7XZ3;XLCS;INVESCO US COMMUNICATION S&P;ETP;LN;OK
IE00BG88WG77;WISETFWCOEIMETFP;WCOE;ETF;ETF Plus;EUR;IE;OUI;-;Euronext;2026-08-04;BBG00LPCFRX7;WCOE;WT ENH CMDTY -EUR HEDGED ACC;ETP;IM;OK
IE00BG8BCY43;JPMACTJPSAETFP;JPSA;ETF;ETF Plus;EUR;IE;OUI;-;Euronext;2026-08-04;BBG00MK0H8M8;JPSA;JPM USD ULTSHRT INC ACT ETF;ETP;LN;OK
IE00BGBN6P67;INVETFBCHNIMETFP;BCHN;ETF;ETF Plus;EUR;IE;OUI;-;Euronext;2026-08-04;BBG00NHX4J20;BCHN;IVZ COINSHRS BLOCKCHAIN UCIT;ETP;LN;OK
IE00BGDPWW94;ISHARES EUROPE SRI;ISED;ETF;Euronext Amsterdam;EUR;IE;OUI;ESG ETF art. 8;Euronext;2026-08-04;BBG00MR983G0;ISED;ISHARES EUROPE SRI EUR-DIST;ETP;NA;OK
IE00BGDQ0T50;ISHARES EM SRI USD;SEMD;ETF;Euronext Amsterdam - Multi-currency Trading;USD;IE;OUI;ESG ETF art. 8;Euronext;2026-08-04;BBG00MR98076;SEMD;ISHARES MSCI EM SRI USD-DIST;ETP;NA;OK
IE00BGDQ0V72;ISHARES JAPAN SRI;SUJD;ETF;Euronext Amsterdam - Multi-currency Trading;USD;IE;OUI;ESG ETF art. 8;Euronext;2026-08-04;BBG00MR98245;SUJD;ISHARES MSCI JPN SRI USD-DIS;ETP;NA;OK
IE00BGHQ0G80;XTRETFXMAWIMETFP;XMAW;ETF;ETF Plus;EUR;IE;OUI;ESG ETF art. 8;Euronext;2026-08-04;BBG005Z1QVH2;XMAW;X MSCI ACWI SCRND 1C;ETP;GR;OK
IE00BGJWWT11;INVETFEIB7IMETFP;EIB7;ETF;ETF Plus;EUR;IE;OUI;-;Euronext;2026-08-04;BBG00Q395MP8;EIB7;INVESCO EUR GOV BOND 5-7;ETP;GR;OK
IE00BGJWWV33;INVETFEIB5IMETFP;EIB5;ETF;ETF Plus;EUR;IE;OUI;-;Euronext;2026-08-04;BBG00Q392T67;EIB5;INVESCO EUR GOV BOND 3-5;ETP;GR;OK
IE00BGJWWW40;INVETFEIBXIMETFP;EIBX;ETF;ETF Plus;EUR;IE;OUI;-;Euronext;2026-08-04;BBG00Q3960V8;EIBX;INVESCO EUR GOV BOND 7-10;ETP;GR;OK
IE00BGJWWX56;INVETFEIBBIMETFP;EIBB;ETF;ETF Plus;EUR;IE;OUI;-;Euronext;2026-08-04;BBG00Q391GG5;EIBB;INVESCO EUR GOV BOND;ETP;GR;OK
IE00BGJWWY63;INVETFEIB3IMETFP;EIB3;ETF;ETF Plus;EUR;IE;OUI;-;Euronext;2026-08-04;BBG00Q3928H1;EIB3;INVESCO EUR GOV BOND 1-3;ETP;GR;OK
IE00BGL86Z12;El Vcls Drng Tch A;ECAR;ETF;Euronext Amsterdam | ETF Plus;EUR;IE;OUI;ESG ETF art. 8;Euronext;2026-08-04;BBG00NBPGM41;ECAR;ISHARES EV & E DRIV TECH;ETP;LN;OK
IE00BGQYRS42;XTRETFXUTCIMETFP;XUTC;ETF;ETF Plus;EUR;IE;OUI;-;Euronext;2026-08-04;BBG00HLB5R81;XUTC;X MSCI USA INFO TECH 1D;ETP;GR;OK
IE00BGV5VN51;XTRETFXAIXIMETFP;XAIX;ETF;ETF Plus;EUR;IE;OUI;-;Euronext;2026-08-04;BBG00N2PX1M8;XAIX;X ARTIFICIAL INTEL BIG DA 1C;ETP;GR;OK
IE00BGV5VR99;XTRETFXMOVIMETFP;XMOV;ETF;ETF Plus;EUR;IE;OUI;-;Euronext;2026-08-04;BBG00N2PVT94;XMOV;X FUTURE MOBILITY 1C;ETP;GR;OK
IE00BGYWCB81;VANETFVDEAIMETFP;VDEA;ETF;ETF Plus;EUR;IE;OUI;-;Euronext;2026-08-04;BBG00NBPB7L0;VEMA;VANG USDEMGVB USDA;ETP;LN;OK
IE00BGYWFK87;VANETFVUCEIMETFP;VUCE;ETF;ETF Plus;EUR;IE;OUI;-;Euronext;2026-08-04;BBG00NBPB213;VCPA;VANG USDCPBD USDA;ETP;LN;OK
IE00BGYWFL94;VANETFVDCEIMETFP;VDCE;ETF;ETF Plus;EUR;IE;OUI;-;Euronext;2026-08-04;BBG00WJSCM32;VDCE;VANG USDCPBD EUR HGD A;ETP;GR;OK
IE00BGYWFS63;VANETFVDTAIMETFP;VDTA;ETF;ETF Plus;EUR;IE;OUI;-;Euronext;2026-08-04;BBG00NBPBFP8;VUTA;VANGU USDTRBD USDA;ETP;LN;OK
IE00BGYWSV06;VANETFVDCAIMETFP;VDCA;ETF;ETF Plus;EUR;IE;OUI;-;Euronext;2026-08-04;BBG00NBP9QC1;VSCA;VAND USDCP1-3 USDA;ETP;LN;OK
IE00BGYWSW13;VANETFH33680ETFP;VCDE;ETF;ETF Plus;EUR;IE;OUI;-;Euronext;2026-08-04;BBG01J9HTP58;VCDE;VANG USD CB1-3 ETF EUR H ACC;ETP;GR;OK
IE00BGYWT403;VANETFVECAIMETFP;VECA;ETF;ETF Plus;EUR;IE;OUI;-;Euronext;2026-08-04;BBG00NBPBVG3;VECA;VANG EURCPBD EURA;ETP;LN;OK
IE00BH04FZ00;VANETFI04352ETFP;VSCF;ETF;ETF Plus | Euronext Amsterdam;EUR;IE;OUI;-;Euronext;2026-08-04;BBG01SN3MRL8;VSCF;VANG E CORP 1-3 B EA;ETP;IM;OK
IE00BH04GL39;VANETFVGEAIMETFP;VGEA;ETF;ETF Plus;EUR;IE;OUI;-;Euronext;2026-08-04;BBG00NBP9J64;VETA;VANG EURGVBD EURA;ETP;LN;OK
IE00BH3X8336;PIMETFEMLIIMETFP;EMLI;ETF;ETF Plus;EUR;IE;OUI;-;Euronext;2026-08-04;BBG005XF8D47;EMLI;PIMCO ADV EMG MRK LO BN E-UI;ETP;LN;OK
IE00BH4GPZ28;SPDR SP 500 Acc;500X;ETF;Euronext Amsterdam | ETF Plus;EUR;IE;OUI;ESG ETF art. 8;Euronext;2026-08-04;BBG00R05PTF1;SPPY;SS SPDR S&P 5 LD UCIT ETF-UA;ETP;GR;OK
IE00BHJYDV33;INVETFMDAXETFP;MDAX;ETF;ETF Plus;EUR;IE;OUI;-;Euronext;2026-08-04;BBG00N86HCF6;DEAM;INVESCO MDAX UCITS ETF;ETP;GR;OK
IE00BHXMHL11;UBSETFPESGITETFP;SPESG;ETF;ETF Plus;EUR;IE;OUI;ESG ETF art. 8;Euronext;2026-08-04;BBG00NWMJQC4;S5ESG;UBS ETF SP 500 SCR & SCR-USD;ETP;SW;OK
IE00BHXMHQ65;UBSETF500HIMETFP;5ESGE;ETF;ETF Plus;EUR;IE;OUI;ESG ETF art. 8;Euronext;2026-08-04;BBG00NQBP160;S5SG;UB ET SP 50 SCR & SC-HE EU A;ETP;GR;OK
IE00BHZPJ015;ISHETFENMUIMETFP;ENMU;ETF;ETF Plus;EUR;IE;OUI;ESG ETF art. 8;Euronext;2026-08-04;BBG00NVB9G96;EDM4;ISH MS EM ES EN CTB UC-USDAC;ETP;GR;OK
IE00BHZPJ239;ISHETFEMEGIMETFP;EMEG;ETF;ETF Plus;EUR;IE;OUI;ESG ETF art. 8;Euronext;2026-08-04;BBG00NVB8ZQ6;EDM2;ISH MS EM E EN CTB U ETF-USA;ETP;GR;OK
IE00BHZPJ452;ISHETFEJPYIMETFP;EJPY;ETF;ETF Plus;EUR;IE;OUI;ESG ETF art. 8;Euronext;2026-08-04;BBG00NVB9N64;EDMJ;ISHARE MSCI JPN EN CTB-USAC;ETP;GR;OK
IE00BHZPJ569;ISHETFENWDIMETFP;ENWD;ETF;ETF Plus;EUR;IE;OUI;ESG ETF art. 8;Euronext;2026-08-04;BBG00NVB9VV8;EDMW;ISH MSCI WRLD CTB EHD ESG-UA;ETP;GR;OK
IE00BHZPJ783;ISHETFESEGIMETFP;ESEG;ETF;ETF Plus;EUR;IE;OUI;ESG ETF art. 8;Euronext;2026-08-04;BBG00NVB9XW3;EDM6;ISHARES MS EUR EE CTB UCI-UA;ETP;GR;OK
IE00BHZPJ908;ISHETFEDMEIMETFP;EDME;ETF;ETF Plus;EUR;IE;OUI;ESG ETF art. 8;Euronext;2026-08-04;BBG00NVB9SC6;EDMU;ISHARE MSCI ENH CTB UCITS-UA;ETP;GR;OK
IE00BHZRQY00;FRAETFFLXBIMETFP;FLXB;ETF;ETF Plus | Euronext Amsterdam;EUR;IE;OUI;-;Euronext;2026-08-04;BBG00P80KDN9;FLXB;FRK FTSE BRAZIL UCITS ETF;ETP;GR;OK
IE00BHZRQZ17;FRAETFFLXIIMETFP;FLXI;ETF;ETF Plus | Euronext Amsterdam;EUR;IE;OUI;-;Euronext;2026-08-04;BBG00PF9NHJ5;FLXI;FRK FTSE INDIA UCITS ETF;ETP;GR;OK
IE00BHZRR030;FRAETFFLXKIMETFP;FLXK;ETF;ETF Plus | Euronext Amsterdam;EUR;IE;OUI;-;Euronext;2026-08-04;BBG00P80NQ11;FLXK;FRK FTSE KOREA UCITS ETF;ETP;GR;OK
IE00BHZRR147;FRAETFFLXCIMETFP;FLXC;ETF;ETF Plus | Euronext Amsterdam;EUR;IE;OUI;-;Euronext;2026-08-04;BBG00P80NDL8;FLXC;FRK FTSE CHINA UCITS ETF;ETP;GR;OK
IE00BHZRR253;FRAACTFLRGETFP;FLRG;ETF;ETF Plus | Euronext Amsterdam;EUR;IE;OUI;ESG ETF art. 9;Euronext;2026-08-04;BBG00NW17W67;FLRG;FRANK SU EUR GN BD UCITS ETF;ETP;GR;OK
IE00BJ06C937;JP ETFJMBEIMETFP;JMBA;ETF;ETF Plus;EUR;IE;OUI;-;Euronext;2026-08-04;BBG00QTQ2DN7;JMBA;JPM USD EM SOV BD USD ACC;ETP;LN;OK
IE00BJ0KDQ92;XTRETFMSTRUSETFP;XDWD;ETF;ETF Plus;EUR;IE;OUI;-;Euronext;2026-08-04;BBG006S4LZ33;XDWD;X MSCI WORLD 1C;ETP;GR;OK
IE00BJ0KDR00;XTRETFCSUSIMETFP;XD9U;ETF;ETF Plus;EUR;IE;OUI;-;Euronext;2026-08-04;BBG006BNJ2V4;XD9U;X MSCI USA UCITS ETF;ETP;GR;OK
IE00BJ38QD84;SPDR RUSSELL 2K;R2US;ETF;Euronext Paris | ETF Plus;EUR;IE;OUI;-;Euronext;2026-08-04;BBG006HGKFH8;ZPRR;SS SPDR RUSSELL 2000 US SMAL;ETP;GR;OK
IE00BJ5CNR11;GOLETFGSLCIMETFP;GSLC;ETF;ETF Plus;EUR;IE;OUI;ESG ETF art. 9;Euronext;2026-08-04;BBG00QDG37D9;GSLC;GOLDMAN SACHS ACTIVEBETA PAR;ETP;LN;OK
IE00BJ5JNY98;ISHARES WITS;WITS;ETF;Euronext Amsterdam - Multi-currency Trading | ETF Plus;USD;IE;OUI;ESG ETF art. 8;Euronext;2026-08-04;BBG00QL60NY7;WITS;ISH MS WR IN TE SE AD-USDINC;ETP;NA;OK
IE00BJ5JNZ06;ISHARES WHCS;WHCS;ETF;Euronext Amsterdam - Multi-currency Trading | ETF Plus;USD;IE;OUI;ESG ETF art. 8;Euronext;2026-08-04;BBG00QL624J4;WHCS;ISHA MSCI WRD HC SAD UETF-UI;ETP;NA;OK
IE00BJ5JP097;IS MS WORLD FIN $D;WFNS;ETF;Euronext Amsterdam - Multi-currency Trading;USD;IE;OUI;ESG ETF art. 8;Euronext;2026-08-04;BBG0112JCD37;WFNS;ISH MSCI WLD FIN SAD UETF-UI;ETP;NA;OK
IE00BJ5JP105;ISHARES WENS;WENS;ETF;Euronext Amsterdam - Multi-currency Trading;USD;IE;OUI;-;Euronext;2026-08-04;BBG00QL63VY6;WENS;ISHARES MSCI WD ENERGY-USD D;ETP;NA;OK
IE00BJ5JP212;ISHARES WCDS;WCDS;ETF;Euronext Amsterdam - Multi-currency Trading;USD;IE;OUI;-;Euronext;2026-08-04;BBG00QL64XQ0;WCDS;ISHARES MSCI WORLD CONSUMER;ETP;NA;OK
IE00BJ5JP329;ISHARES WCSS;WCSS;ETF;Euronext Amsterdam - Multi-currency Trading;USD;IE;OUI;-;Euronext;2026-08-04;BBG00QL67LB9;WCSS;ISH MS WL CON SSAD UC ETF-UI;ETP;NA;OK
IE00BJ5JP436;MSCI Wd Com ESG US;WCMS;ETF;Euronext Amsterdam - Multi-currency Trading;USD;IE;OUI;ESG ETF art. 8;Euronext;2026-08-04;BBG016LWSC86;WCMS;ISH MSCI WLD CM SRV SC AD-UI;ETP;NA;OK
IE00BJ5JP659;MSCI Wd Ind ESG US;WINS;ETF;Euronext Amsterdam - Multi-currency Trading;USD;IE;OUI;ESG ETF art. 8;Euronext;2026-08-04;BBG016LXF645;WINS;ISH MSCI WLD IND SAD UETF-UI;ETP;NA;OK
IE00BJ5JP766;ISHETFNU7470ETFP;WMTS;ETF;ETF Plus | Euronext Amsterdam - Multi-currency Trading;EUR;IE;OUI;ESG ETF art. 8;Euronext;2026-08-04;BBG016LX6JT0;WMTS;ISH MSCI WLD MTS SAD UETF-UI;ETP;NA;OK
IE00BJ5JPG56;ISHARES CHINA U A;ICHN;ETF;Euronext Amsterdam - Multi-currency Trading;USD;IE;OUI;-;Euronext;2026-08-04;BBG00PH85048;ICHN;ISHARES MSCI CHINA USD ACC;ETP;NA;OK
IE00BJGWQN72;WISETFEMCLOUETFP;WCLD;ETF;ETF Plus | Euronext Paris;EUR;IE;OUI;ESG ETF art. 8;Euronext;2026-08-04;BBG00Q3G7NX9;WCLD;WT CLOUD COMPUTING USD ACC;ETP;LN;OK
IE00BJJPVP04;ISHARES CBUG;CBUG;ETF;Euronext Amsterdam - Multi-currency Trading;GBP;IE;OUI;-;Euronext;2026-08-04;BBG00NFMQXC0;CBUG;ISHARES USD TRSRY 3-7YR GHD;ETP;NA;OK
IE00BJJYYX67;WISETFTFRNIMETFP;TFRN;ETF;ETF Plus;EUR;IE;OUI;-;Euronext;2026-08-04;BBG00NNMVN73;TFRN;WT US FLTING RATE BND-USD AC;ETP;LN;OK
IE00BJK3WF00;JP ETFBBILIMETFP;BBIL;ETF;ETF Plus;EUR;IE;OUI;-;Euronext;2026-08-04;BBG00PKM29C8;BBIL;JPM BETA US TRES 0-1 USD UCT;ETP;LN;OK
IE00BJK55B31;ISHARES UHY ESG A;DHYE;ETF;Euronext Amsterdam;EUR;IE;OUI;ESG ETF art. 8;Euronext;2026-08-04;BBG00Q8HXZY5;DHYE;ISHARES USD HY CORP ESG USDA;ETP;NA;OK
IE00BJK55C48;ISHARES EHY ESG A;EHYA;ETF;Euronext Amsterdam | ETF Plus;EUR;IE;OUI;ESG ETF art. 8;Euronext;2026-08-04;BBG00Q8HY641;EHYA;ISHARES EUR HIGH YIELD CORP;ETP;NA;OK
IE00BJK9H753;JP ETFBBUSIMETFP;BBUS;ETF;ETF Plus;EUR;IE;OUI;-;Euronext;2026-08-04;BBG00NG3LYB5;BBUS;JPM BETAB US EQ UCITS USD-A;ETP;LN;OK
IE00BJK9HD13;JP ETFBBEGIMETFP;BBEG;ETF;ETF Plus;EUR;IE;OUI;-;Euronext;2026-08-04;BBG00NW9GJH7;BBGE;JPM BETAB EUR GOVT UCITS ETF;ETP;LN;OK
IE00BJK9HH50;JP ETFBBTRIMETFP;BBTR;ETF;ETF Plus;EUR;IE;OUI;-;Euronext;2026-08-04;BBG00NW9G060;BBTR;JPM BETA US TRE BD UCITS ETF;ETP;LN;OK
IE00BJL36X53;SSGETFEMHEIMETFP;EMHE;ETF;ETF Plus;EUR;IE;OUI;-;Euronext;2026-08-04;BBG00PD952Q2;ZPR6;SS SP ICE BO 0-5Y EUGB-EU HD;ETP;GR;OK
IE00BJLKK341;ISHARES EUSR ACC;SMUA;ETF;Euronext Amsterdam;EUR;IE;OUI;ESG ETF art. 8;Euronext;2026-08-04;BBG00RT7ZJ67;SMUA;ISHARES MSCI EMU SRI-EUR ACC;ETP;NA;OK
IE00BJP26C72;ISHARES $USBE DIST;UEDD;ETF;Euronext Amsterdam - Multi-currency Trading;USD;IE;OUI;ESG ETF art. 8;Euronext;2026-08-04;BBG00SDH10J4;UEDD;ISHARES USD ULTRASHORT BOND;ETP;NA;OK
IE00BJQRDK83;INVETFESGWIMETFP;ESGW;ETF;ETF Plus;EUR;IE;OUI;ESG ETF art. 8;Euronext;2026-08-04;BBG00PBZSB36;ESGW;INVESCO MSCI WORLD UNIVERSAL;ETP;LN;OK
IE00BJQRDL90;INVETFEEURIMETFP;EEUR;ETF;ETF Plus;EUR;IE;OUI;ESG ETF art. 8;Euronext;2026-08-04;BBG00PBZVCR4;ESGE;INVSC MSCI EUR UN SC UCI-EUR;ETP;GR;OK
IE00BJQRDM08;INVETFESGUIMETFP;ESGU;ETF;ETF Plus;EUR;IE;OUI;ESG ETF art. 8;Euronext;2026-08-04;BBG00PC00RJ0;ESGU;INVESCO MSCI USA UNIVERSAL S;ETP;LN;OK
IE00BJQRDN15;INVACTIQSAETFP;IQSA;ETF;ETF Plus;EUR;IE;OUI;ESG ETF art. 8;Euronext;2026-08-04;BBG00PVBSQ43;IQSA;INVESCO GLOBAL ACTIVE ESG EQ;ETP;LN;OK
IE00BJQRDP39;INVACTIQSEETFP;IQSE;ETF;ETF Plus;EUR;IE;OUI;ESG ETF art. 8;Euronext;2026-08-04;BBG00PVBZCW5;IQSE;INV GL ACTV ESG EQ UCI-EPFHG;ETP;GR;OK
IE00BJQTJ848;HAN HLTH EQL WT;WELL;ETF;Euronext Paris | ETF Plus;EUR;IE;OUI;-;Euronext;2026-08-04;BBG00NSGX0B4;WELL;HARBOR HEALTH CARE UCITS ETF;ETP;LN;OK
IE00BJRCLL96;JP ETFJPGLIMETFP;JPGL;ETF;ETF Plus;EUR;IE;OUI;-;Euronext;2026-08-04;BBG00P988446;JPGL;JPM GL EQ MULTIFAC UCITS ETF;ETP;LN;OK
IE00BJSBCS90;GOLETFCBNDIMETFP;CBND;ETF;ETF Plus;EUR;IE;OUI;-;Euronext;2026-08-04;BBG00QNJ5K78;CBND;GS ACCESS CHINA GOV BD;ETP;LN;OK
IE00BJXRT813;SPDR MSCI WLD VAL;WVAL;ETF;Euronext Amsterdam;EUR;IE;OUI;-;Euronext;2026-08-04;BBG00WJT8PN6;WVAL;SS SPDR MSCI WORLD VALUE UCI;ETP;NA;OK
IE00BJXRZJ40;RIZETFCYBRIMETFP;CYBR;ETF;ETF Plus | Euronext Amsterdam;EUR;IE;OUI;ESG ETF art. 8;Euronext;2026-08-04;BBG00RPTQSC6;CYBR;RIZE CYBERSECURITY UCITS ETF;ETP;LN;OK
IE00BJXT3C94;UBSETFSSRIIMETFP;USSRI;ETF;ETF Plus;EUR;IE;OUI;ESG ETF art. 8;Euronext;2026-08-04;BBG00TJXS565;USSRI;UBS MSCI USA SOCIALLY RESPON;ETP;SW;OK
IE00BJXT3G33;UBSETFSRIEITETFP;USSRIE;ETF;ETF Plus;EUR;IE;OUI;ESG ETF art. 8;Euronext;2026-08-04;BBG00TL955F0;USSRIE;UBS ETF MSCI USA SRI H.EUR A;ETP;IM;OK
IE00BJZ2DC62;XTRETFXRSMIMETFP;XRSM;ETF;ETF Plus;EUR;IE;OUI;ESG ETF art. 8;Euronext;2026-08-04;BBG00840M5V7;XRSM;X MSCI USA SCRND 1C;ETP;GR;OK
IE00BJZ2DD79;XTRETFRU2000ETFP;XRS2;ETF;ETF Plus;EUR;IE;OUI;-;Euronext;2026-08-04;BBG00840KQY0;XRS2;X RUSSELL 2000 1C;ETP;GR;OK
IE00BK4W7N32;ISHARES $CPESG DST;SUOU;ETF;Euronext Amsterdam - Multi-currency Trading;USD;IE;OUI;ESG ETF art. 8;Euronext;2026-08-04;BBG00RT8BV28;SUOU;ISHARE USD CRP B;ETP;NA;OK
IE00BK5BC677;L&GETFDOCTIMETFP;DOCT;ETF;ETF Plus;EUR;IE;OUI;-;Euronext;2026-08-04;BBG00PLK81R6;DOCT;LG HELTHC TECN INV UC ET-USD;ETP;LN;OK
IE00BK5BC891;L&GETFGLUGIMETFP;GLUG;ETF;ETF Plus;EUR;IE;OUI;ESG ETF art. 9;Euronext;2026-08-04;BBG00PKFLNY7;GLUG;L&G CLEAN WATER UCITS ETF;ETP;LN;OK
IE00BK5BCD43;L&GETFAIAIIMETFP;AIAI;ETF;ETF Plus;EUR;IE;OUI;-;Euronext;2026-08-04;BBG00PKM76D8;AIAI;L&G ARTIFICIAL INTELLIGENCE;ETP;LN;OK
IE00BK5BCH80;L&GETFRENWIMETFP;RENW;ETF;ETF Plus;EUR;IE;OUI;ESG ETF art. 9;Euronext;2026-08-04;BBG00Y2GMCT5;RENW;L&G CLEAN ENERGY UCITS ETF;ETP;IM;OK
IE00BK5BQT80;VANETFVWCEIMETFP;VWCE;ETF;ETF Plus | Euronext Amsterdam;EUR;IE;OUI;-;Euronext;2026-08-04;BBG00PQQHQK0;VWRA;VANG FTSE AW USDA;ETP;LN;OK
IE00BK5BQV03;VANETFVHVEIMETFP;VHVE;ETF;ETF Plus;EUR;IE;OUI;-;Euronext;2026-08-04;BBG00QB6WFB5;VHVE;VANG FTSE DW USDA;ETP;LN;OK
IE00BK5BQW10;VANETFVNRAIMETFP;VNRA;ETF;ETF Plus;EUR;IE;OUI;-;Euronext;2026-08-04;BBG00PQQK2S1;VNRA;VANG FTSE NA USDA;ETP;LN;OK
IE00BK5BQX27;VANETFVWCGIMETFP;VWCG;ETF;ETF Plus | Euronext Amsterdam;EUR;IE;OUI;-;Euronext;2026-08-04;BBG00PQQJ4L6;VWCG;VANG FTSE EUR EURA;ETP;LN;OK
IE00BK5BQY34;VANETFVEREIMETFP;VERE;ETF;ETF Plus;EUR;IE;OUI;-;Euronext;2026-08-04;BBG00PQQJG57;VERE;VANG FTSE DEX EURA;ETP;LN;OK
IE00BK5BR626;VANETFVHYLIMETFP;VHYA;ETF;ETF Plus | Euronext Amsterdam;EUR;IE;OUI;-;Euronext;2026-08-04;BBG00QB6XGP7;VHYA;VANG FTSE HDY USDA;ETP;LN;OK
IE00BK5BR733;VANETFVFEAIMETFP;VFEA;ETF;ETF Plus;EUR;IE;OUI;-;Euronext;2026-08-04;BBG00QB6Y927;VFEA;VANG FTSE EM USDA;ETP;LN;OK
IE00BK5BZQ82;LEVETN3AMZIMETFP;3AMZ;ETF;ETF Plus | Euronext Amsterdam;EUR;IE;OUI;-;Euronext;2026-08-04;BBG00V3LDHK7;AMZ3;LEVERAGE SHARES 3X AMAZON;ETP;LN;OK
IE00BK5BZS07;LEVETN3AAPIMETFP;3AAP;ETF;ETF Plus | Euronext Amsterdam;EUR;IE;OUI;-;Euronext;2026-08-04;BBG00V3LH789;AAP3;LEVERAGE SHARES 3X APPLE;ETP;LN;OK
IE00BK5BZT14;LS 3X CRM;3CRM;ETF;Euronext Amsterdam;EUR;IE;OUI;-;Euronext;2026-08-04;BBG00V3LJ1R9;CRM3;LEVERAGE SHARES 3XSALESFORCE;ETP;LN;OK
IE00BK5BZV36;LEVETN3MSFIMETFP;3MSF;ETF;ETF Plus | Euronext Amsterdam;EUR;IE;OUI;-;Euronext;2026-08-04;BBG00V3LJNW5;MSF3;LEVERAGE SHARES 3X MICROSOFT;ETP;LN;OK
IE00BK5BZX59;LEVETN3GOOIMETFP;3GOO;ETF;ETF Plus | Euronext Amsterdam;EUR;IE;OUI;-;Euronext;2026-08-04;BBG00V3LL8B8;GOO3;LEVERAGE SHARES 3X ALPHABET;ETP;LN;OK
IE00BK5BZY66;LS 2X TESLA;2TSL;ETF;Euronext Amsterdam;EUR;IE;OUI;-;Euronext;2026-08-04;BBG00V3MD718;TSL2;LEVERAGESHARES 2X TESLA ETP;ETP;LN;OK
IE00BK5C1B80;LEVETN3FBIMETFP;3FB;ETF;ETF Plus | Euronext Amsterdam;EUR;IE;OUI;-;Euronext;2026-08-04;BBG00V3LK455;FB3;LEVERAGE SHARES 3X FACEBOOK;ETP;LN;OK
IE00BK5C1C97;LS 2X ALIBABA;2BAB;ETF;Euronext Amsterdam;EUR;IE;OUI;-;Euronext;2026-08-04;BBG00V3LLKH5;BAB2;LEVERAGE SHARES 2X ALIBABA;ETP;LN;OK
IE00BK5H8015;SPDR STOXX ESG;600X;ETF;Euronext Amsterdam | ETF Plus;EUR;IE;OUI;ESG ETF art. 8;Euronext;2026-08-04;BBG00QFNJC35;ZPDX;SS SPDR STX E 600 SRI UCIT-A;ETP;GR;OK
IE00BK5LYT47;INVETFMXUSIMETFP;MXUD;ETF;ETF Plus;EUR;IE;OUI;-;Euronext;2026-08-04;BBG00QSCRN87;MXUD;INVESCO MSCI USA DIST;ETP;LN;OK
IE00BK72HJ67;UBSETFSRIAITETFP;WSRIA;ETF;ETF Plus;EUR;IE;OUI;ESG ETF art. 8;Euronext;2026-08-04;BBG00TL96RW2;WSRIA;UBS ETF MSCIW SRI CHF ACC;ETP;SW;OK
IE00BK72HM96;UBSETFSRIEIMETFP;WSRIE;ETF;ETF Plus;EUR;IE;OUI;ESG ETF art. 8;Euronext;2026-08-04;BBG00TL996K8;WSRIE;UBS ETF MSCIW SRI H.EUR ACC;ETP;IM;OK
IE00BK7Y2P34;ISHARES GVT BOND $;SGLU;ETF;Euronext Amsterdam - Multi-currency Trading;USD;IE;OUI;-;Euronext;2026-08-04;BBG00PGSDWD6;SGLU;ISHARES GLOBAL GOV BND-USDHA;ETP;NA;OK
IE00BK80XL30;INVETFMCHNIMETFP;MCHN;ETF;ETF Plus;EUR;IE;OUI;-;Euronext;2026-08-04;BBG00YYB1FW3;MCHN;INVESCO MSCI CHINA ALL SHS;ETP;LN;OK
IE00BK8JH525;SSGETFEMDEIMETFP;EMDE;ETF;ETF Plus;EUR;IE;OUI;-;Euronext;2026-08-04;BBG00QTQ1DH5;SPFD;SS SPDR BBG EML BN UC-USD BA;ETP;GR;OK
IE00BK95B138;ISHARES USD GOV;GOVT;ETF;Euronext Amsterdam - Multi-currency Trading;USD;IE;OUI;-;Euronext;2026-08-04;BBG00Q217F51;GOVT;ISHARES USD TRES BOND USD-D;ETP;NA;OK
IE00BKBF6616;ISHARES EMU USD H;CEUU;ETF;Euronext Amsterdam - Multi-currency Trading;USD;IE;OUI;-;Euronext;2026-08-04;BBG00P96KHC8;CEUU;ISHARES CORE MSCI EMU-USD HA;ETP;NA;OK
IE00BKF09C98;ISHARES UHY ESG D;DHYD;ETF;Euronext Amsterdam - Multi-currency Trading;USD;IE;OUI;ESG ETF art. 8;Euronext;2026-08-04;BBG00Q8HWL04;DHYD;ISHARES $ HIGH YIELD CORP BO;ETP;NA;OK
IE00BKFB6K94;UBSETFHINAIMETFP;CHINA;ETF;ETF Plus;EUR;IE;OUI;-;Euronext;2026-08-04;BBG00RRWFB36;CNUA;UBS ETF MSCI CHINA A USD ACC;ETP;GR;OK
IE00BKKCKJ46;JPMACTJGHYETFP;JGHY;ETF;ETF Plus;EUR;IE;OUI;-;Euronext;2026-08-04;BBG00RDKCW98;JGHY;JPM GL HIYLD COR BD ACT ETF;ETP;LN;OK
IE00BKKKWJ26;ISHARES $CPESG ACC;SUOA;ETF;Euronext Amsterdam - Multi-currency Trading;USD;IE;OUI;ESG ETF art. 8;Euronext;2026-08-04;BBG00RTB9H89;SUOA;ISHARES USD CORP ESG-USD ACC;ETP;NA;OK
IE00BKLC5874;ISHARES EHY ESG D;EHYD;ETF;Euronext Amsterdam;EUR;IE;OUI;ESG ETF art. 8;Euronext;2026-08-04;BBG00Q8HYHP4;EHYD;ISHARES EUR HY CORP ESG EURD;ETP;NA;OK
IE00BKLF1R75;WISETFVOLTIMETFP;VOLT;ETF;ETF Plus | Euronext Paris;EUR;IE;OUI;ESG ETF art. 8;Euronext;2026-08-04;BBG00RT7DHT0;VOLT;WT BATTERY SOLUTIONS-USD ACC;ETP;LN;OK
IE00BKLTRN76;L&GETFRIEUIMETFP;RIEU;ETF;ETF Plus;EUR;IE;OUI;ESG ETF art. 8;Euronext;2026-08-04;BBG00Q41LJR1;RIEU;L&G MSCI EUR SLT UCIT ETF-EA;ETP;LN;OK
IE00BKLWY790;L&GETFRIUSIMETFP;RIUS;ETF;ETF Plus;EUR;IE;OUI;ESG ETF art. 9;Euronext;2026-08-04;BBG00QYZDFZ1;RIUS;L&G US ESG PRS ALGN ETF-USDA;ETP;LN;OK
IE00BKM4GZ66;ISHARES EMIM;EMIM;ETF;Euronext Amsterdam | ETF Plus;EUR;IE;OUI;-;Euronext;2026-08-04;BBG006B70NW2;EMIM;ISHARES CORE EM IMI ACC;ETP;LN;OK
IE00BKM4H197;MSCI EM CGrwth A;CEMG;ETF;Euronext Amsterdam;EUR;IE;OUI;-;Euronext;2026-08-04;BBG006B8TG63;CEMG;ISHARES MSCI EM CONSUM GRWTH;ETP;LN;OK
IE00BKP5L409;iSHARES US MBS A;IMBE;ETF;Euronext Amsterdam;EUR;IE;OUI;-;Euronext;2026-08-04;BBG00QXQH5L5;IMBE;ISHARES US MBS EUR-HA;ETP;NA;OK
IE00BKPJY541;KRAETFKSTRIMETFP;KSTR;ETF;ETF Plus;EUR;IE;OUI;-;Euronext;2026-08-04;BBG0109PT1X3;KSRE;KRSH IC CH TH SS 50IN ETF-EU;ETP;LN;OK
IE00BKPSFC54;iS MSCI W QDV $A;WQDA;ETF;Euronext Amsterdam - Multi-currency Trading;USD;IE;OUI;ESG ETF art. 8;Euronext;2026-08-04;BBG00TQJRCP3;WQDA;ISHARE MSCI WOR QU DVD AD-UA;ETP;NA;OK
IE00BKPSFD61;iS China Bond Acc;CYEA;ETF;Euronext Paris | Euronext Amsterdam - Multi-currency Trading;EUR;IE;OUI;-;Euronext;2026-08-04;BBG00TQJS5S4;CYBA;ISHARES CHINA CNY BOND USD-A;ETP;NA;OK
IE00BKPSPT20;FT GCS ESG L;FCSG;ETF;Euronext Amsterdam;EUR;IE;OUI;ESG ETF art. 8;Euronext;2026-08-04;BBG00ZHYL7R1;FCSG;FT GLBL CAP STR ESG LDRS ETF;ETP;LN;OK
IE00BKPT2R27;ISHETFIUSPIMXAMS;IUSI;ETF;Euronext Amsterdam - Multi-currency Trading;USD;IE;OUI;-;Euronext;2026-08-04;BBG01WBWKZ50;IUSI;ISHRS US PROPERTY YIELD ETF;ETP;NA;OK
IE00BKPT2T41;iS JP$ EM IG B $ A;IGAE;ETF;Euronext Amsterdam - Multi-currency Trading;USD;IE;OUI;-;Euronext;2026-08-04;BBG00ZR5MJD1;IGAE;ISHR JP MG A$EM IN GR BN-USA;ETP;NA;OK
IE00BKPTXQ89;HANETFMMLPIMETFP;MMLP;ETF;ETF Plus;EUR;IE;OUI;-;Euronext;2026-08-04;BBG00W9LKMY5;MMLP;ALERIAN MIDSTRM ENRGY DIV;ETP;LN;OK
IE00BKPX3K41;i MSCI FE exJP $A;IFFI;ETF;Euronext Amsterdam - Multi-currency Trading;USD;IE;OUI;-;Euronext;2026-08-04;BBG00SW956Q6;IFFI;ISHARES MSCI FAREASTXJP USDA;ETP;NA;OK
IE00BKRWN659;ISHARES UDBB A;DDBB;ETF;Euronext Amsterdam - Multi-currency Trading;USD;IE;OUI;ESG ETF art. 8;Euronext;2026-08-04;BBG00R0TBSW7;DDBB;ISHARES USD DEV BANK BD USDA;ETP;NA;OK
IE00BKS2X317;FT LDGG Bond;FSOV;ETF;Euronext Amsterdam;EUR;IE;OUI;-;Euronext;2026-08-04;BBG00QVGTS27;FSOV;FIRST TRUST LOW DUR G G BOND;ETP;NA;OK
IE00BKS7L097;INVETFPESGITETFP;5ESG;ETF;ETF Plus;EUR;IE;OUI;ESG ETF art. 8;Euronext;2026-08-04;BBG00S2GJ0M5;SPXE;IVZ S&P 500 SCRD & SCRND-ACC;ETP;LN;OK
IE00BKS8QM96;WISETN3BTSIMETFP;3BTS;ETF;ETF Plus;EUR;IE;OUI;-;Euronext;2026-08-04;BBG006WVGXS2;3BTS;WT BTP 10Y 3X DAILY SHORT;ETP;IM;OK
IE00BKS8QN04;WISETN3BUSIMETFP;3BUS;ETF;ETF Plus;EUR;IE;OUI;-;Euronext;2026-08-04;BBG006WVHQY9;3BUS;WT BUND 10Y 3X DAILY SHORT;ETP;IM;OK
IE00BKS8QT65;WISETN3TYSIMETFP;3TYS;ETF;ETF Plus;EUR;IE;OUI;-;Euronext;2026-08-04;BBG006WVJDP6;3TYS;WT US TREAS 10Y 3X DLY SHORT;ETP;LN;OK
IE00BKSBGS44;FIDACTFUSRETFP;FUSR;ETF;ETF Plus;EUR;IE;OUI;ESG ETF art. 8;Euronext;2026-08-04;BBG00TX02WW1;FUSR;FDLITY US EQU RES EN UCI-USD;ETP;LN;OK
IE00BKSBGT50;FIDACTFEURETFP;FEUR;ETF;ETF Plus;EUR;IE;OUI;ESG ETF art. 8;Euronext;2026-08-04;BBG00TX0CVB5;FEUR;FID EUR EQU RES ENH UCI ET-A;ETP;LN;OK
IE00BKSBGV72;FIDACTFGLRETFP;FGLR;ETF;ETF Plus;EUR;IE;OUI;ESG ETF art. 8;Euronext;2026-08-04;BBG00TX0L6C9;FGLR;FID GLOL EQU RES ENH UC ET-A;ETP;LN;OK
IE00BKSCBX74;UBSETFWSCIMETFP;WSC;ETF;ETF Plus;EUR;IE;OUI;ESG ETF art. 8;Euronext;2026-08-04;BBG01247PYV8;WSCSRI;UBS ETF W SCSR USD ACC;ETP;SW;OK
IE00BKT09032;WISETN3TYSIMETFP;3TYL;ETF;ETF Plus;EUR;IE;OUI;-;Euronext;2026-08-04;BBG007PMPK97;3TYL;WT US TREAS 10Y 3X DLY LVRGD;ETP;IM;OK
IE00BKT09149;WISETN3BTSIMETFP;3BTL;ETF;ETF Plus;EUR;IE;OUI;-;Euronext;2026-08-04;BBG007PMP9Z3;3BTL;WT BTP 10Y 3X DLY LEVERAGED;ETP;IM;OK
IE00BKT09255;WISETN3BUSIMETFP;3BUL;ETF;ETF Plus;EUR;IE;OUI;-;Euronext;2026-08-04;BBG007PMPG41;3BUL;WT BUND 10Y 3X DLY LEVERAGED;ETP;IM;OK
IE00BKT66R79;LS -1X UBER;SUBR;ETF;Euronext Amsterdam;EUR;IE;OUI;-;Euronext;2026-08-04;BBG00V3LSJG2;UBRS;LEVERAGE SHARES -1X UBER;ETP;LN;OK
IE00BKT6BH25;ISHARES ECP XFIN;IX5A;ETF;Euronext Amsterdam;EUR;IE;OUI;ESG ETF art. 8;Euronext;2026-08-04;BBG00Q9ZYQT9;IX5A;ISH EURO CORP EX-FIN 1-5 ESG;ETP;NA;OK
IE00BKT6FT27;ISHARES GBL GV EH;IGLE;ETF;Euronext Amsterdam;EUR;IE;OUI;-;Euronext;2026-08-04;BBG00Q9ZZRP0;IGLE;ISHARES GLOBAL GOV BND-EURHD;ETP;NA;OK
IE00BKT6FV49;ISHARES MSCI JAPEH;SJPE;ETF;Euronext Amsterdam | ETF Plus;EUR;IE;OUI;-;Euronext;2026-08-04;BBG00QB00BC1;SJPE;ISHARES CORE MSCI JP - EURHA;ETP;NA;OK
IE00BKT6RT64;ISHARES CNY BD USH;CYBU;ETF;Euronext Amsterdam - Multi-currency Trading;USD;IE;OUI;-;Euronext;2026-08-04;BBG00QRD1CC3;CYBU;ISHARES CHINA CNY BOND USDHD;ETP;NA;OK
IE00BKT6VQ12;ISHARES CNYB EHA;CYBE;ETF;Euronext Amsterdam;EUR;IE;OUI;-;Euronext;2026-08-04;BBG00QRD57V9;CYBE;ISHARES CHINA CNY BOND EURHA;ETP;NA;OK
IE00BKT6ZG93;LS 2X AMD;2AMD;ETF;Euronext Amsterdam;EUR;IE;OUI;-;Euronext;2026-08-04;BBG00V3LN5G7;AMD2;LEVERAGE SHARES 2X ADV MICRO;ETP;LN;OK
IE00BKTLJB70;ISHARES SCYIF DIST;CT2B;ETF;Euronext Amsterdam - Multi-currency Trading;USD;IE;OUI;ESG ETF art. 9;Euronext;2026-08-04;BBG00RT9T6P7;CT2B;ISHARES SMART CITY INFR USDD;ETP;NA;OK
IE00BKTLJC87;IS SMRT CY IN ACC;CITY;ETF;Euronext Paris | Euronext Amsterdam - Multi-currency Trading | ETF Plus;EUR;IE;OUI;ESG ETF art. 8;Euronext;2026-08-04;BBG00RT80KB4;CITY;ISHARES SMART CITY INFR USDA;ETP;NA;OK
IE00BKTWZ451;LS -1X APPLE;SAPL;ETF;Euronext Amsterdam;EUR;IE;OUI;-;Euronext;2026-08-04;BBG00V3LTMB9;APLS;LEVERAGE SHARES -1X APPLE;ETP;LN;OK
IE00BKTWZ782;LS -1X NETFLIX;SNFL;ETF;Euronext Amsterdam;EUR;IE;OUI;-;Euronext;2026-08-04;BBG00V3LV8V5;NFLS;LEVERAGE SHARES -1X NETFLIX;ETP;LN;OK
IE00BKVL7331;ISHARES UMVE ACC;MVEA;ETF;Euronext Amsterdam - Multi-currency Trading;USD;IE;OUI;ESG ETF art. 8;Euronext;2026-08-04;BBG00T4418M0;MVEA;ISH MSCI USA MIN VAD UETF-UA;ETP;NA;OK
IE00BKVL7778;ISHARES WMVE ACC;MVEW;ETF;Euronext Amsterdam - Multi-currency Trading;USD;IE;OUI;ESG ETF art. 8;Euronext;2026-08-04;BBG00T43Z9Q9;MVEW;ISHARES EMSCI WM VO AD UC-US;ETP;NA;OK
IE00BKW9SX35;INVETFSPLWIMETFP;SPLW;ETF;ETF Plus;EUR;IE;OUI;-;Euronext;2026-08-04;BBG011R5ZQD5;SPLW;INVESCO SP 500 LOW VOL UCITS;ETP;LN;OK
IE00BKWD3743;INVETFTRUDIMETFP;TREL;ETF;ETF Plus;EUR;IE;OUI;-;Euronext;2026-08-04;BBG019V98SM1;TREL;INVESCO US TRES 10+ YR DIST;ETP;LN;OK
IE00BKWD3966;INVETFEHBAIMETFP;EHYB;ETF;ETF Plus;EUR;IE;OUI;-;Euronext;2026-08-04;BBG00XGC9LS7;EHBD;INVESCO EUR CORP HYBRID DIST;ETP;GR;OK
IE00BKWD3B81;INVETFEHBAIMETFP;EHBA;ETF;ETF Plus;EUR;IE;OUI;-;Euronext;2026-08-04;BBG00XGCGFJ2;EHBA;INVESCO EUR CORP HYBRID DIST;ETP;GR;OK
IE00BKWD3C98;INVETFTREIIMETFP;TREI;ETF;ETF Plus;EUR;IE;OUI;-;Euronext;2026-08-04;BBG00RFDTJY5;TREI;INVESCO US TRES 0-1 YR DIST;ETP;LN;OK
IE00BKWQ0C77;SPDR MSCI CO.DI;STR;ETF;Euronext Paris | ETF Plus;EUR;IE;OUI;-;Euronext;2026-08-04;BBG000D7KW33;SPYR;SS SPD MSC EUR CON DI UC ETF;ETP;GR;OK
IE00BKWQ0D84;SPDR MSCI CO.ST;STS;ETF;Euronext Paris | ETF Plus;EUR;IE;OUI;-;Euronext;2026-08-04;BBG000D7DNP7;SPYC;SS SPD MS EU CO ST UC ET-EUR;ETP;GR;OK
IE00BKWQ0F09;SPDR MSCI ENERGY;STN;ETF;Euronext Paris | ETF Plus;EUR;IE;OUI;-;Euronext;2026-08-04;BBG000C6N5G8;STN;SS SPR MSI EUR ENGY UCIT ETF;ETP;FP;OK
IE00BKWQ0G16;SPDR MSCI FINANC;STZ;ETF;Euronext Paris | ETF Plus;EUR;IE;OUI;-;Euronext;2026-08-04;BBG000C6GHJ7;STZ;SS SPD MSC EURO FINA UCI ETF;ETP;FP;OK
IE00BKWQ0H23;SPDR MSCI HLT;STW;ETF;Euronext Paris | ETF Plus;EUR;IE;OUI;-;Euronext;2026-08-04;BBG000D7H171;SPYH;SS SPD MSC EUR HE CAR UCI ET;ETP;GR;OK
IE00BKWQ0J47;SPDR MSCI INDUST;STQ;ETF;Euronext Paris | ETF Plus;EUR;IE;OUI;-;Euronext;2026-08-04;BBG000D8LB27;SPYQ;SS SPDR MSCI EUROPE INDUSTRI;ETP;GR;OK
IE00BKWQ0K51;SPDR MSCI TECHNO;STK;ETF;Euronext Paris | ETF Plus;EUR;IE;OUI;-;Euronext;2026-08-04;BBG000BDVSZ4;STK;SS SPD MSC EUR TEC UC ET-EUR;ETP;FP;OK
IE00BKWQ0L68;SPDR MSCI MAT;STP;ETF;Euronext Paris | ETF Plus;EUR;IE;OUI;-;Euronext;2026-08-04;BBG000D8HBR5;SPYP;SS SPDR MSCI EUROPE MATERIAL;ETP;GR;OK
IE00BKWQ0M75;SPDR EU SM.CAP;SMC;ETF;Euronext Paris | ETF Plus;EUR;IE;OUI;-;Euronext;2026-08-04;BBG000BBDLR2;SMC;SS SPDR MSCI EUROPE SM CP-EA;ETP;FP;OK
IE00BKWQ0N82;SPDR MSCI COMM;STT;ETF;Euronext Paris | ETF Plus;EUR;IE;OUI;-;Euronext;2026-08-04;BBG000D7DD33;SPYT;SS SPD MSC EURO COM SE UC ET;ETP;GR;OK
IE00BKWQ0P07;SPDR MSCI UTIL;STU;ETF;Euronext Paris | ETF Plus;EUR;IE;OUI;-;Euronext;2026-08-04;BBG000D86P32;SPYU;SS SPDR MSCI EUROPE UTILITIE;ETP;GR;OK
IE00BKWQ0Q14;SPDR MSCI EUROPE;ERO;ETF;Euronext Paris | ETF Plus;EUR;IE;OUI;-;Euronext;2026-08-04;BBG000D86FJ7;SPYE;SS SPDR MSCI EUROP UCITS ETF;ETP;GR;OK
IE00BKX55R35;VANGUARD FTSE NA;VNRT;ETF;Euronext Amsterdam, Paris;EUR;IE;OUI;-;Euronext;2026-08-04;BBG0077NPFL2;VDNR;VANG FTSE NA USDD;ETP;LN;OK
IE00BKX55S42;VANGUARD FTSE DE;VERX;ETF;Euronext Amsterdam, Paris;EUR;IE;OUI;-;Euronext;2026-08-04;BBG0077NPWP1;VERX;VANG FTSE DEX EURD;ETP;LN;OK
IE00BKX55T58;VANETFVHVEIMETFP;VEVE;ETF;ETF Plus | Euronext Amsterdam, Paris;EUR;IE;OUI;-;Euronext;2026-08-04;BBG0077NQ383;VDEV;VANG FTSE DW USDD;ETP;LN;OK
IE00BKY40J65;HSBETFHSUDIMETFP;HSUD;ETF;ETF Plus;EUR;IE;OUI;ESG ETF art. 8;Euronext;2026-08-04;BBG00V75HRN9;HSUD;HSBC USA SCREENED EQUITY ETF;ETP;LN;OK
IE00BKY4W127;WISETFBLOCOMETFP;PCOM;ETF;ETF Plus | Euronext Paris;EUR;IE;OUI;-;Euronext;2026-08-04;BBG013X5RSM9;PCOM;WT BROAD COMDTY UCITS USD A;ETP;LN;OK
IE00BKY53D40;HSBC UK SUS EQ ETF;HSUK;ETF;Euronext Paris;EUR;IE;OUI;ESG ETF art. 8;Euronext;2026-08-04;BBG00XRS64Z3;HSUK;HSBC UK SCREENED EQUITY ETF;ETP;LN;OK
IE00BKY55S33;HSBETFHSJDIMETFP;HSJD;ETF;ETF Plus;EUR;IE;OUI;ESG ETF art. 8;Euronext;2026-08-04;BBG00V75H3T6;HSJD;HSBC JAPAN SCREENED EQ ETF;ETP;LN;OK
IE00BKY55W78;HSBETFHSEUIMETFP;HSEU;ETF;ETF Plus;EUR;IE;OUI;ESG ETF art. 8;Euronext;2026-08-04;BBG00V75FJ86;HSEU;HSBC EUROPE SCREENED EQ ETF;ETP;LN;OK
IE00BKY58G26;HSBETFHSXDIMETFP;HSXD;ETF;ETF Plus;EUR;IE;OUI;ESG ETF art. 8;Euronext;2026-08-04;BBG00WR24PL2;HSXD;HSBC APAC EX JP SCD EQ ETF;ETP;LN;OK
IE00BKY59G90;HSBETFHSEMIMETFP;HSEM;ETF;ETF Plus;EUR;IE;OUI;ESG ETF art. 8;Euronext;2026-08-04;BBG00WR2HWC3;HSEM;HSBC EM SCREEND EQUITY ETF;ETP;LN;OK
IE00BKY59K37;HSBETFHSWDIMETFP;HSWD;ETF;ETF Plus;EUR;IE;OUI;ESG ETF art. 8;Euronext;2026-08-04;BBG00VXBHWJ1;HSWD;HSBC DEV WORLD SCD EQ ETF;ETP;LN;OK
IE00BL0BMZ89;VANETFGOATIMETFP;GOAT;ETF;ETF Plus | Euronext Paris;EUR;IE;OUI;-;Euronext;2026-08-04;BBG00VTHKD47;GOAT;VANECK MSTAR GLOBAL MOAT ETF;ETP;LN;OK
IE00BL0L0H60;FIRETFFBTIMETFP;FBT;ETF;ETF Plus;EUR;IE;OUI;-;Euronext;2026-08-04;BBG00V316794;FBTU;FIRST TRUST BIOTECHNOLOGY;ETP;LN;OK
IE00BL25JL35;XTRETFXDEQIMETFP;XDEQ;ETF;ETF Plus;EUR;IE;OUI;-;Euronext;2026-08-04;BBG0071D0726;XDEQ;X MSCI WORLD QUALITY 1C;ETP;GR;OK
IE00BL25JM42;XTRETFXDEVIMETFP;XDEV;ETF;ETF Plus;EUR;IE;OUI;-;Euronext;2026-08-04;BBG0071D0HX0;XDEV;X MSCI WORLD VALUE 1C;ETP;GR;OK
IE00BL25JN58;XTRETFXDEBIMETFP;XDEB;ETF;ETF Plus;EUR;IE;OUI;-;Euronext;2026-08-04;BBG0071CZPY5;XDEB;X MSCI WORLD MIN VOL 1C;ETP;GR;OK
IE00BL25JP72;XTRETFXDEMIMETFP;XDEM;ETF;ETF Plus;EUR;IE;OUI;-;Euronext;2026-08-04;BBG0071D05W7;XDEM;X MSCI WORLD MOMENTUM 1C;ETP;GR;OK
IE00BL58LJ19;XTRETFXZBUIMETFP;XZBU;ETF;ETF Plus;EUR;IE;OUI;ESG ETF art. 8;Euronext;2026-08-04;BBG00WWCYRC7;XZBU;X USD CORP SRI PAB 1C;ETP;GR;OK
IE00BL643144;HANETFDIGIIMETFP;ROE;ETF;ETF Plus;EUR;IE;OUI;-;Euronext;2026-08-04;BBG00XT16QT8;ROE;GOSHAWK GBL BLNCE UCITS ETF;ETP;LN;OK
IE00BL6K6H97;L&GETFTIGRIMETFP;TIGR;ETF;ETF Plus;EUR;IE;OUI;-;Euronext;2026-08-04;BBG0134P0RV8;TIGR;L&G INDIA INR GOV BOND UCITS;ETP;LN;OK
IE00BL6K8C82;MSCI E Prs-Alg A;EUPB;ETF;Euronext Amsterdam;EUR;IE;OUI;ESG ETF art. 9;Euronext;2026-08-04;BBG011XMG6Q2;EUPB;ISHARES MSCI EUROPE PARIS A;ETP;NA;OK
IE00BL6K8D99;MSCI EMU Prs-Alg A;EMPA;ETF;Euronext Amsterdam;EUR;IE;OUI;ESG ETF art. 9;Euronext;2026-08-04;BBG011XMGRT3;EMPA;ISHARES MSCI EMU PARIS ACC;ETP;NA;OK
IE00BL977C92;iS MSCI Chn UCI $D;ICHD;ETF;Euronext Amsterdam - Multi-currency Trading;USD;IE;OUI;-;Euronext;2026-08-04;BBG00TCWN104;ICHD;ISHARES MSCI CHINA USD DIST;ETP;NA;OK
IE00BLB2GQ94;ESG M-Ast Cons US;MACU;ETF;Euronext Amsterdam - Multi-currency Trading;USD;IE;OUI;ESG ETF art. 8;Euronext;2026-08-04;BBG016CR97F1;MACU;ISHARES CONS PF UCITS ETF;ETP;NA;OK
IE00BLB2GS19;ESG M-Ast Gwth US;MAGU;ETF;Euronext Amsterdam - Multi-currency Trading;USD;IE;OUI;ESG ETF art. 8;Euronext;2026-08-04;BBG016CRJMS3;MAGU;ISHARES GR PFOLIO UCITS ETF;ETP;NA;OK
IE00BLB2GT26;ESG M-Ast Mod US;MODU;ETF;Euronext Amsterdam - Multi-currency Trading;USD;IE;OUI;ESG ETF art. 8;Euronext;2026-08-04;BBG016CRFJ31;MODU;ISHARES MOD PFOLIO UCITS ETF;ETP;NA;OK
IE00BLCHJ534;GLOETFPAVEIMETFP;PAVE;ETF;ETF Plus;EUR;IE;OUI;-;Euronext;2026-08-04;BBG0138WD847;PAVE;GX US INFRA DEVELP UCITS;ETP;LN;OK
IE00BLCHJB90;GLOETFBOTZIMETFP;BOTZ;ETF;ETF Plus;EUR;IE;OUI;-;Euronext;2026-08-04;BBG013JYVWX6;BOTZ;GX ROBOTICS AI UCITS;ETP;LN;OK
IE00BLCHJH52;GLOETFRNRGIMETFP;RNRG;ETF;ETF Plus;EUR;IE;OUI;ESG ETF art. 8;Euronext;2026-08-04;BBG013QCX0L7;RNRG;GX RNW ENER P UCITS ETF USDA;ETP;LN;OK
IE00BLCHJN13;GLOETFLITUIMETFP;LITU;ETF;ETF Plus;EUR;IE;OUI;-;Euronext;2026-08-04;BBG013TNT080;LITU;GX LITH BATRY TECH UCITSAUSD;ETP;LN;OK
IE00BLCHJT74;GLOETFSNSRIMETFP;SNSR;ETF;ETF Plus;EUR;IE;OUI;-;Euronext;2026-08-04;BBG013JYW591;SNSR;GX INTERNET OF THI UCITS;ETP;LN;OK
IE00BLCHJZ35;GLOETFFINXIMETFP;FINX;ETF;ETF Plus;EUR;IE;OUI;-;Euronext;2026-08-04;BBG013JYW0W6;FINX;GLOBAL X FINTECH UCITS USD-A;ETP;LN;OK
IE00BLDGH553;ISHETFSECAIMETFP;SECA;ETF;ETF Plus;EUR;IE;OUI;ESG ETF art. 8;Euronext;2026-08-04;BBG00XLWMZP4;SECA;ISHARES EURO GOVT CLIM EUR A;ETP;GR;OK
IE00BLLZQ805;ISHACTMAGRETFP;MAGR;ETF;ETF Plus;EUR;IE;OUI;ESG ETF art. 8;Euronext;2026-08-04;BBG00X5DJD31;MAGR;ISHARES GR PFOLIO UCITS ETF;ETP;GR;OK
IE00BLLZQS08;ISHACTMODRETFP;MODR;ETF;ETF Plus;EUR;IE;OUI;ESG ETF art. 8;Euronext;2026-08-04;BBG00X5DGNH7;MODR;ISHARES MODERATE PORTFOLIO U;ETP;GR;OK
IE00BLNMYC90;XTRETFXDEWIMETFP;XDEW;ETF;ETF Plus;EUR;IE;OUI;-;Euronext;2026-08-04;BBG006JRRGD7;XDEW;X S&P 500 EW 1C;ETP;GR;OK
IE00BLP53M98;ISHACTMACVETFP;MACV;ETF;ETF Plus;EUR;IE;OUI;ESG ETF art. 8;Euronext;2026-08-04;BBG00X5DDSJ7;MACV;ISHARES CONT PORTO UCITS ETF;ETP;GR;OK
IE00BLPK3577;WISETFWCBRIMETFP;WCBR;ETF;ETF Plus | Euronext Paris;EUR;IE;OUI;ESG ETF art. 8;Euronext;2026-08-04;BBG00Z0FP4D8;WCBR;WT CYBERSECURITY-USD ACC;ETP;LN;OK
IE00BLR6Q544;GLOETFHERUIMETFP;HERU;ETF;ETF Plus;EUR;IE;OUI;-;Euronext;2026-08-04;BBG00YJ473B0;HERU;GX VGAMESESPORTS UCITS;ETP;LN;OK
IE00BLR6QB00;GLOETFEDOCIMETFP;EDOC;ETF;ETF Plus;EUR;IE;OUI;-;Euronext;2026-08-04;BBG00YJ471M2;EDOC;GX TELMED DIG HLTH UCITS;ETP;LN;OK
IE00BLRB0242;INVETFGCLEIMETFP;GCLE;ETF;ETF Plus;EUR;IE;OUI;ESG ETF art. 8;Euronext;2026-08-04;BBG00ZF3JM46;GCLE;IVZ GLOBAL CLEAN ENERGY ACC;ETP;LN;OK
IE00BLRPN388;FIDACTFEMRETFP;FEMR;ETF;ETF Plus;EUR;IE;OUI;ESG ETF art. 8;Euronext;2026-08-04;BBG00Y6C1X17;FEMR;FID EME MA EQ RE ENH UC ET-A;ETP;LN;OK
IE00BLRPPV00;VANETF100072ETFP;VDST;ETF;ETF Plus;EUR;IE;OUI;-;Euronext;2026-08-04;BBG00W0FTN67;VDST;VANG USD 0-1YR TRBD USDA;ETP;LN;OK
IE00BLRPQH31;RIZETFFOODIMETFP;FOOD;ETF;ETF Plus | Euronext Amsterdam;EUR;IE;OUI;ESG ETF art. 9;Euronext;2026-08-04;BBG00WWD4HF7;FOOD;RIZE SUST FT OF FD UCITS ETF;ETP;LN;OK
IE00BLRPQL76;L&GETFDRGNIMETFP;DRGN;ETF;ETF Plus;EUR;IE;OUI;-;Euronext;2026-08-04;BBG00YDDHQT5;DRGN;L&G CHINA CNY BOND UCITS ETF;ETP;LN;OK
IE00BLRPQP15;L&GETFEMD5IMETFP;EMD5;ETF;ETF Plus;EUR;IE;OUI;ESG ETF art. 8;Euronext;2026-08-04;BBG00YDDMCK9;EMD5;L&G EMR MRKT GB 0-5Y SCR-USD;ETP;LN;OK
IE00BLRPRD67;L&GETFUSDCIMETFP;USDC;ETF;ETF Plus;EUR;IE;OUI;ESG ETF art. 8;Euronext;2026-08-04;BBG00YVVP5M9;USDC;L&G USD COR BD SCR UC-USDINC;ETP;LN;OK
IE00BLRPRF81;L&GETFEMUSIMETFP;EMUS;ETF;ETF Plus;EUR;IE;OUI;ESG ETF art. 8;Euronext;2026-08-04;BBG00YVV9397;EMUS;L&G EM MRK COR BN USD SC-USD;ETP;LN;OK
IE00BLRPRJ20;WISETNQQQSIMETFP;QQQS;ETF;ETF Plus | Euronext Paris;EUR;IE;OUI;-;Euronext;2026-08-04;BBG003Q18B45;QQQS;WT NASDAQ 100 3X DAILY SHORT;ETP;LN;OK
IE00BLRPRL42;WISETNQQQ3IMETFP;QQQ3;ETF;ETF Plus | Euronext Paris;EUR;IE;OUI;-;Euronext;2026-08-04;BBG003Q183Y0;QQQ3;WT NASDAQ 100 3X DLY LVRGD;ETP;LN;OK
IE00BLRPRR04;RIZETFLIFEIMETFP;VITA;ETF;ETF Plus;EUR;IE;OUI;ESG ETF art. 9;Euronext;2026-08-04;BBG011N3GPY4;LVNG;RIZE ENVIRONMENTAL ETF;ETP;LN;OK
IE00BLS09N40;WISETN3BALIMETFP;3BAL;ETF;ETF Plus;EUR;IE;OUI;-;Euronext;2026-08-04;BBG007PMQ740;3BAL;WT EURO STX BNK 3X DLY LVRGD;ETP;IM;OK
IE00BLSN7P11;UBSETFSPELIMETFP;SPEL;ETF;ETF Plus;EUR;IE;OUI;ESG ETF art. 8;Euronext;2026-08-04;BBG00Z9DDKR6;SPESGE;UBS ETF S&P500 ELITE USD ACC;ETP;SW;OK
IE00BLSN7W87;UBSETFPELEIMETFP;SPELE;ETF;ETF Plus;EUR;IE;OUI;ESG ETF art. 8;Euronext;2026-08-04;BBG00Z9DH2X5;SPELE;UBS ETF S&P500 ELITE H.EUR A;ETP;IM;OK
IE00BLSNMW37;INVETFBUYBIMETFP;BUYB;ETF;ETF Plus;EUR;IE;OUI;-;Euronext;2026-08-04;BBG007F86RW9;BUYB;INVESCO GLOB BUYBACK ACHIEVE;ETP;LN;OK
IE00BM67HJ62;XTRETFXDEXIMETFP;XDEX;ETF;ETF Plus;EUR;IE;OUI;-;Euronext;2026-08-04;BBG0083WK5S4;XDEX;X MSCI EM ESG SCREENED 1C;ETP;GR;OK
IE00BM67HK77;XTRETFXDWHIMETFP;XDWH;ETF;ETF Plus;EUR;IE;OUI;-;Euronext;2026-08-04;BBG00C9Y1409;XDWH;X MSCI WORLD HEALTH CARE;ETP;GR;OK
IE00BM67HL84;XTRETFXDWFIMETFP;XDWF;ETF;ETF Plus;EUR;IE;OUI;-;Euronext;2026-08-04;BBG00C9Y0RW4;XDWF;X MSCI WORLD FINANCIALS;ETP;GR;OK
IE00BM67HM91;XTRETFXDW0IMETFP;XDW0;ETF;ETF Plus;EUR;IE;OUI;-;Euronext;2026-08-04;BBG00CBTHJ07;XDW0;X MSCI WORLD ENERGY 1C;ETP;GR;OK
IE00BM67HN09;XTRETFXDWSIMETFP;XDWS;ETF;ETF Plus;EUR;IE;OUI;-;Euronext;2026-08-04;BBG00CB7XJP0;XDWS;X MSCI WORLD CONS STAP 1C;ETP;GR;OK
IE00BM67HP23;XTRETFXDWCIMETFP;XDWC;ETF;ETF Plus;EUR;IE;OUI;-;Euronext;2026-08-04;BBG00CCJJGZ4;XDWC;X MSCI WORLD CONS DISC 1C;ETP;GR;OK
IE00BM67HQ30;XTRETFXDWUIMETFP;XDWU;ETF;ETF Plus;EUR;IE;OUI;-;Euronext;2026-08-04;BBG00CBTVD13;XDWU;X MSCI WORLD UTILITIES 1C;ETP;GR;OK
IE00BM67HR47;XTRETFXWTSIMETFP;XWTS;ETF;ETF Plus;EUR;IE;OUI;-;Euronext;2026-08-04;BBG00CBTXPX9;XWTS;X MSCI WORLD COM SERV 1C;ETP;GR;OK
IE00BM67HS53;XTRETFXDWMIMETFP;XDWM;ETF;ETF Plus;EUR;IE;OUI;-;Euronext;2026-08-04;BBG00CBTXSY2;XDWM;X MSCI WORLD MATERIALS 1C;ETP;GR;OK
IE00BM67HT60;XTRETFXDWTIMETFP;XDWT;ETF;ETF Plus;EUR;IE;OUI;-;Euronext;2026-08-04;BBG00CB7XY13;XDWT;X MSCI WORLD INFO TECH 1C;ETP;GR;OK
IE00BM67HV82;XTRETFXDWIIMETFP;XDWI;ETF;ETF Plus;EUR;IE;OUI;-;Euronext;2026-08-04;BBG00CCJJQV6;XDWI;X MSCI WORLD INDUSTRIALS 1C;ETP;GR;OK
IE00BM67HW99;XTRETFIUSEIMETFP;XDPE;ETF;ETF Plus;EUR;IE;OUI;-;Euronext;2026-08-04;BBG0083WJ3N6;XDPE;X S&P 500 1C EUR;ETP;GR;OK
IE00BM8QRZ79;INVETFSOLRIMETFP;SOLR;ETF;ETF Plus;EUR;IE;OUI;ESG ETF art. 8;Euronext;2026-08-04;BBG011PCYK37;ISUN;INVESCO SOLAR ENERGY ETF;ETP;LN;OK
IE00BM8QS095;INVETFMCHTIMETFP;MCHT;ETF;ETF Plus;EUR;IE;OUI;-;Euronext;2026-08-04;BBG011C72816;MCHT;IVZ MSCI CHINA TECH ALL SHS;ETP;LN;OK
IE00BM8R0J59;GLOSTRCNSQ10ETFP;QYLD;ETF;ETF Plus;EUR;IE;OUI;-;Euronext;2026-08-04;BBG01BG2FMC4;QYLD;GX NASDAQ 100 COV CALL UCITS;ETP;LN;OK
IE00BM8R0N95;GLOETFGNOMIMETFP;GNOM;ETF;ETF Plus;EUR;IE;OUI;-;Euronext;2026-08-04;BBG01386ZGP9;GNOM;GX GENOMIC BIOTECH UCITS;ETP;LN;OK
IE00BM97MR69;XTRETFXT01IMETFP;XT01;ETF;ETF Plus;EUR;IE;OUI;-;Euronext;2026-08-04;BBG00WWDGV81;XT01;X US TREAS ULTRASHORT 1C;ETP;GR;OK
IE00BM9GRM34;FIDACTFSMFETFP;FSMF;ETF;ETF Plus;EUR;IE;OUI;ESG ETF art. 9;Euronext;2026-08-04;BBG00ZJZYQB7;FSMF;FI GL CO BD RE EN PA UC E-IN;ETP;LN;OK
IE00BM9GRP64;FIDACTFSEMETFP;FSEM;ETF;ETF Plus;EUR;IE;OUI;ESG ETF art. 8;Euronext;2026-08-04;BBG00ZJZPW88;FSEM;FID ESG USD EM BND UC ET-USD;ETP;LN;OK
IE00BM9TSP27;WISETFXSOEIMETFP;XSOE;ETF;ETF Plus;EUR;IE;OUI;ESG ETF art. 8;Euronext;2026-08-04;BBG01254FDG8;XSOE;WISDOMTREE EMERGING MARKETS;ETP;LN;OK
IE00BM9TV208;UBSETFDVDEIMETFP;GLDVDE;ETF;ETF Plus;EUR;IE;OUI;ESG ETF art. 8;Euronext;2026-08-04;BBG0113G6894;GLDVDE;UBS ETF SP DV ARI ELIT H EUR;ETP;IM;OK
IE00BMBKBZ46;ISHARES HCSE DIS;IUHE;ETF;Euronext Amsterdam;EUR;IE;OUI;-;Euronext;2026-08-04;BBG00VDFVWZ0;IUHE;ISHARES S&P HEALTHCARE EURHD;ETP;NA;OK
IE00BMC38736;VANETFSMHIMETFP;SMH;ETF;ETF Plus | Euronext Paris;EUR;IE;OUI;ESG ETF art. 8;Euronext;2026-08-04;BBG00YCY2LS8;SMH;VANECK SEMICONDUCTOR ETF;ETP;LN;OK
IE00BMC7BF44;IS MSC CY GV BD $D;CGBI;ETF;Euronext Amsterdam - Multi-currency Trading;USD;IE;OUI;-;Euronext;2026-08-04;BBG0107SNYC6;CGBI;ISHARES CHINA CNY GOVT USD D;ETP;NA;OK
IE00BMD8KP97;INVETFEQQJIMETFP;EQQJ;ETF;ETF Plus;EUR;IE;OUI;-;Euronext;2026-08-04;BBG00ZR7YV47;EQQJ;IVZ NASDAQ NEXT GEN 100 ACC;ETP;LN;OK
IE00BMDBMG37;ISHARES MES $ A;IDSE;ETF;Euronext Amsterdam - Multi-currency Trading;USD;IE;OUI;ESG ETF art. 8;Euronext;2026-08-04;BBG00Y49B3S2;IDSE;ISHARES EUROPE SRI USD-ACC;ETP;NA;OK
IE00BMDBMN04;ISHETFGRONIMETFP;GRON;ETF;ETF Plus;EUR;IE;OUI;ESG ETF art. 9;Euronext;2026-08-04;BBG00ZR6FNF6;GRON;ISHARES EUR GREEN BOND UCITS;ETP;GR;OK
IE00BMDH1538;VANETFHDROIMETFP;HDRO;ETF;ETF Plus;EUR;IE;OUI;ESG ETF art. 9;Euronext;2026-08-04;BBG00ZL4SGG7;HDRO;VANECK HYDROGEN ETF;ETP;LN;OK
IE00BMDKNW35;VANETFDAPPIMETFP;DAPP;ETF;ETF Plus | Euronext Paris;EUR;IE;OUI;-;Euronext;2026-08-04;BBG0104M4F25;DAPP;VANECK CRYPTO AND BLOCKCHAIN;ETP;LN;OK
IE00BMDPBY65;Fr STXX EU 600 Par;PARI;ETF;Euronext Amsterdam | ETF Plus;EUR;IE;OUI;ESG ETF art. 8;Euronext;2026-08-04;BBG00W7CHNX0;FLXP;FRANKLIN STX600 PA UCITS ETF;ETP;GR;OK
IE00BMDPBZ72;FRAETFUSPAIMETFP;USPA;ETF;ETF Plus | Euronext Amsterdam;EUR;IE;OUI;ESG ETF art. 8;Euronext;2026-08-04;BBG00W6W3QQ3;FLX5;FRANKLIN SP500 PA UCITS ETF;ETP;GR;OK
IE00BMDV7354;JPMACTJREAETFP;JREA;ETF;ETF Plus;EUR;IE;OUI;ESG ETF art. 8;Euronext;2026-08-04;BBG012GKB9T9;JREA;JPM AC APAC EX JPN REI ACT;ETP;LN;OK
IE00BMDV7578;JPMACTJRECETFP;JREC;ETF;ETF Plus;EUR;IE;OUI;ESG ETF art. 8;Euronext;2026-08-04;BBG012GKHGL5;JREC;JPM CHINA A REI EQ ACT ETF;ETP;LN;OK
IE00BMDWYZ92;JP ETFJPCTIMETFP;JPCT;ETF;ETF Plus;EUR;IE;OUI;ESG ETF art. 9;Euronext;2026-08-04;BBG00X27MMN1;JPCT;JPM CARBON TR GLEQ CTB UC UA;ETP;LN;OK
IE00BMFKG444;XTRETFND100ETFP;XNAS;ETF;ETF Plus;EUR;IE;OUI;-;Euronext;2026-08-04;BBG00YTS4FB2;XNAS;X NASDAQ 100 1C;ETP;GR;OK
IE00BMFNW783;HANACTTRYPXPAR;TRYP;ETF;Euronext Paris | ETF Plus;EUR;IE;OUI;ESG ETF art. 8;Euronext;2026-08-04;BBG0118JLXW5;TRYP;US GLOBAL INVESTORS TRAVEL U;ETP;LN;OK
IE00BMG6Z448;iS MSCI EMXCH $ Ac;EXCH;ETF;Euronext Amsterdam - Multi-currency Trading | Euronext Paris | ETF Plus;USD;IE;OUI;-;Euronext;2026-08-04;BBG00ZR5RLC2;EXCH;ISHARES MSCI EM XCHINA;ETP;NA;OK
IE00BMGNVD65;ISHARES CGAB UH DS;AGUG;ETF;Euronext Amsterdam - Multi-currency Trading;USD;IE;OUI;-;Euronext;2026-08-04;BBG00VYHNQX7;AGUG;ISHARES CORE GLB AGG USD-H D;ETP;NA;OK
IE00BMH5XY61;GLOETFEBIZIMETFP;EBIZ;ETF;ETF Plus;EUR;IE;OUI;-;Euronext;2026-08-04;BBG013JYV8R6;EBIZ;GX E-COMMERCE UCITS;ETP;LN;OK
IE00BMH5Y327;GLOETFVPNIMETFP;VPN;ETF;ETF Plus;EUR;IE;OUI;-;Euronext;2026-08-04;BBG013TGX8Y4;VPN;GX DATA CENTR REIT UCITSAUSD;ETP;LN;OK
IE00BMH5Y871;GLOETFBUGIMETFP;BUG;ETF;ETF Plus;EUR;IE;OUI;-;Euronext;2026-08-04;BBG013JYVMQ6;BUG;GX CYBERSECURITY UCITS;ETP;LN;OK
IE00BMH5YF48;GLOETFCLOUIMETFP;CLOU;ETF;ETF Plus;EUR;IE;OUI;-;Euronext;2026-08-04;BBG01390N3J0;CLO6;GX CLOUD COMPUTING UCITS;ETP;LN;OK
IE00BMH5YL08;GLOETFCTEKIMETFP;CTEK;ETF;ETF Plus;EUR;IE;OUI;ESG ETF art. 8;Euronext;2026-08-04;BBG013JYTXB1;CTEK;GX CLEANTECH UCITS;ETP;LN;OK
IE00BMH5YR69;GLOETFDRVEIMETFP;DRVE;ETF;ETF Plus;EUR;IE;OUI;-;Euronext;2026-08-04;BBG013JYVGJ7;DRVE;GX AUTO ELECTVEHIC UCITS;ETP;LN;OK
IE00BMP3HG27;UBS IRL GLDVD;UBUM;ETF;Euronext Amsterdam | ETF Plus;EUR;IE;OUI;ESG ETF art. 8;Euronext;2026-08-04;BBG00731NRD9;UBUM;UBS ETF SP DV ARI ELIT H EUR;ETP;GR;OK
IE00BMP3HN93;UBS IRL UKSR;UKSR;ETF;Euronext Amsterdam;EUR;IE;OUI;ESG ETF art. 8;Euronext;2026-08-04;BBG0078S6PG5;UKSR;UBS ETF UK IMI SRI A;ETP;LN;OK
IE00BMTM6B32;WISETC3OILIMETFP;3OIL;ETF;ETF Plus;EUR;IE;OUI;-;Euronext;2026-08-04;BBG00Y7B1T99;3OIL;WT WTI CRUDE 3X DAILY LVRGD;ETP;LN;OK
IE00BMTM6D55;WISETC3BRSIMETFP;3BRL;ETF;ETF Plus;EUR;IE;OUI;-;Euronext;2026-08-04;BBG00Y7BC0C6;3BRL;WT BRENT CRUDE 3X DAILY LVRG;ETP;LN;OK
IE00BMTX1Y45;IS S&P500 SWAP $A;I500;ETF;Euronext Amsterdam - Multi-currency Trading | ETF Plus;USD;IE;OUI;-;Euronext;2026-08-04;BBG00X9DL3S9;I500;ISHARES S&P500 SWAP UCITS;ETP;NA;OK
IE00BMTX2B82;IS AEX UCITS EUR A;IAEA;ETF;Euronext Amsterdam;EUR;IE;OUI;-;Euronext;2026-08-04;BBG00W90K2C9;IAEA;ISHARES AEX EUR ACC;ETP;NA;OK
IE00BMVB5K07;VANACTVNGA20ETFP;VNGA20;ETF;ETF Plus | Euronext Amsterdam;EUR;IE;OUI;-;Euronext;2026-08-04;BBG00YG3C8J0;V20A;VANGUARD LIFESTRATEGY 20 ACC;ETP;GR;OK
IE00BMVB5L14;VANACTVNGD20ETFP;VNGD20;ETF;ETF Plus | Euronext Amsterdam;EUR;IE;OUI;-;Euronext;2026-08-04;BBG00YG3DSM1;V20D;VANGUARD LIFESTRATEGY 20 INC;ETP;GR;OK
IE00BMVB5M21;VANACTVNGA40ETFP;VNGA40;ETF;ETF Plus | Euronext Amsterdam;EUR;IE;OUI;-;Euronext;2026-08-04;BBG00YG3GJF6;V40A;VANGUARD LIFESTRATEGY 40 ACC;ETP;GR;OK
IE00BMVB5N38;VANACTVNGD40ETFP;VNGD40;ETF;ETF Plus | Euronext Amsterdam;EUR;IE;OUI;-;Euronext;2026-08-04;BBG00YG3J153;V40D;VANGUARD LIFESTRATEGY 40 INC;ETP;GR;OK
IE00BMVB5P51;VANACTVNGA60ETFP;VNGA60;ETF;ETF Plus | Euronext Amsterdam;EUR;IE;OUI;-;Euronext;2026-08-04;BBG00YG3K4D6;V60A;VANGUARD LIFESTRATEGY 60 ACC;ETP;GR;OK
IE00BMVB5Q68;VANACTVNGD60ETFP;VNGD60;ETF;ETF Plus | Euronext Amsterdam;EUR;IE;OUI;-;Euronext;2026-08-04;BBG00YG3N3H1;V60D;VANGUARD LIFESTRATEGY 60 INC;ETP;GR;OK
IE00BMVB5R75;VANACTVNGA80ETFP;VNGA80;ETF;ETF Plus | Euronext Amsterdam;EUR;IE;OUI;-;Euronext;2026-08-04;BBG00YG3Y307;V80A;VANGUARD LIFESTRATEGY 80 ACC;ETP;GR;OK
IE00BMVB5S82;VANACTVNGD80ETFP;VNGD80;ETF;ETF Plus | Euronext Amsterdam;EUR;IE;OUI;-;Euronext;2026-08-04;BBG00YG3ZSC8;V80D;VANGUARD LIFESTRATEGY 80 INC;ETP;GR;OK
IE00BMW3QX54;L&G  Robotics;ROBO;ETF;Euronext Amsterdam | ETF Plus;EUR;IE;OUI;-;Euronext;2026-08-04;BBG0073XZP40;ROBO;L&G ROBO GLOBAL ROBOTICS&AUT;ETP;LN;OK
IE00BMWXKN31;HSBC HSENG TCH ETF;HSTE;ETF;Euronext Paris | ETF Plus;EUR;IE;OUI;-;Euronext;2026-08-04;BBG00YD5MFR2;HSTE;HSBC HANG SENG TECH UCITS ET;ETP;LN;OK
IE00BMX0B631;VANETFVDTEIMETFP;VDTE;ETF;ETF Plus;EUR;IE;OUI;-;Euronext;2026-08-04;BBG00WJSL7H0;VDTE;VANG USDTRBD EUR HGD A;ETP;GR;OK
IE00BMX0DF60;ISHARES UMDV USD A;UMDV;ETF;Euronext Amsterdam - Multi-currency Trading;USD;IE;OUI;-;Euronext;2026-08-04;BBG00W9KTSH4;UMDV;ISHARES US MEDICAL DEVICES A;ETP;NA;OK
IE00BMXC7V63;IS SP500 PAC $A;UPAB;ETF;Euronext Amsterdam - Multi-currency Trading;USD;IE;OUI;ESG ETF art. 9;Euronext;2026-08-04;BBG0106NQ6H1;UPAB;ISHARES S&P500 PARIS-ALGND A;ETP;NA;OK
IE00BMXC7W70;IS WORLD PAC $A;WPAB;ETF;Euronext Amsterdam - Multi-currency Trading;USD;IE;OUI;ESG ETF art. 9;Euronext;2026-08-04;BBG0106NS6D3;WPAB;ISHARES WORLD PARIS-ALNGD A;ETP;NA;OK
IE00BMY76136;XTRETFXZWEIMETFP;XZWE;ETF;ETF Plus;EUR;IE;OUI;ESG ETF art. 8;Euronext;2026-08-04;BBG00WWDRTG5;XZWE;X MSCI WORLD ESG 2C EUR;ETP;GR;OK
IE00BMYDM794;L&GETFHTWOIMETFP;HTWO;ETF;ETF Plus;EUR;IE;OUI;ESG ETF art. 9;Euronext;2026-08-04;BBG00Z1WKMF3;HTWO;L&G HYDROGEN ECONOMY ETF;ETP;LN;OK
IE00BMYDM919;L&GETFLDEUIMETFP;LDEU;ETF;ETF Plus;EUR;IE;OUI;ESG ETF art. 8;Euronext;2026-08-04;BBG0101MMV32;LDEU;L&G EU EX-UK QU DVD EQ WE-EU;ETP;LN;OK
IE00BMYDMB35;L&GETFLDAPIMETFP;LDAP;ETF;ETF Plus;EUR;IE;OUI;ESG ETF art. 8;Euronext;2026-08-04;BBG01017F6T0;LDAP;L&G APAC EX-JAP QD EW UC-USD;ETP;LN;OK
IE00BMYHQM42;SSGETFGOVAIMETFP;GOVA;ETF;ETF Plus;EUR;IE;OUI;-;Euronext;2026-08-04;BBG00YRFL464;GOVAEUR;SPDR BLOOMBERG BARCLAYS EURO;ETP;B4;OK
IE00BMZ17X30;ISHARES WSRI $ H;SUWU;ETF;Euronext Amsterdam - Multi-currency Trading;USD;IE;OUI;ESG ETF art. 8;Euronext;2026-08-04;BBG00XT0D5C6;SUWU;ISHARES MSCI WORLD SRI-USDHD;ETP;SE;OK
IE00BN2BCY94;XTRETFDJDGREETFP;XDRE;ETF;ETF Plus;EUR;IE;OUI;ESG ETF art. 8;Euronext;2026-08-04;BBG01QJ48X56;XDRE;X DEVELOPED GREEN RE ESG 1C;ETP;GR;OK
IE00BN4GXL63;TABETFCOOLIMETFP;COOL;ETF;ETF Plus;EUR;IE;OUI;ESG ETF art. 9;Euronext;2026-08-04;BBG00YGKGML4;TABC;JH EIB PAR-ALI CL ACTI CU-EA;ETP;GR;OK
IE00BN4PXC48;UBSETFLIMAIMETFP;CLIMA;ETF;ETF Plus;EUR;IE;OUI;ESG ETF art. 9;Euronext;2026-08-04;BBG00ZJYNG42;AW11;UBS ETF CLIMATE CTB USD ACC;ETP;GR;OK
IE00BN4Q0370;UBSETFHPAWIMETFP;WXUPAB;ETF;ETF Plus;EUR;IE;OUI;ESG ETF art. 9;Euronext;2026-08-04;BBG00ZR7RZF4;AW10;UBS ETF WEXUS PAB USD ACC;ETP;GR;OK
IE00BN4Q0602;UBSETFHPAUIMETFP;USAPA;ETF;ETF Plus;EUR;IE;OUI;ESG ETF art. 9;Euronext;2026-08-04;BBG00ZR7R007;AW16;UBS ETF USA PAB USD ACC;ETP;GR;OK
IE00BN4Q0933;UBSETFHPAEIMETFP;EURPA;ETF;ETF Plus;EUR;IE;OUI;ESG ETF art. 9;Euronext;2026-08-04;BBG00ZR7LST1;AW13;UBS ETF EUROPE PAB EUR ACC;ETP;GR;OK
IE00BN4Q0L55;UBSETFMUPAIMETFP;EMUPA;ETF;ETF Plus;EUR;IE;OUI;ESG ETF art. 9;Euronext;2026-08-04;BBG00ZR7HDG3;AW1Z;UBS ETF EMU PAB EUR ACC;ETP;GR;OK
IE00BN4Q0P93;UBSETFACPAIMETFP;ACPA;ETF;ETF Plus;EUR;IE;OUI;ESG ETF art. 9;Euronext;2026-08-04;BBG0120ZFZV8;ACPA;UBS ETF ACWI PAB USD ACC;ETP;SW;OK
IE00BN4Q0X77;UBSETFJPAIMETFP;JPA;ETF;ETF Plus;EUR;IE;OUI;ESG ETF art. 9;Euronext;2026-08-04;BBG00ZR7QBQ6;AW15;UBS ETF JAPAN PAB EUR-H ACC;ETP;GR;OK
IE00BN4Q1675;UBSETFEMPAIMETFP;EMPAB;ETF;ETF Plus;EUR;IE;OUI;ESG ETF art. 9;Euronext;2026-08-04;BBG0120ZJJZ6;EMPA;UBS ETF EM PAB USD ACC;ETP;SW;OK
IE00BN92ZL31;IS WORLD PAC $D;WPAD;ETF;Euronext Amsterdam - Multi-currency Trading;USD;IE;OUI;ESG ETF art. 9;Euronext;2026-08-04;BBG0106VZ086;WPAD;ISHARES WORLD PARIS-ALNGD D;ETP;NA;OK
IE00BNC0M350;UBSETFESGAIMETFP;USESGA;ETF;ETF Plus;EUR;IE;OUI;ESG ETF art. 8;Euronext;2026-08-04;BBG011WQJVN9;USESGA;UBSETF USA UNI USD ACC;ETP;SW;OK
IE00BNC0M913;UBSETFUESGIIETFP;EMUESG;ETF;ETF Plus;EUR;IE;OUI;ESG ETF art. 8;Euronext;2026-08-04;BBG011WQL9C7;EUESG;UBSETF EMU UNI EUR ACC;ETP;SW;OK
IE00BNC0MD55;UBSETFPESGIMETFP;JPESG;ETF;ETF Plus;EUR;IE;OUI;ESG ETF art. 8;Euronext;2026-08-04;BBG011WQM455;JPESG;UBSETF JP UNI JPY ACC;ETP;SW;OK
IE00BNC0MH93;UBSETFNU7549ETFP;EXCS;ETF;ETF Plus;EUR;IE;OUI;ESG ETF art. 8;Euronext;2026-08-04;BBG01LV4MZT6;EMXCNS;UBSETF EM EXC SRI USD ACC;ETP;SW;OK
IE00BNC1F287;GUINNESS SUST ENG;CLMA;ETF;Euronext Paris | ETF Plus;EUR;IE;OUI;ESG ETF art. 9;Euronext;2026-08-04;BBG00YG2LFM2;CLMA;GUINNESS SUST ENERGY UCITS E;ETP;LN;OK
IE00BNC1G699;XTRETFXZEZIMETFP;XZEZ;ETF;ETF Plus;EUR;IE;OUI;ESG ETF art. 8;Euronext;2026-08-04;BBG00YTS7102;XZEZ;X MSCI EMU ESG 1C;ETP;GR;OK
IE00BNDS1P30;VANETFV3GFIMETFP;V3GF;ETF;ETF Plus | Euronext Amsterdam, Paris;EUR;IE;OUI;ESG ETF art. 8;Euronext;2026-08-04;BBG010C7PL14;V3GF;VANG ESG GC ETF EUR H ACC;ETP;NA;OK
IE00BNDS1Q47;VANETFV3GFIMETFP;V3GE;ETF;ETF Plus | Euronext Amsterdam, Paris;EUR;IE;OUI;ESG ETF art. 8;Euronext;2026-08-04;BBG010C7QNT9;V3GE;VANG ESG GC ETF EUR H DIST;ETP;NA;OK
IE00BNG70R26;INVETFMUNIIMETFP;MUNI;ETF;ETF Plus;EUR;IE;OUI;-;Euronext;2026-08-04;BBG00Z4GKXY0;MUNI;INVESCO US MUNICIPAL BOND;ETP;LN;OK
IE00BNG8L278;VANETFV3AAIMETFP;V3AA;ETF;ETF Plus | Euronext Amsterdam, Paris;EUR;IE;OUI;ESG ETF art. 8;Euronext;2026-08-04;BBG00ZLFHVH0;V3AB;VANG ESG GLB ALL CAP ACC;ETP;LN;OK
IE00BNG8L385;VANETFV3AAIMETFP;V3AL;ETF;ETF Plus | Euronext Amsterdam, Paris;EUR;IE;OUI;ESG ETF art. 8;Euronext;2026-08-04;BBG00ZMDXM31;V3AM;VANG ESG GLB ALL CAP DIST;ETP;LN;OK
IE00BNGFMX61;FIDACTFJPRETFP;FJPR;ETF;ETF Plus;EUR;IE;OUI;ESG ETF art. 8;Euronext;2026-08-04;BBG00YD5B8K7;FJPR;FID JAP EQU RES EN UC ET-JPY;ETP;LN;OK
IE00BNGFMY78;FIDACTFPXRETFP;FPXR;ETF;ETF Plus;EUR;IE;OUI;ESG ETF art. 8;Euronext;2026-08-04;BBG00YD5BK48;FPXR;FI PA EX-JA EQ RE EN UC ET-A;ETP;LN;OK
IE00BNGJJT35;INVETFXDEWIMETFP;SPEQ;ETF;ETF Plus;EUR;IE;OUI;-;Euronext;2026-08-04;BBG00ZTHR6J0;SPEQ;IVZ SP 500 EQUAL WEIGHT ACC;ETP;LN;OK
IE00BNH72088;SSGETFCONVIMETFP;CONV;ETF;ETF Plus;EUR;IE;OUI;-;Euronext;2026-08-04;BBG0078XTL87;ZPRC;SS SP FT GCB UCIT ETF-USD UD;ETP;GR;OK
IE00BNTVVR89;HAN MINING ETF;ESGO;ETF;Euronext Paris | ETF Plus;EUR;IE;OUI;ESG ETF art. 8;Euronext;2026-08-04;BBG011M04854;ESGO;GD MIN SCRN UCITS ETF A-AESC;ETP;LN;OK
IE00BP2C0316;HSBETFHPAEIMETFP;HPAE;ETF;ETF Plus;EUR;IE;OUI;ESG ETF art. 8;Euronext;2026-08-04;BBG0120BZFB5;HPAE;HSBC MSCI EUROPE CLIMATE PAR;ETP;LN;OK
IE00BP2C1V62;HSBETFHPAWIMETFP;HPAW;ETF;ETF Plus;EUR;IE;OUI;ESG ETF art. 8;Euronext;2026-08-04;BBG011PLFNJ5;HPAW;HSBC MSCI WORLD CLIMATE PARI;ETP;LN;OK
IE00BP2NF958;JPMACTJREJETFP;JREJ;ETF;ETF Plus;EUR;IE;OUI;ESG ETF art. 8;Euronext;2026-08-04;BBG012GKJT80;JREJ;JPM JAPAN REI EQ ACTIVE ETF;ETP;LN;OK
IE00BP3QZ601;ISHETFIWQUIMETFP;IWQU;ETF;ETF Plus;EUR;IE;OUI;-;Euronext;2026-08-04;BBG0078NQ9K5;IWQU;ISHR EDGE MSCI WRLD QLY FCTR;ETP;LN;OK
IE00BP3QZ825;ISHETFIWMOIMETFP;IWMO;ETF;ETF Plus;EUR;IE;OUI;-;Euronext;2026-08-04;BBG0078NSF47;IWMO;ISHR EDGE MSCI WRLD MOMENTUM;ETP;LN;OK
IE00BP3QZB59;ISHETFIWVLIMETFP;IWVL;ETF;ETF Plus;EUR;IE;OUI;-;Euronext;2026-08-04;BBG0078NTR86;IWVL;ISHARES EDGE MSCI WRLD VALUE;ETP;LN;OK
IE00BP3QZD73;ISHETFIWSZIMETFP;IWSZ;ETF;ETF Plus;EUR;IE;OUI;-;Euronext;2026-08-04;BBG0078NVGR6;IWSZ;ISH MSCI WMC EQWT UCT ETF-UA;ETP;LN;OK
IE00BP3QZJ36;MSCI France Acc;IFRE;ETF;Euronext Amsterdam;EUR;IE;OUI;-;Euronext;2026-08-04;BBG00732FZ48;ISFR;ISHARES MSCI FRANCE;ETP;LN;OK
IE00BP46NG52;SSGETFEMH5IMETFP;EMH5;ETF;ETF Plus;EUR;IE;OUI;-;Euronext;2026-08-04;BBG0078VWVQ5;ZPR5;SS SP ICE BO 0-5Y EUGB-US UH;ETP;GR;OK
IE00BP9F2H18;PIMACTLDCUETFP;LDCU;ETF;ETF Plus;EUR;IE;OUI;-;Euronext;2026-08-04;BBG007MMB1F0;LDCU;PIMCO ADV US LW DR CRP BD-UI;ETP;LN;OK
IE00BP9F2J32;PIMACTLDCEETFP;LDCE;ETF;ETF Plus;EUR;IE;OUI;-;Euronext;2026-08-04;BBG007MM9582;LDCE;PIMCO ADV ER LW DR CRP BD-EI;ETP;GR;OK
IE00BPRCH686;INVETFN400IMETFP;N400;ETF;ETF Plus;EUR;IE;OUI;-;Euronext;2026-08-04;BBG00740SHJ1;S400;INVESCO JPX-NIKKEI 400;ETP;LN;OK
IE00BPVLQD13;XTRETFXDNEIMETFP;XDNY;ETF;ETF Plus;EUR;IE;OUI;ESG ETF art. 8;Euronext;2026-08-04;BBG007340SP3;XDNY;X MSCI JAPAN SCR 1D;ETP;GR;OK
IE00BQ70R696;INVETFSBIOIMETFP;SBIO;ETF;ETF Plus | Euronext Amsterdam;EUR;IE;OUI;-;Euronext;2026-08-04;BBG007G2QC16;SBIO;INVESCO NASDAQ BIOTECH;ETP;LN;OK
IE00BQN1K562;ISHETFIEQUIMETFP;IEQU;ETF;ETF Plus;EUR;IE;OUI;-;Euronext;2026-08-04;BBG007X15X43;IEFQ;ISH EDGE MSCI ERP QUALITY;ETP;LN;OK
IE00BQN1K786;ISHETFIEMOIMETFP;IEMO;ETF;ETF Plus;EUR;IE;OUI;-;Euronext;2026-08-04;BBG007X17X05;IEFM;ISH EDGE MSCI ERP MOMENTUM;ETP;LN;OK
IE00BQN1K901;ISHETFIEVLIMETFP;IEVL;ETF;ETF Plus;EUR;IE;OUI;-;Euronext;2026-08-04;BBG007X184V4;IEVL;ISHARES EDGE MSCI ERP VALUE;ETP;LN;OK
IE00BQN1KC32;ISHETFIESZIMETFP;IESZ;ETF;ETF Plus;EUR;IE;OUI;-;Euronext;2026-08-04;BBG007X18KH4;IEFS;ISHRS MSCI EUMC EQW UCTS ETF;ETP;LN;OK
IE00BQQ3Q067;WISETFDEMRIMETFP;DEM;ETF;ETF Plus;EUR;IE;OUI;ESG ETF art. 8;Euronext;2026-08-04;BBG007K809M0;DEM;WT EME MA HI DVD UCI ETF-USD;ETP;LN;OK
IE00BQQP9F84;VANETFGDXIMETFP;GDX;ETF;ETF Plus | Euronext Paris;EUR;IE;OUI;-;Euronext;2026-08-04;BBG007QT8236;GDX;VANECK GOLD MINERS UCITS ETF;ETP;LN;OK
IE00BQQP9G91;VANETFGDXJIMETFP;GDXJ;ETF;ETF Plus | Euronext Paris;EUR;IE;OUI;-;Euronext;2026-08-04;BBG007QT9208;GDXJ;VANECK JR GOLD MINERS ETF;ETP;LN;OK
IE00BQQP9H09;VANETFMOATIMETFP;MOAT;ETF;ETF Plus | Euronext Paris;EUR;IE;OUI;ESG ETF art. 8;Euronext;2026-08-04;BBG00B9Q6Q31;MOAT;VANECK MORNINGSTAR US ESG WI;ETP;LN;OK
IE00BQT3WG13;MSCI China A Acc;CNYA;ETF;Euronext Amsterdam;EUR;IE;OUI;-;Euronext;2026-08-04;BBG008D8G707;CNYA;ISHARES MSCI CHINA A;ETP;LN;OK
IE00BQZJBM26;WISETFDGSEIMETFP;DGSE;ETF;ETF Plus;EUR;IE;OUI;ESG ETF art. 8;Euronext;2026-08-04;BBG007K88R33;DGSE;WT EMERG MARKET SMALLCAP DVD;ETP;LN;OK
IE00BQZJBQ63;WISETFDHSAIMETFP;DHS;ETF;ETF Plus;EUR;IE;OUI;ESG ETF art. 8;Euronext;2026-08-04;BBG007F4JK59;DHS;WITR US HIG DIVD UCI ETF-USD;ETP;LN;OK
IE00BQZJBX31;WISETFEEIAIMETFP;EEI;ETF;ETF Plus | Euronext Paris;EUR;IE;OUI;ESG ETF art. 8;Euronext;2026-08-04;BBG007F4JL75;EEI;WT EUR HI DI UC ET-UC ETF EU;ETP;LN;OK
IE00BQZJC527;WISETFDFEAIMETFP;DFE;ETF;ETF Plus;EUR;IE;OUI;ESG ETF art. 8;Euronext;2026-08-04;BBG007F4FP25;DFE;WT EUROPE SMALLCAP DIV UCITS;ETP;LN;OK
IE00BRB36B93;XTRETFXDNEIMETFP;XDNE;ETF;ETF Plus;EUR;IE;OUI;ESG ETF art. 8;Euronext;2026-08-04;BBG00835HTP8;XDNE;X MSCI JAPAN SCR 3C EUR;ETP;GR;OK
IE00BRKWGL70;INVETFIUSEIMETFP;E500;ETF;ETF Plus;EUR;IE;OUI;-;Euronext;2026-08-04;BBG007PNMDV9;E500;INVESCO S&P 500 EUR HDG ACC;ETP;GR;OK
IE00BS7K8821;SSGETFEU35IMETFP;EU35;ETF;ETF Plus;EUR;IE;OUI;-;Euronext;2026-08-04;BBG007LW1687;SYB4;SS SP BL 3-5 YEGB UCI ET-EUI;ETP;GR;OK
IE00BSKRK281;ISHETFIEBBIMETFP;IEBB;ETF;ETF Plus;EUR;IE;OUI;-;Euronext;2026-08-04;BBG0080T9810;IS06;ISHARES EUR CORP BBB-BB;ETP;GR;OK
IE00BT9PVG14;FIRETFFDNIIMETFP;FDNI;ETF;ETF Plus;EUR;IE;OUI;-;Euronext;2026-08-04;BBG00FRYCYD0;FTSZCHF;FIRST TRUST DJ INTNL INTRNET;ETP;XS;OK
IE00BTJRMP35;XTRETFGEASIMETFP;XMME;ETF;ETF Plus;EUR;IE;OUI;-;Euronext;2026-08-04;BBG00G5G30R0;XMME;X MSCI EM 1C;ETP;GR;OK
IE00BVDPXK98;PLURIMA STRATEGY;PPSPOF;OPCVM;ATFund Instruments;EUR;IE;OUI;;Euronext;2026-08-04;;;;;;INTROUVABLE
IE00BVFZGC04;WISETCWTIDIMETFP;WTID;ETF;ETF Plus;EUR;IE;OUI;-;Euronext;2026-08-04;BBG008F54RY3;WTID;WT BLOOMBERG WTI CRUDE OIL;ETP;IM;OK
IE00BVFZGD11;WISETCBRNDIMETFP;BRND;ETF;ETF Plus;EUR;IE;OUI;-;Euronext;2026-08-04;BBG008F56631;BRND;WT BLOOMBERG BRENT CRUDE OIL;ETP;IM;OK
IE00BVXBH163;WISETFHEDJIMETFP;HEDJ;ETF;ETF Plus;EUR;IE;OUI;ESG ETF art. 8;Euronext;2026-08-04;BBG008TPN189;HEDJ;WISDOMTREE EUR EQUITY-USD HG;ETP;LN;OK
IE00BVXC4854;WISETFDXJIMETFP;DXJ;ETF;ETF Plus;EUR;IE;OUI;ESG ETF art. 8;Euronext;2026-08-04;BBG008RCQ4M5;DXJ;WISDMTRE JPN EQ UCITS E-USDH;ETP;LN;OK
IE00BVZ6SP04;PIMActPJSRETFP;PJSR;ETF;ETF Plus;EUR;IE;OUI;ESG ETF art. 8;Euronext;2026-08-04;BBG008NTQQ61;PJSR;PIMCO EURO SHRT ACC;ETP;GR;OK
IE00BWBXM278;SPDR US CONS DIS;SXLY;ETF;Euronext Amsterdam | ETF Plus;EUR;IE;OUI;-;Euronext;2026-08-04;BBG009HXSKV0;ZPDD;SS SPDR S&P US CONS DI SS UC;ETP;GR;OK
IE00BWBXM385;SPDR US CONS STAP;SXLP;ETF;Euronext Amsterdam | ETF Plus;EUR;IE;OUI;-;Euronext;2026-08-04;BBG009HXSVM6;ZPDS;SS SPDR S&P US CSSS UCITS ET;ETP;GR;OK
IE00BWBXM492;SPDR US ENERGY;SXLE;ETF;Euronext Amsterdam | ETF Plus;EUR;IE;OUI;-;Euronext;2026-08-04;BBG009HXT6B2;ZPDE;SS SPDR S&P US ESS UCITS-USA;ETP;GR;OK
IE00BWBXM500;SPDR US FINAN;SXLF;ETF;Euronext Amsterdam | ETF Plus;EUR;IE;OUI;-;Euronext;2026-08-04;BBG009HXTCH3;ZPDF;SS SP U.S. FINAC SEC UTS ETF;ETP;GR;OK
IE00BWBXM617;SPDR US HEALTH;SXLV;ETF;Euronext Amsterdam | ETF Plus;EUR;IE;OUI;-;Euronext;2026-08-04;BBG009HXTHH2;ZPDH;SS SR SP U.S. HT CR ST SR UE;ETP;GR;OK
IE00BWBXM724;SPDR US INDUST;SXLI;ETF;Euronext Amsterdam | ETF Plus;EUR;IE;OUI;-;Euronext;2026-08-04;BBG009HXTLF5;ZPDI;SS SP US IND SEL SECT UCITS;ETP;GR;OK
IE00BWBXM831;SPDR US MATERIAL;SXLB;ETF;Euronext Amsterdam | ETF Plus;EUR;IE;OUI;-;Euronext;2026-08-04;BBG009HXTRJ8;ZPDM;SS SPDR S&P US MATERIALS SEL;ETP;GR;OK
IE00BWBXM948;SPDR US TECH;SXLK;ETF;Euronext Amsterdam | ETF Plus;EUR;IE;OUI;-;Euronext;2026-08-04;BBG009HXTXR6;ZPDT;SS SPDR S&P US TECHNOLOGY SE;ETP;GR;OK
IE00BWBXMB69;SPDR US ITILIT;SXLU;ETF;Euronext Amsterdam | ETF Plus;EUR;IE;OUI;-;Euronext;2026-08-04;BBG009HXV3W3;ZPDU;SS SPDR S&P US UTILITIES SEL;ETP;GR;OK
IE00BWT3KJ20;UBS IRL ULOVE;UBUV;ETF;Euronext Amsterdam | ETF Plus;EUR;IE;OUI;-;Euronext;2026-08-04;BBG00BDZZ371;ULOVE;UBSETF FACTOR USA LV H EUR A;ETP;SW;OK
IE00BWT3KL42;UBS IRL UPVLE;UBUW;ETF;Euronext Amsterdam;EUR;IE;OUI;ESG ETF art. 8;Euronext;2026-08-04;BBG00BDZZ950;UPVLE;UBSETF FACTOR USA PV H EUR A;ETP;SW;OK
IE00BWT3KN65;UBS IRL UQLTE;UBUX;ETF;Euronext Amsterdam | ETF Plus;EUR;IE;OUI;ESG ETF art. 8;Euronext;2026-08-04;BBG00BDZZMG9;UQLTE;UBS-FC MSCIUSA QS UCIT-HGEUA;ETP;SW;OK
IE00BWT3KS11;UBS IRL AUHEUA;UE28;ETF;Euronext Amsterdam | ETF Plus;EUR;IE;OUI;-;Euronext;2026-08-04;BBG00BDVDPG5;AUHEUA;UBS ETF AUSTRALIA H. EUR A;ETP;SW;OK
IE00BWTN6Y99;INVETFHDLVIMETFP;HDLV;ETF;ETF Plus | Euronext Paris;EUR;IE;OUI;-;Euronext;2026-08-04;BBG008KF3H41;HDLV;INVESCO S&P 500 HDLV DIST;ETP;LN;OK
IE00BWTNM743;FIRETFNXTGIMETFP;NXTG;ETF;ETF Plus;EUR;IE;OUI;-;Euronext;2026-08-04;BBG009H56VR6;FJPJPY;FIRST TRUST INDXX NETG ETF;ETP;XS;OK
IE00BX7RQY03;UBS IRL ULOVD;UBUR;ETF;Euronext Amsterdam | ETF Plus;EUR;IE;OUI;-;Euronext;2026-08-04;BBG009WQF420;ULOVD;UBSETF FACTOR USA LV H EUR A;ETP;IM;OK
IE00BX7RR706;UBS IRL UPVLD;UBUS;ETF;Euronext Amsterdam | ETF Plus;EUR;IE;OUI;ESG ETF art. 8;Euronext;2026-08-04;BBG009WQFX53;UPVLD;UBSETF FACTOR USA PV H EUR A;ETP;IM;OK
IE00BX7RRJ27;UBS IRL UQLTD;UBUT;ETF;Euronext Amsterdam | ETF Plus;EUR;IE;OUI;ESG ETF art. 8;Euronext;2026-08-04;BBG009WQHR72;UQLTD;UBS ETF FACTOR USA QUALITY;ETP;IM;OK
IE00BYM11H29;UBSETFACWEIMETFP;ACWIA;ETF;ETF Plus;EUR;IE;OUI;-;Euronext;2026-08-04;BBG00MF3R561;ACWIA;UBS ETF MSCI ACWI USD A-ACC;ETP;SW;OK
IE00BYM11K57;UBSETFCWIEIMETFP;ACWIE;ETF;ETF Plus;EUR;IE;OUI;-;Euronext;2026-08-04;BBG009SX81F0;ACWIE;UBS ETF MSCI ACWI H. EUR;ETP;SW;OK
IE00BYM31M36;ISHETFWINGIMETFP;WING;ETF;ETF Plus;EUR;IE;OUI;-;Euronext;2026-08-04;BBG00D32P8Z0;WING;ISHARES FALLEN ANGEL HY CORP;ETP;LN;OK
IE00BYM8JD58;INVETFXRESIMETFP;XRES;ETF;ETF Plus;EUR;IE;OUI;-;Euronext;2026-08-04;BBG00C6D54B2;XRES;INVESCO US REAL ESTATE S&P;ETP;LN;OK
IE00BYML9W36;INVETFSP500TETFP;SPXD;ETF;ETF Plus;EUR;IE;OUI;-;Euronext;2026-08-04;BBG00B6K63L8;SPXD;INVESCO S&P 500 DIST;ETP;SW;OK
IE00BYMLZY74;WISETFWCOAIMETFP;WCOA;ETF;ETF Plus;EUR;IE;OUI;-;Euronext;2026-08-04;BBG00CS8J7Q1;WCOA;WISDOMTREE ENH CMDTY-USD ACC;ETP;LN;OK
IE00BYNXNS22;WISETN3BTSIMETFP;5BTS;ETF;ETF Plus;EUR;IE;OUI;-;Euronext;2026-08-04;BBG009K6Z5N9;5BTS;WT BTP 10Y 5X DAILY SHORT;ETP;IM;OK
IE00BYNXPH56;WISETN3BUSIMETFP;5BUS;ETF;ETF Plus;EUR;IE;OUI;-;Euronext;2026-08-04;BBG009K6ZL63;5BUS;WT BUND 10Y 5X DAILY SHORT;ETP;IM;OK
IE00BYNXPJ70;WISETN3TYSIMETFP;5TYS;ETF;ETF Plus;EUR;IE;OUI;-;Euronext;2026-08-04;BBG009K6ZRC3;5TYS;WT US TREAS 10Y 5X DLY SHRT;ETP;IM;OK
IE00BYPC1H27;IS CHN BND USD DIS;CNYB;ETF;Euronext Amsterdam - Multi-currency Trading | ETF Plus;USD;IE;OUI;-;Euronext;2026-08-04;BBG00PNS7ZP5;CNYB;ISHARES CHINA CNY BOND USD-D;ETP;NA;OK
IE00BYPHT736;XTRETFXDEPIMETFP;XDEP;ETF;ETF Plus;EUR;IE;OUI;-;Euronext;2026-08-04;BBG00CJZ0790;XDEP;X EUR CORP BND YIELD PLUS 1D;ETP;GR;OK
IE00BYPLS672;L&G Cyber Security;ISPY;ETF;Euronext Amsterdam | ETF Plus;EUR;IE;OUI;-;Euronext;2026-08-04;BBG00B3PKWB1;ISPY;L&G CYBER SECURITY UCITS ETF;ETP;LN;OK
IE00BYQCZJ13;WISETFDXJFIMETFP;DXJF;ETF;ETF Plus;EUR;IE;OUI;ESG ETF art. 8;Euronext;2026-08-04;BBG00BBTJY22;DXJF;WISDMTRE JPN EQ UCITS E-EURH;ETP;IM;OK
IE00BYQCZN58;WISETFDXJZIMETFP;DXJZ;ETF;ETF Plus;EUR;IE;OUI;ESG ETF art. 8;Euronext;2026-08-04;BBG00BBTLM16;DXJZ;WISDMTRE JPN EQ UCITS E-JPYA;ETP;IM;OK
IE00BYQCZX56;WISETFEEIAIMETFP;HEDF;ETF;ETF Plus;EUR;IE;OUI;ESG ETF art. 8;Euronext;2026-08-04;BBG00BBSPS93;HEDF;WISDOMTREE EUR EQUITY-EUR AC;ETP;IM;OK
IE00BYSX4176;FIDETFFEQDIMETFP;FEUI;ETF;ETF Plus;EUR;IE;OUI;-;Euronext;2026-08-04;BBG00Q4STRF9;FEUI;FIDELITY EUROPE QUAL INC-INC;ETP;LN;OK
IE00BYSX4283;FIDETFFEQDIMETFP;FEQD;ETF;ETF Plus;EUR;IE;OUI;-;Euronext;2026-08-04;BBG00HZJ13X8;FEQD;FIDELITY EUROPE QUAL INC-ACC;ETP;LN;OK
IE00BYSX4739;FIDETFFEMIIMETFP;FEME;ETF;ETF Plus;EUR;IE;OUI;-;Euronext;2026-08-04;BBG00Q4SS274;FEME;FIDELITY EM QUAL INCOME-INC;ETP;LN;OK
IE00BYSX4846;FIDETFFEMIIMETFP;FEMI;ETF;ETF Plus;EUR;IE;OUI;-;Euronext;2026-08-04;BBG00HZJ32W9;FEMI;FIDELITY EM QUAL INCOME-ACC;ETP;LN;OK
IE00BYSZ5V04;SSGETFLUTRIMETFP;LUTR;ETF;ETF Plus;EUR;IE;OUI;-;Euronext;2026-08-04;BBG00C5YNZH2;SPPX;SS SP BBG 10 YR US TRE BD-UI;ETP;GR;OK
IE00BYSZ6062;SSGETFLGOVIMETFP;LGOV;ETF;ETF Plus;EUR;IE;OUI;-;Euronext;2026-08-04;BBG001NNL5S6;SYBV;SS SP BLM10 YR EUR GOV BD-EI;ETP;GR;OK
IE00BYTH5602;SSGETFSJNEIMETFP;SJNE;ETF;ETF Plus;EUR;IE;OUI;ESG ETF art. 8;Euronext;2026-08-04;BBG015NJLS05;SPPQ;SS SP BLOOM US HY CORP SC-EH;ETP;GR;OK
IE00BYTH5T38;SPDR SP EU ArESG;EEDV;ETF;Euronext Amsterdam;EUR;IE;OUI;ESG ETF art. 8;Euronext;2026-08-04;BBG011621XN6;ZPD9;SS SP SP EU DI A S UE-EUR UH;ETP;GR;OK
IE00BYTH6121;FIRST TRUST GLOBAL;FGBL;ETF;Euronext Paris;EUR;IE;OUI;-;Euronext;2026-08-04;BBG009WMP5D3;FGBL;FIRST TRUST GLOBAL EQT INC;ETP;FP;OK
IE00BYTH6238;FIRST TRUST IPO;FPXU;ETF;Euronext Paris - Multi-currency Trading;USD;IE;OUI;-;Euronext;2026-08-04;BBG009STDJM6;FPXU;FIRST TRUST US EQY OPRTNTY;ETP;FP;OK
IE00BYTRR640;SPDR MSCI W C DIS;WCOD;ETF;Euronext Amsterdam | ETF Plus;EUR;IE;OUI;-;Euronext;2026-08-04;BBG00CRG59M9;WCOD;SS SPDR MSCI WC DI UCITS ETF;ETP;NA;OK
IE00BYTRR756;SPDR MSCI W C STAP;WCOS;ETF;Euronext Amsterdam | ETF Plus;EUR;IE;OUI;-;Euronext;2026-08-04;BBG00CRG6RQ4;WCOS;SS SP MSCI WOR CO STA UC-USD;ETP;NA;OK
IE00BYTRR863;SPDR MSCI W ENERGY;WNRG;ETF;Euronext Amsterdam | ETF Plus;EUR;IE;OUI;-;Euronext;2026-08-04;BBG00CRG8K96;WNRG;SS SPDR MS WRLD ENRG UCT ETF;ETP;NA;OK
IE00BYTRR970;SPDR MSCI W FINCLS;WFIN;ETF;Euronext Amsterdam | ETF Plus;EUR;IE;OUI;-;Euronext;2026-08-04;BBG00CRG8N63;WFIN;SS SPDR MSCI WORLD FINA UC-U;ETP;NA;OK
IE00BYTRRB94;SPDR MSCI W HEALTH;WHEA;ETF;Euronext Amsterdam | ETF Plus;EUR;IE;OUI;-;Euronext;2026-08-04;BBG00CRG8Q39;WHEA;SS SP MS WLD HLT CAR UCT ETF;ETP;NA;OK
IE00BYTRRC02;SPDR MSCI W INDUST;WIND;ETF;Euronext Amsterdam | ETF Plus;EUR;IE;OUI;-;Euronext;2026-08-04;BBG00CRG9160;WIND;SS SPDR MSCI WORLD INDUSTRIA;ETP;NA;OK
IE00BYTRRD19;SPDR MSCI W TECH;WTCH;ETF;Euronext Amsterdam | ETF Plus;EUR;IE;OUI;-;Euronext;2026-08-04;BBG00CRG94X4;WTCH;SS SPD MSC WOR TEC UCITS ETF;ETP;NA;OK
IE00BYTRRF33;SPDR MSCI W MTRL;WMAT;ETF;Euronext Amsterdam | ETF Plus;EUR;IE;OUI;-;Euronext;2026-08-04;BBG00CRG9829;WMAT;SS SPDR MSCI WORLD MATERIALS;ETP;NA;OK
IE00BYTRRG40;SPDR MSCI W COMM;WTEL;ETF;Euronext Amsterdam | ETF Plus;EUR;IE;OUI;-;Euronext;2026-08-04;BBG00CRGF4M9;WTEL;SS SPDR MSCI WORLD COMMUNICA;ETP;NA;OK
IE00BYTRRH56;SPDR MSCI W UTIL;WUTI;ETF;Euronext Amsterdam | ETF Plus;EUR;IE;OUI;-;Euronext;2026-08-04;BBG00CRGH4Y4;WUTI;SS SPDR MSCI WD UT UCITS ETF;ETP;NA;OK
IE00BYTYHM11;WISETN3EMSIMETFP;3EMS;ETF;ETF Plus;EUR;IE;OUI;-;Euronext;2026-08-04;BBG00B59DK10;3EMS;WT EM 3X DAILY SHORT;ETP;IM;OK
IE00BYTYHN28;WISETN3EMSIMETFP;3EML;ETF;ETF Plus;EUR;IE;OUI;-;Euronext;2026-08-04;BBG00B59D9T5;3EML;WT EM 3X DAILY LVRGD;ETP;IM;OK
IE00BYV12Y75;SSGETFIUCBIMETFP;IUCB;ETF;ETF Plus;EUR;IE;OUI;-;Euronext;2026-08-04;BBG00C5YBD02;SYBR;SS SP BL 1-10 YE U CB UE-USD;ETP;GR;OK
IE00BYV1Y969;FIDETFFUSUIMETFP;FUSU;ETF;ETF Plus;EUR;IE;OUI;-;Euronext;2026-08-04;BBG00HZJ4FM0;FUSU;FIDELITY US QUAL INC EUR-H;ETP;GR;OK
IE00BYV1YH46;FIDETFFGEUIMETFP;FGEU;ETF;ETF Plus;EUR;IE;OUI;-;Euronext;2026-08-04;BBG00HZJ7N13;FGEU;FIDELITY GBL QUAL ICM EUR-HI;ETP;GR;OK
IE00BYVJRP78;iS MSCI EM SRI Acc;SUSM;ETF;Euronext Amsterdam | ETF Plus;EUR;IE;OUI;ESG ETF art. 8;Euronext;2026-08-04;BBG00D32YF57;SUSM;ISHARES MSCI EM SRI UCITS;ETP;LN;OK
IE00BYVJRR92;ISHETFSUASIMETFP;SUAS;ETF;ETF Plus | Euronext Amsterdam;EUR;IE;OUI;ESG ETF art. 8;Euronext;2026-08-04;BBG00D32WDN4;SUAS;ISHARES SUST MSCI USA SRI;ETP;LN;OK
IE00BYVQ9G36;ISHETFIDCOT7XAMS;IB7A;ETF;Euronext Amsterdam - Multi-currency Trading;USD;IE;OUI;-;Euronext;2026-08-04;BBG01SX52DL5;IB7A;ISHRS USD TREASURY 7-10Y AC;ETP;NA;OK
IE00BYVTMS52;INVETFND100ETFP;EQEU;ETF;ETF Plus;EUR;IE;OUI;-;Euronext;2026-08-04;BBG00HXP5DB4;EQEU;INVESCO NASDAQ 100 EUR HDG;ETP;GR;OK
IE00BYVTMZ20;INVETFFAEUIMETFP;FAEU;ETF;ETF Plus;EUR;IE;OUI;-;Euronext;2026-08-04;BBG00HXPNDW1;FAEU;INVESCO US HYFA EUR HDG ACC;ETP;GR;OK
IE00BYVZV757;JP ETFJE13IMETFP;JE13;ETF;ETF Plus;EUR;IE;OUI;-;Euronext;2026-08-04;BBG00JRVK105;J13E;JPM BETAB EURGV13YR UCIT ETF;ETP;LN;OK
IE00BYWQWR46;VANETFESPOIMETFP;ESPO;ETF;ETF Plus | Euronext Paris;EUR;IE;OUI;-;Euronext;2026-08-04;BBG00PH639T8;ESPO;VANECK VIDEO GAME ESPORT ETF;ETP;LN;OK
IE00BYX2JD69;ISHETFSUSWIMETFP;SUSW;ETF;ETF Plus | Euronext Amsterdam;EUR;IE;OUI;ESG ETF art. 8;Euronext;2026-08-04;BBG00HY3B0D1;SUSW;ISHARES MSCI WORLD SRI-EUR-A;ETP;LN;OK
IE00BYX8XC17;iS MSCI Jp SRI Acc;SUJP;ETF;Euronext Amsterdam | ETF Plus;EUR;IE;OUI;ESG ETF art. 8;Euronext;2026-08-04;BBG00G3Q16J8;SUJP;ISHARES MSCI JAPAN SRI USD-A;ETP;LN;OK
IE00BYXVGX24;FIDETFFUSUIMETFP;FUSD;ETF;ETF Plus;EUR;IE;OUI;-;Euronext;2026-08-04;BBG00GCM8726;FUSD;FIDELITY US QUAL INCOME-INC;ETP;LN;OK
IE00BYXVGY31;FIDETFFUSUIMETFP;FUSA;ETF;ETF Plus;EUR;IE;OUI;-;Euronext;2026-08-04;BBG00GCM8BF3;FUSA;FIDELITY US QUAL INCOME-ACC;ETP;LN;OK
IE00BYXVGZ48;FIDETFFGEUIMETFP;FGQI;ETF;ETF Plus;EUR;IE;OUI;-;Euronext;2026-08-04;BBG00GCM8D14;FGQI;FIDELITY GBL QUAL INCOME-INC;ETP;LN;OK
IE00BYXZ2585;ISHETFSEMUIMETFP;CEUD;ETF;ETF Plus;EUR;IE;OUI;-;Euronext;2026-08-04;BBG00GFPRXW5;CEUD;ISHARES CORE MSCI EMU EUR-D;ETP;IM;OK
IE00BYYW2V44;SSGETFSPXEIMETFP;SPXE;ETF;ETF Plus;EUR;IE;OUI;-;Euronext;2026-08-04;BBG00MC8RCJ4;SPPE;SS SPDR S&P 500 UCIT ETF-EUH;ETP;GR;OK
IE00BYYXBF44;INVETFEMHDIMETFP;EMHD;ETF;ETF Plus | Euronext Paris;EUR;IE;OUI;-;Euronext;2026-08-04;BBG00CXL1259;EMHD;INVESCO FTSE EM H DIV LW VOL;ETP;LN;OK
IE00BYZK4552;iS A&R Acc;RBOE;ETF;Euronext Amsterdam | ETF Plus;EUR;IE;OUI;ESG ETF art. 8;Euronext;2026-08-04;BBG00DQFXF63;RBOT;ISHARES AUTOMATION&ROBOTIC-A;ETP;LN;OK
IE00BYZK4669;Ageing Pop Acc;AGED;ETF;Euronext Amsterdam | ETF Plus;EUR;IE;OUI;ESG ETF art. 8;Euronext;2026-08-04;BBG00DQG2CR9;AGED;ISHARES AGEING POPULATION;ETP;LN;OK
IE00BYZK4776;Hlthcre Inn Acc;HEAL;ETF;Euronext Amsterdam | ETF Plus;EUR;IE;OUI;ESG ETF art. 8;Euronext;2026-08-04;BBG00DQG1336;HEAL;ISHR HEALTHCARE INNOVATION;ETP;LN;OK
IE00BYZK4883;Dgtlstn Acc;DGTL;ETF;Euronext Amsterdam | ETF Plus;EUR;IE;OUI;ESG ETF art. 8;Euronext;2026-08-04;BBG00DQFYFT7;DGTL;ISHARES DIGITALISATION;ETP;LN;OK
IE00BYZNF849;XTRETFDJBGGIETFP;XIFE;ETF;ETF Plus;EUR;IE;OUI;ESG ETF art. 8;Euronext;2026-08-04;BBG01PTC5C58;XIFE;X GLOBAL INFRA ESG 1C;ETP;GR;OK
IE00BYZTVT56;ISHETFSUOEIMETFP;SUOE;ETF;ETF Plus;EUR;IE;OUI;ESG ETF art. 8;Euronext;2026-08-04;BBG00L50Y4F5;SUOE;ISHARES EUR COR BD ESG SR-ED;ETP;LN;OK
IE00BYZTVV78;ISHETFSUSEIMETFP;SUSE;ETF;ETF Plus;EUR;IE;OUI;ESG ETF art. 8;Euronext;2026-08-04;BBG00BL3S5L0;SUSS;ISHARES EUR CORP BOND 0-3YR;ETP;LN;OK
IE00BZ02LR44;XTRETFXZWEIMETFP;XZW0;ETF;ETF Plus;EUR;IE;OUI;ESG ETF art. 8;Euronext;2026-08-04;BBG00KK9R236;XZW0;X MSCI WORLD ESG 1C;ETP;GR;OK
IE00BZ036H21;XTRETFXDGUIMETFP;XDGU;ETF;ETF Plus;EUR;IE;OUI;-;Euronext;2026-08-04;BBG00B01Q9Q6;XDGU;X USD CORPORATE BOND 1D;ETP;GR;OK
IE00BZ036J45;XTRETFXDGEIMETFP;XDGE;ETF;ETF Plus;EUR;IE;OUI;-;Euronext;2026-08-04;BBG00C67Y717;XDGE;X USD CORPORATE BOND 2D EUR;ETP;GR;OK
IE00BZ048462;ISHETFFLOEIMETFP;FLTR;ETF;ETF Plus;EUR;IE;OUI;-;Euronext;2026-08-04;BBG00H0K5ZP7;FLOT;ISHARES USD FLOATING USD DIS;ETP;LN;OK
IE00BZ0G8860;SSGETFLUSCIMETFP;LUSC;ETF;ETF Plus;EUR;IE;OUI;-;Euronext;2026-08-04;BBG00BH81K49;LUSC;SS SPDR BLOOMBERG 10+ YEAR U;ETP;LN;OK
IE00BZ0G8977;SSGETFTIPSIMETFP;TIPS;ETF;ETF Plus;EUR;IE;OUI;-;Euronext;2026-08-04;BBG00BH80QL8;TIPS;SS SPDR BLOOMBERG US TIPS UC;ETP;LN;OK
IE00BZ0G8B96;SPDR MSCI JapanETF;JPJY;ETF;Euronext Paris - Multi-currency Trading;JPY;IE;OUI;-;Euronext;2026-08-04;BBG00BGWCYM5;ZPDJ;SS SP MSCI JAP UCI ETF-JP UH;ETP;GR;OK
IE00BZ0PKT83;ISHETFIFSWIMETFP;IFSW;ETF;ETF Plus;EUR;IE;OUI;-;Euronext;2026-08-04;BBG009T9GD85;IFSW;ISH STO WOR EQT MU UC ET-USD;ETP;LN;OK
IE00BZ0PKV06;ISHETFIFSEIMETFP;IFSE;ETF;ETF Plus;EUR;IE;OUI;-;Euronext;2026-08-04;BBG009TCDX05;FSEU;ISH STO EUR EQT MU UC ET-EUR;ETP;LN;OK
IE00BZ0XVF52;WISETFCCBOIMETFP;CCBO;ETF;ETF Plus;EUR;IE;OUI;ESG ETF art. 8;Euronext;2026-08-04;BBG00KVVJ1Z1;CCBO;WT AT1 COCO UCITS ETF USD;ETP;LN;OK
IE00BZ163G84;VANETFVECAIMETFP;VECP;ETF;ETF Plus | Euronext Amsterdam, Paris;EUR;IE;OUI;-;Euronext;2026-08-04;BBG00CB2LSD7;VECP;VANG EURCPBD EURD;ETP;LN;OK
IE00BZ163H91;VANETFVGEAIMETFP;VETY;ETF;ETF Plus | Euronext Amsterdam, Paris;EUR;IE;OUI;-;Euronext;2026-08-04;BBG00CB2LWY5;VETY;VANG EURGVBD EURD;ETP;LN;OK
IE00BZ163K21;VANETFVUCEIMETFP;VUCP;ETF;ETF Plus | Euronext Amsterdam, Paris;EUR;IE;OUI;-;Euronext;2026-08-04;BBG00CB2M0X5;VUCP;VANG USDCPBD USDD;ETP;LN;OK
IE00BZ163L38;VANETFVDEAIMETFP;VEMT;ETF;ETF Plus | Euronext Amsterdam, Paris;EUR;IE;OUI;-;Euronext;2026-08-04;BBG00FFFY7W8;VEMT;VANG USDEMGVB USDD;ETP;LN;OK
IE00BZ163M45;VANETFVDTAIMETFP;VUTY;ETF;ETF Plus | Euronext Amsterdam, Paris;EUR;IE;OUI;-;Euronext;2026-08-04;BBG00CB2MQS4;VUTY;VANGU USDTRBD USDD;ETP;LN;OK
IE00BZ173T46;ISHARES USA SRI;SRIL;ETF;Euronext Amsterdam - Multi-currency Trading;USD;IE;OUI;ESG ETF art. 8;Euronext;2026-08-04;BBG00MR97Y19;SRIL;ISHARES MSCI USA SRI USD DIS;ETP;NA;OK
IE00BZ4BMM98;INVETFEUHDIMETFP;EUHD;ETF;ETF Plus;EUR;IE;OUI;-;Euronext;2026-08-04;BBG00BNHFNB3;EUHD;INVESCO ESTOXX HI DIV LO VOL;ETP;LN;OK
IE00BZ56RG20;WISETFDGRAIMETFP;DGRA;ETF;ETF Plus | Euronext Paris;EUR;IE;OUI;ESG ETF art. 8;Euronext;2026-08-04;BBG00D0Y85B4;DGRA;WISDOMTREE US QLY DIV GRWTH;ETP;LN;OK
IE00BZ56RN96;WISETFGGRAIMETFP;GGRW;ETF;ETF Plus;EUR;IE;OUI;ESG ETF art. 8;Euronext;2026-08-04;BBG00F343FB5;GGRW;WISDOMTREE GL QTY DIV GWTH;ETP;LN;OK
IE00BZ56SW52;WISETFGGRAIMETFP;GGRA;ETF;ETF Plus | Euronext Paris;EUR;IE;OUI;ESG ETF art. 8;Euronext;2026-08-04;BBG00D0Y9H27;GGRA;WISDOMTREE GLB QLY DIV GRWTH;ETP;LN;OK
IE00BZ56TQ67;WISETFEGRAIMETFP;EGRA;ETF;ETF Plus | Euronext Paris;EUR;IE;OUI;ESG ETF art. 8;Euronext;2026-08-04;BBG00D7BC5H6;EGRG;WISDOMTREE EUZ QTY DIV GRWTH;ETP;LN;OK
IE00BZCQB185;iS MSCI India Acc;NDIA;ETF;Euronext Amsterdam | ETF Plus;EUR;IE;OUI;-;Euronext;2026-08-04;BBG00KXMJGX8;NDIA;ISHARES MSCI INDIA UCITS ETF;ETP;LN;OK
IT0005090870;ACOMEA BREVE TERM;ACABRT;OPCVM;ATFund Instruments;EUR;IT;OUI;;Euronext;2026-08-04;BBG008HC11S3;ACABRT;ACOMEA GLOBAL BD EUR HEDG-Q2;Open-End Fund;IM;OK
IT0005090912;ACOMEA PERFORMANCE;ACAPER;OPCVM;ATFund Instruments;EUR;IT;OUI;;Euronext;2026-08-04;BBG008HC1LF3;ACAPER;ACOMEA PERFORMANCE-Q2;Open-End Fund;IM;OK
IT0005091084;ACOMEA DINAMICA GL;ACAAGG;OPCVM;ATFund Instruments;EUR;IT;OUI;;Euronext;2026-08-04;BBG008HC5B52;ACAAGG;ACOMEA STRATEGIA DIN GLOB-Q2;Open-End Fund;IM;OK
IT0005091100;ACOMEA GLOBALE;ACAGLO;OPCVM;ATFund Instruments;EUR;IT;OUI;;Euronext;2026-08-04;BBG008HC7YD1;ACAGLO;ACOMEA GLOBALE-Q2;Open-End Fund;IM;OK
IT0005091126;ACOMEA EMERGING Q2;ACAPEM;OPCVM;ATFund Instruments;EUR;IT;OUI;;Euronext;2026-08-04;BBG008HC8MW5;ACAPEM;ACOMEA PAESI EMERGENTI-Q2;Open-End Fund;IM;OK
IT0005091183;ACOMEA ASIA PACIF;ACAAPA;OPCVM;ATFund Instruments;EUR;IT;OUI;;Euronext;2026-08-04;BBG008HCD2Q0;ACAAPA;ACOMEA ASIA PACIFICO-Q2;Open-End Fund;IM;OK
IT0005091233;ACOMEA PM ESG;ACAITA;OPCVM;ATFund Instruments;EUR;IT;OUI;;Euronext;2026-08-04;BBG008HCDBH0;ACAITA;ACOMEA PMITALIA-Q2;Open-End Fund;IM;OK
IT0005114530;8A+ EIGER;8AECQ;OPCVM;ATFund Instruments;EUR;IT;OUI;;Euronext;2026-08-04;BBG00C03MT08;EIGERCQ;8A+ EIGER-Q;Open-End Fund;IM;OK
IT0005252801;ACOMEA PATRIMONIO;ACAESE;OPCVM;ATFund Instruments;EUR;IT;OUI;;Euronext;2026-08-04;BBG00H5DF7Q8;ACOPEQ2;ACOMEA PATRIMONIO ESENTE-Q2;Open-End Fund;IM;OK
IT0005279515;OPEN CAPITAL TR;OCPTR;OPCVM;ATFund Instruments;EUR;IT;OUI;;Euronext;2026-08-04;BBG00HVTRXZ4;OPENTRL;OTF INTERNATIONAL BL-L;Open-End Fund;IM;OK
IT0005279572;OTF BOND;OTFBND;OPCVM;ATFund Instruments;EUR;IT;OUI;;Euronext;2026-08-04;BBG019QYKK81;OTFBNDL;OTF BOND-L;Open-End Fund;IM;OK
IT0005279630;OTF Europe Balance;OTFEUB;OPCVM;ATFund Instruments;EUR;IT;OUI;;Euronext;2026-08-04;BBG01H0C5918;OTFEUBL;OTF EUROPE BALANCED-L EUR;Open-End Fund;IM;OK
IT0005279697;OTF OPPORTUNITY;OTFOPP;OPCVM;ATFund Instruments;EUR;IT;OUI;;Euronext;2026-08-04;BBG019QYL2N3;OPENOPI;OTF OPPORTUNITY - L;Open-End Fund;IM;OK
IT0005279754;OPEN CAPITAL PROF;OCPPI;OPCVM;ATFund Instruments;EUR;IT;OUI;;Euronext;2026-08-04;BBG00K6PLXD3;OPENPIL;OTF EQUITY WORLD - L CAP;Open-End Fund;IM;OK
JE00B1VS2W53;WISETCPHPTIMETFP;PHPT;ETF;ETF Plus | Euronext Amsterdam, Paris;EUR;JE;NON;-;Euronext;2026-08-04;BBG000PH5GS3;PHPT;WT PHYSICAL PLATINUM;ETP;LN;OK
JE00B1VS3002;WISETCPHPDIMETFP;PHPD;ETF;ETF Plus | Euronext Amsterdam, Paris;EUR;JE;NON;-;Euronext;2026-08-04;BBG000PV05R2;PHPD;WT PHYSICAL PALLADIUM;ETP;LN;OK
JE00B1VS3333;WISETCPHAGIMETFP;PHAG;ETF;ETF Plus | Euronext Amsterdam, Paris;EUR;JE;NON;-;Euronext;2026-08-04;BBG000N09V14;PHAGEUR;WT PHYSICAL SILVER;ETP;EO;OK
JE00B1VS3770;WISETCSGLDIMETFP;PHAU;ETF;ETF Plus | Euronext Amsterdam, Paris;EUR;JE;NON;-;Euronext;2026-08-04;BBG000PWVQP2;PHAU;WISDOMTREE PHYSICAL GOLD;ETP;LN;OK
JE00B1VS3W29;WISETCPHPMIMETFP;PHPM;ETF;ETF Plus | Euronext Amsterdam, Paris;EUR;JE;NON;-;Euronext;2026-08-04;BBG000BF5Q46;PHPMJPY;ETFS PHYSICAL PM BASKET;ETP;EO;OK
JE00B24DK645;WISETCCOPAIMETFP;SCOP;ETF;ETF Plus;EUR;JE;NON;-;Euronext;2026-08-04;BBG000Q2WCH6;SCOP;WT COPPER 1X DAILY SHORT;ETP;IM;OK
JE00B24DK975;WISETCSOILIMETFP;SOIL;ETF;ETF Plus;EUR;JE;NON;-;Euronext;2026-08-04;BBG000Q2WGT4;SOIL;WT WTI CRUDE 1X DLY SHORT;ETP;IM;OK
JE00B24DKC09;WISETCSBULIMETFP;SBUL;ETF;ETF Plus | Euronext Amsterdam;EUR;JE;NON;-;Euronext;2026-08-04;BBG000Q2WKD2;SBUL;WT GOLD 1X DAILY SHORT;ETP;IM;OK
JE00B24DKH53;WISETCSNGAIMETFP;SNGA;ETF;ETF Plus;EUR;JE;NON;-;Euronext;2026-08-04;BBG000Q2WM75;SNGA;WT NATURAL GAS 1X DLY SHORT;ETP;IM;OK
JE00B24DKJ77;WISETCNICKIMETFP;SNIK;ETF;ETF Plus;EUR;JE;NON;-;Euronext;2026-08-04;BBG000VBVZZ0;SNIK;WT NICKEL 1X DAILY SHORT;ETP;LN;OK
JE00B24DKK82;WISETCSLVRIMETFP;SSIL;ETF;ETF Plus | Euronext Amsterdam;EUR;JE;NON;-;Euronext;2026-08-04;BBG000Q4H3K5;SSIL;WT SILVER 1X DAILY SHORT;ETP;IM;OK
JE00B24DKT75;WISETCBLOCOMETFP;SALL;ETF;ETF Plus;EUR;JE;NON;-;Euronext;2026-08-04;BBG000PZLR29;SALL;WT BROAD COMMOD 1X DLY SHORT;ETP;IM;OK
JE00B24DKZ36;WISETCSIMTIMETFP;SIMT;ETF;ETF Plus;EUR;JE;NON;-;Euronext;2026-08-04;BBG000VBT874;SIME;WT INDUS METALS 1X DLY SHORT;ETP;LN;OK
JE00B24DLX86;WISETCFCRUIMETFP;FCRU;ETF;ETF Plus;EUR;JE;NON;-;Euronext;2026-08-04;BBG000PTKY38;FCRU;WT WTI CRUDE LONGER DATED;ETP;LN;OK
JE00B2NFT427;WISETCBLOAGRETFP;LAGR;ETF;ETF Plus;EUR;JE;NON;-;Euronext;2026-08-04;BBG000Q3M3W8;LAGR;WT AGRICULTURE 2X DLY LVRGD;ETP;LN;OK
JE00B2NFTC05;WISETCALUMIMETFP;LALU;ETF;ETF Plus;EUR;JE;NON;-;Euronext;2026-08-04;BBG000Q5KF21;LALU;WT ALUMINIUM 2X DLY LVRGD;ETP;IM;OK
JE00B2NFTD12;WISETCCOFFIMETFP;LCFE;ETF;ETF Plus;EUR;JE;NON;-;Euronext;2026-08-04;BBG000RKZ7T0;LCFE;WT COFFEE 2X DAILY LEVERAGED;ETP;LN;OK
JE00B2NFTF36;WISETCCOPAIMETFP;LCOP;ETF;ETF Plus;EUR;JE;NON;-;Euronext;2026-08-04;BBG000Q5KK84;LCOP;WT COPPER 2X DAILY LEVERAGED;ETP;IM;OK
JE00B2NFTG43;WISETCCORNIMETFP;LCOR;ETF;ETF Plus;EUR;JE;NON;-;Euronext;2026-08-04;BBG000RNWBH1;LCOR;WT CORN 2X DAILY LEVERAGED;ETP;LN;OK
JE00B2NFTL95;WISETCSBULIMETFP;LBUL;ETF;ETF Plus | Euronext Amsterdam;EUR;JE;NON;-;Euronext;2026-08-04;BBG000QPYM54;LBUL;WT GOLD 2X DAILY LEVERAGED;ETP;IM;OK
JE00B2NFTS64;WISETCSLVRIMETFP;LSIL;ETF;ETF Plus | Euronext Amsterdam;EUR;JE;NON;-;Euronext;2026-08-04;BBG000QPYNK5;LSIL;WT SILVER 2X DAILY LEVERAGED;ETP;IM;OK
JE00B2NFTW01;WISETCSUGAIMETFP;LSUG;ETF;ETF Plus;EUR;JE;NON;-;Euronext;2026-08-04;BBG000RPMP13;LSUG;WT SUGAR 2X DAILY LEVERAGED;ETP;LN;OK
JE00B2NFV134;WISETCDJUPSIETFP;LPLA;ETF;ETF Plus;EUR;JE;NON;-;Euronext;2026-08-04;BBG000QPYPZ4;LPLA;WT PLATINUM 2X DLY LEVERAGED;ETP;IM;OK
JE00B2NFV803;WISETCLCOCIMETFP;LCOC;ETF;ETF Plus;EUR;JE;NON;-;Euronext;2026-08-04;BBG000RSD8V2;LCOC;WT COCOA 2X DAILY LEVERAGED;ETP;LN;OK
JE00B2QXZK10;WISETCLCOCIMETFP;COCO;ETF;ETF Plus;EUR;JE;NON;-;Euronext;2026-08-04;BBG000FPCLF1;COCO;WT COCOA;ETP;LN;OK
JE00B2QY0436;WISETCLEADIMETFP;LEAD;ETF;ETF Plus;EUR;JE;NON;-;Euronext;2026-08-04;BBG000FPCQT5;LEED;WT LEAD;ETP;LN;OK
JE00B2QY0H68;WISETCTINMIMETFP;TINM;ETF;ETF Plus;EUR;JE;NON;-;Euronext;2026-08-04;BBG000FPDZ41;TINM;WT TIN;ETP;LN;OK
JE00B3KNMS14;WISETNMSJPYEETFP;JPEU;ETF;ETF Plus | Euronext Amsterdam;EUR;JE;NON;-;Euronext;2026-08-04;BBG000QB9MY1;SJPL;WT SHORT JPY LONG EUR;ETP;GR;OK
JE00B3L54023;WISETNMSCHFEETFP;CHEU;ETF;ETF Plus;EUR;JE;NON;-;Euronext;2026-08-04;BBG000QB88T9;SCHE;WT SHORT CHF LONG EUR;ETP;GR;OK
JE00B3LGQQ51;WISETNMSNOKEETFP;NOEU;ETF;ETF Plus;EUR;JE;NON;-;Euronext;2026-08-04;BBG001Z560S0;NOEU;WT SHORT NOK LONG EUR;ETP;LN;OK
JE00B3LXVB68;WISETNMLGBPEETFP;EUGB;ETF;ETF Plus;EUR;JE;NON;-;Euronext;2026-08-04;BBG001Z0L1M8;EUGB;WT LONG GBP SHORT EUR;ETP;LN;OK
JE00B3MQG751;WISETNMLSEKEETFP;EUSE;ETF;ETF Plus;EUR;JE;NON;-;Euronext;2026-08-04;BBG000QBCD95;XBJD;WT LONG SEK SHORT EUR;ETP;GR;OK
JE00B3MR2Q90;WISETNMLCHFEETFP;EUCH;ETF;ETF Plus;EUR;JE;NON;-;Euronext;2026-08-04;BBG000QBFM38;XBJA;WT LONG CHF SHORT EUR;ETP;GR;OK
JE00B3MRDD32;WISETNMLNOKEETFP;EUNO;ETF;ETF Plus;EUR;JE;NON;-;Euronext;2026-08-04;BBG000QBBQF0;LNOE;WT LONG NOK SHORT EUR;ETP;GR;OK
JE00B3MVPQ29;WISETNMSGBPEETFP;GBEU;ETF;ETF Plus;EUR;JE;NON;-;Euronext;2026-08-04;BBG001Z0L255;GBEU;WT SHORT GBP LONG EUR;ETP;LN;OK
JE00B3MWC642;WISETNMLJPYEETFP;EUJP;ETF;ETF Plus | Euronext Amsterdam;EUR;JE;NON;-;Euronext;2026-08-04;BBG000QB9DK6;SJPS;WT LONG JPY SHORT EUR;ETP;GR;OK
JE00B3NXB475;WISETNMSSEKEETFP;SEEU;ETF;ETF Plus;EUR;JE;NON;-;Euronext;2026-08-04;BBG001Z57WY2;SEEU;WT SHORT SEK LONG EUR;ETP;LN;OK
JE00B3QQ4551;WISETNMTUSDEETFP;EUS3;ETF;ETF Plus | Euronext Amsterdam;EUR;JE;NON;-;Euronext;2026-08-04;BBG0016T3922;EUS3;WT LONG USD SHORT EUR 3X DLY;ETP;IM;OK
JE00B3QSB726;WISETNMSAUDEETFP;AUEU;ETF;ETF Plus;EUR;JE;NON;-;Euronext;2026-08-04;BBG001Z0HZ57;AUEU;WT SHORT AUD LONG EUR;ETP;LN;OK
JE00B3R2DZ58;WISETNMTGBPEETFP;EGB3;ETF;ETF Plus;EUR;JE;NON;-;Euronext;2026-08-04;BBG0016T2Y46;EGB3;WT LONG GBP SHORT EUR 3X DLY;ETP;IM;OK
JE00B3RNTN80;WISETNMLUSDEETFP;EUUS;ETF;ETF Plus;EUR;JE;NON;-;Euronext;2026-08-04;BBG000R51H81;XBJP;WT LONG USD SHORT EUR;ETP;GR;OK
JE00B3RQ6R05;WISETNMTSGBPETFP;GBE3;ETF;ETF Plus;EUR;JE;NON;-;Euronext;2026-08-04;BBG0016T3GK6;GBE3;WT SHORT GBP LONG EUR 3X DLY;ETP;IM;OK
JE00B3S71Q64;WISETNMTSCHFETFP;CHE3;ETF;ETF Plus;EUR;JE;NON;-;Euronext;2026-08-04;BBG0016T3G99;CHE3;WT SHORT CHF LONG EUR 3X DLY;ETP;IM;OK
JE00B3SBYQ91;WISETNMSUSDEETFP;USEU;ETF;ETF Plus;EUR;JE;NON;-;Euronext;2026-08-04;BBG000R51NV2;XBJQ;WT SHORT USD LONG EUR;ETP;GR;OK
JE00B3T3K772;WISETNMTSUSDETFP;USE3;ETF;ETF Plus | Euronext Amsterdam;EUR;JE;NON;-;Euronext;2026-08-04;BBG0016T3K81;USE3;WT SHORT USD LONG EUR 3X DLY;ETP;IM;OK
JE00B3WDZY68;WISETNMTJPYEETFP;EJP3;ETF;ETF Plus | Euronext Amsterdam;EUR;JE;NON;-;Euronext;2026-08-04;BBG0016T3405;EJP3;WT LONG JPY SHORT EUR 3X DLY;ETP;IM;OK
JE00B3XGSP64;WISETNMLAUDEETFP;EUAU;ETF;ETF Plus;EUR;JE;NON;-;Euronext;2026-08-04;BBG000R503R2;XBJJ;WT LONG AUD SHORT EUR;ETP;GR;OK
JE00B3XPTF07;WISETNMTCHFEETFP;ECH3;ETF;ETF Plus;EUR;JE;NON;-;Euronext;2026-08-04;BBG0016T32W4;ECH3;WT LONG CHF SHORT EUR 3X DLY;ETP;IM;OK
JE00B3ZQRP79;WISETCECRNIMETFP;ECRN;ETF;ETF Plus;EUR;JE;NON;-;Euronext;2026-08-04;BBG0035QD5R5;ECRN;WT CORN - EUR DAILY HEDGED;ETP;IM;OK
JE00B44CBN95;WISETNMTSJPYETFP;JPE3;ETF;ETF Plus | Euronext Amsterdam;EUR;JE;NON;-;Euronext;2026-08-04;BBG0016T3HJ6;JPE3;WT SHORT JPY LONG EUR 3X DLY;ETP;IM;OK
JE00B44F1611;WISETCECRDIMETFP;ECRD;ETF;ETF Plus;EUR;JE;NON;-;Euronext;2026-08-04;BBG002QR5WC8;00XM;WT WTI CRUDE - EUR DLY HDG;ETP;GR;OK
JE00B460QR00;WISETCEFCMIMETFP;EFCM;ETF;ETF Plus;EUR;JE;NON;-;Euronext;2026-08-04;BBG0035QR7G8;EFCM;WT BRD CMD LNGR DT-EURDLYHDG;ETP;IM;OK
JE00B4PDKD43;WISETCECOPIMETFP;ECOP;ETF;ETF Plus;EUR;JE;NON;-;Euronext;2026-08-04;BBG002QR5TJ8;00XL;WT COPPER - EUR DAILY HEDGED;ETP;GR;OK
JE00B4RKQV36;WISETCEBULIMETFP;EBUL;ETF;ETF Plus;EUR;JE;NON;-;Euronext;2026-08-04;BBG002QR5Y34;00XN;WT GOLD - EUR DAILY HEDGED;ETP;GR;OK
JE00B588CD74;WISETCSGLDIMETFP;SGBS;ETF;ETF Plus | Euronext Amsterdam;EUR;JE;NON;-;Euronext;2026-08-04;BBG000Q0DKH3;SGBS;WT PHYSICAL SWISS GOLD;ETP;LN;OK
JE00B5SV2703;WISETCESVRIMETFP;ESVR;ETF;ETF Plus;EUR;JE;NON;-;Euronext;2026-08-04;BBG002QR67W0;00XR;WT SILVER - EUR DAILY HEDGED;ETP;GR;OK
JE00B6SLJ210;WISETCESOYIMETFP;ESOY;ETF;ETF Plus;EUR;JE;NON;-;Euronext;2026-08-04;BBG0035QQXV5;ESOY;WT SOYBEANS - EUR DLY HEDGED;ETP;IM;OK
JE00B6TK3K31;WISETCECOFIMETFP;ECOF;ETF;ETF Plus;EUR;JE;NON;-;Euronext;2026-08-04;BBG0035QC3P3;ECOF;WT COFFEE - EUR DAILY HEDGED;ETP;IM;OK
JE00B6VG2P72;WISETCEALUIMETFP;EALU;ETF;ETF Plus;EUR;JE;NON;-;Euronext;2026-08-04;BBG0035SV9V8;EALU;WT ALUMINIUM - EUR DLY HDG;ETP;IM;OK
JE00B6X05031;WISETCESUGIMETFP;ESUG;ETF;ETF Plus;EUR;JE;NON;-;Euronext;2026-08-04;BBG0035QQZV0;ESUG;WT SUGAR - EUR DAILY HEDGED;ETP;IM;OK
JE00B6XF0923;WISETCENGSIMETFP;ENGS;ETF;ETF Plus;EUR;JE;NON;-;Euronext;2026-08-04;BBG002QR5ZS4;00XP;WT NATURAL GAS - EUR DLY HDG;ETP;GR;OK
JE00B6XL6W59;WISETCENIKIMETFP;ENIK;ETF;ETF Plus;EUR;JE;NON;-;Euronext;2026-08-04;BBG0035QLT94;ENIK;WT NICKEL - EUR DAILY HEDGED;ETP;IM;OK
JE00B70DCH80;WISETCECTNIMETFP;ECTN;ETF;ETF Plus;EUR;JE;NON;-;Euronext;2026-08-04;BBG0035QCL82;ECTN;WT COTTON - EUR DAILY HEDGED;ETP;IM;OK
JE00B7305Z55;WISETCEBRTIMETFP;EBRT;ETF;ETF Plus;EUR;JE;NON;-;Euronext;2026-08-04;BBG002QTKYZ8;00XT;WT BRENT CRUDE - EUR DLY HDG;ETP;GR;OK
JE00B78CGV99;WISETCBRNTIMETFP;BRNT;ETF;ETF Plus | Euronext Paris;EUR;JE;NON;-;Euronext;2026-08-04;BBG002PQZN29;BRNT;WT BRENT CRUDE OIL;ETP;LN;OK
JE00B78DPL57;WISETCLBRTIMETFP;SBRT;ETF;ETF Plus;EUR;JE;NON;-;Euronext;2026-08-04;BBG002PQZP24;SBRT;WT BRENT CRUDE 1X DLY SHORT;ETP;LN;OK
JE00B78NNK09;WISETCEWATIMETFP;EWAT;ETF;ETF Plus;EUR;JE;NON;-;Euronext;2026-08-04;BBG002QR68V9;00XS;WT WHEAT - EUR DAILY HEDGED;ETP;GR;OK
JE00B78NNM23;WISETCEZNCIMETFP;EZNC;ETF;ETF Plus;EUR;JE;NON;-;Euronext;2026-08-04;BBG0035QR1K6;EZNC;WT ZINC - EUR DAILY HEDGED;ETP;IM;OK
JE00B78NPW60;WISETCEIMTIMETFP;EIMT;ETF;ETF Plus;EUR;JE;NON;-;Euronext;2026-08-04;BBG0035QGS10;EIMT;WT INDUS METALS-EUR DLY HDG;ETP;IM;OK
JE00B8DFY052;WISETCGBSEIMETFP;GBSE;ETF;ETF Plus | Euronext Paris;EUR;JE;NON;-;Euronext;2026-08-04;BBG0047BY6F2;GBSE;WT PHYSICAL GOLD-EUR DLY HDG;ETP;LN;OK
JE00BDD9Q733;WISETCAIGOIMETFP;LPET;ETF;ETF Plus;EUR;JE;NON;-;Euronext;2026-08-04;BBG000QFFSK7;LPET;WT PETROLEUM 2X DLY LVRGD;ETP;LN;OK
JE00BDD9Q840;WISETCSOILIMETFP;LOIL;ETF;ETF Plus | Euronext Paris;EUR;JE;NON;-;Euronext;2026-08-04;BBG000Q5KZK7;LOIL;WT WTI CRUDE 2X DLY LVRGD;ETP;IM;OK
JE00BDD9Q956;WISETCSNGAIMETFP;LNGA;ETF;ETF Plus;EUR;JE;NON;-;Euronext;2026-08-04;BBG000BDNPP0;LNGA;WT NATURAL GAS 2X DLY LVRGD;ETP;IM;OK
JE00BDD9QB77;WISETCNICKIMETFP;LNIK;ETF;ETF Plus;EUR;JE;NON;-;Euronext;2026-08-04;BBG000RPHR06;LNIK;WT NICKEL 2X DAILY LEVERAGED;ETP;LN;OK
JE00BDD9QC84;WISETCWEATIMETFP;LWEA;ETF;ETF Plus;EUR;JE;NON;-;Euronext;2026-08-04;BBG000QPYR71;LWEA;WT WHEAT 2X DAILY LEVERAGED;ETP;IM;OK
JE00BDD9QD91;WISETCLBRTIMETFP;LBRT;ETF;ETF Plus;EUR;JE;NON;-;Euronext;2026-08-04;BBG002PQZPG9;LBRT;WT BRENT CRUDE 2X DLY LVRGD;ETP;LN;OK
JE00BMM1X163;WISETNEGB5IMETFP;EGB5;ETF;ETF Plus;EUR;JE;NON;-;Euronext;2026-08-04;BBG00749KLC8;EGB5;WT LONG GBP SHORT EUR 5X DLY;ETP;IM;OK
JE00BMM1X270;WISETNGBE5IMETFP;GBE5;ETF;ETF Plus;EUR;JE;NON;-;Euronext;2026-08-04;BBG00749NL17;GBE5;WT SHORT GBP LONG EUR 5X DLY;ETP;IM;OK
JE00BMM1XC77;WISETNEUS5IMETFP;EUS5;ETF;ETF Plus;EUR;JE;NON;-;Euronext;2026-08-04;BBG00749CBN7;EUS5;WT LONG USD SHORT EUR 5X DLY;ETP;IM;OK
JE00BMM1XD84;WISETNUSE5IMETFP;USE5;ETF;ETF Plus;EUR;JE;NON;-;Euronext;2026-08-04;BBG00749GF09;USE5;WT SHORT USD LONG EUR 5X DLY;ETP;IM;OK
JE00BN2CJ301;WISETCXGDEIMETFP;WGLD;ETF;ETF Plus | Euronext Paris;EUR;JE;NON;-;Euronext;2026-08-04;BBG00YCGFR64;WGLD;WISDOMTREE CORE PHYSICAL GLD;ETP;LN;OK
JE00BN7KB334;WISETCNGASIMETFP;NGAS;ETF;ETF Plus | Euronext Paris;EUR;JE;NON;-;Euronext;2026-08-04;BBG000BLC3X4;NGAS;WT NATURAL GAS;ETP;LN;OK
JE00BN7KB441;WISETCCORNIMETFP;CORN;ETF;ETF Plus;EUR;JE;NON;-;Euronext;2026-08-04;BBG000BL3YX6;CORN;WT CORN;ETP;LN;OK
JE00BN7KB557;WISETCCOFFIMETFP;COFF;ETF;ETF Plus;EUR;JE;NON;-;Euronext;2026-08-04;BBG000BL3NB4;COFF;WT COFFEE;ETP;LN;OK
JE00BN7KB664;WISETCWEATIMETFP;WEAT;ETF;ETF Plus | Euronext Paris;EUR;JE;NON;-;Euronext;2026-08-04;BBG000BLCP10;WEAT;WT WHEAT;ETP;LN;OK
JE00BN7KB771;WISETCHOGSIMETFP;HOGS;ETF;ETF Plus;EUR;JE;NON;-;Euronext;2026-08-04;BBG000BLBRX2;HOGS;WT LEAN HOGS;ETP;LN;OK
JE00BNG8LN89;WTCETCSOLCCAETFP;WCCA;ETF;ETF Plus;EUR;JE;NON;-;Euronext;2026-08-04;BBG01G9GQ8J2;WCCA;WISDOMTREE CALIFORNIA CARBON;ETP;LN;OK
JE00BP2PWW32;WISETCCARBIMETFP;CARB;ETF;ETF Plus | Euronext Paris;EUR;JE;NON;-;Euronext;2026-08-04;BBG01236PC58;CARB;WISDOMTREE CARBON;ETP;LN;OK
JE00BPRDNL86;COIETNCOINTEXPAR;CTEN;ETF;Euronext Paris;EUR;JE;NON;-;Euronext;2026-08-04;BBG01FYLTLJ3;CTEN;CNSH PHYS TOP 10 CRYP MK ETP;ETP;GR;OK
JE00BQRFDY49;WTMETCSLVRLNETFP;WSLV;ETF;ETF Plus;EUR;JE;NON;-;Euronext;2026-08-04;BBG01PB8ZM97;WSLV;WISDOMTREE COR PHYSCL SILVER;ETP;LN;OK
JE00BYQY3Z98;WISETC3CFLIMETFP;3CFL;ETF;ETF Plus;EUR;JE;NON;-;Euronext;2026-08-04;BBG00B9MLH51;3CFL;WT COFFEE 3X DAILY LEVERAGED;ETP;IM;OK
JE00BYQY7H96;WISETC3SULIMETFP;3SUL;ETF;ETF Plus;EUR;JE;NON;-;Euronext;2026-08-04;BBG00B9MQ3S2;3SUL;WT SUGAR 3X DAILY LEVERAGED;ETP;IM;OK
JE00BYQY8102;WISETC3WHLIMETFP;3WHL;ETF;ETF Plus;EUR;JE;NON;-;Euronext;2026-08-04;BBG00B9MQ7G6;3WHL;WT WHEAT 3X DAILY LEVERAGED;ETP;IM;OK
LI1444931821;FinETNBBRXAMS;YBTC;ETF;Euronext Amsterdam - Multi-currency Trading | Euronext Paris;USD;LI;OUI;-;Euronext;2026-08-04;BBG01W126XG6;YBTC;FINEQIA BITCOIN YIELD ETP;ETP;AV;OK
LU0136234068;UBS ETF E50EUA;UIM1;ETF;Euronext Amsterdam | ETF Plus;EUR;LU;OUI;-;Euronext;2026-08-04;BBG000BLV6T1;E50EUA;UBS CORE EURO STOXX 50 UC-EI;ETP;GR;OK
LU0136234654;UBSETFMXUSIMETFP;USAEUA;ETF;ETF Plus;EUR;LU;OUI;-;Euronext;2026-08-04;BBG000BLT5W2;USAEUA;UBS ETF MSCI USA;ETP;GR;OK
LU0136240974;UBS ETF JPNJPA;UIM5;ETF;Euronext Amsterdam | ETF Plus;EUR;LU;OUI;-;Euronext;2026-08-04;BBG000BLTH29;JPNEUA;UBS ETF MSCI JAPAN UKD;ETP;GR;OK
LU0136242590;UBSETFS100IMETFP;100EUA;ETF;ETF Plus;EUR;LU;OUI;-;Euronext;2026-08-04;BBG000BLTVL7;100EUA;UBS ETF FTSE 100;ETP;GR;OK
LU0147308422;UBS ETF EMUEUA;UIM4;ETF;Euronext Amsterdam | ETF Plus;EUR;LU;OUI;-;Euronext;2026-08-04;BBG000P5Y9F7;EMUEUA;UBS CORE MSC EMU UCI ETF-EUR;ETP;GR;OK
LU0192223062;BNPP FTSE EUR ETFD;EEE;ETF;Euronext Paris, Amsterdam;EUR;LU;OUI;-;Euronext;2026-08-04;BBG000Q3WKW9;EEE;BNP P FTSE EPRA/NAREIT EURO;ETP;FP;OK
LU0237484448;WPSH EUR;WPSEU;OPCVM;Euronext Amsterdam;EUR;LU;OUI;;Euronext;2026-08-04;BBG00337ZW23;WPSEU;WP STEWART HOLDINGS FUND;Open-End Fund;NA;OK
LU0237485098;WP STEWART HOLD FD;WPSH;OPCVM;Euronext Amsterdam;USD;LU;OUI;;Euronext;2026-08-04;BBG000PYS0K4;WPSH;W.P. STEWART HOLDINGS FUND;Open-End Fund;NA;OK
LU0252633754;AMUNDI ETF DAX;DAX;ETF;Euronext Paris | ETF Plus;EUR;LU;OUI;-;Euronext;2026-08-04;BBG000K6JTC6;DAX;AMUNDI DAX II UCITS ETF ACC;ETP;FP;OK
LU0252634307;AMUNDI ETF LEVDAX;LVD;ETF;Euronext Paris | ETF Plus;EUR;LU;OUI;-;Euronext;2026-08-04;BBG000JZTL94;LVD;AM LEVDAX DAILY 2X LEV-ETF A;ETP;FP;OK
LU0274208692;XTRETFMSTRUSETFP;XMWO;ETF;ETF Plus;EUR;LU;OUI;-;Euronext;2026-08-04;BBG000K7ZB71;XMWO;X MSCI WORLD SWAP 1C;ETP;IM;OK
LU0274209237;XTRETFSMEAIMETFP;XMEU;ETF;ETF Plus;EUR;LU;OUI;-;Euronext;2026-08-04;BBG000K7ZN66;XMEU;X MSCI EUROPE 1C;ETP;IM;OK
LU0274209740;XTRETFCSJPIMETFP;XMJP;ETF;ETF Plus;EUR;LU;OUI;-;Euronext;2026-08-04;BBG000K82X59;XMJP;X MSCI JAPAN;ETP;IM;OK
LU0274210672;XTRETFCSUSIMETFP;XMUS;ETF;ETF Plus;EUR;LU;OUI;-;Euronext;2026-08-04;BBG000QQJQQ7;XMUS;X MSCI USA SWAP 1C;ETP;GR;OK
LU0274211217;XTRETFEUS50ETFP;XESX;ETF;ETF Plus;EUR;LU;OUI;-;Euronext;2026-08-04;BBG000K842F4;XESX;X EURO STOXX 50 1D;ETP;IM;OK
LU0274211480;XTRETFDAXETFP;XDAX;ETF;ETF Plus;EUR;LU;OUI;-;Euronext;2026-08-04;BBG000QQ3SC5;XDAX;X DAX;ETP;X2;OK
LU0274212538;XTRETFFTMIBETFP;XMIB;ETF;ETF Plus;EUR;LU;OUI;-;Euronext;2026-08-04;BBG000DQ5G06;XMIB;X FTSE MIB 1D;ETP;IM;OK
LU0274221281;XTRETFSWMIETFP;XSMI;ETF;ETF Plus;EUR;LU;OUI;-;Euronext;2026-08-04;BBG000K9ZX15;XSMI;X SWITZERLAND 1D;ETP;IM;OK
LU0290355717;XTRETFXGLEIMETFP;XGLE;ETF;ETF Plus;EUR;LU;OUI;-;Euronext;2026-08-04;BBG000R775G8;XGLE;X EUROZONE GOVT BOND 1C;ETP;GR;OK
LU0290356871;XTRETFX13EIMETFP;X13E;ETF;ETF Plus;EUR;LU;OUI;-;Euronext;2026-08-04;BBG000R77925;DBXP;X EURZ GOVT BOND 1-3 1C;ETP;GR;OK
LU0290356954;XTRETFX35EIMETFP;X35E;ETF;ETF Plus;EUR;LU;OUI;-;Euronext;2026-08-04;BBG000R77G74;X35E;X EURZ GOVT BOND 3-5 1C;ETP;GR;OK
LU0290357176;XTRETFX57EIMETFP;X57E;ETF;ETF Plus;EUR;LU;OUI;-;Euronext;2026-08-04;BBG000R77MY1;X57E;X EURZ GOVT BOND 5-7 1C;ETP;GR;OK
LU0290357259;XTRETFX710IMETFP;X710;ETF;ETF Plus;EUR;LU;OUI;-;Euronext;2026-08-04;BBG000R77TJ3;X710;X EURZ GOVT BOND 7-10 1C;ETP;GR;OK
LU0290357507;XTRETFX15EIMETFP;X15E;ETF;ETF Plus;EUR;LU;OUI;-;Euronext;2026-08-04;BBG000PPLP25;X15E;X EUROZONE GOV 15-30;ETP;EO;OK
LU0290357846;XTRETFX25EIMETFP;X25E;ETF;ETF Plus;EUR;LU;OUI;-;Euronext;2026-08-04;BBG000R788L5;X25E;X EURZ GOVT BOND 25+ 1C;ETP;GR;OK
LU0290357929;XTRETFXGINIMETFP;XGIN;ETF;ETF Plus;EUR;LU;OUI;-;Euronext;2026-08-04;BBG000R78FD8;XGIN;X GLOBAL INFL-LINKED 1C EUR;ETP;GR;OK
LU0290358224;XTRETFXEINIMETFP;XEIN;ETF;ETF Plus;EUR;LU;OUI;-;Euronext;2026-08-04;BBG000R78L18;XEIN;X EUROZONE INFL-LINKED 1C;ETP;GR;OK
LU0290358497;XTRETFXEONIMETFP;XEON;ETF;ETF Plus;EUR;LU;OUI;-;Euronext;2026-08-04;BBG000LYB7R4;XEON;X EUR OVERNIGHT RATE SWAP 1C;ETP;GR;OK
LU0292095535;XTRETFXD3EIMETFP;XD3E;ETF;ETF Plus;EUR;LU;OUI;-;Euronext;2026-08-04;BBG000R7C8R4;XD3E;X EURO STOXX DIVIDEND 1D;ETP;GR;OK
LU0292096186;XTRETFSSD100ETFP;XGSD;ETF;ETF Plus;EUR;LU;OUI;-;Euronext;2026-08-04;BBG000R7CJ63;XGSD;X GLOBAL DIVIDEND 100 SWP 1D;ETP;GR;OK
LU0292100046;XTRETFXMKOIMETFP;XMKO;ETF;ETF Plus;EUR;LU;OUI;-;Euronext;2026-08-04;BBG000NX9ZH6;XMKO;X MSCI KOREA 1C;ETP;GR;OK
LU0292104469;XTRETFNE7345ETFP;XS8R;ETF;ETF Plus;EUR;LU;OUI;ESG ETF art. 8;Euronext;2026-08-04;BBG000QQ8S03;XS8R;X MSCI EU IT SCR 1C;ETP;EO;OK
LU0292106167;XTRETFXDBCIMETFP;XDBC;ETF;ETF Plus;EUR;LU;OUI;-;Euronext;2026-08-04;BBG000N6FLH9;XDBC;X COMDTY EX AGRI SWP 1C EUR;ETP;IM;OK
LU0292106241;XTRSTRXSDXIMETFP;XSDX;ETF;ETF Plus;EUR;LU;OUI;-;Euronext;2026-08-04;BBG000QQ26N2;XSDX;X SHORTDAX DAILY SWAP;ETP;X2;OK
LU0292106753;XTRSTRXSSXIMETFP;XSSX;ETF;ETF Plus;EUR;LU;OUI;-;Euronext;2026-08-04;BBG000QQ5HZ2;XSSX;X EURO STOXX 50 SHORT SWAP;ETP;EO;OK
LU0292107645;XTRETFGEASIMETFP;XMEM;ETF;ETF Plus;EUR;LU;OUI;-;Euronext;2026-08-04;BBG000R7BBC4;XMEM;X MSCI EM SWAP 1C;ETP;GR;OK
LU0292107991;XTRETFXMASIMETFP;XMAS;ETF;ETF Plus;EUR;LU;OUI;ESG ETF art. 8;Euronext;2026-08-04;BBG000R7BKR8;XMAS;X EM ASI SCR 1C;ETP;GR;OK
LU0292109005;XTRETFXMEAIMETFP;XMEA;ETF;ETF Plus;EUR;LU;OUI;ESG ETF art. 8;Euronext;2026-08-04;BBG000R7BZR5;XMEA;X MSCI EM EMEA ESG SWAP 1C;ETP;GR;OK
LU0292109344;XTRETFXMBRIMETFP;XMBR;ETF;ETF Plus;EUR;LU;OUI;-;Euronext;2026-08-04;BBG000R7FQX4;XMBR;X MSCI BRAZIL 1C;ETP;GR;OK
LU0292109690;XTRETFSPCNXNETFP;XNIF;ETF;ETF Plus;EUR;LU;OUI;-;Euronext;2026-08-04;BBG000NX8FR0;XNIF;X NIFTY 50 SWAP 1C;ETP;GR;OK
LU0292109856;XTRETFXX25IMETFP;XX25;ETF;ETF Plus;EUR;LU;OUI;-;Euronext;2026-08-04;BBG000C1M810;XX25;X FTSE CHINA 50 1C;ETP;EO;OK
LU0321462870;XTRETFITRXSXETFP;XTC5;ETF;ETF Plus;EUR;LU;OUI;-;Euronext;2026-08-04;BBG000THKR35;XTC5;X ITRAXX CROSSOVER SH SWP 1C;ETP;GR;OK
LU0321462953;XTRETFXEMBIMETFP;XEMB;ETF;ETF Plus;EUR;LU;OUI;-;Euronext;2026-08-04;BBG000MR5MZ3;XEMB;XTRKR II JPM US EMB ET-1C-EH;ETP;GR;OK
LU0321464652;XTRETFDBMSONETFP;XSTR;ETF;ETF Plus;EUR;LU;OUI;-;Euronext;2026-08-04;BBG000PR4C10;XSTR;X GBP RATE SWAP;ETP;EO;OK
LU0321465469;XTRETFDBMFEDETFP;XFFE;ETF;ETF Plus;EUR;LU;OUI;-;Euronext;2026-08-04;BBG000PPLZM1;XFFE;X USD OVERNIGHT RATE SWAP 1C;ETP;EO;OK
LU0322250712;XTRETFLPXMMETFP;XLPE;ETF;ETF Plus;EUR;LU;OUI;-;Euronext;2026-08-04;BBG000QQQL08;XLPE;X LPX PRIVATE EQUITY SWAP;ETP;EO;OK
LU0322251520;XTRSTRSPXTSETFP;XSPS;ETF;ETF Plus;EUR;LU;OUI;-;Euronext;2026-08-04;BBG000P2Y5K6;XSPS;X S&P 500 INV DLY SWAP 1C;ETP;IM;OK
LU0322252171;XTRETFXAXJIMETFP;XAXJ;ETF;ETF Plus;EUR;LU;OUI;ESG ETF art. 8;Euronext;2026-08-04;BBG000BFFGG4;XAXJ;XTRACKERS MSCI AC ASIA EX JA;ETP;EO;OK
LU0322252338;XTRETFXPXJIMETFP;XPXJ;ETF;ETF Plus;EUR;LU;OUI;ESG ETF art. 8;Euronext;2026-08-04;BBG000D4BRW9;DXS6;X MSCI PAC EX JP 1C;ETP;GR;OK
LU0322252924;XTRETFTFVTTUETFP;XFVT;ETF;ETF Plus;EUR;LU;OUI;-;Euronext;2026-08-04;BBG000R3WYK1;3087;XTRACKERS VIETNAM SWAP-1C UA;ETP;HK;OK
LU0322253229;XTRETFSPGTIETFP;XSGI;ETF;ETF Plus;EUR;LU;OUI;-;Euronext;2026-08-04;BBG000QQV7Y6;XSGI;X S&P GLOBAL INFRA SWAP;ETP;EO;OK
LU0322253732;XTRETFXEUMIMETFP;XEUM;ETF;ETF Plus;EUR;LU;OUI;ESG ETF art. 8;Euronext;2026-08-04;BBG000QR0ZF7;XEUM;X MSCI EUROPE MID CAP;ETP;EO;OK
LU0322253906;XTRETFNCUDEETFP;XXSC;ETF;ETF Plus;EUR;LU;OUI;-;Euronext;2026-08-04;BBG000QQ2F70;XXSC;X MSCI EUROPE SMALL CAP 1C;ETP;EO;OK
LU0328474803;XTRETFASA51ETFP;XAUS;ETF;ETF Plus;EUR;LU;OUI;-;Euronext;2026-08-04;BBG000QQ3KM1;XAUS;X S&P ASX 200;ETP;EO;OK
LU0328475792;XTRETFSXXRETFP;XSX6;ETF;ETF Plus;EUR;LU;OUI;-;Euronext;2026-08-04;BBG000D83LS7;XSX6;X STOXX EUROPE 600 1C;ETP;GR;OK
LU0328476410;XTRETFSPSFNETFP;XSFR;ETF;ETF Plus;EUR;LU;OUI;-;Euronext;2026-08-04;BBG000QQ4BZ6;XSFR;X S&P SELECT FRONTIER SWAP;ETP;EO;OK
LU0340285161;UBSETFMXWOETFP;WRDEUA;ETF;ETF Plus;EUR;LU;OUI;-;Euronext;2026-08-04;BBG000BBP5H5;WRDCHA;UBS ETF MSCI WORLD;ETP;SW;OK
LU0378818131;XTRETFXGSHIMETFP;XGSH;ETF;ETF Plus;EUR;LU;OUI;-;Euronext;2026-08-04;BBG000JCV6X8;DBZB;X GLOBAL GOV BOND 1C EUR;ETP;GR;OK
LU0380865021;XTRETFEUSX5ETFP;XESC;ETF;ETF Plus;EUR;LU;OUI;-;Euronext;2026-08-04;BBG000NMB823;XESC;X EURO STOXX 50 1C;ETP;IM;OK
LU0397221945;XTRACTXQUIETFP;XQUI;ETF;ETF Plus;EUR;LU;OUI;-;Euronext;2026-08-04;BBG000CW3W38;XQUI;X PORTFOLIO 1C;ETP;GR;OK
LU0411078552;XTRSTRXS2LIMETFP;XS2L;ETF;ETF Plus;EUR;LU;OUI;-;Euronext;2026-08-04;BBG000CDWTD4;DBPG;X S&P 500 2X LEV DLY SWAP 1C;ETP;GR;OK
LU0411078636;XTRSTRXT21IMETFP;XT21;ETF;ETF Plus;EUR;LU;OUI;-;Euronext;2026-08-04;BBG000Q8L2K3;DBPK;X S&P 500 2X INV DLY SWAP 1C;ETP;GR;OK
LU0429458895;XTRETFUS1IMETFP;XUT3;ETF;ETF Plus;EUR;LU;OUI;-;Euronext;2026-08-04;BBG000N8CPC4;D5BE;X US TREASURIES 1-3 1D;ETP;GR;OK
LU0429459356;XTRETFXUTDIMETFP;XUTD;ETF;ETF Plus;EUR;LU;OUI;-;Euronext;2026-08-04;BBG000N88V90;XUTD;X US TREASURIES 1D;ETP;GR;OK
LU0446734104;UBS ETF EUREUA;UIMA;ETF;Euronext Amsterdam | ETF Plus;EUR;LU;OUI;-;Euronext;2026-08-04;BBG000PM52K1;EUREUA;UBS ETF MSCI EUROPE;ETP;SW;OK
LU0446734369;UBSETFMXEMETFP;EMVEUA;ETF;ETF Plus;EUR;LU;OUI;-;Euronext;2026-08-04;BBG000PM55J6;EMVEUA;UBS ETF MSCI EMU VALUE;ETP;SW;OK
LU0446734526;UBS ETF PACUSA;UIMD;ETF;Euronext Amsterdam | ETF Plus;EUR;LU;OUI;-;Euronext;2026-08-04;BBG000PM57N7;PACUSA;UBS ETF MSCI PACIFIC EX JPN;ETP;SW;OK
LU0446734872;UBS ETF CANCDA;UIM9;ETF;Euronext Amsterdam | ETF Plus;EUR;LU;OUI;-;Euronext;2026-08-04;BBG000PM5CL8;CANCDA;UBS ETF MSCI CANADA USD;ETP;SW;OK
LU0476289466;XTRETFMSMXTRETFP;XMEX;ETF;ETF Plus;EUR;LU;OUI;-;Euronext;2026-08-04;BBG000QKM038;D5BI;X MSCI MEXICO 1C;ETP;GR;OK
LU0476289540;XTRETFXCANIMETFP;XCAN;ETF;ETF Plus;EUR;LU;OUI;ESG ETF art. 8;Euronext;2026-08-04;BBG000QKLSK9;D5BH;X MSCI CANADA SCRND 1C;ETP;GR;OK
LU0476289623;XTRETFXMINIMETFP;XMIN;ETF;ETF Plus;EUR;LU;OUI;-;Euronext;2026-08-04;BBG000QBYDS0;XMIN;X MSCI INDONESIA SWAP 1C;ETP;GR;OK
LU0478205379;XTRETFXBLCIMETFP;XBLC;ETF;ETF Plus;EUR;LU;OUI;-;Euronext;2026-08-04;BBG000Q9WDZ9;XBLC;X EUR CORPORATE BOND;ETP;GR;OK
LU0480132876;UBS ETF EMMUSA;UIMI;ETF;Euronext Amsterdam | ETF Plus;EUR;LU;OUI;-;Euronext;2026-08-04;BBG0017CJ6M5;EMMUSA;UBS ETF MSCI EMERG. MAR. UKD;ETP;SW;OK
LU0484968812;XTRETFXB4FIMETFP;XB4F;ETF;ETF Plus;EUR;LU;OUI;ESG ETF art. 8;Euronext;2026-08-04;BBG001767T32;XB4F;X EUR CORP SRI PAB 1D;ETP;GR;OK
LU0484969463;XTRETFI8KWETFP;XBAT;ETF;ETF Plus;EUR;LU;OUI;-;Euronext;2026-08-04;BBG0015QY7J1;XBAT;XTM ITSP 29 1C;ETP;GR;OK
LU0489337690;XTRETFEPDEVTETFP;XDER;ETF;ETF Plus;EUR;LU;OUI;-;Euronext;2026-08-04;BBG000QKMJS0;D5BK;X FTSE EUROPE REAL ESTATE 1C;ETP;GR;OK
LU0490618542;XTRETFSP500TETFP;XSPX;ETF;ETF Plus;EUR;LU;OUI;-;Euronext;2026-08-04;BBG000BFJS47;D5BM;X S&P500 SWAP;ETP;GR;OK
LU0494592974;XTRETFXCS2IMETFP;XCS2;ETF;ETF Plus;EUR;LU;OUI;-;Euronext;2026-08-04;BBG000QW1311;XCS2;X AUSTRALIA GOV BND 1C;ETP;GR;OK
LU0496786574;AMUNDI ETF SP500;SP5;ETF;Euronext Paris | ETF Plus;EUR;LU;OUI;-;Euronext;2026-08-04;BBG000QWK613;LYPS;AM CR SP 500 SP ETF EUR DIST;ETP;GR;OK
LU0496786905;MULETFASA51ETFP;AUST;ETF;ETF Plus;EUR;LU;OUI;-;Euronext;2026-08-04;BBG000QWKLW6;LYPU;AM AUS S&P/ASX 200-ETF DIST;ETP;GR;OK
LU0514695187;XTRETFCI2IMETFP;XCS5;ETF;ETF Plus;EUR;LU;OUI;-;Euronext;2026-08-04;BBG000BD6LL2;XCS5;X MSCI INDIA SWAP C;ETP;GR;OK
LU0514695690;XTRETFXCS6IMETFP;XCS6;ETF;ETF Plus;EUR;LU;OUI;-;Euronext;2026-08-04;BBG000R1SDV4;XCS6;X MSCI CHINA 1C;ETP;GR;OK
LU0524480265;XTRETFXY4PIMETFP;XY4P;ETF;ETF Plus;EUR;LU;OUI;-;Euronext;2026-08-04;BBG0015QY4Q0;XY4P;X IBOXX GOV EURZ YP 1C;ETP;GR;OK
LU0533032859;AMUNDI MSCIW FINAN;FINSW;ETF;Euronext Paris | ETF Plus;EUR;LU;OUI;-;Euronext;2026-08-04;BBG0016Q1W38;FINSW;AM MSCI WORLD FIN-ETF E ACC;ETP;IM;OK
LU0533033238;AMUNDI ETF MSC WHC;HLTW;ETF;Euronext Paris | ETF Plus;EUR;LU;OUI;-;Euronext;2026-08-04;BBG0016Q1XQ1;HLTW;AM MSCI WORLD H CARE-ETF EA;ETP;IM;OK
LU0533033667;AMUNDI MSC WTEC;TNOW;ETF;Euronext Paris | ETF Plus;EUR;LU;OUI;-;Euronext;2026-08-04;BBG0016Q2206;TNOW;AM MSCI WORLD IT-ETF E ACC;ETP;IM;OK
LU0599612842;OSSACTEUMVETFP;EUMV;ETF;ETF Plus;EUR;LU;OUI;ESG ETF art. 8;Euronext;2026-08-04;BBG001S50JK1;OSX4;OSSIAM ERP ESG MACHINE LEARN;ETP;GR;OK
LU0599613147;OSSETFS6EWIMETFP;S6EW;ETF;ETF Plus | Euronext Paris;EUR;LU;OUI;-;Euronext;2026-08-04;BBG001S50PX3;OSX6;OSSIAM STOXX EUR 600 ESG BME;ETP;GR;OK
LU0613540268;XTRETFXBOTIMETFP;XBOT;ETF;ETF Plus;EUR;LU;OUI;-;Euronext;2026-08-04;BBG002CWDYC9;XBO2;X ITALY GOV BOND 0-1 1C;ETP;GR;OK
LU0629459743;UBS ETF WSRUSA;UIMM;ETF;Euronext Amsterdam | ETF Plus;EUR;LU;OUI;ESG ETF art. 8;Euronext;2026-08-04;BBG002009QN2;UIMM;UBS ETF MSCI WORLD SRI;ETP;GR;OK
LU0629460089;UBS ETF ASRUSA;UIMP;ETF;Euronext Amsterdam | ETF Plus;EUR;LU;OUI;ESG ETF art. 8;Euronext;2026-08-04;BBG00200BSM6;UIMP;UBS MSCI USA SCL RB UCIT ETF;ETP;GR;OK
LU0629460675;UBS ETF ESREUA;UIMR;ETF;Euronext Amsterdam | ETF Plus;EUR;LU;OUI;ESG ETF art. 8;Euronext;2026-08-04;BBG00200CN82;UIMR;UBS ETF MSCI EMU SRI ACC;ETP;GR;OK
LU0629460832;UBS ETF PSRUSA;UIMT;ETF;Euronext Amsterdam | ETF Plus;EUR;LU;OUI;ESG ETF art. 8;Euronext;2026-08-04;BBG00200KYM3;UIMT;UBS ETF MSCI PACIFIC SRI;ETP;GR;OK
LU0643975161;XTRETF QW3AETFP;X03G;ETF;ETF Plus;EUR;LU;OUI;-;Euronext;2026-08-04;BBG0020BMG28;X03G;X GERMANY GOV BOND 1C;ETP;GR;OK
LU0659579733;XTRETFMSTRUSETFP;XWEH;ETF;ETF Plus;EUR;LU;OUI;-;Euronext;2026-08-04;BBG0053Z1390;XWEH;X MSCI WORLD SWAP 4C EUR;ETP;GR;OK
LU0659580079;XTRETFIJPEIMETFP;XMK9;ETF;ETF Plus;EUR;LU;OUI;-;Euronext;2026-08-04;BBG002ZDHDQ3;XMK9;X MSCI JAPAN 4C EUR;ETP;GR;OK
LU0671493277;UBS ETF ESCEUA;UEFD;ETF;Euronext Amsterdam;EUR;LU;OUI;-;Euronext;2026-08-04;BBG00253L116;UEFD;UBS ETF MSCI EMU SC EUR UKD;ETP;GR;OK
LU0677077884;XTRETFXUEMIMETFP;XUEM;ETF;ETF Plus;EUR;LU;OUI;-;Euronext;2026-08-04;BBG0077QD6K9;XUEM;XTRKR II JPM US EMB UC ET-2D;ETP;GR;OK
LU0690964092;XTRETFXGSHIMETFP;XGVD;ETF;ETF Plus;EUR;LU;OUI;-;Euronext;2026-08-04;BBG0028B1W82;XGVD;X GLOBAL GOV BOND 1D EUR;ETP;GR;OK
LU0721552544;UBS ETF UT1USA;UEFF;ETF;Euronext Amsterdam | ETF Plus;EUR;LU;OUI;-;Euronext;2026-08-04;BBG002G0VP16;UEFF;UBS CR BBG US TRE 1-3 UC-USD;ETP;GR;OK
LU0721552973;UBS ETF UT7USA;UEFI;ETF;Euronext Amsterdam | ETF Plus;EUR;LU;OUI;-;Euronext;2026-08-04;BBG002G0W957;UEFI;UBS CO BBG TRE 1-10 UCI- USD;ETP;GR;OK
LU0779800910;XTRETFXCHAIMETFP;XCHA;ETF;ETF Plus;EUR;LU;OUI;-;Euronext;2026-08-04;BBG00359HXW2;XCHA;X CSI300 SWAP 1C;ETP;GR;OK
LU0832435464;AMUNDI ETF VIX EUR;LVO;ETF;Euronext Amsterdam | Euronext Brussels | ETF Plus;EUR;LU;OUI;-;Euronext;2026-08-04;BBG003P4Y973;LVO;AM S&P 500 VIX F EN ROLL-EA;ETP;NA;OK
LU0832436512;AMUNDI ETF SGQIEUR;SGQI;ETF;Euronext Paris;EUR;LU;OUI;-;Euronext;2026-08-04;BBG003HBY173;SGQI;AM GLOB EQ QUALITY INC-ETF D;ETP;FP;OK
LU0839027447;XTRETFN225ETFP;XDJP;ETF;ETF Plus;EUR;LU;OUI;-;Euronext;2026-08-04;BBG00424TQ92;XDJP;X NIKKEI 225 1D;ETP;GR;OK
LU0846194776;XTRETFSEMUIMETFP;XD5E;ETF;ETF Plus;EUR;LU;OUI;-;Euronext;2026-08-04;BBG003N95066;XD5E;X MSCI EMU 1D;ETP;GR;OK
LU0875160326;XTRETFXCHAIMETFP;RQFI;ETF;ETF Plus;EUR;LU;OUI;-;Euronext;2026-08-04;BBG005Q1P5P1;RQFI;X HARVEST CSI300 1D;ETP;GR;OK
LU0879397742;UBSETFSB5IMETFP;SB5;ETF;ETF Plus;EUR;LU;OUI;ESG ETF art. 8;Euronext;2026-08-04;BBG004X6TCR4;UEFY;UBS ETF SBI FO. AAA-BBB 1-5;ETP;GR;OK
LU0879399441;UBSETFSB10IMETFP;SB10;ETF;ETF Plus;EUR;LU;OUI;ESG ETF art. 8;Euronext;2026-08-04;BBG004X6TF42;UEFZ;UBS ETF SBI FO AA-BB 5-10-CD;ETP;GR;OK
LU0908500753;AMUNDI COR STOX600;MEUD;ETF;Euronext Paris | ETF Plus;EUR;LU;OUI;-;Euronext;2026-08-04;BBG0059HCCJ1;MEUDEUR;AMUNDI CORE STOXX EUROPE 600;ETP;XV;OK
LU0908501058;AMUNDI COR STOX300;MFED;ETF;Euronext Paris;EUR;LU;OUI;ESG ETF art. 9;Euronext;2026-08-04;BBG004FRSRQ7;MFED;AMUNDI MSCI EMU ESG BROAD AC;ETP;FP;OK
LU0908501132;LYXETFMFDDIMETFP;MFDD;ETF;ETF Plus;EUR;LU;OUI;ESG ETF art. 8;Euronext;2026-08-04;BBG00BGKPDQ9;MFDD;AMUNDI MSCI EMU ESG BROAD TR;ETP;IM;OK
LU0908508731;XTRETFXG7SIMETFP;XG7S;ETF;ETF Plus;EUR;LU;OUI;-;Euronext;2026-08-04;BBG0055FJQP4;XG7S;X GLOBAL GOV BOND 5C;ETP;GR;OK
LU0908508814;XTRETFXGIUIMETFP;XGIU;ETF;ETF Plus;EUR;LU;OUI;-;Euronext;2026-08-04;BBG0055F3JT3;XGIU;X GLOBAL INFL-LINKED 5C;ETP;GR;OK
LU0925589839;XTRETFXYP1IMETFP;XYP1;ETF;ETF Plus;EUR;LU;OUI;-;Euronext;2026-08-04;BBG0053W1ZY8;XYP1;X IBOXX EURZ GOV YP 1-3 1C;ETP;GR;OK
LU0942970103;XTRETFXBAEIMETFP;XBAG;ETF;ETF Plus;EUR;LU;OUI;ESG ETF art. 8;Euronext;2026-08-04;BBG00612W3X2;XBAG;X ESG GLOBAL AGGR BND 1D;ETP;GR;OK
LU0942970798;XTRETFXBAEIMETFP;XBAE;ETF;ETF Plus;EUR;LU;OUI;ESG ETF art. 8;Euronext;2026-08-04;BBG006131H18;XBAE;X ESG GLOBAL AGGR BND 5C EUR;ETP;GR;OK
LU0950381748;BNPETFEEAIMETFP;EEA;ETF;ETF Plus | Euronext Paris;EUR;LU;OUI;-;Euronext;2026-08-04;BBG004VCV951;EEA;BNP EASY EPRA EZ C;ETP;FP;OK
LU0950668524;UBSETFMSDEE1ETFP;UBEUR;ETF;ETF Plus;EUR;LU;OUI;-;Euronext;2026-08-04;BBG01WDR9610;EUREACHF;UBS ETF MSCI EUROPE A;ETP;SW;OK
LU0950668870;UBSETFMUAAIMETFP;EMUAA;ETF;ETF Plus;EUR;LU;OUI;-;Euronext;2026-08-04;BBG00DKCFX03;EMUAA;UBS CORE MSC EMU UCI ETF-EUA;ETP;SW;OK
LU0950670850;UBSETFMSCUKETFP;UKGBPB;ETF;ETF Plus;EUR;LU;OUI;-;Euronext;2026-08-04;BBG00567LV95;UKGBPB;UBS ETF MSCI UNITEDKINGD.UKD;ETP;SW;OK
LU0950671825;UBSETFMXJPETFP;JPNA;ETF;ETF Plus;EUR;LU;OUI;-;Euronext;2026-08-04;BBG00H482070;JPNA;UBSETF MSCI JAPAN JPY A-ACC;ETP;SW;OK
LU0950672807;UBSETFMSCAETFP;CANA;ETF;ETF Plus;EUR;LU;OUI;-;Euronext;2026-08-04;BBG00H47Y3X2;CANA;UBSETF MSCI CANADA CAD A-ACC;ETP;SW;OK
LU0950674175;UBSETFGEASIMETFP;EMMUSC;ETF;ETF Plus;EUR;LU;OUI;-;Euronext;2026-08-04;BBG00L334VD6;EMMUSC;UBS ETF MSCI EM USD A-ACC;ETP;SW;OK
LU0950674332;UBSETFSRUSIMETFP;WSRUS;ETF;ETF Plus;EUR;LU;OUI;ESG ETF art. 8;Euronext;2026-08-04;BBG00K23W5H1;SEAC;UBS ETF MSCI WORLD SRI USD A;ETP;GR;OK
LU0950674761;UBSETFUSRIITETFP;EMUSRI;ETF;ETF Plus;EUR;LU;OUI;ESG ETF art. 8;Euronext;2026-08-04;BBG00JGBB9H6;EMUSRI;UBS ETF MSCI EMU SRI EUR ACC;ETP;SW;OK
LU0952581584;XTRETFXJSEIMETFP;XJSE;ETF;ETF Plus;EUR;LU;OUI;-;Euronext;2026-08-04;BBG005KQZ8K0;XJSE;X JAPAN GOVERNMENT BOND 1C;ETP;GR;OK
LU0959210278;AMUNDI ETF DIV EUR;EUDIV;ETF;Euronext Paris;EUR;LU;OUI;ESG ETF art. 8;Euronext;2026-08-04;BBG005BRT0F8;EUDIV;AM S&P EU ZONE DVD AR SC-EA;ETP;FP;OK
LU0959210781;AMUNDI ETF DIV EUR;EDIV;ETF;Euronext Paris;EUR;LU;OUI;ESG ETF art. 8;Euronext;2026-08-04;BBG012BSLJX9;EDIV;AM S&P EU ZONE DVD AR SC-EA;ETP;LN;OK
LU0959211243;AMUNDI ETF SP5 DH;SP5H;ETF;Euronext Paris | ETF Plus;EUR;LU;OUI;-;Euronext;2026-08-04;BBG0058WNTJ0;SP5H;AM CR SP500 SP ETF EUR H DIS;ETP;FP;OK
LU0959211326;MULETF500HITETFP;SPHC;ETF;ETF Plus | Euronext Paris;EUR;LU;OUI;-;Euronext;2026-08-04;BBG00Y28RYY4;SPHC;AM CR SP500 SP ETF EUR H ACC;ETP;IM;OK
LU0962078753;XTRETFXGIIIMETFP;XGII;ETF;ETF Plus;EUR;LU;OUI;-;Euronext;2026-08-04;BBG005H6JSR5;XGII;X GLOBAL INFL-LINKED 1D EUR;ETP;GR;OK
LU0969639128;UBSETF1EUAIMETFP;SS1EUA;ETF;ETF Plus;EUR;LU;OUI;-;Euronext;2026-08-04;BBG005NBRJ98;SS1EUA;UBS CORE BBG GOV 1-10 UCI-ED;ETP;SW;OK
LU0977261329;UBSETF2CHBIMETFP;SW2CHB;ETF;ETF Plus;EUR;LU;OUI;-;Euronext;2026-08-04;BBG005HBGRM4;SW2CHB;UBS MSCI SWITZERLAND CHF ACC;ETP;SW;OK
LU1048313891;UBS ETF MSRUSA;UEF5;ETF;Euronext Amsterdam | ETF Plus;EUR;LU;OUI;ESG ETF art. 8;Euronext;2026-08-04;BBG0071FFVS4;UEF5;UBS ETF MSCI EMERG. MAR. SRI;ETP;GR;OK
LU1048313974;UBSETFRUSBIMETFP;MSRUSB;ETF;ETF Plus;EUR;LU;OUI;ESG ETF art. 8;Euronext;2026-08-04;BBG00PD432L0;MSRUSB;UBS ETF MSCI EMERG. MAR. SRI;ETP;SW;OK
LU1048314196;UBS ETF CBEU5;UEF6;ETF;Euronext Amsterdam | ETF Plus;EUR;LU;OUI;-;Euronext;2026-08-04;BBG006KDRQL5;CBEU5;UBS ETF B. EUR AR.LIQ.C. 1-5;ETP;SW;OK
LU1048314949;UBS ETF CBUS5;UEF7;ETF;Euronext Amsterdam | ETF Plus;EUR;LU;OUI;-;Euronext;2026-08-04;BBG007KMMXT5;UEF7;UBS ETF US L. C. H. CHF 1-5;ETP;GR;OK
LU1048315243;UBS ETF CBUS5E;UEF8;ETF;Euronext Amsterdam | ETF Plus;EUR;LU;OUI;-;Euronext;2026-08-04;BBG0084KZJ67;CBUS5E;UBS ETF US L. C. H. EUR 1-5;ETP;SW;OK
LU1048316647;UBS ETF CBUS;UEF9;ETF;Euronext Amsterdam | ETF Plus;EUR;LU;OUI;-;Euronext;2026-08-04;BBG006KDX892;CBUS;UBS COR BBG US LQC UCITS-USD;ETP;SW;OK
LU1048317025;UBS ETF CBUSE;UEF0;ETF;Euronext Amsterdam | ETF Plus;EUR;LU;OUI;-;Euronext;2026-08-04;BBG006KDY7B0;CBUSE;UBS COR BBG US LQC UCITS-HEA;ETP;SW;OK
LU1079841273;OSSETFCAPUIMETFP;CAPU;ETF;ETF Plus | Euronext Paris;EUR;LU;OUI;-;Euronext;2026-08-04;BBG009F0V2T3;CAPU;OSSIAM SHILLER BRLY CAPE EUR;ETP;FP;OK
LU1079842321;OSSETFCAPEIMETFP;CAPE;ETF;ETF Plus | Euronext Paris;EUR;LU;OUI;-;Euronext;2026-08-04;BBG007THT7B6;EUPE;OSSIAM SHLR BCLY CAPE ERP SV;ETP;GR;OK
LU1094612022;XTRETFCGBIMETFP;CGB;ETF;ETF Plus;EUR;LU;OUI;-;Euronext;2026-08-04;BBG009HSHQ77;CGB;X HARVEST CHINA GOV BOND 1D;ETP;GR;OK
LU1109939865;XTRETFXHY1IMETFP;XHY1;ETF;ETF Plus;EUR;LU;OUI;-;Euronext;2026-08-04;BBG007RBBPL9;XHY1;X ROLL TMAT HY SEP 2027  1D;ETP;GR;OK
LU1109941689;XTRETFIBXXYRETFP;XRTM;ETF;ETF Plus;EUR;LU;OUI;-;Euronext;2026-08-04;BBG01WMBJKB2;XRTM;X ROLL TMAT HY SEP 2027 1C;ETP;GR;OK
LU1109942653;XTRETFXHYGIMETFP;XHYG;ETF;ETF Plus;EUR;LU;OUI;-;Euronext;2026-08-04;BBG007RB9VV8;XHYG;X EUR HY CORP BOND 1D;ETP;GR;OK
LU1109943388;XTRETFIHYGIMETFP;XHYA;ETF;ETF Plus;EUR;LU;OUI;-;Euronext;2026-08-04;BBG00G4XP9X4;XHYA;X EUR HY CORP BOND 1C;ETP;GR;OK
LU1130155606;UBS ETF CAHEUA;U1FA;ETF;Euronext Amsterdam | ETF Plus;EUR;LU;OUI;-;Euronext;2026-08-04;BBG0083855N9;CAHEUA;UBS ETF MSCI CANADA EUR;ETP;IM;OK
LU1135865084;AMUNDI SP500 C;SP5C;ETF;Euronext Paris | ETF Plus;EUR;LU;OUI;-;Euronext;2026-08-04;BBG009HXSCY5;LYP5;AM CORE S&P 500 SWAP ETF ACC;ETP;GR;OK
LU1136401384;PHARUS LIQUIDITY;PHSLQ;OPCVM;ATFund Instruments;EUR;LU;OUI;;Euronext;2026-08-04;BBG0099H13R6;PHALIQQ;PHARUS SICAV-LIQUIDITY-Q;Open-End Fund;LX;OK
LU1136401467;PHARUS SICAV_CONS;PHSARQ;OPCVM;ATFund Instruments;EUR;LU;OUI;;Euronext;2026-08-04;BBG0099GFQT0;PHAABRQ;PHARUS SICAV-CONSERVATIVE-Q;Open-End Fund;LX;OK
LU1136402192;PHARUS EQUITY LEAD;PHSIEQ;OPCVM;ATFund Instruments;EUR;LU;OUI;;Euronext;2026-08-04;BBG0099W52X4;PHAIEQQ;PHARUS-EQUITY LEADERS-Q;Open-End Fund;LX;OK
LU1136402432;PHARUS TARGET;PHSTQ;OPCVM;ATFund Instruments;EUR;LU;OUI;;Euronext;2026-08-04;BBG0099G5KP8;PHTARGQ;PHARUS SV - TGT-QD;Open-End Fund;LX;OK
LU1136402788;SAFE SICAV-SAFE DY;PHSAFQ;OPCVM;ATFund Instruments;EUR;LU;OUI;;Euronext;2026-08-04;BBG0099W6XH3;PHALGFQ;SAFE SICAV-SAFE DYN ALC-Q;Open-End Fund;LX;OK
LU1148873406;NEW MILLENNIUM EUR;NMEE;OPCVM;ATFund Instruments;EUR;LU;OUI;;Euronext;2026-08-04;BBG007PPHRZ5;MILEUEA;NEW MILLENNIUM-EURO EQUIT-L;Open-End Fund;LX;OK
LU1148873588;NEW MILLENNIUM EQ;NMGE;OPCVM;ATFund Instruments;EUR;LU;OUI;;Euronext;2026-08-04;BBG007QJ4WS9;MILGLLA;NEW MILLENNIUM-GLOBAL EQTI-L;Open-End Fund;LX;OK
LU1148873661;NEW MILLENNIUM EUR;NMEBST;OPCVM;ATFund Instruments;EUR;LU;OUI;;Euronext;2026-08-04;BBG007QQ2GZ2;MILEBUL;NEW MILLENNIUM-EURO BD S/T-L;Open-End Fund;LX;OK
LU1148873745;NEW MILLENNIUM AUG;NMHQB;OPCVM;ATFund Instruments;EUR;LU;OUI;;Euronext;2026-08-04;BBG007QQ29V2;NMAHQLE;NEW MILLENNIUM AUG HIGH QU-L;Open-End Fund;LX;OK
LU1148874040;NEW MILLENNIUM INF;NMILB;OPCVM;ATFund Instruments;EUR;LU;OUI;;Euronext;2026-08-04;BBG007QQ2TT1;MILNFLL;NEW MILLENNIUM-INFL LKD-L;Open-End Fund;LX;OK
LU1148874123;NEW MILLENNIUM EU;NMLEC;OPCVM;ATFund Instruments;EUR;LU;OUI;;Euronext;2026-08-04;BBG007QQ2PD6;MILLGEL;NEW MILLENNIUM-LRG EUR COR-L;Open-End Fund;LX;OK
LU1148874396;NEW MILLENNIUM AUG;NMCB;OPCVM;ATFund Instruments;EUR;LU;OUI;;Euronext;2026-08-04;BBG007QQ2QQ0;NMACBDL;NEW MILLENNIUM AUG CORP BD-L;Open-End Fund;LX;OK
LU1148874479;NEW MILLENNIUM ITA;NMIDB;OPCVM;ATFund Instruments;EUR;LU;OUI;;Euronext;2026-08-04;BBG007QQ2VP0;MILIDBL;NEW MILLENNIUM AUG ITAL DI-L;Open-End Fund;LX;OK
LU1148874552;NEW MILLENNIUM BAL;NMBWC;OPCVM;ATFund Instruments;EUR;LU;OUI;;Euronext;2026-08-04;BBG007QVF3V0;NMBLWCL;NEW MILL-BALANCED WRD CONS-L;Open-End Fund;LX;OK
LU1148874800;NEW MILLENNIUM VOL;NMVOL;OPCVM;ATFund Instruments;EUR;LU;OUI;;Euronext;2026-08-04;BBG007QVFD93;NMVOLAL;NM-ALPHA ACTIVE ALLOCATION-L;Open-End Fund;LX;OK
LU1169821292;UBSETFUKEIMETFP;UKE;ETF;ETF Plus;EUR;LU;OUI;-;Euronext;2026-08-04;BBG00VHJLHC7;UFMB;UBS ETF MSCI UK EUR-HA;ETP;GR;OK
LU1169822266;UBSETFJPNEIMETFP;JPNE;ETF;ETF Plus;EUR;LU;OUI;-;Euronext;2026-08-04;BBG00VHJJTV3;UFMA;UBS ETF MSCI JAPAN EUR-H ACC;ETP;GR;OK
LU1169825954;UBS ETF SGPDU;UE24;ETF;Euronext Amsterdam;EUR;LU;OUI;-;Euronext;2026-08-04;BBG008QY25C2;SGPDU;UBS ETF MSCI SINGAPORE;ETP;SW;OK
LU1169827224;UBS ETF HKDU;HKDE;ETF;Euronext Amsterdam;EUR;LU;OUI;-;Euronext;2026-08-04;BBG008QSQ227;HKDU;UBS ETF MSCI HONG KONG;ETP;SW;OK
LU1169830103;UBSETFSVEIMETFP;SVE;ETF;ETF Plus;EUR;LU;OUI;-;Euronext;2026-08-04;BBG00VHJKMJ0;CHEUR;UBS MSCI SWITZERLAND EUR-HA;ETP;SW;OK
LU1176781729;PHARUS SICAV;HPSBAS;OPCVM;ATFund Instruments;EUR;LU;OUI;;Euronext;2026-08-04;BBG009YP9B49;HYPOBAQ;PHARUS SICAV-BASIC FUND-Q;Open-End Fund;LX;OK
LU1176783774;SUMUS STRATEGIC;HPSDYN;OPCVM;ATFund Instruments;EUR;LU;OUI;;Euronext;2026-08-04;BBG009YVCHR4;HPDYQEC;SUMUS-STRATEGIC FUND-Q;Open-End Fund;LX;OK
LU1190417599;LYXACTSMARTETFP;SMART;ETF;ETF Plus | Euronext Paris;EUR;LU;OUI;-;Euronext;2026-08-04;BBG0086JFNH9;CSH2;AMND SMT OVRNGT RTR ETF-UEAE;ETP;FP;OK
LU1215415214;AMUNDI HIGH YLD BB;HYBB;ETF;Euronext Paris | ETF Plus;EUR;LU;OUI;ESG ETF art. 8;Euronext;2026-08-04;BBG008HDS166;HYBB;AMUNDI EUR HY BOND ESG;ETP;FP;OK
LU1215451524;UBS ETF EQLTD;UIM2;ETF;Euronext Amsterdam | ETF Plus;EUR;LU;OUI;ESG ETF art. 8;Euronext;2026-08-04;BBG009WNQC36;EQLTD;UBS ETF FACTOR EMU QUALITY;ETP;IM;OK
LU1215452928;UBS ETF EPVLD;UIMZ;ETF;Euronext Amsterdam | ETF Plus;EUR;LU;OUI;ESG ETF art. 8;Euronext;2026-08-04;BBG009WNK1G2;EPVLD;UBS ETF FACTOR EMU PRIM VAL;ETP;IM;OK
LU1215454460;UBS ETF ELOVD;UIMY;ETF;Euronext Amsterdam | ETF Plus;EUR;LU;OUI;-;Euronext;2026-08-04;BBG009WN8BC8;ELOVD;UBS ETF FACTOR EMU LOW VOLTL;ETP;IM;OK
LU1215461085;UBS ETF CBSUS;UE25;ETF;Euronext Amsterdam | ETF Plus;EUR;LU;OUI;ESG ETF art. 8;Euronext;2026-08-04;BBG009NWWW99;CBSUS;UBS ETF BM US LIQ. C. SUST.;ETP;IM;OK
LU1215461168;UBSETFSUSAIMETFP;CBSUSA;ETF;ETF Plus;EUR;LU;OUI;ESG ETF art. 8;Euronext;2026-08-04;BBG00Q39B6J3;CBSUSA;UBS ETF BBG US LIQ. C. SSST.;ETP;IM;OK
LU1215461325;UBS ETF CBSUSE;UE27;ETF;Euronext Amsterdam | ETF Plus;EUR;LU;OUI;ESG ETF art. 8;Euronext;2026-08-04;BBG009YZM448;CBSUSE;UBS ETF BBG US LIQ. C. SUST.;ETP;SW;OK
LU1230561679;UBS ETF JPSR;JPSR;ETF;Euronext Amsterdam | ETF Plus;EUR;LU;OUI;ESG ETF art. 8;Euronext;2026-08-04;BBG009NVYS52;JPSR;UBS MSCI JAPAN SR UCITS ETF;ETP;LN;OK
LU1233598447;MULETFFEDFIMETFP;FEDF;ETF;ETF Plus;EUR;LU;OUI;-;Euronext;2026-08-04;BBG009JGJRX8;FEDF;AMUNDI USD FED FR UCITS ETF;ETP;IM;OK
LU1242466289;BASE INV BONDS VAL;BONVAL;OPCVM;ATFund Instruments;EUR;LU;OUI;;Euronext;2026-08-04;BBG00G243ZM8;BASEBEL;BASE INV SICAV-BD VAL-L EURI;Open-End Fund;LX;OK
LU1242466875;BASE INV FLEX LOW;FLEXLO;OPCVM;ATFund Instruments;EUR;LU;OUI;;Euronext;2026-08-04;BBG00G2440S8;BSFXLEL;SICAV-FLEX LO RIS EXP-LEUR A;Open-End Fund;LX;OK
LU1246176264;SELECTRA J LAMARC;SELJLB;OPCVM;ATFund Instruments;EUR;LU;OUI;;Euronext;2026-08-04;BBG00BSDKYR0;SELJLBD;SELECTRA-J.LAMARCK BIOTECH-D;Open-End Fund;LX;OK
LU1246176850;SELECTRA J LAMARCK;SELJLP;OPCVM;ATFund Instruments;EUR;LU;OUI;;Euronext;2026-08-04;BBG00BSDJB01;SELJLPD;SELECTRA INV-J LAMARCH PHM-D;Open-End Fund;LX;OK
LU1248511575;LYXACTSMARTUETFP;SMARTU;ETF;ETF Plus;EUR;LU;OUI;-;Euronext;2026-08-04;BBG009NXGY64;SMTC;AMND SMT OVRNGT RTR ETF-UEUA;ETP;LN;OK
LU1253867847;PHARUS TREND PL;PHSTPQ;OPCVM;ATFund Instruments;EUR;LU;OUI;;Euronext;2026-08-04;BBG00BTFYKP1;PHTRPLQ;PHARUS SICAV TREND PLAYER-Q;Open-End Fund;LX;OK
LU1273488715;UBSETFPSREIMETFP;JPSRE;ETF;ETF Plus;EUR;LU;OUI;ESG ETF art. 8;Euronext;2026-08-04;BBG00D0YFQ93;JPSRE;UBS ETF JAPAN SRI H. EUR A;ETP;SW;OK
LU1275426275;COMPAM FUND-SB EQ;COMSBE;OPCVM;ATFund Instruments;EUR;LU;OUI;;Euronext;2026-08-04;BBG00B4Z0CQ8;CSBEQYQ;COMPAM FUND-SB EQUITY-Q;Open-End Fund;LX;OK
LU1275426358;COMPAM FUND SB;COMSBF;OPCVM;ATFund Instruments;EUR;LU;OUI;;Euronext;2026-08-04;BBG00B4YTPV5;CSBFLXQ;COMPAM FUND-SB BLC TECH-Q;Open-End Fund;LX;OK
LU1275426432;COMPAM FUND - SB B;COMSBB;OPCVM;ATFund Instruments;EUR;LU;OUI;;Euronext;2026-08-04;BBG00B4YTM33;CSBONDQ;COMPAM FUND-SB BOND-Q;Open-End Fund;LX;OK
LU1275426515;COMPAM GLOBAL DIV;COMGD0;OPCVM;ATFund Instruments;EUR;LU;OUI;;Euronext;2026-08-04;BBG00B4YT3T7;COGLDVQ;COMPAM FD-GLBL BND DIV-Q USA;Open-End Fund;LX;OK
LU1280303014;UBS ETF USSRF;UE33;ETF;Euronext Amsterdam | ETF Plus;EUR;LU;OUI;ESG ETF art. 8;Euronext;2026-08-04;BBG00BDX0H19;USSRF;UBS ETF USA SRI H. EUR D;ETP;SW;OK
LU1285959703;LYXETFUSICIMETFP;USIG;ETF;ETF Plus;EUR;LU;OUI;ESG ETF art. 8;Euronext;2026-08-04;BBG00CP91G90;USIGL;AMDI USD CORPB CPA HIN;ETP;EB;OK
LU1285959885;LYXETFUSICIMETFP;USIC;ETF;ETF Plus;EUR;LU;OUI;ESG ETF art. 8;Euronext;2026-08-04;BBG0152KQH31;USICUSD;LYXOR ESG USD CORP BOND DR-A;ETP;X9;OK
LU1285960032;AMUNDI ESG USD CRP;USIH;ETF;Euronext Paris | ETF Plus;EUR;LU;OUI;ESG ETF art. 8;Euronext;2026-08-04;BBG00K4XT2F6;USIHP;AMDI USD CORP PAB NZERO HIN;ETP;EB;OK
LU1287022708;MULETFAFRIIMETFP;LAFRI;ETF;ETF Plus;EUR;LU;OUI;-;Euronext;2026-08-04;BBG000BDR990;LGQM;AMUNDI PAN AFRICA-ETF ACC;ETP;GR;OK
LU1287023003;AMUNDI EUR GOV 57;MTC;ETF;Euronext Paris | ETF Plus;EUR;LU;OUI;-;Euronext;2026-08-04;BBG000BZH4D8;LYMTC;AM EURO GOV BOND 5-7Y-ETF A;ETP;SW;OK
LU1287023185;AMUNDI EUR GOV 710;MTD;ETF;Euronext Paris | ETF Plus;EUR;LU;OUI;-;Euronext;2026-08-04;BBG000QVS671;MTD;AM EURO GOV BOND 7-10Y-ETF A;ETP;FP;OK
LU1287023268;AMUNDI EUROMTS15PY;MTF;ETF;Euronext Paris | ETF Plus;EUR;LU;OUI;-;Euronext;2026-08-04;BBG000Q0ZD30;MTF;AM EURO GOV BD 15+Y-ETF A;ETP;FP;OK
LU1287023342;AMUNDI EMTS HR MWG;MAA;ETF;Euronext Paris | ETF Plus;EUR;LU;OUI;-;Euronext;2026-08-04;BBG000PVTFX2;MAA;AM EURO HR M-WT GOV BD-ETF A;ETP;FP;OK
LU1291097779;BNPETFEEMKIMETFP;EEMK;ETF;ETF Plus | Euronext Paris;EUR;LU;OUI;ESG ETF art. 8;Euronext;2026-08-04;BBG00D1MJZV9;EEMK;BNP EASY MSCI EM ESG;ETP;FP;OK
LU1291098314;BNP EM SRI PAB UC;EMSR;ETF;Euronext Paris - Multi-currency Trading;USD;LU;OUI;ESG ETF art. 9;Euronext;2026-08-04;BBG00DQ4ZR60;EMSR;BNP PAR EASY MSC EMR SP;ETP;FP;OK
LU1291098827;BNPETFEEMUIMETFP;EEMU;ETF;ETF Plus | Euronext Paris;EUR;LU;OUI;ESG ETF art. 8;Euronext;2026-08-04;BBG00D1M0X62;EEMU;BNP EASY MSCI EMU ESG;ETP;FP;OK
LU1291099718;BNPETFEEUEIMETFP;EEUE;ETF;ETF Plus | Euronext Paris;EUR;LU;OUI;ESG ETF art. 8;Euronext;2026-08-04;BBG00D1MF692;EEUE;BNP EASY MSCI EUROPE ESG;ETP;FP;OK
LU1291101555;BNPETFEESMIMETFP;EESM;ETF;ETF Plus | Euronext Paris;EUR;LU;OUI;ESG ETF art. 9;Euronext;2026-08-04;BBG00D1MH244;EESM;BNP PRBS ESY ER SM CPS PB-EA;ETP;FP;OK
LU1291102447;BNPP JP ESG ETF;EJAP;ETF;Euronext Paris;EUR;LU;OUI;ESG ETF art. 8;Euronext;2026-08-04;BBG00D1MJRP4;EJAP;BNP EASY MSCI JAPAN ESG;ETP;FP;OK
LU1291103338;BNP US SRI PAB UC;EKLD;ETF;Euronext Paris - Multi-currency Trading;USD;LU;OUI;ESG ETF art. 9;Euronext;2026-08-04;BBG00D1MGXB9;EKLD;BNP EASY MSCI USA SRI U;ETP;FP;OK
LU1291104575;BNPETFENAMIMETFP;ENAM;ETF;ETF Plus | Euronext Paris;EUR;LU;OUI;ESG ETF art. 8;Euronext;2026-08-04;BBG00D1MJN55;ENAM;BNP EASY MSCI USA ESG;ETP;FP;OK
LU1291106356;BNPETFEPEJIMETFP;EPEJ;ETF;ETF Plus | Euronext Paris;EUR;LU;OUI;ESG ETF art. 8;Euronext;2026-08-04;BBG00D1MJLC1;EPEJ;BNP EASY MSCI PACEX ESG;ETP;FP;OK
LU1291108642;BNP WD SRI PAB UC;EWRD;ETF;Euronext Paris - Multi-currency Trading;USD;LU;OUI;ESG ETF art. 9;Euronext;2026-08-04;BBG00D1MJX71;EWRD;BNP EASY MSCI WORLD SRI U;ETP;FP;OK
LU1291109533;BNPP GSCI ETF;GSCU;ETF;Euronext Paris - Multi-currency Trading;USD;LU;OUI;-;Euronext;2026-08-04;BBG00CTX9GR5;GSCU;BNP EASY ENERGY & METAL ENH;ETP;FP;OK
LU1291109616;BNPETFGSCEIMETFP;GSCE;ETF;ETF Plus | Euronext Amsterdam;EUR;LU;OUI;-;Euronext;2026-08-04;BBG00CKGSVC3;GSCE;BNP EASY ENERGY & METAL ENH;ETP;NA;OK
LU1324510525;UBSETFST1FIMETFP;UST1F;ETF;ETF Plus;EUR;LU;OUI;-;Euronext;2026-08-04;BBG00BZW3PH9;UST1F;UBS CR BBG US TR 1-3 UC-HEUR;ETP;IM;OK
LU1324516050;UBSETFSBEMIMETFP;SBEM;ETF;ETF Plus;EUR;LU;OUI;-;Euronext;2026-08-04;BBG00BZVL5R4;UEFS;UBS ETF USD EM SOVEREIGN;ETP;GR;OK
LU1324516308;UBSETFBEMEIMETFP;SBEME;ETF;ETF Plus;EUR;LU;OUI;-;Euronext;2026-08-04;BBG00CMSC7G1;SBEME;UBS ETF USD EM SOVEREIGN EUR;ETP;SW;OK
LU1327051279;MULSTRM004USETFP;SPX2S;ETF;ETF Plus | Euronext Paris;EUR;LU;OUI;-;Euronext;2026-08-04;BBG00BYG9N57;DSP5;AMND NSDQ-100 DL-1X IU ETF-U;ETP;FP;OK
LU1363165751;NEW MILLEN MULTI;NMMAO;OPCVM;ATFund Instruments;EUR;LU;OUI;;Euronext;2026-08-04;BBG00CGY1F60;NMMAOPL;NEW MILLENNIUM-M/A OPPORT-L;Open-End Fund;LX;OK
LU1363165918;NEW MILLEN EVERG;NMEGH;OPCVM;ATFund Instruments;EUR;LU;OUI;;Euronext;2026-08-04;BBG00CGY1TC3;NMEGHYL;NEW MILLENN-EVER GL H/Y BD-L;Open-End Fund;LX;OK
LU1371515534;PHARUS GLOBAL V EQ;PSGVQ;OPCVM;ATFund Instruments;EUR;LU;OUI;;Euronext;2026-08-04;BBG00CF51YZ1;PHGLVEQ;PHARUS SICAV GLOBAL VAL EQ-Q;Open-End Fund;LX;OK
LU1371515880;PHARUS GLOBAL V EQ;PSGVQH;OPCVM;ATFund Instruments;EUR;LU;OUI;;Euronext;2026-08-04;BBG00CNLJWC7;PHGLVQH;PHARUS SIC GLOBAL VAL EQ-QH;Open-End Fund;LX;OK
LU1377381717;BNPETFEVOEIMETFP;EVOE;ETF;ETF Plus | Euronext Paris;EUR;LU;OUI;ESG ETF art. 8;Euronext;2026-08-04;BBG00D1KRHJ8;EVOE;BNP PRBS ESY LOW VOL EUR-UEC;ETP;FP;OK
LU1377382103;BNPETFEQUAIMETFP;EQUA;ETF;ETF Plus | Euronext Paris;EUR;LU;OUI;ESG ETF art. 8;Euronext;2026-08-04;BBG00D1KSF92;EQUA;BNP PARBS EASY QULT EUR-UEUA;ETP;FP;OK
LU1377382285;BNPETFEVAEIMETFP;EVAE;ETF;ETF Plus | Euronext Paris;EUR;LU;OUI;ESG ETF art. 8;Euronext;2026-08-04;BBG00D1KSLJ8;EVAE;BNP PARIBS ESY VLU EUR-UEUAC;ETP;FP;OK
LU1377382368;BNPETFLCEUIMETFP;LCEU;ETF;ETF Plus | Euronext Paris;EUR;LU;OUI;ESG ETF art. 9;Euronext;2026-08-04;BBG000C5XCQ3;ECN;BNP EASY LW CARBON EUR PAB;ETP;FP;OK
LU1377382442;BNPP LC EU100D PAB;ECND;ETF;Euronext Paris;EUR;LU;OUI;ESG ETF art. 8;Euronext;2026-08-04;BBG01HBF5MD7;ECND;BNP EASY LW CARBON EUR PAB;ETP;FP;OK
LU1390062245;AMUNDI 210INFBRKEV;INFL;ETF;Euronext Paris | ETF Plus;EUR;LU;OUI;-;Euronext;2026-08-04;BBG00CTXC0S5;INFL;AM EURO INFL EXP 2-10Y-ETF A;ETP;FP;OK
LU1390062831;AMUNDI 10YINFBRKEV;INFU;ETF;Euronext Paris | ETF Plus;EUR;LU;OUI;-;Euronext;2026-08-04;BBG00CTXDD97;INFU;AM US INFLN EXP 10Y-ETF ACC;ETP;FP;OK
LU1397788552;FINLABO DYNAMIC EQ;FINLDE;OPCVM;ATFund Instruments;EUR;LU;OUI;;Euronext;2026-08-04;BBG00CSJVZH1;FINDYEL;FINLABO DYNAMIC EQUITY-L;Open-End Fund;LX;OK
LU1399300455;XTRETFXUTDIMETFP;XUTE;ETF;ETF Plus;EUR;LU;OUI;-;Euronext;2026-08-04;BBG00FB2MQM3;XUTE;X US TREASURIES 2D EUR;ETP;GR;OK
LU1407887089;MULETF1EUAITETFP;US1;ETF;ETF Plus | Euronext Amsterdam - Multi-currency Trading;EUR;LU;OUI;-;Euronext;2026-08-04;BBG00XD1FF19;U13CX;AMUNDI US TREASURY BOND 1-3Y;ETP;IX;OK
LU1407887162;MULETFUS13IMETFP;US13;ETF;ETF Plus | Euronext Paris;EUR;LU;OUI;-;Euronext;2026-08-04;BBG0019P48Q2;US13;AMUNDI US TREASURY BOND 1-3Y;ETP;LN;OK
LU1407887329;MULETFU13HIMETFP;U13H;ETF;ETF Plus;EUR;LU;OUI;-;Euronext;2026-08-04;BBG00GDB9K83;U13H;AMUNDI US TRSR BD 1-3Y HEDGE;ETP;IM;OK
LU1407887915;MULETFTRSXIMETFP;US7;ETF;ETF Plus;EUR;LU;OUI;-;Euronext;2026-08-04;BBG01GVHWTQ4;US7;AMUNDI US TREASURY BOND 7-10;ETP;SW;OK
LU1407888723;MULETFUS37IMXPAR;US37C;ETF;Euronext Paris;EUR;LU;OUI;-;Euronext;2026-08-04;BBG01GVHNVS7;US3;AMUNDI US TREASURY BOND 3-7Y;ETP;SW;OK
LU1407888996;MULETFUS37IMETFP;US37;ETF;ETF Plus | Euronext Paris;EUR;LU;OUI;-;Euronext;2026-08-04;BBG0019P4FV0;US37;AMUNDI US TREASURY BOND 3-7Y;ETP;LN;OK
LU1407890547;MULETFS10CIMETFP;US10C;ETF;ETF Plus;EUR;LU;OUI;-;Euronext;2026-08-04;BBG01259GS73;US10C;AM US T BOND LONG D-ETF ACC;ETP;IM;OK
LU1407890620;AMUNDI UST 10+;US10;ETF;Euronext Paris - Multi-currency Trading | ETF Plus;USD;LU;OUI;-;Euronext;2026-08-04;BBG00MCDMWG7;US10;AM US T BOND LONG D-ETF ACC;ETP;FP;OK
LU1407890976;MULETFU10HIMETFP;U10H;ETF;ETF Plus;EUR;LU;OUI;-;Euronext;2026-08-04;BBG00MCDN9R5;U10H;AM UST BD LG DT-ETF E H DIST;ETP;IM;OK
LU1407892592;AMUNDI Core UK Gov;GILS;ETF;Euronext Paris;EUR;LU;OUI;-;Euronext;2026-08-04;BBG0019P4WD3;GILS;AM CR UK GOVT BOND ETF DIST;ETP;LN;OK
LU1407893301;AMUNDI UK Gov Infl;GILI;ETF;Euronext Paris;EUR;LU;OUI;-;Euronext;2026-08-04;BBG0019P52B0;GILI;AM UK GOVT INF-LNKD BD-ETF D;ETP;LN;OK
LU1435356065;LYXETFSHYCIMETFP;USHYC;ETF;ETF Plus;EUR;LU;OUI;ESG ETF art. 8;Euronext;2026-08-04;BBG011WGTQ15;USHYC;AMUNDI USD HY CBND ESG ACC;ETP;IM;OK
LU1435356149;LYXETFUSHYIMETFP;USHY;ETF;ETF Plus | Euronext Paris;EUR;LU;OUI;ESG ETF art. 8;Euronext;2026-08-04;BBG00DZMM0X3;USHY;AMUNDI USD HI YLD CP BD ESG;ETP;FP;OK
LU1435356495;LYXETFUSHYIMETFP;USYH;ETF;ETF Plus;EUR;LU;OUI;ESG ETF art. 8;Euronext;2026-08-04;BBG00FFNK3N5;USYH;MUNDI USD HY CBND ESG H INC;ETP;IM;OK
LU1437015735;AMUETFMXEUETFP;CEU2;ETF;ETF Plus | Euronext Amsterdam - Multi-currency Trading | Euronext Paris;EUR;LU;OUI;-;Euronext;2026-08-04;BBG00F33RM17;CEU2;AM CORE MSCI EUROPE ETF ACC;ETP;FP;OK
LU1437016204;AMUETFGGOVIMETFP;GGOV;ETF;ETF Plus | Euronext Paris | Euronext Amsterdam - Multi-currency Trading;EUR;LU;OUI;-;Euronext;2026-08-04;BBG00F33VB98;GGOV;AMUNDI CORE GLOBAL GOVERNMEN;ETP;FP;OK
LU1437017350;AMUETFGEASIMETFP;AEME;ETF;ETF Plus | Euronext Amsterdam - Multi-currency Trading | Euronext Paris;EUR;LU;OUI;-;Euronext;2026-08-04;BBG00GM5BX21;AEME;AM CR MSCI EMRG MRKT ETF ACC;ETP;FP;OK
LU1437018168;AM EUR CORP SRI DR;ECRP;ETF;Euronext Paris | ETF Plus;EUR;LU;OUI;ESG ETF art. 8;Euronext;2026-08-04;BBG00F33Y259;ECRP;AMUNDI EUR CORPORATE BOND ES;ETP;FP;OK
LU1437018598;AMUETFEGOVIMETFP;EGOV;ETF;ETF Plus | Euronext Paris;EUR;LU;OUI;-;Euronext;2026-08-04;BBG00F340DN0;EGOV;AM CORE EURO GOV BND ETF ACC;ETP;FP;OK
LU1437018838;AMUETFEPRAIMETFP;EPRA;ETF;ETF Plus | Euronext Paris | Euronext Amsterdam - Multi-currency Trading;EUR;LU;OUI;-;Euronext;2026-08-04;BBG00F2XZQ87;EPRA;AM FTSE EPRA NRIT GL ETF ACC;ETP;FP;OK
LU1437024729;AMUETFGAGHIMETFP;GAGG;ETF;ETF Plus | Euronext Paris | Euronext Amsterdam - Multi-currency Trading;EUR;LU;OUI;-;Euronext;2026-08-04;BBG00F342D58;GAGG;AM CR GLB AGRGTE BD ETF ACC;ETP;FP;OK
LU1437025023;AM MSCI UK IMI SRI;C1U;ETF;Euronext Paris;EUR;LU;OUI;ESG ETF art. 9;Euronext;2026-08-04;BBG000PLH257;C1U;AMUNDI MSCI UK IMI SRI CPA-C;ETP;FP;OK
LU1437025296;AM MSCI UK IM SRIG;FTSE;ETF;Euronext Paris - Multi-currency Trading;GBP;LU;OUI;ESG ETF art. 9;Euronext;2026-08-04;BBG000R5K8Q0;FTSE;AMUNDI MSCI UK IMI SRI GBP-C;ETP;FP;OK
LU1437803767;PHARUS SICAV EU TR;PSEAFQ;OPCVM;ATFund Instruments;EUR;LU;OUI;;Euronext;2026-08-04;BBG00F9QN7H0;PHAREAQ;PHARUS SICAV-EU TOT RETURN-Q;Open-End Fund;LX;OK
LU1446552652;OSSETFCAPUIMXPAR;CAPH;ETF;Euronext Paris;EUR;LU;OUI;-;Euronext;2026-08-04;BBG00GKNT571;CAPH;OSSIAM BRCL US SEC V-HEDIN1C;ETP;SW;OK
LU1452600270;MULETFTIPUIMETFP;TIPU;ETF;ETF Plus;EUR;LU;OUI;-;Euronext;2026-08-04;BBG00DK52Y28;TIPU;AMUNDI US TIPS UCITS ETF;ETP;LN;OK
LU1452600437;MULETFTIPEIMETFP;TIPE;ETF;ETF Plus;EUR;LU;OUI;-;Euronext;2026-08-04;BBG00VYKQ091;TIPE;AMND US TIPS UCITS ETF-UE EH;ETP;IM;OK
LU1459799943;UBSETFTRUDIMETFP;T10D;ETF;ETF Plus;EUR;LU;OUI;-;Euronext;2026-08-04;BBG01VZ53GL8;UST10D;UBS CR BBG US TS 10+ ETF-USD;ETP;SW;OK
LU1459800030;UBSETFTRUDIMETFP;T10A;ETF;ETF Plus;EUR;LU;OUI;-;Euronext;2026-08-04;BBG01VZ53G47;UST10;UBS CR BBG US TS 10+ ETF-USA;ETP;SW;OK
LU1459800113;UBSETFT10FIMETFP;UST10F;ETF;ETF Plus;EUR;LU;OUI;-;Euronext;2026-08-04;BBG00DZN19R2;UST10F;UBS CR BBG US TS 10+ ETF-HER;ETP;SW;OK
LU1459801434;UBSETFIP1DIMETFP;TIP1D;ETF;ETF Plus;EUR;LU;OUI;-;Euronext;2026-08-04;BBG00DZMR790;TIP1D;UBS CR BBG TP 1-10 UCI-USD D;ETP;SW;OK
LU1459801517;UBSETFIP1DIMETFP;TIP1A;ETF;ETF Plus;EUR;LU;OUI;-;Euronext;2026-08-04;BBG00FSCJ570;TIP1A;UBS CR BBG TP 1-10 UCI-USD A;ETP;SW;OK
LU1459801780;UBSETFIP1EIMETFP;TIP1E;ETF;ETF Plus;EUR;LU;OUI;-;Euronext;2026-08-04;BBG00DZN05D6;TIP1E;UBS CR BBG TPS 1-10 UCI-HEUR;ETP;SW;OK
LU1459802754;UBSETFP10DIMETFP;TIP10D;ETF;ETF Plus;EUR;LU;OUI;-;Euronext;2026-08-04;BBG00DZMR380;TIP10D;UBS ETF BB TIPS 10+ USD;ETP;SW;OK
LU1459803059;UBSETFP10EIMETFP;TIP10E;ETF;ETF Plus;EUR;LU;OUI;-;Euronext;2026-08-04;BBG00SY1CQC4;TIP10E;UBS ETF BBG TIPS 10+ HEURA;ETP;IM;OK
LU1468873846;COMPAM FUND SB CON;COMSBC;OPCVM;ATFund Instruments;EUR;LU;OUI;;Euronext;2026-08-04;BBG00DQD7C82;COMSBCQ;COMPAM FUND-SB CONVEX-Q;Open-End Fund;LX;OK
LU1472302576;COMPAM FUND FLEX B;COMFB0;OPCVM;ATFund Instruments;EUR;LU;OUI;;Euronext;2026-08-04;BBG00DSXMQV2;COMFLBQ;COMPAM FUND-FLEXIBLE BOND-Q;Open-End Fund;LX;OK
LU1481201025;BNPP LWVOLEU ESG;VLED;ETF;Euronext Paris;EUR;LU;OUI;ESG ETF art. 8;Euronext;2026-08-04;BBG00FQRFFJ8;VLED;BNP PRBS ESY LOW VOL EUR-UED;ETP;FP;OK
LU1481201611;BNPP QUALITYD ESG;QUED;ETF;Euronext Paris;EUR;LU;OUI;ESG ETF art. 8;Euronext;2026-08-04;BBG00FQSBCV3;QUED;BNP PARBS EASY QULT EUR-UEUI;ETP;FP;OK
LU1481201702;BNPP VALUED ESG;VALD;ETF;Euronext Paris;EUR;LU;OUI;ESG ETF art. 8;Euronext;2026-08-04;BBG00FQSBJF6;VALD;BNP PARIBS ESY VLU EUR-UEUIN;ETP;FP;OK
LU1481202692;BNP BB EURO AGG EC;JBEM;ETF;Euronext Paris | ETF Plus;EUR;LU;OUI;-;Euronext;2026-08-04;BBG00GLN6KJ9;JBEM;BN PA EA JP T EG BI-UC ET EU;ETP;FP;OK
LU1481203070;BNPETFEJAHIMETFP;EJAH;ETF;ETF Plus | Euronext Paris;EUR;LU;OUI;ESG ETF art. 8;Euronext;2026-08-04;BBG00FQXKFC6;EJAH;BNP EASY MSCI JAPAN ESG EH;ETP;FP;OK
LU1484799769;UBS ETF CBSE;CBSE;ETF;Euronext Amsterdam | ETF Plus;EUR;LU;OUI;ESG ETF art. 8;Euronext;2026-08-04;BBG00FRSPL01;CBSE;UBS EUR L.C.S.US;ETP;NA;OK
LU1525418643;AMUETFEBBBIMETFP;EBBB;ETF;ETF Plus | Euronext Paris;EUR;LU;OUI;ESG ETF art. 8;Euronext;2026-08-04;BBG00FPGH3X2;EBBB;AMUNDI EUR CORPORATE BOND 1-;ETP;FP;OK
LU1525418726;AMUETFUBBBIMETFP;UBBB;ETF;ETF Plus | Euronext Paris - Multi-currency Trading;EUR;LU;OUI;ESG ETF art. 8;Euronext;2026-08-04;BBG00FPL4WW2;UBBB;AM GL CORP BOND 1-5 C;ETP;FP;OK
LU1547515053;BNPPJPM ESG EM ETF;EMBI;ETF;Euronext Paris - Multi-currency Trading;USD;LU;OUI;ESG ETF art. 8;Euronext;2026-08-04;BBG00Z1W4LK7;EMBI;BNPP ESY JPM EM GD CMP-UE UA;ETP;FP;OK
LU1547515137;BNPETFASRDIMETFP;ASRD;ETF;ETF Plus | Euronext Paris;EUR;LU;OUI;ESG ETF art. 8;Euronext;2026-08-04;BBG00Z1WKP20;EMBH;BNPP ESY JP EM GD CM-UE H EA;ETP;FP;OK
LU1547515723;BNPETFMXUEFMXPAR;ENAMH;ETF;Euronext Paris;EUR;LU;OUI;-;Euronext;2026-08-04;BBG022W8DW96;ENAMH;BNP PARIBAS MSCI USA MIN TE;ETP;FP;OK
LU1547516291;BNPP EMEHETF;EMEH;ETF;Euronext Paris;EUR;LU;OUI;-;Euronext;2026-08-04;BBG00HKWTD18;EMEH;BNP EASY ENERGY & METAL EH;ETP;FP;OK
LU1563454310;AMUNDI GREEN BOND;CLIM;ETF;Euronext Paris | ETF Plus;EUR;LU;OUI;ESG ETF art. 8;Euronext;2026-08-04;BBG00G3N7WH4;CLIM;AM GL AGG GREEN BOND-ETF A;ETP;FP;OK
LU1563454401;MULETFCLIMIMETFP;CLMD;ETF;ETF Plus;EUR;LU;OUI;ESG ETF art. 8;Euronext;2026-08-04;BBG00Y6RSCJ2;CLMD;AM GL AGG GREEN BOND-ETF D;ETP;IM;OK
LU1574104151;PHARUS GLOBAL V EQ;PSGQHD;OPCVM;ATFund Instruments;EUR;LU;OUI;;Euronext;2026-08-04;BBG00GKHZZ71;PHGVQHD;PHARUS SIC GLOBAL VAL EQ-QHD;Open-End Fund;LX;OK
LU1589349734;AMUNDI US MIN VO;MIVU;ETF;Euronext Paris | Euronext Amsterdam - Multi-currency Trading;EUR;LU;OUI;-;Euronext;2026-08-04;BBG00GD95692;MIVU;AMUNDI MSCI USA MINVOL UCIT;ETP;FP;OK
LU1598688189;AMUNDI EMU GROWTH;GWT;ETF;Euronext Paris | ETF Plus;EUR;LU;OUI;-;Euronext;2026-08-04;BBG000C1FZ81;LGWT;AMUNDI MSCI EUROPE GROWTH IN;ETP;GR;OK
LU1598689153;AMUNDI SMALL CAP;MMS;ETF;Euronext Paris | ETF Plus;EUR;LU;OUI;-;Euronext;2026-08-04;BBG000V03YP9;MMS;AMDI MSCI EMU SC ESG BROAD;ETP;XL;OK
LU1598690169;AMUNDI EMU VALUE;VAL;ETF;Euronext Paris | ETF Plus;EUR;LU;OUI;-;Euronext;2026-08-04;BBG000C27B36;LGWS;AMUNDI MSCI EMU VALUE FACTOR;ETP;GR;OK
LU1598691050;LYXETFTP13IMETFP;BTP13;ETF;ETF Plus;EUR;LU;OUI;-;Euronext;2026-08-04;BBG003MHSC40;BTP13;AM IT BT GO BD 1-3Y-UC ET EU;ETP;IM;OK
LU1598691217;LYXETFTP10IMETFP;BTP10;ETF;ETF Plus;EUR;LU;OUI;-;Euronext;2026-08-04;BBG005KBL5P9;BTP10;AMUNDI ITL BTP GV BND 10Y AC;ETP;IM;OK
LU1600334798;UBSETFUEUAIMETFP;EUEUA;ETF;ETF Plus;EUR;LU;OUI;-;Euronext;2026-08-04;BBG00H0K39Y7;UIMF;UBS ETF MSCI EUROPE H. EUR A;ETP;GR;OK
LU1602144575;AM EMU ESG LEAD EU;CMU;ETF;Euronext Paris | ETF Plus;EUR;LU;OUI;ESG ETF art. 8;Euronext;2026-08-04;BBG00KVHJ342;CMU;AMUNDI MSCI EMU ESG SELECT;ETP;FP;OK
LU1602144732;AMUETFETFP;CJ1;ETF;ETF Plus | Euronext Paris;EUR;LU;OUI;ESG ETF art. 8;Euronext;2026-08-04;BBG00KVHJRP6;CJ1;AMUNDI ID MSCI JPN ESG BROAD;ETP;FP;OK
LU1602144906;AM PAC XJP SRI EUR;CP9;ETF;Euronext Paris | ETF Plus;EUR;LU;OUI;ESG ETF art. 8;Euronext;2026-08-04;BBG00KVHKH30;CP9;AMUNDI MSCI PAC EXJ SRI PA-C;ETP;FP;OK
LU1602145036;AM PAC XJP SRI USD;CP9U;ETF;Euronext Paris - Multi-currency Trading;USD;LU;OUI;ESG ETF art. 9;Euronext;2026-08-04;BBG00KVHKN64;CP9U;AMUNDI MSCI PAC EXJ SRI PA-C;ETP;FP;OK
LU1602468800;NEW MILLENNIUM PIR;NMPBSI;OPCVM;ATFund Instruments;EUR;LU;OUI;;Euronext;2026-08-04;BBG00GH3CJ04;NMPBSIL;NEW MIL PIR BIL SIS ITALIA-L;Open-End Fund;LX;OK
LU1603790731;INDETFIQECIMETFP;IQEC;ETF;ETF Plus | Euronext Paris, Amsterdam;EUR;LU;OUI;ESG ETF art. 8;Euronext;2026-08-04;BBG00H1JKNK4;IQEC;INDEXIQ FACT SUST CORP EURO;ETP;FP;OK
LU1603795458;INDETFIQEEIMETFP;IQEE;ETF;ETF Plus | Euronext Paris, Amsterdam;EUR;LU;OUI;ESG ETF art. 8;Euronext;2026-08-04;BBG00H1G9TN7;IQEE;INDEXIQ FACTORS SUST EUROPE;ETP;FP;OK
LU1603797587;INDETFIQJPIMETFP;IQJP;ETF;ETF Plus | Euronext Paris, Amsterdam;EUR;LU;OUI;ESG ETF art. 8;Euronext;2026-08-04;BBG00H1J3N69;IQJP;INDEXIQ FACTORS SUST JAPAN;ETP;FP;OK
LU1615090864;BNPP EQDEU ESG;EDEU;ETF;Euronext Paris;EUR;LU;OUI;ESG ETF art. 8;Euronext;2026-08-04;BBG00HFLFVZ6;EDEU;BNP PARIBS ESY DVD EUR-UEURA;ETP;FP;OK
LU1615092217;BNP WD SRI PAB EC;EMWE;ETF;Euronext Paris | ETF Plus;EUR;LU;OUI;ESG ETF art. 9;Euronext;2026-08-04;BBG00HFM16P5;EMWE;BNP EASY MSCI WORLD SRI D;ETP;FP;OK
LU1617164998;LYXETFHYSIMETFP;HYS;ETF;ETF Plus;EUR;LU;OUI;-;Euronext;2026-08-04;BBG00K6CS7K4;HYSM;AMDI EUR ST HY CORP ESG INC;ETP;IX;OK
LU1645380368;UBSETFNFL1IMETFP;INFL1;ETF;ETF Plus;EUR;LU;OUI;-;Euronext;2026-08-04;BBG00J3H2JF7;FRC3;UB CR BG ER INFL LK BD 10-ED;ETP;GR;OK
LU1645380442;UBSETFNFL1IMETFP;INF1A;ETF;ETF Plus;EUR;LU;OUI;-;Euronext;2026-08-04;BBG01VZ5DFY5;INFL1A;UB CR BG ER INFL LK BD 10-EA;ETP;SW;OK
LU1645381689;UBSETFFL10IMETFP;INFL10;ETF;ETF Plus;EUR;LU;OUI;-;Euronext;2026-08-04;BBG00J3H2PK7;FRC4;UBS ETF EURO INFL LINK 10+;ETP;GR;OK
LU1645385839;UBSETFHEMBIMETFP;SHEMB;ETF;ETF Plus;EUR;LU;OUI;-;Euronext;2026-08-04;BBG00J3H2R05;SEAA;UBS ETF JPM USD EM DIV 1-5;ETP;GR;OK
LU1645386480;UBSETFHEMEIMETFP;SHEME;ETF;ETF Plus;EUR;LU;OUI;-;Euronext;2026-08-04;BBG00K2SPHM2;SHEME;UBS ETF JPM USD EM DIV 1-5EA;ETP;SW;OK
LU1646360542;AMUETFMXJPSXXPAR;JPHD;ETF;Euronext Paris;EUR;LU;OUI;ESG ETF art. 8;Euronext;2026-08-04;BBG00QVHRHK1;JPNE;AM MSCI JPN SRI CLMT PA-EUIN;ETP;GR;OK
LU1646360971;AMUNDI Core EMU;MFE;ETF;Euronext Paris | ETF Plus;EUR;LU;OUI;-;Euronext;2026-08-04;BBG000BS1YB7;MFE;AM CR MSCI EMU UCIT ETF DIST;ETP;FP;OK
LU1646361276;AMUNDI Core EMUACC;MFEC;ETF;Euronext Paris;EUR;LU;OUI;-;Euronext;2026-08-04;BBG00VC8NQS7;MFEC;AM CR MSCI EMU UCITS ETF ACC;ETP;FP;OK
LU1650487413;AMUNDI EUROGOV 13Y;MTA;ETF;Euronext Paris | ETF Plus;EUR;LU;OUI;-;Euronext;2026-08-04;BBG000BN3GL4;MTA;AM EURO GOV BOND 1-3Y-ETF A;ETP;FP;OK
LU1650488494;AMUNDI EUROGOV 35Y;MTB;ETF;Euronext Paris | ETF Plus;EUR;LU;OUI;-;Euronext;2026-08-04;BBG000LXG4K5;MTB;AM EURO GOV BOND 3-5Y-ETF A;ETP;FP;OK
LU1650489385;AMUNDI EUR GOV1015;MTE;ETF;Euronext Paris | ETF Plus;EUR;LU;OUI;-;Euronext;2026-08-04;BBG000LXHGB7;MTE;AM EURO GOV BD 10-15Y-ETF A;ETP;FP;OK
LU1650491282;AMUNDI Eur Gov Inf;MTI;ETF;Euronext Paris | ETF Plus;EUR;LU;OUI;-;Euronext;2026-08-04;BBG000D2T0X2;EMI;AM EU GOV INF LNK BD-ETF ACC;ETP;IM;OK
LU1650492173;AMUNDI FTSE 100;L100;ETF;Euronext Paris | ETF Plus;EUR;LU;OUI;-;Euronext;2026-08-04;BBG000LKL043;L100;AM CR FTSE 100 SWAP ETF ACC;ETP;LN;OK
LU1650492330;AMUNDI FTSE 100 MH;100H;ETF;Euronext Paris;EUR;LU;OUI;-;Euronext;2026-08-04;BBG00D9M7WH7;100H;AM CR FTSE 100 SP EUR H ACC;ETP;FP;OK
LU1655103486;Os BLM EX (EUR);OP4E;ETF;Euronext Paris;EUR;LU;OUI;ESG ETF art. 9;Euronext;2026-08-04;BBG00J233ZL5;OP4E;OSSIAM BLOOMBERG EUROPE EX E;ETP;GR;OK
LU1655103643;Os BLM JAP (Eur);OP5E;ETF;Euronext Paris;EUR;LU;OUI;ESG ETF art. 9;Euronext;2026-08-04;BBG00J233ZN3;OP5E;OSSIAM BLOOMBERG JAPAN PAB N;ETP;GR;OK
LU1655103726;Os BLM JAP (HDG);OP5H;ETF;Euronext Paris;EUR;LU;OUI;ESG ETF art. 9;Euronext;2026-08-04;BBG00J233ZM4;OP5H;OSSIAM BLOOMBERG JAPAN PAB N;ETP;GR;OK
LU1659681230;BNP EM SRI EC ESG;EMIS;ETF;Euronext Paris;EUR;LU;OUI;ESG ETF art. 9;Euronext;2026-08-04;BBG00M6GXFF3;EMIS;BNP EASY MSCI EM SRI C;ETP;FP;OK
LU1659681313;BNP EM SRI PAB ED;EISR;ETF;Euronext Paris | ETF Plus;EUR;LU;OUI;ESG ETF art. 9;Euronext;2026-08-04;BBG00J3SR7N3;EISR;BNP EASY MSCI EM SRI D;ETP;FP;OK
LU1659681586;BNP US SRI PAB EC;EKLDC;ETF;Euronext Paris;EUR;LU;OUI;ESG ETF art. 9;Euronext;2026-08-04;BBG00NKZCLH1;EKLDC;BNP EASY MSCI USA SRI C;ETP;FP;OK
LU1659681669;BNP US SRI PAB ED;EKUS;ETF;Euronext Paris | ETF Plus;EUR;LU;OUI;ESG ETF art. 9;Euronext;2026-08-04;BBG00J2CK5K3;EKUS;BNP EASY MSCI USA SRI D;ETP;FP;OK
LU1681037518;AMUETFMBESGRETFP;FMI;ETF;ETF Plus | Euronext Paris;EUR;LU;OUI;ESG ETF art. 8;Euronext;2026-08-04;BBG00KVGMV48;FMI;AMUNDI FTSE MIB UCITS ETF;ETP;EO;OK
LU1681037609;AMUNDI TOPIX EUR;TPXE;ETF;Euronext Paris;EUR;LU;OUI;-;Euronext;2026-08-04;BBG00KK8G7B0;TPXE;AMUNDI JAP TOPIX UC-EUR;ETP;FP;OK
LU1681037781;AMUNDI TOPIX JPY;TPXY;ETF;Euronext Paris - Multi-currency Trading;JPY;LU;OUI;-;Euronext;2026-08-04;BBG00KK8G7H4;TPXY;AMUNDI JAP TOPIX UC-JPY;ETP;FP;OK
LU1681037864;AMUETFTPXHIMETFP;TPXH;ETF;ETF Plus | Euronext Paris;EUR;LU;OUI;-;Euronext;2026-08-04;BBG00KK8G766;TPXH;AMUNDI JAPTPIX EUR H;ETP;FP;OK
LU1681037948;AMUNDI TPX USD HD;TPHU;ETF;Euronext Paris - Multi-currency Trading;USD;LU;OUI;-;Euronext;2026-08-04;BBG00KK8G7M8;TPHU;AMUNDI JAP TOPIX UC-USD;ETP;FP;OK
LU1681038086;AMUNDI TPX GBP HD;TPHG;ETF;Euronext Paris - Multi-currency Trading;GBP;LU;OUI;-;Euronext;2026-08-04;BBG00KK8G7S2;TPHG;AMUNDI JAP TOPIX UC-GBP;ETP;FP;OK
LU1681038169;AMUNDI TPX CHF DH;TPHC;ETF;Euronext Paris - Multi-currency Trading;CHF;LU;OUI;-;Euronext;2026-08-04;BBG00KK8G7X6;TPHC;AMUNDI JAP TOPIX UC-CHF;ETP;FP;OK
LU1681038243;AMUETFND100ETFP;ANX;ETF;ETF Plus | Euronext Paris;EUR;LU;OUI;-;Euronext;2026-08-04;BBG00KK8GB85;ANX;AM NASDAQ-100 SP ETF EUR ACC;ETP;FP;OK
LU1681038326;AMUNDI ETF NDX-B;ANXU;ETF;Euronext Paris - Multi-currency Trading;USD;LU;OUI;-;Euronext;2026-08-04;BBG00KK8GBR4;ANXU;AM NASDAQ-100 SP ETF USD ACC;ETP;FP;OK
LU1681038599;AMUETFNDXHIMETFP;NDXH;ETF;ETF Plus | Euronext Paris;EUR;LU;OUI;-;Euronext;2026-08-04;BBG00KK8GBY6;NDXH;AM NSDQ-100 SP ETF EUR H ACC;ETP;FP;OK
LU1681038672;AMUETFRU2000ETFP;RS2K;ETF;ETF Plus | Euronext Paris;EUR;LU;OUI;-;Euronext;2026-08-04;BBG00KDJ1TQ6;RS2K;AMUNDI RUSSELL 2000 UCITS ET;ETP;FP;OK
LU1681038839;AMUNDI RUSSEL 2000;RS2U;ETF;Euronext Paris - Multi-currency Trading;USD;LU;OUI;-;Euronext;2026-08-04;BBG00KDJ1VC6;RS2U;AMUNDI RUSSELL 2000 UCITS ET;ETP;FP;OK
LU1681038912;AMUNDI JPXNK 400;JPNK;ETF;Euronext Paris;EUR;LU;OUI;-;Euronext;2026-08-04;BBG00KDJ20X0;JPNK;AMUNDI JPX-NIKKEI 400 UCITS;ETP;FP;OK
LU1681039050;AMUNDI JPXNK 400;JPNY;ETF;Euronext Paris - Multi-currency Trading;JPY;LU;OUI;-;Euronext;2026-08-04;BBG00KDJ24B6;JPNY;AMUNDI JPX-NIKKEI 400 UCITS;ETP;FP;OK
LU1681039134;AMUNDI JPNK EUR HD;JPHE;ETF;Euronext Paris;EUR;LU;OUI;-;Euronext;2026-08-04;BBG00KDJ24T7;JPHE;AMUNDI JPX-NIKKEI 400 UCITS;ETP;FP;OK
LU1681039217;AMUNDI JPNK USD HD;JPHU;ETF;Euronext Paris - Multi-currency Trading;USD;LU;OUI;-;Euronext;2026-08-04;BBG00KDJ2514;JPHU;AMUNDI JPX-NIKKEI 400 UCITS;ETP;FP;OK
LU1681039308;AMUNDI JPNK GBP HD;JPHG;ETF;Euronext Paris - Multi-currency Trading;GBP;LU;OUI;-;Euronext;2026-08-04;BBG00KDJ2578;JPHG;AMUNDI JPX-NIKKEI 400 UCITS;ETP;FP;OK
LU1681039480;AMUETFEPRNEUETFP;EPRE;ETF;ETF Plus | Euronext Paris;EUR;LU;OUI;-;Euronext;2026-08-04;BBG00KVGM064;EPRE;AMUNDI FTSE EPRA EUR RL EST;ETP;EO;OK
LU1681039647;AMUETFCC4IMETFP;CC4;ETF;ETF Plus | Euronext Paris;EUR;LU;OUI;ESG ETF art. 8;Euronext;2026-08-04;BBG00KH71NF3;TCC4;AMUNDI EUR CORP BOND EUR C;ETP;GR;OK
LU1681040223;AMUNDI ETF STOX600;C6E;ETF;Euronext Paris;EUR;LU;OUI;ESG ETF art. 8;Euronext;2026-08-04;BBG00KK8FVY3;C6E;AMUNDI STOXX EUROPE 600 ESG;ETP;FP;OK
LU1681040496;AMUETFAHYEIMETFP;AHYE;ETF;ETF Plus | Euronext Paris;EUR;LU;OUI;ESG ETF art. 8;Euronext;2026-08-04;BBG00KH71NX3;AHYE;AMUNDI EURO HIGH YIELD BOND;ETP;GR;OK
LU1681040900;AMUETFHFRNIMETFP;USFRN;ETF;ETF Plus | Euronext Paris - Multi-currency Trading;EUR;LU;OUI;ESG ETF art. 8;Euronext;2026-08-04;BBG00KH71PL1;FRNU;AMUNDI USD FLOATING RATE COR;ETP;GR;OK
LU1681041031;AMUETFHFRNIMETFP;HFRN;ETF;ETF Plus | Euronext Paris;EUR;LU;OUI;ESG ETF art. 8;Euronext;2026-08-04;BBG00KH71Q11;FRNH;AMUNDI FLOAT RATE USD CP-C;ETP;GR;OK
LU1681041114;AMUETFAFRNIMETFP;AFRN;ETF;ETF Plus | Euronext Paris;EUR;LU;OUI;ESG ETF art. 8;Euronext;2026-08-04;BBG00KH71P40;FRNE;AMUNDI EUR FLOAT RATE CORP B;ETP;GR;OK
LU1681041205;AMUETFAGEBIMETFP;AGEB;ETF;ETF Plus | Euronext Paris - Multi-currency Trading;EUR;LU;OUI;-;Euronext;2026-08-04;BBG00KSP3MR8;AGEB;AMUNDI GBL EM BONDS IBOX ETF;ETP;EO;OK
LU1681041460;AMUNDI MSCI EURMOM;MCEU;ETF;Euronext Paris;EUR;LU;OUI;-;Euronext;2026-08-04;BBG00KDJ2694;MCEU;AMUNDI MSCI EUROPE MOM FACT;ETP;FP;OK
LU1681041544;AMUNDI ETF EUR MID;CEM;ETF;Euronext Paris;EUR;LU;OUI;ESG ETF art. 8;Euronext;2026-08-04;BBG00KVGNQP5;X13N;AMUNDI MSCI EUR SMC ESG CLIM;ETP;GR;OK
LU1681041890;AMUETFQCEUIMETFP;QCEU;ETF;ETF Plus | Euronext Paris;EUR;LU;OUI;-;Euronext;2026-08-04;BBG00KDJ25T4;QCEU;AMUNDI MSCI EURP QLT FCT ETF;ETP;FP;OK
LU1681041973;AMUNDI ETF EU HDVD;CD9;ETF;Euronext Paris;EUR;LU;OUI;-;Euronext;2026-08-04;BBG00KVGM652;CD9;AMUNDI MSCI ERP HI DIV-C;ETP;FP;OK
LU1681042435;AMUNDI ETF EU GROW;CG9;ETF;Euronext Paris;EUR;LU;OUI;-;Euronext;2026-08-04;BBG00KVGMYH8;CG9;AMUNDI MSCI EUROPE GROWTH;ETP;EO;OK
LU1681042518;AMUETFVCEUIMETFP;VCEU;ETF;ETF Plus | Euronext Paris;EUR;LU;OUI;-;Euronext;2026-08-04;BBG00KK8G8J0;CV9;AMUNDI MSCI ERP VALUE FACTOR;ETP;FP;OK
LU1681042609;AMUETFCEUIMETFP;CEU;ETF;ETF Plus | Euronext Paris | Euronext Amsterdam - Multi-currency Trading;EUR;LU;OUI;ESG ETF art. 8;Euronext;2026-08-04;BBG00KDHZDR7;CEU;AMUNDI MSCI EU ESG BROAD;ETP;FP;OK
LU1681042864;AMUETFMXUSIMETFP;CU2;ETF;ETF Plus | Euronext Paris;EUR;LU;OUI;ESG ETF art. 8;Euronext;2026-08-04;BBG00KK8G9Q0;CU2;AMUNDI PEA MSCI USA ESG SEL;ETP;FP;OK
LU1681042948;AMUNDI ETF USA-B;CU2U;ETF;Euronext Paris - Multi-currency Trading;USD;LU;OUI;ESG ETF art. 8;Euronext;2026-08-04;BBG00KK8G9Z0;CU2U;AMU PE MS US ES SE UC ET-USD;ETP;FP;OK
LU1681043086;AMUETFCI2IMETFP;CI2;ETF;ETF Plus | Euronext Paris;EUR;LU;OUI;-;Euronext;2026-08-04;BBG00KK8G8N5;CI2;AM MSCI IN SP II ETF EUR ACC;ETP;FP;OK
LU1681043169;AMUNDI ETF INDIA-B;CI2U;ETF;Euronext Paris - Multi-currency Trading;USD;LU;OUI;-;Euronext;2026-08-04;BBG00KK8G9B6;CI2U;AM MSCI IN SP II ETF USD ACC;ETP;FP;OK
LU1681043599;AMUETFMXWOETFP;CW8;ETF;ETF Plus | Euronext Paris;EUR;LU;OUI;-;Euronext;2026-08-04;BBG00KK8D6J7;CW8;AM MSCI WORLD SP ETF EUR ACC;ETP;FP;OK
LU1681043672;AMUNDI ETF WORLD-B;CW8U;ETF;Euronext Paris - Multi-currency Trading;USD;LU;OUI;-;Euronext;2026-08-04;BBG00KK8CJF4;CW8U;AM MSCI WORLD SP ETF USD ACC;ETP;FP;OK
LU1681043912;AMUETFMSCHETFP;CC1;ETF;ETF Plus | Euronext Paris;EUR;LU;OUI;ESG ETF art. 8;Euronext;2026-08-04;BBG00KK8G828;CC1;AMUN MC TECH UCITS ETF-EUR C;ETP;FP;OK
LU1681044050;AMUNDI ETF CHINA-B;CC1U;ETF;Euronext Paris - Multi-currency Trading;USD;LU;OUI;ESG ETF art. 8;Euronext;2026-08-04;BBG00KK8G864;CC1U;AMUN MC T ESG UCIT ETF-USD C;ETP;FP;OK
LU1681044308;AMUNDI ETF EU X SW;CS9;ETF;Euronext Paris;EUR;LU;OUI;ESG ETF art. 8;Euronext;2026-08-04;BBG00KBC1CN3;CS9;AMUNDI MSCI EUROPE EX SWITZE;ETP;FP;OK
LU1681044480;AMUETFEMAEIMETFP;AASI;ETF;ETF Plus | Euronext Paris;EUR;LU;OUI;-;Euronext;2026-08-04;BBG00KDJ1PY5;AASI;AMUNDI MSCI EM ASIA UCITS ET;ETP;FP;OK
LU1681044563;AMUNDI ETF EM AS U;AASU;ETF;Euronext Paris - Multi-currency Trading;USD;LU;OUI;-;Euronext;2026-08-04;BBG00KDJ1PV8;AASU;AMUNDI MSCI EM ASIA UCITS;ETP;FP;OK
LU1681044647;AMUETFCN1IMETFP;CN1;ETF;ETF Plus | Euronext Paris;EUR;LU;OUI;-;Euronext;2026-08-04;BBG00KDJ1N16;CN1;AMUNDI MSCI NORDIC UCITS;ETP;FP;OK
LU1681044720;AMUNDI ETF MS SWI;CSW;ETF;Euronext Paris;EUR;LU;OUI;-;Euronext;2026-08-04;BBG00KDJ1QW5;CSW;AMUNDI ETF MSCI SWITZERLAND;ETP;FP;OK
LU1681044993;AMUNDI MSCI SWITZ;CSWC;ETF;Euronext Paris - Multi-currency Trading;CHF;LU;OUI;-;Euronext;2026-08-04;BBG00KDJ1S33;CSWC;AMUNDI ETF MSCI SWITZERLAND;ETP;FP;OK
LU1681045024;AMUETFATAMIMETFP;ALAT;ETF;ETF Plus | Euronext Paris;EUR;LU;OUI;-;Euronext;2026-08-04;BBG00KDJ1QP3;ALAT;AMUNDI MSCI EM LATIN AME ETF;ETP;FP;OK
LU1681045297;AMUNDI ETF EM LA U;ALAU;ETF;Euronext Paris - Multi-currency Trading;USD;LU;OUI;-;Euronext;2026-08-04;BBG00KDJ1QF4;ALAU;AMUNDI MSCI EM LATIN AME ETF;ETP;FP;OK
LU1681045370;AMUETFMSEMMAETFP;AEEM;ETF;ETF Plus | Euronext Paris;EUR;LU;OUI;-;Euronext;2026-08-04;BBG00KK8FWK6;AEEM;AM MSCI EMS SWAP ETF EUR ACC;ETP;FP;OK
LU1681045453;AMUNDI ETF MS EM B;AUEM;ETF;Euronext Paris - Multi-currency Trading;USD;LU;OUI;-;Euronext;2026-08-04;BBG00KK8FWW3;AUEM;AM MSCI EMS SWAP ETF USD ACC;ETP;FP;OK
LU1681045537;AMUNDI ETF W EX EU;CE8;ETF;Euronext Paris;EUR;LU;OUI;-;Euronext;2026-08-04;BBG00KK8FW80;CE8;AMUNDI  MSCI WORLD EX EUR;ETP;FP;OK
LU1681046006;AMUETFXDW0IMETFP;CWE;ETF;ETF Plus | Euronext Paris;EUR;LU;OUI;ESG ETF art. 8;Euronext;2026-08-04;BBG00KVGP3V7;CWE;AMUNDI INDEX SOLUTIONS - MSC;ETP;EO;OK
LU1681046188;AMUNDI MSCIWL ENYU;CWEU;ETF;Euronext Paris - Multi-currency Trading;USD;LU;OUI;ESG ETF art. 8;Euronext;2026-08-04;BBG00KVGPFQ6;CWEUSD;AMUN GL B ESG UCIT ETF-USD C;ETP;SW;OK
LU1681046261;AMUETFCB3IMETFP;CB3;ETF;ETF Plus | Euronext Paris;EUR;LU;OUI;-;Euronext;2026-08-04;BBG00KH71BW0;CB3G;AMUNDI EURO GOV TILT GRN BON;ETP;GR;OK
LU1681046345;AMUETFX13GIMETFP;X13G;ETF;ETF Plus | Euronext Paris;EUR;LU;OUI;-;Euronext;2026-08-04;BBG00KH71MZ3;X13G;AM EURO LR IG GV BD 1-3Y ACC;ETP;GR;OK
LU1681046691;AMUETFAM3AIMETFP;AM3A;ETF;ETF Plus | Euronext Paris;EUR;LU;OUI;-;Euronext;2026-08-04;BBG00KSP3XP6;AM3A;AM EURO GV BND HR IG ETF ACC;ETP;EO;OK
LU1681046774;AMUETFX1GIMETFP;X1G;ETF;ETF Plus | Euronext Paris;EUR;LU;OUI;-;Euronext;2026-08-04;BBG00KH71MH3;KX1G;AM EURO LR IG GOV BD ETF ACC;ETP;GR;OK
LU1681046857;AMUNDI LW RATED D;X1GD;ETF;Euronext Paris;EUR;LU;OUI;-;Euronext;2026-08-04;BBG00KH71SH0;X1GD;AM EURO LR IG GV BD ETF DIST;ETP;SW;OK
LU1681046931;AMUETFC40IMETFP;C40;ETF;ETF Plus | Euronext Paris;EUR;LU;OUI;ESG ETF art. 8;Euronext;2026-08-04;BBG00KVHDNC5;C40;AMUNDI CAC 40 ESG UCITS E-UE;ETP;FP;OK
LU1681047079;AMUNDIETF CAC40(D);C4D;ETF;Euronext Paris;EUR;LU;OUI;ESG ETF art. 8;Euronext;2026-08-04;BBG00KVHFLL7;C4D;AMUNDI CAC 40 ESG UCITS E-UE;ETP;FP;OK
LU1681047236;AMUETFEUS50ETFP;C50;ETF;ETF Plus | Euronext Paris;EUR;LU;OUI;-;Euronext;2026-08-04;BBG00KVHG8F2;C50;AM CR EUR STX 50 ETF EUR ACC;ETP;FP;OK
LU1681047319;AMUNDI ETF ES50 D;CD5;ETF;Euronext Paris;EUR;LU;OUI;-;Euronext;2026-08-04;BBG00KVHHLT7;CD5;AM CR EURO ST 50 ETF EUR DIS;ETP;FP;OK
LU1681047400;AMUNDI ES50 USD;C50U;ETF;Euronext Paris - Multi-currency Trading;USD;LU;OUI;-;Euronext;2026-08-04;BBG00KVHHNC1;C50U;AM CR EUR STX 50 ETF USD ACC;ETP;FP;OK
LU1681047665;AMUNDI JPNK CHF HD;JPHC;ETF;Euronext Paris - Multi-currency Trading;CHF;LU;OUI;-;Euronext;2026-08-04;BBG00KDJ25G8;JPHC;AMUNDI JPX-NK 400 HGD CH ETF;ETP;FP;OK
LU1681048127;AMUETFB500IMETFP;B500;ETF;ETF Plus | Euronext Paris;EUR;LU;OUI;-;Euronext;2026-08-04;BBG00KVGM830;BYBE;AMUNDI S&P 500 BUYBACK;ETP;FP;OK
LU1681048556;AMUNDI S&P BBck US;BYBU;ETF;Euronext Paris - Multi-currency Trading;USD;LU;OUI;-;Euronext;2026-08-04;BBG00KVGRDQ9;BYBU;AMUNDI S&P 500 BUYBACK;ETP;FP;OK
LU1681048630;AMUETFGLUXIMETFP;GLUX;ETF;ETF Plus | Euronext Paris;EUR;LU;OUI;-;Euronext;2026-08-04;BBG00KVGM8F7;GLUX;AM GLOBAL LUXURY ETF EUR ACC;ETP;FP;OK
LU1681048713;AMUNDI G LUX USD;LUXU;ETF;Euronext Paris - Multi-currency Trading;USD;LU;OUI;-;Euronext;2026-08-04;BBG00KVGRRY9;LUXU;AM GLOBAL LUXURY ETF USD ACC;ETP;FP;OK
LU1681048804;AMUETFSP500TETFP;A500;ETF;ETF Plus | Euronext Paris;EUR;LU;OUI;-;Euronext;2026-08-04;BBG00KDJ1SY9;500;AM S&P 500 SWAP ETF EUR ACC;ETP;FP;OK
LU1681049018;AMUNDI ETF SP500;500E;ETF;Euronext Amsterdam | Euronext Paris - Multi-currency Trading;EUR;LU;OUI;-;Euronext;2026-08-04;BBG00KDJ1T40;500U;AM S&P 500 SWAP ETF USD ACC;ETP;FP;OK
LU1681049109;AMUETF500HITETFP;500H;ETF;ETF Plus | Euronext Paris;EUR;LU;OUI;-;Euronext;2026-08-04;BBG00KDJ1TF8;500H;AM S&P 500 SWP ETF EUR H ACC;ETP;FP;OK
LU1686830909;LYXETFMKTBIMETFP;EMKTB;ETF;ETF Plus;EUR;LU;OUI;-;Euronext;2026-08-04;BBG00MCDSDQ2;LYQS;AMUNDI JP MORGAN USD EM BOND;ETP;TH;OK
LU1686831030;LYXETFEMBHIMETFP;EMBHI;ETF;ETF Plus;EUR;LU;OUI;-;Euronext;2026-08-04;BBG01LF0CN01;EMBHI;AM USD EM G BD ETF EUR H DIS;ETP;IM;OK
LU1686832194;AMUNDI LY DURA 25Y;MTH;ETF;Euronext Paris;EUR;LU;OUI;-;Euronext;2026-08-04;BBG00MFJTMV9;MTH;AMUNDI EUR GOV BOND 25+Y ACC;ETP;FP;OK
LU1691909508;AMUNDI GENDER EQUA;ELLE;ETF;Euronext Paris;EUR;LU;OUI;ESG ETF art. 8;Euronext;2026-08-04;BBG00J4V3DC0;ELLE;AMUNDI GLOBAL GENDEREQUALITY;ETP;FP;OK
LU1708330235;AMUETFGOVHIMETFP;GOVH;ETF;ETF Plus | Euronext Paris;EUR;LU;OUI;-;Euronext;2026-08-04;BBG00JDSW015;GOVH;AM CR GL GV BD ETF EUR H ACC;ETP;FP;OK
LU1708330318;AMUETFGAGHIMETFP;GAGH;ETF;ETF Plus | Euronext Paris;EUR;LU;OUI;-;Euronext;2026-08-04;BBG00JGD5V62;GAGHEUR;AMUNDI BARCLAYS GL AG 500-EH;ETP;X2;OK
LU1720938841;UBSETFMLOCIMETFP;EMLOC;ETF;ETF Plus;EUR;LU;OUI;-;Euronext;2026-08-04;BBG00LTR8K72;EMLOC;UBS ETF EM MF ENH L CCY BOND;ETP;SW;OK
LU1737652583;AMUETFGEASIMETFP;AEMD;ETF;ETF Plus;EUR;LU;OUI;-;Euronext;2026-08-04;BBG00JQ2VH76;AEMD;AM CR MSCI EMS ETF EUR DIST;ETP;GR;OK
LU1737653714;AMUETFMTIGIMETFP;MTIG;ETF;ETF Plus;EUR;LU;OUI;-;Euronext;2026-08-04;BBG00JQ2W6L3;10AL;AM CR EURO GOV BND ETF DIST;ETP;GR;OK
LU1753045332;BNP EU SRI PAB EC;SRIEC;ETF;Euronext Paris;EUR;LU;OUI;ESG ETF art. 9;Euronext;2026-08-04;BBG00NKZCFB0;SRIEC;BNP PARIBAS EASY EUR PB-UEUA;ETP;FP;OK
LU1753045415;BNP EU SRI PAB ED;SRIE;ETF;Euronext Paris | ETF Plus;EUR;LU;OUI;ESG ETF art. 9;Euronext;2026-08-04;BBG00KB1CC00;SRIE;BNP PARIBAS EASY EUR PB-UEEI;ETP;FP;OK
LU1753045845;BNP JP SRI PAB EC;SRIJC;ETF;Euronext Paris;EUR;LU;OUI;ESG ETF art. 9;Euronext;2026-08-04;BBG00NKZCHN3;SRIJC;BNP PAR EASY MSCI JAP SRI-UA;ETP;FP;OK
LU1753045928;BNP JP SRI PAB ED;SRIJ;ETF;Euronext Paris | ETF Plus;EUR;LU;OUI;ESG ETF art. 9;Euronext;2026-08-04;BBG00KB217Q3;SRIJ;BNP PAR EASY MSCI JAP SRI-UI;ETP;FP;OK
LU1769738383;COMPAM FUND GLOBAL;COMGFB;OPCVM;ATFund Instruments;EUR;LU;OUI;;Euronext;2026-08-04;BBG00K5TS210;CAMGFBQ;COMPAM FD-GLOBAL FLX BLEND-Q;Open-End Fund;LX;OK
LU1778293313;AMUNDI G AG500 UH;GAHU;ETF;Euronext Paris - Multi-currency Trading;USD;LU;OUI;-;Euronext;2026-08-04;BBG00K9MFTQ9;GAHU;AM CR GLB A BD ETF USD H ACC;ETP;FP;OK
LU1781541252;Lyxor Core Japan;LCJP;ETF;Euronext Amsterdam - Multi-currency Trading | ETF Plus;JPY;LU;OUI;-;Euronext;2026-08-04;BBG00KB09CJ6;LCUJ;AM CR MSCI JAPAN U ETF ACC;ETP;GR;OK
LU1781541849;MULETFEMAEIMETFP;LCAS;ETF;ETF Plus;EUR;LU;OUI;-;Euronext;2026-08-04;BBG00KG1BHM1;LCUA;AM MSCI EM ASIA ESG BROAD A;ETP;GR;OK
LU1783934646;COMPAM FUND A G EQ;COMGEQ;OPCVM;ATFund Instruments;EUR;LU;OUI;;Euronext;2026-08-04;BBG00K5TS1Z5;COMAGEQ;COMPAM FD-CRWLTH EQTY-Q EUAC;Open-End Fund;LX;OK
LU1804202403;UBSETFEUFMIMETFP;EUFM;ETF;ETF Plus;EUR;LU;OUI;-;Euronext;2026-08-04;BBG00L8NMNR0;EUFM;UBS ETF MSCI EMU SEL FACTOR;ETP;IM;OK
LU1805389258;UBSETFE15SIMETFP;E15S;ETF;ETF Plus;EUR;LU;OUI;ESG ETF art. 8;Euronext;2026-08-04;BBG00L2LHKY4;UIQL;UBS CR BBG EA LC UCIT ET-EUD;ETP;GR;OK
LU1805389506;UBSETFI33251ETFP;EUC;ETF;ETF Plus;EUR;LU;OUI;-;Euronext;2026-08-04;BBG01VZ53Z09;SUSE5A;UBS CR BBG EA LC UCIT ET-EUA;ETP;SW;OK
LU1806495575;AMUETFUCRPIMETFP;UCRP;ETF;ETF Plus | Euronext Paris - Multi-currency Trading;EUR;LU;OUI;ESG ETF art. 8;Euronext;2026-08-04;BBG00KVFXPR6;UCRP;AM USD CORP BOND ESG C;ETP;FP;OK
LU1812090543;AMUNDI EUR H YIELD;YIEL;ETF;Euronext Paris | ETF Plus;EUR;LU;OUI;ESG ETF art. 8;Euronext;2026-08-04;BBG00MCDMXZ4;YIEL;AMUNDI EURO HY CORP BND ESGI;ETP;FP;OK
LU1812091194;Amundi FTSE Epra;MEH;ETF;Euronext Paris | ETF Plus;EUR;LU;OUI;-;Euronext;2026-08-04;BBG00MM6YC90;MEH;AMUNDI FTSE EPRA EUR RL EST;ETP;FP;OK
LU1812092168;AMUNDI STX EU SDIV;SEL;ETF;Euronext Paris | ETF Plus;EUR;LU;OUI;-;Euronext;2026-08-04;BBG00MM7ZKF2;SELP;AMDI STOXX EUR DIV 30;ETP;IX;OK
LU1829218749;AMUNDI BBG Eql wgt;COMO;ETF;Euronext Paris | ETF Plus;EUR;LU;OUI;-;Euronext;2026-08-04;BBG00N8SF7Q9;COMO;AM BB EQ-W COM EX-AGRI-ETF A;ETP;FP;OK
LU1829218822;AMUNDI ESG CRPEXFN;CNB;ETF;Euronext Paris | ETF Plus;EUR;LU;OUI;ESG ETF art. 8;Euronext;2026-08-04;BBG00MCDMVX0;CNB;AMUNDI EUR CORPORATE BOND EX;ETP;FP;OK
LU1829219127;AMUNDI ESG EUR CRP;CRP;ETF;Euronext Paris | ETF Plus;EUR;LU;OUI;ESG ETF art. 8;Euronext;2026-08-04;BBG00MCDMPC6;CRP;AM EUR CO BD CPA ETF A;ETP;FP;OK
LU1829219390;AMUNDI EUR STXBNK;BNKE;ETF;Euronext Paris | ETF Plus;EUR;LU;OUI;-;Euronext;2026-08-04;BBG00MFJSPZ9;BNKE;AM EURO STOXX BANKS-ETF ACC;ETP;FP;OK
LU1829219556;AMUNDI EMTS BD 13Y;MA13;ETF;Euronext Paris | ETF Plus;EUR;LU;OUI;-;Euronext;2026-08-04;BBG00MFJSV40;MA13;AM EU HR M-W G BD 1-3Y-ETF A;ETP;FP;OK
LU1829219713;AMUNDI EMTS BD 35Y;MA35;ETF;Euronext Paris | ETF Plus;EUR;LU;OUI;-;Euronext;2026-08-04;BBG00MFJT3J5;MA35;AM EU HR M-W G BD 3-5Y-ETF A;ETP;FP;OK
LU1829220216;AMUNDI ALL CNTYWLD;ACWI;ETF;Euronext Paris | ETF Plus;EUR;LU;OUI;-;Euronext;2026-08-04;BBG00MFJTVX7;ACWI;AM MSCI ALL C WRLD-ETF E ACC;ETP;FP;OK
LU1829221024;AMUNDI NASDAQ 100;UST;ETF;Euronext Paris | ETF Plus;EUR;LU;OUI;-;Euronext;2026-08-04;BBG00N24TG10;UST;AM CR NASDAQ-100 SWP ETF ACC;ETP;FP;OK
LU1832418773;AMUNDI EPRA G DEV;MWO;ETF;Euronext Paris | ETF Plus;EUR;LU;OUI;-;Euronext;2026-08-04;BBG00MGZPXN1;MWOP;AM FTSE EPRA NRIT GLB II DIS;ETP;EB;OK
LU1834983477;AMUNDI STX EU BANK;BNK;ETF;Euronext Paris | ETF Plus;EUR;LU;OUI;-;Euronext;2026-08-04;BBG00N24ZMB9;BNK;AMUNDI EURSTX600 BANKS;ETP;FP;OK
LU1834983550;AMUNDI ST EU BA RE;BRES;ETF;Euronext Paris | ETF Plus;EUR;LU;OUI;-;Euronext;2026-08-04;BBG00N250335;BRES;AMUNDI STX600 BASIC RSRCES;ETP;FP;OK
LU1834983634;AMUNDI STX600 BMAT;CHM;ETF;Euronext Paris | ETF Plus;EUR;LU;OUI;-;Euronext;2026-08-04;BBG00N6LBK36;CHM;AMUNDI STX600 BASIC MATE ACC;ETP;FP;OK
LU1834985845;AMUNDI STX600 CONS;FOO;ETF;Euronext Paris | ETF Plus;EUR;LU;OUI;-;Euronext;2026-08-04;BBG00N24XJS0;FOO;AMUNDI STX600 CONS STAPL ACC;ETP;FP;OK
LU1834986900;AMUNDI ST EU HLTHC;HLT;ETF;Euronext Paris | ETF Plus;EUR;LU;OUI;-;Euronext;2026-08-04;BBG00N24Y8B1;HLT;AMUNDI EURSTX600 HEALTHCARE;ETP;FP;OK
LU1834987890;AMUNDI STX600 INDU;IND;ETF;Euronext Paris | ETF Plus;EUR;LU;OUI;-;Euronext;2026-08-04;BBG00N6LB593;IND;AMUNDI STX600 INDUSTRIAL ACC;ETP;FP;OK
LU1834987973;AMUNDI STX 600 INS;INS;ETF;Euronext Paris | ETF Plus;EUR;LU;OUI;-;Euronext;2026-08-04;BBG00N6LB8V2;INS;AMUNDI EURSTX600 INSURANCE;ETP;FP;OK
LU1834988278;AMUNDI ST EU ENERG;ENRG;ETF;Euronext Paris | ETF Plus;EUR;LU;OUI;ESG ETF art. 8;Euronext;2026-08-04;BBG00N24Z1L4;ENRG;AMUNDI STOXX EUROPE 600 ENER;ETP;FP;OK
LU1834988518;AMUNDI STX EU TECH;TNO;ETF;Euronext Paris | ETF Plus;EUR;LU;OUI;-;Euronext;2026-08-04;BBG00N24VDJ5;TNO;AMUNDI EURSTX600 TECHNLG;ETP;FP;OK
LU1834988609;AMUNDI STX EU TELE;TELE;ETF;Euronext Paris | ETF Plus;EUR;LU;OUI;-;Euronext;2026-08-04;BBG00N24W1L7;TELE;AMUNDI EURSTX600 TELECOM;ETP;FP;OK
LU1834988781;AMUNDI STX600 TRAV;TRV;ETF;Euronext Paris | ETF Plus;EUR;LU;OUI;-;Euronext;2026-08-04;BBG00N6LB2W4;TRV;AMUNDI STX EUR600 CODIS ACC;ETP;FP;OK
LU1834988864;AMUNDI ST EU UTILI;UTI;ETF;Euronext Paris | ETF Plus;EUR;LU;OUI;-;Euronext;2026-08-04;BBG00N24WSK9;UTI;AMUNDI EURSTX600 UTILITIES;ETP;FP;OK
LU1841731745;MULETFXCS6IMETFP;LCCN;ETF;ETF Plus | Euronext Paris;EUR;LU;OUI;-;Euronext;2026-08-04;BBG00MF95SR9;LCCN;AMUNDI MSCI CHINA-ETF ACC;ETP;LN;OK
LU1847674733;Os BLM (EUR);OP2E;ETF;Euronext Paris;EUR;LU;OUI;ESG ETF art. 9;Euronext;2026-08-04;BBG00LT0HRF7;OP2E;OSSIAM BLOOMBERG EUROZONE PA;ETP;GR;OK
LU1852211215;UBSETFMDBAIMETFP;MDBA;ETF;ETF Plus;EUR;LU;OUI;ESG ETF art. 8;Euronext;2026-08-04;BBG00MF3VFM6;MDBA;UBS SUST DEV BB HAUDACC;ETP;GR;OK
LU1852211991;UBSETFMDBEIMETFP;MDBE;ETF;ETF Plus;EUR;LU;OUI;ESG ETF art. 8;Euronext;2026-08-04;BBG00NZHQBJ0;MDBE;UBS ETF SUST DV BK BD H-EURA;ETP;SW;OK
LU1859444769;BNPETFSRICIMETFP;SRIC;ETF;ETF Plus | Euronext Paris;EUR;LU;OUI;ESG ETF art. 8;Euronext;2026-08-04;BBG00N13PF28;SRIC;BNP PARIBAS EASY EUR CORP-UA;ETP;FP;OK
LU1861132840;AMUETFGOAIIMETFP;GOAI;ETF;ETF Plus | Euronext Paris | Euronext Amsterdam - Multi-currency Trading;EUR;LU;OUI;ESG ETF art. 8;Euronext;2026-08-04;BBG00LTP06C9;GOAI;AMUNDI MS R&AI ESG UCITS ETF;ETP;FP;OK
LU1861137484;AMUETFUSRII3ETFP;EUSRI;ETF;ETF Plus | Euronext Paris;EUR;LU;OUI;ESG ETF art. 8;Euronext;2026-08-04;BBG00LVCWG65;EUSRI;AMUNDI MSCI EUROPE SRI P-A;ETP;FP;OK
LU1861138961;AMUETFMSRIIMETFP;EMSRI;ETF;ETF Plus | Euronext Paris;EUR;LU;OUI;ESG ETF art. 8;Euronext;2026-08-04;BBG00N1259B6;EMSRI;AM I MSCI EM M SRI CPA;ETP;FP;OK
LU1867072495;SAFE SICAV-ELECTRI;PHSEMN;OPCVM;ATFund Instruments;EUR;LU;OUI;;Euronext;2026-08-04;BBG00N6LHR62;PHELMNQ;SC SICAV-ELEC MOBIL VL NIC-Q;Open-End Fund;LX;OK
LU1867072735;PHARUS ASIAN VALUE;PHSAN;OPCVM;ATFund Instruments;EUR;LU;OUI;;Euronext;2026-08-04;BBG00N6LHR35;PHASNCQ;PHARUS-ASIAN NICHE-Q;Open-End Fund;LX;OK
LU1868872802;PHARUS BEST REG. C;PHSTED;OPCVM;ATFund Instruments;EUR;LU;OUI;;Euronext;2026-08-04;BBG00NRF4NM7;PHTEDVQ;PHARUS SV-BEST REGUL COMP-QD;Open-End Fund;LX;OK
LU1875395870;XTRETFN225NTETFP;XDJE;ETF;ETF Plus;EUR;LU;OUI;-;Euronext;2026-08-04;BBG00M6N9KQ2;XDJE;X NIKKEI 225 2D EUR;ETP;GR;OK
LU1900065811;AMUNDI ETF MSCIIND;INDO;ETF;Euronext Paris | ETF Plus;EUR;LU;OUI;-;Euronext;2026-08-04;BBG00NJ40WC6;INDO;AMUNDI MSCI INDONESIA-ETF A;ETP;FP;OK
LU1900066033;AMUNDI MSCI SEMICO;CHIP;ETF;Euronext Paris | ETF Plus;EUR;LU;OUI;ESG ETF art. 8;Euronext;2026-08-04;BBG00N8SFJD7;CHIP;AMUNDI MSCI SEMICONDUCTORS E;ETP;FP;OK
LU1900066207;AMUNDI MSCI BRAZIL;RIO;ETF;Euronext Paris | ETF Plus;EUR;LU;OUI;-;Euronext;2026-08-04;BBG00NJ40T15;RIO;AMUNDI MSCI BRAZIL-ETF ACC;ETP;FP;OK
LU1900066462;AMUNDI ETF EASTERN;CEC;ETF;Euronext Paris | ETF Plus;EUR;LU;OUI;-;Euronext;2026-08-04;BBG00NJ40Q11;CEC;AM MSCI EAST EUR EX RU-ETF A;ETP;FP;OK
LU1900066975;AMUNDI MSCI Korea;KRW;ETF;Euronext Paris | ETF Plus;EUR;LU;OUI;-;Euronext;2026-08-04;BBG00N8SFHM1;KRW;AMUNDI MSCI KOREA-ETF A;ETP;FP;OK
LU1900067601;AMUNDI MSCI TURKEY;TUR;ETF;Euronext Paris | ETF Plus;EUR;LU;OUI;-;Euronext;2026-08-04;BBG00NJ40RH2;TUR;AMUNDI MSCI TURKEY-ETF A;ETP;FP;OK
LU1900067940;MULETFHKIMETFP;HK;ETF;ETF Plus;EUR;LU;OUI;ESG ETF art. 8;Euronext;2026-08-04;BBG00NB29814;LHKG;AM MSCI CH ESG SEL EX-U EU I;ETP;TH;OK
LU1900068161;AMUNDI ASIA EX JPN;APX;ETF;Euronext Paris | ETF Plus;EUR;LU;OUI;-;Euronext;2026-08-04;BBG00N8SFK99;APX;AM MSCI AC ASIA EX JPN-ETF A;ETP;FP;OK
LU1900068328;AMUNDI ASI PA EXJP;AEJ;ETF;Euronext Paris | ETF Plus;EUR;LU;OUI;-;Euronext;2026-08-04;BBG00N8SF8S5;AEJ;AM MSCI AC APAC EX JPN-ETF A;ETP;FP;OK
LU1900068914;AMUNDI CHINA ENTP;ASI;ETF;Euronext Paris | ETF Plus;EUR;LU;OUI;ESG ETF art. 8;Euronext;2026-08-04;BBG00N8SF716;ASI;AM MSCI CH ESG SEL EX-ETF A;ETP;FP;OK
LU1900069219;MULETFETFP;COMH;ETF;ETF Plus;EUR;LU;OUI;-;Euronext;2026-08-04;BBG00NQ97MK3;COMH;AM BB EQ-W E-AGRI-ETF E HG A;ETP;IM;OK
LU1910939849;MULETFGISTIMETFP;GIST;ETF;ETF Plus;EUR;LU;OUI;-;Euronext;2026-08-04;BBG00NKGGXC8;GIST;AM GL GOV ILB 1-10Y-ETF DIST;ETP;LN;OK
LU1910940268;MULETFGISEIMETFP;GISE;ETF;ETF Plus;EUR;LU;OUI;-;Euronext;2026-08-04;BBG0109PPYX5;GISE;AM G GOV ILB 1-10Y-ETF E HD;ETP;IM;OK
LU1920015366;XTRETFSEMUIMETFP;XEMU;ETF;ETF Plus;EUR;LU;OUI;-;Euronext;2026-08-04;BBG01THDVBS9;XEMU;X MSCI EMU 4C;ETP;GR;OK
LU1920015440;XTRETFJPEIBNETFP;XUEB;ETF;ETF Plus;EUR;LU;OUI;-;Euronext;2026-08-04;BBG00S007TZ8;XUEB;XTRKR II JPM US EMB ET-2C US;ETP;GR;OK
LU1923163676;AMUNDI FRN 1 3 GBP;AFRHG;ETF;Euronext Paris - Multi-currency Trading;GBP;LU;OUI;ESG ETF art. 8;Euronext;2026-08-04;BBG00N1285C0;AFRHG;AMUNDI FLOT R EUR COR 1-3;ETP;FP;OK
LU1923163759;AMUNDI FRN 1 3 USD;AFRHU;ETF;Euronext Paris - Multi-currency Trading;USD;LU;OUI;ESG ETF art. 8;Euronext;2026-08-04;BBG00N129ZN1;AFRHU;AMUNDI FLOT R EUR COR 1-3;ETP;FP;OK
LU1931974262;AMUETFTFEUIMETFP;ETFEU;ETF;ETF Plus;EUR;LU;OUI;-;Euronext;2026-08-04;BBG00N2PZ0G5;PR1E;AMUNDI PRI EUR UCITS ETF DR;ETP;GR;OK
LU1931974429;AMUETFTFEZIMETFP;ETFEZ;ETF;ETF Plus;EUR;LU;OUI;-;Euronext;2026-08-04;BBG00N2PY860;PR1Z;AMUNDI PRI EURZ UCITS ETF DR;ETP;GR;OK
LU1931974775;AMUETFFJAPIMETFP;ETFJAP;ETF;ETF Plus;EUR;LU;OUI;-;Euronext;2026-08-04;BBG00N2PZ271;PR1J;AMUNDI PRI JPN UCITS ETF DR;ETP;GR;OK
LU1931975079;AMUETFFCRPIMETFP;ETFCOR;ETF;ETF Plus;EUR;LU;OUI;-;Euronext;2026-08-04;BBG00N2PZ4K2;PR1C;AM CR EUR CORP BOND ETF DIST;ETP;GR;OK
LU1931975152;AMUETFFGOVIMETFP;ETFGOV;ETF;ETF Plus | Euronext Amsterdam - Multi-currency Trading;EUR;LU;OUI;-;Euronext;2026-08-04;BBG00N2PZ6Y2;PR1R;AM PRIM EURO GOV BD ETF DIST;ETP;GR;OK
LU1931975236;AMUETFTFGGIMETFP;ETFGG;ETF;ETF Plus;EUR;LU;OUI;-;Euronext;2026-08-04;BBG00N2PZ9B1;PR1G;AMUNDI PRI GLB GOV B ETF-DIS;ETP;GR;OK
LU1931975319;AMUETFFUSTIMETFP;ETFUST;ETF;ETF Plus;EUR;LU;OUI;-;Euronext;2026-08-04;BBG00N2PZ8B3;PR1S;AMU CR US TRE BD UCI ETF-DUI;ETP;GR;OK
LU1940199711;AMUNDI EUR ESGLEAD;ESGE;ETF;Euronext Paris | ETF Plus;EUR;LU;OUI;ESG ETF art. 8;Euronext;2026-08-04;BBG00N9XV342;ESGE;AM MSCI EU ESG SEL -ETF A;ETP;FP;OK
LU1940199984;AMUNDI MSCI EU ESG;ESGH;ETF;Euronext Paris | ETF Plus;EUR;LU;OUI;ESG ETF art. 8;Euronext;2026-08-04;BBG010WRK6P0;ESGH;AMUNDI MSCI ER ESG SLC-H EUR;ETP;FP;OK
LU1953136287;BNPP  BONDSRI ETF;SRICD;ETF;Euronext Paris;EUR;LU;OUI;ESG ETF art. 8;Euronext;2026-08-04;BBG015SNM6F2;ASRT;BNP PARIBAS EASY EUR CORP-UI;ETP;GR;OK
LU1953136527;BNPETFEUSEIMETFP;REUSE;ETF;ETF Plus | Euronext Paris;EUR;LU;OUI;ESG ETF art. 9;Euronext;2026-08-04;BBG00P15TZ02;REUSE;BNPEASY CIRCULAR ECONOMY ETF;ETP;FP;OK
LU1953137681;BNPETFUSRIIMETFP;MUSRI;ETF;ETF Plus | Euronext Paris;EUR;LU;OUI;ESG ETF art. 9;Euronext;2026-08-04;BBG00QGB8F99;MUSRI;BNP PAR EAS MSCI EMU SRI-EUR;ETP;FP;OK
LU1953188833;UBSETFNESGIMETFP;CINESG;ETF;ETF Plus;EUR;LU;OUI;ESG ETF art. 8;Euronext;2026-08-04;BBG00PT70WF0;UETC;UBS ETF MSCI CHINA UNI USDD;ETP;GR;OK
LU1954152853;MULETFNDXHIMETFP;USTH;ETF;ETF Plus;EUR;LU;OUI;-;Euronext;2026-08-04;BBG00Z48C006;BUNH;AM CR N 100 SP ETF EUR H ACC;ETP;GR;OK
LU1971906802;UBSETF0ESGIMETFP;E50ESG;ETF;ETF Plus;EUR;LU;OUI;ESG ETF art. 8;Euronext;2026-08-04;BBG00PT70596;UET5;UBS ETF EURS50 ESG EUR INC;ETP;GR;OK
LU1974693662;UBSETFEGOIMETFP;EGO;ETF;ETF Plus;EUR;LU;OUI;ESG ETF art. 8;Euronext;2026-08-04;BBG00QFL9SG1;ESGGB;UBS ETF GL GOV ESG LIQ ACC;ETP;SW;OK
LU1974694553;UBSETFEGEIMETFP;EGE;ETF;ETF Plus;EUR;LU;OUI;ESG ETF art. 8;Euronext;2026-08-04;BBG00SML6K88;EGE;UBS ETF GL GOV ESG LIQ EURHA;ETP;IM;OK
LU1974695790;UBSETFEMIGIMETFP;EMIG;ETF;ETF Plus;EUR;LU;OUI;ESG ETF art. 8;Euronext;2026-08-04;BBG00PT70MZ0;EMIG;UBS ETF EMIG SCR H-CHF ACC;ETP;GR;OK
LU1974696418;UBSETFMIGEIMETFP;EMIGE;ETF;ETF Plus;EUR;LU;OUI;ESG ETF art. 8;Euronext;2026-08-04;BBG00PT70S96;EMIE;UBS ETF EMIG ESG USD ACC;ETP;GR;OK
LU1981860072;AMUETFCO2EIMETFP;XCO2E;ETF;ETF Plus;EUR;LU;OUI;ESG ETF art. 8;Euronext;2026-08-04;BBG017SG1238;XCO2E;AMUNDI GLOBAL AGGREGATE PROC;ETP;IM;OK
LU2008760592;BNPETFRIC3IMETFP;SRIC3;ETF;ETF Plus | Euronext Paris;EUR;LU;OUI;ESG ETF art. 8;Euronext;2026-08-04;BBG00QDV2YZ4;SRIC3;BNPP ESY CBP PAB1-3Y UCS-EEI;ETP;FP;OK
LU2008761053;BNPETFRIC5IMETFP;SRIC5;ETF;ETF Plus | Euronext Paris;EUR;LU;OUI;ESG ETF art. 8;Euronext;2026-08-04;BBG00QGB0L03;SRIC5;BNP PARIBAS EASY EUR CORP-UI;ETP;FP;OK
LU2008763935;BNPETFREALIMETFP;GREAL;ETF;ETF Plus | Euronext Paris;EUR;LU;OUI;ESG ETF art. 9;Euronext;2026-08-04;BBG00QGB6FX4;GREAL;BNP EASY EPRA EUR GREEN CTB;ETP;FP;OK
LU2009147757;XTRETFSP500ETFP;XSXD;ETF;ETF Plus;EUR;LU;OUI;-;Euronext;2026-08-04;BBG00S5CSDT6;XSXD;X S&P 500 SWAP 1D;ETP;GR;OK
LU2009202107;MULETFEMXCIMETFP;EMXC;ETF;ETF Plus | Euronext Paris;EUR;LU;OUI;-;Euronext;2026-08-04;BBG00PMGLZ67;EMXC;AM MSCI EMERG EX CHINA-ETF A;ETP;GR;OK
LU2018762653;AMUNDI US STEEPEN;STPU;ETF;Euronext Paris | ETF Plus;EUR;LU;OUI;-;Euronext;2026-08-04;BBG00PVNBJ14;STPU;AM US CURV STEEP 2-10Y-ETF A;ETP;LN;OK
LU2023678282;AMUNDI DISRUP TECH;UNIC;ETF;Euronext Paris | ETF Plus;EUR;LU;OUI;ESG ETF art. 8;Euronext;2026-08-04;BBG00TC98T10;DRUP;AMND GBL MRY CHP UCI ETF-UEA;ETP;GR;OK
LU2023678449;AMUNDI MILLENNIALS;MILL;ETF;Euronext Paris | ETF Plus;EUR;LU;OUI;ESG ETF art. 8;Euronext;2026-08-04;BBG00TCB3TY4;MILL;AMUNDI MSCI MILLENIALS ESG;ETP;FP;OK
LU2023678878;AMUNDI DIG ECO;EBUY;ETF;Euronext Paris | ETF Plus;EUR;LU;OUI;ESG ETF art. 8;Euronext;2026-08-04;BBG00TC9CVY4;EBUY;AMUNDI MSCI DIGITAL ECONOMY;ETP;FP;OK
LU2023679090;AMUNDI FUTUR MOB;ELCR;ETF;Euronext Paris | ETF Plus;EUR;LU;OUI;ESG ETF art. 8;Euronext;2026-08-04;BBG00TC9KJ18;ELCR;AMUD MSCI SMR MBLTY UCITS-UA;ETP;FP;OK
LU2037748345;AMUETFCITYITETFP;SCITY;ETF;ETF Plus | Euronext Paris | Euronext Amsterdam - Multi-currency Trading;EUR;LU;OUI;-;Euronext;2026-08-04;BBG00QDBKHJ3;SCITY;AMUNDI MSCI SMART CITIES;ETP;FP;OK
LU2037748774;AMUETFCRP3IMETFP;ECRP3;ETF;ETF Plus | Euronext Paris;EUR;LU;OUI;ESG ETF art. 8;Euronext;2026-08-04;BBG00Q3G5XS5;ECRP3;AM EUR CORP BOND 0-3 C;ETP;FP;OK
LU2037749152;AMUETFFUSCIMETFP;ETFUSC;ETF;ETF Plus;EUR;LU;OUI;-;Euronext;2026-08-04;BBG00Q3G6CD6;PR1P;AM CR USD CORP BOND ETF ACC;ETP;FP;OK
LU2059756325;AM EMU ESG LEAD D;CMUD;ETF;Euronext Paris;EUR;LU;OUI;ESG ETF art. 8;Euronext;2026-08-04;BBG00QKYHF21;CMUD;AM MS EM ES SL-UC ET DR-DEUR;ETP;FP;OK
LU2059756598;AMUETFUSRII3ETFP;EDSRI;ETF;ETF Plus;EUR;LU;OUI;ESG ETF art. 8;Euronext;2026-08-04;BBG00QKYGB58;ESDU;AM MC EUR SRI CL PA AG-UEDRD;ETP;LN;OK
LU2069380306;OSSETFOG35IMETFP;OG35;ETF;ETF Plus;EUR;LU;OUI;ESG ETF art. 8;Euronext;2026-08-04;BBG00TJY2071;OG35;OSIAM EUR GOV BD 3-5Y-UE1CEA;ETP;GR;OK
LU2089238385;AMUETFFJAPIMXPAR;PRAJ;ETF;Euronext Paris;EUR;LU;OUI;-;Euronext;2026-08-04;BBG00R4Z1TS3;PRAJ;AMUNDI PRIME JAPAN UCITS C;ETP;FP;OK
LU2089238625;AMUETFFCRPIMETFP;ETFCRP;ETF;ETF Plus | Euronext Paris;EUR;LU;OUI;-;Euronext;2026-08-04;BBG00R4Z20G8;PRAC;AM CR EUR CORP BOND ETF ACC;ETP;FP;OK
LU2090062865;AMUNDI EUR GVTB57D;C53D;ETF;Euronext Paris;EUR;LU;OUI;-;Euronext;2026-08-04;BBG00X9D2WY9;EGV7;AM EURO GOV BOND 5-7Y-ETF D;ETP;GR;OK
LU2090063673;Lyxor Core Japan;LJPN;ETF;Euronext Amsterdam - Multi-currency Trading;JPY;LU;OUI;-;Euronext;2026-08-04;BBG00X9D8215;LJPN;AM CORE MSCI JAPAN ETF DIST;ETP;SW;OK
LU2095995895;UBSETFCIBIMETFP;CIB;ETF;ETF Plus;EUR;LU;OUI;-;Euronext;2026-08-04;BBG00SY2KF64;CNYGB;UBS ETF CHINA GOVI 1-10;ETP;SW;OK
LU2098179695;UBSETFJT13IMETFP;JT13;ETF;ETF Plus;EUR;LU;OUI;-;Euronext;2026-08-04;BBG00SYNFDK3;JT13;UBS BBG JAP GOV 1-3 UCIT-JPY;ETP;IM;OK
LU2098180271;UBSETFH01670ETFP;JT13E;ETF;ETF Plus;EUR;LU;OUI;-;Euronext;2026-08-04;BBG01H04NJH7;JT13E;UBS BBG JAP GOV 1-3 UCI-HEUR;ETP;IM;OK
LU2099289147;MULETFGOVGIMETFP;GOVG;ETF;ETF Plus;EUR;LU;OUI;-;Euronext;2026-08-04;BBG00VNJ63B9;GOVG;AM GLB GOV BND ETF EUR H DIS;ETP;IM;OK
LU2099295466;LYXETFGHYEIMETFP;GHYE;ETF;ETF Plus;EUR;LU;OUI;ESG ETF art. 8;Euronext;2026-08-04;BBG00RPJF0Q6;GHYU;AMUNDI GLBHGYLD CRPTBND ESG;ETP;LN;OK
LU2099296274;LYXETFHYEHIMETFP;GHYEH;ETF;ETF Plus;EUR;LU;OUI;ESG ETF art. 8;Euronext;2026-08-04;BBG00SXHZYV7;GHYEH;AMUNDI GHY CB ESG UCITS ETF;ETP;IM;OK
LU2099991536;UBSETFECOIMETFP;ECO;ETF;ETF Plus;EUR;LU;OUI;ESG ETF art. 8;Euronext;2026-08-04;BBG00VC99QH3;CORPSI;UBS ETF GL LIQ CORP SUS HCHF;ETP;SW;OK
LU2099992260;UBSETFECEIMETFP;ECE;ETF;ETF Plus;EUR;LU;OUI;ESG ETF art. 8;Euronext;2026-08-04;BBG00WZNQR11;4UBR;UBS ETF GL LIQ CORP SUS HEUR;ETP;GR;OK
LU2109787049;AMUETFMXEMEBETFP;CLEM;ETF;ETF Plus | Euronext Paris;EUR;LU;OUI;ESG ETF art. 8;Euronext;2026-08-04;BBG00WQKMCC2;SBIM;AMUN MSCI EM ESG BROAD;ETP;GR;OK
LU2109787551;AMUETFMESGIMETFP;EMESG;ETF;ETF Plus;EUR;LU;OUI;ESG ETF art. 8;Euronext;2026-08-04;BBG00VDGBV91;SADM;AM MSCI EM ESG SELECT;ETP;GR;OK
LU2109787635;AMUETFUSRII2ETFP;CMUSRI;ETF;ETF Plus | Euronext Paris | Euronext Amsterdam - Multi-currency Trading;EUR;LU;OUI;ESG ETF art. 8;Euronext;2026-08-04;BBG00RZBNZ31;EESG;AMUN MSCI EMU CPA;ETP;FP;OK
LU2130768844;AM EUR CLIM CTB;LWCE;ETF;Euronext Paris | ETF Plus;EUR;LU;OUI;ESG ETF art. 8;Euronext;2026-08-04;BBG00VJG1MQ7;LWCE;AMUNDI MSCI EUR CPA BROAD;ETP;FP;OK
LU2158769930;XTRETFGBECP0ETFP;XEML;ETF;ETF Plus;EUR;LU;OUI;-;Euronext;2026-08-04;BBG01C9VFLL8;XEML;X JPM EM LOCAL GOV BOND 1D;ETP;GR;OK
LU2178481649;XTRETFXZE5IMETFP;XZE5;ETF;ETF Plus;EUR;LU;OUI;ESG ETF art. 8;Euronext;2026-08-04;BBG00W4SJSH3;XZE5;X EUR CORP SD SRI PAB 1C;ETP;GR;OK
LU2182388236;AMUETFEGRIIMETFP;EGRI;ETF;ETF Plus | Euronext Paris;EUR;LU;OUI;ESG ETF art. 8;Euronext;2026-08-04;BBG00VPL5DL0;EGRI;AM EURO AGG BOND C;ETP;FP;OK
LU2182388582;AMUNDI EURZ CLIMPA;PABZ;ETF;Euronext Paris;EUR;LU;OUI;ESG ETF art. 9;Euronext;2026-08-04;BBG00VJGSJX7;PABZ;AMD MSCI EMU CLI PA ETF-ACC;ETP;FP;OK
LU2194286006;UBSETFGEBIMETFP;GEB;ETF;ETF Plus;EUR;LU;OUI;ESG ETF art. 8;Euronext;2026-08-04;BBG00X0TH4W1;GEB;UBS ETF EMU GOV ESG LIQ BOND;ETP;IM;OK
LU2194447293;BNPETFCEANIMETFP;OCEAN;ETF;ETF Plus | Euronext Paris;EUR;LU;OUI;ESG ETF art. 9;Euronext;2026-08-04;BBG00X9DN9M0;BLUE;BNP EASY BLUE ECONOMY ESG;ETP;FP;OK
LU2194449075;BNPETFCWLDIMETFP;LCWLD;ETF;ETF Plus | Euronext Paris;EUR;LU;OUI;ESG ETF art. 9;Euronext;2026-08-04;BBG011FFP7G6;LCWLD;BNP EASY LW CARBON WD PAB;ETP;FP;OK
LU2195226068;AMUNDI EUROZONEPAB;EPAB;ETF;Euronext Paris | ETF Plus;EUR;LU;OUI;ESG ETF art. 8;Euronext;2026-08-04;BBG00VXCSNV3;EPAB;AM S&P EZONE CPA AM-ETF A;ETP;FP;OK
LU2196472984;XTRETFSP500ETFP;XS5E;ETF;ETF Plus;EUR;LU;OUI;-;Euronext;2026-08-04;BBG012N07297;XS5E;X S&P 500 SWAP 5C EUR;ETP;GR;OK
LU2206597804;UBSETFRSRIIMETFP;EURSRI;ETF;ETF Plus;EUR;LU;OUI;ESG ETF art. 8;Euronext;2026-08-04;BBG00ZJYR1G8;UIW1;UBS ETF MSCI EUROPE SRI EURA;ETP;GR;OK
LU2206598109;UBSETFESRIIMETFP;EUESRI;ETF;ETF Plus;EUR;LU;OUI;ESG ETF art. 8;Euronext;2026-08-04;BBG00ZJYTXT2;UIW3;UBS ETF MSCI EUROPE SRI EURA;ETP;GR;OK
LU2216829809;LYXETFCATHIMETFP;CATH;ETF;ETF Plus;EUR;LU;OUI;ESG ETF art. 8;Euronext;2026-08-04;BBG00XGJ03V7;CATH;AMUNDI MSCI WORLD CATHOLIC P;ETP;IM;OK
LU2233156749;AMUNDI JPX4 ETF;JPX4;ETF;Euronext Paris | Euronext Amsterdam - Multi-currency Trading;EUR;LU;OUI;ESG ETF art. 9;Euronext;2026-08-04;BBG00XN8JQS6;JARI;AM MSC JP SR CLMT PA-UCI EUA;ETP;GR;OK
LU2240851688;AMUETFXESGIMETFP;DAXESG;ETF;ETF Plus;EUR;LU;OUI;ESG ETF art. 8;Euronext;2026-08-04;BBG00Y708PG6;DECD;AMUN MSCI EMU SCR UC ETF-UED;ETP;FP;OK
LU2244386053;BNPETFYSRIIMETFP;HYSRI;ETF;ETF Plus | Euronext Paris;EUR;LU;OUI;ESG ETF art. 8;Euronext;2026-08-04;BBG00ZDPL017;ASRF;BNPP HY SRI FF UCITS ETF C;ETP;GR;OK
LU2244386137;BNPETFYSRIIMETFP;HSRID;ETF;ETF Plus | Euronext Paris;EUR;LU;OUI;ESG ETF art. 8;Euronext;2026-08-04;BBG00ZDQM5Y7;HSRID;BNP EASY EUR HY SRI D;ETP;FP;OK
LU2244387457;BNPETFGEMUIMETFP;GEMU;ETF;ETF Plus | Euronext Paris;EUR;LU;OUI;ESG ETF art. 8;Euronext;2026-08-04;BBG00Z1WLJ41;GEMU;BNP PARIB EASY JPM TILTED-UC;ETP;FP;OK
LU2244387887;BNPETFEGROIMETFP;EGRO;ETF;ETF Plus | Euronext Paris;EUR;LU;OUI;ESG ETF art. 8;Euronext;2026-08-04;BBG011FF0WB3;EGRO;BNP EASY EU GROWTH;ETP;FP;OK
LU2249747283;NEW MILLENNIUM TR;NMTRF;OPCVM;ATFund Instruments;EUR;LU;OUI;;Euronext;2026-08-04;BBG00XY6S4M3;NMTRFXL;NEW MILLENM-TOT RT FLX-L EUR;Open-End Fund;LX;OK
LU2264552998;QSF -QUA FAM GLOB;QSFFGV;OPCVM;ATFund Instruments;EUR;LU;OUI;;Euronext;2026-08-04;BBG011LP0HB7;QSFGVQE;QUAESTIO-FAMILY GBL VALUE-Q;Open-End Fund;LX;OK
LU2265794276;UBSETFCITIMETFP;CIT;ETF;ETF Plus;EUR;LU;OUI;-;Euronext;2026-08-04;BBG00ZQS9WD8;UIC2;UBS SOLA CHINA TEC UCITS ETF;ETP;GR;OK
LU2265794946;UBSETFCITEIMETFP;CITE;ETF;ETF Plus;EUR;LU;OUI;-;Euronext;2026-08-04;BBG00ZQSDGD8;UIC1;UBS ETF CHINA TECH H.EUR ACC;ETP;GR;OK
LU2269164310;AMUNDI JPXH ETF;JPXH;ETF;Euronext Paris;EUR;LU;OUI;ESG ETF art. 9;Euronext;2026-08-04;BBG00YQ0RDL5;JARH;AM MSC JP SR CLMT PA-UC EUHA;ETP;GR;OK
LU2300294316;AMUETFECR1IMETFP;ECR1;ETF;ETF Plus | Euronext Paris;EUR;LU;OUI;ESG ETF art. 8;Euronext;2026-08-04;BBG00ZKGPD71;ECR1;AM EUR CORP B 0-1Y ESG - C;ETP;GR;OK
LU2314312849;BNPETFHINEIMETFP;CHINE;ETF;ETF Plus | Euronext Paris;EUR;LU;OUI;ESG ETF art. 8;Euronext;2026-08-04;BBG011PNF5K8;CHINE;BNP EASY MSCI CHINA ESG E;ETP;FP;OK
LU2314312922;BNPP China$ ETF;CHINU;ETF;Euronext Paris - Multi-currency Trading;USD;LU;OUI;ESG ETF art. 8;Euronext;2026-08-04;BBG011PNDW58;CHINU;BNP EASY MSCI CHINA ESG U;ETP;FP;OK
LU2338178218;MULTI USTreas 1-3Y;U13HK;ETF;Euronext Paris - Multi-currency Trading;HKD;LU;OUI;-;Euronext;2026-08-04;BBG012CGNRW5;U13HK;AMUNDI US TREASURY BOND 1-3Y;ETP;FP;OK
LU2338178481;MULTI US-T 7-10Y;U710H;ETF;Euronext Paris - Multi-currency Trading;HKD;LU;OUI;-;Euronext;2026-08-04;BBG012CGLCL2;U710H;LYXOR US TREASURY 7-10Y DR-H;ETP;FP;OK
LU2338178648;AMUNDI US-T 10Y+;U10HK;ETF;Euronext Paris - Multi-currency Trading;HKD;LU;OUI;-;Euronext;2026-08-04;BBG012CGPCF5;U10HK;AM UST BD LG DT-ETF HK HD;ETP;FP;OK
LU2343997487;Amundi MSCI CHINA;CNEG;ETF;Euronext Paris;EUR;LU;OUI;ESG ETF art. 9;Euronext;2026-08-04;BBG012X9WRJ3;CNEG;AM MSCI CH ESG SELECT C;ETP;LN;OK
LU2345046655;AMUETFMXEFEGXPAR;EMXU;ETF;Euronext Paris;EUR;LU;OUI;ESG ETF art. 8;Euronext;2026-08-04;BBG012X9WV68;EMXG;AM MSCI EX CHINA ESG SELECT;ETP;LN;OK
LU2346257210;AMUETFHYCIMXPAR;HYCC;ETF;Euronext Paris | ETF Plus;EUR;LU;OUI;ESG ETF art. 8;Euronext;2026-08-04;BBG011WGVTH9;HYC;AMUNDI EURO HY CORP BND ESGA;ETP;IM;OK
LU2356220926;AMUNDI Euro GovGrn;ERTH;ETF;Euronext Paris | ETF Plus;EUR;LU;OUI;ESG ETF art. 9;Euronext;2026-08-04;BBG011P1L020;ERTH;AM EURO GOV GREEN BD-ETF A;ETP;FP;OK
LU2358390594;VARENNE VALEUR;VVAITA;OPCVM;ATFund Instruments;EUR;LU;OUI;;Euronext;2026-08-04;BBG015YZVXZ7;VAVALIT;VARENNE VALEUR-ITEURACC;Open-End Fund;LX;OK
LU2365458145;BNPETFGEHEIMETFP;EGEHE;ETF;ETF Plus | Euronext Paris;EUR;LU;OUI;ESG ETF art. 9;Euronext;2026-08-04;BBG015SLFC70;ASRS;BNP EASY HYDROGEN ESG;ETP;GR;OK
LU2365458731;BNPPGreenbondD ETF;GSSBO;ETF;Euronext Paris;EUR;LU;OUI;ESG ETF art. 9;Euronext;2026-08-04;BBG014GDVP59;GSSBO;BNP P E JS GS SI EB-UC ET EU;ETP;FP;OK
LU2365458814;BNPETFEGSSIMETFP;EJEGSS;ETF;ETF Plus | Euronext Paris;EUR;LU;OUI;ESG ETF art. 9;Euronext;2026-08-04;BBG014GDMXB5;GSSBD;BNP P E JS GS SI EB-UC ET EU;ETP;FP;OK
LU2370241684;AMUNDI Corp GreenB;PLAN;ETF;Euronext Paris | ETF Plus;EUR;LU;OUI;ESG ETF art. 8;Euronext;2026-08-04;BBG0125JGN36;PLAN;AMDI CORP PROC BOND-ETF ACC;ETP;FP;OK
LU2376679564;XTRETFXCTEIMETFP;XCTE;ETF;ETF Plus;EUR;LU;OUI;ESG ETF art. 8;Euronext;2026-08-04;BBG01604QL10;XCTE;X HARVEST MSCI CHINA TECH 1C;ETP;GR;OK
LU2385068163;XTRETFXZWGIMETFP;XZWG;ETF;ETF Plus;EUR;LU;OUI;ESG ETF art. 8;Euronext;2026-08-04;BBG013PH5SB8;XZWG;X ESG GLOBAL GOV BOND 1D;ETP;GR;OK
LU2385068593;XTRETFXZWGIMETFP;XZEG;ETF;ETF Plus;EUR;LU;OUI;ESG ETF art. 8;Euronext;2026-08-04;BBG013PH5V12;XZEG;X ESG GLOBAL GOV BOND 4D EUR;ETP;GR;OK
LU2408467723;UBSETFU15SIMETFP;U15S;ETF;ETF Plus;EUR;LU;OUI;ESG ETF art. 8;Euronext;2026-08-04;BBG016FNGBZ8;CBSU5;UBS ETF US LIQCORPSU1-5 USDA;ETP;SW;OK
LU2408468291;UBSETFU15EIMETFP;U15E;ETF;ETF Plus;EUR;LU;OUI;ESG ETF art. 8;Euronext;2026-08-04;BBG016H855D8;U15E;UBS ETF US LIQCORPSU1-5 HEUR;ETP;IM;OK
LU2418815473;MULETFINFHIMETFP;INFH;ETF;ETF Plus;EUR;LU;OUI;-;Euronext;2026-08-04;BBG014LRV0M8;INFH;AM US INF EXP 10Y-ETF EUR HD;ETP;IM;OK
LU2439734141;AMUETFASRIIMETFP;GASRI;ETF;ETF Plus | Euronext Paris;EUR;LU;OUI;ESG ETF art. 8;Euronext;2026-08-04;BBG015TYSR65;8OUV;AM GLOBAL AGG B H EUR;ETP;FP;OK
LU2446383254;BNPETFI34701XPAR;SRI3C;ETF;Euronext Paris;EUR;LU;OUI;ESG ETF art. 8;Euronext;2026-08-04;BBG01T0792W0;SRI3C;BNPP ESY CBP PAB1-3Y UCIS-EA;ETP;FP;OK
LU2446383338;BNPP BONDSRI5 ETF;SRIC6;ETF;Euronext Paris;EUR;LU;OUI;ESG ETF art. 9;Euronext;2026-08-04;BBG01B9221Q7;SRIC6;BNP PARIBAS EASY EUR CORP-UA;ETP;FP;OK
LU2456436083;XTRETFXCS7IMETFP;XCS7;ETF;ETF Plus;EUR;LU;OUI;-;Euronext;2026-08-04;BBG016P9C5Z5;XCS7;X MSCI CHINA 1D;ETP;GR;OK
LU2468423459;XTRETFXZEBIMETFP;XZEB;ETF;ETF Plus;EUR;LU;OUI;ESG ETF art. 8;Euronext;2026-08-04;BBG0188KCTC8;XZEB;X ESG EUROZONE GOV BND 1C;ETP;GR;OK
LU2469465822;XTRETFXCNAIMETFP;XCNA;ETF;ETF Plus;EUR;LU;OUI;ESG ETF art. 8;Euronext;2026-08-04;BBG017GB6QW2;XCNA;X MSCI CHINA A SCRND 1C;ETP;GR;OK
LU2484583138;UBSETFH37026ETFP;GGB;ETF;ETF Plus;EUR;LU;OUI;ESG ETF art. 8;Euronext;2026-08-04;BBG01DD4BS76;GREENE;UBS ETF GREEN BOND EUR;ETP;SW;OK
LU2484583302;UBSETFH37026ETFP;GGE;ETF;ETF Plus;EUR;LU;OUI;ESG ETF art. 8;Euronext;2026-08-04;BBG01DD4CVZ7;GGE;UBS ETF GLB GREEN BOND EURHA;ETP;IM;OK
LU2491210618;Os BLM ASIA P(EUR);OP6E;ETF;Euronext Paris;EUR;LU;OUI;ESG ETF art. 9;Euronext;2026-08-04;BBG018KY7R89;OP6E;OSSIAM BBG APAC EXJP PNR EUR;ETP;GR;OK
LU2504532131;XTRETFXTIPIMETFP;XTIP;ETF;ETF Plus;EUR;LU;OUI;-;Euronext;2026-08-04;BBG01B0JN863;XTIP;X TIPS US INFL-LNKED BOND 1C;ETP;GR;OK
LU2504532487;XTRETFXGEZIMETFP;XGEZ;ETF;ETF Plus;EUR;LU;OUI;ESG ETF art. 9;Euronext;2026-08-04;BBG01B0JN9X1;XGEZ;X EUROZONE GOV GREEN BOND 1D;ETP;GR;OK
LU2504537445;XTRETFXEZBIMETFP;XEZB;ETF;ETF Plus;EUR;LU;OUI;ESG ETF art. 8;Euronext;2026-08-04;BBG01B0JNKP5;XEZB;X EURZ GOVT BOND ESG TILT 1D;ETP;GR;OK
LU2533810276;BNPP Circular ETF;REUSD;ETF;Euronext Paris - Multi-currency Trading;USD;LU;OUI;ESG ETF art. 8;Euronext;2026-08-04;BBG01CBRND15;REUSD;BNP EASY CIRCULAR ECONOMY;ETP;FP;OK
LU2533810789;BNPETFEMUG13ETFP;GEU3D;ETF;ETF Plus | Euronext Paris;EUR;LU;OUI;ESG ETF art. 8;Euronext;2026-08-04;BBG01F75JKS1;GEU3D;BNP JP ES EM GB 1-3 UE-UE EI;ETP;FP;OK
LU2533810862;BNPETFEMUG13ETFP;GEU3C;ETF;ETF Plus | Euronext Paris;EUR;LU;OUI;ESG ETF art. 8;Euronext;2026-08-04;BBG01F75GX97;GEU3C;BNP JP ES EM GB 1-3 UE-UE EA;ETP;FP;OK
LU2533811910;BNP EUR Ushr SRI D;SRIUD;ETF;Euronext Paris;EUR;LU;OUI;ESG ETF art. 8;Euronext;2026-08-04;BBG01J9M5CD3;SRIUD;BNP PARI EE CB SRI FFD UE-EI;ETP;FP;OK
LU2533812058;BNP EUR Ushr SRI C;SRIUC;ETF;Euronext Paris | ETF Plus;EUR;LU;OUI;ESG ETF art. 8;Euronext;2026-08-04;BBG01J9M5CJ7;SRIUC;BNP PARI EE CB SRI FFD UE-UE;ETP;FP;OK
LU2533812728;BNPETFAEXFOFETFP;BSRID;ETF;ETF Plus | Euronext Paris;EUR;LU;OUI;ESG ETF art. 8;Euronext;2026-08-04;BBG01F75CQC2;BSRID;BNP PARIBAS EASY EUR AGGR-UI;ETP;FP;OK
LU2533812991;BNPETFAEXFOFETFP;BSRIC;ETF;ETF Plus | Euronext Paris;EUR;LU;OUI;ESG ETF art. 8;Euronext;2026-08-04;BBG01F756349;BSRIC;BNP PARIBAS EASY EUR AGGR-UA;ETP;FP;OK
LU2533813023;BNPP Hydro ESG ETF;HYDUS;ETF;Euronext Paris - Multi-currency Trading;USD;LU;OUI;ESG ETF art. 8;Euronext;2026-08-04;BBG01CCBP8T8;HYDUS;BNP EASY HYDROGEN ESG U;ETP;FP;OK
LU2533813296;BNPP Blue ESG ETF;BLUSD;ETF;Euronext Paris - Multi-currency Trading;USD;LU;OUI;ESG ETF art. 8;Euronext;2026-08-04;BBG01CCBL8D9;BLUSD;BNP EASY BLUE ECONOMY ESG U;ETP;FP;OK
LU2550860493;SAFE ACT INC CLA Q;PHSAQ;OPCVM;ATFund Instruments;EUR;LU;OUI;;Euronext;2026-08-04;;;;;;INTROUVABLE
LU2555926372;OSSIAM 5OGU ETF;5OGU;ETF;Euronext Paris - Multi-currency Trading;USD;LU;OUI;-;Euronext;2026-08-04;BBG01C2893R7;EUPA;OSS SHL GLB CAPE;ETP;GR;OK
LU2555926455;OSSETFSHILNEETFP;5OGE;ETF;ETF Plus | Euronext Paris;EUR;LU;OUI;-;Euronext;2026-08-04;BBG01C28D141;EUPB;OSS SHL GLB CAPE;ETP;GR;OK
LU2573966905;MULETFGEASIMETFP;E127;ETF;ETF Plus;EUR;LU;OUI;-;Euronext;2026-08-04;BBG01G15FZ15;CBMEM;AM CORE MSCI EMS SP ETF DIST;ETP;SW;OK
LU2573967036;MULETFGEASIMETFP;LEMA;ETF;ETF Plus;EUR;LU;OUI;-;Euronext;2026-08-04;BBG01G15Z733;LEMA;AM CORE MSCI EM SWAP ETF ACC;ETP;LN;OK
LU2611731824;Amundi NYSE Arca G;GLDU;ETF;Euronext Amsterdam - Multi-currency Trading | Euronext Paris;USD;LU;OUI;-;Euronext;2026-08-04;BBG01KFWWRH4;CD91;AMUNDI GOLD MINERS UC ETF-UI;ETP;GR;OK
LU2616774076;BNP USD Corp SRI C;USCBC;ETF;Euronext Paris - Multi-currency Trading | ETF Plus;USD;LU;OUI;ESG ETF art. 8;Euronext;2026-08-04;BBG01J9LYWB1;USCBC;BNP EASY US CORP SRI;ETP;FP;OK
LU2616776444;BNP USD Corp SRI D;USCBD;ETF;Euronext Paris - Multi-currency Trading;USD;LU;OUI;ESG ETF art. 8;Euronext;2026-08-04;BBG01J9M2774;USCBD;BNP EASY US CORP SRI D;ETP;FP;OK
LU2641054122;XTRETFIBXXESETFP;XE01;ETF;ETF Plus;EUR;LU;OUI;-;Euronext;2026-08-04;BBG01J3DX614;XE01;X EURZ GOVT BOND 0-1 1C;ETP;GR;OK
LU2641054551;XTRETFIBXXGEETFP;XG01;ETF;ETF Plus;EUR;LU;OUI;-;Euronext;2026-08-04;BBG01J3DSXK0;XG01;X GERMANY GOV BOND 0-1 1C;ETP;GR;OK
LU2641925016;BNPP WLD PAB ETF D;EMWD;ETF;Euronext Paris;EUR;LU;OUI;ESG ETF art. 8;Euronext;2026-08-04;BBG01HBDWLT7;EMWD;BNP EASY MSCI WORLD SRI C;ETP;FP;OK
LU2655993207;Amundi MSCI W Dist;EWLD;ETF;Euronext Paris;EUR;LU;OUI;-;Euronext;2026-08-04;BBG01M0Y2MR5;EWLD;AM MSCI WORLD SP ETF EUR DIS;ETP;FP;OK
LU2673522830;XTRETFI38092ETFP;XM27;ETF;ETF Plus;EUR;LU;OUI;ESG ETF art. 8;Euronext;2026-08-04;BBG01PXLR1N3;XM27;X TARGET MAT 27 EUR CORP 1C;ETP;GR;OK
LU2673522913;XTRETFI38094ETFP;XM29;ETF;ETF Plus;EUR;LU;OUI;ESG ETF art. 8;Euronext;2026-08-04;BBG01PXLSDR2;XM29;X MAT SEP29 EUR CORP 1C;ETP;GR;OK
LU2673523051;XTRETFI38097ETFP;XM33;ETF;ETF Plus;EUR;LU;OUI;ESG ETF art. 8;Euronext;2026-08-04;BBG01PYFTSB7;XM33;X MAT SEP33 EUR CORP 1C;ETP;GR;OK
LU2673523135;XTRETFI38096ETFP;XM31;ETF;ETF Plus;EUR;LU;OUI;ESG ETF art. 8;Euronext;2026-08-04;BBG01PYFS9G5;XM31;X MAT SEP31 EUR CORP 1C;ETP;GR;OK
LU2673523218;XTRETFI38092ETFP;XB27;ETF;ETF Plus;EUR;LU;OUI;ESG ETF art. 8;Euronext;2026-08-04;BBG01JZKKJ19;XB27;X MAT SEP27 EUR CORP 1D;ETP;GR;OK
LU2673523309;XTRETFI38094ETFP;XB29;ETF;ETF Plus;EUR;LU;OUI;ESG ETF art. 8;Euronext;2026-08-04;BBG01JZKZV89;XB29;X MAT SEP29 EUR CORP 1D;ETP;GR;OK
LU2673523481;XTRETFI38096ETFP;XB31;ETF;ETF Plus;EUR;LU;OUI;ESG ETF art. 8;Euronext;2026-08-04;BBG01JZL45J6;XB31;X MAT SEP31 EUR CORP 1D;ETP;GR;OK
LU2673523564;XTRETFI38097ETFP;XB33;ETF;ETF Plus;EUR;LU;OUI;ESG ETF art. 8;Euronext;2026-08-04;BBG01JZL5SV1;XB33;X MAT SEP33 EUR CORP 1D;ETP;GR;OK
LU2697596745;BNP ASust EU Corp;ACES;ETF;Euronext Paris | ETF Plus;EUR;LU;OUI;ESG ETF art. 9;Euronext;2026-08-04;BBG01L136JG9;BJLN;BN PAR EAS ES EN EUR COR BND;ETP;GR;OK
LU2697596828;BNP ASust EU CorpD;ACESD;ETF;Euronext Paris;EUR;LU;OUI;ESG ETF art. 9;Euronext;2026-08-04;BBG01L0WNM89;BJLP;BNP EASY EUR CORP ESG ENH D;ETP;GR;OK
LU2697597552;BNP ASust EU Gov;AGES;ETF;Euronext Paris | ETF Plus;EUR;LU;OUI;ESG ETF art. 8;Euronext;2026-08-04;BBG01L0ZHZG1;BJLM;BNP EASY EUR GOV ESG ENH;ETP;GR;OK
LU2697597719;BNP ASust EU GovD;AGESD;ETF;Euronext Paris;EUR;LU;OUI;ESG ETF art. 8;Euronext;2026-08-04;BBG01L35S0L3;BJLQ;BNP EASY EUR GOV ESG ENH D;ETP;GR;OK
LU2742532745;BNPETFI38479XPAR;SRID7;ETF;Euronext Paris;EUR;LU;OUI;ESG ETF art. 8;Euronext;2026-08-04;BBG01MTPRMW0;BJLT;BNP PRB ESY CB PB 7-10Y-U EI;ETP;GR;OK
LU2742532828;BNPETFI38479ETFP;SRIC7;ETF;ETF Plus | Euronext Paris;EUR;LU;OUI;ESG ETF art. 8;Euronext;2026-08-04;BBG01MZLH925;BJLU;BNP PRB ESY CB PB 7-10Y-U EA;ETP;GR;OK
LU2742533552;BNPETFJPMGBXPAR;GOD10;ETF;Euronext Paris;EUR;LU;OUI;ESG ETF art. 8;Euronext;2026-08-04;BBG01MY8Y0X1;GOD10;BNP EASY EMU GV 10+ UCTE-EIN;ETP;FP;OK
LU2742533636;BNPETFJPMGBETFP;GOV10;ETF;ETF Plus | Euronext Paris;EUR;LU;OUI;ESG ETF art. 8;Euronext;2026-08-04;BBG01MY5D471;GOV10;BNP PARI EASY JPM TIL EMU-UC;ETP;FP;OK
LU2777377875;BNP LCEU PAB D ETF;LCEUD;ETF;Euronext Paris;EUR;LU;OUI;ESG ETF art. 8;Euronext;2026-08-04;BBG01M2JTNN9;LCEUD;BNP EASY LW CARBON EUR PAB;ETP;FP;OK
LU2780871310;AMUETFCFIIEBXPAR;FM28;ETF;Euronext Paris;EUR;LU;OUI;-;Euronext;2026-08-04;BBG01V699RP8;FM28;AD FX 2028 EU GOVBB C;ETP;FP;OK
LU2780871401;AMUETFCFIIEBETFP;MB28;ETF;ETF Plus;EUR;LU;OUI;-;Euronext;2026-08-04;BBG01MLWKLQ9;AK8E;AMUNDI FIX MATU 28 EUGOV BND;ETP;GR;OK
LU2780871666;AMUETFCFIIEYETFP;MY28;ETF;ETF Plus;EUR;LU;OUI;-;Euronext;2026-08-04;BBG01MMPBQM6;AK8F;AMUNDI FIXMAT28 EUGOV BND YI;ETP;GR;OK
LU2780872128;AMUETFCFIIITETFP;BT27;ETF;ETF Plus;EUR;LU;OUI;-;Euronext;2026-08-04;BBG01MLTHSY6;BT27;AMUNDI FIX MAT27 ITALY BTP G;ETP;IM;OK
LU2788421340;XTRETFCSIH03ETFP;XCSI;ETF;ETF Plus;EUR;LU;OUI;-;Euronext;2026-08-04;BBG01P0ZCSX4;XCSI;X CSI500 SWAP 1C;ETP;GR;OK
LU2800573128;BNP JP ESG USD ETF;EJAPU;ETF;Euronext Paris - Multi-currency Trading;USD;LU;OUI;ESG ETF art. 8;Euronext;2026-08-04;BBG01MTPPJ59;EJAPU;BNP EASY MSCI JAPAN ESG U;ETP;FP;OK
LU2807512947;UBSETFM1WOUETFP;WXUS;ETF;ETF Plus;EUR;LU;OUI;-;Euronext;2026-08-04;BBG01SCY2SB3;WXUS;UBS ETF MSCI WD EXUSA UC AC;ETP;SW;OK
LU2809864296;XTRETFI38644ETFP;XB30;ETF;ETF Plus;EUR;LU;OUI;ESG ETF art. 8;Euronext;2026-08-04;BBG01PZQZWS8;XB30;X TARGET MAT 32 EUR CORP 1D;ETP;GR;OK
LU2809864452;XTRETFI38645ETFP;XB32;ETF;ETF Plus;EUR;LU;OUI;ESG ETF art. 8;Euronext;2026-08-04;BBG01PZRD475;XB32;X TARGET MAT 32 EUR CORP 1D;ETP;GR;OK
LU2809864619;XTRETFI38646ETFP;XB34;ETF;ETF Plus;EUR;LU;OUI;ESG ETF art. 8;Euronext;2026-08-04;BBG01PZR8RC4;XB34;X TARGET MAT 34 EUR CORP 1D;ETP;GR;OK
LU2810185665;XTRETFI38643ETFP;XB28;ETF;ETF Plus;EUR;LU;OUI;ESG ETF art. 8;Euronext;2026-08-04;BBG01PZQW163;XB28;X TARGET MAT 28 EUR CORP 1D;ETP;GR;OK
LU2823895847;BNPActACE32ETFP;ACE32;ETF;ETF Plus | Euronext Paris;EUR;LU;OUI;ESG ETF art. 8;Euronext;2026-08-04;BBG01PD4WPR0;ACE32;BNP PARIB EASY ESG EN EUR-UA;ETP;FP;OK
LU2823896811;BNPActACE29ETFP;ACE29;ETF;ETF Plus | Euronext Paris;EUR;LU;OUI;ESG ETF art. 8;Euronext;2026-08-04;BBG01PD4Z2L4;ACE29;BNP PARI EESG EECB D29 UE-EA;ETP;FP;OK
LU2825556892;ALPActEAAAETFP;EAAA;ETF;ETF Plus;EUR;LU;OUI;ESG ETF art. 8;Euronext;2026-08-04;BBG01SBG24D4;EAAA;FAIR OAKS AAA CLO ETF-EUR A;ETP;GR;OK
LU2837863583;QSF Fam Int Eq Acc;QSFFIE;OPCVM;ATFund Instruments;EUR;LU;OUI;;Euronext;2026-08-04;BBG01P2S86M3;QSFAIEQ;QSF-FAMILY INTERNAT EQUITY-Q;Open-End Fund;LX;OK
LU2837863666;QSF Fam Glob Q Acc;QSFFGB;OPCVM;ATFund Instruments;EUR;LU;OUI;;Euronext;2026-08-04;BBG01P2S3531;QSFAGLQ;QSF-FAMILY GLOBAL BOND - Q;Open-End Fund;LX;OK
LU2870272577;AILETFSAUAIMETFP;DXUS;ETF;ETF Plus;EUR;LU;OUI;ESG ETF art. 8;Euronext;2026-08-04;BBG01PV7K304;DXUS;D-X MSCI US SCRD UCITS ETF;ETP;IM;OK
LU2870272650;AILETFHE7514ETFP;DXUSH;ETF;ETF Plus;EUR;LU;OUI;ESG ETF art. 8;Euronext;2026-08-04;BBG01PSRMZW6;DXUSH;D-X MSCI USA SCN UCIT ETF XH;ETP;IM;OK
LU2870272734;AILETFNE7214ETFP;DXEU;ETF;ETF Plus;EUR;LU;OUI;ESG ETF art. 8;Euronext;2026-08-04;BBG01PSR9WZ5;DXEU;D-X MSCI EUROP SCR UCITS ETF;ETP;IM;OK
LU2870272908;AILETFSAWDIMETFP;DXWO;ETF;ETF Plus;EUR;LU;OUI;ESG ETF art. 8;Euronext;2026-08-04;BBG01PSRTGG9;DXWO;D-X MSCI WRLD SCRN UCITS ETF;ETP;IM;OK
LU2870273039;AILETFI38181ETFP;DXG3;ETF;ETF Plus;EUR;LU;OUI;ESG ETF art. 8;Euronext;2026-08-04;BBG01PSS0VF6;DXG3;ADX MSCI ER GOVERN BD 1-3-XE;ETP;IM;OK
LU2870273203;AILETFI38183ETFP;DXG5;ETF;ETF Plus;EUR;LU;OUI;ESG ETF art. 8;Euronext;2026-08-04;BBG01PSQHRD3;DXG5;ADX MSCI ER GOVERN BD 3-5-XE;ETP;IM;OK
LU2870273385;AILETFI38815ETFP;DXG10;ETF;ETF Plus;EUR;LU;OUI;ESG ETF art. 8;Euronext;2026-08-04;BBG01PSSY487;DXG10;ADX MSCI ER GOVER BD 7-10ETF;ETP;IM;OK
LU2872291278;AMUETFCFIIEBXPAR;FM26;ETF;Euronext Paris;EUR;LU;OUI;-;Euronext;2026-08-04;BBG01V6F3TP6;FM26;AMD FX2026 EUGOVBD C;ETP;FP;OK
LU2872291435;AMUETFCFIIEBXPAR;FM27;ETF;Euronext Paris;EUR;LU;OUI;-;Euronext;2026-08-04;BBG01V6F58N2;FM27;AMDI FX2027 EUGOVBB  ACC;ETP;FP;OK
LU2872291781;AMUETFCFIIEBXPAR;FM29;ETF;Euronext Paris;EUR;LU;OUI;-;Euronext;2026-08-04;BBG01V6F6WC0;FM29;AMD FX2029 EUGOVBB ACC;ETP;FP;OK
LU2872291948;AMUETFCFIILCXPAR;LC30;ETF;Euronext Paris;EUR;LU;OUI;ESG ETF art. 8;Euronext;2026-08-04;BBG01RVYCM35;LC30;AMUNDI LC 2030 UCITS ETF ACC;ETP;GR;OK
LU2872292086;AMUETFCFIILCXPAR;LC33;ETF;Euronext Paris;EUR;LU;OUI;ESG ETF art. 8;Euronext;2026-08-04;BBG01RVYJGR5;LC33;AMDI LIFECYCLE 2033 UCITS  C;ETP;GR;OK
LU2872292169;AMUETFCFIILCXPAR;LC36;ETF;Euronext Paris;EUR;LU;OUI;ESG ETF art. 8;Euronext;2026-08-04;BBG01RVYL7S1;LC36;AMDI LIFECYCLE 2036 UCITS C;ETP;GR;OK
LU2872292243;AMUETFCFIILCXPAR;LC39;ETF;Euronext Paris;EUR;LU;OUI;ESG ETF art. 8;Euronext;2026-08-04;BBG01RVY66T9;LC39;AMUNDI LC 2039 UCITS ETF ACC;ETP;GR;OK
LU2880762781;UBSETFMDBS25ETFP;MDB5;ETF;ETF Plus;EUR;LU;OUI;ESG ETF art. 9;Euronext;2026-08-04;BBG01QVTYM07;MDB5;UBS SUSTDBB 5-10 ETF HAA;ETP;IM;OK
LU2880762948;UBSETFMDBS25ETFP;MDB5E;ETF;ETF Plus;EUR;LU;OUI;ESG ETF art. 9;Euronext;2026-08-04;BBG01QVTYM98;MDB5E;UBS SUSTDBB 5-10 ETF HAA;ETP;IM;OK
LU2881684745;BNPActAEUSEETFP;AEUSE;ETF;ETF Plus | Euronext Paris;EUR;LU;OUI;ESG ETF art. 8;Euronext;2026-08-04;BBG01R1WQQF5;AEUSE;BNP EASY EUROPE ESG ENH;ETP;FP;OK
LU2898088419;OSSETFSOEST7ETFP;SNTE;ETF;ETF Plus;EUR;LU;OUI;ESG ETF art. 8;Euronext;2026-08-04;BBG01QZCKPM4;SNTE;OSSIAM SERENITY EURO;ETP;GR;OK
LU2903252349;XTRETFACWEIMETFP;SCWX;ETF;ETF Plus;EUR;LU;OUI;-;Euronext;2026-08-04;BBG01R03GSB1;SCWX;SC MSCI AC WORLD X 1C;ETP;GR;OK
LU2914558916;BNPETFEPRACTXPAR;GREAD;ETF;Euronext Paris;EUR;LU;OUI;ESG ETF art. 8;Euronext;2026-08-04;BBG01S0VZ795;GREAD;BNP EASY EPRA EUR GREEN CTB;ETP;FP;OK
LU2941599081;JANActJCL0ETFP;JCL0;ETF;ETF Plus;EUR;LU;OUI;-;Euronext;2026-08-04;BBG01RJNG965;JCL0;JANUS HEN EUR AAA CLO EUR A;ETP;GR;OK
LU2941599164;JANActJCLDETFP;JCLD;ETF;ETF Plus;EUR;LU;OUI;ESG ETF art. 8;Euronext;2026-08-04;BBG01W45TBY9;JCLD;JANUS HEN EUR AAA CLO EUR D;ETP;GR;OK
LU2951555403;IMGACTDBMFEXPAR;DBMFE;ETF;Euronext Paris;EUR;LU;OUI;-;Euronext;2026-08-04;BBG01SVDNX06;DBMFE;IMGP DBI MNG FUT FD RU UE-RE;ETP;FP;OK
LU2951555585;IMGACTDBMFXPAR;DBMF;ETF;Euronext Paris - Multi-currency Trading;USD;LU;OUI;-;Euronext;2026-08-04;BBG01SVDN5V3;DBMF;IMGP DBI MNG FUT FD RU UE-RU;ETP;FP;OK
LU2976311444;YouETFHE7514ETFP;YIUUH;ETF;ETF Plus;EUR;LU;OUI;ESG ETF art. 8;Euronext;2026-08-04;BBG01VBHLC28;YIUUH;YIS MSCI EUROPE UNIV-ETF H;ETP;IM;OK
LU2976312335;YouETFNE7007ETFP;YIEUS;ETF;ETF Plus;EUR;LU;OUI;ESG ETF art. 8;Euronext;2026-08-04;BBG01V9T2380;YIEUS;YIS MSCI EUROPE SELECT-ETF;ETP;IM;OK
LU2976312418;YouETFNE7177ETFP;YICAU;ETF;ETF Plus;EUR;LU;OUI;ESG ETF art. 8;Euronext;2026-08-04;BBG01VCYFBT0;YICAU;YIS MSCI CANADA UNIVER ETF;ETP;IM;OK
LU2976313655;YouETFHE7514ETFP;YIAUH;ETF;ETF Plus;EUR;LU;OUI;ESG ETF art. 8;Euronext;2026-08-04;BBG01VD02M40;YIAUH;YIS MSCI NORTH AM UNIV-ETF H;ETP;IM;OK
LU2976313812;YouETFNE7162ETFP;YIJU;ETF;ETF Plus;EUR;LU;OUI;ESG ETF art. 8;Euronext;2026-08-04;BBG01TX4SSM4;YIJU;YIS MSCI JAP UNIVERSAL-ETF;ETP;IM;OK
LU2976314208;YouETFHE7514ETFP;YIJUH;ETF;ETF Plus;EUR;LU;OUI;ESG ETF art. 8;Euronext;2026-08-04;BBG01V8T83H5;YIJUH;YIS MSCI JAP UNIVERSAL-ETF H;ETP;IM;OK
LU2976314463;YouETFNE7177ETFP;YIPU;ETF;ETF Plus;EUR;LU;OUI;ESG ETF art. 8;Euronext;2026-08-04;BBG01TW4T642;YIPU;YIS MSCI PAC EXJP UNIV-ETF;ETP;IM;OK
LU2976314620;YouETFHE7514ETFP;YIPUH;ETF;ETF Plus;EUR;LU;OUI;ESG ETF art. 8;Euronext;2026-08-04;BBG01VBJVTC5;YIPUH;YIS MSCI PAC EXJP UNIV-ETF H;ETP;IM;OK
LU2976315601;YouETFMXEMEUETFP;YIEMU;ETF;ETF Plus;EUR;LU;OUI;ESG ETF art. 8;Euronext;2026-08-04;BBG01TW5RL11;YIEMU;YIS MSCI EMU UNIVERSAL-ETF;ETP;IM;OK
LU2976315866;YouETFMXEUEUETFP;YIEUU;ETF;ETF Plus;EUR;LU;OUI;ESG ETF art. 8;Euronext;2026-08-04;BBG01TW4VH27;YIEUU;YIS MSCI EUROPE UNIV-ETF;ETP;IM;OK
LU2976318613;YouETFJNUCITETFP;YIIG3;ETF;ETF Plus;EUR;LU;OUI;-;Euronext;2026-08-04;BBG01VHL1MD1;YIIG3;YIS 1-3Y ITALIAN GOVT BD;ETP;IM;OK
LU2976318886;YouETFJNUCI2ETFP;YIIG5;ETF;ETF Plus;EUR;LU;OUI;-;Euronext;2026-08-04;BBG01VHKVC88;YIIG5EUR;YIS 3-5 YEAR ITALIAN GOV BND;ETP;EP;OK
LU2976319009;YouETFJNUCITETFP;YII5P;ETF;ETF Plus;EUR;LU;OUI;-;Euronext;2026-08-04;BBG01VHKS8P2;YII5PEUR;YIS 5+YEAR ITALIAN GOVT BOND;ETP;EP;OK
LU2976320437;YouETFJNUC13ETFP;YIEG3;ETF;ETF Plus;EUR;LU;OUI;ESG ETF art. 8;Euronext;2026-08-04;BBG01VHKD0R3;YIEG3EUR;YIS 1-3 YEAR EMU GOVT BND;ETP;EP;OK
LU2976320601;YouETFJNUC35ETFP;YIEG5;ETF;ETF Plus;EUR;LU;OUI;ESG ETF art. 8;Euronext;2026-08-04;BBG01VHLH2D8;YIEG5EUR;YIS 3-5Y EMU GOVT BOND;ETP;EP;OK
LU2976320866;YouETFJNUC5PETFP;YIE5P;ETF;ETF Plus;EUR;LU;OUI;ESG ETF art. 8;Euronext;2026-08-04;BBG01VHKTFT1;YIE5PEUR;YIS 5+ YEAR EMU GOVERNMT BND;ETP;EP;OK
LU2976321161;YouETFJNUC10ETFP;YIE10;ETF;ETF Plus;EUR;LU;OUI;ESG ETF art. 8;Euronext;2026-08-04;BBG01VHKRHW5;YIE10;YIS 1-10 YEAR EMU GOVT BOND;ETP;IM;OK
LU2976321328;YouETFJNUCEUETFP;YIEG;ETF;ETF Plus;EUR;LU;OUI;ESG ETF art. 8;Euronext;2026-08-04;BBG01VHKTK83;YIEGEUR;YIS EMU GOVERNMENT BOND;ETP;EP;OK
LU2993390769;BNPETFSP500ETFP;SPTRE;ETF;ETF Plus | Euronext Paris;EUR;LU;OUI;-;Euronext;2026-08-04;BBG01TCHLW46;SPTRE;BNP EASY S&P 500 II;ETP;FP;OK
LU2993390843;BNPETFSP500XPAR;SPTRH;ETF;Euronext Paris;EUR;LU;OUI;-;Euronext;2026-08-04;BBG01TCHLWM6;SPTRH;BNP EASY S&P 500 II EH;ETP;FP;OK
LU2993392898;BNPETFGBIEIGETFP;GEU7C;ETF;ETF Plus | Euronext Paris;EUR;LU;OUI;ESG ETF art. 8;Euronext;2026-08-04;BBG01V4SRHS7;GEU7C;BNP PAR EASY JPM TILT EMU-UC;ETP;FP;OK
LU2993394241;BNPACTQEIGXPAR;QEIG;ETF;Euronext Paris;EUR;LU;OUI;ESG ETF art. 8;Euronext;2026-08-04;BBG01VW267G1;QEIG;BNP PARIBA EASY ALPHA ENH-UA;ETP;FP;OK
LU2993402101;BNPACTQEURXPAR;QEUR;ETF;Euronext Paris;EUR;LU;OUI;ESG ETF art. 8;Euronext;2026-08-04;BBG01VW25VR7;QEUR;BNP EASY ALPHA EUROPE;ETP;FP;OK
LU2994521073;JANActJAAEETFP;JAAE;ETF;ETF Plus;EUR;LU;OUI;-;Euronext;2026-08-04;BBG01TLFKYV7;JAAE;JANUS HEN USD AAA CLO EURH A;ETP;GR;OK
LU2997383372;OSSETFSP500XPAR;0USE;ETF;Euronext Paris;EUR;LU;OUI;-;Euronext;2026-08-04;BBG01TB26R66;0USE;OSSIAM S&P500;ETP;GR;OK
LU3000546336;BNPETFBUSCXFXPAR;USCBH;ETF;Euronext Paris;EUR;LU;OUI;ESG ETF art. 8;Euronext;2026-08-04;BBG01SR2TZF8;USCBH;BNP EASY US CORP SRI EH;ETP;FP;OK
LU3008629340;AILETFNE7211ETFP;DXEZ;ETF;ETF Plus;EUR;LU;OUI;ESG ETF art. 8;Euronext;2026-08-04;BBG01SR0NP51;DXEZ;D-X MSCI EMU SCRND UCITS ETF;ETP;IM;OK
LU3024069877;IMGACTMFA8XPAR;MFA8;ETF;Euronext Paris - Multi-currency Trading;USD;LU;OUI;ESG ETF art. 8;Euronext;2026-08-04;BBG01SSP1DP4;MFA8;IMGP DBI MF EX-COMMODITIES;ETP;FP;OK
LU3025345516;BNPETFSOESTRETFP;CASHE;ETF;ETF Plus | Euronext Paris;EUR;LU;OUI;-;Euronext;2026-08-04;BBG01VL93L52;CASHE;BNP PAR EASY EUR OVE UCIT-UA;ETP;FP;OK
LU3025346910;BNPETFGBEIGXPAR;GE110;ETF;Euronext Paris;EUR;LU;OUI;ESG ETF art. 8;Euronext;2026-08-04;BBG01WTMV5Q4;GE110;BPE JEE GOV BD IG1 10Y UE-EA;ETP;FP;OK
LU3028243122;UBSActCLOETFP;CLO;ETF;ETF Plus;EUR;LU;OUI;ESG ETF art. 8;Euronext;2026-08-04;BBG01VT5J2N7;CLOEUA;UBS EUR AAA CLO UCITS ETF;ETP;SW;OK
LU3038520774;AMUETFSXDCRETFP;DEFS;ETF;ETF Plus | Euronext Paris;EUR;LU;OUI;-;Euronext;2026-08-04;BBG01TRKLMJ9;DEFS;AM STOXX EUROPE DEFENSE ACC;ETP;FP;OK
LU3046359165;AMUETFH37162XPAR;EBBU;ETF;Euronext Paris - Multi-currency Trading;USD;LU;OUI;ESG ETF art. 8;Euronext;2026-08-04;BBG01TYWKD79;EBBU;AMDI E CRP BD 1-5Y H C;ETP;FP;OK
LU3046617802;OSSETFCACNRXPAR;0CAC;ETF;Euronext Paris;EUR;LU;OUI;-;Euronext;2026-08-04;BBG01VFSLCM8;0CAC;OSSIAM CAC 40 NR;ETP;FP;OK
LU3046617984;OSSETFMSDEE1XPAR;MEUR;ETF;Euronext Paris;EUR;LU;OUI;-;Euronext;2026-08-04;BBG01TYWSVX2;MEUR;OSSIAM MSCI EUROPE;ETP;GR;OK
LU3046618446;OSSETFBXIITIXPAR;SHTE;ETF;Euronext Paris;EUR;LU;OUI;-;Euronext;2026-08-04;BBG01W7BYXS6;SHTE;OSSIAM SR BARCLAYS CAPE ST;ETP;GR;OK
LU3047998896;BNPETFBSHIELETFP;GUARD;ETF;ETF Plus | Euronext Paris;EUR;LU;OUI;-;Euronext;2026-08-04;BBG01TNLX8R0;GUARD;BNP EASY BBG EUROPE DEFENSE;ETP;FP;OK
LU3053349364;YouETFM1USESETFP;YIUU2;ETF;ETF Plus;EUR;LU;OUI;ESG ETF art. 8;Euronext;2026-08-04;BBG01TW4ZLP9;YIUU2;YIS MSCI USA UNIVERSAL-ETF;ETP;IM;OK
LU3053349448;YouETFMXNAEUETFP;YINA2;ETF;ETF Plus;EUR;LU;OUI;ESG ETF art. 8;Euronext;2026-08-04;BBG01TW57NX4;YINA2;YIS MSCI NORTH AM UNIV-ETF;ETP;IM;OK
LU3053350024;YouETFNU7610ETFP;YIUGU;ETF;ETF Plus;EUR;LU;OUI;ESG ETF art. 8;Euronext;2026-08-04;BBG01Y8HHS44;YIUGU;YI SICAV-YIS MSCI GU /ETF;ETP;IM;OK
LU3053350610;YouETFSESGIMETFP;YIUS2;ETF;ETF Plus;EUR;LU;OUI;ESG ETF art. 8;Euronext;2026-08-04;BBG01VCWQNG0;YIUS2;YIS MSCI USA SELECTION-ETF;ETP;IM;OK
LU3053351261;YouETFJPMTU1ETFP;YIUG3;ETF;ETF Plus;EUR;LU;OUI;-;Euronext;2026-08-04;BBG01VHLZCC7;YIUG3EUR;YIS 1-3Y US GOVT BOND;ETP;EP;OK
LU3053352152;YouETFJNUCEUETFP;YIUGH;ETF;ETF Plus;EUR;LU;OUI;-;Euronext;2026-08-04;BBG01VHM0WT1;YIUGHEUR;YIS US GOVERNMENT BOND;ETP;EP;OK
LU3061478973;XTRETFSXDSCRETFP;XDEF;ETF;ETF Plus;EUR;LU;OUI;-;Euronext;2026-08-04;BBG01W9CWR98;XDEF;XEUROPE DEFENCE TECHNOLOG 1C;ETP;GR;OK
LU3065087333;UBSETFMDBS2XETFP;MDB1;ETF;ETF Plus;EUR;LU;OUI;-;Euronext;2026-08-04;BBG01VZ8V2K3;MDB1;UBS SUST DEV BB 1-5 ETF;ETP;IM;OK
LU3065090717;UBSETFMDBE15ETFP;MDB1D;ETF;ETF Plus;EUR;LU;OUI;ESG ETF art. 9;Euronext;2026-08-04;BBG01ZCJH5X0;MDB1D;UBS SUST DEV BB 1-5 ETF HED;ETP;IM;OK
LU3065094974;UBSETFMDBE15ETFP;MDB1E;ETF;ETF Plus;EUR;LU;OUI;-;Euronext;2026-08-04;BBG01VZ8V2T4;MDB1E;UBS SUST DEV BB 1-5 ETF;ETP;IM;OK
LU3078637314;OSSETFSEMUIMXPAR;0EMU;ETF;Euronext Paris;EUR;LU;OUI;-;Euronext;2026-08-04;BBG01VPV0QQ8;0EMU;OSSIAM MSCI EMU;ETP;GR;OK
LU3078637660;OSSETFMSTRUSXPAR;0SWE;ETF;Euronext Paris;EUR;LU;OUI;-;Euronext;2026-08-04;BBG01XRW6VK9;0SWE;OSSIAM MSCI WORLD;ETP;GR;OK
LU3079566835;UBSActETYETFP;ETY;ETF;ETF Plus;EUR;LU;OUI;-;Euronext;2026-08-04;BBG01WR92KV8;EUTYP;UBS EUR TR YIE PLU UCITS ETF;ETP;SW;OK
LU3079567056;UBSActUTYETFP;UTY;ETF;ETF Plus;EUR;LU;OUI;-;Euronext;2026-08-04;BBG01WR9TQ00;USTYP;UBS USD TR YIE PLU UCITS ETF;ETP;SW;OK
LU3086262709;BNPETFGBIEIGXPAR;GE710;ETF;Euronext Paris;EUR;LU;OUI;ESG ETF art. 8;Euronext;2026-08-04;BBG01X0LNH51;GE710;BNP PAR EASY JPM TIL EMU-EUR;ETP;FP;OK
LU3086268227;BNPACTAEMUSXPAR;AEMUS;ETF;Euronext Paris;EUR;LU;OUI;ESG ETF art. 8;Euronext;2026-08-04;BBG01WW8PVP2;AEMUS;BNPP EASY ESG ENHANCED EMU;ETP;FP;OK
LU3086268573;BNPETFSMEAIMXPAR;UEFA;ETF;Euronext Paris;EUR;LU;OUI;-;Euronext;2026-08-04;BBG01Y38KRH3;UEFA;BNP PARIBAS EASY MSCI EUROPE;ETP;FP;OK
LU3086269894;BNPETFMSDEJNXPAR;FUJI;ETF;Euronext Paris;EUR;LU;OUI;-;Euronext;2026-08-04;BBG01Y396KD6;FUJI;BNP PARIBAS EASY MSCI JAPAN;ETP;FP;OK
LU3086388124;AMUETFMXEUSCXPAR;EUSC;ETF;Euronext Paris;EUR;LU;OUI;ESG ETF art. 8;Euronext;2026-08-04;BBG01X2HV8H6;EUSC;AMUD MSCI EUROPE SCR ETF ACC;ETP;FP;OK
LU3116008346;XTRActXEQ2ETFP;XEQ2;ETF;ETF Plus;EUR;LU;OUI;-;Euronext;2026-08-04;BBG01ZT21RB2;XEQ2;XTRCTR DIV PRT 20 EQ ETF;ETP;GR;OK
LU3116008429;XTRActXEQ4ETFP;XEQ4;ETF;ETF Plus;EUR;LU;OUI;-;Euronext;2026-08-04;BBG01ZSYR7J1;XEQ4;X GLOBAL DIV PF 40 EQ 1C;ETP;GR;OK
LU3116008692;XTRActXEQ6ETFP;XEQ6;ETF;ETF Plus;EUR;LU;OUI;-;Euronext;2026-08-04;BBG01ZSYXPP7;XEQ6;X GLOBAL DIV PF 60 EQ 1C;ETP;GR;OK
LU3116008775;XTRActXEQ8ETFP;XEQ8;ETF;ETF Plus;EUR;LU;OUI;-;Euronext;2026-08-04;BBG01ZSZGTC9;XEQ8;X GLOBAL DIV PF 80 EQ 1C;ETP;GR;OK
LU3119430067;XTRETFIBXXT1ETFP;XEZ1;ETF;ETF Plus;EUR;LU;OUI;ESG ETF art. 8;Euronext;2026-08-04;BBG01YGN2389;XEZ1;X EURZ GOVT BOND 1-3 ESG 1C;ETP;GR;OK
LU3119430141;XTRETFIBXXT3ETFP;XEZ3;ETF;ETF Plus;EUR;LU;OUI;ESG ETF art. 8;Euronext;2026-08-04;BBG01YGNFDN6;XEZ3;XTRCKRS II EGB 3-5 ESG ETF;ETP;GR;OK
LU3119430224;XTRETFIBXXT5ETFP;XEZ5;ETF;ETF Plus;EUR;LU;OUI;ESG ETF art. 8;Euronext;2026-08-04;BBG01YGN20Z5;XEZ5;X EURZ GOVT BOND 5-7 ESG 1C;ETP;GR;OK
LU3119430497;XTRETFIBXXT7ETFP;XEZ7;ETF;ETF Plus;EUR;LU;OUI;ESG ETF art. 8;Euronext;2026-08-04;BBG01YGMDMM1;XEZ7;X EURZ GOVT BOND 7-10 ESG 1C;ETP;GR;OK
LU3119430570;XTRETFIBXXT1ETFP;XZ10;ETF;ETF Plus;EUR;LU;OUI;ESG ETF art. 8;Euronext;2026-08-04;BBG01YGM75Y2;XZ10;X EURZ GOVT BOND 10+ ESG 1C;ETP;GR;OK
LU3119987140;YouETFMFCOEEETFP;YEICB;ETF;ETF Plus;EUR;LU;OUI;ESG ETF art. 8;Euronext;2026-08-04;BBG01Y8DSPX5;YEICB;YIS MSCI IG ESG CB/ETF;ETP;IM;OK
LU3119988031;YouETFMFCOEYETFP;YEHCB;ETF;ETF Plus;EUR;LU;OUI;ESG ETF art. 8;Euronext;2026-08-04;BBG01Y8GL9C4;YEHCBEUR;YIS MSCI EUR HY ESG SC BOND;ETP;EP;OK
LU3120976132;AMUETFCFIIEBXPAR;FM30;ETF;Euronext Paris;EUR;LU;OUI;-;Euronext;2026-08-04;BBG01YBXG4X7;FM30;AMUD FX MAT 2030 GOVEB;ETP;FP;OK
LU3121015138;STAActSEZAETFP;SEZA;ETF;ETF Plus;EUR;LU;OUI;ESG ETF art. 8;Euronext;2026-08-04;BBG01W9CW5Z7;STSESUE;STATE STRT EMU SCR-UCIT ETF;Open-End Fund;LX;OK
LU3121015211;STAActSEMRETFP;SEMR;ETF;ETF Plus;EUR;LU;OUI;ESG ETF art. 8;Euronext;2026-08-04;BBG01W9CW612;SSEMSUE;ST STR EMR MKT SCR EE-UC ETF;Open-End Fund;LX;OK
LU3121015302;STAActSECMETFP;SECM;ETF;ETF Plus;EUR;LU;OUI;ESG ETF art. 8;Euronext;2026-08-04;BBG01W9CW5Y8;SSCTEUE;SS CL TRN EMRG MRKT EEF-UE;Open-End Fund;LX;OK
LU3121015484;STAActSEAPETFP;SEAP;ETF;ETF Plus;EUR;LU;OUI;ESG ETF art. 8;Euronext;2026-08-04;BBG01W9CW630;SSESCUE;ST STR EU SMLCP SCR-UCI ETF;Open-End Fund;LX;OK
LU3121015567;STAActSEPEETFP;SEPE;ETF;ETF Plus;EUR;LU;OUI;ESG ETF art. 8;Euronext;2026-08-04;BBG01W9CW621;STAESUE;STAT STRT EUR SCRND EEF-UE;Open-End Fund;LX;OK
LU3121015641;STAActSGBEETFP;SGBE;ETF;ETF Plus;EUR;LU;OUI;ESG ETF art. 8;Euronext;2026-08-04;BBG01W9CW603;STAGEUE;STATE STREET GS ENHN EF-UE;Open-End Fund;LX;OK
LU3132432900;AILETFBCMCTGETFP;DXDC;ETF;ETF Plus | Euronext Amsterdam - Multi-currency Trading;EUR;LU;OUI;-;Euronext;2026-08-04;BBG01WZS06P7;DXDC;D-X BBG DIV COMDTY AND METAL;ETP;IM;OK
LU3132433031;AILETFBCCTGMETFP;DXDCH;ETF;ETF Plus;EUR;LU;OUI;-;Euronext;2026-08-04;BBG01XF5D986;DXDCH;D-X BLOOMBERG  DC AND SM ETF;ETP;IM;OK
LU3138596146;OSSETFNDDLCAXPAR;0UCA;ETF;Euronext Paris;EUR;LU;OUI;-;Euronext;2026-08-04;BBG021JZXCK2;0UCA;OSSIAM MSCI CANADA;ETP;FP;OK
LU3138597383;OSSActGLOBXPAR;GLOB;ETF;Euronext Paris;EUR;LU;OUI;ESG ETF art. 8;Euronext;2026-08-04;BBG01WCQ9BJ3;GLOB;OSSIAM GLOBAL PERSPECTIVES;ETP;FP;OK
LU3142893745;MOSActBBLOKXPAR;BBLOK;ETF;Euronext Paris;EUR;LU;OUI;ESG ETF art. 8;Euronext;2026-08-04;BBG01ZFQK558;BBLOK;TOBAM GLBL BLOCKCHAIN EF-ETF;ETP;FP;OK
LU3147499878;YouETFM1WOESETFP;YIWUU;ETF;ETF Plus;EUR;LU;OUI;ESG ETF art. 8;Euronext;2026-08-04;BBG01X3HJYK8;YIWUU;YIS MSCI WORLD UNIVERSAL;ETP;IM;OK
LU3147499951;YouETFDESGIMETFP;YIWSU;ETF;ETF Plus;EUR;LU;OUI;ESG ETF art. 8;Euronext;2026-08-04;BBG01X3HG9B6;YIWSU;YIS MSCI WORLD SELECTION;ETP;IM;OK
LU3152892546;XTRETFI40158ETFP;XB35;ETF;ETF Plus;EUR;LU;OUI;-;Euronext;2026-08-04;BBG01YDPNR90;XB35;X TARGET MAT 35 EUR CORP 1D;ETP;GR;OK
LU3152892629;XTRETFI40157ETFP;XB36;ETF;ETF Plus;EUR;LU;OUI;-;Euronext;2026-08-04;BBG01YGMDNK1;XB36;XTRACKERS II TM SEP 36 ETF;ETP;GR;OK
LU3173209654;BNPETFMSTRUSXPAR;GLOEU;ETF;Euronext Paris;EUR;LU;OUI;-;Euronext;2026-08-04;BBG01ZKL6WW0;GLOEU;BNPP EASY MSCI WORLD II;ETP;FP;OK
LU3174346000;GLOActOFIEUXPAR;OFIEU;ETF;Euronext Paris;EUR;LU;OUI;ESG ETF art. 8;Euronext;2026-08-04;BBG01XXH15J9;OFIEU;OFI INV EMU EQTY ACTIVE ETF;ETP;FP;OK
LU3174346182;GLOActOFIUSXPAR;OFIUS;ETF;Euronext Paris;EUR;LU;OUI;ESG ETF art. 8;Euronext;2026-08-04;BBG01XXFFPY7;OFIUS;OFI INV US EQTY ACTIVE ETF;ETP;FP;OK
LU3180074463;MULETFEUSTAUXPAR;INDEP;ETF;Euronext Paris;EUR;LU;OUI;-;Euronext;2026-08-04;BBG01Y0MR185;INDEP;AMUD EUROPEAN STRG AUTONOMY;ETP;FP;OK
LU3195985372;INDActIEMIDXPAR;IEMID;ETF;Euronext Paris;EUR;LU;OUI;ESG ETF art. 8;Euronext;2026-08-04;BBG01YZHCLG1;IEMID;INDEPENDA AM EUROP MID-CEA;ETP;FP;OK
LU3215536486;BNPETFM7EMXPAR;EUZON;ETF;Euronext Paris;EUR;LU;OUI;-;Euronext;2026-08-04;BBG01ZCJ6CZ5;EUZON;BNPP EASY MSCI EMU;ETP;FP;OK
LU3215538003;BNPETFGGOVIMXPAR;IGOV;ETF;Euronext Paris;EUR;LU;OUI;-;Euronext;2026-08-04;BBG021Y16T14;IGOV;BNP PBS JPM GBL GVT BD - ACC;ETP;FP;OK
LU3215539589;BNPETFGBIEIGXPAR;GE01;ETF;Euronext Paris;EUR;LU;OUI;ESG ETF art. 8;Euronext;2026-08-04;BBG020R9J052;GE01;BNP PARI JPM EMU GB IG 0-1Y;ETP;FP;OK
LU3215541056;BNPETFSOESTRXPAR;OVNI;ETF;Euronext Paris;EUR;LU;OUI;-;Euronext;2026-08-04;BBG02100ZHW3;OVNI;BNP EASY EUR OVERNIGHT PEA;ETP;FP;OK
LU3227156927;YOUActYARA2ETFP;YARA2;ETF;ETF Plus;EUR;LU;OUI;ESG ETF art. 8;Euronext;2026-08-04;BBG01ZHBM2D5;YARA2;YAS ROBOTICS ACTIVE ETF;ETP;IM;OK
LU3243907741;BNPETFACWIIMXPAR;ALLCE;ETF;Euronext Paris;EUR;LU;OUI;-;Euronext;2026-08-04;BBG01YZ780Y4;ALLCE;BNP PARIBAS EASY MSCI ACWI;ETP;FP;OK
LU3243965608;EXAActEXSEXPAR;EXSE;ETF;Euronext Paris;EUR;LU;OUI;ESG ETF art. 8;Euronext;2026-08-04;BBG021B7HCR3;EXSE;EXANE 2-EQ SEL FOC ER-UC ETF;ETP;FP;OK
LU3243965780;EXAActEXSXPAR;EXS;ETF;Euronext Paris;EUR;LU;OUI;ESG ETF art. 8;Euronext;2026-08-04;BBG021B79089;EXS;EXANE EQT SLT EURP-UCITS ETF;ETP;FP;OK
LU3249968184;YouETFNNASIUETFP;YINAS;ETF;ETF Plus;EUR;LU;OUI;ESG ETF art. 8;Euronext;2026-08-04;BBG01ZHBPJ63;YINASUSD;YIS MSCI NA SEL ETF;ETP;EP;OK
LU3256186639;BNPETFM1WOUXPAR;NOUSA;ETF;Euronext Paris;EUR;LU;OUI;-;Euronext;2026-08-04;BBG021YPSQC1;NOUSA;BNPP EASY MSCI WORLD EX USA;ETP;FP;OK
LU3257630437;BNPETFM1EFXPAR;BRIX;ETF;Euronext Paris;EUR;LU;OUI;-;Euronext;2026-08-04;BBG01ZKJ7CW8;BRIX;BNPP EASY MSCI EMERG;ETP;FP;OK
LU3281687312;oneETFMXEUEUETFP;CCNA;ETF;ETF Plus;EUR;LU;OUI;ESG ETF art. 8;Euronext;2026-08-04;BBG021C5QYK5;CCNA;ONEMARKETS M EUR UCITS ETF;ETP;IM;OK
LU3281687668;oneETFNE7126ETFP;CCNB;ETF;ETF Plus;EUR;LU;OUI;ESG ETF art. 8;Euronext;2026-08-04;BBG021C64ZQ8;CCNB;ONEMARKETS MSCI USA ETF;ETP;IM;OK
LU3281687825;oneETFNE7126ETFP;CCNC;ETF;ETF Plus;EUR;LU;OUI;ESG ETF art. 8;Euronext;2026-08-04;BBG021C6K6F6;CCNC;ONEMARKETS MSCI WORLD ETF;ETP;IM;OK
LU3281688120;oneETFNE7126ETFP;CCNE;ETF;ETF Plus;EUR;LU;OUI;ESG ETF art. 8;Euronext;2026-08-04;BBG021C5FXM7;CCNE;ONEMARKT MSCI EM UNIVRSL ETF;ETP;IM;OK
LU3281688476;oneETFMF7554ETFP;CCNG;ETF;ETF Plus;EUR;LU;OUI;-;Euronext;2026-08-04;BBG021C7FR91;CCNG;ONEMARKETS MSCI EUGBD 1Y ETF;ETP;IM;OK
LU3281688633;oneETFMFGORTETFP;CCNH;ETF;ETF Plus;EUR;LU;OUI;-;Euronext;2026-08-04;BBG021C9LJ07;CCNH;ONEMARKETS MSCI EUGV BD ETF;ETP;IM;OK
LU3281688807;oneETFMFUNIGETFP;CCNI;ETF;ETF Plus;EUR;LU;OUI;ESG ETF art. 8;Euronext;2026-08-04;BBG021CFVC34;CCNI;ONEMARKETS EUIG CORP ETF;ETP;IM;OK
LU3299677271;AMUETFSXCCTIXPAR;MSET;ETF;Euronext Paris;EUR;LU;OUI;-;Euronext;2026-08-04;BBG02210RH31;MSET;AMNDI ER STOXX 50 TGT - DIST;ETP;FP;OK
LU3299677438;AMUETFNDXTIIXPAR;NSDT;ETF;Euronext Paris;EUR;LU;OUI;-;Euronext;2026-08-04;BBG021Z8YZW9;NSDT;AMUNDI NAS-100 TRGT INC-DIST;ETP;FP;OK
LU3307215619;BNPActBFRMXPAR;BFRM;ETF;Euronext Paris;EUR;LU;OUI;-;Euronext;2026-08-04;BBG02210W1C0;BFRM;BNP PRBS ES ERP EB JUN - ACC;ETP;FP;OK
LU3307218399;BNPActFOLOWXPAR;FOLOW;ETF;Euronext Paris;EUR;LU;OUI;-;Euronext;2026-08-04;BBG02211QPH7;FOLOW;BNP PRIBS ESY MNGD FTR - ACC;ETP;FP;OK
LU3307219520;BNPActPRINTXPAR;PRINT;ETF;Euronext Paris;EUR;LU;OUI;-;Euronext;2026-08-04;BBG02212W9S2;PRINT;BNP EASY EQ PREM INC ETF ACC;ETP;FP;OK
LU3307220965;BNPActSLEEKXPAR;SLEEK;ETF;Euronext Paris;EUR;LU;OUI;-;Euronext;2026-08-04;BBG02211SGV9;SLEEK;BNP EASY GLB E L/S ETF ACC;ETP;FP;OK
LU3322521785;AB ActEBNDETFP;EBND;ETF;ETF Plus;EUR;LU;OUI;ESG ETF art. 8;Euronext;2026-08-04;BBG021N2LKP0;EBND;AB EURO CORP BOND PORT;ETP;GR;OK
LU3322522080;AB ActGLIGETFP;GLIG;ETF;ETF Plus;EUR;LU;OUI;ESG ETF art. 8;Euronext;2026-08-04;BBG021QP4S78;GLIG;AB GLOBAL CORP BOND PORT;ETP;LN;OK
LU3322522163;AB ActFWDETFP;FWD;ETF;ETF Plus;EUR;LU;OUI;ESG ETF art. 8;Euronext;2026-08-04;BBG022LFX893;FWD;AB SICAV I GLBL DSPT PRT ETF;ETP;LN;OK
LU3322522247;AB ActGLRAETFP;GLRA;ETF;ETF Plus;EUR;LU;OUI;ESG ETF art. 8;Euronext;2026-08-04;BBG022MCC240;GLRD;AB GLBL SRCH ADVNC PRTFL ETF;ETP;LN;OK
LU3322522593;AB ActEYEGETFP;EYEG;ETF;ETF Plus;EUR;LU;OUI;ESG ETF art. 8;Euronext;2026-08-04;BBG021N2M9W6;EYEG;AB USD CORP BOND PORT;ETP;LN;OK
LU3333848920;UBSETFMDB15JETFP;MDB1Y;ETF;ETF Plus;EUR;LU;OUI;ESG ETF art. 9;Euronext;2026-08-04;BBG022ZQ7WX3;MDB1Y;UBS-SUS DEV BANK B1-5-H JPYA;Open-End Fund;LX;OK
LU3333849068;UBSETFMDB510ETFP;MDB5Y;ETF;ETF Plus;EUR;LU;OUI;ESG ETF art. 9;Euronext;2026-08-04;BBG022YFMF59;MDB5Y;UBS SDB 5 10-UCI ETF HJ ACC;Open-End Fund;LX;OK
LU3334220699;IMGActSARFXPAR;SARF;ETF;Euronext Paris;EUR;LU;OUI;ESG ETF art. 8;Euronext;2026-08-04;BBG021M567J7;SARF;IMGP SIRS ABSLT RTRN FND/ETF;ETP;FP;OK
LU3351069201;BNPETFMXWMTEXPAR;WEXUS;ETF;Euronext Paris;EUR;LU;OUI;-;Euronext;2026-08-04;BBG022JDXNV3;WEXUS;BNP PARIBAS EASY MSCI WLD EX;ETP;FP;OK
LU3384730795;IMGActPEHYXPAR;PEHY;ETF;Euronext Paris;EUR;LU;OUI;ESG ETF art. 8;Euronext;2026-08-04;BBG022NKBH21;PEHY;IMGP EUROPN HGH YLD FUND ETF;ETP;FP;OK
LU3411931689;IMGActITALETFP;ITAL;ETF;ETF Plus;EUR;LU;OUI;-;Euronext;2026-08-04;BBG0230L0N12;ITAL;IMGP ITALIAN OPRTNTY FND/ETF;ETP;IM;OK
MT7000024006;AQA COLOMBO EXTR R;CXR;OPCVM;ATFund Instruments;EUR;MT;OUI;;Euronext;2026-08-04;BBG00NDXVFP7;AQACLDE;AQA COLOMBO EXTRA RETRND ETF;Open-End Fund;MV;OK
MT7000039640;Eq Opp Class B EUR;RIEO1B;OPCVM;ATFund Instruments;EUR;MT;OUI;;Euronext;2026-08-04;BBG024BFYBL8;RIEO1B;EQUITY OPPORTUNITY 1 - B EUR;Open-End Fund;IM;OK
NL0000286045;GS NORTH AMER FD;GSNA;OPCVM;Euronext Amsterdam;EUR;NL;OUI;;Euronext;2026-08-04;BBG000BXGMG1;GSNA;GS NA EQ FUND NL-P;Open-End Fund;NA;OK
NL0000286318;GS EQ INV FD;GSEIF;OPCVM;Euronext Amsterdam;EUR;NL;OUI;;Euronext;2026-08-04;BBG000BC0777;GSEIF;GS EQ INVESTMENT FUND NL-P;Open-End Fund;NA;OK
NL0000287084;OPTIMIX INCOM FD C;OPTIN;OPCVM;Euronext Amsterdam;EUR;NL;OUI;;Euronext;2026-08-04;BBG000BNZL92;OPTIN;OPTIMIX INCOME FUND;Open-End Fund;NA;OK
NL0000287100;OPTIMIX MIX FD   E;OPTMF;OPCVM;Euronext Amsterdam;EUR;NL;OUI;;Euronext;2026-08-04;BBG000BYTML9;OPTIMIX;OPTIMIX MIX FUND;Fund of Funds;NA;OK
NL0000287126;OPTIMIX EMERG MKTS;OPEMF;OPCVM;Euronext Amsterdam;EUR;NL;OUI;;Euronext;2026-08-04;BBG000L8XL78;OPTEMMK;OPTIMIX EMERGING MARKETS FD;Open-End Fund;NA;OK
NL0000288736;ROLINCO CUMPREF;ROLPR;OPCVM;Euronext Amsterdam;EUR;NL;OUI;;Euronext;2026-08-04;BBG000008492;RLINP 6.5 PERP;ROLINCO NV;PUBLIC;EURONEXT-AMSTER;OK
NL0000289627;KEMPEN ORANGE FD;KORAF;OPCVM;Euronext Amsterdam;EUR;NL;OUI;;Euronext;2026-08-04;BBG000BD0HW5;KORAF;KEMPEN ORANGE FUND NV;Open-End Fund;NA;OK
NL0000289783;Rob GSEF EUR E;ROBA;OPCVM;Euronext Amsterdam;EUR;NL;OUI;;Euronext;2026-08-04;BBG000BCB6D0;ROB;ROBECO GBL STARS EQS FD-EEUR;Open-End Fund;SW;OK
NL0000289817;ROLINCO;ROLA;OPCVM;Euronext Amsterdam;EUR;NL;OUI;;Euronext;2026-08-04;BBG000BCBDP2;RLN;ROLINCO NV;Open-End Fund;SW;OK
NL0000289858;GS HOOG DIV A FD;GSHDA;OPCVM;Euronext Amsterdam;EUR;NL;OUI;;Euronext;2026-08-04;BBG000CL2NB4;GSHDA;GS HOOG DIVAANDELEN FD NL-P;Open-End Fund;NA;OK
NL0000292225;GS EMERGING EUR FD;GSEEF;OPCVM;Euronext Amsterdam;EUR;NL;OUI;;Euronext;2026-08-04;BBG00GW6LWR2;NNEEFEUR;NN EMERGING EUROPE FUND;Open-End Fund;EO;OK
NL0000292332;GS EUROPE FD;GSEUF;OPCVM;Euronext Amsterdam;EUR;NL;OUI;;Euronext;2026-08-04;BBG000BFLGC1;GSEUF;GS EU  EQUITY  FUND NL-P;Open-End Fund;NA;OK
NL0000292746;GS EUR DUUR AAN FD;GSEDA;OPCVM;Euronext Amsterdam;EUR;NL;OUI;;Euronext;2026-08-04;BBG000C209Y4;GSEDA;GS EU DUURZAAMAANDELENFDNL-P;Open-End Fund;NA;OK
NL0000293140;GS DYN MIX FD I;GSDM1;OPCVM;Euronext Amsterdam;EUR;NL;OUI;;Euronext;2026-08-04;BBG000QR7D41;NNDM1;GS DYNAMIC MIX FUND I NL-P;Open-End Fund;NA;OK
NL0000293157;GS DYN MIX FD II;GSDM2;OPCVM;Euronext Amsterdam;EUR;NL;OUI;;Euronext;2026-08-04;BBG000QR83P9;NNDM2;GS DYNAMIC MIX FUND II NL-P;Open-End Fund;NA;OK
NL0000293165;GS DYN MIX FD III;GSDM3;OPCVM;Euronext Amsterdam;EUR;NL;OUI;;Euronext;2026-08-04;BBG000QR8609;GSDM3;GS DYNAMIC MIX FUND III NL-P;Open-End Fund;NA;OK
NL0000293173;GS DYN MIX FD IV;GSDM4;OPCVM;Euronext Amsterdam;EUR;NL;OUI;;Euronext;2026-08-04;BBG000QR87P0;NNDM4;GS DYNAMIC MIX FUND IV NL-P;Open-End Fund;NA;OK
NL0000293181;GS DYN MIX FD V;GSDM5;OPCVM;Euronext Amsterdam;EUR;NL;OUI;;Euronext;2026-08-04;BBG000QR88Q7;NNDM5;GS DYNAMIC MIX FUND V NL-P;Open-End Fund;NA;OK
NL0000293348;KE EUR HGHDV FD N;KEHDF;OPCVM;Euronext Amsterdam;EUR;NL;OUI;;Euronext;2026-08-04;BBG000BRQLP5;KEHDF;KEMPEN EUR HIGH DIV FND NV-N;Open-End Fund;NA;OK
NL0000440204;TRIODOS GROENFONDS;TRIGF;OPCVM;Euronext Amsterdam;EUR;NL;OUI;;Euronext;2026-08-04;BBG000BMZMZ3;TRIGF;TRIODOS GROENFONDS;Open-End Fund;NA;OK
NL0000440675;KEMPEN ORANJE PART;KORPT;OPCVM;Euronext Amsterdam;EUR;NL;OUI;;Euronext;2026-08-04;BBG00GW6MHD9;ORAPTEUR;KEMPEN ORANJE PARTICIPATIES;Open-End Fund;EO;OK
NL0000442077;GS WERELD MIX FD;GSMIX;OPCVM;Euronext Amsterdam;EUR;NL;OUI;;Euronext;2026-08-04;BBG005TTF3H2;NNMIX;GS WERELDWIJD MIX FONDS NL-P;Fund of Funds;NA;OK
NL0000442101;GS EUR RENTE FD;GSLRF;OPCVM;Euronext Amsterdam;EUR;NL;OUI;;Euronext;2026-08-04;BBG004VC9WV6;GSLRF;GS EURO RENTE FONDS NL-P;Open-End Fund;NA;OK
NL0006089229;KEMPEN GBL HDiv N;KGHDF;OPCVM;Euronext Amsterdam;EUR;NL;OUI;;Euronext;2026-08-04;BBG000TVVFZ3;KGHDF;KEMPEN GBL HIGH DIV NV KL N;Open-End Fund;NA;OK
NL0006238131;ROB AFRIKA FONDS;RAFRI;OPCVM;Euronext Amsterdam;EUR;NL;OUI;;Euronext;2026-08-04;BBG000G0LR26;RAFRI;ROBECO AFRIKA FONDS NV;Open-End Fund;NA;OK
NL0006294092;BNP ESG GPS IND FD;BGPSF;OPCVM;Euronext Amsterdam;EUR;NL;OUI;;Euronext;2026-08-04;BBG0057S7V58;BGPSF;BNP PARIBAS GL PROP SEC FUND;Open-End Fund;NA;OK
NL0006294167;BNP GL IN MF EQ FD;BGHEF;OPCVM;Euronext Amsterdam;EUR;NL;OUI;;Euronext;2026-08-04;BBG001M2YNF4;BGHEF;BNP PARIBAS GLOBAL INCOME MU;Open-End Fund;NA;OK
NL0006311706;Arcona Property Fd;ARCPF;OPCVM;Euronext Amsterdam;EUR;NL;OUI;;Euronext;2026-08-04;BBG000C5MWR0;ARCPF;ARCONA PROPERTY FUND NV;Closed-End Fund;NA;OK
NL0006311730;GS EUR SM CAPS FD;GSESC;OPCVM;Euronext Amsterdam;EUR;NL;OUI;;Euronext;2026-08-04;BBG000BV6H77;GSESC;GS EU SMCAP EQ FUND NL-P;Open-End Fund;NA;OK
NL0006311771;GS ENH INDX SUS EM;GSEME;OPCVM;Euronext Amsterdam;EUR;NL;OUI;;Euronext;2026-08-04;BBG000BRM057;GSEME;GS ENHIN SUS EM EQ FUND NL-P;Open-End Fund;NA;OK
NL0006311789;GS DUURZAAM AAN FD;GSDZA;OPCVM;Euronext Amsterdam;EUR;NL;OUI;;Euronext;2026-08-04;BBG000BFL0R0;GSDZA;GS DUURZAAM AANDELEN FD NL-P;Open-End Fund;NA;OK
NL0006311797;GS EUR OBLIG FD;GSEOF;OPCVM;Euronext Amsterdam;EUR;NL;OUI;;Euronext;2026-08-04;BBG000BFJ5S1;NNEOF;GS EURO OBLIGATIE FONDS NL-P;Open-End Fund;NA;OK
NL0006311805;GS GLOBAL FD;GSGLF;OPCVM;Euronext Amsterdam;EUR;NL;OUI;;Euronext;2026-08-04;BBG000BCJNR0;GSGLF;GS GLOBAL FUND NL-P;Open-End Fund;NA;OK
NL0006311813;GS GLOB HIYIELD FD;GSGHY;OPCVM;Euronext Amsterdam;EUR;NL;OUI;;Euronext;2026-08-04;BBG000D3SR44;GSGHY;GS GBL HY BND FUND NL-P;Open-End Fund;NA;OK
NL0006311839;GS GLOB OBL FD;GSGLO;OPCVM;Euronext Amsterdam;EUR;NL;OUI;;Euronext;2026-08-04;BBG000BF9D87;NNGLO;GS GBL OBLIGATIE FONDS NL-P;Open-End Fund;NA;OK
NL0006311847;GS GLOB R ESTAT FD;GSGLR;OPCVM;Euronext Amsterdam;EUR;NL;OUI;;Euronext;2026-08-04;BBG007PDKWD1;GSGLR;GS GBL REALES EQ FUND NL-P;Open-End Fund;NA;OK
NL0006311862;GS LION FD;GSLF;OPCVM;Euronext Amsterdam;EUR;NL;OUI;;Euronext;2026-08-04;BBG000BG6NS4;NNLF;GS LION FUND NL-P;Open-End Fund;NA;OK
NL0009265404;GS GLOB OPPORT FD;GSGOF;OPCVM;Euronext Amsterdam;EUR;NL;OUI;;Euronext;2026-08-04;BBG000H9C9G1;GSGOF;GS GBL SUST OPP EQ FUND NL-P;Open-End Fund;NA;OK
NL0009272749;VE AEX;TDT;ETF;Euronext Amsterdam, Brussels;EUR;NL;OUI;-;Euronext;2026-08-04;BBG000Q0TTM1;TDT;VANECK AEX UCITS ETF;ETP;NA;OK
NL0009272764;VE Conservative;DTM;ETF;Euronext Amsterdam, Brussels;EUR;NL;OUI;ESG ETF art. 8;Euronext;2026-08-04;BBG000Q0TZX5;DTM;VANECK CONSERVATIVE ALLOC;ETP;NA;OK
NL0009272772;VE Balanced;NTM;ETF;Euronext Amsterdam, Brussels;EUR;NL;OUI;ESG ETF art. 8;Euronext;2026-08-04;BBG000Q0V1T2;NTM;VANECK BALANCED ALLOCATION;ETP;NA;OK
NL0009272780;VE Growth;TOF;ETF;Euronext Amsterdam, Brussels;EUR;NL;OUI;ESG ETF art. 8;Euronext;2026-08-04;BBG000Q0V345;TOF;VANECK GROWTH ALLOCATION;ETP;NA;OK
NL0009388743;ADD VALUE FUND;AVFNV;OPCVM;Euronext Amsterdam;EUR;NL;OUI;;Euronext;2026-08-04;BBG000WBP9X6;AVFNV;ADD VALUE FUND;Open-End Fund;NA;OK
NL0009690239;VANETFTRETIMETFP;TRET;ETF;ETF Plus | Euronext Amsterdam, Brussels;EUR;NL;OUI;ESG ETF art. 8;Euronext;2026-08-04;BBG001MKLXB0;TRET;VANECK GLB REAL ESTATE ETF;ETP;NA;OK
NL0009690247;VE Corp Bond;TCBT;ETF;Euronext Amsterdam, Brussels;EUR;NL;OUI;ESG ETF art. 8;Euronext;2026-08-04;BBG001MKLV15;TCBT;VANECK EUR CORP ETF;ETP;NA;OK
NL0009690254;VE Gov Bond;TGBT;ETF;Euronext Amsterdam, Brussels;EUR;NL;OUI;-;Euronext;2026-08-04;BBG001MKM2Z1;TGBT;VANECK EUR SVRN DIV 1-10 ETF;ETP;NA;OK
NL0010273801;VE Gov AAA Bond;TAT;ETF;Euronext Amsterdam, Brussels;EUR;NL;OUI;-;Euronext;2026-08-04;BBG003NS5BK4;TAT;VANECK EUR SVRN CAP AAA-AA;ETP;NA;OK
NL0010408704;VANETFTSWEIMETFP;TSWE;ETF;ETF Plus | Euronext Amsterdam, Brussels;EUR;NL;OUI;ESG ETF art. 8;Euronext;2026-08-04;BBG004J92LX6;TSWE;VANECK WRLD EQL WGT SCRN ETF;ETP;NA;OK
NL0010558805;OPT EuroRente Fd;OPERF;OPCVM;Euronext Amsterdam;EUR;NL;OUI;;Euronext;2026-08-04;BBG000BJHSR6;OPERF;OPTIMIX EURORENTE FD G;Open-End Fund;NA;OK
NL0010558813;OPT Wereld Aand Fd;OPWAF;OPCVM;Euronext Amsterdam;EUR;NL;OUI;;Euronext;2026-08-04;BBG000BR98H2;OPWAF;OPTIMIX WERELD AANDELEN FD B;Open-End Fund;NA;OK
NL0010579090;CARDANO EUR CREDIT;AIEC;OPCVM;Euronext Amsterdam;EUR;NL;OUI;;Euronext;2026-08-04;BBG005KMVLK4;AIEC;CRN GRN SCL & SUT EU CD-C1AE;Open-End Fund;NA;OK
NL0010579124;CARDANO SDG EQ GLO;AVWA;OPCVM;Euronext Amsterdam;EUR;NL;OUI;;Euronext;2026-08-04;BBG005KMW9Y5;AVWA;CARDANO SDG ALGN EQ GBL-C1EU;Open-End Fund;NA;OK
NL0010579157;CARDANO MIX DEFENS;AVMD;OPCVM;Euronext Amsterdam;EUR;NL;OUI;;Euronext;2026-08-04;BBG005KMWBW2;AVMD;CARDANO DUURZAAM MIXFONDS DE;Open-End Fund;NA;OK
NL0010579165;CARDANO MIX NEUTRA;AVMN;OPCVM;Euronext Amsterdam;EUR;NL;OUI;;Euronext;2026-08-04;BBG005KMWC96;AVMN;CARDANO DUURZAAM MIXFONDS NE;Open-End Fund;NA;OK
NL0010579173;CARDANO MIX OFFENS;AVMO;OPCVM;Euronext Amsterdam;EUR;NL;OUI;;Euronext;2026-08-04;BBG005KMWCS5;AVMO;CARDANO DUURZAAM MIXFONDS OF;Open-End Fund;NA;OK
NL0010619748;US CONSERV HD EQ G;ROBC;OPCVM;Euronext Amsterdam;EUR;NL;OUI;;Euronext;2026-08-04;BBG005NSQKM4;ROBC;ROBECO US CONSERVATIVE HIGH;Open-End Fund;NA;OK
NL0010731816;VanEck Sust EU EW;TEET;ETF;Euronext Amsterdam, Brussels | ETF Plus;EUR;NL;OUI;ESG ETF art. 8;Euronext;2026-08-04;BBG0076SF410;TEET;VNEK EUR EQL W SCN UCITS ETF;ETP;NA;OK
NL0010831046;US LARGE CAP EQ G;BOBL;OPCVM;Euronext Amsterdam;EUR;NL;OUI;;Euronext;2026-08-04;BBG0070M2DJ4;BOBL;ROBECO US LARGE CAP EQUITIES;Open-End Fund;NA;OK
NL0011309349;CARDANO IND GLOBAL;AVIAW;OPCVM;Euronext Amsterdam;EUR;NL;OUI;;Euronext;2026-08-04;BBG009XGPJH1;AVIAW;CAR ESG TREN IN EQ GL - C1IE;Open-End Fund;NA;OK
NL0011327432;Triodos Mult Impac;TMIF;OPCVM;Euronext Amsterdam;EUR;NL;OUI;;Euronext;2026-08-04;BBG00D1Z40P0;TMIF;TRIODOS MULTI IMPACT FD-ZD;Open-End Fund;NA;OK
NL0011354865;RG WOCE E G;ROCO;OPCVM;Euronext Amsterdam;EUR;NL;OUI;;Euronext;2026-08-04;BBG00B01KTC3;ROCO;ROBECO QI GLOBAL DEVEL CONS;Open-End Fund;NA;OK
NL0011683594;VANETFTDIVIMETFP;TDIV;ETF;ETF Plus | Euronext Paris | Euronext Amsterdam, Brussels;EUR;NL;OUI;ESG ETF art. 8;Euronext;2026-08-04;BBG00CWTMW72;TDIV;VANECK DEV MKT DVD LEADERS;ETP;NA;OK
NL0012044739;KGPFN;KGPFN;OPCVM;Euronext Amsterdam;EUR;NL;OUI;;Euronext;2026-08-04;BBG00GN9TK58;KGPFN;KEMPEN GLOB PROPER FD KL N-N;Open-End Fund;NA;OK
NL0012125736;GS ENH INDX SUS EQ;GSESA;OPCVM;Euronext Amsterdam;EUR;NL;OUI;;Euronext;2026-08-04;BBG00FRVB489;GSESA;GS ENHIN SUS EQ FUND A NL-P;Open-End Fund;NA;OK
NL0012727432;BNP NL;BNPNL;OPCVM;Euronext Amsterdam;EUR;NL;OUI;;Euronext;2026-08-04;BBG00KPBD8W6;BNPENIC;BNP PAR III-ESG NETHLDS IN-C;Open-End Fund;NA;OK
NL0012817134;GS EUR DEELN FD;GSED;OPCVM;Euronext Amsterdam;EUR;NL;OUI;;Euronext;2026-08-04;BBG00L8PD3K6;GSED;GS EU SUS SMCAP FUND NL-P;Open-End Fund;NA;OK
NL0013087968;TRI FAIR SHARE FND;TFSF;OPCVM;Euronext Amsterdam;EUR;NL;OUI;;Euronext;2026-08-04;BBG00MV2PPR0;TFSF;TRIODOS FAIR SHARE FUND;Open-End Fund;NA;OK
NL0013689193;MMEQ;BSEQ;OPCVM;Euronext Amsterdam;EUR;NL;OUI;;Euronext;2026-08-04;BBG00PYLG3Z8;IGMM5AH;BEHEERSTRATEGIE MLT MG EQ-H1;Open-End Fund;NA;OK
NL0013689201;MMBAL;BSBAL;OPCVM;Euronext Amsterdam;EUR;NL;OUI;;Euronext;2026-08-04;BBG00PYLG440;IGMM3AH;BEHEERSTRATEGIE MM BALAN-H3;Open-End Fund;NA;OK
NL0013689219;DEFBAL;MMDFB;OPCVM;Euronext Amsterdam;EUR;NL;OUI;;Euronext;2026-08-04;BBG00PYLG431;IGMM2AH;BEHEERSTRATEGIE MM DEF BL-H4;Open-End Fund;NA;OK
NL0013689227;DEF;BSDEF;OPCVM;Euronext Amsterdam;EUR;NL;OUI;;Euronext;2026-08-04;BBG00PYLG413;IGMM1AH;BEHEERSTRATEGIE MM DEFENS-H5;Open-End Fund;NA;OK
NL0013908692;TRI RENEW EUROP FD;TETEF;OPCVM;Euronext Amsterdam;EUR;NL;OUI;;Euronext;2026-08-04;BBG00R88HLP2;TRTREZ1;TRIODOS ENERGY TRANS EUR-Z1;Open-End Fund;NA;OK
NL0014270209;ASNU OBLIGATIEFOND;ASNOB;OPCVM;Euronext Amsterdam;EUR;NL;OUI;;Euronext;2026-08-04;BBG000K1Q9Q8;ASNOB;ASN DUURZAAM OBLIGATIEFONDS;Open-End Fund;NA;OK
NL0014270217;ASNU SMALL MIDCAPF;ASN5;OPCVM;Euronext Amsterdam;EUR;NL;OUI;;Euronext;2026-08-04;BBG000C7YJW6;ASN5;ASN DUURZAAM SMALL & MIDCAPF;Open-End Fund;NA;OK
NL0014270225;ASNU AANDELENFONDS;ASN;OPCVM;Euronext Amsterdam;EUR;NL;OUI;;Euronext;2026-08-04;BBG000BH1B12;ASN;ASN DUURZAAM AANDELENFONDS;Open-End Fund;NA;OK
NL0014270233;ASNU MILIEU WATER;ASNML;OPCVM;Euronext Amsterdam;EUR;NL;OUI;;Euronext;2026-08-04;BBG000JMNKZ2;ASNMILA;ASN MILIEU WATERFONDS;Open-End Fund;NA;OK
NL0014270258;ASN Energie&Innov;ASNGF;OPCVM;Euronext Amsterdam;EUR;NL;OUI;;Euronext;2026-08-04;BBG00GXXNRP3;ASNG1EUR;ASN ENERGIE & INNOVATIEFONDS;Open-End Fund;XH;OK
NL0014270266;ASN Microkred. fnd;ASNMF;OPCVM;Euronext Amsterdam;EUR;NL;OUI;;Euronext;2026-08-04;BBG00GXXNSX2;ASNMF;ASN-NOVIB MICROKREDIETFONDS;Open-End Fund;NA;OK
NL0014270274;ASN MIXF ZEER DEF;ASNZD;OPCVM;Euronext Amsterdam;EUR;NL;OUI;;Euronext;2026-08-04;BBG00FQH0B05;ASNZD;ASN DM ZEERDEF;Open-End Fund;NA;OK
NL0014270282;ASN MIXF DEFENSIEF;ASND;OPCVM;Euronext Amsterdam;EUR;NL;OUI;;Euronext;2026-08-04;BBG00FQH34P1;ASND;ASN DUURZAAM MIXFONDS DEFENS;Open-End Fund;NA;OK
NL0014270290;ASN MIXF NEUTRAAL;ASNN;OPCVM;Euronext Amsterdam;EUR;NL;OUI;;Euronext;2026-08-04;BBG00FQQRNN5;ASNN;ASN DUURZAAM MIXFONDS NEUT;Open-End Fund;NA;OK
NL0014270308;ASN MIXF OFFENSIEF;ASNO;OPCVM;Euronext Amsterdam;EUR;NL;OUI;;Euronext;2026-08-04;BBG00FQH3337;ASNO;ASN DUURZAAM MIXFONDS OFFENS;Open-End Fund;NA;OK
NL0014270316;ASN MIXF ZEER OFF;ASNZO;OPCVM;Euronext Amsterdam;EUR;NL;OUI;;Euronext;2026-08-04;BBG00FQH3293;ASNZO;ASN DUURZAAM MIX ZEER OFFENS;Open-End Fund;NA;OK
NL0014332553;CARDANO IND EUROPE;ADIAE;OPCVM;Euronext Amsterdam;EUR;NL;OUI;;Euronext;2026-08-04;BBG002S2B686;SNSREUE;CRDN ESG TRN EN IDX EER-C1IE;Open-End Fund;NA;OK
NL0014332561;CARDANO INDEX NA;ADIAN;OPCVM;Euronext Amsterdam;EUR;NL;OUI;;Euronext;2026-08-04;BBG003342MB8;SNABFBI;CARDANO ESG TRANSITION ENHAN;Open-End Fund;NA;OK
NL0014332579;CARDANO IND PAC;ADIAP;OPCVM;Euronext Amsterdam;EUR;NL;OUI;;Euronext;2026-08-04;BBG00TZQ0768;ADIAP;CRDN ESG TRN EN IDX EPC-C1IE;Open-End Fund;NA;OK
NL0014332587;CARDANO INDEX EM;ADIAO;OPCVM;Euronext Amsterdam;EUR;NL;OUI;;Euronext;2026-08-04;BBG00TZQ8CL2;ADIAO;CRDN ESG TR ENC ID EM-C1ACEU;Open-End Fund;NA;OK
NL0014926404;KEMPEN SUST GHDF N;KSGHD;OPCVM;Euronext Amsterdam;EUR;NL;OUI;;Euronext;2026-08-04;BBG00YTRGDK6;KEGHDNE;KEMPEN SUS GLB HI DVDN-N;Open-End Fund;NA;OK
NL0015000GU4;CARDANO IFIF;CIFIF;OPCVM;Euronext Amsterdam;EUR;NL;OUI;;Euronext;2026-08-04;BBG012HY9ZD0;CIFIF;CARDANO IMPACT FINANCIAL INC;Open-End Fund;NA;OK
NL0015000W73;DFIS2;DFIS2;OPCVM;Euronext Amsterdam;EUR;NL;OUI;;Euronext;2026-08-04;BBG018NLXF54;DFIS2;BEHEERSTRATG NV-DYNM FIX INC;Open-End Fund;NA;OK
NL0015002OB4;OBAM N.V.;OBAM;OPCVM;Euronext Amsterdam;EUR;NL;OUI;;Euronext;2026-08-04;BBG000BC8XB7;OBAM;OBAM NV-CLASSIC;Open-End Fund;NA;OK
NL0015002QB9;IC N-Am Eq ESG Idx;ICINA;OPCVM;Euronext Amsterdam;EUR;NL;OUI;;Euronext;2026-08-04;BBG01Z7NVV46;ICINAEQ;IC NR AM EQ ESG IF-C1I;Open-End Fund;NA;OK
NL0015002QC7;IC Eur Eq ESG Idx;ICIEU;OPCVM;Euronext Amsterdam;EUR;NL;OUI;;Euronext;2026-08-04;BBG01Z7WG0M1;ICIEUEQ;IC EURO EQ ES IND FUND- C1IE;Open-End Fund;NA;OK
NL0015063751;Cardano ESGT EMD;CEMD;OPCVM;Euronext Amsterdam;EUR;NL;OUI;;Euronext;2026-08-04;BBG00VG8G7L0;ACTSEMD;CARDANO ESG TRANSITION EMERG;Open-End Fund;NA;OK
NL0015073U44;AGHY FUND;AGHY;OPCVM;Euronext Amsterdam;EUR;NL;OUI;;Euronext;2026-08-04;BBG0216X49R3;AGHYIEA;AEAM GLOBAL HIGH YIELD-IEA;Open-End Fund;NA;OK
NL0015602392;GS ENH INDX SNA EQ;GSENH;OPCVM;Euronext Amsterdam;EUR;NL;OUI;;Euronext;2026-08-04;BBG00XP7LFZ9;GSENH;GS ENHIN SUS NA EQFUND NL-P;Open-End Fund;NA;OK
NO0010257801;OBXEDNB;OBXD;ETF;Oslo Børs;NOK;NO;OUI;-;Euronext;2026-08-04;BBG000BXVQK0;OBXD;DNB OBX-NOK ACC;ETP;NO;OK
PTGFIBIM0004;FUNDIESTAMO I;GFIBI;OPCVM;Euronext Lisbon;EUR;PT;OUI;;Euronext;2026-08-04;BBG0015P1WK2;GFIBI;FUNDIESTAMO-S.G.O.I.C. S.A;Closed-End Fund;PL;OK
SE0021309754;VIRETNSOLXAMS;VRTS;ETF;Euronext Amsterdam | Euronext Paris;EUR;SE;OUI;-;Euronext;2026-08-04;BBG01MBM1M54;VIRSOL;VIRTUNE STAKED SOLANA ETP;ETP;SS;OK
SE0024738389;VIRETNCOIN50XAMS;VRTC;ETF;Euronext Amsterdam - Multi-currency Trading | Euronext Paris;USD;SE;OUI;-;Euronext;2026-08-04;BBG01TW6RHK7;VRTC;VIRTUNE COINBASE 50 INDEX;ETP;GR;OK
SE0025159833;VIRETNSUIXPAR;VRTU;ETF;Euronext Paris;EUR;SE;OUI;-;Euronext;2026-08-04;BBG01XK0KBF0;VRTU;VIRTUNE SUI ETP;ETP;FP;OK
US78467X1090;SPDR DJIA TRUST;DIA;ETF;Euronext Amsterdam;EUR;US;NON;-;Euronext;2026-08-04;BBG000BLZ635;DON;SS SPDR DOW JONES INDUS AVG;ETP;GR;OK
XS1101721683;SG ETNEU50S3ETFP;SX5E3S;ETF;ETF Plus;EUR;XS;NON;-;Euronext;2026-08-04;BBG007BVRQ42;SX5E3S;SG ETC EUR STOXX50 3XSH DL C;ETP;IM;OK
XS1101721923;SG ETNFMSLTRETFP;MIB3L;ETF;ETF Plus;EUR;XS;NON;-;Euronext;2026-08-04;BBG007BVQD15;MIB3L;SG ETC FTSE MIB 3X DL LV COL;ETP;IM;OK
XS1101723622;SG ETNDAXLG3ETFP;DAX3L;ETF;ETF Plus;EUR;XS;NON;-;Euronext;2026-08-04;BBG007BVQYH2;DAX3L;SG ETC DAX 3X DLY LEV COL;ETP;IM;OK
XS1101724513;SG ETNEU50L3ETFP;SX5E3L;ETF;ETF Plus;EUR;XS;NON;-;Euronext;2026-08-04;BBG007BVRFF4;SX5E3L;SG ETC EUR STOXX50 3X DL LVC;ETP;IM;OK
XS2115336336;HANETCXGDEIMETFP;RMAU;ETF;ETF Plus | Euronext Paris;EUR;XS;NON;-;Euronext;2026-08-04;BBG00RR4CQT0;RMAU;TRM RSPNBY SRCD PHY GOLD ETC;ETP;LN;OK
XS2183935274;INVETCSGLEIMETFP;SGLE;ETF;ETF Plus;EUR;XS;NON;-;Euronext;2026-08-04;BBG00VYK6770;8PSE;IVZ PHYSICAL GOLD EU HDG ETC;ETP;GR;OK
XS2297550308;LS -1X PAYPAL;SPYP;ETF;Euronext Amsterdam;EUR;XS;NON;-;Euronext;2026-08-04;BBG00ZHZ0SR5;PYPS;LEVERAGE SHARES -1X SHORT PA;ETP;LN;OK
XS2297552932;LS -1X SQUARE;SSQ;ETF;Euronext Amsterdam;EUR;XS;NON;-;Euronext;2026-08-04;BBG00ZHZHBX7;SQS;LEVERAGE SHARES -1X SHORT SQ;ETP;LN;OK
XS2297553153;LS -1X GOLDMAN;GSSS;ETF;Euronext Amsterdam;EUR;XS;NON;-;Euronext;2026-08-04;BBG00ZHZHK21;SGS;LEVERAGE SHARES -1X SHORT GO;ETP;LN;OK
XS2297636107;LS 3X BP;3BP;ETF;Euronext Amsterdam;EUR;XS;NON;-;Euronext;2026-08-04;BBG00ZHZJQR9;BP3L;LEVERAGE SHARES 3X BP ETP;ETP;LN;OK
XS2335553801;3X DIS;3DIS;ETF;Euronext Amsterdam;EUR;XS;NON;-;Euronext;2026-08-04;BBG011BYVWH6;DIS3;3X DIS;ETP;LN;OK
XS2337085422;-1X SHORT DIS;SDIS;ETF;Euronext Amsterdam;EUR;XS;NON;-;Euronext;2026-08-04;BBG011BYZJ18;DISS;-1X SHORT DIS;ETP;LN;OK
XS2337090422;3X AMD;3AMD;ETF;Euronext Amsterdam | ETF Plus;EUR;XS;NON;-;Euronext;2026-08-04;BBG0113GCD41;AMD3;LS 3X AMD;ETP;LN;OK
XS2337090851;3X BABA;3BAB;ETF;Euronext Amsterdam | ETF Plus;EUR;XS;NON;-;Euronext;2026-08-04;BBG0113GCJT1;BAB3;LS 3X BABA;ETP;LN;OK
XS2337092550;LEVETNISTUBRETFP;3UBR;ETF;ETF Plus;EUR;XS;NON;-;Euronext;2026-08-04;BBG0113GCLR8;UBR3;LS 3X UBER;ETP;LN;OK
XS2337093798;1X TSLA;TSLA;ETF;Euronext Amsterdam;EUR;XS;NON;-;Euronext;2026-08-04;BBG0113GCNN8;1TSL;LS 1X TSLA;ETP;LN;OK
XS2337100163;1X GOOG;GOOG;ETF;Euronext Amsterdam;EUR;XS;NON;-;Euronext;2026-08-04;BBG0113GCWF7;1GOO;LS 1X GOOG;ETP;LN;OK
XS2337100320;1X MSFT;MSFT;ETF;Euronext Amsterdam;EUR;XS;NON;-;Euronext;2026-08-04;BBG0113GCSS2;1MSF;LS 1X MSFT;ETP;LN;OK
XS2337104231;1X AMZN;AMZN;ETF;Euronext Amsterdam;EUR;XS;NON;-;Euronext;2026-08-04;BBG0113GCQ42;1AMZ;LS 1X AMZN;ETP;LN;OK
XS2338070282;1X COIN;COIB;ETF;Euronext Amsterdam;EUR;XS;NON;-;Euronext;2026-08-04;BBG0113GD627;1COI;LS 1X COIN;ETP;LN;OK
XS2353177293;HANETCCO2IMETFP;CO2;ETF;ETF Plus;EUR;XS;NON;-;Euronext;2026-08-04;BBG0131NJ4L8;CO2;SPARKCHANGE PHYS CARBON EUA;ETP;LN;OK
XS2399364152;5x Long QQQ;5QQQ;ETF;Euronext Amsterdam | ETF Plus;EUR;XS;NON;-;Euronext;2026-08-04;BBG013KTW3B2;QQQ5;LS 5X LONG NASDAQ 100 ETP;ETP;LN;OK
XS2399364582;5x Long SPY;5SPY;ETF;Euronext Amsterdam | ETF Plus;EUR;XS;NON;-;Euronext;2026-08-04;BBG013KTXG68;SP5Y;LS 5X LONG SPY ETP;ETP;LN;OK
XS2399365043;3x Long TSM;3TSM;ETF;Euronext Amsterdam;EUR;XS;NON;-;Euronext;2026-08-04;BBG013KTZ6P7;TSM3;LS 3X LONG TSM;ETP;LN;OK
XS2399367254;3x Long Coinbase;3CON;ETF;Euronext Amsterdam | ETF Plus;EUR;XS;NON;-;Euronext;2026-08-04;BBG013KV2MV6;CON3;LS 3X LONG COIN;ETP;LN;OK
XS2399367502;3x Semiconduct;3SMH;ETF;Euronext Amsterdam;EUR;XS;NON;-;Euronext;2026-08-04;BBG013KV33N6;SMH3;LGE SHS 3XLNG SMCD LD ET SEC;ETP;LN;OK
XS2399368062;ARK GENOMIC 1X;1ARKG;ETF;Euronext Amsterdam;EUR;XS;NON;-;Euronext;2026-08-04;BBG013KV4M17;1ARG;LS ARK GENOMIC REVOLUTION TR;ETP;LN;OK
XS2399368575;ARK INTERNET 1X;1ARKW;ETF;Euronext Amsterdam;EUR;XS;NON;-;Euronext;2026-08-04;BBG013KV58P1;1ARW;LS ARK NEXTGEN INTERNET TRAC;ETP;LN;OK
XS2399369037;ARK INNOVATION 1X;1ARKK;ETF;Euronext Amsterdam;EUR;XS;NON;-;Euronext;2026-08-04;BBG013KV5QN3;1ARK;LS ARK INNOVATION TRACKER ET;ETP;LN;OK
XS2399369110;2x Long Berkshire;2BRK;ETF;Euronext Amsterdam;EUR;XS;NON;-;Euronext;2026-08-04;BBG013KV5X49;BRK2;LS 2X LONG BERK;ETP;LN;OK
XS2399369896;3x Gold Miners;3GDX;ETF;Euronext Amsterdam;EUR;XS;NON;-;Euronext;2026-08-04;BBG013KV79W9;GDX3;LS 3X GOLD MINERS;ETP;LN;OK
XS2425312480;SG ETNDAXSH3ETFP;DAX3S;ETF;ETF Plus;EUR;XS;NON;-;Euronext;2026-08-04;BBG007BVR655;DAX3S;SG ETC DAX 3XSHRT DLY COL;ETP;IM;OK
XS2425312563;SG ETNUNITAETFP;UNI3L;ETF;ETF Plus;EUR;XS;NON;-;Euronext;2026-08-04;BBG022QTYLN2;UNI3L;SG ETN DAILY LONG 3X UNICRED;ETP;IM;OK
XS2425312720;SG ETNHSCEINETFP;HSC3L;ETF;ETF Plus;EUR;XS;NON;-;Euronext;2026-08-04;BBG01TFYP5C2;HSC3L;SG ETN DL 3X HS CHINA ENT;ETP;IM;OK
XS2425313538;SG ETNHSCETRETFP;HSC3S;ETF;ETF Plus;EUR;XS;NON;-;Euronext;2026-08-04;BBG01TFZ2TS5;HSC3S;SG ETN DS 3X HS CHINA ENT;ETP;IM;OK
XS2425314429;SG ETCFNGASETFP;NGA3S;ETF;ETF Plus;EUR;XS;NON;-;Euronext;2026-08-04;BBG01BHFZG26;NGA3S;SG ETC DAY -3X NAT GAS FUTUR;ETP;IM;OK
XS2425314692;SG ETCFNGASETFP;GAS1S;ETF;ETF Plus;EUR;XS;NON;-;Euronext;2026-08-04;BBG019TZC970;GAS1S;SG ETC DAILY SHORT -1X NATUR;ETP;IM;OK
XS2425314858;SG ETCFWTIETFP;WTI2L;ETF;ETF Plus;EUR;XS;NON;-;Euronext;2026-08-04;BBG01BHFZKX3;WTI2L;SG ETC DAY +2X WTI OIL FUTUR;ETP;IM;OK
XS2425314932;SG ETCFWTIETFP;WTI2S;ETF;ETF Plus;EUR;XS;NON;-;Euronext;2026-08-04;BBG019TYX2Q4;WTI2S;SG ETC DAILY SHORT -2X WTI O;ETP;IM;OK
XS2425315152;SG ETNNFLAIMETFP;INFLA;ETF;ETF Plus;EUR;XS;NON;-;Euronext;2026-08-04;BBG019V15CZ2;INFLA;SG ETN INFLATION PROXY;ETP;IM;OK
XS2425315236;SG ETNNA100TETFP;NDQ3L;ETF;ETF Plus;EUR;XS;NON;-;Euronext;2026-08-04;BBG019V10YF1;NDQ3L;SG ETN DAILY LONG +3X NASDAQ;ETP;IM;OK
XS2425315665;SG ETCFBRENETFP;BRE2S;ETF;ETF Plus;EUR;XS;NON;-;Euronext;2026-08-04;BBG019TYZTN6;BRE2S;SG ETC DAILY SHORT -2X BRENT;ETP;IM;OK
XS2425315749;SG ETNYDROIMETFP;H1DRO;ETF;ETF Plus;EUR;XS;NON;-;Euronext;2026-08-04;BBG0166DVBW6;H1DRO;SG ETN WORLD HYDROGENSG ETN;ETP;IM;OK
XS2425316044;SG ETNFUTOATETFP;OATS5;ETF;ETF Plus;EUR;XS;NON;-;Euronext;2026-08-04;BBG019TZZMP6;OATS5;SG ETN DAILY SHORT -5X OAT F;ETP;IM;OK
XS2425316713;SG ETNETAVIMETFP;METAV;ETF;ETF Plus;EUR;XS;NON;-;Euronext;2026-08-04;BBG0166CT2L3;METAV;SG ETN METAVERSE;ETP;IM;OK
XS2425316804;SG ETNPX3SIMETFP;SPX3S;ETF;ETF Plus;EUR;XS;NON;-;Euronext;2026-08-04;BBG01630WW05;SPX3S;SG ETN DAILY SHORT -3XS&P500;ETP;IM;OK
XS2425317109;SG ETCFWTIETFP;WTIS1;ETF;ETF Plus;EUR;XS;NON;-;Euronext;2026-08-04;BBG0162H6DH2;WTIS1;SG DAILY SHRT-1X WTI OIL FTR;ETP;IM;OK
XS2425317448;SG ETCFOROETFP;GOL3S;ETF;ETF Plus;EUR;XS;NON;-;Euronext;2026-08-04;BBG0162HMTF1;GOL3S;SG DAILY SHORT-3X GOLD FUTUR;ETP;IM;OK
XS2425317794;SG ETNMIBESRETFP;MIBESG;ETF;ETF Plus;EUR;XS;NON;-;Euronext;2026-08-04;BBG0166CGRB3;MIBESG;SG ETN MIB ESG;ETP;IM;OK
XS2425317877;SG ETCFBRENETFP;BRE3S;ETF;ETF Plus;EUR;XS;NON;-;Euronext;2026-08-04;BBG0162G5939;BRE3S;SG ETC DL SHR-3X BRENT OILFT;ETP;IM;OK
XS2425318099;SG ETCFOROETFP;GOL1S;ETF;ETF Plus;EUR;XS;NON;-;Euronext;2026-08-04;BBG0162HPDP2;GOL1S;SG DAILY SHORT-1X GOLD FUTUR;ETP;IM;OK
XS2425318172;SG ETNFBTPETFP;BTPS5;ETF;ETF Plus;EUR;XS;NON;-;Euronext;2026-08-04;BBG0162Z9817;BTPS5;SG ETN SHORT -5X BTP FUTURE;ETP;IM;OK
XS2425318339;SG ETCFARGETFP;SIL1S;ETF;ETF Plus;EUR;XS;NON;-;Euronext;2026-08-04;BBG0162YPFB5;SIL1S;SG ETC SHORT -1X SILVER FUTR;ETP;IM;OK
XS2425318412;SG ETCFOROETFP;GOL3L;ETF;ETF Plus;EUR;XS;NON;-;Euronext;2026-08-04;BBG0162YHQV8;GOL3L;SG ETC DAILY LONG +3XGOLD FT;ETP;IM;OK
XS2425318685;SG ETCFRAMUKETFP;RAM3S;ETF;ETF Plus;EUR;XS;NON;-;Euronext;2026-08-04;BBG0162HHMQ0;RAM3S;SG DAILY SHRT-3X COPPER FUTR;ETP;IM;OK
XS2425318768;SG ETCFBRENETFP;BRE3L;ETF;ETF Plus;EUR;XS;NON;-;Euronext;2026-08-04;BBG0162GKWD0;BRE3L;SG DL LONG+3X BRENT OIL FUTR;ETP;IM;OK
XS2425318925;SG ETNST5SIMETFP;UST5S;ETF;ETF Plus;EUR;XS;NON;-;Euronext;2026-08-04;BBG0162ZMXG1;UST5S;SG ETN SHRT-5X US TR 10Y FUT;ETP;IM;OK
XS2425319147;SG ETNST5SIMETFP;UST5L;ETF;ETF Plus;EUR;XS;NON;-;Euronext;2026-08-04;BBG016309DK1;UST5L;SG ETN  LONG +5X US TR 10YFT;ETP;IM;OK
XS2425319493;SG ETCFRAMUKETFP;RAM3L;ETF;ETF Plus;EUR;XS;NON;-;Euronext;2026-08-04;BBG0162HL314;RAM3L;SG DAILY LONG+3X COPPER FUTR;ETP;IM;OK
XS2425319659;SG ETCFBRENETFP;BRE2L;ETF;ETF Plus;EUR;XS;NON;-;Euronext;2026-08-04;BBG0162GGQ48;BRE2L;SG DL LONG+2X BRENT OIL FTR;ETP;IM;OK
XS2425319733;SG ETCFNGASETFP;NGA3L;ETF;ETF Plus;EUR;XS;NON;-;Euronext;2026-08-04;BBG01BFG3B22;NGA3L;SG ETC DAY +3X NAT GAS FUTUR;ETP;IM;OK
XS2425319816;SG ETNFMUSTRETFP;MIB3S;ETF;ETF Plus;EUR;XS;NON;-;Euronext;2026-08-04;BBG007BVQMQ8;MIB3S;SG ETC FTSE MIB 3XSHRT COL;ETP;IM;OK
XS2425320152;SG ETCFNGASETFP;NGA2L;ETF;ETF Plus;EUR;XS;NON;-;Euronext;2026-08-04;BBG01BHFZWW8;NGA2L;SG ETC DAY +2X NAT GAS FUTUR;ETP;IM;OK
XS2425320236;SG ETNCARSIMETFP;ECARS;ETF;ETF Plus;EUR;XS;NON;-;Euronext;2026-08-04;BBG019V13240;ECARS;SG ETN SMART MOBILITY;ETP;IM;OK
XS2425320319;SG ETNNA100TETFP;NDQ3S;ETF;ETF Plus;EUR;XS;NON;-;Euronext;2026-08-04;BBG019V128F6;NDQ3S;SG ETN DAILY SHORT -3X NASDA;ETP;IM;OK
XS2425320400;SG ETCFNGASETFP;GAS2S;ETF;ETF Plus;EUR;XS;NON;-;Euronext;2026-08-04;BBG019TZ18M7;GAS2S;SG ETC DAILY SHORT -2X NATUR;ETP;IM;OK
XS2425320582;SG ETNFBTPETFP;BTPS1;ETF;ETF Plus;EUR;XS;NON;-;Euronext;2026-08-04;BBG019V072N7;BTPS1;SG ETN DAILY SHORT -1X BTP F;ETP;IM;OK
XS2425320665;SG ETNFUTOATETFP;OATL5;ETF;ETF Plus;EUR;XS;NON;-;Euronext;2026-08-04;BBG019TZQ966;OATL5;SG ETN DAILY LONG +5X OAT FU;ETP;IM;OK
XS2425320749;SG ETNURAMIMETFP;URAM;ETF;ETF Plus;EUR;XS;NON;-;Euronext;2026-08-04;BBG0166D1ZH3;URAM;SG ETN URANIUM MINING;ETP;IM;OK
XS2425321390;SG ETNSP500TETFP;SPX3L;ETF;ETF Plus;EUR;XS;NON;-;Euronext;2026-08-04;BBG01630DP29;SPX3L;SG ETN DAILY LONG +3X S&P500;ETP;IM;OK
XS2425321473;SG ETCFBRENETFP;BRES1;ETF;ETF Plus;EUR;XS;NON;-;Euronext;2026-08-04;BBG0162GCJ75;BRES1;SG DAI SHR-1X BRENT OIL FUTR;ETP;IM;OK
XS2425321556;SG ETCFWTIETFP;WTI3S;ETF;ETF Plus;EUR;XS;NON;-;Euronext;2026-08-04;BBG0162H0RB3;WTI3S;SG DAILY SHRT-3X WTI OIL FTR;ETP;IM;OK
XS2425321630;SG ETCFARGETFP;SIL3S;ETF;ETF Plus;EUR;XS;NON;-;Euronext;2026-08-04;BBG0162YLM42;SIL3S;SG ETC SHORT -3X SILVER FUTR;ETP;IM;OK
XS2425321713;SG ETNBUNDFUETFP;BUNDS5;ETF;ETF Plus;EUR;XS;NON;-;Euronext;2026-08-04;BBG0162ZGGK0;BUNDS5;SG ETN SHORT -5X BUND FUTURE;ETP;IM;OK
XS2425321804;SG ETCFWTIETFP;WTI3L;ETF;ETF Plus;EUR;XS;NON;-;Euronext;2026-08-04;BBG0162HF945;WTI3L;SG DAILY LNG+3X WTI OIL FUTR;ETP;IM;OK
XS2425321986;SG ETCFARGETFP;SIL3L;ETF;ETF Plus;EUR;XS;NON;-;Euronext;2026-08-04;BBG0162YVHR7;SIL3L;SG ETC LONG +3X SILVER FUTUR;ETP;IM;OK
XS2425322018;SG ETNBUNDFUETFP;BUNDL5;ETF;ETF Plus;EUR;XS;NON;-;Euronext;2026-08-04;BBG015GW9F88;BUNDL5;SG ETN DAILY LONG +5X BN FUT;ETP;IM;OK
XS2425322794;SG ETNFBTPETFP;BTPL5;ETF;ETF Plus;EUR;XS;NON;-;Euronext;2026-08-04;BBG0162ZCZW9;BTPL5;SG ETN LONG +5X BTP FUTURE;ETP;IM;OK
XS2425842106;WISETCWATTIMETFP;WATT;ETF;ETF Plus;EUR;XS;NON;-;Euronext;2026-08-04;BBG015SY9RF7;WATT;WT BATTERY METALS;ETP;LN;OK
XS2425848053;WISETCWENTIMETFP;WENT;ETF;ETF Plus | Euronext Paris;EUR;XS;NON;-;Euronext;2026-08-04;BBG015SY9V68;WENT;WT ENERGY TRANSITION METALS;ETP;LN;OK
XS2427354985;WISETNMIBNTRETFP;WMIB;ETF;ETF Plus;EUR;XS;NON;-;Euronext;2026-08-04;BBG015PFSM43;WMIB;WT FTSE MIB;ETP;IM;OK
XS2427355958;WISETNPESGITETFP;WSPX;ETF;ETF Plus;EUR;XS;NON;-;Euronext;2026-08-04;BBG015PFZ6X8;WSPX;WT S&P 500;ETP;IM;OK
XS2427362145;WISETNWS5XIMETFP;WS5X;ETF;ETF Plus;EUR;XS;NON;-;Euronext;2026-08-04;BBG015PG22J7;WS5X;WT EURO STOXX 50;ETP;IM;OK
XS2427363036;WISETNTRVLIMETFP;2TRV;ETF;ETF Plus;EUR;XS;NON;-;Euronext;2026-08-04;BBG015PG4MK9;2TRV;WT STOXX EUR TR&LE 2X DLY LV;ETP;LN;OK
XS2427363895;WISETNAUTPIMETFP;2CAR;ETF;ETF Plus;EUR;XS;NON;-;Euronext;2026-08-04;BBG015PG7VV4;2CAR;WT STOXX EUR AUTO 2X DLY LV;ETP;LN;OK
XS2427474023;WISETN2OIGIMETFP;2OIG;ETF;ETF Plus;EUR;XS;NON;-;Euronext;2026-08-04;BBG015PGFWC4;2OIG;WT STOXX EUR O&G 2X DLY SHRT;ETP;LN;OK
XS2434891219;FIDETNFIDBTCETFP;FBTC;ETF;ETF Plus;EUR;XS;NON;-;Euronext;2026-08-04;BBG0152F01V4;FBTC;FIDELITY PHYSICAL BITCOIN ET;ETP;GR;OK
XS2435549261;GRAETN3LPOIMETFP;3LPO;ETF;ETF Plus;EUR;XS;NON;-;Euronext;2026-08-04;BBG014V3JJN2;3LPO;GRANITESHARES +3X SPOT;ETP;IM;OK
XS2435550947;GRAETN3LCRIMETFP;3LCR;ETF;ETF Plus;EUR;XS;NON;-;Euronext;2026-08-04;BBG014VQ57P0;3LCR;GRANITESHARES 3X LONG UCG;ETP;IM;OK
XS2435551598;GRAETN3LSPIMETFP;3LSP;ETF;ETF Plus;EUR;XS;NON;-;Euronext;2026-08-04;BBG014X2N0C0;3LSP;GRANITESHARES 3X LONG ISP;ETP;IM;OK
XS2437455608;WISETN2STRIMETFP;2STR;ETF;ETF Plus;EUR;XS;NON;-;Euronext;2026-08-04;BBG015PGKHM0;2STR;WT STOXX EUR TR&LE 2X DLY ST;ETP;LN;OK
XS2497911219;EDR COPG COGLD;COGLD;ETF;Euronext Amsterdam - Multi-currency Trading | Oslo Børs;USD;XS;NON;-;Euronext;2026-08-04;BBG01FT3XND6;COGLD;EDR CERT ORG PHYS GOLD ETC;ETP;NA;OK
XS2531767502;GRAETNFMLO5XETFP;5MIB;ETF;ETF Plus;EUR;XS;NON;-;Euronext;2026-08-04;BBG01GXG2062;5MIB;GraniteShares 5x Long MIB;ETP;IM;OK
XS2531767767;GRAETN5FMIBXETFP;5SIT;ETF;ETF Plus;EUR;XS;NON;-;Euronext;2026-08-04;BBG01GXG20G1;5SIT;GraniteShares 5x Short MIB;ETP;IM;OK
XS2575914176;GRAETN3LCOIMETFP;3LCO;ETF;ETF Plus;EUR;XS;NON;-;Euronext;2026-08-04;BBG014FJMTN9;3LCO;GRANITESHARES 3X LONG COIN;ETP;IM;OK
XS2595673190;LEVETNIX3XRAETFP;3RAC;ETF;ETF Plus;EUR;XS;NON;-;Euronext;2026-08-04;BBG01FV8CX98;RAC3;3X LONG FERRARI (RACE);ETP;LN;OK
XS2595673786;LEVETNIX3IRAETFP;3SRA;ETF;ETF Plus;EUR;XS;NON;-;Euronext;2026-08-04;BBG01FV8DFX9;RA3S;-3X SHORT FERRARI (RACE);ETP;LN;OK
XS2595675724;LEVETNFAANGTETFP;FAAN;ETF;ETF Plus;EUR;XS;NON;-;Euronext;2026-08-04;BBG01FV8G595;FAN1;FAANG+;ETP;LN;OK
XS2596085972;GRAETN3LSQIMETFP;3LSQ;ETF;ETF Plus;EUR;XS;NON;-;Euronext;2026-08-04;BBG014GCWB60;3LSQ;GRANITESHARES 3X LONG SQ;ETP;IM;OK
XS2596087671;GRAETN3LPPIMETFP;3LPP;ETF;ETF Plus;EUR;XS;NON;-;Euronext;2026-08-04;BBG014GCCVF8;3LPP;GRANITESHARES 3X LONG PP;ETP;IM;OK
XS2617255760;GRAETN3LMIIMETFP;3LMI;ETF;ETF Plus;EUR;XS;NON;-;Euronext;2026-08-04;BBG014V3SF32;3LMI;GRANITESHARES 3X LONG MSTR;ETP;IM;OK
XS2637076568;WISETNSX7EGTETFP;3BAS;ETF;ETF Plus;EUR;XS;NON;-;Euronext;2026-08-04;BBG007PMQQT1;3BAS;WT EURO STX BNK 3X DLY SHORT;ETP;IM;OK
XS2637077020;WT CAC 40 3x DL;3CAC;ETF;Euronext Paris;EUR;XS;NON;-;Euronext;2026-08-04;BBG01HW1J8K3;3CAC;WT CAC 40 3X DAILY LVRGD;ETP;FP;OK
XS2637077533;WT CAC 40 3x DS;3CAS;ETF;Euronext Paris;EUR;XS;NON;-;Euronext;2026-08-04;BBG01HW1KZ94;3CAS;WT CAC 40 3X DAILY SHORT;ETP;FP;OK
XS2656469561;GRAETN3LFBIMETFP;3LFB;ETF;ETF Plus;EUR;XS;NON;-;Euronext;2026-08-04;BBG00VPKKN60;3LFB;GRANITESHARES 3X LONG FB;ETP;LN;OK
XS2656472193;GRAETN3LTSIMETFP;3LTS;ETF;ETF Plus;EUR;XS;NON;-;Euronext;2026-08-04;BBG00VPKKZ09;3LTS;GRANITESHARES 3X LONG TSLA;ETP;LN;OK
XS2662640627;GRAETN3LMSIMETFP;3LMS;ETF;ETF Plus;EUR;XS;NON;-;Euronext;2026-08-04;BBG00VPKK4H0;3LMS;GRANITESHARES 3X LONG MSFT;ETP;LN;OK
XS2662640973;GRAETN3LUBIMETFP;3LUB;ETF;ETF Plus;EUR;XS;NON;-;Euronext;2026-08-04;BBG00VPKL808;3LUB;GRANITESHARES 3X LONG UBER;ETP;LN;OK
XS2662641195;GRAETN3SAPIMETFP;3SAP;ETF;ETF Plus;EUR;XS;NON;-;Euronext;2026-08-04;BBG00VPKC782;3SAP;GRANITESHARES 3X SHORT APPLE;ETP;LN;OK
XS2663694680;3X PLTR;3PLT;ETF;Euronext Amsterdam | ETF Plus;EUR;XS;NON;-;Euronext;2026-08-04;BBG011BYZN64;PLT3;3X PLTR;ETP;LN;OK
XS2663694847;3x Long ARKK;3ARKK;ETF;Euronext Amsterdam;EUR;XS;NON;-;Euronext;2026-08-04;BBG013KV5GF4;ARK3;3X LONG ARK INNOVATION ETP;ETP;LN;OK
XS2663695067;LEVETN3PYPIMETFP;3PYP;ETF;ETF Plus | Euronext Amsterdam;EUR;XS;NON;-;Euronext;2026-08-04;BBG00ZHZ0LB7;PYP3;LEVERAGE SHARES 3X PAYPAL ET;ETP;LN;OK
XS2671672223;GRAETN3SALIMETFP;3SAL;ETF;ETF Plus;EUR;XS;NON;-;Euronext;2026-08-04;BBG00VPK9MZ3;3SAL;GRANITESHARES 3X S ALPHABET;ETP;LN;OK
XS2671672819;GRAETN3SFBIMETFP;3SFB;ETF;ETF Plus;EUR;XS;NON;-;Euronext;2026-08-04;BBG00VPKKR07;3SFB;GRANITESHARES 3X SHORT FB;ETP;LN;OK
XS2671672900;GRAETN3SZNIMETFP;3SZN;ETF;ETF Plus;EUR;XS;NON;-;Euronext;2026-08-04;BBG00VPKB9J7;3SZN;GRANITESHARES 3X SHORT AMZN;ETP;LN;OK
XS2675292218;GRAETN3LZNIMETFP;3LZN;ETF;ETF Plus;EUR;XS;NON;-;Euronext;2026-08-04;BBG00VPKB024;3LZN;GRANITESHARES 3X LONG AMAZON;ETP;LN;OK
XS2675292309;GRAETN3LALIMETFP;3LAL;ETF;ETF Plus;EUR;XS;NON;-;Euronext;2026-08-04;BBG00VPK7WC8;3LAL;GRANITESHARES 3X L ALPHABET;ETP;LN;OK
XS2675718139;LEVETNIX3XSQETFP;3SQ;ETF;ETF Plus | Euronext Amsterdam;EUR;XS;NON;-;Euronext;2026-08-04;BBG00ZHZH837;SQ3;LEVERAGE SHARES 3X SQUARE ET;ETP;LN;OK
XS2675718642;3X JD;3JD;ETF;Euronext Amsterdam;EUR;XS;NON;-;Euronext;2026-08-04;BBG011BYWHJ6;JD3;3X JD;ETP;LN;OK
XS2675739135;LEVETNIX3XNFETFP;3NFL;ETF;ETF Plus | Euronext Amsterdam;EUR;XS;NON;-;Euronext;2026-08-04;BBG00V3LKRN4;NFL3;LEVERAGE SHARES 3X NETFLIX;ETP;LN;OK
XS2679084603;GRAETNFANGIMETFP;FANG;ETF;ETF Plus;EUR;XS;NON;-;Euronext;2026-08-04;BBG00ZHPNB26;FANG;GRANITESHARES FAANG;ETP;LN;OK
XS2679090162;GRAETNSFNGIMETFP;SFNG;ETF;ETF Plus;EUR;XS;NON;-;Euronext;2026-08-04;BBG00ZHPPXF2;SFNG;GRANITESHARES 1X SHORT FAANG;ETP;LN;OK
XS2679091996;GRAETN3FNGIMETFP;3FNG;ETF;ETF Plus;EUR;XS;NON;-;Euronext;2026-08-04;BBG00ZHPPD20;3FNG;GRANITESHARES 3X LONG FAANG;ETP;LN;OK
XS2691006303;LEVETNIX3XARETFP;ARM3;ETF;ETF Plus;EUR;XS;NON;-;Euronext;2026-08-04;BBG01JZ4M2T0;ARM3;3X LONG ARM;ETP;LN;OK
XS2691037282;LEVETCCOILQ4ETFP;BRENT;ETF;ETF Plus;EUR;XS;NON;-;Euronext;2026-08-04;BBG01JZ655Z0;1BRN;CORESHARES BRENT OIL ETC;ETP;LN;OK
XS2691037878;LEVETCCLN4ETFP;WTI;ETF;ETF Plus;EUR;XS;NON;-;Euronext;2026-08-04;BBG01JZYP7V7;WTIL;CORESHARES WTI OIL ETC-USD;ETP;LN;OK
XS2691038843;LEVETCMGN4ETFP;GAS;ETF;ETF Plus;EUR;XS;NON;-;Euronext;2026-08-04;BBG01JZ6B912;NGLS;CORESHARES NATURAL GAS ETC;ETP;LN;OK
XS2702787875;LEVETCHGN4ETFP;CPER;ETF;ETF Plus;EUR;XS;NON;-;Euronext;2026-08-04;BBG01JZ7MYX8;CULS;CORESHARES COPPER ETC;ETP;LN;OK
XS2706221277;LS -2X TESLA;2STS;ETF;Euronext Amsterdam;EUR;XS;NON;-;Euronext;2026-08-04;BBG00ZHZ0FB0;TS2S;LEVERAGE SHARES -2X SHORT TE;ETP;LN;OK
XS2722160707;GRAETN3SMSIMETFP;3SMS;ETF;ETF Plus;EUR;XS;NON;-;Euronext;2026-08-04;BBG00VPKLKC8;3SMS;GRANITESHARES 3X SHORT MSFT;ETP;LN;OK
XS2722161424;GRAETN3LAPIMETFP;3LAP;ETF;ETF Plus;EUR;XS;NON;-;Euronext;2026-08-04;BBG00VPKBV35;3LAP;GRANITESHARES 3X LONG APPLE;ETP;LN;OK
XS2734938835;GRAETN3LNVIMETFP;3LNV;ETF;ETF Plus;EUR;XS;NON;-;Euronext;2026-08-04;BBG00VPKKSL2;3LNV;GRANITESHARES 3X LONG NVIDIA;ETP;LN;OK
XS2757381400;LEVETN3TSLIMETFP;3TSL;ETF;ETF Plus | Euronext Amsterdam;EUR;XS;NON;-;Euronext;2026-08-04;BBG00ZHZ0069;TSL3;LEVERAGE SHARES 3X TESLA ETP;ETP;LN;OK
XS2757381749;LEVETN3BIDIMETFP;3BID;ETF;ETF Plus;EUR;XS;NON;-;Euronext;2026-08-04;BBG011BYX761;BID3;3X BIDU;ETP;LN;OK
XS2771500696;WISETNFTSEMIETFP;5ITL;ETF;ETF Plus;EUR;XS;NON;-;Euronext;2026-08-04;BBG01MPCRB02;5ITL;WT FTSE MIB 5X DAILY LEV;ETP;IM;OK
XS2771502718;WISETNSX5GT5ETFP;5EUS;ETF;ETF Plus;EUR;XS;NON;-;Euronext;2026-08-04;BBG01MQ97095;5EUS;WT EURO STOXX50 5X DAILY SRT;ETP;IM;OK
XS2771503104;WISETNSX5TDLETFP;5EUL;ETF;ETF Plus;EUR;XS;NON;-;Euronext;2026-08-04;BBG01MPBW422;5EUL;WT EURO STOXX50 5X DAILY LEV;ETP;IM;OK
XS2771611840;WISETNBNSXFTETFP;QS5S;ETF;ETF Plus;EUR;XS;NON;-;Euronext;2026-08-04;BBG01MPB4W67;QS5S;WT NASDAQ 100 5X DAILY SHORT;ETP;LN;OK
XS2771642134;WISETNBNSXFTETFP;QS5L;ETF;ETF Plus;EUR;XS;NON;-;Euronext;2026-08-04;BBG01MPBD0L0;QS5L;WT NASDAQ 100 5X DAILY LEV;ETP;LN;OK
XS2771642308;WISETNSPXFPEETFP;5USS;ETF;ETF Plus;EUR;XS;NON;-;Euronext;2026-08-04;BBG01MQ5X5X6;5USS;WT S&P 500 5X DAILY SHORT;ETP;LN;OK
XS2771642720;WISETNFTMIBGETFP;5ITS;ETF;ETF Plus;EUR;XS;NON;-;Euronext;2026-08-04;BBG01MPB8Z66;5ITS;WT FTSE MIB 5X DAILY SHORT;ETP;IM;OK
XS2771643025;WISETNSPXFPEETFP;5USL;ETF;ETF Plus;EUR;XS;NON;-;Euronext;2026-08-04;BBG01MQ6FL05;5USL;WT S&P 500 5X DAILY LEV;ETP;LN;OK
XS2779861082;LEVETNIX4XICETFP;SOXL;ETF;ETF Plus;EUR;XS;NON;-;Euronext;2026-08-04;BBG01M1L3QH3;SOXL;LEVERAGE SHARES 4X LONG SEMI;ETP;LN;OK
XS2779861249;LEVETNIX5XSOETFP;MAG7;ETF;ETF Plus;EUR;XS;NON;-;Euronext;2026-08-04;BBG01M1KZVG0;MAG7;LEVERAGE SHARES 5X LONG MAGN;ETP;LN;OK
XS2779861595;LEVETNIX3XISETFP;MAGS;ETF;ETF Plus;EUR;XS;NON;-;Euronext;2026-08-04;BBG01M1L01K7;MAGS;LEVERAGE SHARES -3X SHORT MA;ETP;LN;OK
XS2779861751;LEVETNIX3XSOETFP;GPT3;ETF;ETF Plus;EUR;XS;NON;-;Euronext;2026-08-04;BBG01M1L05T9;GPT3;LEVERAGE SHARES 3X LONG ARTI;ETP;LN;OK
XS2800709128;3x China Tech;3KWE;ETF;Euronext Amsterdam;EUR;XS;NON;-;Euronext;2026-08-04;BBG013KV9449;KWE3;LS 3X CHINA TECH;ETP;LN;OK
XS2819843223;WISETC3NGSIMETFP;3NGS;ETF;ETF Plus;EUR;XS;NON;-;Euronext;2026-08-04;BBG003QK29R9;3NGS;WT NATURAL GAS 3X DLY SHORT;ETP;LN;OK
XS2819843736;WISETNVIXLIMETFP;VIXL;ETF;ETF Plus | Euronext Paris;EUR;XS;NON;-;Euronext;2026-08-04;BBG00B59DP82;VIXL;WT S&P500VIX SHFUT 2.25DLYLV;ETP;IM;OK
XS2819843900;WISETC3NGSIMETFP;3NGL;ETF;ETF Plus;EUR;XS;NON;-;Euronext;2026-08-04;BBG003QK21G8;3NGL;WT NATURAL GAS 3X DLY LVRGD;ETP;LN;OK
XS2819844031;WISETNFMUSTRETFP;3ITS;ETF;ETF Plus;EUR;XS;NON;-;Euronext;2026-08-04;BBG005FGL3C3;3ITS;WT FTSE MIB 3X DAILY SHORT;ETP;IM;OK
XS2819844387;WISETC3OILIMETFP;3OIS;ETF;ETF Plus;EUR;XS;NON;-;Euronext;2026-08-04;BBG00Y7B6KW7;3OIS;WT WTI CRUDE 3X DAILY SHORT;ETP;LN;OK
XS2820604770;LEVETN3NVDIMETFP;3NVD;ETF;ETF Plus | Euronext Amsterdam;EUR;XS;NON;-;Euronext;2026-08-04;BBG00V3LGFW5;NVD3;LEVERAGE SHARES 3X NVIDIA;ETP;LN;OK
XS2820604853;LS 2X NVIDIA;2NVD;ETF;Euronext Amsterdam;EUR;XS;NON;-;Euronext;2026-08-04;BBG00J2D1L09;NVD2;LEVERAGE SHARES 2X NVIDIA;ETP;LN;OK
XS2820605157;LS 2X APPLE;2AAP;ETF;Euronext Amsterdam;EUR;XS;NON;-;Euronext;2026-08-04;BBG00J2BKYH6;AAP2;LEVERAGE SHARES 2X APPLE;ETP;LN;OK
XS2820605314;LS 2X MSFT;2MSF;ETF;Euronext Amsterdam;EUR;XS;NON;-;Euronext;2026-08-04;BBG00J2CPJP3;MSF2;LEVERAGE SHARES 2X MICROSOFT;ETP;LN;OK
XS2836701123;GRAETN3SSQIMETFP;3SSQ;ETF;ETF Plus;EUR;XS;NON;-;Euronext;2026-08-04;BBG014GD22L4;3SSQ;GRANITESHARES 3X SHORT SQ;ETP;IM;OK
XS2838543614;GRAETN3SMOIMETFP;3SMO;ETF;ETF Plus;EUR;XS;NON;-;Euronext;2026-08-04;BBG019TW4K53;3SMO;GRANITESHARES -3X MODERNA;ETP;LN;OK
XS2842095320;GRAETN3LAAIMETFP;3LAA;ETF;ETF Plus;EUR;XS;NON;-;Euronext;2026-08-04;BBG014V3PR39;3LAA;GRANITESHARES 3X LONG BABA;ETP;IM;OK
XS2842095676;GRAETN3SNVIMETFP;3SNV;ETF;ETF Plus;EUR;XS;NON;-;Euronext;2026-08-04;BBG00VPKKW88;3SNV;GRANITESHARES 3X SHORT NVDA;ETP;LN;OK
XS2842095759;GRAETN3SAAIMETFP;3SAA;ETF;ETF Plus;EUR;XS;NON;-;Euronext;2026-08-04;BBG014V3R161;3SAA;GRANITESHARES 3X SHORT BABA;ETP;IM;OK
XS2846982663;GRAETN3SCRIMETFP;3SCR;ETF;ETF Plus;EUR;XS;NON;-;Euronext;2026-08-04;BBG014VQ8BY8;3SCR;GRANITESHARES 3X SHORT UCG;ETP;IM;OK
XS2846983042;GRAETN3SSPIMETFP;3SSP;ETF;ETF Plus;EUR;XS;NON;-;Euronext;2026-08-04;BBG014X2WBL6;3SSP;GRANITESHARES 3X SHORT ISP;ETP;IM;OK
XS2852999429;LEVETNTSLAXAMS;TSLY;ETF;Euronext Amsterdam;EUR;XS;NON;-;Euronext;2026-08-04;BBG01NMQ9202;TSLI;IS TESLA OPTIONS;ETP;LN;OK
XS2852999692;LEVETNNVDAXAMS;NVDY;ETF;Euronext Amsterdam;EUR;XS;NON;-;Euronext;2026-08-04;BBG01NLLPBW1;NVDI;IS NVIDIA OPTIONS;ETP;LN;OK
XS2852999775;LEVETNXAUUSDXAMS;GLDY;ETF;Euronext Amsterdam;EUR;XS;NON;-;Euronext;2026-08-04;BBG01NLLS5W1;GLDI;IS GOLD YIELD OPTIONS;ETP;LN;OK
XS2856105833;GRAETN3LPAIMETFP;3LPA;ETF;ETF Plus;EUR;XS;NON;-;Euronext;2026-08-04;BBG013K9G903;3LPA;GRANITESHARES +3X PALANTIR;ETP;IM;OK
XS2856106302;GRAETN3LNFIMETFP;3LNF;ETF;ETF Plus;EUR;XS;NON;-;Euronext;2026-08-04;BBG00VPKKBF6;3LNF;GRANITESHARES 3X LONG NFLX;ETP;LN;OK
XS2872232850;WISETNSXRAROETFP;3EDF;ETF;ETF Plus;EUR;XS;NON;-;Euronext;2026-08-04;BBG01T8D4BX3;3EDF;WT STOXX EU A&D 3X LEVERAGED;ETP;LN;OK
XS2872233403;WISETCBNPIW0ETFP;TTFW;ETF;ETF Plus;EUR;XS;NON;-;Euronext;2026-08-04;BBG01PPHY652;TTFW;WT EUROPEAN NATURAL GAS;ETP;LN;OK
XS2875105608;LEVETNNDXXAMS;QQQY;ETF;Euronext Amsterdam;EUR;XS;NON;-;Euronext;2026-08-04;BBG01PBT83V8;QQQO;IS NASDAQ 100 OPTIONS;ETP;LN;OK
XS2875106242;LEVETNINXXAMS;SPYY;ETF;Euronext Amsterdam;EUR;XS;NON;-;Euronext;2026-08-04;BBG01PBTKDG9;SPYO;IS S&P500 OPTIONS;ETP;LN;OK
XS2879867773;KRAETCGLCARBETFP;KRBN;ETF;ETF Plus;EUR;XS;NON;-;Euronext;2026-08-04;BBG01PSV0L43;KRBN;KRANE GLOB CARBON STRAT ETC;ETP;LN;OK
XS2892963286;HANETCXGDEIMETFP;RMEH;ETF;ETF Plus;EUR;XS;NON;-;Euronext;2026-08-04;BBG01Q77ZRC7;RM3H;TRM PHYS EUR HEDGED GOLD ETC;ETP;GR;OK
XS2901884408;LEVETNAMZNXAMS;AMZY;ETF;Euronext Amsterdam;EUR;XS;NON;-;Euronext;2026-08-04;BBG01PT20BG5;AMZI;IS AMAZON OPTIONS;ETP;LN;OK
XS2901884663;LEVETNAAPLXAMS;AAPY;ETF;Euronext Amsterdam;EUR;XS;NON;-;Euronext;2026-08-04;BBG01PT1Z019;AAPY;IS APPLE OPTIONS;ETP;LN;OK
XS2901885041;LEVETNGOOGXAMS;GOOY;ETF;Euronext Amsterdam;EUR;XS;NON;-;Euronext;2026-08-04;BBG01PT1T3C8;GOOI;IS ALPHABET OPTIONS;ETP;LN;OK
XS2901885553;LEVETNMETAXAMS;METY;ETF;Euronext Amsterdam;EUR;XS;NON;-;Euronext;2026-08-04;BBG01PT0C7B0;METY;IS META OPTIONS;ETP;LN;OK
XS2901886288;LEVETNMSFTXAMS;MSFY;ETF;Euronext Amsterdam;EUR;XS;NON;-;Euronext;2026-08-04;BBG01PT11DG2;MSFY;IS MICROSOFT OPTIONS;ETP;LN;OK
XS2901886445;LEVETNCOINXAMS;COIY;ETF;Euronext Amsterdam;EUR;XS;NON;-;Euronext;2026-08-04;BBG01PT0VZL6;COIY;IS COINBASE OPTIONS;ETP;LN;OK
XS2940466316;iShETNBRRETFP;IB1T;ETF;ETF Plus | Euronext Amsterdam - Multi-currency Trading | Euronext Paris;EUR;XS;NON;-;Euronext;2026-08-04;BBG01SV9JPL4;IB1T;ISHARES BITCOIN ETP;ETP;GR;OK
XS2944874416;LEVETNIS3INVETFP;SNV3;ETF;ETF Plus;EUR;XS;NON;-;Euronext;2026-08-04;BBG017F9DFK7;NV3S;-3X NVIDIA;ETP;LN;OK
XS2944880066;-3x Short TSM;STSM;ETF;Euronext Amsterdam;EUR;XS;NON;-;Euronext;2026-08-04;BBG013KTZQB8;TSMS;LS -3X SHORT TSM;ETP;LN;OK
XS2944886188;LS -1X NVIDIA;SNVD;ETF;Euronext Amsterdam;EUR;XS;NON;-;Euronext;2026-08-04;BBG00V3LTDP4;NVDS;LEVERAGE SHARES -1X NVIDIA;ETP;LN;OK
XS2944886931;LS -1X TESLA;STSL;ETF;Euronext Amsterdam;EUR;XS;NON;-;Euronext;2026-08-04;BBG00V3MFNQ4;TSLS;LEVERAGESHARES -1X TESLA ETP;ETP;LN;OK
XS2944889109;LEVETNIX2XSOETFP;SMCI;ETF;ETF Plus;EUR;XS;NON;-;Euronext;2026-08-04;BBG01M1L0XN4;SMCI;LEVERAGE SHARES 2X LONG SUPE;ETP;LN;OK
XS2970736307;LEVETNIXE3XSETFP;SMST;ETF;ETF Plus;EUR;XS;NON;-;Euronext;2026-08-04;BBG01PT9T581;MSTS;LEV SH -3X SHRT MICROST MSTR;ETP;LN;OK
XS2970736489;3x Long NIO;3NIO;ETF;Euronext Amsterdam | ETF Plus;EUR;XS;NON;-;Euronext;2026-08-04;BBG013KV00B8;NIO3;LS 3X LONG NIO;ETP;LN;OK
XS3003323741;WISETNSXGRARETFP;3EDS;ETF;ETF Plus;EUR;XS;NON;-;Euronext;2026-08-04;BBG01TNZPS30;3EDS;WT STOXX EU A&D 3X SHORT;ETP;LN;OK
XS3003324129;WISETNRU2000ETFP;WRTY;ETF;ETF Plus;EUR;XS;NON;-;Euronext;2026-08-04;BBG01TCZ2ML0;WRTY;WISDOMTREE RUSSELL 2000;ETP;IM;OK
XS3003325795;WISETNNSDQETFP;WNAS;ETF;ETF Plus;EUR;XS;NON;-;Euronext;2026-08-04;BBG01TCZ26Q0;WNAS;WISDOMTREE NASDAQ-100;ETP;IM;OK
XS3005160091;LEVETN3MRNIMETFP;3MRN;ETF;ETF Plus;EUR;XS;NON;-;Euronext;2026-08-04;BBG013KV1JD4;MRN3;LS 3X LONG MRNA;ETP;LN;OK
XS3022291473;WISETCBNPIF7ETFP;CRRY;ETF;ETF Plus;EUR;XS;NON;-;Euronext;2026-08-04;BBG01TQMBNN0;CRRY;WT ENHANCED COMMODITY CARRY;ETP;LN;OK
XS3037640110;LEVETNIX3IBAETFP;SBA3;ETF;ETF Plus;EUR;XS;NON;-;Euronext;2026-08-04;BBG017F9D887;BA3S;-3X ALIBABA;ETP;LN;OK
XS3068761710;LEVETNMAGSEVXAMS;MAGY;ETF;Euronext Amsterdam;EUR;XS;NON;-;Euronext;2026-08-04;BBG01VBJDYY0;MAGO;IS MAGNIFICENT 7 OPTIONS;ETP;LN;OK
XS3068771271;LEVETNTLTXAMS;TLTY;ETF;Euronext Amsterdam;EUR;XS;NON;-;Euronext;2026-08-04;BBG01VBJDLW0;TLTY;IS  20+ YEAR TREASURY;ETP;LN;OK
XS3068774614;LEVETNXAGUSDXAMS;SLVY;ETF;Euronext Amsterdam;EUR;XS;NON;-;Euronext;2026-08-04;BBG01VBJJWH7;SLVY;IS SILVER YIELD OPTIONS;ETP;LN;OK
XS3068774887;LEVETNBABAXAMS;BABY;ETF;Euronext Amsterdam;EUR;XS;NON;-;Euronext;2026-08-04;BBG01VBJS0Q7;BABY;IS ALIBABA OPTIONS;ETP;LN;OK
XS3068775009;LEVETNPLTRXAMS;PLTY;ETF;Euronext Amsterdam;EUR;XS;NON;-;Euronext;2026-08-04;BBG01VBK2YZ8;PLTY;IS PALANTIR OPTIONS;ETP;LN;OK
XS3068775264;LEVETNMSTRXAMS;MSTI;ETF;Euronext Amsterdam;EUR;XS;NON;-;Euronext;2026-08-04;BBG01VBJT040;YMST;IS MICROSTRATEGY OPTIONS;ETP;LN;OK
XS3068775694;LEVETNAMDXAMS;AMDY;ETF;Euronext Amsterdam;EUR;XS;NON;-;Euronext;2026-08-04;BBG01VBJSNX9;YAMD;IS AMD OPTIONS;ETP;LN;OK
XS3068776312;LEVETNAVGOXAMS;AVGY;ETF;Euronext Amsterdam;EUR;XS;NON;-;Euronext;2026-08-04;BBG01VBLW1W8;AVGY;IS BROADCOM OPTIONS;ETP;LN;OK
XS3068786386;LEVETNFTMIBETFP;MIB5;ETF;ETF Plus;EUR;XS;NON;-;Euronext;2026-08-04;BBG01WF32413;MIB5;LS 5X L FTSE MIB ETP;ETP;LN;OK
XS3068786543;LEVETNFTMIBETFP;MIBS;ETF;ETF Plus;EUR;XS;NON;-;Euronext;2026-08-04;BBG01WF2X8F7;MIBS;LS -5X S FTSE MIB ETP;ETP;LN;OK
XS3068786626;LEVETNENX3XLETFP;LLY3;ETF;ETF Plus;EUR;XS;NON;-;Euronext;2026-08-04;BBG01WF2Z4C7;LLY3;LS 3X L ELI LILLY  ETP;ETP;LN;OK
XS3068786972;LEVETNENX3XSETFP;LLYS;ETF;ETF Plus;EUR;XS;NON;-;Euronext;2026-08-04;BBG01WF30MT5;LLYS;LS -3X S ELI LILLY  ETP;ETP;LN;OK
XS3068788838;LEVETNENX3XLETFP;INT3;ETF;ETF Plus;EUR;XS;NON;-;Euronext;2026-08-04;BBG01WF37YH5;INT3;LS 3X L INTEL  ETP;ETP;LN;OK
XS3068789307;LEVETNENX3XLETFP;AVG3;ETF;ETF Plus;EUR;XS;NON;-;Euronext;2026-08-04;BBG01WF3VQ76;AVG3;LS 3X L BROADCOM ETP;ETP;LN;OK
XS3068789562;LEVETNENX3XSETFP;AVOS;ETF;ETF Plus;EUR;XS;NON;-;Euronext;2026-08-04;BBG01WF34HR4;AVOS;LS -3X S BROADCOM ETP;ETP;LN;OK
XS3068789729;LEVETNENX3XLETFP;HOD3;ETF;ETF Plus;EUR;XS;NON;-;Euronext;2026-08-04;BBG01WF3FMP3;HOD3;LS 3X L ROBINHOOD ETP;ETP;LN;OK
XS3068790065;LEVETNENX3XLETFP;ASL3;ETF;ETF Plus;EUR;XS;NON;-;Euronext;2026-08-04;BBG01WF5NSG6;ASL3;LS 3X L ASML ETP;ETP;LN;OK
XS3068790222;LEVETNENX3XSETFP;ASMS;ETF;ETF Plus;EUR;XS;NON;-;Euronext;2026-08-04;BBG01WF5X4X9;ASMS;LS -3X S ASML ETP;ETP;LN;OK
XS3068790651;LEVETNFAANGTXAMS;FAN3;ETF;Euronext Amsterdam;EUR;XS;NON;-;Euronext;2026-08-04;BBG01WF38Z36;FAN3;LVSH 3X LG FAANG+ ETP SECURT;ETP;LN;OK
XS3069873134;GRAETN3SMIIMETFP;3SMI;ETF;ETF Plus;EUR;XS;NON;-;Euronext;2026-08-04;BBG014VQ1B48;3SMI;GRANITESHARES 3X SHORT MSTR;ETP;IM;OK
XS3069876582;GRAETN3SPAIMETFP;3SPA;ETF;ETF Plus;EUR;XS;NON;-;Euronext;2026-08-04;BBG013K9H1C6;3SPA;GRANITESHARES -3X PALANTIR;ETP;IM;OK
XS3069877556;GRAETN3LMOIMETFP;3LMO;ETF;ETF Plus;EUR;XS;NON;-;Euronext;2026-08-04;BBG013K91HY4;3LMO;GRANITESHARES +3X MODERNA;ETP;IM;OK
XS3069879768;GRAETN3SNIIMETFP;3SNI;ETF;ETF Plus;EUR;XS;NON;-;Euronext;2026-08-04;BBG00ZHPR1X0;3SNI;GRANITESHARES 3X SHORT NIO;ETP;LN;OK
XS3075487044;GRAETN3LNIIMETFP;3LNI;ETF;ETF Plus;EUR;XS;NON;-;Euronext;2026-08-04;BBG00ZHPQXP0;3LNI;GRANITESHARES 3X LONG NIO;ETP;LN;OK
XS3075487556;GRAETN3STSIMETFP;3STS;ETF;ETF Plus;EUR;XS;NON;-;Euronext;2026-08-04;BBG00VPKL1T2;3STS;GRANITESHARES 3X SHORT TSLA;ETP;LN;OK
XS3075487713;GRAETN3LAMIMETFP;3LAM;ETF;ETF Plus;EUR;XS;NON;-;Euronext;2026-08-04;BBG014GYQPR5;3LAM;GRANITESHARES +3X AMD;ETP;IM;OK
XS3075487986;GRAETN3SNFIMETFP;3SNF;ETF;ETF Plus;EUR;XS;NON;-;Euronext;2026-08-04;BBG00VPKKK39;3SNF;GRANITESHARES 3X SHORT NFLX;ETP;LN;OK
XS3087774306;HANETCMSTYXPAR;MSTY;ETF;Euronext Paris;EUR;XS;NON;-;Euronext;2026-08-04;BBG01VG8YYZ5;MSTY;YIELDMAX MSTR OPT IN STR ETC;ETP;LN;OK
XS3091646797;WISETNXSOXETFP;SC3S;ETF;ETF Plus;EUR;XS;NON;-;Euronext;2026-08-04;BBG01VZ89HJ7;SC3S;WT PHLX SEMI 3X DAILY SHORT;ETP;LN;OK
XS3091654114;WISETNWTUSBLETFP;3MG7;ETF;ETF Plus;EUR;XS;NON;-;Euronext;2026-08-04;BBG01VZ82788;3MG7;WT MAG 7 3X DAILY LEVERAGED;ETP;LN;OK
XS3091657307;WISETNWTUSBTETFP;3M7S;ETF;ETF Plus;EUR;XS;NON;-;Euronext;2026-08-04;BBG01VZ86ZB8;3M7S;WT MAG 7 3X DAILY SHORT;ETP;LN;OK
XS3091657729;WISETNSOXNTRETFP;3SEM;ETF;ETF Plus;EUR;XS;NON;-;Euronext;2026-08-04;BBG01VZ96960;3SEM;WT PHLX SEMI 3X DAILY LEV;ETP;LN;OK
XS3091985815;LEVETNENX3XLETFP;UNH3;ETF;ETF Plus;EUR;XS;NON;-;Euronext;2026-08-04;BBG01WF3FN44;UNH3;LS 3X L UNITEDHEALTH ETP;ETP;LN;OK
XS3103698299;LEVETNEN3XLGETFP;RHM3;ETF;ETF Plus;EUR;XS;NON;-;Euronext;2026-08-04;;;;;;INTROUVABLE
XS3107205695;-3X ARK INNOVATION;SARKK;ETF;Euronext Amsterdam;EUR;XS;NON;-;Euronext;2026-08-04;BBG013KV5MF1;SARK;-3X SHORT ARK INNOVATION ETP;ETP;LN;OK
XS3107206156;LEVETNIX3ICOETFP;S3CO;ETF;ETF Plus;EUR;XS;NON;-;Euronext;2026-08-04;BBG01FYK2CJ4;CO3S;-3X SHORT COINBASE (COIN);ETP;LN;OK
XS3135031279;-3X SHORT TSLA;TSLQ;ETF;Euronext Amsterdam | ETF Plus;EUR;XS;NON;-;Euronext;2026-08-04;BBG011BYX2X2;TS3S;-3X SHORT TSLA;ETP;LN;OK
XS3142919219;LEVETNINXXAMS;ADPT;ETF;Euronext Amsterdam;EUR;XS;NON;-;Euronext;2026-08-04;BBG01WF5TJB5;ADPT;PANTARAI ADAPT ETP;ETP;LN;OK
XS3151431957;WISETN500HITETFP;WSPE;ETF;ETF Plus;EUR;XS;NON;-;Euronext;2026-08-04;BBG01XK0HR78;WSPE;WT S&P 500 EUR DAILY HEDGED;ETP;IM;OK
XS3151433813;WISETNBNPIWRETFP;WWRD;ETF;ETF Plus;EUR;XS;NON;-;Euronext;2026-08-04;BBG01YPL7KS8;WWRD;WISDOMTREE WORLD;ETP;IM;OK
XS3172423520;-1X SHORT PLTR;SPLR;ETF;Euronext Amsterdam;EUR;XS;NON;-;Euronext;2026-08-04;BBG011BYW502;PLTS;-1X SHORT PLTR;ETP;LN;OK
XS3218061631;HANETCULTYXPAR;ULTE;ETF;Euronext Paris;EUR;XS;NON;-;Euronext;2026-08-04;BBG01YHF93Y9;ULTY;YIELDMAX ULTY UOIS ETC;ETP;LN;OK
XS3231939599;LEVETNIX4XIIETFP;SOXS;ETF;ETF Plus;EUR;XS;NON;-;Euronext;2026-08-04;BBG01M1KZMP0;SOXS;LEVERAGE SHARES -4X SHORT SE;ETP;LN;OK
XS3246967098;WISETCBNPIF7ETFP;CRRE;ETF;ETF Plus;EUR;XS;NON;-;Euronext;2026-08-04;BBG01ZRJDMJ7;CRRE;WSDM TR ENH CMDT CRY EUR HDG;ETP;GR;OK
XS3299458714;LEVETNUNGETFP;NGL3;ETF;ETF Plus | Euronext Amsterdam;EUR;XS;NON;-;Euronext;2026-08-04;BBG0210N1NW7;NGL3;LVRG SHR 3X LG NTRL GAS ETC;ETP;LN;OK
XS3299459951;LEVETNUNGETFP;UNGS;ETF;ETF Plus | Euronext Amsterdam;EUR;XS;NON;-;Euronext;2026-08-04;BBG0210FZ5Q3;UNGS;LEV SHAR -3X SHO NAT GAS ETC;ETP;LN;OK
XS3299460611;LEVETNUSOETFP;WTI3;ETF;ETF Plus | Euronext Amsterdam;EUR;XS;NON;-;Euronext;2026-08-04;BBG0210G1Y58;WTI3;LEV SHA 3X L WTI OIL ETC;ETP;LN;OK
XS3299460702;LEVETNUSOETFP;WTOS;ETF;ETF Plus | Euronext Amsterdam;EUR;XS;NON;-;Euronext;2026-08-04;BBG0210FK0Y1;WTOS;LEV SHAR -3X SHO WTI OIL ETC;ETP;LN;OK
XS3299460884;LEVETNCPERETFP;CUL3;ETF;ETF Plus | Euronext Amsterdam;EUR;XS;NON;-;Euronext;2026-08-04;BBG0210FP8R7;CUL3;LS 3X LONG COPPER ETC;ETP;LN;OK
XS3299460967;LEVETNCPERETFP;CPRS;ETF;ETF Plus | Euronext Amsterdam;EUR;XS;NON;-;Euronext;2026-08-04;BBG02106D4Q0;CPRS;LS -3X SHORT COPPER ETC;ETP;LN;OK
XS3299461189;LEVETNGLDXAMS;GLD5;ETF;Euronext Amsterdam;EUR;XS;NON;-;Euronext;2026-08-04;BBG02107M781;GLD5;LEVERAGE SHRS 5X LNG GLD ETC;ETP;LN;OK
XS3299461262;LEVETNUX1XAMS;URA3;ETF;Euronext Amsterdam;EUR;XS;NON;-;Euronext;2026-08-04;BBG0210FZ789;URA3;LEVERAGE SHAR 3X LO URA ETP;ETP;LN;OK
XS3299461346;LEVETNUX1XAMS;URAS;ETF;Euronext Amsterdam;EUR;XS;NON;-;Euronext;2026-08-04;BBG0210CD762;URAS;LEV SHA3X SHORT URANIUM ETP;ETP;LN;OK
XS3299461692;LEVETNNBISXAMS;NBI3;ETF;Euronext Amsterdam;EUR;XS;NON;-;Euronext;2026-08-04;BBG0210FX512;NBI3;LEVERAGE SHAR 3X LN NBIS ETP;ETP;LN;OK
XS3299462070;LEVETNSNDKXAMS;SND3;ETF;Euronext Amsterdam;EUR;XS;NON;-;Euronext;2026-08-04;BBG0210G9R19;SND3;LEVERAGE SHARES 3X LO SD ETP;ETP;LN;OK
XS3299462153;LEVETNQCOMXAMS;QCO3;ETF;Euronext Amsterdam;EUR;XS;NON;-;Euronext;2026-08-04;BBG0210BLVK6;QCO3;LEVERAGE SHARES 3X L QC ETP;ETP;LN;OK
XS3299463045;LEVETNKLACXAMS;KLA3;ETF;Euronext Amsterdam;EUR;XS;NON;-;Euronext;2026-08-04;BBG0210FP067;KLA3;LEVERAGE SHR 3X LNG KLAC ETP;ETP;LN;OK
XS3299463128;LEVETNADIXAMS;ADI3;ETF;Euronext Amsterdam;EUR;XS;NON;-;Euronext;2026-08-04;BBG0210G8KJ6;ADI3;LEVER SHA 3X LONG AD ADI ETP;ETP;LN;OK
XS3299464019;LEVETNIRENXAMS;IRN3;ETF;Euronext Amsterdam;EUR;XS;NON;-;Euronext;2026-08-04;BBG0210B3C37;IRN3;LEVERGE SHRS 3X LNG IREN ETP;ETP;LN;OK
XS3299464100;LEVETNCRCLXAMS;CRC3;ETF;Euronext Amsterdam;EUR;XS;NON;-;Euronext;2026-08-04;BBG0210DZRP1;CRC3;LEVERGE SHRS 3X LNG CRCL ETP;ETP;LN;OK
XS3299464282;LEVETNCRWVXAMS;CRW3;ETF;Euronext Amsterdam;EUR;XS;NON;-;Euronext;2026-08-04;BBG0210BR9T0;CRW3;LVRGE SHRS 3X LG CRWV ETP;ETP;LN;OK
XS3299464365;LEVETNE3LORXAMS;ORC3;ETF;Euronext Amsterdam;EUR;XS;NON;-;Euronext;2026-08-04;BBG021TXNZH0;ORC3;LS 3X ORACLE (ORCL) ETP;ETP;LN;OK
XS3299464795;LEVETNIONQXAMS;ION3;ETF;Euronext Amsterdam;EUR;XS;NON;-;Euronext;2026-08-04;BBG02115T607;IONQ;LVRG SHRS 3X LG IONQ ETP;ETP;LN;OK
XS3299465172;LEVETNBNMRXAMS;BMNY;ETF;Euronext Amsterdam;EUR;XS;NON;-;Euronext;2026-08-04;BBG0210BD620;BMNY;INCSHRS BMNR OPTIONS ETP;ETP;LN;OK
XS3299465412;LEVETNSMCIXAMS;SMCY;ETF;Euronext Amsterdam;EUR;XS;NON;-;Euronext;2026-08-04;BBG02108CTL7;SMCY;INCSHAR SU M C OPTIO ETP;ETP;LN;OK
XS3299465503;LEVETNQCOMXAMS;QCOY;ETF;Euronext Amsterdam;EUR;XS;NON;-;Euronext;2026-08-04;BBG0210FP6R1;QCOY;INCOMESHARS QC OPTIO ETP;ETP;LN;OK
XS3299465768;LEVETNTXNXAMS;TXNY;ETF;Euronext Amsterdam;EUR;XS;NON;-;Euronext;2026-08-04;BBG0210FPQR7;TXNY;INCMSR TXS INSTRMNT OPTN ETP;ETP;LN;OK
XS3299466063;LEVETNMRVLXAMS;MRVY;ETF;Euronext Amsterdam;EUR;XS;NON;-;Euronext;2026-08-04;BBG02108QJQ9;MRVY;INCMSHR MRVL TCNLGY OPTN ETP;ETP;LN;OK
XS3299466147;LEVETNAMATXAMS;AMAY;ETF;Euronext Amsterdam;EUR;XS;NON;-;Euronext;2026-08-04;BBG021098SZ7;AMAY;INCSHRS AMAT OPTIONS ETP;ETP;LN;OK
XS3299466220;LEVETNLRCXXAMS;LRCY;ETF;Euronext Amsterdam;EUR;XS;NON;-;Euronext;2026-08-04;BBG0210FK874;LRCY;INCMSHRS LAM RESRCH OPTN ETP;ETP;LN;OK
XS3299466493;LEVETNADIXAMS;ADIY;ETF;Euronext Amsterdam;EUR;XS;NON;-;Euronext;2026-08-04;BBG0210CBC63;ADIY;INCOMESHARES AD ADI OPT ETP;ETP;LN;OK
XS3299466816;LEVETNIRENXAMS;IREY;ETF;Euronext Amsterdam;EUR;XS;NON;-;Euronext;2026-08-04;BBG0210F4M08;IREY;INCOMESHARES IREN OPTION ETP;ETP;LN;OK
XS3299467897;LEVETNARMHXAMS;YARM;ETF;Euronext Amsterdam;EUR;XS;NON;-;Euronext;2026-08-04;BBG0210F7SJ2;ARMI;INCOMESHARES ARM OPTIONS ETP;ETP;LN;OK
XS3299468515;LEVETNINTCXAMS;INTY;ETF;Euronext Amsterdam;EUR;XS;NON;-;Euronext;2026-08-04;BBG0210F1544;INTY;INCOMESHARES INTEL OPTIN ETP;ETP;LN;OK
XS3299468788;LEVETNCRWVXAMS;CRWY;ETF;Euronext Amsterdam;EUR;XS;NON;-;Euronext;2026-08-04;BBG021082H98;CRWY;INCOMESHRS CRWV OPT ETP;ETP;LN;OK
XS3299468861;LEVETNCRCLXAMS;CRCY;ETF;Euronext Amsterdam;EUR;XS;NON;-;Euronext;2026-08-04;BBG0210FH5Q3;CRCY;INCOMESHA CI IN OPT ETP;ETP;LN;OK
XS3299468945;LEVETNGLXYXAMS;GLXY;ETF;Euronext Amsterdam;EUR;XS;NON;-;Euronext;2026-08-04;BBG0210FBHP4;GLXY;INCOMESHR GLXY DGTL OPTN ETP;ETP;LN;OK
XS3299469083;LEVETNMARAXAMS;MARY;ETF;Euronext Amsterdam;EUR;XS;NON;-;Euronext;2026-08-04;BBG0210FXD60;MARY;INCOMESHARES MARA OPTION ETP;ETP;LN;OK
XS3299469166;LEVETNRIOTXAMS;RIOY;ETF;Euronext Amsterdam;EUR;XS;NON;-;Euronext;2026-08-04;BBG0210G8V39;RIOY;INCOMESHARE RIOT OPTIONS ETP;ETP;LN;OK
XS3299469323;LEVETNASMLXAMS;ASMY;ETF;Euronext Amsterdam;EUR;XS;NON;-;Euronext;2026-08-04;BBG02104BG53;ASMY;INCOMESHARES ASML OPTINS ETP;ETP;LN;OK
XS3299469679;LEVETNBSKTXAMS;MLTY;ETF;Euronext Amsterdam;EUR;XS;NON;-;Euronext;2026-08-04;BBG0210F11D3;MLTY;INC SH MULT ASSET BALA ETP;ETP;LN;OK
XS3299469752;LEVETNBSKTXAMS;SEMY;ETF;Euronext Amsterdam;EUR;XS;NON;-;Euronext;2026-08-04;BBG02107K578;YSEM;INCSHRS SMICDTRS LDRS ETP;ETP;LN;OK
XS3299469919;LEVETNBSKTXAMS;ARIY;ETF;Euronext Amsterdam;EUR;XS;NON;-;Euronext;2026-08-04;BBG0210FKJ52;ARIY;INCOM SHA ART IN LEAD ETP;ETP;LN;OK
XS3299470099;LEVETNSPVXSTETFP;VIX2;ETF;ETF Plus;EUR;XS;NON;-;Euronext;2026-08-04;BBG021TVM9T0;VIX2;LS 2.25X VIX ST FUT ETC;ETP;LN;OK
XS3299470172;LEVETNSILUSXAMS;SLM3;ETF;Euronext Amsterdam;EUR;XS;NON;-;Euronext;2026-08-04;BBG021TXBDM6;SLM3;LS 3X SILVER MINERS ETP;ETP;LN;OK
XS3299470339;LEVETNSIL USXAMS;SLMS;ETF;Euronext Amsterdam;EUR;XS;NON;-;Euronext;2026-08-04;BBG021TW75G7;SLMS;LS -3X SILVER MINERS ETP;ETP;LN;OK
XS3299470503;LEVETNE3LOKXAMS;OKL3;ETF;Euronext Amsterdam;EUR;XS;NON;-;Euronext;2026-08-04;BBG021TYB9V3;OKL3;LS 3X OKLO (OKLO) ETP;ETP;LN;OK
XS3299470768;LEVETNE3LRLXAMS;RKL3;ETF;Euronext Amsterdam;EUR;XS;NON;-;Euronext;2026-08-04;BBG021TXN8S8;RKL3;LS 3X ROCKET LAB ETP;ETP;LN;OK
XS3299470842;LEVETNBSKTXAMS;BLC3;ETF;Euronext Amsterdam;EUR;XS;NON;-;Euronext;2026-08-04;BBG021TVR7M6;BLC3;LS 3X BLOCKCHAIN LDRS ETP;ETP;LN;OK
XS3302918423;LEVETNBMNR UXAMS;BMN3;ETF;Euronext Amsterdam;EUR;XS;NON;-;Euronext;2026-08-04;BBG0210D9S87;BMN3;LEV SHAR 3X LG BIT BMNR ETP;ETP;LN;OK
XS3304269429;LEVETNIXE3XLETFP;3MST;ETF;ETF Plus;EUR;XS;NON;-;Euronext;2026-08-04;BBG01PV5P214;MST3;LS 3X LONG MS (MSTR) ETP;ETP;LN;OK
XS3304270351;LEVETNENX3XLETFP;HIM3;ETF;ETF Plus;EUR;XS;NON;-;Euronext;2026-08-04;BBG01WF3CW38;HIM3;LVSH 3X LONG HIMS ETP SECURT;ETP;LN;OK
XS3306516876;WISETC3SILIMETFP;3SIL;ETF;ETF Plus;EUR;XS;NON;-;Euronext;2026-08-04;BBG003QK2QM6;3SIL;WT SILVER 3X DAILY LEVERAGED;ETP;LN;OK
XS3306516959;WISETC3HCLIMETFP;3HCS;ETF;ETF Plus;EUR;XS;NON;-;Euronext;2026-08-04;BBG003QK1RB7;3HCS;WT COPPER 3X DAILY SHORT;ETP;LN;OK
XS3306517098;WISETC3BRSIMETFP;3BRS;ETF;ETF Plus;EUR;XS;NON;-;Euronext;2026-08-04;BBG00B59DZW3;3BRS;WT BRENT CRUDE 3X DLY SHORT;ETP;IM;OK
XS3306517338;WISETNDAXSH3ETFP;3DES;ETF;ETF Plus;EUR;XS;NON;-;Euronext;2026-08-04;BBG003Q18GC5;3DES;WT DAX 3X DAILY SHORT;ETP;LN;OK
XS3306517502;WISETNEU50S3ETFP;3EUS;ETF;ETF Plus | Euronext Paris;EUR;XS;NON;-;Euronext;2026-08-04;BBG003Q18H06;3EUS;WT EURO STOXX50 3X DLY SHORT;ETP;LN;OK
XS3306517924;WISETC3SILIMETFP;3SIS;ETF;ETF Plus;EUR;XS;NON;-;Euronext;2026-08-04;BBG003QK2Y94;3SIS;WT SILVER 3X DAILY SHORT;ETP;LN;OK
XS3306518492;WISETNDAXLG3ETFP;3DEL;ETF;ETF Plus;EUR;XS;NON;-;Euronext;2026-08-04;BBG003Q181H3;3DEL;WT DAX 3X DAILY LEVERAGED;ETP;LN;OK
XS3306518658;WISETNEU50L3ETFP;3EUL;ETF;ETF Plus | Euronext Paris;EUR;XS;NON;-;Euronext;2026-08-04;BBG003Q18GS8;3EUL;WT EURO STOXX50 3X DLY LVRGD;ETP;LN;OK
XS3306519201;WISETNFMIBBNETFP;ITBL;ETF;ETF Plus;EUR;XS;NON;-;Euronext;2026-08-04;BBG00FB98YK9;ITBL;WT FTSE MIB BANKS;ETP;IM;OK
XS3330165328;WISETNBNPXTUETFP;1PUT;ETF;ETF Plus;EUR;XS;NON;-;Euronext;2026-08-04;BBG022436L45;1PUT;WT 1-DAY EQUITY PUT PREM ETF;ETP;LN;OK
XS3332092090;DIGETNBRRXPAR;BTCA;ETF;Euronext Paris | Euronext Paris - Multi-currency Trading;EUR;XS;NON;-;Euronext;2026-08-04;BBG021JY8YQ9;BTCA;AMUD BITCOIN ETP;ETP;FP;OK
XS3337011384;LEVETNE3LJAXAMS;JOB3;ETF;Euronext Amsterdam;EUR;XS;NON;-;Euronext;2026-08-04;BBG021TYX3Y9;JOB3;LS 3X JOBY AVIATION ETP;ETP;LN;OK
XS3337011541;LEVETNE3LDQXAMS;QBT3;ETF;Euronext Amsterdam;EUR;XS;NON;-;Euronext;2026-08-04;BBG021TYV255;QBT3;LS 3X D-WAVE (QBTS) ETP;ETP;LN;OK
XS3337012515;LEVETNE3LRCXAMS;RGT3;ETF;Euronext Amsterdam;EUR;XS;NON;-;Euronext;2026-08-04;BBG021TWMVH2;RGT3;LS 3X RIGETTI (RGTI) ETP;ETP;LN;OK
XS3337012861;LEVETNE3LNPXAMS;SMR3;ETF;Euronext Amsterdam;EUR;XS;NON;-;Euronext;2026-08-04;BBG021TY5799;SMR3;LS 3X NUSCALE POWER ETP;ETP;LN;OK
XS3337013166;LEVETNSX5EETFP;5SX5;ETF;ETF Plus;EUR;XS;NON;-;Euronext;2026-08-04;BBG021TYKFX7;5SX5;LS 5X EUROSTOXX 50 ETP;ETP;LN;OK
XS3337051174;LEVETNSX5EETFP;ST3S;ETF;ETF Plus;EUR;XS;NON;-;Euronext;2026-08-04;BBG021TXB589;ST3S;LS -3X EUROSTOXX 50 ETP;ETP;LN;OK
XS3337099884;LEVETNHOODXAMS;HOOY;ETF;Euronext Amsterdam;EUR;XS;NON;-;Euronext;2026-08-04;BBG021TYC7Y3;HOOY;IS ROBINHOOD OPTIONS ETP;ETP;LN;OK
XS3337164027;LEVETNBERKSXAMS;BRKY;ETF;Euronext Amsterdam;EUR;XS;NON;-;Euronext;2026-08-04;BBG021TY23V6;BRKY;IS BRK-B OPTS ETP;ETP;LN;OK
XS3337171154;LEVETNNTFLXXAMS;NFLY;ETF;Euronext Amsterdam;EUR;XS;NON;-;Euronext;2026-08-04;BBG021TYTXZ7;NFLY;IS NETFLIX OPTIONS ETP;ETP;LN;OK
XS3337173440;LEVETNUNITHXAMS;UNHY;ETF;Euronext Amsterdam;EUR;XS;NON;-;Euronext;2026-08-04;BBG021TYHXX2;UNHY;IS UNH OPTIONS ETP;ETP;LN;OK
XS3337192234;LEVETNORACLXAMS;ORCY;ETF;Euronext Amsterdam;EUR;XS;NON;-;Euronext;2026-08-04;BBG021TYWS57;ORCY;IS ORACLE OPTIONS ETP;ETP;LN;OK
XS3337192408;LEVETNBSKTXAMS;BLCY;ETF;Euronext Amsterdam;EUR;XS;NON;-;Euronext;2026-08-04;BBG021TYWBJ9;BLCY;IS BLOCKCHAIN LEADERS ETP;ETP;LN;OK
XS3337205077;LEVETNTSMXAMS;TSMY;ETF;Euronext Amsterdam;EUR;XS;NON;-;Euronext;2026-08-04;BBG021TYW254;TSMY;IS TSM OPTIONS ETP;ETP;LN;OK
XS3337307741;LEVETNSLVPXAMS;SLMY;ETF;Euronext Amsterdam;EUR;XS;NON;-;Euronext;2026-08-04;BBG021TYX663;SLMY;IS SILVER MINERS+ YLD ETP;ETP;LN;OK
XS3337373370;LEVETNAUMIXAMS;GLMY;ETF;Euronext Amsterdam;EUR;XS;NON;-;Euronext;2026-08-04;BBG021TYWTD6;GLMY;IS GOLD MINERS+ YLD ETP;ETP;LN;OK
XS3337373701;LEVETNURAUPXAMS;URNY;ETF;Euronext Amsterdam;EUR;XS;NON;-;Euronext;2026-08-04;BBG021TYN7C5;URNY;IS URANIUM+ YLD ETP;ETP;LN;OK
XS3337373966;LEVETNUSOXAMS;WTIY;ETF;Euronext Amsterdam;EUR;XS;NON;-;Euronext;2026-08-04;BBG021TXMBJ2;WTIY;IS WTI OIL+ YLD ETP;ETP;LN;OK
XS3337374261;LEVETNCPERXAMS;CPRY;ETF;Euronext Amsterdam;EUR;XS;NON;-;Euronext;2026-08-04;BBG021TTWW04;CPRY;IS COPPER MINERS+ YLD ETP;ETP;LN;OK
XS3337374691;LEVETNMICROXAMS;MUIY;ETF;Euronext Amsterdam;EUR;XS;NON;-;Euronext;2026-08-04;BBG021TVL7X0;MUIY;IS MICRON OPTIONS ETP;ETP;LN;OK
XS3337374774;LEVETNBSKTXAMS;GRWY;ETF;Euronext Amsterdam;EUR;XS;NON;-;Euronext;2026-08-04;BBG021TY6D22;GRWY;IS 75/10/15 MULTIASST ETP;ETP;LN;OK
XS3337375078;LEVETNINVQQQXAMS;SCLE;ETF;Euronext Amsterdam;EUR;XS;NON;-;Euronext;2026-08-04;BBG021VBB281;SCLE;CS SHORT CON LONG EQ ETP;ETP;LN;OK
XS3343238971;LEVETNCSSXXAMS;ESXY;ETF;Euronext Amsterdam;EUR;XS;NON;-;Euronext;2026-08-04;BBG021TYVZM3;ESXY;IS EUROSTOXX 50 OPTS ETP;ETP;LN;OK
XS3373449761;-5x Short QQQ;SQQQ;ETF;Euronext Amsterdam | ETF Plus;EUR;XS;NON;-;Euronext;2026-08-04;BBG013KTX0X3;QQ3S;LS -5X SHORT NASDAQ 100 ETP;ETP;LN;OK
XS3384723154;INVETCGOLDETFP;GLD2;ETF;ETF Plus;EUR;XS;NON;-;Euronext;2026-08-04;BBG022W43PW5;GOLD;INVESCO PHYSICAL GOLD II ETC;ETP;LN;OK
XS3388189477;LEVETNSPCXETFP;ELON;ETF;ETF Plus;EUR;XS;NON;-;Euronext;2026-08-04;BBG022MC23J3;ELON;LS 3X LONG SPACEX ETP;ETP;LN;OK
XS3388190053;LEVETNCBRSETFP;CBR3;ETF;ETF Plus;EUR;XS;NON;-;Euronext;2026-08-04;BBG022MBZQR9;CBR3;LS 3X LONG CBRS ETP;ETP;LN;OK
XS3388190301;LEVETN005930ETFP;SMG3;ETF;ETF Plus;EUR;XS;NON;-;Euronext;2026-08-04;BBG01WJYKST8;3SMG;LEVERAGE SHRS 3X SAMSUG ELEC;ETP;LN;OK
XS3388190996;LEVETN000660ETFP;HNX3;ETF;ETF Plus;EUR;XS;NON;-;Euronext;2026-08-04;BBG022MBG4Z0;HNX3;LS 3X LONG SK HYNIX ETP;ETP;LN;OK
XS3388191457;LEVETNDRAMXAMS;DRM3;ETF;Euronext Amsterdam;EUR;XS;NON;-;Euronext;2026-08-04;BBG022MC64B5;DRM3;LS 3X LONG MEMORY ETP;ETP;LN;OK
XS3393942290;LEVETNDRAMXAMS;DRMS;ETF;Euronext Amsterdam;EUR;XS;NON;-;Euronext;2026-08-04;BBG022MBSBM5;DRMS;LS -3X SHORT MEMORY ETP;ETP;LN;OK
XS3408767419;-5x Short SPY;SSPY;ETF;Euronext Amsterdam | ETF Plus;EUR;XS;NON;-;Euronext;2026-08-04;BBG013KTY0C5;SPYS;LS -5X SHORT SPY ETP;ETP;LN;OK
XS3408769035;LEVETNEN3XLGETFP;FUT3;ETF;ETF Plus;EUR;XS;NON;-;Euronext;2026-08-04;BBG01WF33H04;FUT3;LS 3X L FUTU ETP;ETP;LN;OK
XS3408769977;LEVETNIX3XAIETFP;GPTS;ETF;ETF Plus;EUR;XS;NON;-;Euronext;2026-08-04;BBG01M1L0PX0;GPTS;LEVERAGE SHARES -3X SHORT AR;ETP;LN;OK
XS3410202983;LEVETNENX3XSETFP;INTS;ETF;ETF Plus;EUR;XS;NON;-;Euronext;2026-08-04;BBG01WF3JVS6;INTS;LS -3X S INTEL ETP;ETP;LN;OK
XS3415294688;GRAETNSOSPCXETFP;SPX3;ETF;ETF Plus;EUR;XS;NON;-;Euronext;2026-08-04;BBG02383XYP8;SPCH;GRANITESHARES 3X LG SPCX DY;ETP;LN;OK
XS3415294928;GRAETNSOSPCXETFP;SNK3;ETF;ETF Plus;EUR;XS;NON;-;Euronext;2026-08-04;BBG023852311;SNK3;GRANITESHRS 3X SHRT SPCX DLY;ETP;LN;OK
XS3415295149;GRAETNSOSAN2XAMS;SAN2;ETF;Euronext Amsterdam;EUR;XS;NON;-;Euronext;2026-08-04;BBG0238Q46P0;SAN2;GRANITESHRS 2X LG SANDSK DLY;ETP;LN;OK
XS3415295495;GRAETNSOSAN2XAMS;SANS;ETF;Euronext Amsterdam;EUR;XS;NON;-;Euronext;2026-08-04;BBG0238V78Z1;SANS;GRNTSHR 2X SHRT SNDK DLY ETP;ETP;LN;OK
XS3415295578;GRAETNSOMU3LXAMS;MIC3;ETF;Euronext Amsterdam;EUR;XS;NON;-;Euronext;2026-08-04;BBG023B3SWC8;MIC3;GRANITESHARES 3X LG MD ETP;ETP;LN;OK
XS3415295651;GRAETNSOMAR3XAMS;MAR3;ETF;Euronext Amsterdam;EUR;XS;NON;-;Euronext;2026-08-04;BBG023B485C7;MAR3;GRANITESHRS 3X LG MARA ETP;ETP;LN;OK
XS3415296899;GRAETNSOMAV3XAMS;MAV3;ETF;Euronext Amsterdam;EUR;XS;NON;-;Euronext;2026-08-04;BBG023C69C80;MAV3;GRANITESHARES 3X LG MARV DLY;ETP;LN;OK
XS3415297350;GRAETNSOVRT3XAMS;VTV3;ETF;Euronext Amsterdam;EUR;XS;NON;-;Euronext;2026-08-04;BBG023C7ZBV5;VTV3;GRANITESHARES 3X LG VERTI DY;ETP;LN;OK
XS3415298085;GRAETNSOLUM3XAMS;LUM3;ETF;Euronext Amsterdam;EUR;XS;NON;-;Euronext;2026-08-04;BBG023C88JF4;LUM3;GRANITESHARES 3X LG LUMNT DY;ETP;LN;OK
XS3415298242;GRAETNSOLLEOETFP;LEO2;ETF;ETF Plus;EUR;XS;NON;-;Euronext;2026-08-04;BBG023L9GDW7;LEO2;GRANITE 2X LONG LDO;ETP;IM;OK
XS3415298325;GRAETNSOLLEXETFP;LEOS;ETF;ETF Plus;EUR;XS;NON;-;Euronext;2026-08-04;BBG023L93KR1;LEOS;GRANITE 2X SHORT LDO;ETP;IM;OK
XS3420364062;LS -1X AMD;SAMD;ETF;Euronext Amsterdam;EUR;XS;NON;-;Euronext;2026-08-04;BBG00V3LRGL3;AMDS;LEVERAGE SHARES -1XADV MICRO;ETP;LN;OK
XS3430764525;LEVETNDRAMXAMS;DRMY;ETF;Euronext Amsterdam;EUR;XS;NON;-;Euronext;2026-08-04;BBG023C5JZB6;DRMY;IS MEMORY OPTIONS ETP;ETP;LN;OK
XS3430765092;LEVETNSpaceXXAMS;ELNY;ETF;Euronext Amsterdam;EUR;XS;NON;-;Euronext;2026-08-04;BBG023C52CC4;ELNY;IS SPACEX OPTIONS ETP;ETP;LN;OK
XS3430765258;LEVETNSPCXETFP;SP3S;ETF;ETF Plus;EUR;XS;NON;-;Euronext;2026-08-04;BBG023C5DPY9;SP3S;LS -3X SHORT SPACEX ETP;ETP;LN;OK
