ISIN;Nom;Symbole;Type;Marché(s);Devise;Pays_émission;PEA_indicatif;ESG_classification;Source;Date_MAJ
AN8068571086;SLB;1SLB;Action;Euronext Global Equity Market;EUR;AN;NON;;Euronext;2026-08-04
AT0000606306;Raiffeisen Bank;4RBI;Action;EuroTLX | Euronext Global Equity Market;EUR;AT;OUI;;Euronext;2026-08-04
AT0000641352;CA Immobilien;1CAI;Action;Euronext Global Equity Market;EUR;AT;OUI;;Euronext;2026-08-04
AT0000644505;Lenzing AG;1LNZ;Action;Euronext Global Equity Market;EUR;AT;OUI;;Euronext;2026-08-04
AT0000652011;Erste Group Bank;4EBS;Action;EuroTLX | Euronext Global Equity Market;EUR;AT;OUI;;Euronext;2026-08-04
AT0000720008;Telekom Austria;1TEA;Action;Euronext Global Equity Market;EUR;AT;OUI;;Euronext;2026-08-04
AT0000730007;ANDRITZ;1ANDR;Action;Euronext Global Equity Market;EUR;AT;OUI;;Euronext;2026-08-04
AT0000741053;EVN AG;1EVN;Action;Euronext Global Equity Market;EUR;AT;OUI;;Euronext;2026-08-04
AT0000743059;OMV;4OMV;Action;EuroTLX | Euronext Global Equity Market;EUR;AT;OUI;;Euronext;2026-08-04
AT0000746409;Verbund AG;4VER;Action;EuroTLX | Euronext Global Equity Market;EUR;AT;OUI;;Euronext;2026-08-04
AT0000818802;DO & CO AG;1DOC;Action;Euronext Global Equity Market;EUR;AT;OUI;;Euronext;2026-08-04
AT0000821103;UNIQA Insurance;1UQA;Action;Euronext Global Equity Market;EUR;AT;OUI;;Euronext;2026-08-04
AT0000831706;Wienerberger AG;1WIE;Action;Euronext Global Equity Market;EUR;AT;OUI;;Euronext;2026-08-04
AT0000908504;Vienna Insurance;1VIG;Action;Euronext Global Equity Market;EUR;AT;OUI;;Euronext;2026-08-04
AT0000937503;voestalpine AG;4VOE;Action;EuroTLX | Euronext Global Equity Market;EUR;AT;OUI;;Euronext;2026-08-04
AT0000938204;Mayr Melnhof K;1MMK;Action;Euronext Global Equity Market;EUR;AT;OUI;;Euronext;2026-08-04
AT0000946652;SBO;1SBO;Action;Euronext Global Equity Market;EUR;AT;OUI;;Euronext;2026-08-04
AT0000969985;AT&S Austria;1ATS;Action;Euronext Global Equity Market;EUR;AT;OUI;;Euronext;2026-08-04
AT0000A21KS2;CPIEUROPE;1CPIE;Action;Euronext Global Equity Market;EUR;AT;OUI;;Euronext;2026-08-04
AT0000A3EPA4;ams-OSRAM;1AMSO;Action;Euronext Global Equity Market;EUR;AT;OUI;;Euronext;2026-08-04
AT0000APOST4;Oesterreichische;1POST;Action;Euronext Global Equity Market;EUR;AT;OUI;;Euronext;2026-08-04
AT0000BAWAG2;BAWAG Group;1BGA;Action;Euronext Global Equity Market;EUR;AT;OUI;;Euronext;2026-08-04
AU000000AON7;APOLLO MINERALS;ALAON;Action;Euronext Growth Paris;EUR;AU;NON;;Euronext;2026-08-04
BE0003008019;BQUE NAT. BELGIQUE;BNB;Action;Euronext Brussels;EUR;BE;OUI;;Euronext;2026-08-04
BE0003463685;CUMULEX;CLEX;Action;Euronext Brussels;EUR;BE;OUI;;Euronext;2026-08-04
BE0003470755;SOLVAY;4SOLBM;Action;EuroTLX | Euronext Brussels, Paris | Trading After Hours;EUR;BE;OUI;;Euronext;2026-08-04
BE0003519270;CO.BR.HA;COBH;Action;Euronext Growth Brussels;EUR;BE;OUI;;Euronext;2026-08-04
BE0003545531;SOLVAC NOM(RETAIL);SOLV;Action;Euronext Brussels;EUR;BE;OUI;;Euronext;2026-08-04
BE0003555639;TESSENDERLO;TESB;Action;Euronext Brussels;EUR;BE;OUI;;Euronext;2026-08-04
BE0003565737;KBC;2KBC;Action;Trading After Hours | Euronext Brussels;EUR;BE;OUI;;Euronext;2026-08-04
BE0003592038;CIE BOIS SAUVAGE;COMB;Action;Euronext Brussels;EUR;BE;OUI;;Euronext;2026-08-04
BE0003599108;IMMOBEL;IMMO;Action;Euronext Brussels;EUR;BE;OUI;;Euronext;2026-08-04
BE0003602134;MOURY CONSTRUCT;MOUR;Action;Euronext Brussels;EUR;BE;OUI;;Euronext;2026-08-04
BE0003604155;LOTUS BAKERIES;LOTB;Action;Euronext Brussels;EUR;BE;OUI;;Euronext;2026-08-04
BE0003605160;DISTRI-LAND CERT;DISL;Action;Euronext Brussels;EUR;BE;OUI;;Euronext;2026-08-04
BE0003656676;RECTICEL;RECT;Action;Euronext Brussels;EUR;BE;OUI;;Euronext;2026-08-04
BE0003680916;NEUFCOUR-FIN.;MLNEU;Action;Euronext Access Brussels;EUR;BE;OUI;;Euronext;2026-08-04
BE0003696102;ACCENTIS;ACCB;Action;Euronext Brussels;EUR;BE;OUI;;Euronext;2026-08-04
BE0003698124;DIEGEM KENNEDYCERT;DIEG;Action;Euronext Brussels;EUR;BE;OUI;;Euronext;2026-08-04
BE0003699130;GIMV;GIMB;Action;Euronext Brussels;EUR;BE;OUI;;Euronext;2026-08-04
BE0003717312;SOFINA;SOF;Action;Euronext Brussels | Trading After Hours;EUR;BE;OUI;;Euronext;2026-08-04
BE0003720340;RETAIL ESTATES;RET;Action;Euronext Brussels, Amsterdam;EUR;BE;OUI;;Euronext;2026-08-04
BE0003724383;WERELDHAVE BELGIUM;WEHB;Action;Euronext Brussels;EUR;BE;OUI;;Euronext;2026-08-04
BE0003730448;QUESTFOR GR-PRICAF;QFG;Action;Euronext Brussels;EUR;BE;OUI;;Euronext;2026-08-04
BE0003731453;MIKO;MIKO;Action;Euronext Brussels;EUR;BE;OUI;;Euronext;2026-08-04
BE0003734481;WAREHOUSES ESTATES;WEB;Action;Euronext Brussels;EUR;BE;OUI;;Euronext;2026-08-04
BE0003735496;ORANGE BELGIUM;OBEL;Action;Euronext Brussels;EUR;BE;OUI;;Euronext;2026-08-04
BE0003739530;UCB;UCB;Action;Euronext Brussels | EuroTLX | Trading After Hours;EUR;BE;OUI;;Euronext;2026-08-04
BE0003741551;ROULARTA;ROU;Action;Euronext Brussels;EUR;BE;OUI;;Euronext;2026-08-04
BE0003748622;IEP INVEST;IEP;Action;Euronext Brussels;EUR;BE;OUI;;Euronext;2026-08-04
BE0003752665;FOUNTAIN;FOU;Action;Euronext Brussels;EUR;BE;OUI;;Euronext;2026-08-04
BE0003754687;VASTNED;VASTB;Action;Euronext Brussels, Amsterdam;EUR;BE;OUI;;Euronext;2026-08-04
BE0003755692;AGFA-GEVAERT;4AGFB;Action;EuroTLX | Euronext Brussels;EUR;BE;OUI;;Euronext;2026-08-04
BE0003764785;ACKERMANS V.HAAREN;2ACKB;Action;Trading After Hours | Euronext Brussels;EUR;BE;OUI;;Euronext;2026-08-04
BE0003766806;IBA;IBAB;Action;Euronext Brussels;EUR;BE;OUI;;Euronext;2026-08-04
BE0003770840;NEXTENSA;NEXTA;Action;Euronext Brussels;EUR;BE;OUI;;Euronext;2026-08-04
BE0003773877;SOFTIMAT;SOFT;Action;Euronext Growth Brussels;EUR;BE;OUI;;Euronext;2026-08-04
BE0003789063;DECEUNINCK;DECB;Action;Euronext Brussels;EUR;BE;OUI;;Euronext;2026-08-04
BE0003797140;GBL;2GBLB;Action;Trading After Hours | Euronext Brussels;EUR;BE;OUI;;Euronext;2026-08-04
BE0003798155;SPADEL;SPA;Action;Euronext Brussels;EUR;BE;OUI;;Euronext;2026-08-04
BE0003808251;EXMAR;EXM;Action;Euronext Brussels;EUR;BE;OUI;;Euronext;2026-08-04
BE0003809267;ZENOBE GRAMME CERT;ZEN;Action;Euronext Brussels;EUR;BE;OUI;;Euronext;2026-08-04
BE0003810273;PROXIMUS;2PROX;Action;Trading After Hours | Euronext Brussels;EUR;BE;OUI;;Euronext;2026-08-04
BE0003816338;CMB.TECH;CMBT;Action;Euronext Brussels | Oslo Børs;EUR;BE;OUI;;Euronext;2026-08-04
BE0003818359;LAKEFRONT BIOTHER.;2LKFT;Action;Trading After Hours | EuroTLX | Euronext Amsterdam, Brussels;EUR;BE;OUI;;Euronext;2026-08-04
BE0003820371;EVS;EVS;Action;Euronext Brussels;EUR;BE;OUI;;Euronext;2026-08-04
BE0003822393;ELIA GROUP;2ELI;Action;Trading After Hours | Euronext Brussels;EUR;BE;OUI;;Euronext;2026-08-04
BE0003823409;Financiere;1TUB;Action;Euronext Global Equity Market | Euronext Brussels;EUR;BE;OUI;;Euronext;2026-08-04
BE0003825420;CAMPINE;CAMB;Action;Euronext Brussels;EUR;BE;OUI;;Euronext;2026-08-04
BE0003829463;REIBEL;REI;Action;Euronext Access Brussels;EUR;BE;OUI;;Euronext;2026-08-04
BE0003832491;NEWTREE;NEWT;Action;Euronext Access Brussels;EUR;BE;OUI;;Euronext;2026-08-04
BE0003837540;ATENOR;ATEB;Action;Euronext Brussels;EUR;BE;OUI;;Euronext;2026-08-04
BE0003839561;VAN DE VELDE;VAN;Action;Euronext Brussels;EUR;BE;OUI;;Euronext;2026-08-04
BE0003841583;REALCO;REAL;Action;Euronext Access Brussels;EUR;BE;OUI;;Euronext;2026-08-04
BE0003847648;FLOWSPARKS;FLSP;Action;Euronext Access Brussels;EUR;BE;OUI;;Euronext;2026-08-04
BE0003851681;AEDIFICA;AED;Action;Euronext Brussels, Amsterdam | Trading After Hours;EUR;BE;OUI;;Euronext;2026-08-04
BE0003853703;MONTEA;MONT;Action;Euronext Brussels, Paris;EUR;BE;OUI;;Euronext;2026-08-04
BE0003856730;ASCENCIO;ASCE;Action;Euronext Brussels;EUR;BE;OUI;;Euronext;2026-08-04
BE0003858751;JENSEN-GROUP;JEN;Action;Euronext Brussels;EUR;BE;OUI;;Euronext;2026-08-04
BE0003867844;KBC ANCORA;KBCA;Action;Euronext Brussels;EUR;BE;OUI;;Euronext;2026-08-04
BE0003870871;BANIMMO A;BANI;Action;Euronext Brussels;EUR;BE;OUI;;Euronext;2026-08-04
BE0003874915;FAGRON;FAGR;Action;Euronext Brussels, Amsterdam | Trading After Hours;EUR;BE;OUI;;Euronext;2026-08-04
BE0003878957;VGP;VGP;Action;Euronext Brussels;EUR;BE;OUI;;Euronext;2026-08-04
BE0003883031;CFE;CFEB;Action;Euronext Brussels;EUR;BE;OUI;;Euronext;2026-08-04
BE0003893139;IMMO MOURY;IMMOU;Action;Euronext Brussels;EUR;BE;OUI;;Euronext;2026-08-04
BE0003898187;SIPEF;SIP;Action;Euronext Brussels;EUR;BE;OUI;;Euronext;2026-08-04
BE0160342011;COIL;ALCOI;Action;Euronext Growth Paris;EUR;BE;OUI;;Euronext;2026-08-04
BE0165385973;MELEXIS;MELE;Action;Euronext Brussels | Trading After Hours;EUR;BE;OUI;;Euronext;2026-08-04
BE0948608451;PHOTONIKE CAPITAL;MLPHO;Action;Euronext Access Paris;EUR;BE;OUI;;Euronext;2026-08-04
BE0974256852;COLRUYT;COLR;Action;Euronext Brussels;EUR;BE;OUI;;Euronext;2026-08-04
BE0974258874;BEKAERT;BEKB;Action;Euronext Brussels;EUR;BE;OUI;;Euronext;2026-08-04
BE0974259880;D'IETEREN GROUP;2DIE;Action;Trading After Hours | Euronext Brussels;EUR;BE;OUI;;Euronext;2026-08-04
BE0974260896;CELYAD ONCOLOGY;CYAD;Action;Euronext Brussels, Paris;EUR;BE;OUI;;Euronext;2026-08-04
BE0974263924;TEXAF;TEXF;Action;Euronext Brussels;EUR;BE;OUI;;Euronext;2026-08-04
BE0974264930;AGEAS;AGS;Action;Euronext Brussels | Trading After Hours | Euronext Global Equity Market | EuroTLX;EUR;BE;OUI;;Euronext;2026-08-04
BE0974265945;FLUXYS BELGIUM D;FLUX;Action;Euronext Brussels;EUR;BE;OUI;;Euronext;2026-08-04
BE0974268972;BPOST;BPOST;Action;Euronext Brussels;EUR;BE;OUI;;Euronext;2026-08-04
BE0974269012;ADC SIIC;ALDV;Action;Euronext Paris;EUR;BE;OUI;;Euronext;2026-08-04
BE0974271034;VIOHALCO;VIO;Action;Euronext Brussels;EUR;BE;OUI;;Euronext;2026-08-04
BE0974272040;QRF;QRF;Action;Euronext Brussels;EUR;BE;OUI;;Euronext;2026-08-04
BE0974273055;CARE PROPERTY INV.;CPINV;Action;Euronext Brussels;EUR;BE;OUI;;Euronext;2026-08-04
BE0974274061;KINEPOLIS GROUP;KIN;Action;Euronext Brussels;EUR;BE;OUI;;Euronext;2026-08-04
BE0974276082;ONTEX GROUP;ONTEX;Action;Euronext Brussels;EUR;BE;OUI;;Euronext;2026-08-04
BE0974278104;ABO GROUP;ABO;Action;Euronext Brussels, Paris;EUR;BE;OUI;;Euronext;2026-08-04
BE0974280126;BIOSENIC;BIOS;Action;Euronext Brussels, Paris;EUR;BE;OUI;;Euronext;2026-08-04
BE0974282148;TINC;TINC;Action;Euronext Brussels;EUR;BE;OUI;;Euronext;2026-08-04
BE0974287196;IMMO MCC;MCC;Action;Euronext Brussels;EUR;BE;OUI;;Euronext;2026-08-04
BE0974288202;XIOR;XIOR;Action;Euronext Brussels;EUR;BE;OUI;;Euronext;2026-08-04
BE0974293251;AB INBEV;ABI;Action;Euronext Brussels | Euronext Global Equity Market | Trading After Hours | EuroTLX;EUR;BE;OUI;;Euronext;2026-08-04
BE0974294267;NYRSTAR;NYR;Action;Euronext Brussels;EUR;BE;OUI;;Euronext;2026-08-04
BE0974298300;CANDELA INVEST;CAND;Action;Euronext Growth Brussels;EUR;BE;OUI;;Euronext;2026-08-04
BE0974299316;INVIBES ADVERTSING;ALINV;Action;Euronext Growth Paris;EUR;BE;OUI;;Euronext;2026-08-04
BE0974303357;CENERGY;CENER;Action;Euronext Brussels;EUR;BE;OUI;;Euronext;2026-08-04
BE0974310428;X-FAB;XFAB;Action;Euronext Paris;EUR;BE;OUI;;Euronext;2026-08-04
BE0974313455;ECONOCOM GROUP;ECONB;Action;Euronext Brussels;EUR;BE;OUI;;Euronext;2026-08-04
BE0974314461;BELYSSE GROUP;BELYS;Action;Euronext Brussels;EUR;BE;OUI;;Euronext;2026-08-04
BE0974320526;UMICORE;2UMI;Action;Trading After Hours | Euronext Brussels | EuroTLX;EUR;BE;OUI;;Euronext;2026-08-04
BE0974328602;METRICS IN BALANCE;MLMIB;Action;Euronext Access Paris;EUR;BE;OUI;;Euronext;2026-08-04
BE0974334667;WINAMP GROUP;ALWIN;Action;Euronext Growth Paris, Brussels;EUR;BE;OUI;;Euronext;2026-08-04
BE0974338700;TITAN S.A.;TITC;Action;Euronext Brussels, Paris;EUR;BE;OUI;;Euronext;2026-08-04
BE0974340722;SEQUANA MEDICAL;SEQUA;Action;Euronext Brussels;EUR;BE;OUI;;Euronext;2026-08-04
BE0974349814;WDP;2WDP;Action;Trading After Hours | Euronext Brussels, Amsterdam;EUR;BE;OUI;;Euronext;2026-08-04
BE0974358906;NYXOAH;NYXH;Action;Euronext Brussels;EUR;BE;OUI;;Euronext;2026-08-04
BE0974362940;BARCO;2BAR;Action;Trading After Hours | Euronext Brussels;EUR;BE;OUI;;Euronext;2026-08-04
BE0974363955;HYLORIS;HYL;Action;Euronext Brussels;EUR;BE;OUI;;Euronext;2026-08-04
BE0974370026;CHOICE;MLTV;Action;Euronext Access Brussels;EUR;BE;OUI;;Euronext;2026-08-04
BE0974371032;BANQUP GROUP;BANQ;Action;Euronext Brussels;EUR;BE;OUI;;Euronext;2026-08-04
BE0974374069;INCLUSIO SA/NV;INCLU;Action;Euronext Brussels;EUR;BE;OUI;;Euronext;2026-08-04
BE0974380124;EKOPAK;EKOP;Action;Euronext Brussels;EUR;BE;OUI;;Euronext;2026-08-04
BE0974386188;BIOTALYS;BTLS;Action;Euronext Brussels;EUR;BE;OUI;;Euronext;2026-08-04
BE0974400328;AZELIS GROUP;AZE;Action;Euronext Brussels;EUR;BE;OUI;;Euronext;2026-08-04
BE0974401334;WHITESTONE GROUP;ROCK;Action;Euronext Growth Brussels;EUR;BE;OUI;;Euronext;2026-08-04
BE0974404361;MAZARO;MLMAZ;Action;Euronext Access Brussels;EUR;BE;OUI;;Euronext;2026-08-04
BE0974409410;HOME INVEST BE.;HOMI;Action;Euronext Brussels;EUR;BE;OUI;;Euronext;2026-08-04
BE0974413453;DEME GROUP;DEME;Action;Euronext Brussels;EUR;BE;OUI;;Euronext;2026-08-04
BE0974464977;SYENSQO;SYENS;Action;Euronext Brussels;EUR;BE;OUI;;Euronext;2026-08-04
BE0974487192;OXURION;OXUR;Action;Euronext Brussels;EUR;BE;OUI;;Euronext;2026-08-04
BE0974496284;OPTION;OPTI;Action;Euronext Brussels;EUR;BE;OUI;;Euronext;2026-08-04
BE0974497290;European Medical S;ALEMS;Action;Euronext Growth Brussels, Paris;EUR;BE;OUI;;Euronext;2026-08-04
BE0974499312;ENERGYVISION;ENRGY;Action;Euronext Brussels;EUR;BE;OUI;;Euronext;2026-08-04
BE0974501331;MATERIALISE;MTLS;Action;Euronext Brussels;EUR;BE;OUI;;Euronext;2026-08-04
BE0974502347;FLORIDIENNE;FLOB;Action;Euronext Brussels;EUR;BE;OUI;;Euronext;2026-08-04
BE0974503352;MONNI;MONNI;Action;Euronext Growth Brussels;EUR;BE;OUI;;Euronext;2026-08-04
BE6252013725;CONDOR TECHNOLOG;MLMFI;Action;Euronext Access Paris;EUR;BE;OUI;;Euronext;2026-08-04
BE6333353298;BONYF;MLBON;Action;Euronext Access Paris;EUR;BE;OUI;;Euronext;2026-08-04
BMG0112X1056;AEGON;AGN;Action;Euronext Amsterdam;EUR;BM;NON;;Euronext;2026-08-04
BMG0450A1053;Arch Capital G;1ACGL;Action;Euronext Global Equity Market;EUR;BM;NON;;Euronext;2026-08-04
BMG0451H2087;ARCHER;ARCH;Action;Oslo Børs;NOK;BM;NON;;Euronext;2026-08-04
BMG0670A1099;AUTOSTORE HOLDINGS;AUTO;Action;Oslo Børs;NOK;BM;NON;;Euronext;2026-08-04
BMG0702P1086;BW ENERGY LIMITED;BWE;Action;Oslo Børs;NOK;BM;NON;;Euronext;2026-08-04
BMG1466R1732;BORR DRILLING;BORR;Action;Oslo Børs;NOK;BM;NON;;Euronext;2026-08-04
BMG1738J1247;BW OFFSHORE LTD;BWO;Action;Oslo Børs;NOK;BM;NON;;Euronext;2026-08-04
BMG3223R1088;Everest Group Ltd;1EG;Action;Euronext Global Equity Market;EUR;BM;NON;;Euronext;2026-08-04
BMG3602E1084;FLOW TRADERS;FLOW;Action;Euronext Amsterdam;EUR;BM;NON;;Euronext;2026-08-04
BMG4209G2077;GULF KEYSTONE PET;GKP;Action;Euronext Growth Oslo;NOK;BM;NON;;Euronext;2026-08-04
BMG455841020;HAL TRUST;HAL;Action;Euronext Amsterdam;EUR;BM;NON;;Euronext;2026-08-04
BMG4660A1036;HIMALAYA SHIPPING;HSHP;Action;Oslo Børs;NOK;BM;NON;;Euronext;2026-08-04
BMG491BT1088;Invesco Ltd;1IVZ;Action;Euronext Global Equity Market;EUR;BM;NON;;Euronext;2026-08-04
BMG5137R1088;JINHUI SHIPP TRANS;JIN;Action;Oslo Børs;NOK;BM;NON;;Euronext;2026-08-04
BMG6682J1036;NORTHERN OCEAN LTD;NOL;Action;Oslo Børs;NOK;BM;NON;;Euronext;2026-08-04
BMG6716L1081;ODFJELL TECHNOLOGY;OTL;Action;Oslo Børs;NOK;BM;NON;;Euronext;2026-08-04
BMG671801022;ODFJELL DRILLING;ODL;Action;Oslo Børs;NOK;BM;NON;;Euronext;2026-08-04
BMG6904D1083;PARATUS ENERGY SER;PLSV;Action;Oslo Børs;NOK;BM;NON;;Euronext;2026-08-04
BMG7209L1000;PPLA CLASS A;PPLAA;Action;Euronext Amsterdam;EUR;BM;NON;;Euronext;2026-08-04
BMG7209L1182;PPLA CLASS B;PPLAB;Action;Euronext Amsterdam;EUR;BM;NON;;Euronext;2026-08-04
BMG730931091;VENTURA OFFSHORE;VTURA;Action;Euronext Growth Oslo;NOK;BM;NON;;Euronext;2026-08-04
BMG763301022;ROMREAL;ROM;Action;Euronext Expand Oslo;NOK;BM;NON;;Euronext;2026-08-04
BMG8080M1001;SHAMARAN PETROLEUM;SNM;Action;Euronext Growth Oslo;NOK;BM;NON;;Euronext;2026-08-04
BMG850801025;STOLT-NIELSEN;SNI;Action;Oslo Børs;NOK;BM;NON;;Euronext;2026-08-04
BMG9156K1018;2020 BULKERS;2020;Action;Oslo Børs;NOK;BM;NON;;Euronext;2026-08-04
BMG9887P1068;ZCI LIMITED;CV;Action;Euronext Paris;EUR;BM;NON;;Euronext;2026-08-04
CA03753D1042;APEX CRITICAL;MLAPX;Action;Euronext Access Paris;EUR;CA;NON;;Euronext;2026-08-04
CA74836K1003;QUESTERRE ENERGY;QEC;Action;Oslo Børs;NOK;CA;NON;;Euronext;2026-08-04
CA74836K4072;QUESTERRE EN PREF;QGAS;Action;Euronext Growth Oslo;NOK;CA;NON;;Euronext;2026-08-04
CA98936C8584;ZENITH ENERGY;ZENA;Action;Euronext Growth Oslo;NOK;CA;NON;;Euronext;2026-08-04
CH0008038389;SWISS PRIME SITE;1SPSN;Action;Euronext Global Equity Market;EUR;CH;NON;;Euronext;2026-08-04
CH0008175645;TELEVERBIER;TVRB;Action;Euronext Paris;EUR;CH;NON;;Euronext;2026-08-04
CH0008742519;Swisscom;1SCMN;Action;Euronext Global Equity Market;EUR;CH;NON;;Euronext;2026-08-04
CH0009002962;BARRY CALLEBAUT;1BARN;Action;Euronext Global Equity Market;EUR;CH;NON;;Euronext;2026-08-04
CH0010570759;LINDT;1LISN;Action;Euronext Global Equity Market;EUR;CH;NON;;Euronext;2026-08-04
CH0010570767;LINDT PS;1LISP;Action;Euronext Global Equity Market;EUR;CH;NON;;Euronext;2026-08-04
CH0010645932;Givaudan;1GIVN;Action;Euronext Global Equity Market;EUR;CH;NON;;Euronext;2026-08-04
CH0011075394;Zurich Insurance G;1ZURN;Action;Euronext Global Equity Market;EUR;CH;NON;;Euronext;2026-08-04
CH0012005267;Novartis;1NOVN;Action;Euronext Global Equity Market;EUR;CH;NON;;Euronext;2026-08-04
CH0012032113;ROCHE I;1RO;Action;Euronext Global Equity Market;EUR;CH;NON;;Euronext;2026-08-04
CH0012100191;TECAN GROUP;1TECN;Action;Euronext Global Equity Market;EUR;CH;NON;;Euronext;2026-08-04
CH0012138605;ADECCO;1ADEN;Action;Euronext Global Equity Market;EUR;CH;NON;;Euronext;2026-08-04
CH0012142631;CLARIANT;1CLN;Action;Euronext Global Equity Market;EUR;CH;NON;;Euronext;2026-08-04
CH0012214059;Holcim;1HOLN;Action;Euronext Global Equity Market;EUR;CH;NON;;Euronext;2026-08-04
CH0012221716;ABB Ltd;1ABB;Action;Euronext Global Equity Market;EUR;CH;NON;;Euronext;2026-08-04
CH0012255151;SWATCH GROUP;1UHR;Action;Euronext Global Equity Market;EUR;CH;NON;;Euronext;2026-08-04
CH0012453913;TEMENOS;1TEMN;Action;Euronext Global Equity Market;EUR;CH;NON;;Euronext;2026-08-04
CH0012549785;Sonova Holding;1SOON;Action;Euronext Global Equity Market;EUR;CH;NON;;Euronext;2026-08-04
CH0013841017;Lonza Group;1LONN;Action;Euronext Global Equity Market;EUR;CH;NON;;Euronext;2026-08-04
CH0014852781;Swiss Life Holding;1SLHN;Action;Euronext Global Equity Market;EUR;CH;NON;;Euronext;2026-08-04
CH0016440353;EMS-CHEMIE;1EMSN;Action;Euronext Global Equity Market;EUR;CH;NON;;Euronext;2026-08-04
CH0018294154;PSP;1PSPN;Action;Euronext Global Equity Market;EUR;CH;NON;;Euronext;2026-08-04
CH0023405456;AVOLTA;1AVOL;Action;Euronext Global Equity Market;EUR;CH;NON;;Euronext;2026-08-04
CH0024608827;Partners Group Hol;1PGHN;Action;Euronext Global Equity Market;EUR;CH;NON;;Euronext;2026-08-04
CH0024638196;SCHINDLER PS;1SCHP;Action;Euronext Global Equity Market;EUR;CH;NON;;Euronext;2026-08-04
CH0024638212;SCHINDLER;1SCHN;Action;Euronext Global Equity Market;EUR;CH;NON;;Euronext;2026-08-04
CH0025238863;Kuehne Nagel Inter;1KNIN;Action;Euronext Global Equity Market;EUR;CH;NON;;Euronext;2026-08-04
CH0025751329;Logitech Internati;1LOGN;Action;Euronext Global Equity Market;EUR;CH;NON;;Euronext;2026-08-04
CH0030170408;Geberit;1GEBN;Action;Euronext Global Equity Market;EUR;CH;NON;;Euronext;2026-08-04
CH0038863350;Nestle;1NESN;Action;Euronext Global Equity Market;EUR;CH;NON;;Euronext;2026-08-04
CH0044328745;Chubb Ltd;1CB;Action;Euronext Global Equity Market;EUR;CH;NON;;Euronext;2026-08-04
CH0102484968;JULIUS BAER;1BAER;Action;Euronext Global Equity Market;EUR;CH;NON;;Euronext;2026-08-04
CH0114405324;Garmin Ltd;1GRMN;Action;Euronext Global Equity Market;EUR;CH;NON;;Euronext;2026-08-04
CH0120879058;FIRSTCAUTION;MLFIR;Action;Euronext Access Paris;EUR;CH;NON;;Euronext;2026-08-04
CH0126881561;Swiss Re;1SREN;Action;Euronext Global Equity Market;EUR;CH;NON;;Euronext;2026-08-04
CH0130293662;BKW;1BKW;Action;Euronext Global Equity Market;EUR;CH;NON;;Euronext;2026-08-04
CH0210483332;Cie Financiere Ric;1CFR;Action;Euronext Global Equity Market;EUR;CH;NON;;Euronext;2026-08-04
CH0244767585;UBS Group;1UBSG;Action;Euronext Global Equity Market;EUR;CH;NON;;Euronext;2026-08-04
CH0311864901;VAT GROUP;1VACN;Action;Euronext Global Equity Market;EUR;CH;NON;;Euronext;2026-08-04
CH0319416936;FLUGHAFEN ZUERICH;1FHZN;Action;Euronext Global Equity Market;EUR;CH;NON;;Euronext;2026-08-04
CH0360674466;GALENICA;1GALE;Action;Euronext Global Equity Market;EUR;CH;NON;;Euronext;2026-08-04
CH0418792922;Sika;1SIKA;Action;Euronext Global Equity Market;EUR;CH;NON;;Euronext;2026-08-04
CH0432492467;Alcon;1ALC;Action;Euronext Global Equity Market;EUR;CH;NON;;Euronext;2026-08-04
CH0435377954;SIG Group;1SIGN;Action;Euronext Global Equity Market;EUR;CH;NON;;Euronext;2026-08-04
CH0466642201;HELVETIA BALOISE H;1HELN;Action;Euronext Global Equity Market;EUR;CH;NON;;Euronext;2026-08-04
CH0496451508;SOFTWAREONE HOLD;SWON;Action;Oslo Børs;NOK;CH;NON;;Euronext;2026-08-04
CH1101098163;BELIMO;1BEAN;Action;Euronext Global Equity Market;EUR;CH;NON;;Euronext;2026-08-04
CH1118852594;IDNTT;IDNTT;Action;Euronext Growth Milan;EUR;CH;NON;;Euronext;2026-08-04
CH1134540470;ON HOLDING CLAS A;1ONON;Action;Euronext Global Equity Market;EUR;CH;NON;;Euronext;2026-08-04
CH1148983609;BEBO HEALTH;MLBBO;Action;Euronext Access Paris;EUR;CH;NON;;Euronext;2026-08-04
CH1169151003;GEORG FISCHER;1GF;Action;Euronext Global Equity Market;EUR;CH;NON;;Euronext;2026-08-04
CH1175448666;STRAUMANN;1STMN;Action;Euronext Global Equity Market;EUR;CH;NON;;Euronext;2026-08-04
CH1216478797;DSM FIRMENICH AG;DSFIR;Action;Euronext Amsterdam;EUR;CH;NON;;Euronext;2026-08-04
CH1256740924;SGS;1SGSN;Action;Euronext Global Equity Market;EUR;CH;NON;;Euronext;2026-08-04
CH1335392721;Galderma Group;1GALD;Action;Euronext Global Equity Market;EUR;CH;NON;;Euronext;2026-08-04
CH1499059983;Roche Holding;1ROG;Action;Euronext Global Equity Market;EUR;CH;NON;;Euronext;2026-08-04
CI0000053161;FORESTIERE EQUAT.;FORE;Action;Euronext Paris;EUR;CI;NON;;Euronext;2026-08-04
CWN814651014;MOREFIELD GROUP;MORE;Action;Euronext Amsterdam;EUR;CW;NON;;Euronext;2026-08-04
CY0101162119;SED ENERGY HOLDING;ENH;Action;Oslo Børs;NOK;CY;OUI;;Euronext;2026-08-04
CY0101550917;S.D. STANDARD ETC;SDSD;Action;Oslo Børs;NOK;CY;OUI;;Euronext;2026-08-04
CY0102630916;PETROLIA;PSE;Action;Oslo Børs;NOK;CY;OUI;;Euronext;2026-08-04
CY0108052115;ADS MARITIME HOLD;ADS;Action;Euronext Growth Oslo;NOK;CY;OUI;;Euronext;2026-08-04
CY0200352116;FRONTLINE;FRO;Action;Oslo Børs;NOK;CY;OUI;;Euronext;2026-08-04
CY0200751713;THEON INTERNAT;THEON;Action;Euronext Amsterdam;EUR;CY;OUI;;Euronext;2026-08-04
CY0201332216;PELAGIC CREDIT;PLGC;Action;Euronext Growth Oslo;NOK;CY;OUI;;Euronext;2026-08-04
CY0201461213;PELICAN AQUA HLDNG;PLCAN;Action;Euronext Growth Oslo;NOK;CY;OUI;;Euronext;2026-08-04
CZ0009008942;COLT;COLT;Action;Euronext Amsterdam;EUR;CZ;OUI;;Euronext;2026-08-04
DE0005089031;UNITED INTERNET;2UTDI;Action;Trading After Hours | EuroTLX | Euronext Global Equity Market;EUR;DE;OUI;;Euronext;2026-08-04
DE0005093108;AMADEUS FIRE;2AAD;Action;Trading After Hours | EuroTLX | Euronext Global Equity Market;EUR;DE;OUI;;Euronext;2026-08-04
DE0005140008;DEUTSCHE BANK;2DBK;Action;Trading After Hours | EuroTLX | Euronext Global Equity Market;EUR;DE;OUI;;Euronext;2026-08-04
DE0005158703;Bechtle;1BC8;Action;Euronext Global Equity Market;EUR;DE;OUI;;Euronext;2026-08-04
DE0005190003;BMW;4BMW;Action;EuroTLX | Euronext Global Equity Market | Trading After Hours;EUR;DE;OUI;;Euronext;2026-08-04
DE0005200000;BEIERSDORF;2BEI;Action;Trading After Hours | EuroTLX | Euronext Global Equity Market;EUR;DE;OUI;;Euronext;2026-08-04
DE0005313704;CARL ZEISS MEDITEC;4AFX;Action;EuroTLX | Trading After Hours | Euronext Global Equity Market;EUR;DE;OUI;;Euronext;2026-08-04
DE0005439004;CONTINENTAL;2CON;Action;Trading After Hours | Euronext Global Equity Market | EuroTLX;EUR;DE;OUI;;Euronext;2026-08-04
DE0005470306;CTS Eventim;1EVD;Action;Euronext Global Equity Market;EUR;DE;OUI;;Euronext;2026-08-04
DE0005470405;LANXESS;1LXS;Action;Euronext Global Equity Market | Trading After Hours | EuroTLX;EUR;DE;OUI;;Euronext;2026-08-04
DE0005493092;BORUSSIA DORTMUND;2BOD;Action;Trading After Hours | Euronext Global Equity Market;EUR;DE;OUI;;Euronext;2026-08-04
DE0005493365;Hypoport SE;1HYQ;Action;Euronext Global Equity Market;EUR;DE;OUI;;Euronext;2026-08-04
DE0005552004;DEUTSCHE POST;2DHL;Action;Trading After Hours | Euronext Global Equity Market | EuroTLX;EUR;DE;OUI;;Euronext;2026-08-04
DE0005557508;DEUTSCHE TELEKOM;1DTE;Action;Euronext Global Equity Market | Trading After Hours | EuroTLX;EUR;DE;OUI;;Euronext;2026-08-04
DE0005558696;PARAGON;2PGN;Action;Trading After Hours | Euronext Global Equity Market;EUR;DE;OUI;;Euronext;2026-08-04
DE0005565204;DURR;2DUE;Action;Trading After Hours | EuroTLX | Euronext Global Equity Market;EUR;DE;OUI;;Euronext;2026-08-04
DE0005659700;ECKERT & ZIEGLER;1EUZ;Action;Euronext Global Equity Market | EuroTLX | Trading After Hours;EUR;DE;OUI;;Euronext;2026-08-04
DE0005664809;EVOTEC;1EVT;Action;Euronext Global Equity Market | Trading After Hours | EuroTLX;EUR;DE;OUI;;Euronext;2026-08-04
DE0005773303;FRAPORT;4FRA;Action;EuroTLX | Euronext Global Equity Market | Trading After Hours;EUR;DE;OUI;;Euronext;2026-08-04
DE0005785604;FRESENIUS;2FRE;Action;Trading After Hours | EuroTLX | Euronext Global Equity Market;EUR;DE;OUI;;Euronext;2026-08-04
DE0005785802;FRESENIUS MED CARE;2FME;Action;Trading After Hours | EuroTLX | Euronext Global Equity Market;EUR;DE;OUI;;Euronext;2026-08-04
DE0005810055;DEUTSCHE BOERSE;4DB1;Action;EuroTLX | Trading After Hours | Euronext Global Equity Market;EUR;DE;OUI;;Euronext;2026-08-04
DE0005909006;Bilfinger SE;1GBF;Action;Euronext Global Equity Market;EUR;DE;OUI;;Euronext;2026-08-04
DE0006047004;HEIDELBERG MAT;4HEI;Action;EuroTLX | Euronext Global Equity Market | Trading After Hours;EUR;DE;OUI;;Euronext;2026-08-04
DE0006048408;HENKEL;4HEN;Action;EuroTLX | Euronext Global Equity Market | Trading After Hours;EUR;DE;OUI;;Euronext;2026-08-04
DE0006048432;HENKEL VZ;4HEN3;Action;EuroTLX | Trading After Hours | Euronext Global Equity Market;EUR;DE;OUI;;Euronext;2026-08-04
DE0006062144;COVESTRO;11COV;Action;Euronext Global Equity Market | Trading After Hours;EUR;DE;OUI;;Euronext;2026-08-04
DE0006070006;HOCHTIEF;4HOT;Action;EuroTLX | Euronext Global Equity Market | Trading After Hours;EUR;DE;OUI;;Euronext;2026-08-04
DE0006200108;INDUS HOLDING;2INH;Action;Trading After Hours | EuroTLX | Euronext Global Equity Market;EUR;DE;OUI;;Euronext;2026-08-04
DE0006219934;Jungheinrich AG;1JUN;Action;Euronext Global Equity Market;EUR;DE;OUI;;Euronext;2026-08-04
DE0006231004;INFINEON TECHNOLOG;2IFX;Action;Trading After Hours | Euronext Global Equity Market | EuroTLX;EUR;DE;OUI;;Euronext;2026-08-04
DE0006305006;DEUTZ;4DEZ;Action;EuroTLX | Euronext Global Equity Market | Trading After Hours;EUR;DE;OUI;;Euronext;2026-08-04
DE0006335003;Krones AG;1KRN;Action;Euronext Global Equity Market;EUR;DE;OUI;;Euronext;2026-08-04
DE0006450000;LPKF LASER & ELECT;1LPK;Action;Euronext Global Equity Market | EuroTLX | Trading After Hours;EUR;DE;OUI;;Euronext;2026-08-04
DE0006452907;NEMETSCHEK;2NEMX;Action;Trading After Hours | EuroTLX | Euronext Global Equity Market;EUR;DE;OUI;;Euronext;2026-08-04
DE0006599905;MERCK;2MRK;Action;Trading After Hours | EuroTLX | Euronext Global Equity Market;EUR;DE;OUI;;Euronext;2026-08-04
DE0006602006;GEA GROUP;4G;Action;EuroTLX | Trading After Hours | Euronext Global Equity Market;EUR;DE;OUI;;Euronext;2026-08-04
DE0006766504;Aurubis;1AUR;Action;Euronext Global Equity Market;EUR;DE;OUI;;Euronext;2026-08-04
DE0006916604;PFEIFFER VACUUM;2PFV;Action;Trading After Hours | Euronext Global Equity Market | EuroTLX;EUR;DE;OUI;;Euronext;2026-08-04
DE0006969603;PUMA;2PUM;Action;Trading After Hours | EuroTLX | Euronext Global Equity Market;EUR;DE;OUI;;Euronext;2026-08-04
DE0007010803;Rational AG;1RAA;Action;Euronext Global Equity Market;EUR;DE;OUI;;Euronext;2026-08-04
DE0007030009;RHEINMETALL;4RHM;Action;EuroTLX | Euronext Global Equity Market | Trading After Hours;EUR;DE;OUI;;Euronext;2026-08-04
DE0007037129;RWE;1RWE;Action;Euronext Global Equity Market | Trading After Hours | EuroTLX;EUR;DE;OUI;;Euronext;2026-08-04
DE0007100000;MERCEDES-BENZ G.;2MBG;Action;Trading After Hours | EuroTLX | Euronext Global Equity Market;EUR;DE;OUI;;Euronext;2026-08-04
DE0007164600;SAP;2SAP;Action;Trading After Hours | Euronext Global Equity Market | EuroTLX;EUR;DE;OUI;;Euronext;2026-08-04
DE0007165607;SARTORIUS;2SRT;Action;Trading After Hours | Euronext Global Equity Market | EuroTLX;EUR;DE;OUI;;Euronext;2026-08-04
DE0007165631;SARTORIUS PREF;2SRT3;Action;Trading After Hours | Euronext Global Equity Market | EuroTLX;EUR;DE;OUI;;Euronext;2026-08-04
DE0007193500;KOENIG & BAUER;4SKB;Action;EuroTLX | Euronext Global Equity Market | Trading After Hours;EUR;DE;OUI;;Euronext;2026-08-04
DE0007231326;SIXT;1SIX;Action;Euronext Global Equity Market | Trading After Hours | EuroTLX;EUR;DE;OUI;;Euronext;2026-08-04
DE0007236101;SIEMENS;4SIE;Action;EuroTLX | Euronext Global Equity Market | Trading After Hours;EUR;DE;OUI;;Euronext;2026-08-04
DE0007257503;CECONOMY;4CEC;Action;EuroTLX | Euronext Global Equity Market | Trading After Hours;EUR;DE;OUI;;Euronext;2026-08-04
DE0007480204;DEUTSCHE EUROSHOP;2DEQ;Action;Trading After Hours | Euronext Global Equity Market | EuroTLX;EUR;DE;OUI;;Euronext;2026-08-04
DE0007493991;Stroeer SE & Co;1SAX;Action;Euronext Global Equity Market;EUR;DE;OUI;;Euronext;2026-08-04
DE0007500001;THYSSENKRUPP;2TKA;Action;Trading After Hours | EuroTLX | Euronext Global Equity Market;EUR;DE;OUI;;Euronext;2026-08-04
DE0007664005;VOLKSWAGEN;4VOW;Action;EuroTLX;EUR;DE;OUI;;Euronext;2026-08-04
DE0007664039;VOLKSWAGEN;4VOW3;Action;EuroTLX | Trading After Hours | Euronext Global Equity Market;EUR;DE;OUI;;Euronext;2026-08-04
DE0008019001;PBB;4PBB;Action;EuroTLX | Trading After Hours | Euronext Global Equity Market;EUR;DE;OUI;;Euronext;2026-08-04
DE0008232125;DEUTSCHE LUFTHANSA;1LHA;Action;Euronext Global Equity Market | EuroTLX | Trading After Hours;EUR;DE;OUI;;Euronext;2026-08-04
DE0008303504;TAG Immobilien;1TEG;Action;Euronext Global Equity Market;EUR;DE;OUI;;Euronext;2026-08-04
DE0008402215;HANNOVER RUCK;2HANN;Action;Trading After Hours | Euronext Global Equity Market;EUR;DE;OUI;;Euronext;2026-08-04
DE0008404005;ALLIANZ;2ALV;Action;Trading After Hours | Euronext Global Equity Market | EuroTLX;EUR;DE;OUI;;Euronext;2026-08-04
DE0008430026;MUNICH RE;2MUV2;Action;Trading After Hours | EuroTLX | Euronext Global Equity Market;EUR;DE;OUI;;Euronext;2026-08-04
DE000A0D6554;NORDEX;2NDX;Action;Trading After Hours | Euronext Global Equity Market | EuroTLX;EUR;DE;OUI;;Euronext;2026-08-04
DE000A0D9PT0;MTU AERO ENGINES;4MTX;Action;EuroTLX | Euronext Global Equity Market | Trading After Hours;EUR;DE;OUI;;Euronext;2026-08-04
DE000A0DJ6J9;SMA SOLAR TECHNOL;1S;Action;Euronext Global Equity Market | Trading After Hours | EuroTLX;EUR;DE;OUI;;Euronext;2026-08-04
DE000A0HN5C6;DEUTSCHE WOHNEN;1DWNI;Action;Euronext Global Equity Market | Trading After Hours | EuroTLX;EUR;DE;OUI;;Euronext;2026-08-04
DE000A0JBPG2;PNE;4PNE;Action;EuroTLX | Euronext Global Equity Market | Trading After Hours;EUR;DE;OUI;;Euronext;2026-08-04
DE000A0JL9W6;VERBIO;2VBK;Action;Trading After Hours | EuroTLX | Euronext Global Equity Market;EUR;DE;OUI;;Euronext;2026-08-04
DE000A0LD6E6;Gerresheimer;1GXI;Action;Euronext Global Equity Market;EUR;DE;OUI;;Euronext;2026-08-04
DE000A0LR936;STEICO;2ST;Action;Trading After Hours | EuroTLX | Euronext Global Equity Market;EUR;DE;OUI;;Euronext;2026-08-04
DE000A0S8488;HHLA;4HHFA;Action;EuroTLX;EUR;DE;OUI;;Euronext;2026-08-04
DE000A0WMPJ6;AIXTRON;1AIXA;Action;Euronext Global Equity Market | EuroTLX | Trading After Hours;EUR;DE;OUI;;Euronext;2026-08-04
DE000A0XYG76;DEUTSCHE ROHSTOFF;1DR;Action;Euronext Global Equity Market | Trading After Hours | EuroTLX;EUR;DE;OUI;;Euronext;2026-08-04
DE000A0Z2ZZ5;Freenet AG;1FNTN;Action;Euronext Global Equity Market;EUR;DE;OUI;;Euronext;2026-08-04
DE000A11Q133;HK;MLHK;Action;Euronext Access Paris;EUR;DE;OUI;;Euronext;2026-08-04
DE000A12DM80;Scout24 SE;1G24;Action;Euronext Global Equity Market;EUR;DE;OUI;;Euronext;2026-08-04
DE000A13SX22;Hella KGaA;1HLE;Action;Euronext Global Equity Market;EUR;DE;OUI;;Euronext;2026-08-04
DE000A161408;HELLOFRESH;1HFG;Action;Euronext Global Equity Market | EuroTLX | Trading After Hours;EUR;DE;OUI;;Euronext;2026-08-04
DE000A1DAHH0;BRENNTAG;2BRE;Action;Trading After Hours | Euronext Global Equity Market;EUR;DE;OUI;;Euronext;2026-08-04
DE000A1EWWW0;ADIDAS;2ADS;Action;Trading After Hours | Euronext Global Equity Market | EuroTLX;EUR;DE;OUI;;Euronext;2026-08-04
DE000A1ML7J1;VONOVIA;4VNA;Action;EuroTLX | Trading After Hours | Euronext Global Equity Market;EUR;DE;OUI;;Euronext;2026-08-04
DE000A1PHFF7;HUGO BOSS;4BOSS;Action;EuroTLX | Trading After Hours | Euronext Global Equity Market;EUR;DE;OUI;;Euronext;2026-08-04
DE000A1TNV91;BITCOIN GROUP;4ADE;Action;EuroTLX | Euronext Global Equity Market | Trading After Hours;EUR;DE;OUI;;Euronext;2026-08-04
DE000A2DAM03;AUMANN;4AAG;Action;EuroTLX | Euronext Global Equity Market | Trading After Hours;EUR;DE;OUI;;Euronext;2026-08-04
DE000A2E4K43;DELIVERY HERO;4DHER;Action;EuroTLX | Trading After Hours | Euronext Global Equity Market;EUR;DE;OUI;;Euronext;2026-08-04
DE000A2G8ZX8;PYRUM INNOVATIONS;PYRUM;Action;Euronext Growth Oslo;NOK;DE;OUI;;Euronext;2026-08-04
DE000A2LQ884;AUTO1 Group SE;1AG1;Action;Euronext Global Equity Market;EUR;DE;OUI;;Euronext;2026-08-04
DE000A2NB601;JENOPTIK;2JEN;Action;Trading After Hours | EuroTLX | Euronext Global Equity Market;EUR;DE;OUI;;Euronext;2026-08-04
DE000A2YN900;TEAMVIEWER;4TMV;Action;EuroTLX | Trading After Hours | Euronext Global Equity Market;EUR;DE;OUI;;Euronext;2026-08-04
DE000A3E5D64;FUCHS SE;1FPE;Action;Euronext Global Equity Market;EUR;DE;OUI;;Euronext;2026-08-04
DE000A3ENQ51;Schott Pharma;1SXP;Action;Euronext Global Equity Market;EUR;DE;OUI;;Euronext;2026-08-04
DE000AUM0V10;Aumovio;1AUMO;Action;Euronext Global Equity Market;EUR;DE;OUI;;Euronext;2026-08-04
DE000BASF111;BASF;2BAS;Action;Trading After Hours | EuroTLX | Euronext Global Equity Market;EUR;DE;OUI;;Euronext;2026-08-04
DE000BAY0017;BAYER;4BAYN;Action;EuroTLX | Euronext Global Equity Market | Trading After Hours;EUR;DE;OUI;;Euronext;2026-08-04
DE000CBK1001;COMMERZBANK;2CBK;Action;Trading After Hours | EuroTLX | Euronext Global Equity Market;EUR;DE;OUI;;Euronext;2026-08-04
DE000DTR0CK8;DAIMLER TRUCK HD;1DTRH;Action;Euronext Global Equity Market | Trading After Hours;EUR;DE;OUI;;Euronext;2026-08-04
DE000ENAG999;E.ON;1EOAN;Action;Euronext Global Equity Market | Trading After Hours | EuroTLX;EUR;DE;OUI;;Euronext;2026-08-04
DE000ENER6Y0;SIEMENS ENERGY;2ENR;Action;Trading After Hours | Euronext Global Equity Market | EuroTLX;EUR;DE;OUI;;Euronext;2026-08-04
DE000EVNK013;EVONIK INDUSTRIES;1EVK;Action;Euronext Global Equity Market | EuroTLX | Trading After Hours;EUR;DE;OUI;;Euronext;2026-08-04
DE000HAG0005;HENSOLDT;2HENS;Action;Trading After Hours | Euronext Global Equity Market;EUR;DE;OUI;;Euronext;2026-08-04
DE000HLAG475;HAPAG-LLOYD;1HLAG;Action;Euronext Global Equity Market | Trading After Hours | EuroTLX;EUR;DE;OUI;;Euronext;2026-08-04
DE000KBX1006;Knorr-Bremse;1KBX;Action;Euronext Global Equity Market;EUR;DE;OUI;;Euronext;2026-08-04
DE000KGX8881;KION GROUP;2KGX;Action;Trading After Hours | Euronext Global Equity Market | EuroTLX;EUR;DE;OUI;;Euronext;2026-08-04
DE000KSAG888;K+S;1SDF;Action;Euronext Global Equity Market | EuroTLX | Trading After Hours;EUR;DE;OUI;;Euronext;2026-08-04
DE000LEG1110;LEG IMMOBILIEN;2LEG;Action;Trading After Hours | EuroTLX | Euronext Global Equity Market;EUR;DE;OUI;;Euronext;2026-08-04
DE000PAG9113;PORSCHE AG PREF;2PORS;Action;Trading After Hours | Euronext Global Equity Market;EUR;DE;OUI;;Euronext;2026-08-04
DE000PAH0038;PORSCHE AUTOMOBIL;2PAH;Action;Trading After Hours | EuroTLX | Euronext Global Equity Market;EUR;DE;OUI;;Euronext;2026-08-04
DE000PSM7770;PROSIEBENSAT1 MEDI;1PSM;Action;Euronext Global Equity Market | Trading After Hours | EuroTLX;EUR;DE;OUI;;Euronext;2026-08-04
DE000SHL1006;SIEMENS HEALTH;2SHL;Action;Trading After Hours | EuroTLX | Euronext Global Equity Market;EUR;DE;OUI;;Euronext;2026-08-04
DE000SYM9999;SYMRISE;2SYM;Action;Trading After Hours | Euronext Global Equity Market;EUR;DE;OUI;;Euronext;2026-08-04
DE000TLX1005;Talanx AG;1TLX;Action;Euronext Global Equity Market;EUR;DE;OUI;;Euronext;2026-08-04
DE000TRAT0N7;TRATON;28TRA;Action;Trading After Hours | EuroTLX | Euronext Global Equity Market;EUR;DE;OUI;;Euronext;2026-08-04
DE000TUAG505;TUI;2TUI1U;Action;Trading After Hours | Euronext Global Equity Market | EuroTLX;EUR;DE;OUI;;Euronext;2026-08-04
DE000UNSE026;UNIPER;4UN;Action;EuroTLX | Trading After Hours | Euronext Global Equity Market;EUR;DE;OUI;;Euronext;2026-08-04
DE000WAF3001;SILTRONIC;1WAF;Action;Euronext Global Equity Market | EuroTLX | Trading After Hours;EUR;DE;OUI;;Euronext;2026-08-04
DE000WCH8881;WACKER CHEMIE;4WCH;Action;EuroTLX | Euronext Global Equity Market | Trading After Hours;EUR;DE;OUI;;Euronext;2026-08-04
DE000ZAL1111;ZALANDO;2ZAL;Action;Trading After Hours | Euronext Global Equity Market | EuroTLX;EUR;DE;OUI;;Euronext;2026-08-04
DK0060520450;NAPATECH;NAPA;Action;Oslo Børs;NOK;DK;OUI;;Euronext;2026-08-04
DK0060945467;5TH PLANET GAMES;5PG;Action;Euronext Expand Oslo;NOK;DK;OUI;;Euronext;2026-08-04
DK0061412772;CADELER;CADLR;Action;Oslo Børs;NOK;DK;OUI;;Euronext;2026-08-04
ES0105025003;MERLIN PROPERTIES;MRL;Action;Euronext Lisbon;EUR;ES;OUI;;Euronext;2026-08-04
ES0105027009;Logista Integral;1LOG;Action;Euronext Global Equity Market;EUR;ES;OUI;;Euronext;2026-08-04
ES0105029005;FACEPHI;ALPHI;Action;Euronext Growth Paris;EUR;ES;OUI;;Euronext;2026-08-04
ES0105046017;AENA SME;2AENA;Action;Trading After Hours | EuroTLX | Euronext Global Equity Market;EUR;ES;OUI;;Euronext;2026-08-04
ES0105066007;Cellnex Telecom;1CLNX;Action;Euronext Global Equity Market;EUR;ES;OUI;;Euronext;2026-08-04
ES0105089009;LLEIDA;ALLLN;Action;Euronext Growth Paris;EUR;ES;OUI;;Euronext;2026-08-04
ES0105362000;BARINGS CORE SPAIN;MLBAR;Action;Euronext Access Paris;EUR;ES;OUI;;Euronext;2026-08-04
ES0105417002;IPOSA PROPERTIES;MLIPO;Action;Euronext Access Paris;EUR;ES;OUI;;Euronext;2026-08-04
ES0105425005;KOMPUESTOS;ALKOM;Action;Euronext Growth Paris;EUR;ES;OUI;;Euronext;2026-08-04
ES0105447009;MAQ ADMON. URBANAS;MLMAQ;Action;Euronext Access Paris;EUR;ES;OUI;;Euronext;2026-08-04
ES0105463006;MAKING SCIENCE;ALMKS;Action;Euronext Growth Paris;EUR;ES;OUI;;Euronext;2026-08-04
ES0105473005;INMOSUPA;MLISP;Action;Euronext Access Paris;EUR;ES;OUI;;Euronext;2026-08-04
ES0105478004;AGP MALAGA SOCIMI;MLAGP;Action;Euronext Access Paris;EUR;ES;OUI;;Euronext;2026-08-04
ES0105479002;IANTE INVESTMENTS;MLINT;Action;Euronext Access Paris;EUR;ES;OUI;;Euronext;2026-08-04
ES0105486007;AROCA DEL PINAR;MLARO;Action;Euronext Access Paris;EUR;ES;OUI;;Euronext;2026-08-04
ES0105490009;ORBIS PROPERTIES;MLORB;Action;Euronext Access Paris;EUR;ES;OUI;;Euronext;2026-08-04
ES0105492005;VREF SEVILLE;MLVRF;Action;Euronext Access Paris;EUR;ES;OUI;;Euronext;2026-08-04
ES0105498002;HEALTHCARE ACTIVOS;MLHAY;Action;Euronext Access Paris;EUR;ES;OUI;;Euronext;2026-08-04
ES0105505004;RSR SINGULAR;MLRSR;Action;Euronext Access Lisbon;EUR;ES;OUI;;Euronext;2026-08-04
ES0105511002;INMARK;MLINM;Action;Euronext Access Paris;EUR;ES;OUI;;Euronext;2026-08-04
ES0105534004;ORINOQUIA;MLORQ;Action;Euronext Access Paris;EUR;ES;OUI;;Euronext;2026-08-04
ES0105537007;GLOBAL PIELAGO;MLNDG;Action;Euronext Access Paris;EUR;ES;OUI;;Euronext;2026-08-04
ES0105549002;MONTEPINO LOGISTIC;MLMTP;Action;Euronext Access Paris;EUR;ES;OUI;;Euronext;2026-08-04
ES0105550000;RES GESTAE SOCIMI;MLJDL;Action;Euronext Access Paris;EUR;ES;OUI;;Euronext;2026-08-04
ES0105551008;IGIS NEPTUNE;MLABC;Action;Euronext Access Paris;EUR;ES;OUI;;Euronext;2026-08-04
ES0105553004;FAIFEY INVEST;MLECE;Action;Euronext Access Paris;EUR;ES;OUI;;Euronext;2026-08-04
ES0105559001;MERIDIA RE IV;MLMIV;Action;Euronext Access Paris;EUR;ES;OUI;;Euronext;2026-08-04
ES0105563003;ACCIONA Energias;1ANE;Action;Euronext Global Equity Market;EUR;ES;OUI;;Euronext;2026-08-04
ES0105586004;EUROLOG CANOLA;MLCAN;Action;Euronext Access Paris;EUR;ES;OUI;;Euronext;2026-08-04
ES0105590006;IMPULSE FITNESS;MLIFS;Action;Euronext Access Paris;EUR;ES;OUI;;Euronext;2026-08-04
ES0105592002;SCIENTIA SCHOOL;MLSCI;Action;Euronext Access Paris;EUR;ES;OUI;;Euronext;2026-08-04
ES0105601001;ARIMELIA ITG;MLARI;Action;Euronext Access Paris;EUR;ES;OUI;;Euronext;2026-08-04
ES0105612008;PERSEIDA RENTA;MLPER;Action;Euronext Access Paris;EUR;ES;OUI;;Euronext;2026-08-04
ES0105623005;VANDOR REAL ESTATE;MLVRE;Action;Euronext Access Paris;EUR;ES;OUI;;Euronext;2026-08-04
ES0105639001;EMBENTION;ALUAV;Action;Euronext Growth Paris;EUR;ES;OUI;;Euronext;2026-08-04
ES0105651006;SAGAX REAL ESTATE;MLSAG;Action;Euronext Access Paris;EUR;ES;OUI;;Euronext;2026-08-04
ES0105658001;APODACA INVERSIONE;MLASO;Action;Euronext Access Paris;EUR;ES;OUI;;Euronext;2026-08-04
ES0105660007;CORE SPAIN HOLDCO;MLCOE;Action;Euronext Access Paris;EUR;ES;OUI;;Euronext;2026-08-04
ES0105661005;AREF THALASSA;MLARE;Action;Euronext Access Paris;EUR;ES;OUI;;Euronext;2026-08-04
ES0105664009;HOTELES BESTPRICE;MLHBP;Action;Euronext Access Paris;EUR;ES;OUI;;Euronext;2026-08-04
ES0105665006;MACC1X1 SOCIMI;MLMAC;Action;Euronext Access Lisbon;EUR;ES;OUI;;Euronext;2026-08-04
ES0105687000;ENERGY SOLAR;ALETC;Action;Euronext Growth Paris;EUR;ES;OUI;;Euronext;2026-08-04
ES0105697009;MUTTER VENTURES;MLMUT;Action;Euronext Access Paris;EUR;ES;OUI;;Euronext;2026-08-04
ES0105698007;OK PROPERTIES;MLOKP;Action;Euronext Access Paris;EUR;ES;OUI;;Euronext;2026-08-04
ES0105704003;VIRTUALWARE;ALVIR;Action;Euronext Growth Paris;EUR;ES;OUI;;Euronext;2026-08-04
ES0105719001;NORTEM BIOGROUP;MLBIO;Action;Euronext Access Paris;EUR;ES;OUI;;Euronext;2026-08-04
ES0105724001;RIBA MUNDO;RMT;Action;Euronext Growth Milan;EUR;ES;OUI;;Euronext;2026-08-04
ES0105726006;ELIX;MLERH;Action;Euronext Access Paris;EUR;ES;OUI;;Euronext;2026-08-04
ES0105740007;WELLNESS;MLWRS;Action;Euronext Access Paris;EUR;ES;OUI;;Euronext;2026-08-04
ES0105744009;ANDINO GLOBAL;MLAIG;Action;Euronext Access Paris;EUR;ES;OUI;;Euronext;2026-08-04
ES0105748000;URCOLESA;MLURC;Action;Euronext Access Paris;EUR;ES;OUI;;Euronext;2026-08-04
ES0105777017;Puig Brands;1PUIG;Action;Euronext Global Equity Market;EUR;ES;OUI;;Euronext;2026-08-04
ES0105807004;GENESIS;MLGNS;Action;Euronext Access Paris;EUR;ES;OUI;;Euronext;2026-08-04
ES0105851002;STUDENT PROPERTY;MLSPI;Action;Euronext Access Paris;EUR;ES;OUI;;Euronext;2026-08-04
ES0105908000;INMOLECULE;MLINA;Action;Euronext Access Paris;EUR;ES;OUI;;Euronext;2026-08-04
ES0105910006;SAJA REAL ESTATE;MLSJA;Action;Euronext Access Paris;EUR;ES;OUI;;Euronext;2026-08-04
ES0105962007;VICSO;MLVIC;Action;Euronext Access Paris;EUR;ES;OUI;;Euronext;2026-08-04
ES0105964003;ES VEDRA;MLESV;Action;Euronext Access Paris;EUR;ES;OUI;;Euronext;2026-08-04
ES0105977005;MEDITERRANEAN REIT;MLMED;Action;Euronext Access Paris;EUR;ES;OUI;;Euronext;2026-08-04
ES0106008008;BIMMART INVESTMENT;MLBIM;Action;Euronext Access Paris;EUR;ES;OUI;;Euronext;2026-08-04
ES0106042007;HAY 2 SOCIMI;MLHA2;Action;Euronext Access Paris;EUR;ES;OUI;;Euronext;2026-08-04
ES0106046008;EXXITA BE CIRCULAR;MLEXX;Action;Euronext Access Paris;EUR;ES;OUI;;Euronext;2026-08-04
ES0106046016;EXXITA BE CIRCULAR;MLEXP;Action;Euronext Access Paris;EUR;ES;OUI;;Euronext;2026-08-04
ES0109067019;AMADEUS IT GROUP;4AMS;Action;EuroTLX | Trading After Hours | Euronext Global Equity Market;EUR;ES;OUI;;Euronext;2026-08-04
ES0109429037;ISPD;ALISP;Action;Euronext Growth Paris;EUR;ES;OUI;;Euronext;2026-08-04
ES0113211835;BBVA;4BBVA;Action;EuroTLX | Trading After Hours | Euronext Global Equity Market;EUR;ES;OUI;;Euronext;2026-08-04
ES0113679I37;Bankinter;1BKT;Action;Euronext Global Equity Market;EUR;ES;OUI;;Euronext;2026-08-04
ES0113860A34;BANCO DE SABADELL;2SAB;Action;Trading After Hours | EuroTLX | Euronext Global Equity Market;EUR;ES;OUI;;Euronext;2026-08-04
ES0113900J37;BANCO SANTANDER;1SANX;Action;Euronext Global Equity Market | EuroTLX | Trading After Hours;EUR;ES;OUI;;Euronext;2026-08-04
ES0116870314;NATURGY ENERGY GR;2NTGY;Action;Trading After Hours | Euronext Global Equity Market | EuroTLX;EUR;ES;OUI;;Euronext;2026-08-04
ES0118594417;Indra Sistemas;1IDR;Action;Euronext Global Equity Market;EUR;ES;OUI;;Euronext;2026-08-04
ES0124244E34;MAPFRE;2MAP;Action;Trading After Hours | Euronext Global Equity Market | EuroTLX;EUR;ES;OUI;;Euronext;2026-08-04
ES0125220311;Acciona;1ANA;Action;Euronext Global Equity Market;EUR;ES;OUI;;Euronext;2026-08-04
ES0127797019;EDP RENEWABLES;2EDPR;Action;Trading After Hours | Euronext Lisbon;EUR;ES;OUI;;Euronext;2026-08-04
ES0130670112;ENDESA;1ELE;Action;Euronext Global Equity Market | Trading After Hours | EuroTLX;EUR;ES;OUI;;Euronext;2026-08-04
ES0130960018;ENAGAS;4ENG;Action;EuroTLX | Trading After Hours | Euronext Global Equity Market;EUR;ES;OUI;;Euronext;2026-08-04
ES0132105018;Acerinox;1ACX;Action;Euronext Global Equity Market;EUR;ES;OUI;;Euronext;2026-08-04
ES0137650018;Fluidra SA;1FDR;Action;Euronext Global Equity Market;EUR;ES;OUI;;Euronext;2026-08-04
ES0139140174;Colonial SFL;1COL;Action;Euronext Global Equity Market;EUR;ES;OUI;;Euronext;2026-08-04
ES0140609019;CAIXABANK;2CABK;Action;Trading After Hours | Euronext Global Equity Market | EuroTLX;EUR;ES;OUI;;Euronext;2026-08-04
ES0144580Y14;IBERDROLA;1IBE;Action;Euronext Global Equity Market | EuroTLX | Trading After Hours;EUR;ES;OUI;;Euronext;2026-08-04
ES0148396007;INDITEX;1ITX;Action;Euronext Global Equity Market | Trading After Hours | EuroTLX;EUR;ES;OUI;;Euronext;2026-08-04
ES0157261019;Laboratorios Farma;1ROVI;Action;Euronext Global Equity Market;EUR;ES;OUI;;Euronext;2026-08-04
ES0165386014;Solaria Energia;1SLR;Action;Euronext Global Equity Market;EUR;ES;OUI;;Euronext;2026-08-04
ES0167050915;ACS ACTIVIDADES;1ACS;Action;Euronext Global Equity Market | Trading After Hours | EuroTLX;EUR;ES;OUI;;Euronext;2026-08-04
ES0171996087;Grifols;4GRF;Action;EuroTLX | Euronext Global Equity Market;EUR;ES;OUI;;Euronext;2026-08-04
ES0173093024;RED ELECTRICA CORP;1REE;Action;Euronext Global Equity Market | EuroTLX | Trading After Hours;EUR;ES;OUI;;Euronext;2026-08-04
ES0173516115;REPSOL;2REP;Action;Trading After Hours | Euronext Global Equity Market | EuroTLX;EUR;ES;OUI;;Euronext;2026-08-04
ES0177542018;INTERNATIONAL C A;4IAG;Action;EuroTLX | Euronext Global Equity Market | Trading After Hours;EUR;ES;OUI;;Euronext;2026-08-04
ES0178430E18;TELEFONICA;1TEF;Action;Euronext Global Equity Market | Trading After Hours | EuroTLX;EUR;ES;OUI;;Euronext;2026-08-04
ES0180907000;Unicaja Banco SA;1UNI;Action;Euronext Global Equity Market;EUR;ES;OUI;;Euronext;2026-08-04
ES0182870214;Sacyr SA;1SCYR;Action;Euronext Global Equity Market;EUR;ES;OUI;;Euronext;2026-08-04
ES0183746314;Vidrala SA;1VID;Action;Euronext Global Equity Market;EUR;ES;OUI;;Euronext;2026-08-04
ES0184262212;Viscofan SA;1VIS;Action;Euronext Global Equity Market;EUR;ES;OUI;;Euronext;2026-08-04
FI0009000202;Kesko Oyj;1KESK;Action;Euronext Global Equity Market;EUR;FI;OUI;;Euronext;2026-08-04
FI0009000459;Huhtamaki Oyj;1HUH;Action;Euronext Global Equity Market;EUR;FI;OUI;;Euronext;2026-08-04
FI0009000665;Metsa Board Oyj B;1MTBB;Action;Euronext Global Equity Market;EUR;FI;OUI;;Euronext;2026-08-04
FI0009000681;NOKIA CORPORATION;4NOKIA;Action;EuroTLX | Trading After Hours | Euronext Global Equity Market;EUR;FI;OUI;;Euronext;2026-08-04
FI0009002422;Outokumpu Oyj;1OUT;Action;Euronext Global Equity Market;EUR;FI;OUI;;Euronext;2026-08-04
FI0009003727;Wartsila OYJ Abp;1WRT;Action;Euronext Global Equity Market;EUR;FI;OUI;;Euronext;2026-08-04
FI0009004824;Kemira Oyj;1KEMI;Action;Euronext Global Equity Market;EUR;FI;OUI;;Euronext;2026-08-04
FI0009005318;NOKIAN RENKAAT;2TYRES;Action;Trading After Hours | Euronext Global Equity Market | EuroTLX;EUR;FI;OUI;;Euronext;2026-08-04
FI0009005870;Konecranes Oyj;1KCR;Action;Euronext Global Equity Market;EUR;FI;OUI;;Euronext;2026-08-04
FI0009005961;Stora Enso Oyj;1STER;Action;Euronext Global Equity Market;EUR;FI;OUI;;Euronext;2026-08-04
FI0009005987;UPM-Kymmene Oyj;1UPM;Action;Euronext Global Equity Market;EUR;FI;OUI;;Euronext;2026-08-04
FI0009007132;FORTUM;2FORT;Action;Trading After Hours | Euronext Global Equity Market | EuroTLX;EUR;FI;OUI;;Euronext;2026-08-04
FI0009007884;Elisa Oyj;1ELIS;Action;Euronext Global Equity Market;EUR;FI;OUI;;Euronext;2026-08-04
FI0009013296;NESTE;4NESTE;Action;EuroTLX | Euronext Global Equity Market | Trading After Hours;EUR;FI;OUI;;Euronext;2026-08-04
FI0009013403;KONE;4KNEBV;Action;EuroTLX | Trading After Hours | Euronext Global Equity Market;EUR;FI;OUI;;Euronext;2026-08-04
FI0009014377;ORION CLASS B;2ORNBV;Action;Trading After Hours | Euronext Global Equity Market | EuroTLX;EUR;FI;OUI;;Euronext;2026-08-04
FI0009014575;Metso Oyj;1METS;Action;Euronext Global Equity Market;EUR;FI;OUI;;Euronext;2026-08-04
FI4000074984;Valmet Oyj;1VALM;Action;Euronext Global Equity Market;EUR;FI;OUI;;Euronext;2026-08-04
FI4000198031;Qt Group Oyj;1QTCO;Action;Euronext Global Equity Market;EUR;FI;OUI;;Euronext;2026-08-04
FI4000297767;NORDEA BANK;1NDA;Action;Euronext Global Equity Market | EuroTLX | Trading After Hours;EUR;FI;OUI;;Euronext;2026-08-04
FI4000312251;LUMO FH;1LUMO;Action;Euronext Global Equity Market;EUR;FI;OUI;;Euronext;2026-08-04
FI4000552500;Sampo Oyj;1SAMP;Action;Euronext Global Equity Market;EUR;FI;OUI;;Euronext;2026-08-04
FI4000552526;MANDATUM OYJ;1MANT;Action;Euronext Global Equity Market;EUR;FI;OUI;;Euronext;2026-08-04
FI4000571013;HIAB CORPORATION;1HIAB;Action;Euronext Global Equity Market;EUR;FI;OUI;;Euronext;2026-08-04
FO0000000179;BAKKAFROST;BAKKA;Action;Oslo Børs;NOK;FO;NON;;Euronext;2026-08-04
FR0000030074;MALTERIES FCO-BEL.;MALT;Action;Euronext Paris;EUR;FR;OUI;;Euronext;2026-08-04
FR0000030769;PLACOPLATRE;MLPLC;Action;Euronext Access Paris;EUR;FR;OUI;;Euronext;2026-08-04
FR0000031023;ELEC.STRASBOURG;ELEC;Action;Euronext Paris;EUR;FR;OUI;;Euronext;2026-08-04
FR0000031106;TROC ILE;MLTRO;Action;Euronext Access Paris;EUR;FR;OUI;;Euronext;2026-08-04
FR0000031577;VIRBAC;2VIRP;Action;Trading After Hours | Euronext Paris;EUR;FR;OUI;;Euronext;2026-08-04
FR0000031775;VICAT;VCT;Action;Euronext Paris;EUR;FR;OUI;;Euronext;2026-08-04
FR0000031973;FSDV;FSDV;Action;Euronext Paris;EUR;FR;OUI;;Euronext;2026-08-04
FR0000032526;GUERBET;GBT;Action;Euronext Paris;EUR;FR;OUI;;Euronext;2026-08-04
FR0000032658;SYNERGIE;SDG;Action;Euronext Paris;EUR;FR;OUI;;Euronext;2026-08-04
FR0000033003;TOUAX;ALTOU;Action;Euronext Growth Paris;EUR;FR;OUI;;Euronext;2026-08-04
FR0000033219;ALTAREA;2ALTA;Action;Trading After Hours | Euronext Paris;EUR;FR;OUI;;Euronext;2026-08-04
FR0000033243;IMMOB.DASSAULT;IMDA;Action;Euronext Paris;EUR;FR;OUI;;Euronext;2026-08-04
FR0000033599;LEXIBOOK LINGUIST.;ALLEX;Action;Euronext Growth Paris;EUR;FR;OUI;;Euronext;2026-08-04
FR0000033888;GEVELOT;ALGEV;Action;Euronext Growth Paris;EUR;FR;OUI;;Euronext;2026-08-04
FR0000033904;JACQUET METALS;JCQ;Action;Euronext Paris;EUR;FR;OUI;;Euronext;2026-08-04
FR0000034894;GAUMONT;GAM;Action;Euronext Paris;EUR;FR;OUI;;Euronext;2026-08-04
FR0000035081;ICADE;2ICAD;Action;Trading After Hours | Euronext Paris;EUR;FR;OUI;;Euronext;2026-08-04
FR0000035164;BENETEAU;BEN;Action;Euronext Paris | Trading After Hours;EUR;FR;OUI;;Euronext;2026-08-04
FR0000035370;BASTIDE LE CONFORT;BLC;Action;Euronext Paris;EUR;FR;OUI;;Euronext;2026-08-04
FR0000035719;ELECT. MADAGASCAR;EEM;Action;Euronext Paris;EUR;FR;OUI;;Euronext;2026-08-04
FR0000035784;EVERGREEN;EGR;Action;Euronext Paris;EUR;FR;OUI;;Euronext;2026-08-04
FR0000036675;GROUPE CRIT;CEN;Action;Euronext Paris;EUR;FR;OUI;;Euronext;2026-08-04
FR0000037475;CFI;CFI;Action;Euronext Paris;EUR;FR;OUI;;Euronext;2026-08-04
FR0000037640;ROUGIER S.A.;ALRGR;Action;Euronext Growth Paris;EUR;FR;OUI;;Euronext;2026-08-04
FR0000037871;CH.FER DEPARTEMENT;MLCFD;Action;Euronext Access Paris;EUR;FR;OUI;;Euronext;2026-08-04
FR0000038184;FIPP;FIPP;Action;Euronext Paris;EUR;FR;OUI;;Euronext;2026-08-04
FR0000038242;LUMIBIRD;LBIRD;Action;Euronext Paris;EUR;FR;OUI;;Euronext;2026-08-04
FR0000038465;PASSAT;ALPAS;Action;Euronext Growth Paris;EUR;FR;OUI;;Euronext;2026-08-04
FR0000038531;HF COMPANY;ALHF;Action;Euronext Growth Paris;EUR;FR;OUI;;Euronext;2026-08-04
FR0000038606;MANITOU BF;MTU;Action;Euronext Paris;EUR;FR;OUI;;Euronext;2026-08-04
FR0000039091;ROBERTET;RBT;Action;Euronext Paris;EUR;FR;OUI;;Euronext;2026-08-04
FR0000039109;SECHE ENVIRONNEM.;SCHP;Action;Euronext Paris;EUR;FR;OUI;;Euronext;2026-08-04
FR0000039216;ALTAREIT;AREIT;Action;Euronext Paris;EUR;FR;OUI;;Euronext;2026-08-04
FR0000039232;AUREA;AURE;Action;Euronext Paris;EUR;FR;OUI;;Euronext;2026-08-04
FR0000039299;BOLLORE;2BOL;Action;Trading After Hours | Euronext Paris;EUR;FR;OUI;;Euronext;2026-08-04
FR0000039620;MERSEN;2MRN;Action;Trading After Hours | Euronext Paris;EUR;FR;OUI;;Euronext;2026-08-04
FR0000044323;CRCAM ALP.PROV.CCI;CRAP;Action;Euronext Paris;EUR;FR;OUI;;Euronext;2026-08-04
FR0000044364;CRCAM NORM.SEINE;CCN;Action;Euronext Paris;EUR;FR;OUI;;Euronext;2026-08-04
FR0000044448;NEXANS;2NEX;Action;Trading After Hours | Euronext Paris;EUR;FR;OUI;;Euronext;2026-08-04
FR0000044471;RAMSAY GEN SANTE;GDS;Action;Euronext Paris;EUR;FR;OUI;;Euronext;2026-08-04
FR0000044943;LOGIC INSTRUMENT;ALLOG;Action;Euronext Growth Paris;EUR;FR;OUI;;Euronext;2026-08-04
FR0000045072;CREDIT AGRICOLE;2ACA;Action;Trading After Hours | Euronext Paris | EuroTLX | Euronext Global Equity Market;EUR;FR;OUI;;Euronext;2026-08-04
FR0000045213;CRCAM ILLE-VIL.CCI;CIV;Action;Euronext Paris;EUR;FR;OUI;;Euronext;2026-08-04
FR0000045239;CRCAM LOIRE HTE L.;CRLO;Action;Euronext Paris;EUR;FR;OUI;;Euronext;2026-08-04
FR0000045304;CRCAM TOURAINE CCI;CRTO;Action;Euronext Paris;EUR;FR;OUI;;Euronext;2026-08-04
FR0000045346;CRCAM SUD R.A.CCI;CRSU;Action;Euronext Paris;EUR;FR;OUI;;Euronext;2026-08-04
FR0000045528;CRCAM PARIS ET IDF;CAF;Action;Euronext Paris;EUR;FR;OUI;;Euronext;2026-08-04
FR0000045544;CA TOULOUSE 31 CCI;CAT31;Action;Euronext Paris;EUR;FR;OUI;;Euronext;2026-08-04
FR0000045551;CRCAM MORBIHAN CCI;CMO;Action;Euronext Paris;EUR;FR;OUI;;Euronext;2026-08-04
FR0000045601;ROBERTET CI;CBE;Action;Euronext Paris;EUR;FR;OUI;;Euronext;2026-08-04
FR0000045619;ROBERTET CDV 87;CBR;Action;Euronext Paris;EUR;FR;OUI;;Euronext;2026-08-04
FR0000050049;VIEL ET COMPAGNIE;VIL;Action;Euronext Paris;EUR;FR;OUI;;Euronext;2026-08-04
FR0000050353;LISI;FII;Action;Euronext Paris;EUR;FR;OUI;;Euronext;2026-08-04
FR0000050395;CROSSWOOD;CROS;Action;Euronext Paris;EUR;FR;OUI;;Euronext;2026-08-04
FR0000050809;SOPRA STERIA GROUP;2SOP;Action;Trading After Hours | Euronext Paris;EUR;FR;OUI;;Euronext;2026-08-04
FR0000051070;MAUREL ET PROM;MAU;Action;Euronext Paris;EUR;FR;OUI;;Euronext;2026-08-04
FR0000051302;HOCHE BAINS L.BAIN;MLHBB;Action;Euronext Access Paris;EUR;FR;OUI;;Euronext;2026-08-04
FR0000051393;IDI;IDIP;Action;Euronext Paris;EUR;FR;OUI;;Euronext;2026-08-04
FR0000051807;TELEPERFORMANCE;TEP;Action;Euronext Paris | EuroTLX | Trading After Hours;EUR;FR;OUI;;Euronext;2026-08-04
FR0000052292;HERMES INTERN;4RMS;Action;EuroTLX | Trading After Hours | Euronext Paris;EUR;FR;OUI;;Euronext;2026-08-04
FR0000052680;OENEO;SBT;Action;Euronext Paris;EUR;FR;OUI;;Euronext;2026-08-04
FR0000052920;DYNAFOND;MLDYN;Action;Euronext Access Paris;EUR;FR;OUI;;Euronext;2026-08-04
FR0000053027;AKWEL;AKW;Action;Euronext Paris;EUR;FR;OUI;;Euronext;2026-08-04
FR0000053035;GEA GRENOBL.ELECT.;GEA;Action;Euronext Paris;EUR;FR;OUI;;Euronext;2026-08-04
FR0000053043;ADVINI;ALAVI;Action;Euronext Growth Paris;EUR;FR;OUI;;Euronext;2026-08-04
FR0000053225;METROPOLE TV;MMT;Action;Euronext Paris | Trading After Hours;EUR;FR;OUI;;Euronext;2026-08-04
FR0000053324;ALPES (COMPAGNIE);CDA;Action;Euronext Paris;EUR;FR;OUI;;Euronext;2026-08-04
FR0000053381;DERICHEBOURG;2DBG;Action;Trading After Hours | Euronext Paris;EUR;FR;OUI;;Euronext;2026-08-04
FR0000053415;G.A.I.;MLGAI;Action;Euronext Access Paris;EUR;FR;OUI;;Euronext;2026-08-04
FR0000053506;CEGEDIM;ALCGM;Action;Euronext Growth Paris;EUR;FR;OUI;;Euronext;2026-08-04
FR0000053738;HOTELIM;MLHOT;Action;Euronext Access Paris;EUR;FR;OUI;;Euronext;2026-08-04
FR0000053837;ALTAMIR;LTA;Action;Euronext Paris;EUR;FR;OUI;;Euronext;2026-08-04
FR0000053944;FONCIERE VOLTA;SPEL;Action;Euronext Paris;EUR;FR;OUI;;Euronext;2026-08-04
FR0000054132;DELFINGEN;ALDEL;Action;Euronext Growth Paris;EUR;FR;OUI;;Euronext;2026-08-04
FR0000054199;ST DUPONT;DPT;Action;Euronext Paris;EUR;FR;OUI;;Euronext;2026-08-04
FR0000054231;HIGH CO;HCO;Action;Euronext Paris;EUR;FR;OUI;;Euronext;2026-08-04
FR0000054322;CIBOX INTER A CTIV;ALCBX;Action;Euronext Growth Paris;EUR;FR;OUI;;Euronext;2026-08-04
FR0000054371;SPEED RABBIT PIZZA;MLSRP;Action;Euronext Access Paris;EUR;FR;OUI;;Euronext;2026-08-04
FR0000054421;BOURRELIER GROUP;ALBOU;Action;Euronext Growth Paris;EUR;FR;OUI;;Euronext;2026-08-04
FR0000054470;UBISOFT ENTERT;4UBI;Action;EuroTLX | Euronext Paris | Trading After Hours;EUR;FR;OUI;;Euronext;2026-08-04
FR0000054900;TF1;2TFI;Action;Trading After Hours | Euronext Paris;EUR;FR;OUI;;Euronext;2026-08-04
FR0000060071;SAMSE;SAMS;Action;Euronext Paris;EUR;FR;OUI;;Euronext;2026-08-04
FR0000060121;SAINT JEAN GROUPE;SABE;Action;Euronext Paris;EUR;FR;OUI;;Euronext;2026-08-04
FR0000060303;COVIVIO HOTELS;COVH;Action;Euronext Paris;EUR;FR;OUI;;Euronext;2026-08-04
FR0000060428;CIE DU MONT BLANC;MLCMB;Action;Euronext Access Paris;EUR;FR;OUI;;Euronext;2026-08-04
FR0000060451;INSTALLUX;ALLUX;Action;Euronext Growth Paris;EUR;FR;OUI;;Euronext;2026-08-04
FR0000060535;FIDUCIAL REAL EST.;ORIA;Action;Euronext Paris;EUR;FR;OUI;;Euronext;2026-08-04
FR0000060790;SIGNAUX GIROD;ALGIR;Action;Euronext Growth Paris;EUR;FR;OUI;;Euronext;2026-08-04
FR0000060824;FINANCIERE MARJOS;FINM;Action;Euronext Paris;EUR;FR;OUI;;Euronext;2026-08-04
FR0000060840;DEVERNOIS;ALDEV;Action;Euronext Growth Paris;EUR;FR;OUI;;Euronext;2026-08-04
FR0000060873;MBWS;MBWS;Action;Euronext Paris;EUR;FR;OUI;;Euronext;2026-08-04
FR0000060907;CHAUSSERIA;CHSR;Action;Euronext Paris;EUR;FR;OUI;;Euronext;2026-08-04
FR0000061129;BOIRON;BOI;Action;Euronext Paris;EUR;FR;OUI;;Euronext;2026-08-04
FR0000061137;BURELLE;BUR;Action;Euronext Paris;EUR;FR;OUI;;Euronext;2026-08-04
FR0000061244;ALTHEORA;ALORA;Action;Euronext Growth Paris;EUR;FR;OUI;;Euronext;2026-08-04
FR0000061376;PROP.IMMEUBLES;MLPRI;Action;Euronext Access Paris;EUR;FR;OUI;;Euronext;2026-08-04
FR0000061418;FIDUCIAL OFF.SOL.;SACI;Action;Euronext Paris;EUR;FR;OUI;;Euronext;2026-08-04
FR0000061459;PERRIER (GERARD);PERR;Action;Euronext Paris;EUR;FR;OUI;;Euronext;2026-08-04
FR0000061475;EURASIA FONC INV;EFI;Action;Euronext Paris;EUR;FR;OUI;;Euronext;2026-08-04
FR0000061608;PISCINES DESJOYAUX;ALPDX;Action;Euronext Growth Paris;EUR;FR;OUI;;Euronext;2026-08-04
FR0000061780;AUGROS COSMETIC;AUGR;Action;Euronext Paris;EUR;FR;OUI;;Euronext;2026-08-04
FR0000062101;FERM.CAS.MUN.CANNE;FCMC;Action;Euronext Paris;EUR;FR;OUI;;Euronext;2026-08-04
FR0000062150;BLEECKER;BLEE;Action;Euronext Paris;EUR;FR;OUI;;Euronext;2026-08-04
FR0000062234;COMPAGNIE ODET;ODET;Action;Euronext Paris;EUR;FR;OUI;;Euronext;2026-08-04
FR0000062465;ALAN ALLMAN;AAA;Action;Euronext Paris;EUR;FR;OUI;;Euronext;2026-08-04
FR0000062671;EXAIL TECHNOLOGIES;EXA;Action;Euronext Paris;EUR;FR;OUI;;Euronext;2026-08-04
FR0000062788;BARBARA BUI;BUI;Action;Euronext Paris;EUR;FR;OUI;;Euronext;2026-08-04
FR0000062796;MAISON POMMERY;POMRY;Action;Euronext Paris, Brussels;EUR;FR;OUI;;Euronext;2026-08-04
FR0000062978;DEKUPLE;DKUPL;Action;Euronext Paris;EUR;FR;OUI;;Euronext;2026-08-04
FR0000063307;TBSO;TBSO;Action;Euronext Paris;EUR;FR;OUI;;Euronext;2026-08-04
FR0000063737;AUBAY;AUB;Action;Euronext Paris;EUR;FR;OUI;;Euronext;2026-08-04
FR0000063935;BONDUELLE;BON;Action;Euronext Paris;EUR;FR;OUI;;Euronext;2026-08-04
FR0000063976;STREIT MECANIQUE;MLSTR;Action;Euronext Access Paris;EUR;FR;OUI;;Euronext;2026-08-04
FR0000064164;EXACOMPTA CLAIREF.;ALEXA;Action;Euronext Growth Paris;EUR;FR;OUI;;Euronext;2026-08-04
FR0000064271;STEF;STF;Action;Euronext Paris;EUR;FR;OUI;;Euronext;2026-08-04
FR0000064297;INNELEC MULTIMEDIA;ALINN;Action;Euronext Growth Paris;EUR;FR;OUI;;Euronext;2026-08-04
FR0000064446;CATERING INTL SCES;ALCIS;Action;Euronext Growth Paris;EUR;FR;OUI;;Euronext;2026-08-04
FR0000064529;NSC GROUPE;ALNSC;Action;Euronext Growth Paris;EUR;FR;OUI;;Euronext;2026-08-04
FR0000064578;COVIVIO;COV;Action;Euronext Paris | Trading After Hours | EuroTLX;EUR;FR;OUI;;Euronext;2026-08-04
FR0000064602;ACANTHE DEV.;ACAN;Action;Euronext Paris;EUR;FR;OUI;;Euronext;2026-08-04
FR0000064735;HYDRAULIQUEHOLDING;MLHYD;Action;Euronext Access Paris;EUR;FR;OUI;;Euronext;2026-08-04
FR0000064784;PEUGEOT INVEST;PEUG;Action;Euronext Paris;EUR;FR;OUI;;Euronext;2026-08-04
FR0000064958;INTEXA;ITXT;Action;Euronext Paris;EUR;FR;OUI;;Euronext;2026-08-04
FR0000065260;DOCK.PETR.AMBES AM;DPAM;Action;Euronext Paris;EUR;FR;OUI;;Euronext;2026-08-04
FR0000065278;HOPSCOTCH GROUPE;ALHOP;Action;Euronext Growth Paris;EUR;FR;OUI;;Euronext;2026-08-04
FR0000065393;COURTOIS;COUR;Action;Euronext Paris;EUR;FR;OUI;;Euronext;2026-08-04
FR0000065484;LECTRA;LSS;Action;Euronext Paris;EUR;FR;OUI;;Euronext;2026-08-04
FR0000065492;SELCODIS;SLCO;Action;Euronext Paris;EUR;FR;OUI;;Euronext;2026-08-04
FR0000065773;IMPRIMERIE CHIRAT;MLIMP;Action;Euronext Access Paris;EUR;FR;OUI;;Euronext;2026-08-04
FR0000065864;SOGECLAIR;ALSOG;Action;Euronext Growth Paris;EUR;FR;OUI;;Euronext;2026-08-04
FR0000065930;FONCIERE 7 INVEST;LEBL;Action;Euronext Paris;EUR;FR;OUI;;Euronext;2026-08-04
FR0000065971;GRAINES VOLTZ;GRVO;Action;Euronext Paris;EUR;FR;OUI;;Euronext;2026-08-04
FR0000066441;POUJOULAT;ALPJT;Action;Euronext Growth Paris;EUR;FR;OUI;;Euronext;2026-08-04
FR0000066540;HERIGE;ALHRG;Action;Euronext Growth Paris;EUR;FR;OUI;;Euronext;2026-08-04
FR0000066607;LACROIX GROUP;LACR;Action;Euronext Paris;EUR;FR;OUI;;Euronext;2026-08-04
FR0000066672;GL EVENTS;GLO;Action;Euronext Paris;EUR;FR;OUI;;Euronext;2026-08-04
FR0000066722;GUILLEMOT;GUI;Action;Euronext Paris;EUR;FR;OUI;;Euronext;2026-08-04
FR0000066755;HAULOTTE GROUP;PIG;Action;Euronext Paris;EUR;FR;OUI;;Euronext;2026-08-04
FR0000066961;BERNARD LOISEAU;ALDBL;Action;Euronext Growth Paris;EUR;FR;OUI;;Euronext;2026-08-04
FR0000071797;INFOTEL;INF;Action;Euronext Paris;EUR;FR;OUI;;Euronext;2026-08-04
FR0000071946;ALTEN;2ATE;Action;Trading After Hours | Euronext Paris;EUR;FR;OUI;;Euronext;2026-08-04
FR0000072373;EGIDE;ALGID;Action;Euronext Growth Paris;EUR;FR;OUI;;Euronext;2026-08-04
FR0000072597;IT LINK;ALITL;Action;Euronext Growth Paris;EUR;FR;OUI;;Euronext;2026-08-04
FR0000073041;PIERRE VACANCES;VAC;Action;Euronext Paris;EUR;FR;OUI;;Euronext;2026-08-04
FR0000073272;SAFRAN;2SAF;Action;Trading After Hours | EuroTLX | Euronext Paris;EUR;FR;OUI;;Euronext;2026-08-04
FR0000073298;IPSOS;2IPS;Action;Trading After Hours | Euronext Paris;EUR;FR;OUI;;Euronext;2026-08-04
FR0000074072;BIGBEN INTERACTIVE;BIG;Action;Euronext Paris;EUR;FR;OUI;;Euronext;2026-08-04
FR0000074148;ASSYSTEM;ASY;Action;Euronext Paris;EUR;FR;OUI;;Euronext;2026-08-04
FR0000074197;UNION TECH.INFOR.;FPG;Action;Euronext Paris;EUR;FR;OUI;;Euronext;2026-08-04
FR0000074254;BOURSE DIRECT;BSD;Action;Euronext Paris;EUR;FR;OUI;;Euronext;2026-08-04
FR0000074759;FLEURY MICHON;ALFLE;Action;Euronext Growth Paris;EUR;FR;OUI;;Euronext;2026-08-04
FR0000074775;STRADIM ESPAC.FIN;ALSAS;Action;Euronext Growth Paris;EUR;FR;OUI;;Euronext;2026-08-04
FR0000074783;ARTMARKET COM;PRC;Action;Euronext Paris;EUR;FR;OUI;;Euronext;2026-08-04
FR0000075343;LABO EUROMEDIS;ALEMG;Action;Euronext Growth Paris;EUR;FR;OUI;;Euronext;2026-08-04
FR0000075442;GROUPE LDLC;ALLDL;Action;Euronext Growth Paris;EUR;FR;OUI;;Euronext;2026-08-04
FR0000075954;RIBER;ALRIB;Action;Euronext Growth Paris;EUR;FR;OUI;;Euronext;2026-08-04
FR0000076655;ACTIA GROUP;ALATI;Action;Euronext Growth Paris;EUR;FR;OUI;;Euronext;2026-08-04
FR0000076861;ACTEOS;EOS;Action;Euronext Paris;EUR;FR;OUI;;Euronext;2026-08-04
FR0000076952;ARTOIS NOM.;ARTO;Action;Euronext Paris;EUR;FR;OUI;;Euronext;2026-08-04
FR0000076960;GROUPE CARNIVOR;MLGRC;Action;Euronext Access Paris;EUR;FR;OUI;;Euronext;2026-08-04
FR0000077828;CONSORT NT;MLCNT;Action;Euronext Access Paris;EUR;FR;OUI;;Euronext;2026-08-04
FR0000077885;DAMARIS;MLDAM;Action;Euronext Access Paris;EUR;FR;OUI;;Euronext;2026-08-04
FR0000077919;JCDECAUX;2DEC;Action;Trading After Hours | Euronext Paris;EUR;FR;OUI;;Euronext;2026-08-04
FR0000077992;PACTE NOVATION;MLPAC;Action;Euronext Access Paris;EUR;FR;OUI;;Euronext;2026-08-04
FR0000078321;SODITECH;ALSEC;Action;Euronext Growth Paris;EUR;FR;OUI;;Euronext;2026-08-04
FR0000079147;U10 CORP;ALU10;Action;Euronext Growth Paris;EUR;FR;OUI;;Euronext;2026-08-04
FR0000079691;IDS;MLIDS;Action;Euronext Access Paris;EUR;FR;OUI;;Euronext;2026-08-04
FR0000120073;AIR LIQUIDE;AI;Action;Euronext Paris | Trading After Hours | EuroTLX;EUR;FR;OUI;;Euronext;2026-08-04
FR0000120107;SAVENCIA;SAVE;Action;Euronext Paris;EUR;FR;OUI;;Euronext;2026-08-04
FR0000120172;CARREFOUR;4CA;Action;EuroTLX | Trading After Hours | Euronext Paris;EUR;FR;OUI;;Euronext;2026-08-04
FR0000120271;TOTALENERGIES;2TTE;Action;Trading After Hours | Euronext Paris, Brussels | EuroTLX;EUR;FR;OUI;;Euronext;2026-08-04
FR0000120321;L'OREAL;4OR;Action;EuroTLX | Euronext Paris | Trading After Hours;EUR;FR;OUI;;Euronext;2026-08-04
FR0000120404;ACCOR;AC;Action;Euronext Paris | Trading After Hours | EuroTLX | Euronext Paris - Multi-currency Trading;EUR;FR;OUI;;Euronext;2026-08-04
FR0000120503;BOUYGUES;2EN;Action;Trading After Hours | EuroTLX | Euronext Paris;EUR;FR;OUI;;Euronext;2026-08-04
FR0000120560;QUADIENT;QDT;Action;Euronext Paris;EUR;FR;OUI;;Euronext;2026-08-04
FR0000120578;SANOFI;2SAN;Action;Trading After Hours | EuroTLX | Euronext Global Equity Market | Euronext Paris;EUR;FR;OUI;;Euronext;2026-08-04
FR0000120628;AXA;1CS;Action;Euronext Global Equity Market | EuroTLX | Euronext Paris | Trading After Hours;EUR;FR;OUI;;Euronext;2026-08-04
FR0000120644;DANONE;2BN;Action;Trading After Hours | Euronext Paris | EuroTLX;EUR;FR;OUI;;Euronext;2026-08-04
FR0000120669;North Atlantic En.;NAE;Action;Euronext Paris;EUR;FR;OUI;;Euronext;2026-08-04
FR0000120693;PERNOD RICARD;4RI;Action;EuroTLX | Euronext Paris | Trading After Hours;EUR;FR;OUI;;Euronext;2026-08-04
FR0000120859;IMERYS;2NK;Action;Trading After Hours | Euronext Paris;EUR;FR;OUI;;Euronext;2026-08-04
FR0000120966;BIC;BB;Action;Euronext Paris | Trading After Hours;EUR;FR;OUI;;Euronext;2026-08-04
FR0000121014;LVMH;2MC;Action;Trading After Hours | EuroTLX | Euronext Paris | Euronext Global Equity Market;EUR;FR;OUI;;Euronext;2026-08-04
FR0000121121;EURAZEO;2RF;Action;Trading After Hours | Euronext Paris;EUR;FR;OUI;;Euronext;2026-08-04
FR0000121147;FORVIA;2FRVIA;Action;Trading After Hours | EuroTLX | Euronext Global Equity Market | Euronext Paris;EUR;FR;OUI;;Euronext;2026-08-04
FR0000121204;WENDEL;2MF;Action;Trading After Hours | Euronext Paris;EUR;FR;OUI;;Euronext;2026-08-04
FR0000121220;SODEXO;2SW;Action;Trading After Hours | Euronext Paris | EuroTLX;EUR;FR;OUI;;Euronext;2026-08-04
FR0000121295;LEBON;ALBON;Action;Euronext Growth Paris;EUR;FR;OUI;;Euronext;2026-08-04
FR0000121329;THALES;2HO;Action;Trading After Hours | Euronext Paris | EuroTLX;EUR;FR;OUI;;Euronext;2026-08-04
FR0000121485;KERING;1KER;Action;Euronext Global Equity Market | EuroTLX | Euronext Paris | Trading After Hours;EUR;FR;OUI;;Euronext;2026-08-04
FR0000121667;ESSILORLUXOTTICA;2EL;Action;Trading After Hours | EuroTLX | Euronext Paris | Euronext Global Equity Market;EUR;FR;OUI;;Euronext;2026-08-04
FR0000121691;NRJ GROUP;NRG;Action;Euronext Paris;EUR;FR;OUI;;Euronext;2026-08-04
FR0000121709;S.E.B.;2SK;Action;Trading After Hours | Euronext Paris;EUR;FR;OUI;;Euronext;2026-08-04
FR0000121964;KLEPIERRE;2LI;Action;Trading After Hours | Euronext Paris | EuroTLX;EUR;FR;OUI;;Euronext;2026-08-04
FR0000121972;SCHNEIDER ELECTRIC;2SU;Action;Trading After Hours | Euronext Paris | EuroTLX;EUR;FR;OUI;;Euronext;2026-08-04
FR0000124141;VEOLIA ENVIRON;4VIE;Action;EuroTLX | Trading After Hours | Euronext Paris;EUR;FR;OUI;;Euronext;2026-08-04
FR0000124414;GASCOGNE;ALBI;Action;Euronext Growth Paris;EUR;FR;OUI;;Euronext;2026-08-04
FR0000124570;OPMOBILITY;OPM;Action;Euronext Paris | Trading After Hours;EUR;FR;OUI;;Euronext;2026-08-04
FR0000125007;SAINT GOBAIN;2SGO;Action;Trading After Hours | Euronext Paris, Amsterdam, Brussels | EuroTLX;EUR;FR;OUI;;Euronext;2026-08-04
FR0000125338;CAPGEMINI;4CAP;Action;EuroTLX | Euronext Paris | Trading After Hours;EUR;FR;OUI;;Euronext;2026-08-04
FR0000125486;VINCI;2DG;Action;Trading After Hours | Euronext Paris | EuroTLX;EUR;FR;OUI;;Euronext;2026-08-04
FR0000127771;VIVENDI;1VIV;Action;Euronext Global Equity Market | EuroTLX | Trading After Hours | Euronext Paris;EUR;FR;OUI;;Euronext;2026-08-04
FR0000130213;LAGARDERE SA;MMB;Action;Euronext Paris;EUR;FR;OUI;;Euronext;2026-08-04
FR0000130395;REMY COINTREAU;RCO;Action;Euronext Paris | Trading After Hours;EUR;FR;OUI;;Euronext;2026-08-04
FR0000130403;CHRISTIAN DIOR;CDI;Action;Euronext Paris;EUR;FR;OUI;;Euronext;2026-08-04
FR0000130452;EIFFAGE;2FGR;Action;Trading After Hours | Euronext Paris | Euronext Paris - Multi-currency Trading;EUR;FR;OUI;;Euronext;2026-08-04
FR0000130577;PUBLICIS GROUPE;4PUB;Action;EuroTLX | Trading After Hours | Euronext Paris;EUR;FR;OUI;;Euronext;2026-08-04
FR0000130692;CIECHARGEURSINVEST;CRI;Action;Euronext Paris;EUR;FR;OUI;;Euronext;2026-08-04
FR0000130809;SOCIETE GENERALE;4GLE;Action;EuroTLX | Trading After Hours | Euronext Paris | Euronext Global Equity Market;EUR;FR;OUI;;Euronext;2026-08-04
FR0000131104;BNP PARIBAS;2BNP;Action;Trading After Hours | EuroTLX | Euronext Global Equity Market | Euronext Paris;EUR;FR;OUI;;Euronext;2026-08-04
FR0000131757;ERAMET;2ERA;Action;Trading After Hours | Euronext Paris;EUR;FR;OUI;;Euronext;2026-08-04
FR0000131906;RENAULT;4RNO;Action;EuroTLX | Euronext Global Equity Market | Euronext Paris | Trading After Hours;EUR;FR;OUI;;Euronext;2026-08-04
FR0000133308;ORANGE;ORA;Action;Euronext Paris | EuroTLX | Euronext Global Equity Market | Trading After Hours;EUR;FR;OUI;;Euronext;2026-08-04
FR0000185423;DAMARTEX;ALDAR;Action;Euronext Growth Paris;EUR;FR;OUI;;Euronext;2026-08-04
FR0000185464;NOVATECH IND.;MLNOV;Action;Euronext Access Paris;EUR;FR;OUI;;Euronext;2026-08-04
FR0000185480;PHONE WEB;MLPHW;Action;Euronext Access Paris;EUR;FR;OUI;;Euronext;2026-08-04
FR0000185506;CRCAM ATL.VEND.CCI;CRAV;Action;Euronext Paris;EUR;FR;OUI;;Euronext;2026-08-04
FR0000185514;CRCAM NORD CCI;CNDF;Action;Euronext Paris;EUR;FR;OUI;;Euronext;2026-08-04
FR0004007813;KAUFMAN ET BROAD;KOF;Action;Euronext Paris;EUR;FR;OUI;;Euronext;2026-08-04
FR0004010338;GROUPE JAJ;GJAJ;Action;Euronext Paris;EUR;FR;OUI;;Euronext;2026-08-04
FR0004016699;SMTPC;ALTPC;Action;Euronext Growth Paris;EUR;FR;OUI;;Euronext;2026-08-04
FR0004023208;BASSAC;BASS;Action;Euronext Paris;EUR;FR;OUI;;Euronext;2026-08-04
FR0004024222;INTERPARFUMS;2ITP;Action;Trading After Hours | Euronext Paris;EUR;FR;OUI;;Euronext;2026-08-04
FR0004027068;LANSON-BCC;ALLAN;Action;Euronext Growth Paris;EUR;FR;OUI;;Euronext;2026-08-04
FR0004029411;KEYRUS;ALKEY;Action;Euronext Growth Paris;EUR;FR;OUI;;Euronext;2026-08-04
FR0004030708;ENCRES DUBUIT;ALDUB;Action;Euronext Growth Paris;EUR;FR;OUI;;Euronext;2026-08-04
FR0004031763;COHERIS;COH;Action;Euronext Paris;EUR;FR;OUI;;Euronext;2026-08-04
FR0004034072;XILAM ANIMATION;ALXIL;Action;Euronext Growth Paris;EUR;FR;OUI;;Euronext;2026-08-04
FR0004034320;MR BRICOLAGE;ALMRB;Action;Euronext Growth Paris;EUR;FR;OUI;;Euronext;2026-08-04
FR0004038263;PARROT;PARRO;Action;Euronext Paris;EUR;FR;OUI;;Euronext;2026-08-04
FR0004040608;ABC ARBITRAGE;ABCA;Action;Euronext Paris;EUR;FR;OUI;;Euronext;2026-08-04
FR0004044600;PRISMAFLEX INTL;ALPRI;Action;Euronext Growth Paris;EUR;FR;OUI;;Euronext;2026-08-04
FR0004045847;VOYAGEURS DU MONDE;ALVDM;Action;Euronext Growth Paris;EUR;FR;OUI;;Euronext;2026-08-04
FR0004050250;NEURONES;NRO;Action;Euronext Paris;EUR;FR;OUI;;Euronext;2026-08-04
FR0004052561;PROACTIS SA;PROAC;Action;Euronext Paris;EUR;FR;OUI;;Euronext;2026-08-04
FR0004053510;GENOWAY;ALGEN;Action;Euronext Growth Paris;EUR;FR;OUI;;Euronext;2026-08-04
FR0004056851;VALNEVA;4VLA;Action;EuroTLX | Euronext Paris | Trading After Hours;EUR;FR;OUI;;Euronext;2026-08-04
FR0004065605;MEDINCELL;MEDCL;Action;Euronext Paris;EUR;FR;OUI;;Euronext;2026-08-04
FR0004065639;NSE;ALNSE;Action;Euronext Growth Paris;EUR;FR;OUI;;Euronext;2026-08-04
FR0004070795;ARDOIN ST AMAND B;ARDO;Action;Euronext Access Paris;EUR;FR;OUI;;Euronext;2026-08-04
FR0004125920;AMUNDI;2AMUN;Action;Trading After Hours | EuroTLX | Euronext Paris;EUR;FR;OUI;;Euronext;2026-08-04
FR0004153930;ATON;ALTAO;Action;Euronext Growth Paris;EUR;FR;OUI;;Euronext;2026-08-04
FR0004154060;NETGEM;ALNTG;Action;Euronext Growth Paris;EUR;FR;OUI;;Euronext;2026-08-04
FR0004155000;GROUPE SFPI;SFPI;Action;Euronext Paris;EUR;FR;OUI;;Euronext;2026-08-04
FR0004155208;LOCASYSTEM INTL;MLLOI;Action;Euronext Access Paris;EUR;FR;OUI;;Euronext;2026-08-04
FR0004155687;MASTRAD;ALMAS;Action;Euronext Growth Paris;EUR;FR;OUI;;Euronext;2026-08-04
FR0004156297;LINEDATA SERVICES;LIN;Action;Euronext Paris;EUR;FR;OUI;;Euronext;2026-08-04
FR0004159473;HEXAOM;ALHEX;Action;Euronext Growth Paris;EUR;FR;OUI;;Euronext;2026-08-04
FR0004163111;GENFIT;GNFT;Action;Euronext Paris;EUR;FR;OUI;;Euronext;2026-08-04
FR0004165801;HOTELS DE PARIS;HDP;Action;Euronext Paris;EUR;FR;OUI;;Euronext;2026-08-04
FR0004170017;LNA SANTE;LNA;Action;Euronext Paris;EUR;FR;OUI;;Euronext;2026-08-04
FR0004171346;NEXTEDIA;ALNXT;Action;Euronext Growth Paris;EUR;FR;OUI;;Euronext;2026-08-04
FR0004172450;MINT;ALMIN;Action;Euronext Growth Paris;EUR;FR;OUI;;Euronext;2026-08-04
FR0004174233;BILENDI;ALBLD;Action;Euronext Growth Paris;EUR;FR;OUI;;Euronext;2026-08-04
FR0004174712;ONLINEFORMAPRO;MLONL;Action;Euronext Access Paris;EUR;FR;OUI;;Euronext;2026-08-04
FR0004175842;SELECTIRENTE;SELER;Action;Euronext Paris;EUR;FR;OUI;;Euronext;2026-08-04
FR0004180578;SWORD GROUP;SWP;Action;Euronext Paris;EUR;FR;OUI;;Euronext;2026-08-04
FR0004186856;VETOQUINOL;VETO;Action;Euronext Paris;EUR;FR;OUI;;Euronext;2026-08-04
FR0004187367;FREELANCE.COM;ALFRE;Action;Euronext Growth Paris;EUR;FR;OUI;;Euronext;2026-08-04
FR0004527638;EXEL INDUSTRIES;EXE;Action;Euronext Paris;EUR;FR;OUI;;Euronext;2026-08-04
FR0004998318;COURBET HERITAGE;MLCOU;Action;Euronext Access Paris;EUR;FR;OUI;;Euronext;2026-08-04
FR0005057635;ARDOIN ST AMAND A;MLARD;Action;Euronext Access Paris;EUR;FR;OUI;;Euronext;2026-08-04
FR0005175080;TRANSGENE;TNG;Action;Euronext Paris;EUR;FR;OUI;;Euronext;2026-08-04
FR0005691656;TRIGANO;TRI;Action;Euronext Paris | Trading After Hours;EUR;FR;OUI;;Euronext;2026-08-04
FR0005843125;HYDRO-EXPLOIT.;MLHYE;Action;Euronext Access Paris;EUR;FR;OUI;;Euronext;2026-08-04
FR0005854700;I2S;ALI2S;Action;Euronext Growth Paris;EUR;FR;OUI;;Euronext;2026-08-04
FR0006174348;BUREAU VERITAS;BVI;Action;Euronext Paris | Trading After Hours;EUR;FR;OUI;;Euronext;2026-08-04
FR0006205019;LOMBARD ET MEDOT;MLCAC;Action;Euronext Access Paris;EUR;FR;OUI;;Euronext;2026-08-04
FR0006239109;SCBSM;CBSM;Action;Euronext Paris;EUR;FR;OUI;;Euronext;2026-08-04
FR0006563904;HOTL.IMMOB.NICE;MLHIN;Action;Euronext Access Paris;EUR;FR;OUI;;Euronext;2026-08-04
FR0006859039;IMM.PARIS.PERLE;MLIPP;Action;Euronext Access Paris;EUR;FR;OUI;;Euronext;2026-08-04
FR0006864484;LAURENT-PERRIER;LPE;Action;Euronext Paris;EUR;FR;OUI;;Euronext;2026-08-04
FR0007080254;LES HOTELS BAVEREZ;ALLHB;Action;Euronext Growth Paris;EUR;FR;OUI;;Euronext;2026-08-04
FR0007200100;EAUX DE ROYAN;MLEDR;Action;Euronext Access Paris;EUR;FR;OUI;;Euronext;2026-08-04
FR0010035816;COREP LIGHTING;MLCOR;Action;Euronext Access Paris;EUR;FR;OUI;;Euronext;2026-08-04
FR0010040865;GECINA;GFC;Action;Euronext Paris | Trading After Hours;EUR;FR;OUI;;Euronext;2026-08-04
FR0010086371;IMALLIANCE;MLIML;Action;Euronext Access Paris;EUR;FR;OUI;;Euronext;2026-08-04
FR0010095596;VALERIO TX;ALVIO;Action;Euronext Growth Paris;EUR;FR;OUI;;Euronext;2026-08-04
FR0010106039;BODY ONE;MLONE;Action;Euronext Access Paris;EUR;FR;OUI;;Euronext;2026-08-04
FR0010112524;NEXITY;2NXI;Action;Trading After Hours | Euronext Paris;EUR;FR;OUI;;Euronext;2026-08-04
FR0010120402;THERACLION;ALTHE;Action;Euronext Growth Paris;EUR;FR;OUI;;Euronext;2026-08-04
FR0010131409;WALLIX;ALLIX;Action;Euronext Growth Paris;EUR;FR;OUI;;Euronext;2026-08-04
FR0010151589;CAFOM;ALCAF;Action;Euronext Growth Paris;EUR;FR;OUI;;Euronext;2026-08-04
FR0010157115;EUROLAND CORPORATE;ALERO;Action;Euronext Growth Paris;EUR;FR;OUI;;Euronext;2026-08-04
FR0010169920;PREDILIFE;ALPRE;Action;Euronext Growth Paris;EUR;FR;OUI;;Euronext;2026-08-04
FR0010193052;CATANA GROUP;ALCAT;Action;Euronext Growth Paris;EUR;FR;OUI;;Euronext;2026-08-04
FR0010193979;CBO TERRITORIA;CBOT;Action;Euronext Paris;EUR;FR;OUI;;Euronext;2026-08-04
FR0010202606;SIDETRADE;ALBFR;Action;Euronext Growth Paris;EUR;FR;OUI;;Euronext;2026-08-04
FR0010204453;MG INTERNATIONAL;ALMGI;Action;Euronext Growth Paris;EUR;FR;OUI;;Euronext;2026-08-04
FR0010208488;ENGIE;2ENGI;Action;Trading After Hours | EuroTLX | Euronext Paris, Brussels | Euronext Global Equity Market;EUR;FR;OUI;;Euronext;2026-08-04
FR0010209809;SOC FRANC CASINOS;SFCA;Action;Euronext Paris;EUR;FR;OUI;;Euronext;2026-08-04
FR0010214064;GPE GROUP PIZZORNO;GPE;Action;Euronext Paris;EUR;FR;OUI;;Euronext;2026-08-04
FR0010220475;ALSTOM;4ALO;Action;EuroTLX | Euronext Paris | Trading After Hours;EUR;FR;OUI;;Euronext;2026-08-04
FR0010221234;EUTELSAT COMMUNIC.;ETL;Action;Euronext Paris | Trading After Hours;EUR;FR;OUI;;Euronext;2026-08-04
FR0010241638;MERCIALYS;MERY;Action;Euronext Paris | Trading After Hours;EUR;FR;OUI;;Euronext;2026-08-04
FR0010259150;IPSEN;2IPN;Action;Trading After Hours | Euronext Paris;EUR;FR;OUI;;Euronext;2026-08-04
FR0010263202;PAREF;PAR;Action;Euronext Paris;EUR;FR;OUI;;Euronext;2026-08-04
FR0010282822;Vusion;2SESL;Action;Trading After Hours | Euronext Paris;EUR;FR;OUI;;Euronext;2026-08-04
FR0010291245;VERIMATRIX;VMX;Action;Euronext Paris;EUR;FR;OUI;;Euronext;2026-08-04
FR0010298620;MEMSCAP REGPT;MEMS;Action;Euronext Paris;EUR;FR;OUI;;Euronext;2026-08-04
FR0010307819;LEGRAND;2LR;Action;Trading After Hours | Euronext Paris;EUR;FR;OUI;;Euronext;2026-08-04
FR0010309096;VITURA;VTR;Action;Euronext Paris;EUR;FR;OUI;;Euronext;2026-08-04
FR0010312181;HOPENING;MLHPE;Action;Euronext Access Paris;EUR;FR;OUI;;Euronext;2026-08-04
FR0010313833;ARKEMA;4AKE;Action;EuroTLX | Euronext Paris | Trading After Hours;EUR;FR;OUI;;Euronext;2026-08-04
FR0010326090;VIALIFE;ALVIA;Action;Euronext Growth Paris;EUR;FR;OUI;;Euronext;2026-08-04
FR0010331421;INNATE PHARMA;4IPH;Action;EuroTLX | Euronext Paris;EUR;FR;OUI;;Euronext;2026-08-04
FR0010337865;UPERGY;ALUPG;Action;Euronext Growth Paris;EUR;FR;OUI;;Euronext;2026-08-04
FR0010340141;ADP;2ADPP;Action;Trading After Hours | Euronext Paris;EUR;FR;OUI;;Euronext;2026-08-04
FR0010340711;AQUILA;ALAQU;Action;Euronext Growth Paris;EUR;FR;OUI;;Euronext;2026-08-04
FR0010341032;FONCIERE INEA;INEA;Action;Euronext Paris;EUR;FR;OUI;;Euronext;2026-08-04
FR0010353888;MGI DIGITAL GRAPHI;ALMDG;Action;Euronext Growth Paris;EUR;FR;OUI;;Euronext;2026-08-04
FR0010380626;PROLOGUE;ALPRG;Action;Euronext Growth Paris;EUR;FR;OUI;;Euronext;2026-08-04
FR0010386334;CLARIANE;2CLARI;Action;Trading After Hours | Euronext Paris;EUR;FR;OUI;;Euronext;2026-08-04
FR0010396309;HITECHPROS;ALHIT;Action;Euronext Growth Paris;EUR;FR;OUI;;Euronext;2026-08-04
FR0010397232;NOVACYT;ALNOV;Action;Euronext Growth Paris;EUR;FR;OUI;;Euronext;2026-08-04
FR0010397901;TRILOGIQ;ALTRI;Action;Euronext Growth Paris;EUR;FR;OUI;;Euronext;2026-08-04
FR0010404368;D.L.S.I.;ALDLS;Action;Euronext Growth Paris;EUR;FR;OUI;;Euronext;2026-08-04
FR0010411983;SCOR;4SCR;Action;EuroTLX | Euronext Paris | Trading After Hours;EUR;FR;OUI;;Euronext;2026-08-04
FR0010417345;DBV TECHNOLOGIES;DBV;Action;Euronext Paris;EUR;FR;OUI;;Euronext;2026-08-04
FR0010424697;ETHERO;ALENT;Action;Euronext Growth Paris;EUR;FR;OUI;;Euronext;2026-08-04
FR0010425595;CELLECTIS;ALCLS;Action;Euronext Growth Paris;EUR;FR;OUI;;Euronext;2026-08-04
FR0010428771;EAGLEFOOTBALLGROUP;EFG;Action;Euronext Paris;EUR;FR;OUI;;Euronext;2026-08-04
FR0010436584;DNXCORP;ALDNX;Action;Euronext Growth Paris;EUR;FR;OUI;;Euronext;2026-08-04
FR0010447086;CHEOPS TECHNOLOGY;MLCHE;Action;Euronext Access Paris;EUR;FR;OUI;;Euronext;2026-08-04
FR0010451203;REXEL;2RXL;Action;Trading After Hours | Euronext Paris;EUR;FR;OUI;;Euronext;2026-08-04
FR0010461053;CRCAM LANGUED CCI;CRLA;Action;Euronext Paris;EUR;FR;OUI;;Euronext;2026-08-04
FR0010465534;EO2;ALEO2;Action;Euronext Growth Paris;EUR;FR;OUI;;Euronext;2026-08-04
FR0010481960;ARGAN;ARG;Action;Euronext Paris;EUR;FR;OUI;;Euronext;2026-08-04
FR0010483768;CRCAM BRIE PIC2CCI;CRBP2;Action;Euronext Paris;EUR;FR;OUI;;Euronext;2026-08-04
FR0010485268;FOUNTAINE PAJOT;ALFPC;Action;Euronext Growth Paris;EUR;FR;OUI;;Euronext;2026-08-04
FR0010487272;FINAXO;MLFXO;Action;Euronext Access Paris;EUR;FR;OUI;;Euronext;2026-08-04
FR0010490920;EUROPACORP;ALECP;Action;Euronext Growth Paris;EUR;FR;OUI;;Euronext;2026-08-04
FR0010500363;MIGUET ET ASSOCIES;MLNMA;Action;Euronext Access Paris;EUR;FR;OUI;;Euronext;2026-08-04
FR0010523167;ROCTOOL;ALROC;Action;Euronext Growth Paris;EUR;FR;OUI;;Euronext;2026-08-04
FR0010528059;STREAMWIDE;ALSTW;Action;Euronext Growth Paris;EUR;FR;OUI;;Euronext;2026-08-04
FR0010533075;GETLINK SE;2GET;Action;Trading After Hours | Euronext Paris;EUR;FR;OUI;;Euronext;2026-08-04
FR0010536185;EAVS;MLEAV;Action;Euronext Access Paris;EUR;FR;OUI;;Euronext;2026-08-04
FR0010557264;AB SCIENCE;AB;Action;Euronext Paris;EUR;FR;OUI;;Euronext;2026-08-04
FR0010588079;FREY;FREY;Action;Euronext Paris;EUR;FR;OUI;;Euronext;2026-08-04
FR0010609206;OREGE;OREGE;Action;Euronext Paris;EUR;FR;OUI;;Euronext;2026-08-04
FR0010609263;MAUNA KEA TECH;ALMKT;Action;Euronext Growth Paris;EUR;FR;OUI;;Euronext;2026-08-04
FR0010641449;AGROGENERATION;ALAGR;Action;Euronext Growth Paris;EUR;FR;OUI;;Euronext;2026-08-04
FR0010649228;SMALTO BSA;SMLBS;Action;Euronext Access Paris;EUR;FR;OUI;;Euronext;2026-08-04
FR0010654087;TXCOM;ALTXC;Action;Euronext Growth Paris;EUR;FR;OUI;;Euronext;2026-08-04
FR0010667147;COFACE;2COFA;Action;Trading After Hours | Euronext Paris;EUR;FR;OUI;;Euronext;2026-08-04
FR0010688465;WEACCESS GROUP;MLWEA;Action;Euronext Access Paris;EUR;FR;OUI;;Euronext;2026-08-04
FR0010722819;KALRAY;ALKAL;Action;Euronext Growth Paris;EUR;FR;OUI;;Euronext;2026-08-04
FR0010766667;VENTE UNIQUE.COM;ALVU;Action;Euronext Growth Paris;EUR;FR;OUI;;Euronext;2026-08-04
FR0010768770;WEYA;MLWEY;Action;Euronext Access Paris;EUR;FR;OUI;;Euronext;2026-08-04
FR0010776617;SAPMER;ALMER;Action;Euronext Growth Paris;EUR;FR;OUI;;Euronext;2026-08-04
FR0010785790;PLANT ADVANCED;ALPAT;Action;Euronext Growth Paris;EUR;FR;OUI;;Euronext;2026-08-04
FR0010820274;UNIFY GROUP;ALUNI;Action;Euronext Growth Paris;EUR;FR;OUI;;Euronext;2026-08-04
FR0010823724;FRANCE TOURISME;MLFTI;Action;Euronext Access Paris;EUR;FR;OUI;;Euronext;2026-08-04
FR0010827741;MAGILLEM;MLMGL;Action;Euronext Access Paris;EUR;FR;OUI;;Euronext;2026-08-04
FR0010828137;CARMILA;CARM;Action;Euronext Paris | Trading After Hours;EUR;FR;OUI;;Euronext;2026-08-04
FR0010844001;EURASIA GROUPE;ALEUA;Action;Euronext Growth Paris;EUR;FR;OUI;;Euronext;2026-08-04
FR0010882886;EDUFORM ACTION;ALEFA;Action;Euronext Growth Paris;EUR;FR;OUI;;Euronext;2026-08-04
FR0010889386;QWAMPLIFY;ALQWA;Action;Euronext Growth Paris;EUR;FR;OUI;;Euronext;2026-08-04
FR0010908533;EDENRED;2EDEN;Action;Trading After Hours | Euronext Paris;EUR;FR;OUI;;Euronext;2026-08-04
FR0010908723;INTEGRAGEN;ALINT;Action;Euronext Growth Paris;EUR;FR;OUI;;Euronext;2026-08-04
FR0010929125;ID LOGISTICS GROUP;IDL;Action;Euronext Paris;EUR;FR;OUI;;Euronext;2026-08-04
FR0010959684;COLIPAYS;MLCLP;Action;Euronext Access Paris;EUR;FR;OUI;;Euronext;2026-08-04
FR0010972091;SCEMI;MLCMI;Action;Euronext Access Paris;EUR;FR;OUI;;Euronext;2026-08-04
FR0010979377;ACTIVIUM GROUP;MLACT;Action;Euronext Access Paris;EUR;FR;OUI;;Euronext;2026-08-04
FR0011005933;BIOSYNEX;ALBIO;Action;Euronext Growth Paris;EUR;FR;OUI;;Euronext;2026-08-04
FR0011027135;PATRIMOINE ET COMM;PAT;Action;Euronext Paris;EUR;FR;OUI;;Euronext;2026-08-04
FR0011033083;MOULINVEST;ALMOU;Action;Euronext Growth Paris;EUR;FR;OUI;;Euronext;2026-08-04
FR0011038348;KLARSEN;ALKLA;Action;Euronext Growth Paris;EUR;FR;OUI;;Euronext;2026-08-04
FR0011040500;74SOFTWARE;74SW;Action;Euronext Paris;EUR;FR;OUI;;Euronext;2026-08-04
FR0011041011;BLUELINEA;ALBLU;Action;Euronext Growth Paris;EUR;FR;OUI;;Euronext;2026-08-04
FR0011049824;MEDIANTECHNOLOGIES;ALMDT;Action;Euronext Growth Paris;EUR;FR;OUI;;Euronext;2026-08-04
FR0011051598;AMOEBA;ALMIB;Action;Euronext Growth Paris;EUR;FR;OUI;;Euronext;2026-08-04
FR0011053636;CAPITAL B;ALCPB;Action;Euronext Growth Paris;EUR;FR;OUI;;Euronext;2026-08-04
FR0011071570;COGRA;ALCOG;Action;Euronext Growth Paris;EUR;FR;OUI;;Euronext;2026-08-04
FR0011076595;TELEVISTA;MLVST;Action;Euronext Access Paris;EUR;FR;OUI;;Euronext;2026-08-04
FR0011092089;MAISON CLIO BLUE;MLCLI;Action;Euronext Access Paris;EUR;FR;OUI;;Euronext;2026-08-04
FR0011100759;GALEO;MLGAL;Action;Euronext Access Paris;EUR;FR;OUI;;Euronext;2026-08-04
FR0011131788;SMALTO;MLSML;Action;Euronext Access Paris;EUR;FR;OUI;;Euronext;2026-08-04
FR0011158823;INFOCLIP;MLIFC;Action;Euronext Access Paris;EUR;FR;OUI;;Euronext;2026-08-04
FR0011179886;INTRASENSE;ALINS;Action;Euronext Growth Paris;EUR;FR;OUI;;Euronext;2026-08-04
FR0011184241;ADOCIA;ADOC;Action;Euronext Paris;EUR;FR;OUI;;Euronext;2026-08-04
FR0011208693;GOLD BY GOLD;ALGLD;Action;Euronext Growth Paris;EUR;FR;OUI;;Euronext;2026-08-04
FR0011217710;METHANOR;ALMET;Action;Euronext Growth Paris;EUR;FR;OUI;;Euronext;2026-08-04
FR0011271600;FERMENTALG;ALGAE;Action;Euronext Growth Paris;EUR;FR;OUI;;Euronext;2026-08-04
FR0011341205;NANOBIOTIX;NANO;Action;Euronext Paris;EUR;FR;OUI;;Euronext;2026-08-04
FR0011365907;BOA CONCEPT;ALBOA;Action;Euronext Growth Paris;EUR;FR;OUI;;Euronext;2026-08-04
FR0011464452;SPINEGUARD;ALSGD;Action;Euronext Growth Paris;EUR;FR;OUI;;Euronext;2026-08-04
FR0011466069;EKINOPS;EKI;Action;Euronext Paris;EUR;FR;OUI;;Euronext;2026-08-04
FR0011476928;FNAC DARTY;2FNAC;Action;Trading After Hours | Euronext Paris;EUR;FR;OUI;;Euronext;2026-08-04
FR0011490648;ECOSLOPS;ALESA;Action;Euronext Growth Paris;EUR;FR;OUI;;Euronext;2026-08-04
FR0011532225;VOGO;ALVGO;Action;Euronext Growth Paris;EUR;FR;OUI;;Euronext;2026-08-04
FR0011605617;FONCIERE VINDI;MLVIN;Action;Euronext Access Paris;EUR;FR;OUI;;Euronext;2026-08-04
FR0011636083;NEOLIFE;ALNLF;Action;Euronext Growth Paris;EUR;FR;OUI;;Euronext;2026-08-04
FR0011648716;CARBIOS;ALCRB;Action;Euronext Growth Paris;EUR;FR;OUI;;Euronext;2026-08-04
FR0011648971;QUANTUM GENOMICS;ALQGC;Action;Euronext Growth Paris;EUR;FR;OUI;;Euronext;2026-08-04
FR0011665280;FIGEAC AERO;FGA;Action;Euronext Paris;EUR;FR;OUI;;Euronext;2026-08-04
FR0011716265;CROSSJECT;ALCJ;Action;Euronext Growth Paris;EUR;FR;OUI;;Euronext;2026-08-04
FR0011726835;GTT;2GTT;Action;Trading After Hours | Euronext Paris;EUR;FR;OUI;;Euronext;2026-08-04
FR0011776889;UMALIS GROUP;MLUMG;Action;Euronext Access Paris;EUR;FR;OUI;;Euronext;2026-08-04
FR0011844067;PLANT ADVANCED BS;PATBS;Action;Euronext Growth Paris;EUR;FR;OUI;;Euronext;2026-08-04
FR0011858190;REALITES;ALREA;Action;Euronext Growth Paris;EUR;FR;OUI;;Euronext;2026-08-04
FR0011898584;UV GERMI;ALUVI;Action;Euronext Growth Paris;EUR;FR;OUI;;Euronext;2026-08-04
FR0011908045;AG3I;MLAGI;Action;Euronext Access Paris;EUR;FR;OUI;;Euronext;2026-08-04
FR0011950682;SERGEFERRARI GROUP;ALFER;Action;Euronext Growth Paris;EUR;FR;OUI;;Euronext;2026-08-04
FR0011950732;ELIOR GROUP;ELIOR;Action;Euronext Paris | Trading After Hours;EUR;FR;OUI;;Euronext;2026-08-04
FR0011992700;ATEME;ATEME;Action;Euronext Paris;EUR;FR;OUI;;Euronext;2026-08-04
FR0011995588;VOLTALIA;2VLTSA;Action;Trading After Hours | Euronext Paris;EUR;FR;OUI;;Euronext;2026-08-04
FR0012127173;OSE IMMUNO;OSE;Action;Euronext Paris;EUR;FR;OUI;;Euronext;2026-08-04
FR0012185536;ARTEA;ARTE;Action;Euronext Paris;EUR;FR;OUI;;Euronext;2026-08-04
FR0012202497;DIAGNOSTIC MEDICAL;ALDMS;Action;Euronext Growth Paris;EUR;FR;OUI;;Euronext;2026-08-04
FR0012300424;FD;MLFDV;Action;Euronext Access Paris;EUR;FR;OUI;;Euronext;2026-08-04
FR0012333284;ABIVAX;ABVX;Action;Euronext Paris;EUR;FR;OUI;;Euronext;2026-08-04
FR0012336691;HOME CONCEPT;MLHCF;Action;Euronext Access Paris;EUR;FR;OUI;;Euronext;2026-08-04
FR0012419307;PULLUP ENTERTAIN;ALPUL;Action;Euronext Growth Paris;EUR;FR;OUI;;Euronext;2026-08-04
FR0012432516;POXEL;POXEL;Action;Euronext Paris;EUR;FR;OUI;;Euronext;2026-08-04
FR0012435121;ELIS;ELIS;Action;Euronext Paris | Trading After Hours;EUR;FR;OUI;;Euronext;2026-08-04
FR0012532810;WAGA ENERGY;WAGA;Action;Euronext Paris;EUR;FR;OUI;;Euronext;2026-08-04
FR0012596468;SENSORION;ALSEN;Action;Euronext Growth Paris;EUR;FR;OUI;;Euronext;2026-08-04
FR0012612646;GROUPE PARTOUCHE;PARP;Action;Euronext Paris;EUR;FR;OUI;;Euronext;2026-08-04
FR0012613610;PRODWAYS GROUP;ALPWG;Action;Euronext Growth Paris;EUR;FR;OUI;;Euronext;2026-08-04
FR0012616852;ABIONYX PHARMA;ABNX;Action;Euronext Paris;EUR;FR;OUI;;Euronext;2026-08-04
FR0012634822;MAAT PHARMA;MAAT;Action;Euronext Paris;EUR;FR;OUI;;Euronext;2026-08-04
FR0012709160;UNITI;ALUNT;Action;Euronext Growth Paris;EUR;FR;OUI;;Euronext;2026-08-04
FR0012757854;SPIE;SPIE;Action;Euronext Paris | Trading After Hours;EUR;FR;OUI;;Euronext;2026-08-04
FR0012819381;GROUPE GUILLIN;ALGIL;Action;Euronext Growth Paris;EUR;FR;OUI;;Euronext;2026-08-04
FR0012821890;ADUX;ALDUX;Action;Euronext Growth Paris;EUR;FR;OUI;;Euronext;2026-08-04
FR0012821916;HIPAY GROUP;ALHYP;Action;Euronext Growth Paris;EUR;FR;OUI;;Euronext;2026-08-04
FR0012872141;JACQUES BOGART;JBOG;Action;Euronext Paris;EUR;FR;OUI;;Euronext;2026-08-04
FR0012882389;EQUASENS;EQS;Action;Euronext Paris;EUR;FR;OUI;;Euronext;2026-08-04
FR0012968485;ASHLER ET MANSON;MLAEM;Action;Euronext Access Paris;EUR;FR;OUI;;Euronext;2026-08-04
FR0013006558;SHOWROOMPRIVE;SRP;Action;Euronext Paris;EUR;FR;OUI;;Euronext;2026-08-04
FR0013018124;NICOX;ALCOX;Action;Euronext Growth Paris;EUR;FR;OUI;;Euronext;2026-08-04
FR0013030152;FRANCAISE ENERGIE;FDE;Action;Euronext Paris;EUR;FR;OUI;;Euronext;2026-08-04
FR0013053535;MILIBOO;ALMLB;Action;Euronext Growth Paris;EUR;FR;OUI;;Euronext;2026-08-04
FR0013060100;IMMERSION;ALIMR;Action;Euronext Growth Paris;EUR;FR;OUI;;Euronext;2026-08-04
FR0013079092;WE.CONNECT;ALWEC;Action;Euronext Growth Paris;EUR;FR;OUI;;Euronext;2026-08-04
FR0013143872;WITBE;ALWIT;Action;Euronext Growth Paris;EUR;FR;OUI;;Euronext;2026-08-04
FR0013153541;MAISONS DU MONDE;MDM;Action;Euronext Paris;EUR;FR;OUI;;Euronext;2026-08-04
FR0013154002;SARTORIUS STED BIO;DIM;Action;Euronext Paris | Trading After Hours | EuroTLX;EUR;FR;OUI;;Euronext;2026-08-04
FR0013155975;SAVONNERIE NYONS;MLSDN;Action;Euronext Access Paris;EUR;FR;OUI;;Euronext;2026-08-04
FR0013156007;KERLINK;ALKLK;Action;Euronext Growth Paris;EUR;FR;OUI;;Euronext;2026-08-04
FR0013176526;VALEO;2FR;Action;Trading After Hours | EuroTLX | Euronext Paris;EUR;FR;OUI;;Euronext;2026-08-04
FR0013183985;GENSIGHT BIOLOGICS;SIGHT;Action;Euronext Paris;EUR;FR;OUI;;Euronext;2026-08-04
FR0013185857;ABEO;ABEO;Action;Euronext Paris;EUR;FR;OUI;;Euronext;2026-08-04
FR0013214145;SMCP;SMCP;Action;Euronext Paris;EUR;FR;OUI;;Euronext;2026-08-04
FR0013227113;SOITEC;2SOI;Action;Trading After Hours | Euronext Paris;EUR;FR;OUI;;Euronext;2026-08-04
FR0013230067;FNPTECHNOLOGIESSA;MLFNP;Action;Euronext Access Paris;EUR;FR;OUI;;Euronext;2026-08-04
FR0013230612;TIKEHAU CAPITAL;TKO;Action;Euronext Paris;EUR;FR;OUI;;Euronext;2026-08-04
FR0013230950;LIGHTON;ALTAI;Action;Euronext Growth Paris;EUR;FR;OUI;;Euronext;2026-08-04
FR0013233012;INVENTIVA;IVA;Action;Euronext Paris;EUR;FR;OUI;;Euronext;2026-08-04
FR0013240934;EUROBIO-SCIENTIFIC;ALERS;Action;Euronext Growth Paris;EUR;FR;OUI;;Euronext;2026-08-04
FR0013252186;PLAST. VAL LOIRE;ALPVL;Action;Euronext Growth Paris;EUR;FR;OUI;;Euronext;2026-08-04
FR0013253812;ALVEEN;MLALV;Action;Euronext Access Paris;EUR;FR;OUI;;Euronext;2026-08-04
FR0013254851;VALBIOTIS;ALVAL;Action;Euronext Growth Paris;EUR;FR;OUI;;Euronext;2026-08-04
FR0013256518;EUROFINS CEREP;ALECR;Action;Euronext Growth Paris;EUR;FR;OUI;;Euronext;2026-08-04
FR0013257409;COFIDUR;ALCOF;Action;Euronext Growth Paris;EUR;FR;OUI;;Euronext;2026-08-04
FR0013258662;AYVENS;AYV;Action;Euronext Paris | Trading After Hours;EUR;FR;OUI;;Euronext;2026-08-04
FR0013266772;ONE EXPERIENCE;ALEXP;Action;Euronext Growth Paris;EUR;FR;OUI;;Euronext;2026-08-04
FR0013269123;RUBIS;2RUI;Action;Trading After Hours | Euronext Paris;EUR;FR;OUI;;Euronext;2026-08-04
FR0013280286;BIOMERIEUX;2BIM;Action;Trading After Hours | Euronext Paris;EUR;FR;OUI;;Euronext;2026-08-04
FR0013283108;DELTA PLUS GROUP;ALDLT;Action;Euronext Growth Paris;EUR;FR;OUI;;Euronext;2026-08-04
FR0013284627;ADEUNIS;ALARF;Action;Euronext Growth Paris;EUR;FR;OUI;;Euronext;2026-08-04
FR0013286259;THX PHARMA;ALTHX;Action;Euronext Growth Paris;EUR;FR;OUI;;Euronext;2026-08-04
FR0013295789;TFF GROUP;TFF;Action;Euronext Paris;EUR;FR;OUI;;Euronext;2026-08-04
FR0013296746;ADVICENNE;ALDVI;Action;Euronext Growth Paris;EUR;FR;OUI;;Euronext;2026-08-04
FR0013308582;LARGO;ALLGO;Action;Euronext Growth Paris;EUR;FR;OUI;;Euronext;2026-08-04
FR0013310281;OCTOPUS BIOSAFETY;MLOCT;Action;Euronext Access Paris;EUR;FR;OUI;;Euronext;2026-08-04
FR0013318052;ORDISSIMO;ALORD;Action;Euronext Growth Paris;EUR;FR;OUI;;Euronext;2026-08-04
FR0013326246;UNIBAIL-RODAMCO-WE;URW;Action;Euronext Paris | Trading After Hours | EuroTLX;EUR;FR;OUI;;Euronext;2026-08-04
FR0013330792;ENENSYS;ALNN6;Action;Euronext Growth Paris;EUR;FR;OUI;;Euronext;2026-08-04
FR0013331212;DONTNOD;ALDNE;Action;Euronext Growth Paris;EUR;FR;OUI;;Euronext;2026-08-04
FR0013333077;CARVOLIX;CVX;Action;Euronext Paris;EUR;FR;OUI;;Euronext;2026-08-04
FR0013333432;THERMADOR GROUPE;THEP;Action;Euronext Paris;EUR;FR;OUI;;Euronext;2026-08-04
FR0013340973;BLUE SHARK POWER;MLBSP;Action;Euronext Access Paris;EUR;FR;OUI;;Euronext;2026-08-04
FR0013341781;2CRSI;AL2SI;Action;Euronext Growth Paris;EUR;FR;OUI;;Euronext;2026-08-04
FR0013344173;ROCHE BOBOIS;RBO;Action;Euronext Paris;EUR;FR;OUI;;Euronext;2026-08-04
FR0013345493;BIO-UV GROUP;ALTUV;Action;Euronext Growth Paris;EUR;FR;OUI;;Euronext;2026-08-04
FR0013356755;EMOVA GROUP;ALEMV;Action;Euronext Growth Paris;EUR;FR;OUI;;Euronext;2026-08-04
FR0013357621;WAVESTONE;WAVE;Action;Euronext Paris;EUR;FR;OUI;;Euronext;2026-08-04
FR0013371507;PYRATZ CORP.;MLPTZ;Action;Euronext Access Paris;EUR;FR;OUI;;Euronext;2026-08-04
FR0013374667;KKO INTERNATIONAL;ALKKO;Action;Euronext Growth Paris;EUR;FR;OUI;;Euronext;2026-08-04
FR0013379484;SOLUTIONS 30 SE;2S30;Action;Trading After Hours | Euronext Paris;EUR;FR;OUI;;Euronext;2026-08-04
FR0013384369;BAIKOWSKI;ALBKK;Action;Euronext Growth Paris;EUR;FR;OUI;;Euronext;2026-08-04
FR0013398997;ARCURE;ALCUR;Action;Euronext Growth Paris;EUR;FR;OUI;;Euronext;2026-08-04
FR0013399359;ENERGISME;ALNRG;Action;Euronext Growth Paris;EUR;FR;OUI;;Euronext;2026-08-04
FR0013400835;MARE NOSTRUM;ALMAR;Action;Euronext Growth Paris;EUR;FR;OUI;;Euronext;2026-08-04
FR0013406881;CMG CLEANTECH;MLCMG;Action;Euronext Access Paris;EUR;FR;OUI;;Euronext;2026-08-04
FR0013419876;KUMULUS VAPE;ALVAP;Action;Euronext Growth Paris;EUR;FR;OUI;;Euronext;2026-08-04
FR0013426004;CLARANOVA;ALCLA;Action;Euronext Growth Paris;EUR;FR;OUI;;Euronext;2026-08-04
FR0013429404;GROUPE TERA;ALGTR;Action;Euronext Growth Paris;EUR;FR;OUI;;Euronext;2026-08-04
FR0013439627;GROUPE OKWIND;ALOKW;Action;Euronext Growth Paris;EUR;FR;OUI;;Euronext;2026-08-04
FR0013447729;VERALLIA;2VRLA;Action;Trading After Hours | Euronext Paris;EUR;FR;OUI;;Euronext;2026-08-04
FR0013451044;HOFFMANN;ALHGR;Action;Euronext Growth Paris;EUR;FR;OUI;;Euronext;2026-08-04
FR0013451333;FDJ UNITED;FDJU;Action;Euronext Paris | Trading After Hours;EUR;FR;OUI;;Euronext;2026-08-04
FR0013452281;AGRIPOWER;ALAGP;Action;Euronext Growth Paris;EUR;FR;OUI;;Euronext;2026-08-04
FR0013455482;ATLAND;ATLD;Action;Euronext Paris;EUR;FR;OUI;;Euronext;2026-08-04
FR0013462231;MUNIC;ALMUN;Action;Euronext Growth Paris;EUR;FR;OUI;;Euronext;2026-08-04
FR0013470168;IMPLANET;ALIMP;Action;Euronext Growth Paris;EUR;FR;OUI;;Euronext;2026-08-04
FR0013472446;MASTRAD BS29;MASBS;Action;Euronext Growth Paris;EUR;FR;OUI;;Euronext;2026-08-04
FR0013479730;PAULIC MEUNERIE;ALPAU;Action;Euronext Growth Paris;EUR;FR;OUI;;Euronext;2026-08-04
FR0013481835;KLEA HOLDING;ALKLH;Action;Euronext Growth Paris;EUR;FR;OUI;;Euronext;2026-08-04
FR0013482791;NACON;NACON;Action;Euronext Paris;EUR;FR;OUI;;Euronext;2026-08-04
FR0013505062;VANTIVA;VANTI;Action;Euronext Paris;EUR;FR;OUI;;Euronext;2026-08-04
FR0013506730;VALLOUREC;2VK;Action;Trading After Hours | Euronext Paris;EUR;FR;OUI;;Euronext;2026-08-04
FR0013507985;CALIBRE BSA K2A;IBRKA;Action;Euronext Growth Paris;EUR;FR;OUI;;Euronext;2026-08-04
FR0013508009;CALIBRE BSA K2B;IBRKB;Action;Euronext Growth Paris;EUR;FR;OUI;;Euronext;2026-08-04
FR0013534617;ECOMIAM;ALECO;Action;Euronext Growth Paris;EUR;FR;OUI;;Euronext;2026-08-04
FR00140007I9;CONSTRUCTEURS BOIS;MLLCB;Action;Euronext Access Paris;EUR;FR;OUI;;Euronext;2026-08-04
FR0014000MR3;EUROFINS SCIENT;4ERF;Action;EuroTLX | Euronext Paris | Trading After Hours;EUR;FR;OUI;;Euronext;2026-08-04
FR0014000P11;WINFARM;ALWF;Action;Euronext Growth Paris;EUR;FR;OUI;;Euronext;2026-08-04
FR0014000RP6;GROUPIMO;ALIMO;Action;Euronext Growth Paris;EUR;FR;OUI;;Euronext;2026-08-04
FR0014001PM5;HYDROGEN REFUELING;ALHRS;Action;Euronext Growth Paris;EUR;FR;OUI;;Euronext;2026-08-04
FR0014001PV6;NR21;NR21;Action;Euronext Paris;EUR;FR;OUI;;Euronext;2026-08-04
FR0014003711;OBIZ;ALBIZ;Action;Euronext Growth Paris;EUR;FR;OUI;;Euronext;2026-08-04
FR0014003AC4;ARVERNE WARRANT;ARVBS;Action;Euronext Paris;EUR;FR;OUI;;Euronext;2026-08-04
FR0014003AQ4;EXPLOSIFS PROD.CHI;EXPL;Action;Euronext Paris;EUR;FR;OUI;;Euronext;2026-08-04
FR0014003FN0;INTEGRITAS VIAGER;MLVIE;Action;Euronext Access Paris;EUR;FR;OUI;;Euronext;2026-08-04
FR0014003J32;NAMR;ALNMR;Action;Euronext Growth Paris;EUR;FR;OUI;;Euronext;2026-08-04
FR0014003T71;OMER-DECUGIS & CIE;ALODC;Action;Euronext Growth Paris;EUR;FR;OUI;;Euronext;2026-08-04
FR0014003TT8;DASSAULT SYSTEMES;DSY;Action;Euronext Paris | EuroTLX | Trading After Hours;EUR;FR;OUI;;Euronext;2026-08-04
FR0014003U94;ARAMIS GROUP;ARAMI;Action;Euronext Paris;EUR;FR;OUI;;Euronext;2026-08-04
FR0014003V77;AIRWELL;ALAIR;Action;Euronext Growth Paris;EUR;FR;OUI;;Euronext;2026-08-04
FR0014003VY4;HDF;HDF;Action;Euronext Paris;EUR;FR;OUI;;Euronext;2026-08-04
FR0014003XT0;NFL BIOSCIENCES;ALNFL;Action;Euronext Growth Paris;EUR;FR;OUI;;Euronext;2026-08-04
FR0014004339;E PANGO;ALAGO;Action;Euronext Growth Paris;EUR;FR;OUI;;Euronext;2026-08-04
FR0014004362;ENTECH;ALESE;Action;Euronext Growth Paris;EUR;FR;OUI;;Euronext;2026-08-04
FR00140043Y1;SPARTOO;ALSPT;Action;Euronext Growth Paris;EUR;FR;OUI;;Euronext;2026-08-04
FR00140048X2;IKONISYS;ALIKO;Action;Euronext Growth Paris;EUR;FR;OUI;;Euronext;2026-08-04
FR0014004974;ENOGIA;ALENO;Action;Euronext Growth Paris;EUR;FR;OUI;;Euronext;2026-08-04
FR0014004EC4;PRECIA;ALPM;Action;Euronext Growth Paris;EUR;FR;OUI;;Euronext;2026-08-04
FR0014004JF6;DEEZER WARRANTS;DEEZW;Action;Euronext Paris;EUR;FR;OUI;;Euronext;2026-08-04
FR0014004L86;DASSAULT AVIATION;2AM;Action;Trading After Hours | Euronext Paris;EUR;FR;OUI;;Euronext;2026-08-04
FR0014004QR6;CALIBRE;ALIBR;Action;Euronext Growth Paris;EUR;FR;OUI;;Euronext;2026-08-04
FR00140059B5;AUDACIA;ALAUD;Action;Euronext Growth Paris;EUR;FR;OUI;;Euronext;2026-08-04
FR0014005AC9;AFYREN;ALAFY;Action;Euronext Growth Paris;EUR;FR;OUI;;Euronext;2026-08-04
FR0014005AL0;ANTIN INFRA PARTN;2ANTIN;Action;Trading After Hours | Euronext Paris;EUR;FR;OUI;;Euronext;2026-08-04
FR0014005HJ9;OVH;2OVH;Action;Trading After Hours | Euronext Paris;EUR;FR;OUI;;Euronext;2026-08-04
FR0014005I80;SMAIO;ALSMA;Action;Euronext Growth Paris;EUR;FR;OUI;;Euronext;2026-08-04
FR0014005SB3;FORSEE POWER;ALFOR;Action;Euronext Growth Paris;EUR;FR;OUI;;Euronext;2026-08-04
FR0014005WE9;AGENCE AUTO;MLAA;Action;Euronext Access Paris;EUR;FR;OUI;;Euronext;2026-08-04
FR0014005ZM5;GROLLEAU;ALGRO;Action;Euronext Growth Paris;EUR;FR;OUI;;Euronext;2026-08-04
FR00140062B9;TOOSLA;ALTOO;Action;Euronext Growth Paris;EUR;FR;OUI;;Euronext;2026-08-04
FR00140066X4;METAVISIO;ALTHO;Action;Euronext Growth Paris;EUR;FR;OUI;;Euronext;2026-08-04
FR0014007951;DRONE VOLT BS28;BNBS;Action;Euronext Growth Paris;EUR;FR;OUI;;Euronext;2026-08-04
FR0014007LQ2;HUNYVERS;ALHUN;Action;Euronext Growth Paris;EUR;FR;OUI;;Euronext;2026-08-04
FR0014007LW0;CBI;ALCBI;Action;Euronext Growth Paris;EUR;FR;OUI;;Euronext;2026-08-04
FR0014007ND6;HAFFNER ENERGY;ALHAF;Action;Euronext Growth Paris;EUR;FR;OUI;;Euronext;2026-08-04
FR0014007T10;VAZIVA;ALVAZ;Action;Euronext Growth Paris;EUR;FR;OUI;;Euronext;2026-08-04
FR0014007ZB4;AELIS FARMA;AELIS;Action;Euronext Paris;EUR;FR;OUI;;Euronext;2026-08-04
FR0014008VX5;EUROAPI;2EAPI;Action;Trading After Hours | Euronext Paris;EUR;FR;OUI;;Euronext;2026-08-04
FR0014009YQ1;LHYFE;LHYFE;Action;Euronext Paris;EUR;FR;OUI;;Euronext;2026-08-04
FR001400A3Q3;ICAPE HOLDING;ALICA;Action;Euronext Growth Paris;EUR;FR;OUI;;Euronext;2026-08-04
FR001400AEM6;FILL UP MEDIA;ALFUM;Action;Euronext Growth Paris;EUR;FR;OUI;;Euronext;2026-08-04
FR001400AHX6;ABL Diagnostics;ABLD;Action;Euronext Paris;EUR;FR;OUI;;Euronext;2026-08-04
FR001400AJ45;MICHELIN;ML;Action;Euronext Paris;EUR;FR;OUI;;Euronext;2026-08-04
FR001400AJ60;CHARWOOD ENERGY;ALCWE;Action;Euronext Growth Paris;EUR;FR;OUI;;Euronext;2026-08-04
FR001400AJZ7;BROADPEAK;ALBPK;Action;Euronext Growth Paris;EUR;FR;OUI;;Euronext;2026-08-04
FR001400AXT1;VINPAI;ALVIN;Action;Euronext Growth Paris;EUR;FR;OUI;;Euronext;2026-08-04
FR001400AYG6;DEEZER;DEEZR;Action;Euronext Paris;EUR;FR;OUI;;Euronext;2026-08-04
FR001400B4G1;PIERRE VAC BSA CRE;VACBT;Action;Euronext Paris;EUR;FR;OUI;;Euronext;2026-08-04
FR001400B4H9;PIERRE VAC BSA ACT;VACBS;Action;Euronext Paris;EUR;FR;OUI;;Euronext;2026-08-04
FR001400CFI7;AVENIR TELECOM;AVT;Action;Euronext Paris;EUR;FR;OUI;;Euronext;2026-08-04
FR001400CM63;ONCODESIGN PM;ALOPM;Action;Euronext Growth Paris;EUR;FR;OUI;;Euronext;2026-08-04
FR001400EA65;ROTH MIONS;MLROT;Action;Euronext Access Paris;EUR;FR;OUI;;Euronext;2026-08-04
FR001400F2Z1;LEPERMISLIBRE;ALLPL;Action;Euronext Growth Paris;EUR;FR;OUI;;Euronext;2026-08-04
FR001400GO75;FLORENTAISE;ALFLO;Action;Euronext Growth Paris;EUR;FR;OUI;;Euronext;2026-08-04
FR001400H2X4;TONNER DRONES;ALTD;Action;Euronext Growth Paris;EUR;FR;OUI;;Euronext;2026-08-04
FR001400H3A0;MON COURTIER ENERG;ALMCE;Action;Euronext Growth Paris;EUR;FR;OUI;;Euronext;2026-08-04
FR001400IE67;MYHOTELMATCH;MHM;Action;Euronext Paris;EUR;FR;OUI;;Euronext;2026-08-04
FR001400IUV6;WATERA;ALWTR;Action;Euronext Growth Paris;EUR;FR;OUI;;Euronext;2026-08-04
FR001400J770;AIR FRANCE -KLM;AF;Action;Euronext Paris, Amsterdam | EuroTLX | Trading After Hours | Euronext Global Equity Market;EUR;FR;OUI;;Euronext;2026-08-04
FR001400JWR8;ARVERNE GROUP;ARVEN;Action;Euronext Paris;EUR;FR;OUI;;Euronext;2026-08-04
FR001400JY13;LATECOERE;LAT;Action;Euronext Paris;EUR;FR;OUI;;Euronext;2026-08-04
FR001400KO61;ARCHOS;ALJXR;Action;Euronext Growth Paris;EUR;FR;OUI;;Euronext;2026-08-04
FR001400LN79;BIOPHYTIS BSA;BPBS;Action;Euronext Growth Paris;EUR;FR;OUI;;Euronext;2026-08-04
FR001400LO86;DBT;ALDBT;Action;Euronext Growth Paris;EUR;FR;OUI;;Euronext;2026-08-04
FR001400M1R1;GECI INTL;ALGEC;Action;Euronext Growth Paris;EUR;FR;OUI;;Euronext;2026-08-04
FR001400MDW2;STIF;ALSTI;Action;Euronext Growth Paris;EUR;FR;OUI;;Euronext;2026-08-04
FR001400N2P2;SPINEWAY;ALSPW;Action;Euronext Growth Paris;EUR;FR;OUI;;Euronext;2026-08-04
FR001400NLM4;EMEIS;EMEIS;Action;Euronext Paris | Trading After Hours;EUR;FR;OUI;;Euronext;2026-08-04
FR001400NQB6;MACOMPTA.FR;ALCPA;Action;Euronext Growth Paris;EUR;FR;OUI;;Euronext;2026-08-04
FR001400O408;CBI BSA B;CBSAB;Action;Euronext Growth Paris;EUR;FR;OUI;;Euronext;2026-08-04
FR001400O416;CBI BSA A;CBBSA;Action;Euronext Growth Paris;EUR;FR;OUI;;Euronext;2026-08-04
FR001400OJ72;CASINO BSA1;COBS1;Action;Euronext Paris;EUR;FR;OUI;;Euronext;2026-08-04
FR001400OJ98;CASINO BSA3;COBS3;Action;Euronext Paris;EUR;FR;OUI;;Euronext;2026-08-04
FR001400OKR3;CASINO GUICHARD;2CO;Action;Trading After Hours | Euronext Paris;EUR;FR;OUI;;Euronext;2026-08-04
FR001400OLP5;BIOPHYTIS;ALBPS;Action;Euronext Growth Paris;EUR;FR;OUI;;Euronext;2026-08-04
FR001400PFU4;PLANISWARE;PLNW;Action;Euronext Paris;EUR;FR;OUI;;Euronext;2026-08-04
FR001400PVN6;VIRIDIEN;2CGG;Action;Trading After Hours | Euronext Paris;EUR;FR;OUI;;Euronext;2026-08-04
FR001400Q9V2;EXOSENS;EXENS;Action;Euronext Paris;EUR;FR;OUI;;Euronext;2026-08-04
FR001400QW73;IMEON ENERGY;MLIME;Action;Euronext Access Paris;EUR;FR;OUI;;Euronext;2026-08-04
FR001400RF99;NETMEDIA GROUP;ALNMG;Action;Euronext Growth Paris;EUR;FR;OUI;;Euronext;2026-08-04
FR001400RIB4;TONNER DRONES BSA;TDBS;Action;Euronext Growth Paris;EUR;FR;OUI;;Euronext;2026-08-04
FR001400SA10;SOLOCAL GROUP;LOCAL;Action;Euronext Paris;EUR;FR;OUI;;Euronext;2026-08-04
FR001400SF56;LDC;LOUP;Action;Euronext Paris;EUR;FR;OUI;;Euronext;2026-08-04
FR001400SP13;DOLFINES;ALDOL;Action;Euronext Growth Paris;EUR;FR;OUI;;Euronext;2026-08-04
FR001400SU99;MONCEY (FIN.) NOM.;FMONC;Action;Euronext Paris;EUR;FR;OUI;;Euronext;2026-08-04
FR001400SUB7;CAMBODGE NOM.;CBDG;Action;Euronext Paris;EUR;FR;OUI;;Euronext;2026-08-04
FR001400SVN0;DRONE VOLT;ALDRV;Action;Euronext Growth Paris;EUR;FR;OUI;;Euronext;2026-08-04
FR001400TL40;LOUIS HACHETTE;ALHG;Action;Euronext Growth Paris;EUR;FR;OUI;;Euronext;2026-08-04
FR001400U4P9;ODYSSEE TECHNO;ALODY;Action;Euronext Growth Paris;EUR;FR;OUI;;Euronext;2026-08-04
FR001400UR90;CROSSJECT BS27;CJBS;Action;Euronext Growth Paris;EUR;FR;OUI;;Euronext;2026-08-04
FR001400WXE7;PREATONI GROUP;ALPG;Action;Euronext Growth Paris;EUR;FR;OUI;;Euronext;2026-08-04
FR001400X2S4;ATOS GROUP;2ATO;Action;Trading After Hours | Euronext Paris;EUR;FR;OUI;;Euronext;2026-08-04
FR001400XVZ4;ADOCIA BSA;ADOBS;Action;Euronext Growth Paris;EUR;FR;OUI;;Euronext;2026-08-04
FR001400Y4X9;HAFFNER ENERGY BSA;HAFBS;Action;Euronext Growth Paris;EUR;FR;OUI;;Euronext;2026-08-04
FR001400YN90;BIOPHYTIS BSA;BPYBS;Action;Euronext Growth Paris;EUR;FR;OUI;;Euronext;2026-08-04
FR001400Z5J4;STREAMWIDE BSAANE;STEBS;Action;Euronext Growth Paris;EUR;FR;OUI;;Euronext;2026-08-04
FR001400ZRT0;AB SCIENCE BSA;ABBS;Action;Euronext Paris;EUR;FR;OUI;;Euronext;2026-08-04
FR001400ZU25;SAFE;ALSAF;Action;Euronext Growth Paris;EUR;FR;OUI;;Euronext;2026-08-04
FR0014010DV3;ODIOT S.A.;MLODT;Action;Euronext Access Paris;EUR;FR;OUI;;Euronext;2026-08-04
FR0014010H01;SEMCO TECHNOLOGIES;ALSEM;Action;Euronext Growth Paris;EUR;FR;OUI;;Euronext;2026-08-04
FR0014010IB4;GENSIGHT BSA;SIGBS;Action;Euronext Growth Paris;EUR;FR;OUI;;Euronext;2026-08-04
FR0014010QE1;HOPIUM;ALHPI;Action;Euronext Growth Paris;EUR;FR;OUI;;Euronext;2026-08-04
FR0014010YR7;VERGNET;ALVER;Action;Euronext Growth Paris;EUR;FR;OUI;;Euronext;2026-08-04
FR0014011219;DRONE VOLT BSA;DRNBS;Action;Euronext Growth Paris;EUR;FR;OUI;;Euronext;2026-08-04
FR00140118Z8;AB SCIENCE BSA 25;ABSBS;Action;Euronext Growth Paris;EUR;FR;OUI;;Euronext;2026-08-04
FR0014011D04;MEDIAN TECH BSA;MDTBS;Action;Euronext Growth Paris;EUR;FR;OUI;;Euronext;2026-08-04
FR0014011ND8;MONDO TV FRANCE;MTVFR;Action;Euronext Growth Milan;EUR;FR;OUI;;Euronext;2026-08-04
FR0014011O84;ACHETER-LOUER.FR;ALALO;Action;Euronext Growth Paris;EUR;FR;OUI;;Euronext;2026-08-04
FR0014011QJ8;EUROPLASMA;ALEUP;Action;Euronext Growth Paris;EUR;FR;OUI;;Euronext;2026-08-04
FR0014011S49;AB SCIENCE BSAAU25;ABBSA;Action;Euronext Growth Paris;EUR;FR;OUI;;Euronext;2026-08-04
FR0014011SJ4;PRELUDE S.A;MLPRE;Action;Euronext Access Paris;EUR;FR;OUI;;Euronext;2026-08-04
FR00140126G1;ONE EXP BSA 2025 2;ONEBS;Action;Euronext Growth Paris;EUR;FR;OUI;;Euronext;2026-08-04
FR0014012OE2;TD BSA 2025-2;TDBS2;Action;Euronext Growth Paris;EUR;FR;OUI;;Euronext;2026-08-04
FR0014012ZX8;TD BSA 2025-3;TDBS3;Action;Euronext Growth Paris;EUR;FR;OUI;;Euronext;2026-08-04
FR0014013HG9;LUCIBEL;ALUCI;Action;Euronext Growth Paris;EUR;FR;OUI;;Euronext;2026-08-04
FR0014013TD1;KLARSEN BSA O;KLBSO;Action;Euronext Growth Paris;EUR;FR;OUI;;Euronext;2026-08-04
FR00140140W9;MAUNA KEA BSA;MKTBS;Action;Euronext Growth Paris;EUR;FR;OUI;;Euronext;2026-08-04
FR0014014OK5;VAZIVA BSA;VAZBS;Action;Euronext Growth Paris;EUR;FR;OUI;;Euronext;2026-08-04
FR0014014ZV8;TRACTIAL;ALTRA;Action;Euronext Growth Paris;EUR;FR;OUI;;Euronext;2026-08-04
FR00140153G5;BOOSTHEAT;ALBOO;Action;Euronext Growth Paris;EUR;FR;OUI;;Euronext;2026-08-04
FR00140153H3;ADOMOS;ALADO;Action;Euronext Growth Paris;EUR;FR;OUI;;Euronext;2026-08-04
FR0014015ND9;IEVA GROUP;ALIEV;Action;Euronext Growth Paris;EUR;FR;OUI;;Euronext;2026-08-04
FR00140164Q1;RISING STONE;ALRIS;Action;Euronext Growth Paris;EUR;FR;OUI;;Euronext;2026-08-04
FR0014016WC0;BIOPHYTIS BSA31;BIBS3;Action;Euronext Growth Paris;EUR;FR;OUI;;Euronext;2026-08-04
FR00140173Y6;ATARI;ALATA;Action;Euronext Growth Paris;EUR;FR;OUI;;Euronext;2026-08-04
FR0014017FP5;SIRIUS MEDIA;ALSRS;Action;Euronext Growth Paris;EUR;FR;OUI;;Euronext;2026-08-04
FR00140180O2;THERACLION BSA;THEBS;Action;Euronext Growth Paris;EUR;FR;OUI;;Euronext;2026-08-04
FR00140182K6;WORLDLINE;2WLN;Action;Trading After Hours | Euronext Paris;EUR;FR;OUI;;Euronext;2026-08-04
FR00140188H9;DRONEVOLTBS31;DVBS6;Action;Euronext Growth Paris;EUR;FR;OUI;;Euronext;2026-08-04
FR0014018EP6;ARCHOS BSA;JXRBS;Action;Euronext Growth Paris;EUR;FR;OUI;;Euronext;2026-08-04
FR0014018EV4;NEOVACS;ALNEV;Action;Euronext Growth Paris;EUR;FR;OUI;;Euronext;2026-08-04
FR0014018Y10;LE SLIP FRANCAIS;ALLSF;Action;Euronext Growth Paris;EUR;FR;OUI;;Euronext;2026-08-04
GA0000121459;TotalEnergiesGabon;EC;Action;Euronext Paris;EUR;GA;NON;;Euronext;2026-08-04
GB00B2B0DG97;RELX;REN;Action;Euronext Amsterdam;EUR;GB;NON;;Euronext;2026-08-04
GB00B5ZN1N88;SEGRO PLC;SGRO;Action;Euronext Paris;EUR;GB;NON;;Euronext;2026-08-04
GB00B94QM994;EUROCASTLE INVEST.;ECT;Action;Euronext Amsterdam;EUR;GB;NON;;Euronext;2026-08-04
GB00BDCPN049;Coca-ColaEuropacif;CCEP;Action;Euronext Amsterdam;EUR;GB;NON;;Euronext;2026-08-04
GB00BJ9M4V82;UCAPITAL GLOBAL;MLALE;Action;Euronext Access Paris;EUR;GB;NON;;Euronext;2026-08-04
GB00BMDXQ672;HAMILTON GLOBAL OP;ALHGO;Action;Euronext Growth Paris;EUR;GB;NON;;Euronext;2026-08-04
GB00BMXH3352;MOTORK;MTRK;Action;Euronext Amsterdam;EUR;GB;NON;;Euronext;2026-08-04
GB00BN0VZ646;FERRARI GROUP;FERGR;Action;Euronext Amsterdam;EUR;GB;NON;;Euronext;2026-08-04
GB00BNKGZC51;AMA CORPORATION;ALAMA;Action;Euronext Growth Paris;EUR;GB;NON;;Euronext;2026-08-04
GB00BNTJ3546;ALLFUNDS GROUP;ALLFG;Action;Euronext Amsterdam;EUR;GB;NON;;Euronext;2026-08-04
GB00BP6MXD84;SHELL PLC;SHELL;Action;Euronext Amsterdam;EUR;GB;NON;;Euronext;2026-08-04
GB00BQQFX454;ACCSYS;AXS;Action;Euronext Amsterdam;EUR;GB;NON;;Euronext;2026-08-04
GB00BRJQ8J25;HAMMERSON PLC;HMSO;Action;Euronext Dublin;GBP;GB;NON;;Euronext;2026-08-04
GB00BRXH2664;ANGLOGOLD ASHANTI;1ANGU;Action;Euronext Global Equity Market;EUR;GB;NON;;Euronext;2026-08-04
GB00BVVK7R18;RAPID NUTRITION;ALRPD;Action;Euronext Growth Paris;EUR;GB;NON;;Euronext;2026-08-04
GB00BVZK7T90;UNILEVER;UNA;Action;Euronext Amsterdam;EUR;GB;NON;;Euronext;2026-08-04
GB00BYN5BY03;HYBRID SOFTWARE GR;HYSG;Action;Euronext Brussels;EUR;GB;NON;;Euronext;2026-08-04
GB00BYYN4225;HOSTELWORLD GROUP;HSW;Action;Euronext Dublin;EUR;GB;NON;;Euronext;2026-08-04
GG00B1GHHH78;VOLTA FINANCE;VTA;Action;Euronext Amsterdam;EUR;GG;NON;;Euronext;2026-08-04
GG00B1RMC548;TETRAGON FIN GRP;TFG;Action;Euronext Amsterdam;USD;GG;NON;;Euronext;2026-08-04
GG00BMB5XZ39;GIG;CABLE;Action;Euronext Amsterdam;GBP;GG;NON;;Euronext;2026-08-04
GG00BQZCBZ44;SHURGARD;SHUR;Action;Euronext Brussels;EUR;GG;NON;;Euronext;2026-08-04
GRS528003007;THE AZUR SELECTION;MLAZR;Action;Euronext Access Paris;EUR;GR;OUI;;Euronext;2026-08-04
GRS802003004;NEUROSOFT;NRST;Action;Euronext Growth Milan;EUR;GR;OUI;;Euronext;2026-08-04
HK0000038783;EASSON HOLDINGS;MLEAS;Action;Euronext Access Paris;EUR;HK;NON;;Euronext;2026-08-04
IE0000669501;GLANBIA PLC;GL9;Action;Euronext Dublin;EUR;IE;OUI;;Euronext;2026-08-04
IE0003290289;FBD HOLDINGS PLC;EG7;Action;Euronext Dublin;EUR;IE;OUI;;Euronext;2026-08-04
IE00038O9UC4;DONEGAL INVESTMENT;DQ7A;Action;Euronext Growth Dublin;EUR;IE;OUI;;Euronext;2026-08-04
IE0004906560;KERRY GROUP PLC;KRZ;Action;Euronext Dublin;EUR;IE;OUI;;Euronext;2026-08-04
IE0004927939;KINGSPAN GROUP PLC;KRX;Action;Euronext Dublin;EUR;IE;OUI;;Euronext;2026-08-04
IE000S9YS762;Linde PLC;2LINUS;Action;Trading After Hours | Euronext Global Equity Market;EUR;IE;OUI;;Euronext;2026-08-04
IE000T78CHJ8;GREAT WESTERN MIN.;8GW;Action;Euronext Growth Dublin;EUR;IE;OUI;;Euronext;2026-08-04
IE00B1WV4493;ORIGIN ENT. PLC;OIZ;Action;Euronext Growth Dublin;EUR;IE;OUI;;Euronext;2026-08-04
IE00B4BNMY34;Accenture PLC;1ACN;Action;Euronext Global Equity Market;EUR;IE;OUI;;Euronext;2026-08-04
IE00B4Q5ZN47;JAZZ PHARMACEUTICA;1JAZZ;Action;Euronext Global Equity Market;EUR;IE;OUI;;Euronext;2026-08-04
IE00B8KQN827;Eaton Corp PLC;1ETN;Action;Euronext Global Equity Market;EUR;IE;OUI;;Euronext;2026-08-04
IE00BD1RP616;BANK OF IRELAND GP;BIRG;Action;Euronext Dublin;EUR;IE;OUI;;Euronext;2026-08-04
IE00BD64C665;MINCON GROUP PLC;MIO;Action;Euronext Growth Dublin;EUR;IE;OUI;;Euronext;2026-08-04
IE00BD6JX574;GLENVEAGH PROP.PLC;GVR;Action;Euronext Dublin;EUR;IE;OUI;;Euronext;2026-08-04
IE00BDB6Q211;Willis Towers W;1WTW;Action;Euronext Global Equity Market;EUR;IE;OUI;;Euronext;2026-08-04
IE00BDC5DG00;KENMARE RESOURCES;KMR;Action;Euronext Dublin;EUR;IE;OUI;;Euronext;2026-08-04
IE00BDVJJQ56;NVENT ELECTRIC PLC;1NVT;Action;Euronext Global Equity Market;EUR;IE;OUI;;Euronext;2026-08-04
IE00BF0L3536;AIB GROUP PLC;A5G;Action;Euronext Dublin;EUR;IE;OUI;;Euronext;2026-08-04
IE00BF2NR112;GREENCOAT REN.;GRP;Action;Euronext Growth Dublin;EUR;IE;OUI;;Euronext;2026-08-04
IE00BFRT3W74;Allegion plc;1ALLE;Action;Euronext Global Equity Market;EUR;IE;OUI;;Euronext;2026-08-04
IE00BJ34P519;IRISH RES. PROP.;IRES;Action;Euronext Dublin;EUR;IE;OUI;;Euronext;2026-08-04
IE00BJ5FQX74;UNIPHAR PLC;UPR;Action;Euronext Growth Dublin;EUR;IE;OUI;;Euronext;2026-08-04
IE00BK9ZQ967;Trane Tech;1TTH;Action;Euronext Global Equity Market;EUR;IE;OUI;;Euronext;2026-08-04
IE00BKVD2N49;SEAGATE TECHNOLOGY;4STX;Action;EuroTLX | Trading After Hours | Euronext Global Equity Market;EUR;IE;OUI;;Euronext;2026-08-04
IE00BLNN3691;WEATHERFORD INTERN;1WFRD;Action;Euronext Global Equity Market;EUR;IE;OUI;;Euronext;2026-08-04
IE00BLP1HW54;Aon PLC;1AON;Action;Euronext Global Equity Market;EUR;IE;OUI;;Euronext;2026-08-04
IE00BLP58571;IRISH CONT. GP.;IR5B;Action;Euronext Dublin;EUR;IE;OUI;;Euronext;2026-08-04
IE00BLS09M33;Pentair PLC;1PNR;Action;Euronext Global Equity Market;EUR;IE;OUI;;Euronext;2026-08-04
IE00BTN1Y115;MEDTRONIC;2MDT;Action;Trading After Hours | Euronext Global Equity Market | EuroTLX;EUR;IE;OUI;;Euronext;2026-08-04
IE00BVGC3741;MALIN CORP. PLC;MLC;Action;Euronext Growth Dublin;EUR;IE;OUI;;Euronext;2026-08-04
IE00BWB8X525;PERM. TSB GP. HOLD;PTSB;Action;Euronext Dublin;EUR;IE;OUI;;Euronext;2026-08-04
IE00BWY4ZF18;CAIRN HOMES PLC;C5H;Action;Euronext Dublin;EUR;IE;OUI;;Euronext;2026-08-04
IE00BY7QL619;Johnson Controls;1JCI;Action;Euronext Global Equity Market;EUR;IE;OUI;;Euronext;2026-08-04
IE00BYTBXV33;RYANAIR HOLD. PLC;RYA;Action;Euronext Dublin;EUR;IE;OUI;;Euronext;2026-08-04
IL0010830391;PAYTON PLANAR;PAY;Action;Euronext Brussels;EUR;IL;NON;;Euronext;2026-08-04
IT0000060886;FNM;FNM;Action;Euronext Milan;EUR;IT;OUI;;Euronext;2026-08-04
IT0000062072;GENERALI;2G;Action;Trading After Hours | Euronext Milan;EUR;IT;OUI;;Euronext;2026-08-04
IT0000062957;MEDIOBANCA;2MB;Action;Trading After Hours | Euronext Milan;EUR;IT;OUI;;Euronext;2026-08-04
IT0000066123;BPER BANCA;2BPE;Action;Trading After Hours | Euronext Milan;EUR;IT;OUI;;Euronext;2026-08-04
IT0000066180;BRIOSCHI;BRI;Action;Euronext Milan;EUR;IT;OUI;;Euronext;2026-08-04
IT0000070786;CIR;CIR;Action;Euronext Milan;EUR;IT;OUI;;Euronext;2026-08-04
IT0000072170;FINECOBANK;FBK;Action;Euronext Milan | Trading After Hours;EUR;IT;OUI;;Euronext;2026-08-04
IT0000072618;INTESA SANPAOLO;2ISP;Action;Trading After Hours | Euronext Milan;EUR;IT;OUI;;Euronext;2026-08-04
IT0000076486;DANIELI & C RISP;DANR;Action;Euronext Milan;EUR;IT;OUI;;Euronext;2026-08-04
IT0000076502;DANIELI & C;DAN;Action;Euronext Milan;EUR;IT;OUI;;Euronext;2026-08-04
IT0000076536;SOGEFI;SGF;Action;Euronext Milan;EUR;IT;OUI;;Euronext;2026-08-04
IT0000084043;AUTOSTRADE MERID;AUTME;Action;Euronext Milan;EUR;IT;OUI;;Euronext;2026-08-04
IT0000214293;TOSCANA AEROPORTI;TYA;Action;Euronext Milan;EUR;IT;OUI;;Euronext;2026-08-04
IT0001006128;AEROPORTO G. M. BO;ADB;Action;Euronext Milan;EUR;IT;OUI;;Euronext;2026-08-04
IT0001017851;ROSETTI MARINO;YRM;Action;Euronext Growth Milan;EUR;IT;OUI;;Euronext;2026-08-04
IT0001018362;VALSOIA;VLS;Action;Euronext Milan;EUR;IT;OUI;;Euronext;2026-08-04
IT0001031084;BANCA GENERALI;BGN;Action;Euronext Milan | Trading After Hours;EUR;IT;OUI;;Euronext;2026-08-04
IT0001033700;BASICNET;BAN;Action;Euronext Milan;EUR;IT;OUI;;Euronext;2026-08-04
IT0001041000;BCO DESIO BRIANZA;BDB;Action;Euronext Milan;EUR;IT;OUI;;Euronext;2026-08-04
IT0001042610;SABAF;SAB;Action;Euronext Milan;EUR;IT;OUI;;Euronext;2026-08-04
IT0001077780;IRCE;IRC;Action;Euronext Milan;EUR;IT;OUI;;Euronext;2026-08-04
IT0001078911;INTERPUMP GROUP;2IP;Action;Trading After Hours | Euronext Milan;EUR;IT;OUI;;Euronext;2026-08-04
IT0001127874;CSP INT IND CALZE;CSP;Action;Euronext Milan;EUR;IT;OUI;;Euronext;2026-08-04
IT0001128047;CEMBRE;CMB;Action;Euronext Milan;EUR;IT;OUI;;Euronext;2026-08-04
IT0001157020;ERG;2ERG;Action;Trading After Hours | Euronext Milan;EUR;IT;OUI;;Euronext;2026-08-04
IT0001206769;SOL;SOL;Action;Euronext Milan;EUR;IT;OUI;;Euronext;2026-08-04
IT0001207098;ACEA;ACE;Action;Euronext Milan;EUR;IT;OUI;;Euronext;2026-08-04
IT0001214433;I.CO.P.;ICOP;Action;Euronext Growth Milan;EUR;IT;OUI;;Euronext;2026-08-04
IT0001233417;A2A;A2A;Action;Euronext Milan | Trading After Hours;EUR;IT;OUI;;Euronext;2026-08-04
IT0001237053;EMAK;EM;Action;Euronext Milan;EUR;IT;OUI;;Euronext;2026-08-04
IT0001250932;HERA;HER;Action;Euronext Milan | Trading After Hours;EUR;IT;OUI;;Euronext;2026-08-04
IT0001268561;B&C SPEAKERS;BEC;Action;Euronext Milan;EUR;IT;OUI;;Euronext;2026-08-04
IT0001347308;BUZZI;2BZU;Action;Trading After Hours | Euronext Milan;EUR;IT;OUI;;Euronext;2026-08-04
IT0001382024;ACINQUE;AC5;Action;Euronext Milan;EUR;IT;OUI;;Euronext;2026-08-04
IT0001384590;AEFFE;AEF;Action;Euronext Milan;EUR;IT;OUI;;Euronext;2026-08-04
IT0001402269;RISANAMENTO;RN;Action;Euronext Milan;EUR;IT;OUI;;Euronext;2026-08-04
IT0001413837;IMMSI;IMS;Action;Euronext Milan;EUR;IT;OUI;;Euronext;2026-08-04
IT0001447785;MONDO TV;MTV;Action;Euronext Milan;EUR;IT;OUI;;Euronext;2026-08-04
IT0001454435;TXT E-SOLUTIONS;TXT;Action;Euronext Milan;EUR;IT;OUI;;Euronext;2026-08-04
IT0001463063;DIRECTA SIM;D;Action;Euronext Growth Milan;EUR;IT;OUI;;Euronext;2026-08-04
IT0001469383;MONDADORI EDIT;MN;Action;Euronext Milan;EUR;IT;OUI;;Euronext;2026-08-04
IT0001469953;SOFTLAB;SFT;Action;Euronext Milan;EUR;IT;OUI;;Euronext;2026-08-04
IT0001469995;DIGITAL BROS;DIB;Action;Euronext Milan;EUR;IT;OUI;;Euronext;2026-08-04
IT0001472171;CALTAGIRONE EDIT;CED;Action;Euronext Milan;EUR;IT;OUI;;Euronext;2026-08-04
IT0001487047;BEEWIZE;BWZ;Action;Euronext Milan;EUR;IT;OUI;;Euronext;2026-08-04
IT0003023980;C. LATTE D'ITALIA;CLI;Action;Euronext Milan;EUR;IT;OUI;;Euronext;2026-08-04
IT0003025019;CALEFFI;CLF;Action;Euronext Milan;EUR;IT;OUI;;Euronext;2026-08-04
IT0003027817;IREN;IRE;Action;Euronext Milan;EUR;IT;OUI;;Euronext;2026-08-04
IT0003056386;PININFARINA SPA;PINF;Action;Euronext Milan;EUR;IT;OUI;;Euronext;2026-08-04
IT0003057624;IT WAY;ITW;Action;Euronext Milan;EUR;IT;OUI;;Euronext;2026-08-04
IT0003073266;PIAGGIO;PIA;Action;Euronext Milan;EUR;IT;OUI;;Euronext;2026-08-04
IT0003097257;BIESSE;BSS;Action;Euronext Milan;EUR;IT;OUI;;Euronext;2026-08-04
IT0003115950;DE'LONGHI;DLG;Action;Euronext Milan;EUR;IT;OUI;;Euronext;2026-08-04
IT0003121677;CREDEM;CE;Action;Euronext Milan;EUR;IT;OUI;;Euronext;2026-08-04
IT0003127930;CALTAGIRONE;CALT;Action;Euronext Milan;EUR;IT;OUI;;Euronext;2026-08-04
IT0003128367;ENEL;2ENEL;Action;Trading After Hours | Euronext Milan;EUR;IT;OUI;;Euronext;2026-08-04
IT0003132476;ENI;ENI;Action;Euronext Milan | Trading After Hours;EUR;IT;OUI;;Euronext;2026-08-04
IT0003153415;SNAM;2SRG;Action;Trading After Hours | Euronext Milan;EUR;IT;OUI;;Euronext;2026-08-04
IT0003153621;TAMBURI;TIP;Action;Euronext Milan;EUR;IT;OUI;;Euronext;2026-08-04
IT0003173629;BANCA SISTEMA;BST;Action;Euronext Milan;EUR;IT;OUI;;Euronext;2026-08-04
IT0003188064;BANCA IFIS;IF;Action;Euronext Milan;EUR;IT;OUI;;Euronext;2026-08-04
IT0003203947;GEFRAN;GE;Action;Euronext Milan;EUR;IT;OUI;;Euronext;2026-08-04
IT0003217335;BORGOSESIA;BO;Action;Euronext Milan;EUR;IT;OUI;;Euronext;2026-08-04
IT0003242622;TERNA;2TRN;Action;Trading After Hours | Euronext Milan;EUR;IT;OUI;;Euronext;2026-08-04
IT0003261697;AZIMUT;AZM;Action;Euronext Milan | Trading After Hours;EUR;IT;OUI;;Euronext;2026-08-04
IT0003365613;FIERA MILANO;FM;Action;Euronext Milan;EUR;IT;OUI;;Euronext;2026-08-04
IT0003372205;EDISON R;EDNR;Action;Euronext Milan;EUR;IT;OUI;;Euronext;2026-08-04
IT0003404214;ELICA;ELC;Action;Euronext Milan;EUR;IT;OUI;;Euronext;2026-08-04
IT0003411417;ITALIAN EXHIBITION;IEG;Action;Euronext Milan;EUR;IT;OUI;;Euronext;2026-08-04
IT0003428445;MARR;MARR;Action;Euronext Milan;EUR;IT;OUI;;Euronext;2026-08-04
IT0003492391;DIASORIN;2DIA;Action;Trading After Hours | Euronext Milan;EUR;IT;OUI;;Euronext;2026-08-04
IT0003516066;BOLOGNAFIERE;BF;Action;Euronext Growth Milan;EUR;IT;OUI;;Euronext;2026-08-04
IT0003549422;SANLORENZO;SL;Action;Euronext Milan;EUR;IT;OUI;;Euronext;2026-08-04
IT0003621783;S.S. LAZIO;SSL;Action;Euronext Milan;EUR;IT;OUI;;Euronext;2026-08-04
IT0003697080;GEOX;GEO;Action;Euronext Milan;EUR;IT;OUI;;Euronext;2026-08-04
IT0003796171;POSTE ITALIANE;2PST;Action;Trading After Hours | Euronext Milan;EUR;IT;OUI;;Euronext;2026-08-04
IT0003828271;RECORDATI ORD;2REC;Action;Trading After Hours | Euronext Milan;EUR;IT;OUI;;Euronext;2026-08-04
IT0003850929;ESPRINET;PRT;Action;Euronext Milan;EUR;IT;OUI;;Euronext;2026-08-04
IT0003856405;LEONARDO;LDO;Action;Euronext Milan | Trading After Hours;EUR;IT;OUI;;Euronext;2026-08-04
IT0003865570;WEBUILD;2WBD;Action;Trading After Hours | Euronext Milan;EUR;IT;OUI;;Euronext;2026-08-04
IT0003865588;WEBUILD RSP;WBDR;Action;Euronext Milan;EUR;IT;OUI;;Euronext;2026-08-04
IT0003895668;EUROTECH;ETH;Action;Euronext Milan;EUR;IT;OUI;;Euronext;2026-08-04
IT0004053440;DATALOGIC;DAL;Action;Euronext Milan;EUR;IT;OUI;;Euronext;2026-08-04
IT0004056880;AMPLIFON;2AMP;Action;Trading After Hours | Euronext Milan;EUR;IT;OUI;;Euronext;2026-08-04
IT0004093263;ASCOPIAVE;ASC;Action;Euronext Milan;EUR;IT;OUI;;Euronext;2026-08-04
IT0004098510;GAS PLUS;GSP;Action;Euronext Milan;EUR;IT;OUI;;Euronext;2026-08-04
IT0004125677;MASI AGRICOLA;MASI;Action;Euronext Growth Milan;EUR;IT;OUI;;Euronext;2026-08-04
IT0004171440;ZIGNAGO VETRO;ZV;Action;Euronext Milan;EUR;IT;OUI;;Euronext;2026-08-04
IT0004176001;PRYSMIAN;2PRY;Action;Trading After Hours | Euronext Milan;EUR;IT;OUI;;Euronext;2026-08-04
IT0004195308;MOLTIPLY GROUP;MOL;Action;Euronext Milan;EUR;IT;OUI;;Euronext;2026-08-04
IT0004240443;PIQUADRO;PQ;Action;Euronext Milan;EUR;IT;OUI;;Euronext;2026-08-04
IT0004329733;CAIRO COMMUNICAT;CAI;Action;Euronext Milan;EUR;IT;OUI;;Euronext;2026-08-04
IT0004356751;ENERVIT;ENV;Action;Euronext Milan;EUR;IT;OUI;;Euronext;2026-08-04
IT0004376858;MARZOCCHI POMPE;MARP;Action;Euronext Growth Milan;EUR;IT;OUI;;Euronext;2026-08-04
IT0004412497;BASTOGI SPA;B;Action;Euronext Milan;EUR;IT;OUI;;Euronext;2026-08-04
IT0004496029;EXPERT.AI;EXAI;Action;Euronext Growth Milan;EUR;IT;OUI;;Euronext;2026-08-04
IT0004522162;LUCISANO MEDIA G;LMG;Action;Euronext Growth Milan;EUR;IT;OUI;;Euronext;2026-08-04
IT0004552359;KME GROUP;KME;Action;Euronext Milan;EUR;IT;OUI;;Euronext;2026-08-04
IT0004552367;KME GROUP RSP;KMER;Action;Euronext Milan;EUR;IT;OUI;;Euronext;2026-08-04
IT0004585243;TESMEC;TES;Action;Euronext Milan;EUR;IT;OUI;;Euronext;2026-08-04
IT0004587470;POLIGRAF PRINTING;POPR;Action;Euronext Growth Milan;EUR;IT;OUI;;Euronext;2026-08-04
IT0004604762;SAFILO GROUP;SFL;Action;Euronext Milan;EUR;IT;OUI;;Euronext;2026-08-04
IT0004674666;H-FARM;FARM;Action;Euronext Growth Milan;EUR;IT;OUI;;Euronext;2026-08-04
IT0004712375;SALV FERRAGAMO;2SFER;Action;Trading After Hours | Euronext Milan;EUR;IT;OUI;;Euronext;2026-08-04
IT0004717200;VIMI FASTENERS;VIM;Action;Euronext Growth Milan;EUR;IT;OUI;;Euronext;2026-08-04
IT0004720733;ALERION;ARN;Action;Euronext Milan;EUR;IT;OUI;;Euronext;2026-08-04
IT0004724107;RATTI;RAT;Action;Euronext Milan;EUR;IT;OUI;;Euronext;2026-08-04
IT0004729759;SESA;SES;Action;Euronext Milan;EUR;IT;OUI;;Euronext;2026-08-04
IT0004764699;BRUNELLO CUCINELLI;2BC;Action;Trading After Hours | Euronext Milan;EUR;IT;OUI;;Euronext;2026-08-04
IT0004776628;BANCA MEDIOLANUM;2BMED;Action;Trading After Hours | Euronext Milan;EUR;IT;OUI;;Euronext;2026-08-04
IT0004779515;AMBROMOBILIARE;AMB;Action;Euronext Growth Milan;EUR;IT;OUI;;Euronext;2026-08-04
IT0004810054;UNIPOL;UNI;Action;Euronext Milan | Trading After Hours;EUR;IT;OUI;;Euronext;2026-08-04
IT0004812258;AZ LEASING;MLAZL;Action;Euronext Access Paris;EUR;IT;OUI;;Euronext;2026-08-04
IT0004818297;EUKEDOS;EUK;Action;Euronext Milan;EUR;IT;OUI;;Euronext;2026-08-04
IT0004819857;FRENDY ENERGY;FRE;Action;Euronext Growth Milan;EUR;IT;OUI;;Euronext;2026-08-04
IT0004931058;MAIRE;MAIRE;Action;Euronext Milan;EUR;IT;OUI;;Euronext;2026-08-04
IT0004931496;RCS MEDIAGROUP;RCS;Action;Euronext Milan;EUR;IT;OUI;;Euronext;2026-08-04
IT0004965148;MONCLER;MONC;Action;Euronext Milan | Trading After Hours;EUR;IT;OUI;;Euronext;2026-08-04
IT0004967292;FILA;FILA;Action;Euronext Milan;EUR;IT;OUI;;Euronext;2026-08-04
IT0004973696;LEONE FILM GROUP;LFG;Action;Euronext Growth Milan;EUR;IT;OUI;;Euronext;2026-08-04
IT0004998065;ANIMA HOLDING;ANIM;Action;Euronext Milan;EUR;IT;OUI;;Euronext;2026-08-04
IT0005001554;TRIBOO;TB;Action;Euronext Milan;EUR;IT;OUI;;Euronext;2026-08-04
IT0005003782;CASTA DIVA GROUP;CDG;Action;Euronext Growth Milan;EUR;IT;OUI;;Euronext;2026-08-04
IT0005013013;ZEST;ZEST;Action;Euronext Milan;EUR;IT;OUI;;Euronext;2026-08-04
IT0005023038;GABETTI;GAB;Action;Euronext Milan;EUR;IT;OUI;;Euronext;2026-08-04
IT0005025355;NOTORIOUS PICTURES;NPI;Action;Euronext Growth Milan;EUR;IT;OUI;;Euronext;2026-08-04
IT0005037210;TINEXTA;TNXT;Action;Euronext Milan;EUR;IT;OUI;;Euronext;2026-08-04
IT0005037905;INIZIAT BRESCIANE;IB;Action;Euronext Growth Milan;EUR;IT;OUI;;Euronext;2026-08-04
IT0005040354;GROWENS;GROW;Action;Euronext Growth Milan;EUR;IT;OUI;;Euronext;2026-08-04
IT0005043507;OVS;OVS;Action;Euronext Milan;EUR;IT;OUI;;Euronext;2026-08-04
IT0005054967;RAI WAY;RWAY;Action;Euronext Milan;EUR;IT;OUI;;Euronext;2026-08-04
IT0005075764;ITALIAN WINE BRAND;IWB;Action;Euronext Growth Milan;EUR;IT;OUI;;Euronext;2026-08-04
IT0005089476;DIGITOUCH;DGT;Action;Euronext Growth Milan;EUR;IT;OUI;;Euronext;2026-08-04
IT0005090300;INWIT;2INW;Action;Trading After Hours | Euronext Milan;EUR;IT;OUI;;Euronext;2026-08-04
IT0005091324;CLABO;CLABO;Action;Euronext Growth Milan;EUR;IT;OUI;;Euronext;2026-08-04
IT0005107492;LUVE;LUVE;Action;Euronext Milan;EUR;IT;OUI;;Euronext;2026-08-04
IT0005108219;I GRANDI VIAGGI;IGV;Action;Euronext Milan;EUR;IT;OUI;;Euronext;2026-08-04
IT0005117848;CLASS EDITORI;CLE;Action;Euronext Milan;EUR;IT;OUI;;Euronext;2026-08-04
IT0005119810;AVIO;AVIO;Action;Euronext Milan;EUR;IT;OUI;;Euronext;2026-08-04
IT0005122392;GAMBERO ROSSO;GAMB;Action;Euronext Growth Milan;EUR;IT;OUI;;Euronext;2026-08-04
IT0005122400;OPS ECOM;OEC;Action;Euronext Milan;EUR;IT;OUI;;Euronext;2026-08-04
IT0005138703;ORSERO;ORS;Action;Euronext Milan;EUR;IT;OUI;;Euronext;2026-08-04
IT0005144784;GENERALFINANCE;GF;Action;Euronext Milan;EUR;IT;OUI;;Euronext;2026-08-04
IT0005162406;TECHNOGYM;TGYM;Action;Euronext Milan;EUR;IT;OUI;;Euronext;2026-08-04
IT0005176406;ENAV;ENAV;Action;Euronext Milan;EUR;IT;OUI;;Euronext;2026-08-04
IT0005186371;INDUSTRIE DE NORA;DNR;Action;Euronext Milan;EUR;IT;OUI;;Euronext;2026-08-04
IT0005187460;B.F.;BFG;Action;Euronext Milan;EUR;IT;OUI;;Euronext;2026-08-04
IT0005203424;FOPE;FPE;Action;Euronext Growth Milan;EUR;IT;OUI;;Euronext;2026-08-04
IT0005203622;DHH;DHH;Action;Euronext Growth Milan;EUR;IT;OUI;;Euronext;2026-08-04
IT0005204729;4AIM SICAF;AIM;Action;Euronext Growth Milan;EUR;IT;OUI;;Euronext;2026-08-04
IT0005211237;ITALGAS;IG;Action;Euronext Milan | Trading After Hours;EUR;IT;OUI;;Euronext;2026-08-04
IT0005215329;FINE FOODS & PHARM;FF;Action;Euronext Milan;EUR;IT;OUI;;Euronext;2026-08-04
IT0005218380;BANCO BPM;2BAMI;Action;Trading After Hours | Euronext Milan;EUR;IT;OUI;;Euronext;2026-08-04
IT0005221517;GPI;GPI;Action;Euronext Milan;EUR;IT;OUI;;Euronext;2026-08-04
IT0005239360;UNICREDIT;2UCG;Action;Trading After Hours | Euronext Milan;EUR;IT;OUI;;Euronext;2026-08-04
IT0005240046;TELESIA;TLS;Action;Euronext Growth Milan;EUR;IT;OUI;;Euronext;2026-08-04
IT0005241192;AQUAFIL;ECNL;Action;Euronext Milan;EUR;IT;OUI;;Euronext;2026-08-04
IT0005244030;ALFIO BARDOLLA;ABTG;Action;Euronext Growth Milan;EUR;IT;OUI;;Euronext;2026-08-04
IT0005244402;BFF BANK;BFF;Action;Euronext Milan;EUR;IT;OUI;;Euronext;2026-08-04
IT0005244618;CELLULARLINE;CELL;Action;Euronext Milan;EUR;IT;OUI;;Euronext;2026-08-04
IT0005245508;INDEL B;INDB;Action;Euronext Milan;EUR;IT;OUI;;Euronext;2026-08-04
IT0005245607;W ALFIO BARD 17-27;WABTG;Action;Euronext Growth Milan;EUR;IT;OUI;;Euronext;2026-08-04
IT0005246142;TPS;TPS;Action;Euronext Growth Milan;EUR;IT;OUI;;Euronext;2026-08-04
IT0005246191;COMER INDUSTRIES;COM;Action;Euronext Milan;EUR;IT;OUI;;Euronext;2026-08-04
IT0005252736;FIRST CAPITAL;FIC;Action;Euronext Growth Milan;EUR;IT;OUI;;Euronext;2026-08-04
IT0005253205;ITALMOBILIARE;ITM;Action;Euronext Milan;EUR;IT;OUI;;Euronext;2026-08-04
IT0005262149;SIT;SIT;Action;Euronext Milan;EUR;IT;OUI;;Euronext;2026-08-04
IT0005274094;PHARMANUTRA;PHN;Action;Euronext Milan;EUR;IT;OUI;;Euronext;2026-08-04
IT0005275778;NEODECORTECH;NDT;Action;Euronext Milan;EUR;IT;OUI;;Euronext;2026-08-04
IT0005278236;PIRELLI & C;PIRC;Action;Euronext Milan | Trading After Hours;EUR;IT;OUI;;Euronext;2026-08-04
IT0005282865;REPLY;REY;Action;Euronext Milan;EUR;IT;OUI;;Euronext;2026-08-04
IT0005283640;SERI INDUSTRIAL;SERI;Action;Euronext Milan;EUR;IT;OUI;;Euronext;2026-08-04
IT0005285942;DBA GROUP;DBA;Action;Euronext Growth Milan;EUR;IT;OUI;;Euronext;2026-08-04
IT0005312027;EQUITA GROUP;EQUI;Action;Euronext Milan;EUR;IT;OUI;;Euronext;2026-08-04
IT0005312365;GEL;GEL;Action;Euronext Growth Milan;EUR;IT;OUI;;Euronext;2026-08-04
IT0005322612;IGD;IGD;Action;Euronext Milan;EUR;IT;OUI;;Euronext;2026-08-04
IT0005324105;MEDIA LAB;MLLAB;Action;Euronext Access Paris;EUR;IT;OUI;;Euronext;2026-08-04
IT0005329815;SOMEC;SOM;Action;Euronext Milan;EUR;IT;OUI;;Euronext;2026-08-04
IT0005331019;CAREL INDUSTRIES;CRL;Action;Euronext Milan;EUR;IT;OUI;;Euronext;2026-08-04
IT0005332595;GRIFAL;GRAL;Action;Euronext Growth Milan;EUR;IT;OUI;;Euronext;2026-08-04
IT0005335754;FRANCHI UMB MARMI;FUM;Action;Euronext Growth Milan;EUR;IT;OUI;;Euronext;2026-08-04
IT0005336521;ITALY INNOVAZIONI;MLITN;Action;Euronext Access Paris;EUR;IT;OUI;;Euronext;2026-08-04
IT0005337073;LONGINO&CARDENAL;LON;Action;Euronext Growth Milan;EUR;IT;OUI;;Euronext;2026-08-04
IT0005337107;ESAUTOMOTION;ESAU;Action;Euronext Growth Milan;EUR;IT;OUI;;Euronext;2026-08-04
IT0005337172;SG COMPANY;SGC;Action;Euronext Growth Milan;EUR;IT;OUI;;Euronext;2026-08-04
IT0005337495;PORTOBELLO;POR;Action;Euronext Growth Milan;EUR;IT;OUI;;Euronext;2026-08-04
IT0005337818;INTRED;ITD;Action;Euronext Growth Milan;EUR;IT;OUI;;Euronext;2026-08-04
IT0005338139;MONNALISA;MNL;Action;Euronext Growth Milan;EUR;IT;OUI;;Euronext;2026-08-04
IT0005338675;SOSTRAVEL.COM;SOS;Action;Euronext Growth Milan;EUR;IT;OUI;;Euronext;2026-08-04
IT0005339160;PLC;PLC;Action;Euronext Milan;EUR;IT;OUI;;Euronext;2026-08-04
IT0005340051;SCIUKER FRAMES;SCK;Action;Euronext Growth Milan;EUR;IT;OUI;;Euronext;2026-08-04
IT0005344996;CIRCLE;CIRC;Action;Euronext Growth Milan;EUR;IT;OUI;;Euronext;2026-08-04
IT0005345233;GAROF HEALTH CARE;GHC;Action;Euronext Milan;EUR;IT;OUI;;Euronext;2026-08-04
IT0005347593;W SG COMPANY 18-28;WSGC28;Action;Euronext Growth Milan;EUR;IT;OUI;;Euronext;2026-08-04
IT0005351504;EDILIZIACROBATICA;ALEAC;Action;Euronext Growth Paris | Euronext Growth Milan;EUR;IT;OUI;;Euronext;2026-08-04
IT0005353484;SEIF SPA;ALSEI;Action;Euronext Growth Paris | Euronext Growth Milan;EUR;IT;OUI;;Euronext;2026-08-04
IT0005353575;ENTERA;ENT;Action;Euronext Growth Milan;EUR;IT;OUI;;Euronext;2026-08-04
IT0005353815;POWERSOFT;PWS;Action;Euronext Growth Milan;EUR;IT;OUI;;Euronext;2026-08-04
IT0005359101;ILPRA;ILP;Action;Euronext Growth Milan;EUR;IT;OUI;;Euronext;2026-08-04
IT0005364333;MAPS;MAPS;Action;Euronext Growth Milan;EUR;IT;OUI;;Euronext;2026-08-04
IT0005366767;NEXI;NEXI;Action;Euronext Milan | Trading After Hours;EUR;IT;OUI;;Euronext;2026-08-04
IT0005373789;PHILOGEN;PHIL;Action;Euronext Milan;EUR;IT;OUI;;Euronext;2026-08-04
IT0005374035;OFFICINA STELLARE;OS;Action;Euronext Growth Milan;EUR;IT;OUI;;Euronext;2026-08-04
IT0005377277;CLEANBNB;CBB;Action;Euronext Growth Milan;EUR;IT;OUI;;Euronext;2026-08-04
IT0005378143;PATTERN;PTR;Action;Euronext Growth Milan;EUR;IT;OUI;;Euronext;2026-08-04
IT0005378333;TALEA;TALEA;Action;Euronext Growth Milan;EUR;IT;OUI;;Euronext;2026-08-04
IT0005379406;COPERNICO;COP;Action;Euronext Growth Milan;EUR;IT;OUI;;Euronext;2026-08-04
IT0005379604;CONFINVEST ORO;CFV;Action;Euronext Growth Milan;EUR;IT;OUI;;Euronext;2026-08-04
IT0005379737;RADICI;RAD;Action;Euronext Growth Milan;EUR;IT;OUI;;Euronext;2026-08-04
IT0005380461;UCAPITAL24;U24;Action;Euronext Growth Milan;EUR;IT;OUI;;Euronext;2026-08-04
IT0005380602;SIPARIO MOVIES;ALIE;Action;Euronext Growth Paris;EUR;IT;OUI;;Euronext;2026-08-04
IT0005383291;FERRETTI;YACHT;Action;Euronext Milan;EUR;IT;OUI;;Euronext;2026-08-04
IT0005384901;WEBSOLUTE;WBS;Action;Euronext Growth Milan;EUR;IT;OUI;;Euronext;2026-08-04
IT0005385213;NEWPRINCES;NWL;Action;Euronext Milan;EUR;IT;OUI;;Euronext;2026-08-04
IT0005386369;ARTERRA BIOSCIENCE;ARBS;Action;Euronext Growth Milan;EUR;IT;OUI;;Euronext;2026-08-04
IT0005388449;MATICA FINTEC;MFT;Action;Euronext Growth Milan;EUR;IT;OUI;;Euronext;2026-08-04
IT0005391104;W GISMONDI 19-26;WGIS26;Action;Euronext Growth Milan;EUR;IT;OUI;;Euronext;2026-08-04
IT0005391138;GISMONDI 1754;GIS;Action;Euronext Growth Milan;EUR;IT;OUI;;Euronext;2026-08-04
IT0005391161;INNOVATIVE RFK SPA;MLIRF;Action;Euronext Access Paris;EUR;IT;OUI;;Euronext;2026-08-04
IT0005391229;E-NOVIA;E9IA;Action;Euronext Growth Milan;EUR;IT;OUI;;Euronext;2026-08-04
IT0005394413;DOXEE;DOX;Action;Euronext Growth Milan;EUR;IT;OUI;;Euronext;2026-08-04
IT0005395071;ZUCCHI;ZUC;Action;Euronext Milan;EUR;IT;OUI;;Euronext;2026-08-04
IT0005408593;CREACTIVES GROUP;CREG;Action;Euronext Growth Milan;EUR;IT;OUI;;Euronext;2026-08-04
IT0005411209;GVS;GVS;Action;Euronext Milan;EUR;IT;OUI;;Euronext;2026-08-04
IT0005412298;INNOVATEC;INC;Action;Euronext Growth Milan;EUR;IT;OUI;;Euronext;2026-08-04
IT0005412504;CY4GATE;CY4;Action;Euronext Milan;EUR;IT;OUI;;Euronext;2026-08-04
IT0005416281;IND CHIMICHE FORES;ICF;Action;Euronext Growth Milan;EUR;IT;OUI;;Euronext;2026-08-04
IT0005418204;RETI;RETI;Action;Euronext Growth Milan;EUR;IT;OUI;;Euronext;2026-08-04
IT0005421885;ESI;ESIGM;Action;Euronext Growth Milan;EUR;IT;OUI;;Euronext;2026-08-04
IT0005424830;OSAI AUTOM SYSTEM;OSA;Action;Euronext Growth Milan;EUR;IT;OUI;;Euronext;2026-08-04
IT0005425050;TECMA SOLUTIONS;TCM;Action;Euronext Growth Milan;EUR;IT;OUI;;Euronext;2026-08-04
IT0005425092;W AMBROMOBIL 20-26;WAMB26;Action;Euronext Growth Milan;EUR;IT;OUI;;Euronext;2026-08-04
IT0005425365;PROMOTICA;PMT;Action;Euronext Growth Milan;EUR;IT;OUI;;Euronext;2026-08-04
IT0005426215;CONVERGENZE;CVG;Action;Euronext Growth Milan;EUR;IT;OUI;;Euronext;2026-08-04
IT0005427510;MIT SIM;MTS;Action;Euronext Growth Milan;EUR;IT;OUI;;Euronext;2026-08-04
IT0005428898;TENAX INTERNAT;TNX;Action;Euronext Growth Milan;EUR;IT;OUI;;Euronext;2026-08-04
IT0005430936;EVISO;EVISO;Action;Euronext Growth Milan;EUR;IT;OUI;;Euronext;2026-08-04
IT0005430951;PLANETEL;PLN;Action;Euronext Growth Milan;EUR;IT;OUI;;Euronext;2026-08-04
IT0005433765;VANTEA SMART;VNT;Action;Euronext Growth Milan;EUR;IT;OUI;;Euronext;2026-08-04
IT0005438046;SECO;IOT;Action;Euronext Milan;EUR;IT;OUI;;Euronext;2026-08-04
IT0005439085;THE ITALIAN SEA G;TISG;Action;Euronext Milan;EUR;IT;OUI;;Euronext;2026-08-04
IT0005439861;A.B.P. NOCIVELLI;ABP;Action;Euronext Growth Milan;EUR;IT;OUI;;Euronext;2026-08-04
IT0005440323;4AIM SICAF COMP 2;AIM2;Action;Euronext Growth Milan;EUR;IT;OUI;;Euronext;2026-08-04
IT0005440893;WIIT;WIIT;Action;Euronext Milan;EUR;IT;OUI;;Euronext;2026-08-04
IT0005442154;PREMIA FINANCE;PFI;Action;Euronext Growth Milan;EUR;IT;OUI;;Euronext;2026-08-04
IT0005443061;ACQUAZZURRA;ACQ;Action;Euronext Growth Milan;EUR;IT;OUI;;Euronext;2026-08-04
IT0005445280;ABITARE IN;ABT;Action;Euronext Milan;EUR;IT;OUI;;Euronext;2026-08-04
IT0005446718;W SOST.COM 21-26;WSOS26;Action;Euronext Growth Milan;EUR;IT;OUI;;Euronext;2026-08-04
IT0005446726;W TRAWELL CO 21-26;WTWL26;Action;Euronext Growth Milan;EUR;IT;OUI;;Euronext;2026-08-04
IT0005449464;ATON GREEN STORAGE;ATON;Action;Euronext Growth Milan;EUR;IT;OUI;;Euronext;2026-08-04
IT0005450173;MEGLIOQUESTO;MQSPA;Action;Euronext Growth Milan;EUR;IT;OUI;;Euronext;2026-08-04
IT0005450694;HIGH QUALITY FOOD;HQF;Action;Euronext Growth Milan;EUR;IT;OUI;;Euronext;2026-08-04
IT0005450819;MEXEDIA;ALMEX;Action;Euronext Growth Paris;EUR;IT;OUI;;Euronext;2026-08-04
IT0005451213;HELYX INDUSTRIES;HLX;Action;Euronext Growth Milan;EUR;IT;OUI;;Euronext;2026-08-04
IT0005453003;GIGLIO.COM;GCOM;Action;Euronext Growth Milan;EUR;IT;OUI;;Euronext;2026-08-04
IT0005453110;NUSCO;NUS;Action;Euronext Growth Milan;EUR;IT;OUI;;Euronext;2026-08-04
IT0005453235;COMPAGNIA  CARAIBI;TIME;Action;Euronext Growth Milan;EUR;IT;OUI;;Euronext;2026-08-04
IT0005453250;EL.EN.;ELN;Action;Euronext Milan;EUR;IT;OUI;;Euronext;2026-08-04
IT0005453748;OMER;OMER;Action;Euronext Growth Milan;EUR;IT;OUI;;Euronext;2026-08-04
IT0005453789;W HELYX 21-26;WHLX26;Action;Euronext Growth Milan;EUR;IT;OUI;;Euronext;2026-08-04
IT0005454027;DESTINATION ITALIA;DIT;Action;Euronext Growth Milan;EUR;IT;OUI;;Euronext;2026-08-04
IT0005455875;INTERCOS;ICOS;Action;Euronext Milan;EUR;IT;OUI;;Euronext;2026-08-04
IT0005460081;REBIRTH;ALREB;Action;Euronext Growth Paris;EUR;IT;OUI;;Euronext;2026-08-04
IT0005461303;ALLCORE;CORE;Action;Euronext Growth Milan;EUR;IT;OUI;;Euronext;2026-08-04
IT0005465619;COFLE;CFL;Action;Euronext Growth Milan;EUR;IT;OUI;;Euronext;2026-08-04
IT0005466039;ALFONSINO;ALFO;Action;Euronext Growth Milan;EUR;IT;OUI;;Euronext;2026-08-04
IT0005466195;STAR7;STAR7;Action;Euronext Growth Milan;EUR;IT;OUI;;Euronext;2026-08-04
IT0005466294;ABC COMPANY;ABC;Action;Euronext Growth Milan;EUR;IT;OUI;;Euronext;2026-08-04
IT0005466963;RACING FORCE;RFG;Action;Euronext Growth Milan | Euronext Growth Paris;EUR;IT;OUI;;Euronext;2026-08-04
IT0005468191;ESTRIMA;ESTM;Action;Euronext Growth Milan;EUR;IT;OUI;;Euronext;2026-08-04
IT0005468290;ENA;ENA;Action;Euronext Growth Milan;EUR;IT;OUI;;Euronext;2026-08-04
IT0005468357;DATRIX;DATA;Action;Euronext Growth Milan;EUR;IT;OUI;;Euronext;2026-08-04
IT0005468662;HOMIZY;HZY;Action;Euronext Growth Milan;EUR;IT;OUI;;Euronext;2026-08-04
IT0005469264;SVAS BIOSANA;SVS;Action;Euronext Growth Milan;EUR;IT;OUI;;Euronext;2026-08-04
IT0005469272;LINDBERGH;LDB;Action;Euronext Growth Milan;EUR;IT;OUI;;Euronext;2026-08-04
IT0005469371;INTERNAT CARE COMP;ICC;Action;Euronext Growth Milan;EUR;IT;OUI;;Euronext;2026-08-04
IT0005472730;ALTEA GREEN POWER;AGP;Action;Euronext Milan;EUR;IT;OUI;;Euronext;2026-08-04
IT0005474108;ISCC FINTECH;ISC;Action;Euronext Growth Milan;EUR;IT;OUI;;Euronext;2026-08-04
IT0005475147;W FIN TECH 21-26;WFTC26;Action;Euronext Growth Milan;EUR;IT;OUI;;Euronext;2026-08-04
IT0005475162;FINANZA.TECH;FTC;Action;Euronext Growth Milan;EUR;IT;OUI;;Euronext;2026-08-04
IT0005481830;ROCKET SHARING C;RKT;Action;Euronext Growth Milan;EUR;IT;OUI;;Euronext;2026-08-04
IT0005481855;MET.EXTRA GROUP;MET;Action;Euronext Milan;EUR;IT;OUI;;Euronext;2026-08-04
IT0005482333;TECHNOPROBE;TPRO;Action;Euronext Milan;EUR;IT;OUI;;Euronext;2026-08-04
IT0005487670;FARMACOSMO;COSMO;Action;Euronext Growth Milan;EUR;IT;OUI;;Euronext;2026-08-04
IT0005495657;SAIPEM;2SPM;Action;Trading After Hours | Euronext Milan;EUR;IT;OUI;;Euronext;2026-08-04
IT0005495871;YOLO GROUP;YOLO;Action;Euronext Growth Milan;EUR;IT;OUI;;Euronext;2026-08-04
IT0005496101;REDELFI;RDF;Action;Euronext Growth Milan;EUR;IT;OUI;;Euronext;2026-08-04
IT0005496473;TESSELLIS;TSL;Action;Euronext Milan;EUR;IT;OUI;;Euronext;2026-08-04
IT0005497018;NEOSPERIENCE;NSP;Action;Euronext Growth Milan;EUR;IT;OUI;;Euronext;2026-08-04
IT0005497042;BELLINI NAUTICA;BELL;Action;Euronext Growth Milan;EUR;IT;OUI;;Euronext;2026-08-04
IT0005497885;LAB FARMACEUT ERFO;ERFO;Action;Euronext Growth Milan;EUR;IT;OUI;;Euronext;2026-08-04
IT0005497893;SOLID WORLD GROUP;S3D;Action;Euronext Growth Milan;EUR;IT;OUI;;Euronext;2026-08-04
IT0005498602;W G.M. LEATH 22-27;WGML27;Action;Euronext Growth Milan;EUR;IT;OUI;;Euronext;2026-08-04
IT0005498610;G.M. LEATHER;GML;Action;Euronext Growth Milan;EUR;IT;OUI;;Euronext;2026-08-04
IT0005499923;W POZZI MI 22-2027;WPOZ27;Action;Euronext Growth Milan;EUR;IT;OUI;;Euronext;2026-08-04
IT0005499949;POZZI MILANO;POZ;Action;Euronext Growth Milan;EUR;IT;OUI;;Euronext;2026-08-04
IT0005500571;RENOVALO;RNV;Action;Euronext Growth Milan;EUR;IT;OUI;;Euronext;2026-08-04
IT0005500688;FAE TECHNOLOGY;FAE;Action;Euronext Growth Milan;EUR;IT;OUI;;Euronext;2026-08-04
IT0005500712;ENERGY;ENY;Action;Euronext Growth Milan;EUR;IT;OUI;;Euronext;2026-08-04
IT0005504128;SIAV;SIAV;Action;Euronext Growth Milan;EUR;IT;OUI;;Euronext;2026-08-04
IT0005508574;FRANCHETTI;FCH;Action;Euronext Growth Milan;EUR;IT;OUI;;Euronext;2026-08-04
IT0005508921;BANCA MPS;2BMPS;Action;Trading After Hours | Euronext Milan;EUR;IT;OUI;;Euronext;2026-08-04
IT0005513202;REVO INSURANCE;REVO;Action;Euronext Milan;EUR;IT;OUI;;Euronext;2026-08-04
IT0005515363;W ABC COMP 22-29;WABC29;Action;Euronext Growth Milan;EUR;IT;OUI;;Euronext;2026-08-04
IT0005518953;IMPIANTI;MPT;Action;Euronext Growth Milan;EUR;IT;OUI;;Euronext;2026-08-04
IT0005519837;EPRCOMUNICAZIONE;EPRB;Action;Euronext Growth Milan;EUR;IT;OUI;;Euronext;2026-08-04
IT0005521247;ERREDUE;RDUE;Action;Euronext Growth Milan;EUR;IT;OUI;;Euronext;2026-08-04
IT0005521551;SACCHERIA F. FRANC;SAC;Action;Euronext Growth Milan;EUR;IT;OUI;;Euronext;2026-08-04
IT0005523839;DOTSTAY;DOT;Action;Euronext Growth Milan;EUR;IT;OUI;;Euronext;2026-08-04
IT0005525347;MAGIS;MGS;Action;Euronext Growth Milan;EUR;IT;OUI;;Euronext;2026-08-04
IT0005527616;EUROGROUP LAM;EGLA;Action;Euronext Milan;EUR;IT;OUI;;Euronext;2026-08-04
IT0005528069;REWAY GROUP;RWY;Action;Euronext Growth Milan;EUR;IT;OUI;;Euronext;2026-08-04
IT0005528929;W DEOD GALLE 23-28;WART28;Action;Euronext Growth Milan;EUR;IT;OUI;;Euronext;2026-08-04
IT0005528937;DEODATO.GALLERY;ART;Action;Euronext Growth Milan;EUR;IT;OUI;;Euronext;2026-08-04
IT0005531238;TMP GROUP;TMP;Action;Euronext Growth Milan;EUR;IT;OUI;;Euronext;2026-08-04
IT0005531261;GENTILI MOSCONI;GM;Action;Euronext Growth Milan;EUR;IT;OUI;;Euronext;2026-08-04
IT0005532483;CUBE LABS;CUBE;Action;Euronext Growth Milan;EUR;IT;OUI;;Euronext;2026-08-04
IT0005532525;VALTECNE;VLT;Action;Euronext Growth Milan;EUR;IT;OUI;;Euronext;2026-08-04
IT0005541336;LOTTOMATICA GROUP;2LTMC;Action;Trading After Hours | Euronext Milan;EUR;IT;OUI;;Euronext;2026-08-04
IT0005543332;ECOMEMBRANE;ECMB;Action;Euronext Growth Milan;EUR;IT;OUI;;Euronext;2026-08-04
IT0005543480;DEXELANCE;DEX;Action;Euronext Milan;EUR;IT;OUI;;Euronext;2026-08-04
IT0005543613;RES;RES;Action;Euronext Growth Milan;EUR;IT;OUI;;Euronext;2026-08-04
IT0005545238;PORTO AVIATION;PAG;Action;Euronext Growth Milan;EUR;IT;OUI;;Euronext;2026-08-04
IT0005545675;OPS RETAIL;OPR;Action;Euronext Milan;EUR;IT;OUI;;Euronext;2026-08-04
IT0005546103;CYBEROO;CYB;Action;Euronext Growth Milan;EUR;IT;OUI;;Euronext;2026-08-04
IT0005546319;PASQUARELLI AUTO;PSQ;Action;Euronext Growth Milan;EUR;IT;OUI;;Euronext;2026-08-04
IT0005548521;AATECH;AAT;Action;Euronext Growth Milan;EUR;IT;OUI;;Euronext;2026-08-04
IT0005549255;I.M.D.;IMD;Action;Euronext Growth Milan;EUR;IT;OUI;;Euronext;2026-08-04
IT0005549354;REDFISH;RFLTC;Action;Euronext Growth Milan;EUR;IT;OUI;;Euronext;2026-08-04
IT0005549768;GREEN OLEO;GRN;Action;Euronext Growth Milan;EUR;IT;OUI;;Euronext;2026-08-04
IT0005550501;W AATECH 23-28;WAAT28;Action;Euronext Growth Milan;EUR;IT;OUI;;Euronext;2026-08-04
IT0005554784;IVISION TECH;IVN;Action;Euronext Growth Milan;EUR;IT;OUI;;Euronext;2026-08-04
IT0005556110;VNE;VNE;Action;Euronext Growth Milan;EUR;IT;OUI;;Euronext;2026-08-04
IT0005556532;W SICILY BY CAR A;WSBCA;Action;Euronext Growth Milan;EUR;IT;OUI;;Euronext;2026-08-04
IT0005556581;SICILY BY CAR;SBC;Action;Euronext Growth Milan;EUR;IT;OUI;;Euronext;2026-08-04
IT0005556599;W SICILY BY CAR B;WSBCB;Action;Euronext Growth Milan;EUR;IT;OUI;;Euronext;2026-08-04
IT0005556607;W SICILY BY CAR C;WSBCC;Action;Euronext Growth Milan;EUR;IT;OUI;;Euronext;2026-08-04
IT0005557498;WARR EXECUS 23-26;WEXE26;Action;Euronext Growth Milan;EUR;IT;OUI;;Euronext;2026-08-04
IT0005557514;E-GLOBE;EGB;Action;Euronext Growth Milan;EUR;IT;OUI;;Euronext;2026-08-04
IT0005557530;EXECUS;EXEC;Action;Euronext Growth Milan;EUR;IT;OUI;;Euronext;2026-08-04
IT0005561441;EDIL SAN FELICE;ESF;Action;Euronext Growth Milan;EUR;IT;OUI;;Euronext;2026-08-04
IT0005561466;ELSA SOLUTIONS;ELSA;Action;Euronext Growth Milan;EUR;IT;OUI;;Euronext;2026-08-04
IT0005562183;EMMA VILLAS;EAV;Action;Euronext Growth Milan;EUR;IT;OUI;;Euronext;2026-08-04
IT0005562514;VALICA;VLC;Action;Euronext Growth Milan;EUR;IT;OUI;;Euronext;2026-08-04
IT0005568305;W INNOVATEC 23-26;WINC26;Action;Euronext Growth Milan;EUR;IT;OUI;;Euronext;2026-08-04
IT0005568461;SBE-VARVIT;VARV;Action;Euronext Growth Milan;EUR;IT;OUI;;Euronext;2026-08-04
IT0005568487;XENIA;XHS;Action;Euronext Growth Milan;EUR;IT;OUI;;Euronext;2026-08-04
IT0005572778;JUVENTUS FC;JUVE;Action;Euronext Milan;EUR;IT;OUI;;Euronext;2026-08-04
IT0005573065;UNIDATA;UD;Action;Euronext Milan;EUR;IT;OUI;;Euronext;2026-08-04
IT0005573123;SIMONE;SMN;Action;Euronext Growth Milan;EUR;IT;OUI;;Euronext;2026-08-04
IT0005573172;WARR SIMONE 23-26;WSMN26;Action;Euronext Growth Milan;EUR;IT;OUI;;Euronext;2026-08-04
IT0005573305;W LEMON 23-26;WLS26;Action;Euronext Growth Milan;EUR;IT;OUI;;Euronext;2026-08-04
IT0005573438;LEMON SISTEMI;LS;Action;Euronext Growth Milan;EUR;IT;OUI;;Euronext;2026-08-04
IT0005573818;ESPE;ESPE;Action;Euronext Growth Milan;EUR;IT;OUI;;Euronext;2026-08-04
IT0005573966;YAKKYO;YKY;Action;Euronext Growth Milan;EUR;IT;OUI;;Euronext;2026-08-04
IT0005577090;CLOUDIA RESEARCH;AGAIN;Action;Euronext Growth Milan;EUR;IT;OUI;;Euronext;2026-08-04
IT0005577868;OPS ITALIA;OPS;Action;Euronext Milan;EUR;IT;OUI;;Euronext;2026-08-04
IT0005578395;ILLA;ILLA;Action;Euronext Growth Milan;EUR;IT;OUI;;Euronext;2026-08-04
IT0005586497;EGOMNIA;EGN;Action;Euronext Growth Milan;EUR;IT;OUI;;Euronext;2026-08-04
IT0005586950;MEVIM;MEV;Action;Euronext Growth Milan;EUR;IT;OUI;;Euronext;2026-08-04
IT0005588626;MARE ENGINEERING;MARE;Action;Euronext Growth Milan;EUR;IT;OUI;;Euronext;2026-08-04
IT0005594418;NEXT GEOSOLUTIONS;NXT;Action;Euronext Growth Milan;EUR;IT;OUI;;Euronext;2026-08-04
IT0005595423;SYS-DAT;SYS;Action;Euronext Milan;EUR;IT;OUI;;Euronext;2026-08-04
IT0005597411;SOGES GROUP;SOGES;Action;Euronext Growth Milan;EUR;IT;OUI;;Euronext;2026-08-04
IT0005597551;W SOGES 2024-2027;WSOGES;Action;Euronext Growth Milan;EUR;IT;OUI;;Euronext;2026-08-04
IT0005599862;WFINCANTIERI 24-26;WFCT26;Action;Euronext Milan;EUR;IT;OUI;;Euronext;2026-08-04
IT0005599938;FINCANTIERI;FCT;Action;Euronext Milan;EUR;IT;OUI;;Euronext;2026-08-04
IT0005600231;W ADRIATICA 24-27;WDEA27;Action;Euronext Growth Milan;EUR;IT;OUI;;Euronext;2026-08-04
IT0005600249;DIS ELET ADRIATICA;DEA;Action;Euronext Growth Milan;EUR;IT;OUI;;Euronext;2026-08-04
IT0005600801;LITIX;LTX;Action;Euronext Growth Milan;EUR;IT;OUI;;Euronext;2026-08-04
IT0005603078;MISITANO STRACUZZI;MS;Action;Euronext Growth Milan;EUR;IT;OUI;;Euronext;2026-08-04
IT0005605701;NOVAMARINE;NOVA;Action;Euronext Growth Milan;EUR;IT;OUI;;Euronext;2026-08-04
IT0005607541;W GT TALENT 24-27;WGT27;Action;Euronext Growth Milan;EUR;IT;OUI;;Euronext;2026-08-04
IT0005607699;GT TALENT GROUP;GT;Action;Euronext Growth Milan;EUR;IT;OUI;;Euronext;2026-08-04
IT0005607715;ADVENTURE;ADV;Action;Euronext Growth Milan;EUR;IT;OUI;;Euronext;2026-08-04
IT0005610958;DOVALUE;DOV;Action;Euronext Milan;EUR;IT;OUI;;Euronext;2026-08-04
IT0005611071;PREDICT;PRE;Action;Euronext Growth Milan;EUR;IT;OUI;;Euronext;2026-08-04
IT0005611642;BESTBE HOLDING;BES;Action;Euronext Milan;EUR;IT;OUI;;Euronext;2026-08-04
IT0005613739;GLASS TO POWER;MLGL;Action;Euronext Access Paris;EUR;IT;OUI;;Euronext;2026-08-04
IT0005618043;COGEFEED;CGF;Action;Euronext Growth Milan;EUR;IT;OUI;;Euronext;2026-08-04
IT0005619843;LANDI RENZO;LNDR;Action;Euronext Milan;EUR;IT;OUI;;Euronext;2026-08-04
IT0005621070;SMART CAPITAL;SMCAP;Action;Euronext Growth Milan;EUR;IT;OUI;;Euronext;2026-08-04
IT0005622581;VIVENDA GROUP;VVG;Action;Euronext Growth Milan;EUR;IT;OUI;;Euronext;2026-08-04
IT0005623845;EPH INVEST;EPH;Action;Euronext Milan;EUR;IT;OUI;;Euronext;2026-08-04
IT0005627762;EDGELAB;ELB;Action;Euronext Growth Milan;EUR;IT;OUI;;Euronext;2026-08-04
IT0005628158;UBALDI COSTRUZIONI;UBA;Action;Euronext Growth Milan;EUR;IT;OUI;;Euronext;2026-08-04
IT0005628760;W HAIKI+ 25-26;WHIK26;Action;Euronext Growth Milan;EUR;IT;OUI;;Euronext;2026-08-04
IT0005628778;HAIKI+;HIK;Action;Euronext Growth Milan;EUR;IT;OUI;;Euronext;2026-08-04
IT0005630220;WDESTINATION 24-27;WDIT27;Action;Euronext Growth Milan;EUR;IT;OUI;;Euronext;2026-08-04
IT0005632945;COM.TEL;CMTL;Action;Euronext Growth Milan;EUR;IT;OUI;;Euronext;2026-08-04
IT0005634610;OLIDATA;OLI;Action;Euronext Milan;EUR;IT;OUI;;Euronext;2026-08-04
IT0005644809;WARR GEOX 25-26;WGEO26;Action;Euronext Milan;EUR;IT;OUI;;Euronext;2026-08-04
IT0005645541;WARR DHH 25-28;WDHH28;Action;Euronext Growth Milan;EUR;IT;OUI;;Euronext;2026-08-04
IT0005651481;METRIKS AI;MTK;Action;Euronext Growth Milan;EUR;IT;OUI;;Euronext;2026-08-04
IT0005651507;TRADELAB;TRAI;Action;Euronext Growth Milan;EUR;IT;OUI;;Euronext;2026-08-04
IT0005652414;VINEXT;VNXT;Action;Euronext Growth Milan;EUR;IT;OUI;;Euronext;2026-08-04
IT0005652422;W VINEXT 25-28;WVNXT;Action;Euronext Growth Milan;EUR;IT;OUI;;Euronext;2026-08-04
IT0005652489;GIOCAMONDO STUDY;GMS;Action;Euronext Growth Milan;EUR;IT;OUI;;Euronext;2026-08-04
IT0005654683;FIDIA;FDA;Action;Euronext Milan;EUR;IT;OUI;;Euronext;2026-08-04
IT0005654766;ECOSUNTEK;ECK;Action;Euronext Growth Milan;EUR;IT;OUI;;Euronext;2026-08-04
IT0005658841;TECNO;TCG;Action;Euronext Growth Milan;EUR;IT;OUI;;Euronext;2026-08-04
IT0005659724;DEDEM;DDM;Action;Euronext Growth Milan;EUR;IT;OUI;;Euronext;2026-08-04
IT0005660219;ENERGY TIME;ET;Action;Euronext Growth Milan;EUR;IT;OUI;;Euronext;2026-08-04
IT0005663361;OTOFARMA;OTO;Action;Euronext Growth Milan;EUR;IT;OUI;;Euronext;2026-08-04
IT0005663429;RINO PETINO;RPTN;Action;Euronext Growth Milan;EUR;IT;OUI;;Euronext;2026-08-04
IT0005664195;W RINOPETINO 25-28;WRPTN;Action;Euronext Growth Milan;EUR;IT;OUI;;Euronext;2026-08-04
IT0005664641;FRIENDS;AMI;Action;Euronext Growth Milan;EUR;IT;OUI;;Euronext;2026-08-04
IT0005669558;E.T.S.;ETS;Action;Euronext Growth Milan;EUR;IT;OUI;;Euronext;2026-08-04
IT0005670929;W MARKBASS 25-27;WMARK;Action;Euronext Growth Milan;EUR;IT;OUI;;Euronext;2026-08-04
IT0005670960;MARKBASS;MARK;Action;Euronext Growth Milan;EUR;IT;OUI;;Euronext;2026-08-04
IT0005672461;gAIn360;GAIN;Action;Euronext Growth Milan;EUR;IT;OUI;;Euronext;2026-08-04
IT0005672602;WARR GAIN360 25-28;WGAIN;Action;Euronext Growth Milan;EUR;IT;OUI;;Euronext;2026-08-04
IT0005676140;Piu' Medical;PMED;Action;Euronext Growth Milan;EUR;IT;OUI;;Euronext;2026-08-04
IT0005678104;KALEON;KLN;Action;Euronext Growth Milan | Euronext Growth Paris;EUR;IT;OUI;;Euronext;2026-08-04
IT0005680373;RT&L;RTL;Action;Euronext Growth Milan;EUR;IT;OUI;;Euronext;2026-08-04
IT0005683401;TELMES;TLM;Action;Euronext Growth Milan;EUR;IT;OUI;;Euronext;2026-08-04
IT0005683781;WARR TELMES 25-28;WTLM28;Action;Euronext Growth Milan;EUR;IT;OUI;;Euronext;2026-08-04
IT0005687469;Praexidia;PRXD;Action;Euronext Growth Milan;EUR;IT;OUI;;Euronext;2026-08-04
IT0005689929;W SG COMPANY 26-31;WSGC31;Action;Euronext Growth Milan;EUR;IT;OUI;;Euronext;2026-08-04
IT0005703761;W DEXELANCE 26-29;DEX29;Action;Euronext Milan;EUR;IT;OUI;;Euronext;2026-08-04
IT0005704439;BCA PROFILO;PRO;Action;Euronext Milan;EUR;IT;OUI;;Euronext;2026-08-04
IT0005707341;KRUSO KAPITAL;KK;Action;Euronext Milan;EUR;IT;OUI;;Euronext;2026-08-04
IT0005707846;WARR FRIENDS 26-28;WAMI28;Action;Euronext Growth Milan;EUR;IT;OUI;;Euronext;2026-08-04
IT0005708174;AEDES;AEDES;Action;Euronext Milan;EUR;IT;OUI;;Euronext;2026-08-04
IT0005709909;TREVI FIN IND;TFIN;Action;Euronext Milan;EUR;IT;OUI;;Euronext;2026-08-04
IT0005712671;TELECOM ITALIA;TIT;Action;Euronext Milan | Trading After Hours;EUR;IT;OUI;;Euronext;2026-08-04
IT0005713232;GENS AUREA;OROX;Action;Euronext Milan;EUR;IT;OUI;;Euronext;2026-08-04
IT0005713646;OPT;OPTS;Action;Euronext Growth Milan;EUR;IT;OUI;;Euronext;2026-08-04
IT0005716813;DIPIETRO GROUP;DPG;Action;Euronext Growth Milan;EUR;IT;OUI;;Euronext;2026-08-04
IT0005717241;ALIA MENTIS;ALMS;Action;Euronext Growth Milan;EUR;IT;OUI;;Euronext;2026-08-04
IT0005717571;TRAWELL CO;TWL;Action;Euronext Growth Milan;EUR;IT;OUI;;Euronext;2026-08-04
IT0005717696;BENDING SPOONS;1BSP;Action;Euronext Global Equity Market | Trading After Hours;EUR;IT;OUI;;Euronext;2026-08-04
IT0005719965;WARR ETI 26-29;WETI29;Action;Euronext Growth Milan;EUR;IT;OUI;;Euronext;2026-08-04
IT0005720005;ETI;ETI;Action;Euronext Growth Milan;EUR;IT;OUI;;Euronext;2026-08-04
IT0005720500;FIRST POINT;FPT;Action;Euronext Growth Milan;EUR;IT;OUI;;Euronext;2026-08-04
IT0005722191;GIUNTI;GPSY;Action;Euronext Growth Milan;EUR;IT;OUI;;Euronext;2026-08-04
IT0005723074;GUIDOTTI SHIPS;GDT;Action;Euronext Growth Milan;EUR;IT;OUI;;Euronext;2026-08-04
IT0005723371;WARR EHI;WEHI;Action;Euronext Growth Milan;EUR;IT;OUI;;Euronext;2026-08-04
IT0005723405;EHI;EHI;Action;Euronext Growth Milan;EUR;IT;OUI;;Euronext;2026-08-04
JE00B4T3BW64;GLENCORE;4GLEN;Action;EuroTLX;EUR;JE;NON;;Euronext;2026-08-04
JE00BRX98089;CVC CAPITAL;CVC;Action;Euronext Amsterdam;EUR;JE;NON;;Euronext;2026-08-04
JE00BV7DQ550;Amcor PLC;1AMCR;Action;Euronext Global Equity Market;EUR;JE;NON;;Euronext;2026-08-04
KYG037AX1015;AMBARELLA INC;1AMBA;Action;Euronext Global Equity Market;EUR;KY;NON;;Euronext;2026-08-04
KYG114481008;Bitdeer Tech;1BTDR;Action;Euronext Global Equity Market;EUR;KY;NON;;Euronext;2026-08-04
KYG137071075;BM3EAC;BACE;Action;Euronext Amsterdam;USD;KY;NON;;Euronext;2026-08-04
KYG3323L1005;FABRINET;1FN;Action;Euronext Global Equity Market;EUR;KY;NON;;Euronext;2026-08-04
KYG393871085;GLOBALFOUNDRIES;1GFS;Action;Euronext Global Equity Market;EUR;KY;NON;;Euronext;2026-08-04
KYG651631007;JOBY AVIATION INC;1JOBY;Action;Euronext Global Equity Market;EUR;KY;NON;;Euronext;2026-08-04
KYG6683N1034;NU Holdings;1NUH;Action;Euronext Global Equity Market;EUR;KY;NON;;Euronext;2026-08-04
KYG812291253;Sea1 Offshore;SEA1;Action;Euronext Growth Oslo;NOK;KY;NON;;Euronext;2026-08-04
KYG851581069;STONECO LTD-A;1STNE;Action;Euronext Global Equity Market;EUR;KY;NON;;Euronext;2026-08-04
KYG982391099;XP INC - CLASS A;1XP;Action;Euronext Global Equity Market;EUR;KY;NON;;Euronext;2026-08-04
LU0061462528;RTL Group SA;1RRTL;Action;Euronext Global Equity Market;EUR;LU;OUI;;Euronext;2026-08-04
LU0075646355;SUBSEA 7;SUBC;Action;Oslo Børs;NOK;LU;OUI;;Euronext;2026-08-04
LU0088087324;SES;SESG;Action;Euronext Paris;EUR;LU;OUI;;Euronext;2026-08-04
LU0383812293;REINET INVESTMENTS;REINA;Action;Euronext Amsterdam;EUR;LU;OUI;;Euronext;2026-08-04
LU0569974404;APERAM;APAM;Action;Euronext Amsterdam, Brussels, Paris | Trading After Hours;EUR;LU;OUI;;Euronext;2026-08-04
LU1068091351;BREDERODE;BREB;Action;Euronext Brussels;EUR;LU;OUI;;Euronext;2026-08-04
LU1250154413;ADLER GROUP;4ADJ;Action;EuroTLX | Euronext Global Equity Market | Trading After Hours;EUR;LU;OUI;;Euronext;2026-08-04
LU1296758029;CORESTATE CAPITAL;2CCAP;Action;Trading After Hours | Euronext Global Equity Market;EUR;LU;OUI;;Euronext;2026-08-04
LU1598757687;ARCELORMITTAL;4MT;Action;EuroTLX | Euronext Amsterdam, Paris;EUR;LU;OUI;;Euronext;2026-08-04
LU1673108939;Aroundtown SA;1AT1;Action;Euronext Global Equity Market;EUR;LU;OUI;;Euronext;2026-08-04
LU1778762911;SPOTIFY TECHNOLOGY;2SPOT;Action;Trading After Hours | Euronext Global Equity Market | EuroTLX;EUR;LU;OUI;;Euronext;2026-08-04
LU2290522684;INPOST;2INPST;Action;Trading After Hours | Euronext Amsterdam;EUR;LU;OUI;;Euronext;2026-08-04
LU2592315662;D'AMICO;DIS;Action;Euronext Milan;EUR;LU;OUI;;Euronext;2026-08-04
LU2598331598;TENARIS;2TEN;Action;Trading After Hours | Euronext Milan;EUR;LU;OUI;;Euronext;2026-08-04
LU2999653251;YOUNITED FINANCIAL;YOUNI;Action;Euronext Paris;EUR;LU;OUI;;Euronext;2026-08-04
LU2999660207;YOUNITED FIN. WARR;YOUNW;Action;Euronext Paris;EUR;LU;OUI;;Euronext;2026-08-04
MA0000011488;MAROC TELECOM;IAM;Action;Euronext Paris;EUR;MA;NON;;Euronext;2026-08-04
MC0000031187;BAINS MER MONACO;BAIN;Action;Euronext Paris;EUR;MC;NON;;Euronext;2026-08-04
MC0010000826;CFM INDOSUEZWEALTH;MLCFM;Action;Euronext Access Paris;EUR;MC;NON;;Euronext;2026-08-04
MHY1096C1093;CAPITAL TANKERS;CAPT;Action;Euronext Growth Oslo;NOK;MH;NON;;Euronext;2026-08-04
MHY641771016;OKEANIS ECO TANKER;OET;Action;Oslo Børs;NOK;MH;NON;;Euronext;2026-08-04
MT0001710103;RIVER TECH;RIVER;Action;Euronext Growth Oslo;NOK;MT;OUI;;Euronext;2026-08-04
MT0003060101;GOLD ROAD INTL;GOLDR;Action;Euronext Growth Oslo;NOK;MT;OUI;;Euronext;2026-08-04
NL0000008977;HEINEKEN HOLDING;HEIO;Action;Euronext Amsterdam;EUR;NL;OUI;;Euronext;2026-08-04
NL0000009082;KONINKLIJKE KPN;4KPN;Action;EuroTLX | Trading After Hours | Euronext Amsterdam;EUR;NL;OUI;;Euronext;2026-08-04
NL0000009165;HEINEKEN;4HEIA;Action;EuroTLX | Trading After Hours | Euronext Amsterdam;EUR;NL;OUI;;Euronext;2026-08-04
NL0000009322;PHILIPS BUY BACK;INPHI;Action;Euronext Amsterdam;EUR;NL;OUI;;Euronext;2026-08-04
NL0000009538;PHILIPS;1PHIA;Action;Euronext Global Equity Market | EuroTLX | Trading After Hours | Euronext Amsterdam;EUR;NL;OUI;;Euronext;2026-08-04
NL0000018034;AJAX;AJAX;Action;Euronext Amsterdam;EUR;NL;OUI;;Euronext;2026-08-04
NL0000226223;STMICROELECTRONICS;STMMI;Action;Euronext Milan | Trading After Hours | Euronext Paris;EUR;NL;OUI;;Euronext;2026-08-04
NL0000235190;AIRBUS;2AIR;Action;Trading After Hours | Euronext Global Equity Market | Euronext Paris | EuroTLX;EUR;NL;OUI;;Euronext;2026-08-04
NL0000285278;BEVER HOLDING;BEVER;Action;Euronext Amsterdam;EUR;NL;OUI;;Euronext;2026-08-04
NL0000289213;WERELDHAVE;WHA;Action;Euronext Amsterdam;EUR;NL;OUI;;Euronext;2026-08-04
NL0000302636;V LANSCHOT KEMPEN;2VLK;Action;Trading After Hours | Euronext Amsterdam;EUR;NL;OUI;;Euronext;2026-08-04
NL0000313286;ACOMO;ACOMO;Action;Euronext Amsterdam;EUR;NL;OUI;;Euronext;2026-08-04
NL0000334118;ASM INTERNATIONAL;4ASM;Action;EuroTLX | Trading After Hours | Euronext Amsterdam;EUR;NL;OUI;;Euronext;2026-08-04
NL0000336303;PB HOLDING;PBH;Action;Euronext Amsterdam;EUR;NL;OUI;;Euronext;2026-08-04
NL0000337319;BAM GROEP KON;BAMNB;Action;Euronext Amsterdam;EUR;NL;OUI;;Euronext;2026-08-04
NL0000345577;CTAC;CTAC;Action;Euronext Amsterdam;EUR;NL;OUI;;Euronext;2026-08-04
NL0000345627;EASE2PAY NV;EAS2P;Action;Euronext Amsterdam;EUR;NL;OUI;;Euronext;2026-08-04
NL0000360618;SBM OFFSHORE;2SBMO;Action;Trading After Hours | Euronext Amsterdam;EUR;NL;OUI;;Euronext;2026-08-04
NL0000371243;NEDAP;NEDAP;Action;Euronext Amsterdam;EUR;NL;OUI;;Euronext;2026-08-04
NL0000378669;PORCELEYNE FLES;PORF;Action;Euronext Amsterdam;EUR;NL;OUI;;Euronext;2026-08-04
NL0000379121;RANDSTAD NV;RAND;Action;Euronext Amsterdam | Trading After Hours;EUR;NL;OUI;;Euronext;2026-08-04
NL0000395903;WOLTERS KLUWER;2WKL;Action;Trading After Hours | Euronext Amsterdam;EUR;NL;OUI;;Euronext;2026-08-04
NL0000440311;HOLLAND COLOURS;HOLCO;Action;Euronext Amsterdam;EUR;NL;OUI;;Euronext;2026-08-04
NL0000488153;MOPOLI;MOP;Action;Euronext Brussels;EUR;NL;OUI;;Euronext;2026-08-04
NL0000488161;MOPOLI FOND;MOPF;Action;Euronext Brussels;EUR;NL;OUI;;Euronext;2026-08-04
NL0000817179;SLIGRO FOOD GROUP;SLIGR;Action;Euronext Amsterdam;EUR;NL;OUI;;Euronext;2026-08-04
NL0000852523;TKH GROUP;2TWEKA;Action;Trading After Hours | Euronext Amsterdam;EUR;NL;OUI;;Euronext;2026-08-04
NL0000852531;KENDRION;KENDR;Action;Euronext Amsterdam;EUR;NL;OUI;;Euronext;2026-08-04
NL0000852564;AALBERTS NV;AALB;Action;Euronext Amsterdam | Trading After Hours;EUR;NL;OUI;;Euronext;2026-08-04
NL0000888691;AMG;2AMG;Action;Trading After Hours | Euronext Amsterdam;EUR;NL;OUI;;Euronext;2026-08-04
NL0006237562;ARCADIS;2ARCAD;Action;Trading After Hours | Euronext Amsterdam;EUR;NL;OUI;;Euronext;2026-08-04
NL0006294274;EURONEXT;ENXP;Action;Euronext Lisbon | Trading After Hours | Euronext Paris, Amsterdam, Brussels;EUR;NL;OUI;;Euronext;2026-08-04
NL0009169515;GREEN EARTH GROUP;EARTH;Action;Euronext Amsterdam;EUR;NL;OUI;;Euronext;2026-08-04
NL0009269109;HEIJMANS KON;HEIJM;Action;Euronext Amsterdam;EUR;NL;OUI;;Euronext;2026-08-04
NL0009312842;MKB Nedsense;NEDSE;Action;Euronext Amsterdam;EUR;NL;OUI;;Euronext;2026-08-04
NL0009391242;HYDRATEC;HYDRA;Action;Euronext Amsterdam;EUR;NL;OUI;;Euronext;2026-08-04
NL0009432491;VOPAK;VPK;Action;Euronext Amsterdam | Trading After Hours;EUR;NL;OUI;;Euronext;2026-08-04
NL0009434992;LyondellBasell;1LYB;Action;Euronext Global Equity Market;EUR;NL;OUI;;Euronext;2026-08-04
NL0009538784;NXP SEMICONDUCTORS;2NXPI;Action;Trading After Hours | EuroTLX | Euronext Global Equity Market;EUR;NL;OUI;;Euronext;2026-08-04
NL0009739416;POSTNL;PNL;Action;Euronext Amsterdam;EUR;NL;OUI;;Euronext;2026-08-04
NL0009822014;NEW SOURCES ENERGY;NSE;Action;Euronext Amsterdam;EUR;NL;OUI;;Euronext;2026-08-04
NL0010273215;ASML;2ASML;Action;Trading After Hours | EuroTLX | Euronext Global Equity Market | Euronext Amsterdam;EUR;NL;OUI;;Euronext;2026-08-04
NL0010273694;AMATHEON AGRI;MLAAH;Action;Euronext Access Paris;EUR;NL;OUI;;Euronext;2026-08-04
NL0010389508;ER Capital;ERC;Action;Euronext Amsterdam;EUR;NL;OUI;;Euronext;2026-08-04
NL0010391025;PHARMING GROUP;PHARM;Action;Euronext Amsterdam;EUR;NL;OUI;;Euronext;2026-08-04
NL0010407946;TRIODOS BANK;TRIO;Action;Euronext Amsterdam;EUR;NL;OUI;;Euronext;2026-08-04
NL0010545661;CNH INDUSTRIAL;2CNHI;Action;Trading After Hours | Euronext Global Equity Market;EUR;NL;OUI;;Euronext;2026-08-04
NL0010545679;LAVIDE HOLDING;LVIDE;Action;Euronext Amsterdam;EUR;NL;OUI;;Euronext;2026-08-04
NL0010556726;HAWICK DATA NV;HWK;Action;Euronext Amsterdam;EUR;NL;OUI;;Euronext;2026-08-04
NL0010558797;OCI;2OCI;Action;Trading After Hours | Euronext Amsterdam;EUR;NL;OUI;;Euronext;2026-08-04
NL0010583399;CORBION;2CRBN;Action;Trading After Hours | Euronext Amsterdam;EUR;NL;OUI;;Euronext;2026-08-04
NL0010623518;SEQUA PETROLEUM NV;MLSEQ;Action;Euronext Access Paris;EUR;NL;OUI;;Euronext;2026-08-04
NL0010661864;VALUE8;VALUE;Action;Euronext Amsterdam;EUR;NL;OUI;;Euronext;2026-08-04
NL0010696704;ALMUNDA PRO NV;AMUND;Action;Euronext Amsterdam;EUR;NL;OUI;;Euronext;2026-08-04
NL0010773842;NN GROUP;4NN;Action;EuroTLX | Trading After Hours | Euronext Amsterdam;EUR;NL;OUI;;Euronext;2026-08-04
NL0010776944;BRUNEL INTERNAT;BRNL;Action;Euronext Amsterdam;EUR;NL;OUI;;Euronext;2026-08-04
NL0010801007;IMCD;IMCD;Action;Euronext Amsterdam | Trading After Hours;EUR;NL;OUI;;Euronext;2026-08-04
NL0010832176;ARGENX SE;ARGX;Action;Euronext Brussels | Trading After Hours;EUR;NL;OUI;;Euronext;2026-08-04
NL0011540547;ABN AMRO BANK N.V.;ABN;Action;Euronext Amsterdam;EUR;NL;OUI;;Euronext;2026-08-04
NL0011585146;FERRARI;RACE;Action;Euronext Milan | Trading After Hours;EUR;NL;OUI;;Euronext;2026-08-04
NL0011660485;SIF HOLDING;SIFG;Action;Euronext Amsterdam;EUR;NL;OUI;;Euronext;2026-08-04
NL0011794037;AHOLD DEL;4AD;Action;EuroTLX | Euronext Amsterdam, Brussels | Trading After Hours | Euronext Global Equity Market;EUR;NL;OUI;;Euronext;2026-08-04
NL0011821202;ING GROEP;4INGA;Action;EuroTLX | Trading After Hours | Euronext Global Equity Market | Euronext Amsterdam, Brussels;EUR;NL;OUI;;Euronext;2026-08-04
NL0011821392;SIGNIFY NV;2LIGHT;Action;Trading After Hours | Euronext Amsterdam;EUR;NL;OUI;;Euronext;2026-08-04
NL0011832811;FORFARMERS;FFARM;Action;Euronext Amsterdam;EUR;NL;OUI;;Euronext;2026-08-04
NL0011872643;ASR NEDERLAND;2ASRNL;Action;Trading After Hours | Euronext Amsterdam;EUR;NL;OUI;;Euronext;2026-08-04
NL0011872650;BASIC-FIT;2BFIT;Action;Trading After Hours | Euronext Amsterdam;EUR;NL;OUI;;Euronext;2026-08-04
NL0012044747;Redcare Pharma;4SAE;Action;EuroTLX | Euronext Global Equity Market;EUR;NL;OUI;;Euronext;2026-08-04
NL0012059018;EXOR NV;2EXO;Action;Trading After Hours | Euronext Amsterdam;EUR;NL;OUI;;Euronext;2026-08-04
NL0012194724;ALUMEXX N.V.;ALX;Action;Euronext Amsterdam;EUR;NL;OUI;;Euronext;2026-08-04
NL0012365084;NSI N.V.;NSI;Action;Euronext Amsterdam;EUR;NL;OUI;;Euronext;2026-08-04
NL0012650535;PARX MATERIALS NV;MLPRX;Action;Euronext Access Paris;EUR;NL;OUI;;Euronext;2026-08-04
NL0012747059;CM.COM;CMCOM;Action;Euronext Amsterdam;EUR;NL;OUI;;Euronext;2026-08-04
NL0012817175;ALFEN;ALFEN;Action;Euronext Amsterdam | Trading After Hours | EuroTLX;EUR;NL;OUI;;Euronext;2026-08-04
NL0012866412;BE SEMICONDUCTOR;2BESI;Action;Trading After Hours | Euronext Amsterdam;EUR;NL;OUI;;Euronext;2026-08-04
NL0012969182;ADYEN;ADYEN;Action;Euronext Amsterdam | EuroTLX | Trading After Hours;EUR;NL;OUI;;Euronext;2026-08-04
NL0013267909;AKZO NOBEL;AKZA;Action;Euronext Amsterdam | EuroTLX | Trading After Hours;EUR;NL;OUI;;Euronext;2026-08-04
NL0013332471;TOMTOM;TOM2;Action;Euronext Amsterdam;EUR;NL;OUI;;Euronext;2026-08-04
NL0013654783;PROSUS;2PRX;Action;Trading After Hours | EuroTLX | Euronext Amsterdam;EUR;NL;OUI;;Euronext;2026-08-04
NL0013654809;FASTNED;FAST;Action;Euronext Amsterdam;EUR;NL;OUI;;Euronext;2026-08-04
NL0013995087;CEMENTIR HOLDING;CEM;Action;Euronext Milan;EUR;NL;OUI;;Euronext;2026-08-04
NL0014559478;TECHNIP ENERGIES;2TE;Action;Trading After Hours | Euronext Paris;EUR;NL;OUI;;Euronext;2026-08-04
NL00150000S7;CABKA;CABKA;Action;Euronext Amsterdam;EUR;NL;OUI;;Euronext;2026-08-04
NL00150000U3;CABKA EUR 12W;DSCW2;Action;Euronext Amsterdam;EUR;NL;OUI;;Euronext;2026-08-04
NL00150000V1;CABKA EUR 13W;DSCW3;Action;Euronext Amsterdam;EUR;NL;OUI;;Euronext;2026-08-04
NL00150001Q9;STELLANTIS;2STLAM;Action;Trading After Hours | Euronext Milan | Euronext Paris;EUR;NL;OUI;;Euronext;2026-08-04
NL00150001S5;THE KINGFISH COMP;KING;Action;Euronext Growth Oslo;NOK;NL;OUI;;Euronext;2026-08-04
NL00150002Q7;VIVORYON;VVY;Action;Euronext Amsterdam;EUR;NL;OUI;;Euronext;2026-08-04
NL00150002R5;CABKA DSC2 TS;DSC2S;Action;Euronext Amsterdam;EUR;NL;OUI;;Euronext;2026-08-04
NL00150003E1;FUGRO;2FUR;Action;Trading After Hours | Euronext Amsterdam;EUR;NL;OUI;;Euronext;2026-08-04
NL00150006R6;CTP;2CTPNV;Action;Trading After Hours | Euronext Amsterdam;EUR;NL;OUI;;Euronext;2026-08-04
NL00150006Z9;AZERION;AZRN;Action;Euronext Amsterdam;EUR;NL;OUI;;Euronext;2026-08-04
NL00150007A0;AZERION WARRANTS;AZRNW;Action;Euronext Amsterdam;EUR;NL;OUI;;Euronext;2026-08-04
NL0015000CF4;NAI TREAS SHARES;NAITR;Action;Euronext Amsterdam;EUR;NL;OUI;;Euronext;2026-08-04
NL0015000CG2;NAI ORD SHARES;NAI;Action;Euronext Amsterdam;EUR;NL;OUI;;Euronext;2026-08-04
NL0015000CH0;NAI WARRANTS;NAIW;Action;Euronext Amsterdam;EUR;NL;OUI;;Euronext;2026-08-04
NL0015000D50;NX FILTRATION;NXFIL;Action;Euronext Amsterdam;EUR;NL;OUI;;Euronext;2026-08-04
NL0015000GX8;ENVIPCO HOLDING;ENVIP;Action;Oslo Børs | Euronext Amsterdam;NOK;NL;OUI;;Euronext;2026-08-04
NL0015000H56;BANIJAY GROUP WARR;BNJW;Action;Euronext Amsterdam;EUR;NL;OUI;;Euronext;2026-08-04
NL0015000HT4;ONWARD MEDICAL;ONWD;Action;Euronext Brussels, Amsterdam, Paris;EUR;NL;OUI;;Euronext;2026-08-04
NL0015000IY2;UMG;UMG;Action;Euronext Amsterdam | Trading After Hours;EUR;NL;OUI;;Euronext;2026-08-04
NL0015000K93;EUROCOMMERCIAL;2ECMPA;Action;Trading After Hours | Euronext Milan | Euronext Amsterdam, Brussels;EUR;NL;OUI;;Euronext;2026-08-04
NL0015000LU4;IVECO GROUP;2IVG;Action;Trading After Hours | Euronext Milan;EUR;NL;OUI;;Euronext;2026-08-04
NL0015000N33;ARISTON HOLDING;ARIS;Action;Euronext Milan;EUR;NL;OUI;;Euronext;2026-08-04
NL0015000NK1;QEV WARRANTS;QEVW;Action;Euronext Amsterdam;EUR;NL;OUI;;Euronext;2026-08-04
NL0015000NL9;QEV TREAS SHARES;QEVT;Action;Euronext Amsterdam;EUR;NL;OUI;;Euronext;2026-08-04
NL0015000NM7;QEV;QEV;Action;Euronext Amsterdam;EUR;NL;OUI;;Euronext;2026-08-04
NL0015000RT3;NEPI ROCKCASTLE;NRP;Action;Euronext Amsterdam;EUR;NL;OUI;;Euronext;2026-08-04
NL0015000X07;BANIJAY GROUP;BNJ;Action;Euronext Amsterdam;EUR;NL;OUI;;Euronext;2026-08-04
NL0015000YE1;TME PHARMA;ALTME;Action;Euronext Growth Paris;EUR;NL;OUI;;Euronext;2026-08-04
NL0015001BF4;REFUELS;REFL;Action;Euronext Growth Oslo;NOK;NL;OUI;;Euronext;2026-08-04
NL0015001FS8;FERROVIAL;FER;Action;Euronext Amsterdam;EUR;NL;OUI;;Euronext;2026-08-04
NL0015001HZ9;PET SERVICE;ALPET;Action;Euronext Growth Paris;EUR;NL;OUI;;Euronext;2026-08-04
NL0015001KT6;BREMBO;BRE;Action;Euronext Milan;EUR;NL;OUI;;Euronext;2026-08-04
NL0015001OI1;MFE A;2MFEA;Action;Trading After Hours | Euronext Milan;EUR;NL;OUI;;Euronext;2026-08-04
NL0015001OJ9;MFE B;MFEB;Action;Euronext Milan | Trading After Hours;EUR;NL;OUI;;Euronext;2026-08-04
NL0015001W49;PLUXEE;PLX;Action;Euronext Paris;EUR;NL;OUI;;Euronext;2026-08-04
NL0015002AG2;EBUSCO HOLDING;EBUS;Action;Euronext Amsterdam;EUR;NL;OUI;;Euronext;2026-08-04
NL0015002E73;PRYME;PRYME;Action;Euronext Growth Oslo;NOK;NL;OUI;;Euronext;2026-08-04
NL0015002IE0;AVANTIUM;AVTX;Action;Euronext Amsterdam, Brussels;EUR;NL;OUI;;Euronext;2026-08-04
NL0015002K83;HAVAS;HAVAS;Action;Euronext Amsterdam;EUR;NL;OUI;;Euronext;2026-08-04
NL0015002K91;ADEC INNOVATIONS;MLADE;Action;Euronext Access Brussels;EUR;NL;OUI;;Euronext;2026-08-04
NL0015002MS2;MAGNUM;MICC;Action;Euronext Amsterdam;EUR;NL;OUI;;Euronext;2026-08-04
NL0015002SN0;QIAGEN;4QGEN;Action;EuroTLX | Trading After Hours | Euronext Global Equity Market;EUR;NL;OUI;;Euronext;2026-08-04
NL0015073TS8;CSG;2CSG;Action;Trading After Hours | Euronext Amsterdam;EUR;NL;OUI;;Euronext;2026-08-04
NL0015118803;VALUE8 CUM PREF;PREVA;Action;Euronext Amsterdam;EUR;NL;OUI;;Euronext;2026-08-04
NL0015268814;MPC ENERGY SOLUTIO;MPCES;Action;Euronext Growth Oslo;NOK;NL;OUI;;Euronext;2026-08-04
NL0015435975;CAMPARI;2CPR;Action;Trading After Hours | Euronext Milan;EUR;NL;OUI;;Euronext;2026-08-04
NO0003021909;ABG SUNDAL COLLIER;ABG;Action;Oslo Børs;NOK;NO;OUI;;Euronext;2026-08-04
NO0003025009;VOSS VEKSEL OGLAND;VVL;Action;Oslo Børs;NOK;NO;OUI;;Euronext;2026-08-04
NO0003033102;KONGSBERG AUTOMOT;KOA;Action;Oslo Børs;NOK;NO;OUI;;Euronext;2026-08-04
NO0003049405;NEKKAR;NKR;Action;Oslo Børs;NOK;NO;OUI;;Euronext;2026-08-04
NO0003053308;SCANA;SCANA;Action;Oslo Børs;NOK;NO;OUI;;Euronext;2026-08-04
NO0003053605;STOREBRAND;STB;Action;Oslo Børs;NOK;NO;OUI;;Euronext;2026-08-04
NO0003054108;MOWI;MOWI;Action;Oslo Børs;NOK;NO;OUI;;Euronext;2026-08-04
NO0003055501;NORDIC SEMICONDUC;NOD;Action;Oslo Børs;NOK;NO;OUI;;Euronext;2026-08-04
NO0003058109;NORDIC HALIBUT;NOHAL;Action;Euronext Growth Oslo;NOK;NO;OUI;;Euronext;2026-08-04
NO0003067902;HEXAGON COMPOSITES;HEX;Action;Oslo Børs;NOK;NO;OUI;;Euronext;2026-08-04
NO0003078107;AF GRUPPEN;AFG;Action;Oslo Børs;NOK;NO;OUI;;Euronext;2026-08-04
NO0003078800;TGS;TGS;Action;Oslo Børs;NOK;NO;OUI;;Euronext;2026-08-04
NO0003079709;KITRON;KIT;Action;Oslo Børs;NOK;NO;OUI;;Euronext;2026-08-04
NO0003080608;SOLSTAD OFFSHORE;SOFF;Action;Oslo Børs;NOK;NO;OUI;;Euronext;2026-08-04
NO0003087603;BYGGMA;BMA;Action;Euronext Growth Oslo;NOK;NO;OUI;;Euronext;2026-08-04
NO0003096208;LERØY SEAFOOD GP;LSG;Action;Oslo Børs;NOK;NO;OUI;;Euronext;2026-08-04
NO0003097503;AKVA GROUP;AKVA;Action;Oslo Børs;NOK;NO;OUI;;Euronext;2026-08-04
NO0003110603;BONHEUR;BONHR;Action;Oslo Børs;NOK;NO;OUI;;Euronext;2026-08-04
NO0003117202;REACH SUBSEA;REACH;Action;Oslo Børs;NOK;NO;OUI;;Euronext;2026-08-04
NO0003399909;ODFJELL SER. A;ODF;Action;Oslo Børs;NOK;NO;OUI;;Euronext;2026-08-04
NO0003399917;ODFJELL SER. B;ODFB;Action;Oslo Børs;NOK;NO;OUI;;Euronext;2026-08-04
NO0003572802;ARENDALS FOSSEKOMP;AFK;Action;Oslo Børs;NOK;NO;OUI;;Euronext;2026-08-04
NO0003679102;NRC GROUP;NRC;Action;Oslo Børs;NOK;NO;OUI;;Euronext;2026-08-04
NO0003733800;ORKLA;ORK;Action;Oslo Børs;NOK;NO;OUI;;Euronext;2026-08-04
NO0003921009;DNO;DNO;Action;Oslo Børs;NOK;NO;OUI;;Euronext;2026-08-04
NO0004288200;GYLDENDAL;GYL;Action;Oslo Børs;NOK;NO;OUI;;Euronext;2026-08-04
NO0004822503;ATEA;ATEA;Action;Oslo Børs;NOK;NO;OUI;;Euronext;2026-08-04
NO0004913609;GOODTECH;GOD;Action;Oslo Børs;NOK;NO;OUI;;Euronext;2026-08-04
NO0005052605;NORSK HYDRO;NHY;Action;Oslo Børs;NOK;NO;OUI;;Euronext;2026-08-04
NO0005806802;VEIDEKKE;VEI;Action;Oslo Børs;NOK;NO;OUI;;Euronext;2026-08-04
NO0006000603;SOGN SPAREBANK;SOGN;Action;Oslo Børs;NOK;NO;OUI;;Euronext;2026-08-04
NO0006000801;SPBK1 NORD-NORGE;NONG;Action;Oslo Børs;NOK;NO;OUI;;Euronext;2026-08-04
NO0006000900;SPAREBANKEN NORGE;SBNOR;Action;Oslo Børs;NOK;NO;OUI;;Euronext;2026-08-04
NO0006001007;ROGALAND SPAREBANK;ROGS;Action;Oslo Børs;NOK;NO;OUI;;Euronext;2026-08-04
NO0006001601;AURSKOG SPAREBANK;AURG;Action;Oslo Børs;NOK;NO;OUI;;Euronext;2026-08-04
NO0006001809;SKUE SPAREBANK;SKUE;Action;Oslo Børs;NOK;NO;OUI;;Euronext;2026-08-04
NO0006001908;MELHUS SPAREBANK;MELG;Action;Oslo Børs;NOK;NO;OUI;;Euronext;2026-08-04
NO0006222009;SPAREBANKEN ØST;SPOG;Action;Oslo Børs;NOK;NO;OUI;;Euronext;2026-08-04
NO0006390301;SPAREBANK 1 SMN;MING;Action;Oslo Børs;NOK;NO;OUI;;Euronext;2026-08-04
NO0006390400;SPBK1 RINGERIKE;RING;Action;Oslo Børs;NOK;NO;OUI;;Euronext;2026-08-04
NO0010000045;PHOTOCURE;PHO;Action;Oslo Børs;NOK;NO;OUI;;Euronext;2026-08-04
NO0010001118;ITERA;ITERA;Action;Oslo Børs;NOK;NO;OUI;;Euronext;2026-08-04
NO0010012636;HØLAND OG SETSKOG;HSPG;Action;Oslo Børs;NOK;NO;OUI;;Euronext;2026-08-04
NO0010014632;ARCTICZYMES TECHNO;AZT;Action;Oslo Børs;NOK;NO;OUI;;Euronext;2026-08-04
NO0010015175;CYVIZ;CYVIZ;Action;Euronext Growth Oslo;NOK;NO;OUI;;Euronext;2026-08-04
NO0010029804;SPBK1 HELGELAND;HELG;Action;Oslo Børs;NOK;NO;OUI;;Euronext;2026-08-04
NO0010040611;OTELLO CORPORATION;OTEC;Action;Oslo Børs;NOK;NO;OUI;;Euronext;2026-08-04
NO0010063308;TELENOR;TEL;Action;Oslo Børs;NOK;NO;OUI;;Euronext;2026-08-04
NO0010073489;AUSTEVOLL SEAFOOD;AUSS;Action;Oslo Børs;NOK;NO;OUI;;Euronext;2026-08-04
NO0010078850;CAMBI;CAMBI;Action;Euronext Growth Oslo;NOK;NO;OUI;;Euronext;2026-08-04
NO0010081235;NEL;NEL;Action;Oslo Børs;NOK;NO;OUI;;Euronext;2026-08-04
NO0010096985;EQUINOR;EQNR;Action;Oslo Børs;NOK;NO;OUI;;Euronext;2026-08-04
NO0010098247;STRONGPOINT;STRO;Action;Oslo Børs;NOK;NO;OUI;;Euronext;2026-08-04
NO0010159684;MEDISTIM;MEDI;Action;Oslo Børs;NOK;NO;OUI;;Euronext;2026-08-04
NO0010161896;DNB BANK;DNB;Action;Oslo Børs;NOK;NO;OUI;;Euronext;2026-08-04
NO0010187032;MAGNORA;MGN;Action;Oslo Børs;NOK;NO;OUI;;Euronext;2026-08-04
NO0010196140;NORWEGIAN AIR SHUT;NAS;Action;Oslo Børs;NOK;NO;OUI;;Euronext;2026-08-04
NO0010205966;NAVAMEDIC;NAVA;Action;Oslo Børs;NOK;NO;OUI;;Euronext;2026-08-04
NO0010208051;YARA INTERNATIONAL;YAR;Action;Oslo Børs;NOK;NO;OUI;;Euronext;2026-08-04
NO0010209331;PROTECTOR FORSIKRG;PROT;Action;Oslo Børs;NOK;NO;OUI;;Euronext;2026-08-04
NO0010215684;AKASTOR;AKAST;Action;Oslo Børs;NOK;NO;OUI;;Euronext;2026-08-04
NO0010234552;AKER;AKER;Action;Oslo Børs;NOK;NO;OUI;;Euronext;2026-08-04
NO0010257728;HAVILA SHIPPING;HAVI;Action;Oslo Børs;NOK;NO;OUI;;Euronext;2026-08-04
NO0010263023;EIDESVIK OFFSHORE;EIOF;Action;Oslo Børs;NOK;NO;OUI;;Euronext;2026-08-04
NO0010285562;SPBK1 ØSTFOLD AKE;SOAG;Action;Oslo Børs;NOK;NO;OUI;;Euronext;2026-08-04
NO0010310956;SALMAR;SALM;Action;Oslo Børs;NOK;NO;OUI;;Euronext;2026-08-04
NO0010345853;AKER BP;AKRBP;Action;Oslo Børs;NOK;NO;OUI;;Euronext;2026-08-04
NO0010358484;VOIM;VOIM;Action;Oslo Børs;NOK;NO;OUI;;Euronext;2026-08-04
NO0010359433;JÆREN SPAREBANK;JAREN;Action;Oslo Børs;NOK;NO;OUI;;Euronext;2026-08-04
NO0010360019;NORAM DRILLING;NORAM;Action;Euronext Growth Oslo;NOK;NO;OUI;;Euronext;2026-08-04
NO0010360266;BOUVET;BOUV;Action;Oslo Børs;NOK;NO;OUI;;Euronext;2026-08-04
NO0010365521;GRIEG SEAFOOD;GSF;Action;Oslo Børs;NOK;NO;OUI;;Euronext;2026-08-04
NO0010379266;BLUENORD;BNOR;Action;Oslo Børs;NOK;NO;OUI;;Euronext;2026-08-04
NO0010397581;PARETO BANK;PARB;Action;Oslo Børs;NOK;NO;OUI;;Euronext;2026-08-04
NO0010405780;LYTIX BIOPHARMA;LYTIX;Action;Euronext Growth Oslo;NOK;NO;OUI;;Euronext;2026-08-04
NO0010466022;POLARIS MEDIA;POL;Action;Oslo Børs;NOK;NO;OUI;;Euronext;2026-08-04
NO0010536048;INDUCT;INDCT;Action;Euronext Growth Oslo;NOK;NO;OUI;;Euronext;2026-08-04
NO0010550056;NORTH ENERGY;NORTH;Action;Euronext Expand Oslo;NOK;NO;OUI;;Euronext;2026-08-04
NO0010564701;PANORO ENERGY;PEN;Action;Oslo Børs;NOK;NO;OUI;;Euronext;2026-08-04
NO0010571680;WALLENIUS WILHELMS;WAWI;Action;Oslo Børs;NOK;NO;OUI;;Euronext;2026-08-04
NO0010571698;WILH. WILHELMSEN A;WWI;Action;Oslo Børs;NOK;NO;OUI;;Euronext;2026-08-04
NO0010572589;SAGA PURE;SAGA;Action;Oslo Børs;NOK;NO;OUI;;Euronext;2026-08-04
NO0010576010;WILH. WILHELMSEN B;WWIB;Action;Oslo Børs;NOK;NO;OUI;;Euronext;2026-08-04
NO0010582521;GJENSIDIGE FORSIKR;GJF;Action;Oslo Børs;NOK;NO;OUI;;Euronext;2026-08-04
NO0010597883;THOR MEDICAL;TRMED;Action;Oslo Børs;NOK;NO;OUI;;Euronext;2026-08-04
NO0010598683;HOFSETH BIOCARE;HBC;Action;Oslo Børs;NOK;NO;OUI;;Euronext;2026-08-04
NO0010607971;ALNG;ALNG;Action;Euronext Expand Oslo;NOK;NO;OUI;;Euronext;2026-08-04
NO0010609662;WEBSTEP;WSTEP;Action;Oslo Børs;NOK;NO;OUI;;Euronext;2026-08-04
NO0010612450;SELVAAG BOLIG;SBO;Action;Oslo Børs;NOK;NO;OUI;;Euronext;2026-08-04
NO0010631567;SPAREBANK 1 SØR-N;SB1NO;Action;Oslo Børs;NOK;NO;OUI;;Euronext;2026-08-04
NO0010633951;B2 Impact;B2I;Action;Oslo Børs;NOK;NO;OUI;;Euronext;2026-08-04
NO0010636491;GRONG SPAREBANK;GRONG;Action;Euronext Growth Oslo;NOK;NO;OUI;;Euronext;2026-08-04
NO0010657505;BORREGAARD;BRG;Action;Oslo Børs;NOK;NO;OUI;;Euronext;2026-08-04
NO0010672181;AASEN SPAREBANK;AASB;Action;Euronext Growth Oslo;NOK;NO;OUI;;Euronext;2026-08-04
NO0010691660;SPBK 1 NORDMØRE;SNOR;Action;Oslo Børs;NOK;NO;OUI;;Euronext;2026-08-04
NO0010708068;VOW;VOW;Action;Oslo Børs;NOK;NO;OUI;;Euronext;2026-08-04
NO0010708605;EQVA;EQVA;Action;Oslo Børs;NOK;NO;OUI;;Euronext;2026-08-04
NO0010708910;ZALARIS;ZAL;Action;Oslo Børs;NOK;NO;OUI;;Euronext;2026-08-04
NO0010713571;SOILTECH;STECH;Action;Oslo Børs;NOK;NO;OUI;;Euronext;2026-08-04
NO0010713936;ZAPTEC;ZAP;Action;Oslo Børs;NOK;NO;OUI;;Euronext;2026-08-04
NO0010714785;NYKODE THERAPEUTIC;NYKD;Action;Oslo Børs;NOK;NO;OUI;;Euronext;2026-08-04
NO0010715139;SCATEC;SCATC;Action;Oslo Børs;NOK;NO;OUI;;Euronext;2026-08-04
NO0010715394;AQUALIS;AQUA;Action;Oslo Børs;NOK;NO;OUI;;Euronext;2026-08-04
NO0010716418;ENTRA;ENTRA;Action;Oslo Børs;NOK;NO;OUI;;Euronext;2026-08-04
NO0010716582;AKER SOLUTIONS;AKSO;Action;Oslo Børs;NOK;NO;OUI;;Euronext;2026-08-04
NO0010722283;ELLIPTIC LABORATOR;ELABS;Action;Oslo Børs;NOK;NO;OUI;;Euronext;2026-08-04
NO0010724701;ICELANDIC SALMON;ISLAX;Action;Euronext Growth Oslo;NOK;NO;OUI;;Euronext;2026-08-04
NO0010733082;NIDAROS SPAREBANK;NISB;Action;Euronext Growth Oslo;NOK;NO;OUI;;Euronext;2026-08-04
NO0010734122;VISTIN PHARMA;VISTN;Action;Oslo Børs;NOK;NO;OUI;;Euronext;2026-08-04
NO0010734338;MULTICONSULT;MULTI;Action;Oslo Børs;NOK;NO;OUI;;Euronext;2026-08-04
NO0010735343;EUROPRIS;EPR;Action;Oslo Børs;NOK;NO;OUI;;Euronext;2026-08-04
NO0010735681;PIONEER PROPERTY;PPG;Action;Euronext Expand Oslo;NOK;NO;OUI;;Euronext;2026-08-04
NO0010736879;VEND MARKETPLACES;VEND;Action;Oslo Børs;NOK;NO;OUI;;Euronext;2026-08-04
NO0010743545;KID;KID;Action;Oslo Børs;NOK;NO;OUI;;Euronext;2026-08-04
NO0010748866;GENTIAN DIAGNOSTIC;GENT;Action;Oslo Børs;NOK;NO;OUI;;Euronext;2026-08-04
NO0010751910;SPBK 1 ØSTLANDET;SPOL;Action;Oslo Børs;NOK;NO;OUI;;Euronext;2026-08-04
NO0010759988;TINDE SPAREBANK;TINDE;Action;Euronext Growth Oslo;NOK;NO;OUI;;Euronext;2026-08-04
NO0010762792;INSTABANK;INSTA;Action;Euronext Growth Oslo;NOK;NO;OUI;;Euronext;2026-08-04
NO0010764053;HAUGESUND SPB;HGSB;Action;Oslo Børs;NOK;NO;OUI;;Euronext;2026-08-04
NO0010768096;WESTERN BULK CHART;WEST;Action;Euronext Growth Oslo;NOK;NO;OUI;;Euronext;2026-08-04
NO0010788268;TRØNDELAG SPBK;TRSB;Action;Oslo Børs;NOK;NO;OUI;;Euronext;2026-08-04
NO0010791353;MPC CONTAINER SHIP;MPCC;Action;Oslo Børs;NOK;NO;OUI;;Euronext;2026-08-04
NO0010808405;ROMERIKE SPAREBK;ROMER;Action;Euronext Growth Oslo;NOK;NO;OUI;;Euronext;2026-08-04
NO0010810476;BALTIC SEA PROP;BALT;Action;Euronext Growth Oslo;NOK;NO;OUI;;Euronext;2026-08-04
NO0010811961;SOFTOX SOLUTIONS;SOFTX;Action;Euronext Growth Oslo;NOK;NO;OUI;;Euronext;2026-08-04
NO0010815103;KRAFT BANK;KRAB;Action;Euronext Growth Oslo;NOK;NO;OUI;;Euronext;2026-08-04
NO0010815673;ELMERA GROUP;ELMRA;Action;Oslo Børs;NOK;NO;OUI;;Euronext;2026-08-04
NO0010816093;ELKEM;ELK;Action;Oslo Børs;NOK;NO;OUI;;Euronext;2026-08-04
NO0010816895;OKEA;OKEA;Action;Oslo Børs;NOK;NO;OUI;;Euronext;2026-08-04
NO0010829765;ANDFJORD SALMON GR;ANDF;Action;Euronext Growth Oslo;NOK;NO;OUI;;Euronext;2026-08-04
NO0010833262;KLAVENESS COMBINAT;KCC;Action;Oslo Børs;NOK;NO;OUI;;Euronext;2026-08-04
NO0010840507;PEXIP HOLDING;PEXIP;Action;Oslo Børs;NOK;NO;OUI;;Euronext;2026-08-04
NO0010840515;AXACTOR;ACR;Action;Oslo Børs;NOK;NO;OUI;;Euronext;2026-08-04
NO0010852213;EXACT THERAPEUTICS;EXTX;Action;Euronext Growth Oslo;NOK;NO;OUI;;Euronext;2026-08-04
NO0010856511;NORBIT;NORBT;Action;Oslo Børs;NOK;NO;OUI;;Euronext;2026-08-04
NO0010859580;ARCTIC BIOSCIENCE;ABS;Action;Euronext Growth Oslo;NOK;NO;OUI;;Euronext;2026-08-04
NO0010859648;HUDDLESTOCK FINTEC;HUDL;Action;Euronext Growth Oslo;NOK;NO;OUI;;Euronext;2026-08-04
NO0010861115;NORSKE SKOG;NSKOG;Action;Oslo Børs;NOK;NO;OUI;;Euronext;2026-08-04
NO0010861990;PROSAFE;PRS;Action;Oslo Børs;NOK;NO;OUI;;Euronext;2026-08-04
NO0010863285;SATS;SATS;Action;Oslo Børs;NOK;NO;OUI;;Euronext;2026-08-04
NO0010864036;ININ GROUP;ININ;Action;Euronext Growth Oslo;NOK;NO;OUI;;Euronext;2026-08-04
NO0010872468;AGILYX;AGLX;Action;Oslo Børs;NOK;NO;OUI;;Euronext;2026-08-04
NO0010876642;CLOUDBERRY CLEAN;CLOUD;Action;Oslo Børs;NOK;NO;OUI;;Euronext;2026-08-04
NO0010884794;KALDVIK;KLDVK;Action;Euronext Growth Oslo;NOK;NO;OUI;;Euronext;2026-08-04
NO0010886625;AKER BIOMARINE;AKBM;Action;Oslo Børs;NOK;NO;OUI;;Euronext;2026-08-04
NO0010887110;SPARBNK 68 GR NORD;SB68;Action;Euronext Growth Oslo;NOK;NO;OUI;;Euronext;2026-08-04
NO0010887565;OCEAN SUN;OSUN;Action;Euronext Growth Oslo;NOK;NO;OUI;;Euronext;2026-08-04
NO0010890965;BEWI;BEWI;Action;Oslo Børs;NOK;NO;OUI;;Euronext;2026-08-04
NO0010892094;SALMON EVOLUTION;SALME;Action;Oslo Børs;NOK;NO;OUI;;Euronext;2026-08-04
NO0010892359;HYDROGENPRO;HYPRO;Action;Oslo Børs;NOK;NO;OUI;;Euronext;2026-08-04
NO0010892912;NORCOD;NCOD;Action;Euronext Growth Oslo;NOK;NO;OUI;;Euronext;2026-08-04
NO0010893902;PROXIMAR SEAFOOD;PROXI;Action;Euronext Growth Oslo;NOK;NO;OUI;;Euronext;2026-08-04
NO0010894231;LINK MOBILITY GRP;LINK;Action;Oslo Børs;NOK;NO;OUI;;Euronext;2026-08-04
NO0010894512;OMDA;OMDA;Action;Euronext Growth Oslo;NOK;NO;OUI;;Euronext;2026-08-04
NO0010895782;XPLORA TECHNOLOGIE;XPLRA;Action;Euronext Growth Oslo;NOK;NO;OUI;;Euronext;2026-08-04
NO0010907744;GREEN MINERALS;GEM;Action;Euronext Growth Oslo;NOK;NO;OUI;;Euronext;2026-08-04
NO0010911902;ELEKTROIMPORTØREN;ELIMP;Action;Euronext Growth Oslo;NOK;NO;OUI;;Euronext;2026-08-04
NO0010914641;OCEAN GEOLOOP;OCEAN;Action;Euronext Growth Oslo;NOK;NO;OUI;;Euronext;2026-08-04
NO0010917339;NOS NOVA;NOSN;Action;Euronext Growth Oslo;NOK;NO;OUI;;Euronext;2026-08-04
NO0010917719;ARCTIC FISH HOLDIN;AFISH;Action;Euronext Growth Oslo;NOK;NO;OUI;;Euronext;2026-08-04
NO0010920945;HYNION;HYN;Action;Euronext Growth Oslo;NOK;NO;OUI;;Euronext;2026-08-04
NO0010921299;LOKOTECH GROUP;LOKO;Action;Euronext Growth Oslo;NOK;NO;OUI;;Euronext;2026-08-04
NO0010923121;CAPSOL TECHNOLOGI;CAPSL;Action;Oslo Børs;NOK;NO;OUI;;Euronext;2026-08-04
NO0010927288;LUMI EDUCATION GR;LUMI;Action;Euronext Growth Oslo;NOK;NO;OUI;;Euronext;2026-08-04
NO0010931207;SKANDIA GREENPOWER;SKAND;Action;Euronext Growth Oslo;NOK;NO;OUI;;Euronext;2026-08-04
NO0010931918;HAV GROUP;HAV;Action;Euronext Growth Oslo;NOK;NO;OUI;;Euronext;2026-08-04
NO0010950249;BERGEN CARBON SOL;BCS;Action;Euronext Growth Oslo;NOK;NO;OUI;;Euronext;2026-08-04
NO0010951577;TEKNA HOLDING;TEKNA;Action;Oslo Børs;NOK;NO;OUI;;Euronext;2026-08-04
NO0010955917;DEEP VALUE DRILLER;DVD;Action;Euronext Growth Oslo;NOK;NO;OUI;;Euronext;2026-08-04
NO0010963275;DESERT CONTROL;DSRT;Action;Euronext Growth Oslo;NOK;NO;OUI;;Euronext;2026-08-04
NO0010969108;NORSK TITANIUM;NTI;Action;Euronext Growth Oslo;NOK;NO;OUI;;Euronext;2026-08-04
NO0010974983;MÅSØVAL;MAS;Action;Euronext Growth Oslo;NOK;NO;OUI;;Euronext;2026-08-04
NO0010976343;M VEST WATER;MVW;Action;Euronext Growth Oslo;NOK;NO;OUI;;Euronext;2026-08-04
NO0010984966;NORWEGIAN BLOCK EX;NBX;Action;Euronext Growth Oslo;NOK;NO;OUI;;Euronext;2026-08-04
NO0011002586;ELOPAK;ELO;Action;Oslo Børs;NOK;NO;OUI;;Euronext;2026-08-04
NO0011002651;NORDHEALTH A-AKSJE;NORDH;Action;Euronext Growth Oslo;NOK;NO;OUI;;Euronext;2026-08-04
NO0011012502;SMARTOPTICS GROUP;SMOP;Action;Oslo Børs;NOK;NO;OUI;;Euronext;2026-08-04
NO0011013765;GIGANTE SALMON;GIGA;Action;Euronext Growth Oslo;NOK;NO;OUI;;Euronext;2026-08-04
NO0011016040;KOMPLETT;KOMPL;Action;Oslo Børs;NOK;NO;OUI;;Euronext;2026-08-04
NO0011018434;NORDIC TECHNOLOGY;NTG;Action;Euronext Growth Oslo;NOK;NO;OUI;;Euronext;2026-08-04
NO0011082075;HÖEGH AUTOLINERS;HAUTO;Action;Oslo Børs;NOK;NO;OUI;;Euronext;2026-08-04
NO0011202772;VÅR ENERGI;VAR;Action;Oslo Børs;NOK;NO;OUI;;Euronext;2026-08-04
NO0012470089;TOMRA SYSTEMS;TOM;Action;Oslo Børs;NOK;NO;OUI;;Euronext;2026-08-04
NO0012477704;JACKTEL;JACK;Action;Euronext Growth Oslo;NOK;NO;OUI;;Euronext;2026-08-04
NO0012483207;SPAREBANKEN MØRE;MORG;Action;Oslo Børs;NOK;NO;OUI;;Euronext;2026-08-04
NO0012535832;POLIGHT;PLT;Action;Oslo Børs;NOK;NO;OUI;;Euronext;2026-08-04
NO0012555459;ENDÚR;ENDUR;Action;Oslo Børs;NOK;NO;OUI;;Euronext;2026-08-04
NO0012706763;BIEN SPAREBANK;BIEN;Action;Oslo Børs;NOK;NO;OUI;;Euronext;2026-08-04
NO0012780958;STAINLESS TANKERS;STST;Action;Euronext Growth Oslo;NOK;NO;OUI;;Euronext;2026-08-04
NO0012851874;DOF GROUP;DOFG;Action;Oslo Børs;NOK;NO;OUI;;Euronext;2026-08-04
NO0012861683;AYFIE INTERNATIONA;AIX;Action;Euronext Growth Oslo;NOK;NO;OUI;;Euronext;2026-08-04
NO0012885252;NORSE ATLANTIC;NORSE;Action;Euronext Expand Oslo;NOK;NO;OUI;;Euronext;2026-08-04
NO0012916131;TECHSTEP;TECH;Action;Oslo Børs;NOK;NO;OUI;;Euronext;2026-08-04
NO0012928805;NORDIC AQUA PART;NOAP;Action;Euronext Growth Oslo;NOK;NO;OUI;;Euronext;2026-08-04
NO0012942525;PETRONOR E&P;PNOR;Action;Oslo Børs;NOK;NO;OUI;;Euronext;2026-08-04
NO0012953720;HUNTER GROUP;HUNT;Action;Euronext Expand Oslo;NOK;NO;OUI;;Euronext;2026-08-04
NO0013033795;CIRCIO HOLDING;CRNA;Action;Oslo Børs;NOK;NO;OUI;;Euronext;2026-08-04
NO0013036814;BRUTON;BRUT;Action;Euronext Growth Oslo;NOK;NO;OUI;;Euronext;2026-08-04
NO0013052209;NORCONSULT;NORCO;Action;Oslo Børs;NOK;NO;OUI;;Euronext;2026-08-04
NO0013119255;INTEROIL EXPL PROD;IOX;Action;Oslo Børs;NOK;NO;OUI;;Euronext;2026-08-04
NO0013135368;SOLSTAD MARITIME;SOMA;Action;Oslo Børs;NOK;NO;OUI;;Euronext;2026-08-04
NO0013162693;NORDIC MINING;NOM;Action;Oslo Børs;NOK;NO;OUI;;Euronext;2026-08-04
NO0013186460;ENSURGE MICROPOWER;ENSU;Action;Oslo Børs;NOK;NO;OUI;;Euronext;2026-08-04
NO0013209858;FLEKKEFJORD SPAREB;FFSB;Action;Euronext Growth Oslo;NOK;NO;OUI;;Euronext;2026-08-04
NO0013219535;CAVENDISH HYDROGEN;CAVEN;Action;Oslo Børs;NOK;NO;OUI;;Euronext;2026-08-04
NO0013228585;GOLDEN ENERGY OFF;GEOS;Action;Euronext Growth Oslo;NOK;NO;OUI;;Euronext;2026-08-04
NO0013256180;BORGESTAD;BOR;Action;Oslo Børs;NOK;NO;OUI;;Euronext;2026-08-04
NO0013325506;MORELD;MORLD;Action;Oslo Børs;NOK;NO;OUI;;Euronext;2026-08-04
NO0013340802;ATLANTIC SAPPHI TR;ASAS;Action;Oslo Børs;NOK;NO;OUI;;Euronext;2026-08-04
NO0013355859;LIFECARE;LIFE;Action;Oslo Børs;NOK;NO;OUI;;Euronext;2026-08-04
NO0013401380;HERMANA HOLDING;HERMA;Action;Oslo Børs;NOK;NO;OUI;;Euronext;2026-08-04
NO0013457952;OBSERVE MEDICAL;OBSRV;Action;Euronext Expand Oslo;NOK;NO;OUI;;Euronext;2026-08-04
NO0013461350;INTEGRATED WIND SO;IWS;Action;Oslo Børs;NOK;NO;OUI;;Euronext;2026-08-04
NO0013464750;ATLANTIC SAPPHIRE;ASA;Action;Oslo Børs;NOK;NO;OUI;;Euronext;2026-08-04
NO0013470534;HUDDLY;HDLY;Action;Euronext Growth Oslo;NOK;NO;OUI;;Euronext;2026-08-04
NO0013483503;CODELAB CAPITAL;CODE;Action;Euronext Growth Oslo;NOK;NO;OUI;;Euronext;2026-08-04
NO0013524942;ZELLUNA;ZLNA;Action;Oslo Børs;NOK;NO;OUI;;Euronext;2026-08-04
NO0013531616;ACE DIGITAL;ACED;Action;Euronext Growth Oslo;NOK;NO;OUI;;Euronext;2026-08-04
NO0013536078;IDEX BIOMETRICS;IDEX;Action;Oslo Børs;NOK;NO;OUI;;Euronext;2026-08-04
NO0013536151;KONGSBERG GRUPPEN;KOG;Action;Oslo Børs;NOK;NO;OUI;;Euronext;2026-08-04
NO0013573014;SENTIA;SNTIA;Action;Oslo Børs;NOK;NO;OUI;;Euronext;2026-08-04
NO0013597419;CONSTELLATION OIL;COSH;Action;Oslo Børs;NOK;NO;OUI;;Euronext;2026-08-04
NO0013601245;EAM SOLAR;EAM;Action;Euronext Growth Oslo;NOK;NO;OUI;;Euronext;2026-08-04
NO0013647693;FJORD DEFENCE GR;DFENS;Action;Oslo Børs;NOK;NO;OUI;;Euronext;2026-08-04
NO0013682948;ARRIBATEC GROUP;ARR;Action;Oslo Børs;NOK;NO;OUI;;Euronext;2026-08-04
NO0013683409;NORDIC FINANCIALS;NOFIN;Action;Euronext Expand Oslo;NOK;NO;OUI;;Euronext;2026-08-04
NO0013683821;APPEAR;APR;Action;Oslo Børs;NOK;NO;OUI;;Euronext;2026-08-04
NO0013685750;BLACK SEA PROPERTY;BSP;Action;Euronext Growth Oslo;NOK;NO;OUI;;Euronext;2026-08-04
NO0013696799;HAVILA KYSTRUTEN;HKY;Action;Euronext Growth Oslo;NOK;NO;OUI;;Euronext;2026-08-04
NO0013697029;KONGSBERG MARITIME;KMAR;Action;Oslo Børs;NOK;NO;OUI;;Euronext;2026-08-04
NO0013698431;ENERGEIA;ENERG;Action;Euronext Growth Oslo;NOK;NO;OUI;;Euronext;2026-08-04
NO0013711713;ONCOINVENT;ONCIN;Action;Oslo Børs;NOK;NO;OUI;;Euronext;2026-08-04
NO0013711721;BEVEST;BINT;Action;Oslo Børs;NOK;NO;OUI;;Euronext;2026-08-04
NO0013711739;DOLPHIN DRILLING;DDRIL;Action;Euronext Growth Oslo;NOK;NO;OUI;;Euronext;2026-08-04
NO0013713115;GENERAL OCEANS;GENO;Action;Oslo Børs;NOK;NO;OUI;;Euronext;2026-08-04
NO0013721613;OTOVO;OTOVO;Action;Oslo Børs;NOK;NO;OUI;;Euronext;2026-08-04
NO0013735894;AQUA BIO TECHNO;ABTEC;Action;Euronext Expand Oslo;NOK;NO;OUI;;Euronext;2026-08-04
NO0013740142;NEXT BIOMETRICS GP;NEXT;Action;Oslo Børs;NOK;NO;OUI;;Euronext;2026-08-04
NO0013750893;MAGNORA DATA CENTE;MDATA;Action;Euronext Growth Oslo;NOK;NO;OUI;;Euronext;2026-08-04
NO0013751966;HEXAGON PURUS;HPUR;Action;Oslo Børs;NOK;NO;OUI;;Euronext;2026-08-04
NO0013753343;BOHUS;BOHUS;Action;Oslo Børs;NOK;NO;OUI;;Euronext;2026-08-04
NO0013755728;DELLIA GROUP;DELIA;Action;Oslo Børs;NOK;NO;OUI;;Euronext;2026-08-04
NO0013756361;POLAR RESOURCES;POLAR;Action;Euronext Growth Oslo;NOK;NO;OUI;;Euronext;2026-08-04
PTALT0AE0002;ALTRI SGPS;ALTR;Action;Euronext Lisbon | Trading After Hours;EUR;PT;OUI;;Euronext;2026-08-04
PTAZR0AM0006;AZOREAN TECH;MLAAT;Action;Euronext Access Paris;EUR;PT;OUI;;Euronext;2026-08-04
PTBCP0AM0015;B.COM.PORTUGUES;2BCP;Action;Trading After Hours | Euronext Lisbon;EUR;PT;OUI;;Euronext;2026-08-04
PTCAP0AM0017;ARRABIDASHOPPING;MLARR;Action;Euronext Access Lisbon;EUR;PT;OUI;;Euronext;2026-08-04
PTCDU0AE0003;CONDURIL;CDU;Action;Euronext Access Lisbon;EUR;PT;OUI;;Euronext;2026-08-04
PTCOR0AE0006;CORTICEIRA AMORIM;COR;Action;Euronext Lisbon;EUR;PT;OUI;;Euronext;2026-08-04
PTCTT0AM0001;CTT CORREIOS PORT;2CTT;Action;Trading After Hours | Euronext Lisbon;EUR;PT;OUI;;Euronext;2026-08-04
PTDGL0AM0003;SAMBA DIGITAL;ALSMB;Action;Euronext Growth Lisbon;EUR;PT;OUI;;Euronext;2026-08-04
PTEDP0AM0009;EDP;2EDP;Action;Trading After Hours | Euronext Lisbon | EuroTLX;EUR;PT;OUI;;Euronext;2026-08-04
PTESO0AM0000;ESTORIL SOL N;ESON;Action;Euronext Lisbon;EUR;PT;OUI;;Euronext;2026-08-04
PTFCP0AM0008;FUT.CLUBE PORTO;FCP;Action;Euronext Lisbon;EUR;PT;OUI;;Euronext;2026-08-04
PTFNV1AM0002;FARMINVESTE;MLFMV;Action;Euronext Access Lisbon;EUR;PT;OUI;;Euronext;2026-08-04
PTFRV0AE0004;RAMADA;RAM;Action;Euronext Lisbon;EUR;PT;OUI;;Euronext;2026-08-04
PTFXD0AM0018;FLEXDEAL;FLEXD;Action;Euronext Lisbon;EUR;PT;OUI;;Euronext;2026-08-04
PTGAL0AM0009;GALP ENERGIA-NOM;GALP;Action;Euronext Lisbon | Trading After Hours;EUR;PT;OUI;;Euronext;2026-08-04
PTGHP0AM0005;GAIASHOPPING - SIC;MLGSH;Action;Euronext Access Lisbon;EUR;PT;OUI;;Euronext;2026-08-04
PTGMC0AM0003;MEDIA CAPITAL;MCP;Action;Euronext Lisbon;EUR;PT;OUI;;Euronext;2026-08-04
PTGVE1AM0017;GENTLEMENS EQUITY;MLGEQ;Action;Euronext Access Paris;EUR;PT;OUI;;Euronext;2026-08-04
PTIAG0AM0005;CIAGEST - SIGI S.A;MLCIA;Action;Euronext Access Lisbon;EUR;PT;OUI;;Euronext;2026-08-04
PTIBS0AM0008;IBERSOL,SGPS;IBS;Action;Euronext Lisbon;EUR;PT;OUI;;Euronext;2026-08-04
PTIPR0AM0000;IMPRESA,SGPS;IPR;Action;Euronext Lisbon;EUR;PT;OUI;;Euronext;2026-08-04
PTJMT0AE0001;J.MARTINS,SGPS;JMT;Action;Euronext Lisbon | Trading After Hours;EUR;PT;OUI;;Euronext;2026-08-04
PTMEN0AE0005;MOTA ENGIL;2EGL;Action;Trading After Hours | Euronext Lisbon;EUR;PT;OUI;;Euronext;2026-08-04
PTMFR0AM0003;MARTIFER;MAR;Action;Euronext Lisbon;EUR;PT;OUI;;Euronext;2026-08-04
PTMNN0AE0006;MONUMENTAL RES;MLMR;Action;Euronext Access Lisbon;EUR;PT;OUI;;Euronext;2026-08-04
PTNBA0AM0006;NOVABASE,SGPS;NBA;Action;Euronext Lisbon;EUR;PT;OUI;;Euronext;2026-08-04
PTOTP0AM0004;OLIMPO REAL ESTATE;MLORE;Action;Euronext Access Lisbon;EUR;PT;OUI;;Euronext;2026-08-04
PTPAD0AM0007;GLINTT;GLINT;Action;Euronext Lisbon;EUR;PT;OUI;;Euronext;2026-08-04
PTPTC0AM0009;PHAROL;PHR;Action;Euronext Lisbon;EUR;PT;OUI;;Euronext;2026-08-04
PTPTI0AM0006;THE NAVIGATOR COMP;NVG;Action;Euronext Lisbon;EUR;PT;OUI;;Euronext;2026-08-04
PTREL0AM0008;REN;RENE;Action;Euronext Lisbon | Trading After Hours;EUR;PT;OUI;;Euronext;2026-08-04
PTRIZ0AM0009;RAIZE;MLRZE;Action;Euronext Access Lisbon;EUR;PT;OUI;;Euronext;2026-08-04
PTSCB0AM0001;S.CLUBE BRAGA;SCB;Action;Euronext Access Lisbon;EUR;PT;OUI;;Euronext;2026-08-04
PTSCP0AM0001;SPORTING;SCP;Action;Euronext Lisbon;EUR;PT;OUI;;Euronext;2026-08-04
PTSCT0AP0018;TOYOTA CAETANO;SCT;Action;Euronext Lisbon;EUR;PT;OUI;;Euronext;2026-08-04
PTSEM0AM0004;SEMAPA;SEM;Action;Euronext Lisbon | Trading After Hours;EUR;PT;OUI;;Euronext;2026-08-04
PTSLB0AM0010;BENFICA;SLBEN;Action;Euronext Lisbon;EUR;PT;OUI;;Euronext;2026-08-04
PTSNC0AM0006;SONAECOM,SGPS;SNC;Action;Euronext Lisbon;EUR;PT;OUI;;Euronext;2026-08-04
PTSNG0AM0007;SONAGI;SNG;Action;Euronext Access Lisbon;EUR;PT;OUI;;Euronext;2026-08-04
PTSON0AM0001;SONAE;SON;Action;Euronext Lisbon | Trading After Hours;EUR;PT;OUI;;Euronext;2026-08-04
PTTBI0AM0006;ATRIUM BIRE SIGI;MLATR;Action;Euronext Access Lisbon;EUR;PT;OUI;;Euronext;2026-08-04
PTTD10AM0000;TEIXEIRA DUARTE;TDSA;Action;Euronext Lisbon;EUR;PT;OUI;;Euronext;2026-08-04
PTVAA0AM0019;VAA VISTA ALEGRE;VAF;Action;Euronext Lisbon;EUR;PT;OUI;;Euronext;2026-08-04
PTVUO0AM0000;VILA DOS NUMEROS;MLVDN;Action;Euronext Access Lisbon;EUR;PT;OUI;;Euronext;2026-08-04
PTZON0AM0006;NOS, SGPS;2NOS;Action;Trading After Hours | Euronext Lisbon;EUR;PT;OUI;;Euronext;2026-08-04
SE0000106270;Hennes & Mauritz;1HMB;Action;Euronext Global Equity Market;EUR;SE;OUI;;Euronext;2026-08-04
SE0000107203;Industrivarden;1INDU;Action;Euronext Global Equity Market;EUR;SE;OUI;;Euronext;2026-08-04
SE0000108227;SKF;1SKFB;Action;Euronext Global Equity Market;EUR;SE;OUI;;Euronext;2026-08-04
SE0000108656;ERICSSON - CLASS B;2ERICB;Action;Trading After Hours | Euronext Global Equity Market | EuroTLX;EUR;SE;OUI;;Euronext;2026-08-04
SE0000108847;Lundbergforetagen;1LUND;Action;Euronext Global Equity Market;EUR;SE;OUI;;Euronext;2026-08-04
SE0000112724;Svenska Cellulosa;1SCAB;Action;Euronext Global Equity Market;EUR;SE;OUI;;Euronext;2026-08-04
SE0000113250;Skanska;1SKAB;Action;Euronext Global Equity Market;EUR;SE;OUI;;Euronext;2026-08-04
SE0000115446;VOLVO CAR;4VOLVB;Action;EuroTLX | Trading After Hours | Euronext Global Equity Market;EUR;SE;OUI;;Euronext;2026-08-04
SE0000120669;SSAB AB;1SSAB;Action;Euronext Global Equity Market;EUR;SE;OUI;;Euronext;2026-08-04
SE0000148884;SKANDINAVISKA ENSK;4SEBA;Action;EuroTLX | Trading After Hours | Euronext Global Equity Market;EUR;SE;OUI;;Euronext;2026-08-04
SE0000163594;Securitas;1SECU;Action;Euronext Global Equity Market;EUR;SE;OUI;;Euronext;2026-08-04
SE0000163628;Elekta;1EKTA;Action;Euronext Global Equity Market;EUR;SE;OUI;;Euronext;2026-08-04
SE0000202624;Getinge AB;1GETI;Action;Euronext Global Equity Market;EUR;SE;OUI;;Euronext;2026-08-04
SE0000242455;Swedbank AB;1SWED;Action;Euronext Global Equity Market;EUR;SE;OUI;;Euronext;2026-08-04
SE0000379190;Castellum;1CAST;Action;Euronext Global Equity Market;EUR;SE;OUI;;Euronext;2026-08-04
SE0000667891;Sandvik AB;1SAND;Action;Euronext Global Equity Market;EUR;SE;OUI;;Euronext;2026-08-04
SE0000667925;Telia Co AB;1TELI;Action;Euronext Global Equity Market;EUR;SE;OUI;;Euronext;2026-08-04
SE0000695876;Alfa Laval;1ALFA;Action;Euronext Global Equity Market;EUR;SE;OUI;;Euronext;2026-08-04
SE0000872095;Swedish Orphan;1SOBI;Action;Euronext Global Equity Market;EUR;SE;OUI;;Euronext;2026-08-04
SE0001515552;Indutrade;1INDT;Action;Euronext Global Equity Market;EUR;SE;OUI;;Euronext;2026-08-04
SE0001662230;Husqvarna;1HUSQ;Action;Euronext Global Equity Market;EUR;SE;OUI;;Euronext;2026-08-04
SE0005127818;Sagax AB;1SAGA;Action;Euronext Global Equity Market;EUR;SE;OUI;;Euronext;2026-08-04
SE0005190238;Tele2 AB;1TEL;Action;Euronext Global Equity Market;EUR;SE;OUI;;Euronext;2026-08-04
SE0006422390;Thule Group AB;1THUL;Action;Euronext Global Equity Market;EUR;SE;OUI;;Euronext;2026-08-04
SE0006993770;Axfood AB;1AXFO;Action;Euronext Global Equity Market;EUR;SE;OUI;;Euronext;2026-08-04
SE0007074281;Hexpol;1HPOL;Action;Euronext Global Equity Market;EUR;SE;OUI;;Euronext;2026-08-04
SE0007100581;Assa Abloy;1ASSA;Action;Euronext Global Equity Market;EUR;SE;OUI;;Euronext;2026-08-04
SE0007100599;Svenska Hand;1SHBA;Action;Euronext Global Equity Market;EUR;SE;OUI;;Euronext;2026-08-04
SE0009554454;Samhallsby;1SBBB;Action;Euronext Global Equity Market;EUR;SE;OUI;;Euronext;2026-08-04
SE0009806607;Munters Group;1MTRS;Action;Euronext Global Equity Market;EUR;SE;OUI;;Euronext;2026-08-04
SE0009922164;Essity;1ESSI;Action;Euronext Global Equity Market;EUR;SE;OUI;;Euronext;2026-08-04
SE0010100958;Investment Lat;1LATO;Action;Euronext Global Equity Market;EUR;SE;OUI;;Euronext;2026-08-04
SE0011090018;Holmen;1HOLM;Action;Euronext Global Equity Market;EUR;SE;OUI;;Euronext;2026-08-04
SE0011337708;AAK AB;1AAK;Action;Euronext Global Equity Market;EUR;SE;OUI;;Euronext;2026-08-04
SE0012454072;Avanza Bank;1AZA;Action;Euronext Global Equity Market;EUR;SE;OUI;;Euronext;2026-08-04
SE0012673267;Evolution AB;1EVO;Action;Euronext Global Equity Market;EUR;SE;OUI;;Euronext;2026-08-04
SE0012853455;EQT AB;1EQT;Action;Euronext Global Equity Market;EUR;SE;OUI;;Euronext;2026-08-04
SE0014731154;CONTEXTVISION;CONTX;Action;Oslo Børs;NOK;SE;OUI;;Euronext;2026-08-04
SE0014781795;AddTech;1ADDT;Action;Euronext Global Equity Market;EUR;SE;OUI;;Euronext;2026-08-04
SE0014960373;Sweco AB;1SWEC;Action;Euronext Global Equity Market;EUR;SE;OUI;;Euronext;2026-08-04
SE0014990966;Lagercrantz G;1LAGR;Action;Euronext Global Equity Market;EUR;SE;OUI;;Euronext;2026-08-04
SE0015192067;Nordnet publ;1SAVE;Action;Euronext Global Equity Market;EUR;SE;OUI;;Euronext;2026-08-04
SE0015193412;AKOBO MINERALS;AKOBO;Action;Euronext Growth Oslo;NOK;SE;OUI;;Euronext;2026-08-04
SE0015658109;Epiroc;1EPIA;Action;Euronext Global Equity Market;EUR;SE;OUI;;Euronext;2026-08-04
SE0015671995;Hemnet Group;1HEM;Action;Euronext Global Equity Market;EUR;SE;OUI;;Euronext;2026-08-04
SE0015811963;INVESTOR AB CLASS;1INVEB;Action;Euronext Global Equity Market | Trading After Hours | EuroTLX;EUR;SE;OUI;;Euronext;2026-08-04
SE0015949201;Lifco AB;1LIFC;Action;Euronext Global Equity Market;EUR;SE;OUI;;Euronext;2026-08-04
SE0015949748;Beijer Ref AB;1BEIJ;Action;Euronext Global Equity Market;EUR;SE;OUI;;Euronext;2026-08-04
SE0015961909;Hexagon AB;1HEXA;Action;Euronext Global Equity Market;EUR;SE;OUI;;Euronext;2026-08-04
SE0015988019;Nibe Industrier;1NIBE;Action;Euronext Global Equity Market;EUR;SE;OUI;;Euronext;2026-08-04
SE0016101844;Sinch;1SINC;Action;Euronext Global Equity Market;EUR;SE;OUI;;Euronext;2026-08-04
SE0016589188;Electrolux;1ELUX;Action;Euronext Global Equity Market;EUR;SE;OUI;;Euronext;2026-08-04
SE0017486103;INIFY LABORATORIES;INIFY;Action;Euronext Growth Oslo;NOK;SE;OUI;;Euronext;2026-08-04
SE0017486889;Atlas Copco;1ATCA;Action;Euronext Global Equity Market;EUR;SE;OUI;;Euronext;2026-08-04
SE0017486897;Atlas Copco B;1ATCB;Action;Euronext Global Equity Market;EUR;SE;OUI;;Euronext;2026-08-04
SE0017780133;Wallenstam AB;1WALL;Action;Euronext Global Equity Market;EUR;SE;OUI;;Euronext;2026-08-04
SE0017832488;Fastighets Balder;1BALD;Action;Euronext Global Equity Market;EUR;SE;OUI;;Euronext;2026-08-04
SE0018012635;Wihlborgs Fast;1WIHL;Action;Euronext Global Equity Market;EUR;SE;OUI;;Euronext;2026-08-04
SE0020050417;Boliden;1BOL;Action;Euronext Global Equity Market;EUR;SE;OUI;;Euronext;2026-08-04
SE0021628898;Volvo Car AB;1VOLC;Action;Euronext Global Equity Market;EUR;SE;OUI;;Euronext;2026-08-04
SE0021921269;Saab AB;1SAAB;Action;Euronext Global Equity Market;EUR;SE;OUI;;Euronext;2026-08-04
SE0022060521;Kinnevik AB;1KINV;Action;Euronext Global Equity Market;EUR;SE;OUI;;Euronext;2026-08-04
SE0022419784;Sectra;1SECT;Action;Euronext Global Equity Market;EUR;SE;OUI;;Euronext;2026-08-04
SE0025158629;Mycronic;1MYCR;Action;Euronext Global Equity Market;EUR;SE;OUI;;Euronext;2026-08-04
SE0028799411;PPI PUBLIC PROP;PUBLI;Action;Oslo Børs;NOK;SE;OUI;;Euronext;2026-08-04
SGXPZ11CH7U7;SWI CAPITAL;SWICH;Action;Euronext Amsterdam;EUR;SG;NON;;Euronext;2026-08-04
SGXZ33675836;BARRAMUNDI GROUP;BARRA;Action;Euronext Growth Oslo;NOK;SG;NON;;Euronext;2026-08-04
SGXZ53070850;HAFNIA LIMITED;HAFNI;Action;Oslo Børs;NOK;SG;NON;;Euronext;2026-08-04
SGXZ69436764;BW LPG;BWLPG;Action;Oslo Børs;NOK;SG;NON;;Euronext;2026-08-04
SN0000033192;FIN.OUEST AFRICAIN;FOAF;Action;Euronext Paris;EUR;SN;NON;;Euronext;2026-08-04
US0010551028;Aflac Inc;1AFL;Action;Euronext Global Equity Market;EUR;US;NON;;Euronext;2026-08-04
US00108J1097;ACM RESEARCH INC-C;1ACMR;Action;Euronext Global Equity Market;EUR;US;NON;;Euronext;2026-08-04
US00130H1059;AES Corp/The;1AES;Action;Euronext Global Equity Market;EUR;US;NON;;Euronext;2026-08-04
US00165C3025;AMC ENTERTAINMENT;2AMC;Action;Trading After Hours | Euronext Global Equity Market;EUR;US;NON;;Euronext;2026-08-04
US00206R1023;AT&T;4T;Action;EuroTLX | Euronext Global Equity Market | Trading After Hours;EUR;US;NON;;Euronext;2026-08-04
US00217D1000;AST SPACEMOBILE IN;1ASTS;Action;Euronext Global Equity Market;EUR;US;NON;;Euronext;2026-08-04
US0028241000;Abbott LaB;1ABT;Action;Euronext Global Equity Market;EUR;US;NON;;Euronext;2026-08-04
US00287Y1091;ABBVIE;4ABBV;Action;EuroTLX | Euronext Global Equity Market | Trading After Hours;EUR;US;NON;;Euronext;2026-08-04
US0028962076;ABERCROMBIE & FITC;1ANF;Action;Euronext Global Equity Market;EUR;US;NON;;Euronext;2026-08-04
US00404A1097;ACADIA HEALTHCARE;1ACHC;Action;Euronext Global Equity Market;EUR;US;NON;;Euronext;2026-08-04
US00724F1012;ADOBE;2ADBE;Action;Trading After Hours | EuroTLX | Euronext Global Equity Market;EUR;US;NON;;Euronext;2026-08-04
US00774B2088;AERKOMM INC;AKOM;Action;Euronext Paris;EUR;US;NON;;Euronext;2026-08-04
US0079031078;ADVANCED MICRO DEV;1AMD;Action;Euronext Global Equity Market | EuroTLX | Trading After Hours;EUR;US;NON;;Euronext;2026-08-04
US0080731088;AEROVIRONMENT INC;1AVAV;Action;Euronext Global Equity Market;EUR;US;NON;;Euronext;2026-08-04
US00827B1061;AFFIRM HOLDINGS;1AFRM;Action;Euronext Global Equity Market;EUR;US;NON;;Euronext;2026-08-04
US00846U1016;AGILENT TECHNOL;1A;Action;Euronext Global Equity Market | EuroTLX | Trading After Hours;EUR;US;NON;;Euronext;2026-08-04
US0090661010;AIRBNB;4ABNB;Action;EuroTLX | Trading After Hours | Euronext Global Equity Market;EUR;US;NON;;Euronext;2026-08-04
US0091581068;AIR PRODUCTS AND C;2APD;Action;Trading After Hours | Euronext Global Equity Market | EuroTLX;EUR;US;NON;;Euronext;2026-08-04
US00971T1016;AKAMAI TECHNOL;2AKAM;Action;Trading After Hours | Euronext Global Equity Market | EuroTLX;EUR;US;NON;;Euronext;2026-08-04
US0126531013;Albemarle;1ALB;Action;Euronext Global Equity Market;EUR;US;NON;;Euronext;2026-08-04
US0138721065;ALCOA;4AA;Action;EuroTLX | Trading After Hours | Euronext Global Equity Market;EUR;US;NON;;Euronext;2026-08-04
US0162551016;Align Technology;1ALGN;Action;Euronext Global Equity Market;EUR;US;NON;;Euronext;2026-08-04
US0200021014;Allstate Corp;1ALL;Action;Euronext Global Equity Market;EUR;US;NON;;Euronext;2026-08-04
US02043Q1076;ALNYLAM PHARMACEUT;1ALNY;Action;Euronext Global Equity Market;EUR;US;NON;;Euronext;2026-08-04
US02079K1079;ALPHABET CLASSE C;2GOOG;Action;Trading After Hours | EuroTLX | Euronext Global Equity Market;EUR;US;NON;;Euronext;2026-08-04
US02079K3059;ALPHABET CLASSE A;4GOOGL;Action;EuroTLX | Trading After Hours | Euronext Global Equity Market;EUR;US;NON;;Euronext;2026-08-04
US02209S1033;ALTRIA GROUP;1MO;Action;Euronext Global Equity Market | EuroTLX | Trading After Hours;EUR;US;NON;;Euronext;2026-08-04
US0231351067;AMAZON;4AMZN;Action;EuroTLX | Euronext Global Equity Market | Trading After Hours;EUR;US;NON;;Euronext;2026-08-04
US0236081024;Ameren Corp;1AEE;Action;Euronext Global Equity Market;EUR;US;NON;;Euronext;2026-08-04
US02376R1023;AMERICAN AIRLINES;1AAL;Action;Euronext Global Equity Market | Trading After Hours | EuroTLX;EUR;US;NON;;Euronext;2026-08-04
US0239391016;Amentum H;1AMTM;Action;Euronext Global Equity Market;EUR;US;NON;;Euronext;2026-08-04
US0255371017;American Electric;1AEP;Action;Euronext Global Equity Market;EUR;US;NON;;Euronext;2026-08-04
US02553E1064;AMERICAN EAGLE OUT;1AEO;Action;Euronext Global Equity Market;EUR;US;NON;;Euronext;2026-08-04
US0258161092;AMERICAN EXPRESS;2AXP;Action;Trading After Hours | EuroTLX | Euronext Global Equity Market;EUR;US;NON;;Euronext;2026-08-04
US0268747849;AMERICAN INTERN;2AIG;Action;Trading After Hours | EuroTLX | Euronext Global Equity Market;EUR;US;NON;;Euronext;2026-08-04
US0301112076;AMERICAN SUPERCOND;1AMSC;Action;Euronext Global Equity Market;EUR;US;NON;;Euronext;2026-08-04
US03027X1000;AMERICAN TOWER R;2AMT;Action;Trading After Hours | Euronext Global Equity Market | EuroTLX;EUR;US;NON;;Euronext;2026-08-04
US0304201033;AMERICAN WATER WOR;4AWK;Action;EuroTLX | Trading After Hours | Euronext Global Equity Market;EUR;US;NON;;Euronext;2026-08-04
US03073E1055;Cencora Inc;1COR;Action;Euronext Global Equity Market;EUR;US;NON;;Euronext;2026-08-04
US03076C1062;Ameriprise Fin;1AMP;Action;Euronext Global Equity Market;EUR;US;NON;;Euronext;2026-08-04
US0311001004;AMETEK Inc;1AME;Action;Euronext Global Equity Market;EUR;US;NON;;Euronext;2026-08-04
US0311621009;AMGEN;2AMGN;Action;Trading After Hours | EuroTLX | Euronext Global Equity Market;EUR;US;NON;;Euronext;2026-08-04
US0320951017;Amphenol Corp;4APH;Action;EuroTLX | Trading After Hours | Euronext Global Equity Market;EUR;US;NON;;Euronext;2026-08-04
US0326541051;ANALOG DEVICES;4ADI;Action;EuroTLX | Trading After Hours | Euronext Global Equity Market;EUR;US;NON;;Euronext;2026-08-04
US0367521038;ELEVANCE HEALTH;2ANTM;Action;Trading After Hours | EuroTLX | Euronext Global Equity Market;EUR;US;NON;;Euronext;2026-08-04
US03743Q1085;APA Corp;1APA;Action;Euronext Global Equity Market;EUR;US;NON;;Euronext;2026-08-04
US03769M1062;APOLLO GLOBAL MANA;1APO;Action;Euronext Global Equity Market;EUR;US;NON;;Euronext;2026-08-04
US0378331005;APPLE;4AAPL;Action;EuroTLX | Euronext Global Equity Market | Trading After Hours;EUR;US;NON;;Euronext;2026-08-04
US03783C1009;APPFOLIO INC - A;1APPF;Action;Euronext Global Equity Market;EUR;US;NON;;Euronext;2026-08-04
US0381692070;Applied Digital;1APLD;Action;Euronext Global Equity Market;EUR;US;NON;;Euronext;2026-08-04
US0382221051;APPLIED MATERIALS;2AMAT;Action;Trading After Hours | Euronext Global Equity Market | EuroTLX;EUR;US;NON;;Euronext;2026-08-04
US03823U1025;APPLIED OPTOELECTR;1AAOI;Action;Euronext Global Equity Market;EUR;US;NON;;Euronext;2026-08-04
US03831W1080;AppLovin Corp;1APP;Action;Euronext Global Equity Market;EUR;US;NON;;Euronext;2026-08-04
US0394831020;ARCHER-DANIELS-MID;1ADM;Action;Euronext Global Equity Market | Trading After Hours | EuroTLX;EUR;US;NON;;Euronext;2026-08-04
US0404132054;Arista Networks;1ANET;Action;Euronext Global Equity Market;EUR;US;NON;;Euronext;2026-08-04
US04626A1034;ASTERA LABS;1ALAB;Action;Euronext Global Equity Market;EUR;US;NON;;Euronext;2026-08-04
US0464331083;ASTRONICS CORP;1ATRO;Action;Euronext Global Equity Market;EUR;US;NON;;Euronext;2026-08-04
US0494681010;Atlassian Corp;1TEAM;Action;Euronext Global Equity Market;EUR;US;NON;;Euronext;2026-08-04
US0495601058;Atmos Energy;1ATO;Action;Euronext Global Equity Market;EUR;US;NON;;Euronext;2026-08-04
US0527691069;AUTODESK;2ADSK;Action;Trading After Hours | Euronext Global Equity Market | EuroTLX;EUR;US;NON;;Euronext;2026-08-04
US0530151036;AUTOMATIC DATA PRO;4ADP;Action;EuroTLX | Trading After Hours | Euronext Global Equity Market;EUR;US;NON;;Euronext;2026-08-04
US0533321024;AUTOZONE;4AZO;Action;EuroTLX | Trading After Hours | Euronext Global Equity Market;EUR;US;NON;;Euronext;2026-08-04
US0536111091;Avery Den;1AVY;Action;Euronext Global Equity Market;EUR;US;NON;;Euronext;2026-08-04
US0537741052;AVIS BUDGET GROUP;1CAR;Action;Euronext Global Equity Market;EUR;US;NON;;Euronext;2026-08-04
US0545402085;AXCELIS TECHNOLOGI;1ACLS;Action;Euronext Global Equity Market;EUR;US;NON;;Euronext;2026-08-04
US05464C1018;Axon Ent;1AXON;Action;Euronext Global Equity Market;EUR;US;NON;;Euronext;2026-08-04
US05464T1043;AXSOME THERAPEUTIC;1AXSM;Action;Euronext Global Equity Market;EUR;US;NON;;Euronext;2026-08-04
US0584981064;Ball Corp;1BALL;Action;Euronext Global Equity Market;EUR;US;NON;;Euronext;2026-08-04
US0605051046;BANK OF AMERICA;2BAC;Action;Trading After Hours | EuroTLX | Euronext Global Equity Market;EUR;US;NON;;Euronext;2026-08-04
US0640581007;THE BANK OF NY MEL;2BK;Action;Trading After Hours | Euronext Global Equity Market | EuroTLX;EUR;US;NON;;Euronext;2026-08-04
US06417N1037;BANK OZK;1OZK;Action;Euronext Global Equity Market;EUR;US;NON;;Euronext;2026-08-04
US0718131099;BAXTER INTERN;2BAX;Action;Trading After Hours | EuroTLX | Euronext Global Equity Market;EUR;US;NON;;Euronext;2026-08-04
US0758871091;BECTON, DICKINSON;1BDX;Action;Euronext Global Equity Market | Trading After Hours | EuroTLX;EUR;US;NON;;Euronext;2026-08-04
US08265T2087;BENTLEY SYSTEMS IN;1BSY;Action;Euronext Global Equity Market;EUR;US;NON;;Euronext;2026-08-04
US0844231029;W R Berkley Corp;1WRB;Action;Euronext Global Equity Market;EUR;US;NON;;Euronext;2026-08-04
US0846707026;BERKSHIRE HATHAW B;1BRK;Action;Euronext Global Equity Market | EuroTLX | Trading After Hours;EUR;US;NON;;Euronext;2026-08-04
US0865161014;BEST BUY CO;2BBY;Action;Trading After Hours | EuroTLX | Euronext Global Equity Market;EUR;US;NON;;Euronext;2026-08-04
US08862E1091;BEYOND MEAT;1BYND;Action;Euronext Global Equity Market | EuroTLX | Trading After Hours;EUR;US;NON;;Euronext;2026-08-04
US0900431000;BILL HOLDINGS;1BILL;Action;Euronext Global Equity Market;EUR;US;NON;;Euronext;2026-08-04
US09061G1013;BIOMARIN PHARMA;2BMRN;Action;Trading After Hours | Euronext Global Equity Market | EuroTLX;EUR;US;NON;;Euronext;2026-08-04
US09062X1037;BIOGEN;2BIIB;Action;Trading After Hours | EuroTLX | Euronext Global Equity Market;EUR;US;NON;;Euronext;2026-08-04
US09073M1045;Bio-Techne Corp;1TECH;Action;Euronext Global Equity Market;EUR;US;NON;;Euronext;2026-08-04
US09260D1072;Blackstone Inc;1BX;Action;Euronext Global Equity Market;EUR;US;NON;;Euronext;2026-08-04
US09290D1019;BLACKROCK;1BLK;Action;Euronext Global Equity Market | Trading After Hours | EuroTLX;EUR;US;NON;;Euronext;2026-08-04
US0937121079;BLOOM ENERGY A;1BLE;Action;Euronext Global Equity Market;EUR;US;NON;;Euronext;2026-08-04
US09581B1035;BLUE OWL CAPITAL;1OWL;Action;Euronext Global Equity Market;EUR;US;NON;;Euronext;2026-08-04
US0970231058;BOEING;2BA;Action;Trading After Hours | Euronext Global Equity Market | EuroTLX;EUR;US;NON;;Euronext;2026-08-04
US09857L1089;BOOKING HOLDINGS;1BKNG;Action;Euronext Global Equity Market | EuroTLX | Trading After Hours;EUR;US;NON;;Euronext;2026-08-04
US0995021062;BOOZ ALLEN HAMILTO;1BAH;Action;Euronext Global Equity Market;EUR;US;NON;;Euronext;2026-08-04
US0997241064;BorgWarner;1BWA;Action;Euronext Global Equity Market;EUR;US;NON;;Euronext;2026-08-04
US1011371077;BOSTON SCIENTIFIC;4BSX;Action;EuroTLX | Trading After Hours | Euronext Global Equity Market;EUR;US;NON;;Euronext;2026-08-04
US10576N1028;BRAZE INC-A;1BRZE;Action;Euronext Global Equity Market;EUR;US;NON;;Euronext;2026-08-04
US10806X1028;BRIDGEBIO PHARMA I;1BBIO;Action;Euronext Global Equity Market;EUR;US;NON;;Euronext;2026-08-04
US1096411004;BRINKER INTERNATIO;1EAT;Action;Euronext Global Equity Market;EUR;US;NON;;Euronext;2026-08-04
US1101221083;BRISTOL-MYERS SQ;1BMY;Action;Euronext Global Equity Market | EuroTLX | Trading After Hours;EUR;US;NON;;Euronext;2026-08-04
US11135F1012;BROADCOM;4AVGO;Action;EuroTLX | Euronext Global Equity Market | Trading After Hours;EUR;US;NON;;Euronext;2026-08-04
US1152361010;Brown Brown;1BRO;Action;Euronext Global Equity Market;EUR;US;NON;;Euronext;2026-08-04
US1156372096;Brown-Forman;1BFB;Action;Euronext Global Equity Market;EUR;US;NON;;Euronext;2026-08-04
US1167941087;BRUKER CORP;1BRKR;Action;Euronext Global Equity Market;EUR;US;NON;;Euronext;2026-08-04
US12008R1077;Builders FS;1BLDR;Action;Euronext Global Equity Market;EUR;US;NON;;Euronext;2026-08-04
US12468P1049;C3.ai Inc;1C3;Action;Euronext Global Equity Market | Trading After Hours;EUR;US;NON;;Euronext;2026-08-04
US12503M1080;Cboe Global;1CBOE;Action;Euronext Global Equity Market;EUR;US;NON;;Euronext;2026-08-04
US12504L1098;CBRE Group Inc;1CBRE;Action;Euronext Global Equity Market;EUR;US;NON;;Euronext;2026-08-04
US12514G1085;CDW Corp/DE;1CDW;Action;Euronext Global Equity Market;EUR;US;NON;;Euronext;2026-08-04
US1252691001;CF Industries;1CF;Action;Euronext Global Equity Market;EUR;US;NON;;Euronext;2026-08-04
US1255231003;Cigna Group/The;1CI;Action;Euronext Global Equity Market;EUR;US;NON;;Euronext;2026-08-04
US12572Q1058;CME Group Inc;1CME;Action;Euronext Global Equity Market;EUR;US;NON;;Euronext;2026-08-04
US1264081035;CSX Corp;1CSX;Action;Euronext Global Equity Market;EUR;US;NON;;Euronext;2026-08-04
US1266501006;CVS HEALTH;1CVS;Action;Euronext Global Equity Market | Trading After Hours | EuroTLX;EUR;US;NON;;Euronext;2026-08-04
US1273871087;Cadence Design;1CDNS;Action;Euronext Global Equity Market;EUR;US;NON;;Euronext;2026-08-04
US1280302027;CAL-MAINE FOODS IN;1CALM;Action;Euronext Global Equity Market;EUR;US;NON;;Euronext;2026-08-04
US1344291091;The Campbell's C;1CPB;Action;Euronext Global Equity Market;EUR;US;NON;;Euronext;2026-08-04
US14040H1059;Capital One Fin;1COF;Action;Euronext Global Equity Market;EUR;US;NON;;Euronext;2026-08-04
US14149Y1082;Cardinal Health;1CAH;Action;Euronext Global Equity Market;EUR;US;NON;;Euronext;2026-08-04
US14316J1088;CARLYLE GROUP;1CG;Action;Euronext Global Equity Market;EUR;US;NON;;Euronext;2026-08-04
US14448C1045;Carrier Global;1CARR;Action;Euronext Global Equity Market;EUR;US;NON;;Euronext;2026-08-04
US1468691027;CARVANA CO;1CVNA;Action;Euronext Global Equity Market;EUR;US;NON;;Euronext;2026-08-04
US1491231015;CATERPILLAR;1CAT;Action;Euronext Global Equity Market | Trading After Hours;EUR;US;NON;;Euronext;2026-08-04
US1508701034;Celanese Corp;1CE;Action;Euronext Global Equity Market;EUR;US;NON;;Euronext;2026-08-04
US15135B1017;CENTENE;4CNC;Action;EuroTLX | Euronext Global Equity Market | Trading After Hours;EUR;US;NON;;Euronext;2026-08-04
US15189T1079;CenterPoint En;1CNP;Action;Euronext Global Equity Market;EUR;US;NON;;Euronext;2026-08-04
US16119P1084;CHARTER COMM;4CHTR;Action;EuroTLX | Trading After Hours | Euronext Global Equity Market;EUR;US;NON;;Euronext;2026-08-04
US1630721017;CHEESECAKE FACTORY;1CAKE;Action;Euronext Global Equity Market;EUR;US;NON;;Euronext;2026-08-04
US16411R2085;CHENIERE ENERGY IN;1LNG;Action;Euronext Global Equity Market;EUR;US;NON;;Euronext;2026-08-04
US1651677353;EXPAND ENERGY CORP;1EXE;Action;Euronext Global Equity Market;EUR;US;NON;;Euronext;2026-08-04
US1667641005;CHEVRON;1CVX;Action;Euronext Global Equity Market | EuroTLX | Trading After Hours;EUR;US;NON;;Euronext;2026-08-04
US16679L1098;CHEWY CLASS A;1CHWY;Action;Euronext Global Equity Market;EUR;US;NON;;Euronext;2026-08-04
US1696561059;CHIPOTLE MEXICAN;1CMG;Action;Euronext Global Equity Market;EUR;US;NON;;Euronext;2026-08-04
US1713401024;Church & Dwight;1CHD;Action;Euronext Global Equity Market;EUR;US;NON;;Euronext;2026-08-04
US1717793095;CIENA;4CIEN;Action;EuroTLX | Trading After Hours | Euronext Global Equity Market;EUR;US;NON;;Euronext;2026-08-04
US1720621010;Cincinnati Fin;1CINF;Action;Euronext Global Equity Market;EUR;US;NON;;Euronext;2026-08-04
US17253J1060;CIPHER DIGITAL;1CIFR;Action;Euronext Global Equity Market;EUR;US;NON;;Euronext;2026-08-04
US1725731079;CIRCLE INTERNET;1CRCL;Action;Euronext Global Equity Market;EUR;US;NON;;Euronext;2026-08-04
US1727551004;CIRRUS LOGIC INC;1CRUS;Action;Euronext Global Equity Market;EUR;US;NON;;Euronext;2026-08-04
US17275R1023;CISCO SYSTEMS;4CSCO;Action;EuroTLX | Euronext Global Equity Market | Trading After Hours;EUR;US;NON;;Euronext;2026-08-04
US1729674242;CITIGROUP;2C;Action;Trading After Hours | Euronext Global Equity Market | EuroTLX;EUR;US;NON;;Euronext;2026-08-04
US1746101054;Citizens Fin;1CFG;Action;Euronext Global Equity Market;EUR;US;NON;;Euronext;2026-08-04
US18452B2097;Cleanspark Inc;1CLSK;Action;Euronext Global Equity Market;EUR;US;NON;;Euronext;2026-08-04
US1858991011;CLEVELAND-CLIFFS;4CVA;Action;EuroTLX | Trading After Hours | Euronext Global Equity Market;EUR;US;NON;;Euronext;2026-08-04
US1890541097;THE CLOROX COMPANY;1CLX;Action;Euronext Global Equity Market | EuroTLX | Trading After Hours;EUR;US;NON;;Euronext;2026-08-04
US1910981026;COCA-COLA CONSOLID;1COKE;Action;Euronext Global Equity Market;EUR;US;NON;;Euronext;2026-08-04
US1912161007;THE COCA-COLA COMP;4KO;Action;EuroTLX | Trading After Hours | Euronext Global Equity Market;EUR;US;NON;;Euronext;2026-08-04
US1921085049;COEUR MINING;2CDE;Action;Trading After Hours | EuroTLX | Euronext Global Equity Market;EUR;US;NON;;Euronext;2026-08-04
US1924221039;COGNEX CORP;1CGNX;Action;Euronext Global Equity Market;EUR;US;NON;;Euronext;2026-08-04
US1924461023;Cognizant Tech;1CTSH;Action;Euronext Global Equity Market;EUR;US;NON;;Euronext;2026-08-04
US19247G1076;COHERENT CORP;1COHR;Action;Euronext Global Equity Market;EUR;US;NON;;Euronext;2026-08-04
US19260Q1076;COINBASE GLOBAL;1COIN;Action;Euronext Global Equity Market | Trading After Hours | EuroTLX;EUR;US;NON;;Euronext;2026-08-04
US1941621039;COLGATE-PALMOLIVE;4CL;Action;EuroTLX | Trading After Hours | Euronext Global Equity Market;EUR;US;NON;;Euronext;2026-08-04
US1985161066;COLUMBIA SPORTSWEA;1COLM;Action;Euronext Global Equity Market;EUR;US;NON;;Euronext;2026-08-04
US1999081045;COMFORT SYSTEMS;1FIX;Action;Euronext Global Equity Market;EUR;US;NON;;Euronext;2026-08-04
US20030N1019;COMCAST;4CMCSA;Action;EuroTLX | Trading After Hours | Euronext Global Equity Market;EUR;US;NON;;Euronext;2026-08-04
US2058871029;Conagra Brands;1CAG;Action;Euronext Global Equity Market;EUR;US;NON;;Euronext;2026-08-04
US20825C1045;CONOCOPHILLIPS;2COP;Action;Trading After Hours | Euronext Global Equity Market | EuroTLX;EUR;US;NON;;Euronext;2026-08-04
US2091151041;CONSOLIDATED EDIS;2ED;Action;Trading After Hours | EuroTLX | Euronext Global Equity Market;EUR;US;NON;;Euronext;2026-08-04
US21036P1084;CONSTELLATION BR;4STZ;Action;EuroTLX | Euronext Global Equity Market | Trading After Hours;EUR;US;NON;;Euronext;2026-08-04
US21037T1097;Constellation En;1CEG;Action;Euronext Global Equity Market;EUR;US;NON;;Euronext;2026-08-04
US21044C1071;CONSTRUCTION PARTN;1ROAD;Action;Euronext Global Equity Market;EUR;US;NON;;Euronext;2026-08-04
US2166485019;Cooper Cos;1COO;Action;Euronext Global Equity Market;EUR;US;NON;;Euronext;2026-08-04
US2172041061;Copart Inc;1CPRT;Action;Euronext Global Equity Market;EUR;US;NON;;Euronext;2026-08-04
US2183521028;CORCEPT THERAP;1CORT;Action;Euronext Global Equity Market;EUR;US;NON;;Euronext;2026-08-04
US21873S1087;COREWEAVE CL A;1CRWV;Action;Euronext Global Equity Market;EUR;US;NON;;Euronext;2026-08-04
US21874A1060;CORE SCIENTIFIC;1CORZ;Action;Euronext Global Equity Market;EUR;US;NON;;Euronext;2026-08-04
US21874C1027;CORE & MAIN CL A;1CNM;Action;Euronext Global Equity Market;EUR;US;NON;;Euronext;2026-08-04
US2193501051;CORNING;4GLW;Action;EuroTLX | Euronext Global Equity Market | Trading After Hours;EUR;US;NON;;Euronext;2026-08-04
US2199481068;Corpay Inc;1CPAY;Action;Euronext Global Equity Market;EUR;US;NON;;Euronext;2026-08-04
US22052L1044;Corteva Inc;1CTVA;Action;Euronext Global Equity Market;EUR;US;NON;;Euronext;2026-08-04
US22160K1051;COSTCO WHOLESALE;2COST;Action;Trading After Hours | EuroTLX | Euronext Global Equity Market;EUR;US;NON;;Euronext;2026-08-04
US22160N1090;CoStar Group;4CSGP;Action;EuroTLX | Euronext Global Equity Market | Trading After Hours;EUR;US;NON;;Euronext;2026-08-04
US2220702037;COTY;2COTY;Action;Trading After Hours | Euronext Paris | Euronext Global Equity Market;EUR;US;NON;;Euronext;2026-08-04
US22266T1097;COUPANG;1CPNG;Action;Euronext Global Equity Market;EUR;US;NON;;Euronext;2026-08-04
US2270461096;CROCS INC;1CROX;Action;Euronext Global Equity Market;EUR;US;NON;;Euronext;2026-08-04
US22788C1053;Crowdstrike Hold;4CRWD;Action;EuroTLX | Euronext Global Equity Market | Trading After Hours;EUR;US;NON;;Euronext;2026-08-04
US2310211063;Cummins Inc;1CMI;Action;Euronext Global Equity Market;EUR;US;NON;;Euronext;2026-08-04
US23282W6057;CYTOKINETICS INC;1CYTK;Action;Euronext Global Equity Market;EUR;US;NON;;Euronext;2026-08-04
US23331A1097;DR Horton Inc;1DHI;Action;Euronext Global Equity Market;EUR;US;NON;;Euronext;2026-08-04
US2358511028;DANAHER;1DHR;Action;Euronext Global Equity Market | Trading After Hours | EuroTLX;EUR;US;NON;;Euronext;2026-08-04
US2371941053;Darden Restaurants;1DRI;Action;Euronext Global Equity Market;EUR;US;NON;;Euronext;2026-08-04
US23804L1035;Datadog Inc;1DDOG;Action;Euronext Global Equity Market;EUR;US;NON;;Euronext;2026-08-04
US23918K1088;DaVita Inc;1DVA;Action;Euronext Global Equity Market;EUR;US;NON;;Euronext;2026-08-04
US2435371073;Deckers Outdoor;1DECK;Action;Euronext Global Equity Market;EUR;US;NON;;Euronext;2026-08-04
US2441991054;DEERE & CO;1DE;Action;Euronext Global Equity Market | EuroTLX | Trading After Hours;EUR;US;NON;;Euronext;2026-08-04
US24703L2025;Dell Technologies;4DELL;Action;EuroTLX | Euronext Global Equity Market | Trading After Hours;EUR;US;NON;;Euronext;2026-08-04
US2473617023;Delta Air Lines;1DAL;Action;Euronext Global Equity Market;EUR;US;NON;;Euronext;2026-08-04
US24906P1093;DENTSPLY SIRONA;1XRAY;Action;Euronext Global Equity Market | EuroTLX | Trading After Hours;EUR;US;NON;;Euronext;2026-08-04
US25179M1036;DEVON ENERGY;4DY6;Action;EuroTLX | Trading After Hours | Euronext Global Equity Market;EUR;US;NON;;Euronext;2026-08-04
US2521311074;Dexcom Inc;1DXCM;Action;Euronext Global Equity Market;EUR;US;NON;;Euronext;2026-08-04
US25278X1090;Diamondback Energy;1FANG;Action;Euronext Global Equity Market;EUR;US;NON;;Euronext;2026-08-04
US2533931026;DICK'S SPORTING G;1DKS;Action;Euronext Global Equity Market;EUR;US;NON;;Euronext;2026-08-04
US25400W1027;DIGITAL TURBINE IN;1APPS;Action;Euronext Global Equity Market;EUR;US;NON;;Euronext;2026-08-04
US2546871060;THE WALT DISNEY;2DIS;Action;Trading After Hours | EuroTLX | Euronext Global Equity Market;EUR;US;NON;;Euronext;2026-08-04
US2566771059;DOLLAR GENERAL;2DGX;Action;Trading After Hours | EuroTLX | Euronext Global Equity Market;EUR;US;NON;;Euronext;2026-08-04
US2567461080;Dollar Tree Inc;1DLTR;Action;Euronext Global Equity Market;EUR;US;NON;;Euronext;2026-08-04
US25746U1097;DOMINION ENERGY;2D;Action;Trading After Hours | EuroTLX | Euronext Global Equity Market;EUR;US;NON;;Euronext;2026-08-04
US25754A2015;Domino's Pizza;1DPZ;Action;Euronext Global Equity Market;EUR;US;NON;;Euronext;2026-08-04
US25809K1051;DOORDASH;1DASH;Action;Euronext Global Equity Market | EuroTLX | Trading After Hours;EUR;US;NON;;Euronext;2026-08-04
US2600031080;Dover Corp;1DOV;Action;Euronext Global Equity Market;EUR;US;NON;;Euronext;2026-08-04
US2605571031;DOW;1DOW;Action;Euronext Global Equity Market | Trading After Hours | EuroTLX;EUR;US;NON;;Euronext;2026-08-04
US26142V1052;DRAFTKINGS INC A;1DKNG;Action;Euronext Global Equity Market;EUR;US;NON;;Euronext;2026-08-04
US26210C1045;DROPBOX INC-CLASS;1DBX;Action;Euronext Global Equity Market;EUR;US;NON;;Euronext;2026-08-04
US26441C2044;Duke Energy Corp;1DUK;Action;Euronext Global Equity Market;EUR;US;NON;;Euronext;2026-08-04
US26614N2018;DUPONT DE NEMOURS;2DD;Action;Trading After Hours | Euronext Global Equity Market | EuroTLX;EUR;US;NON;;Euronext;2026-08-04
US26740W1099;D-WAVE QUANTUM INC;1QBTS;Action;Euronext Global Equity Market;EUR;US;NON;;Euronext;2026-08-04
US2681501092;DYNATRACE;1DYT;Action;Euronext Global Equity Market;EUR;US;NON;;Euronext;2026-08-04
US26856L1035;ELF BEAUTY;1ELF;Action;Euronext Global Equity Market;EUR;US;NON;;Euronext;2026-08-04
US26875P1012;EOG Resources Inc;1EOG;Action;Euronext Global Equity Market;EUR;US;NON;;Euronext;2026-08-04
US26884L1098;EQT Corp;1EQTC;Action;Euronext Global Equity Market;EUR;US;NON;;Euronext;2026-08-04
US2774321002;Eastman Chemical;1EMN;Action;Euronext Global Equity Market;EUR;US;NON;;Euronext;2026-08-04
US2786421030;EBAY;2EBAY;Action;Trading After Hours | Euronext Global Equity Market | EuroTLX;EUR;US;NON;;Euronext;2026-08-04
US2787681061;ECHOSTAR CORP-A;1ECHO;Action;Euronext Global Equity Market;EUR;US;NON;;Euronext;2026-08-04
US2788651006;ECOLAB;1ECL;Action;Euronext Global Equity Market | EuroTLX | Trading After Hours;EUR;US;NON;;Euronext;2026-08-04
US2810201077;Edison Intern;1EIX;Action;Euronext Global Equity Market;EUR;US;NON;;Euronext;2026-08-04
US28176E1082;EDWARDS LIFESCIENC;4EW;Action;EuroTLX | Trading After Hours | Euronext Global Equity Market;EUR;US;NON;;Euronext;2026-08-04
US2855121099;ELECTRONIC ARTS;4EA;Action;EuroTLX | Trading After Hours | Euronext Global Equity Market;EUR;US;NON;;Euronext;2026-08-04
US29084Q1004;EMCOR GROUP;1EME;Action;Euronext Global Equity Market;EUR;US;NON;;Euronext;2026-08-04
US2910111044;EMERSON ELECTRIC;1EMR;Action;Euronext Global Equity Market | Trading After Hours | EuroTLX;EUR;US;NON;;Euronext;2026-08-04
US29355A1079;Enphase Energy;1ENPH;Action;Euronext Global Equity Market;EUR;US;NON;;Euronext;2026-08-04
US29358P1012;ENSIGN GROUP INC;1ENSG;Action;Euronext Global Equity Market;EUR;US;NON;;Euronext;2026-08-04
US2935941078;ENOVIX CORP;1ENVX;Action;Euronext Global Equity Market;EUR;US;NON;;Euronext;2026-08-04
US29362U1043;ENTEGRIS INC;1ENTG;Action;Euronext Global Equity Market;EUR;US;NON;;Euronext;2026-08-04
US29364G1031;Entergy Corp;1ETR;Action;Euronext Global Equity Market;EUR;US;NON;;Euronext;2026-08-04
US29414B1044;EPAM Systems Inc;1EPAM;Action;Euronext Global Equity Market;EUR;US;NON;;Euronext;2026-08-04
US2944291051;Equifax Inc;1EFX;Action;Euronext Global Equity Market;EUR;US;NON;;Euronext;2026-08-04
US29786A1060;ETSY;2ETSY;Action;Trading After Hours | EuroTLX | Euronext Global Equity Market;EUR;US;NON;;Euronext;2026-08-04
US2987361092;EURONET WORLDWIDE;1EEFT;Action;Euronext Global Equity Market;EUR;US;NON;;Euronext;2026-08-04
US30034W1062;Evergy Inc;1EVRG;Action;Euronext Global Equity Market;EUR;US;NON;;Euronext;2026-08-04
US30040W1080;EVERSOURCE ENERGY;1ES;Action;Euronext Global Equity Market | EuroTLX | Trading After Hours;EUR;US;NON;;Euronext;2026-08-04
US30161N1019;EXELON;4EXC;Action;EuroTLX | Trading After Hours | Euronext Global Equity Market;EUR;US;NON;;Euronext;2026-08-04
US30161Q1040;EXELIXIS INC;1EXEL;Action;Euronext Global Equity Market;EUR;US;NON;;Euronext;2026-08-04
US3020811044;EXLSERVICE HOLDING;1EXLS;Action;Euronext Global Equity Market;EUR;US;NON;;Euronext;2026-08-04
US30212P3038;EXPEDIA GROUP;2EXPE;Action;Trading After Hours | EuroTLX | Euronext Global Equity Market;EUR;US;NON;;Euronext;2026-08-04
US30233Q1085;EXXONMOBIL;2XOM;Action;Trading After Hours | EuroTLX | Euronext Global Equity Market;EUR;US;NON;;Euronext;2026-08-04
US3024913036;FMC Corp;1FMC;Action;Euronext Global Equity Market;EUR;US;NON;;Euronext;2026-08-04
US30303M1027;META PLATFORMS;2META;Action;Trading After Hours | Euronext Global Equity Market | EuroTLX;EUR;US;NON;;Euronext;2026-08-04
US3030751057;FactSet Research;1FDS;Action;Euronext Global Equity Market;EUR;US;NON;;Euronext;2026-08-04
US3032501047;Fair Isaac Corp;1FICO;Action;Euronext Global Equity Market;EUR;US;NON;;Euronext;2026-08-04
US3119001044;Fastenal Co;1FAST;Action;Euronext Global Equity Market;EUR;US;NON;;Euronext;2026-08-04
US31428X1063;FEDEX;2FDX;Action;Trading After Hours | EuroTLX | Euronext Global Equity Market;EUR;US;NON;;Euronext;2026-08-04
US3156161024;F5 Inc;1FFIV;Action;Euronext Global Equity Market;EUR;US;NON;;Euronext;2026-08-04
US31620M1062;Fidelity National;1FIS;Action;Euronext Global Equity Market;EUR;US;NON;;Euronext;2026-08-04
US3167731005;Fifth Third Banc;1FTHB;Action;Euronext Global Equity Market;EUR;US;NON;;Euronext;2026-08-04
US3168411052;FIGMA CL A;1FIG;Action;Euronext Global Equity Market;EUR;US;NON;;Euronext;2026-08-04
US3205171057;FIRST HORIZON CORP;1FHN;Action;Euronext Global Equity Market;EUR;US;NON;;Euronext;2026-08-04
US3364331070;FIRST SOLAR;2FSLR;Action;Trading After Hours | EuroTLX | Euronext Global Equity Market;EUR;US;NON;;Euronext;2026-08-04
US3377381088;FISERV;2FISV;Action;Trading After Hours | EuroTLX | Euronext Global Equity Market;EUR;US;NON;;Euronext;2026-08-04
US3379321074;FirstEnergy Corp;1FEU;Action;Euronext Global Equity Market;EUR;US;NON;;Euronext;2026-08-04
US33829M1018;FIVE BELOW;1FIVE;Action;Euronext Global Equity Market;EUR;US;NON;;Euronext;2026-08-04
US3383071012;FIVE9 INC;1FIVN;Action;Euronext Global Equity Market;EUR;US;NON;;Euronext;2026-08-04
US34379V1035;FLUENCE ENERGY INC;1FLNC;Action;Euronext Global Equity Market;EUR;US;NON;;Euronext;2026-08-04
US3453708600;FORD MOTOR;1F;Action;Euronext Global Equity Market | Trading After Hours | EuroTLX;EUR;US;NON;;Euronext;2026-08-04
US34959E1091;Fortinet Inc;1FTNT;Action;Euronext Global Equity Market;EUR;US;NON;;Euronext;2026-08-04
US34959J1088;Fortive Corp;1FTV;Action;Euronext Global Equity Market;EUR;US;NON;;Euronext;2026-08-04
US35137L1052;Fox Corp;1FOXA;Action;Euronext Global Equity Market;EUR;US;NON;;Euronext;2026-08-04
US35137L2043;Fox Corp B;1FOX;Action;Euronext Global Equity Market;EUR;US;NON;;Euronext;2026-08-04
US3546131018;Franklin;1BEN;Action;Euronext Global Equity Market;EUR;US;NON;;Euronext;2026-08-04
US35671D8570;FREEPORT-MCMORAN;2FCX;Action;Trading After Hours | Euronext Global Equity Market | EuroTLX;EUR;US;NON;;Euronext;2026-08-04
US3580391056;FRESHPET INC;1FRPT;Action;Euronext Global Equity Market;EUR;US;NON;;Euronext;2026-08-04
US3580541049;FRESHWORKS INC-CL;1FRSH;Action;Euronext Global Equity Market;EUR;US;NON;;Euronext;2026-08-04
US35952H7008;FUELCELL ENERGY;2FEY2;Action;Trading After Hours | EuroTLX | Euronext Global Equity Market;EUR;US;NON;;Euronext;2026-08-04
US36266G1076;GE HealthCare T;1GEHC;Action;Euronext Global Equity Market;EUR;US;NON;;Euronext;2026-08-04
US36317J2096;GALAXY DIGITAL A;1GLXY;Action;Euronext Global Equity Market;EUR;US;NON;;Euronext;2026-08-04
US3635761097;Arthur Gallagher;1AJG;Action;Euronext Global Equity Market;EUR;US;NON;;Euronext;2026-08-04
US36467W1099;GAMESTOP CORP;1GME;Action;Euronext Global Equity Market | Trading After Hours;EUR;US;NON;;Euronext;2026-08-04
US3666511072;Gartner Inc;1IT;Action;Euronext Global Equity Market;EUR;US;NON;;Euronext;2026-08-04
US36828A1016;GE Vernova Inc;1GEV;Action;Euronext Global Equity Market;EUR;US;NON;;Euronext;2026-08-04
US3687361044;Generac Hold;1GNRC;Action;Euronext Global Equity Market;EUR;US;NON;;Euronext;2026-08-04
US3695501086;GENERAL DYNAMICS;1GD;Action;Euronext Global Equity Market | EuroTLX | Trading After Hours;EUR;US;NON;;Euronext;2026-08-04
US3696043013;GE AEROSPACE;2GE;Action;Trading After Hours | Euronext Global Equity Market;EUR;US;NON;;Euronext;2026-08-04
US3703341046;General Mills Inc;1GIS;Action;Euronext Global Equity Market;EUR;US;NON;;Euronext;2026-08-04
US37045V1008;GENERAL MOTORS;2GM;Action;Trading After Hours | Euronext Global Equity Market | EuroTLX;EUR;US;NON;;Euronext;2026-08-04
US3724601055;Genuine Parts Co;1GPC;Action;Euronext Global Equity Market;EUR;US;NON;;Euronext;2026-08-04
US3741631036;GERON CORP;1GERN;Action;Euronext Global Equity Market;EUR;US;NON;;Euronext;2026-08-04
US3755581036;GILEAD SCIENCES;4GILD;Action;EuroTLX | Euronext Global Equity Market | Trading After Hours;EUR;US;NON;;Euronext;2026-08-04
US37637K1088;GITLAB INC-CL A;1GTLB;Action;Euronext Global Equity Market;EUR;US;NON;;Euronext;2026-08-04
US37940X1028;GLOBAL PAYMENTS;1GPN;Action;Euronext Global Equity Market | EuroTLX | Trading After Hours;EUR;US;NON;;Euronext;2026-08-04
US3802371076;GoDaddy Inc;1GDDY;Action;Euronext Global Equity Market;EUR;US;NON;;Euronext;2026-08-04
US38141G1040;GOLDMAN SACHS GR;2GSG;Action;Trading After Hours | EuroTLX | Euronext Global Equity Market;EUR;US;NON;;Euronext;2026-08-04
US3825501014;GOODYEAR TIRE & RU;1GT;Action;Euronext Global Equity Market;EUR;US;NON;;Euronext;2026-08-04
US38268T1034;GOPRO - CLASSE A;2GPRO;Action;Trading After Hours | Euronext Global Equity Market | EuroTLX;EUR;US;NON;;Euronext;2026-08-04
US3848021040;WW Grainger Inc;1GWW;Action;Euronext Global Equity Market;EUR;US;NON;;Euronext;2026-08-04
US40131M1099;GUARDANT HEALTH IN;1GH;Action;Euronext Global Equity Market;EUR;US;NON;;Euronext;2026-08-04
US40171V1008;GUIDEWIRE SOFTWARE;1GWRE;Action;Euronext Global Equity Market;EUR;US;NON;;Euronext;2026-08-04
US4039491000;HF SINCLAIR CORP;1DINO;Action;Euronext Global Equity Market;EUR;US;NON;;Euronext;2026-08-04
US40412C1018;HCA-HEALTHCARE;1HCA;Action;Euronext Global Equity Market | EuroTLX | Trading After Hours;EUR;US;NON;;Euronext;2026-08-04
US40434L1052;HP;2HPQ;Action;Trading After Hours | EuroTLX | Euronext Global Equity Market;EUR;US;NON;;Euronext;2026-08-04
US4062161017;HALLIBURTON;4HAL;Action;EuroTLX | Trading After Hours | Euronext Global Equity Market;EUR;US;NON;;Euronext;2026-08-04
US40637H1095;HALOZYME THERAPEUT;1HALO;Action;Euronext Global Equity Market;EUR;US;NON;;Euronext;2026-08-04
US4128221086;HARLEY-DAVIDSON;1HOG;Action;Euronext Global Equity Market | Trading After Hours | EuroTLX;EUR;US;NON;;Euronext;2026-08-04
US4165151048;Hartford Finan;1HIG;Action;Euronext Global Equity Market;EUR;US;NON;;Euronext;2026-08-04
US4180561072;HASBRO;2HAS;Action;Trading After Hours | EuroTLX | Euronext Global Equity Market;EUR;US;NON;;Euronext;2026-08-04
US4227041062;HECLA MINING;2HL;Action;Trading After Hours | EuroTLX | Euronext Global Equity Market;EUR;US;NON;;Euronext;2026-08-04
US4262811015;Jack Henry & Ass;1JKHY;Action;Euronext Global Equity Market;EUR;US;NON;;Euronext;2026-08-04
US4278661081;Hershey Co/The;1HSY;Action;Euronext Global Equity Market;EUR;US;NON;;Euronext;2026-08-04
US42824C1099;HEWLETT PACKARD EN;4HPE;Action;EuroTLX | Euronext Global Equity Market | Trading After Hours;EUR;US;NON;;Euronext;2026-08-04
US43300A2033;HILTON WORLDWIDE H;2HLT;Action;Trading After Hours | EuroTLX | Euronext Global Equity Market;EUR;US;NON;;Euronext;2026-08-04
US4370761029;HOME DEPOT;1HD;Action;Euronext Global Equity Market | Trading After Hours | EuroTLX;EUR;US;NON;;Euronext;2026-08-04
US4385162056;HONEYWELL INTERN;4HON;Action;EuroTLX | Euronext Global Equity Market | Trading After Hours;EUR;US;NON;;Euronext;2026-08-04
US4404521001;Hormel Foods Corp;1HRL;Action;Euronext Global Equity Market;EUR;US;NON;;Euronext;2026-08-04
US4432011082;Howmet Aerospace;1HWM;Action;Euronext Global Equity Market;EUR;US;NON;;Euronext;2026-08-04
US4435731009;HUBSPOT INC;1HUBS;Action;Euronext Global Equity Market;EUR;US;NON;;Euronext;2026-08-04
US4448591028;Humana Inc;1HUM;Action;Euronext Global Equity Market;EUR;US;NON;;Euronext;2026-08-04
US4461501045;HUNTINGTON BANCSH;2HU3;Action;Trading After Hours | Euronext Global Equity Market | EuroTLX;EUR;US;NON;;Euronext;2026-08-04
US4464131063;Huntington Ing;1HII;Action;Euronext Global Equity Market;EUR;US;NON;;Euronext;2026-08-04
US44812J1043;HUT 8 CORP. O.N.;2HUT;Action;Trading After Hours | Euronext Global Equity Market;EUR;US;NON;;Euronext;2026-08-04
US44891N2080;People Inc;1PPLI;Action;Euronext Global Equity Market;EUR;US;NON;;Euronext;2026-08-04
US44951W1062;IES HOLDINGS INC;1IESC;Action;Euronext Global Equity Market;EUR;US;NON;;Euronext;2026-08-04
US45167R1041;IDEX Corp;1IEX;Action;Euronext Global Equity Market;EUR;US;NON;;Euronext;2026-08-04
US45168D1046;IDEXX Lab;1IDXX;Action;Euronext Global Equity Market;EUR;US;NON;;Euronext;2026-08-04
US4523081093;Illinois Tool W;1ITW;Action;Euronext Global Equity Market;EUR;US;NON;;Euronext;2026-08-04
US4523271090;ILLUMINA;4ILMN;Action;EuroTLX | Trading After Hours | Euronext Global Equity Market;EUR;US;NON;;Euronext;2026-08-04
US4532041096;IMPINJ INC;1PI;Action;Euronext Global Equity Market;EUR;US;NON;;Euronext;2026-08-04
US45337C1027;INCYTE;2INCY;Action;Trading After Hours | EuroTLX | Euronext Global Equity Market;EUR;US;NON;;Euronext;2026-08-04
US4576422053;INNODATA INC;1INOD;Action;Euronext Global Equity Market;EUR;US;NON;;Euronext;2026-08-04
US45765U1034;INSIGHT ENTERPRISE;1NSIT;Action;Euronext Global Equity Market;EUR;US;NON;;Euronext;2026-08-04
US4576693075;INSMED INC;1INSM;Action;Euronext Global Equity Market;EUR;US;NON;;Euronext;2026-08-04
US45784P1012;Insulet Corp;1PODD;Action;Euronext Global Equity Market;EUR;US;NON;;Euronext;2026-08-04
US4581401001;INTEL;1INTC;Action;Euronext Global Equity Market | EuroTLX | Trading After Hours;EUR;US;NON;;Euronext;2026-08-04
US45841N1072;Interactive;1IBKR;Action;Euronext Global Equity Market;EUR;US;NON;;Euronext;2026-08-04
US45866F1049;Intercontinental;1ICE;Action;Euronext Global Equity Market;EUR;US;NON;;Euronext;2026-08-04
US45867G1013;INTERDIGITAL INC;1IDCC;Action;Euronext Global Equity Market;EUR;US;NON;;Euronext;2026-08-04
US4592001014;IBM;2IBM;Action;Trading After Hours | Euronext Global Equity Market | EuroTLX;EUR;US;NON;;Euronext;2026-08-04
US4595061015;International F&F;1IFF;Action;Euronext Global Equity Market;EUR;US;NON;;Euronext;2026-08-04
US4601461035;International P;1IP;Action;Euronext Global Equity Market;EUR;US;NON;;Euronext;2026-08-04
US4612021034;INTUIT;2INTU;Action;Trading After Hours | EuroTLX | Euronext Global Equity Market;EUR;US;NON;;Euronext;2026-08-04
US46120E6023;INTUITIVE SURGICAL;4ISRG;Action;EuroTLX | Euronext Global Equity Market | Trading After Hours;EUR;US;NON;;Euronext;2026-08-04
US4622221004;IONIS PHARMACEUTIC;1IONS;Action;Euronext Global Equity Market;EUR;US;NON;;Euronext;2026-08-04
US46222L1089;IONQ INC;1IONQ;Action;Euronext Global Equity Market;EUR;US;NON;;Euronext;2026-08-04
US4622601007;IOVANCE BIOTHERAPE;1IOVA;Action;Euronext Global Equity Market;EUR;US;NON;;Euronext;2026-08-04
US46266C1053;IQVIA H;1IQV;Action;Euronext Global Equity Market;EUR;US;NON;;Euronext;2026-08-04
US46269C1027;IRIDIUM COMMUNICAT;1IRDM;Action;Euronext Global Equity Market;EUR;US;NON;;Euronext;2026-08-04
US4657411066;ITRON INC;1ITRI;Action;Euronext Global Equity Market;EUR;US;NON;;Euronext;2026-08-04
US46625H1005;J.P. MORGAN CHASE;1JPM;Action;Euronext Global Equity Market | Trading After Hours | EuroTLX;EUR;US;NON;;Euronext;2026-08-04
US4663131039;Jabil Inc;1JBL;Action;Euronext Global Equity Market;EUR;US;NON;;Euronext;2026-08-04
US4771431016;JETBLUE AIRWAYS;1JAM;Action;Euronext Global Equity Market | Trading After Hours | EuroTLX;EUR;US;NON;;Euronext;2026-08-04
US4781601046;JOHNSON & JOHNSON;4JNJ;Action;EuroTLX | Euronext Global Equity Market | Trading After Hours;EUR;US;NON;;Euronext;2026-08-04
US4824801009;KLA-TENCOR;4KLAC;Action;EuroTLX | Trading After Hours | Euronext Global Equity Market;EUR;US;NON;;Euronext;2026-08-04
US48251W1045;KKR & Co Inc;1KKR;Action;Euronext Global Equity Market;EUR;US;NON;;Euronext;2026-08-04
US49177J1025;Kenvue Inc;1KVUE;Action;Euronext Global Equity Market;EUR;US;NON;;Euronext;2026-08-04
US49271V1008;KEURIG DR PEPPER;2KDP;Action;Trading After Hours | Euronext Global Equity Market | EuroTLX;EUR;US;NON;;Euronext;2026-08-04
US4932671088;KeyCorp;1KEY;Action;Euronext Global Equity Market;EUR;US;NON;;Euronext;2026-08-04
US49338L1035;Keysight Tech;1KEYS;Action;Euronext Global Equity Market;EUR;US;NON;;Euronext;2026-08-04
US4943681035;Kimberly-Clark;1KMB;Action;Euronext Global Equity Market;EUR;US;NON;;Euronext;2026-08-04
US49456B1017;Kinder Morgan Inc;1KMI;Action;Euronext Global Equity Market;EUR;US;NON;;Euronext;2026-08-04
US5007541064;THE KRAFT HEINZ;2KHC;Action;Trading After Hours | EuroTLX | Euronext Global Equity Market;EUR;US;NON;;Euronext;2026-08-04
US50077B2079;KRATOS DEFENSE & S;1KTOS;Action;Euronext Global Equity Market;EUR;US;NON;;Euronext;2026-08-04
US5010441013;KROGER;1KR;Action;Euronext Global Equity Market | EuroTLX | Trading After Hours;EUR;US;NON;;Euronext;2026-08-04
US5011471027;KRYSTAL BIOTECH IN;1KRYS;Action;Euronext Global Equity Market;EUR;US;NON;;Euronext;2026-08-04
US5018892084;LKQ Corp;1LKQ;Action;Euronext Global Equity Market;EUR;US;NON;;Euronext;2026-08-04
US50212V1008;LPL FINANCIAL HOLD;1LPLA;Action;Euronext Global Equity Market;EUR;US;NON;;Euronext;2026-08-04
US5024311095;L3Harris Tech;1LHX;Action;Euronext Global Equity Market;EUR;US;NON;;Euronext;2026-08-04
US5128073062;LAM RESEARCH;4LRCX;Action;EuroTLX | Trading After Hours | Euronext Global Equity Market;EUR;US;NON;;Euronext;2026-08-04
US5165441032;LANTHEUS HOLDINGS;1LNTH;Action;Euronext Global Equity Market;EUR;US;NON;;Euronext;2026-08-04
US5178341070;Las Vegas Sands;1LVS;Action;Euronext Global Equity Market;EUR;US;NON;;Euronext;2026-08-04
US5184151042;LATTICE SEMICONDUC;1LSCC;Action;Euronext Global Equity Market;EUR;US;NON;;Euronext;2026-08-04
US5184391044;ESTEE LAUDER COMP;2ELX;Action;Trading After Hours | EuroTLX | Euronext Global Equity Market;EUR;US;NON;;Euronext;2026-08-04
US5253271028;Leidos Hold;1LDOS;Action;Euronext Global Equity Market;EUR;US;NON;;Euronext;2026-08-04
US5260571048;Lennar Corp;1LEN;Action;Euronext Global Equity Market;EUR;US;NON;;Euronext;2026-08-04
US5261071071;LENNOX INTERNATION;1LII;Action;Euronext Global Equity Market;EUR;US;NON;;Euronext;2026-08-04
US52736R1023;LEVI STRAUSS & CO;1LEVI;Action;Euronext Global Equity Market | EuroTLX | Trading After Hours;EUR;US;NON;;Euronext;2026-08-04
US5312297550;LIBERTY MEDIA CORP;1FWON;Action;Euronext Global Equity Market;EUR;US;NON;;Euronext;2026-08-04
US5324571083;ELI LILLY & COMP;4LLY;Action;EuroTLX | Euronext Global Equity Market | Trading After Hours;EUR;US;NON;;Euronext;2026-08-04
US5380341090;Live Nation Ent;1LYV;Action;Euronext Global Equity Market;EUR;US;NON;;Euronext;2026-08-04
US5404241086;Loews Corp;1LOE;Action;Euronext Global Equity Market;EUR;US;NON;;Euronext;2026-08-04
US5486611073;LOWES COMPANIES;2LOW;Action;Trading After Hours | Euronext Global Equity Market | EuroTLX;EUR;US;NON;;Euronext;2026-08-04
US5494982029;LUCID GROUP INC;1LCID;Action;Euronext Global Equity Market;EUR;US;NON;;Euronext;2026-08-04
US5500211090;Lululemon Athl;1LUL;Action;Euronext Global Equity Market;EUR;US;NON;;Euronext;2026-08-04
US5502411037;LUMEN TECHNOLOGIES;4CYTH;Action;EuroTLX | Trading After Hours | Euronext Global Equity Market;EUR;US;NON;;Euronext;2026-08-04
US55024U1097;LUMENTUM HOLDINGS;4LITE;Action;EuroTLX | Euronext Global Equity Market | Trading After Hours;EUR;US;NON;;Euronext;2026-08-04
US55087P1049;LYFT;2LYFT;Action;Trading After Hours | Euronext Global Equity Market | EuroTLX;EUR;US;NON;;Euronext;2026-08-04
US5529531015;MGM Resorts Int;1MGM;Action;Euronext Global Equity Market;EUR;US;NON;;Euronext;2026-08-04
US55306N1046;MKS INSTRUMENTS IN;1MKSI;Action;Euronext Global Equity Market;EUR;US;NON;;Euronext;2026-08-04
US5533681012;MP MATERIALS CORP;1MP;Action;Euronext Global Equity Market;EUR;US;NON;;Euronext;2026-08-04
US55354G1004;MSCI Inc;1MSCI;Action;Euronext Global Equity Market;EUR;US;NON;;Euronext;2026-08-04
US55616P1049;MACYS;4FDO;Action;EuroTLX | Trading After Hours | Euronext Global Equity Market;EUR;US;NON;;Euronext;2026-08-04
US5588681057;MADRIGAL PHARMACEU;1MDGL;Action;Euronext Global Equity Market;EUR;US;NON;;Euronext;2026-08-04
US55955D1000;MAGNITE INC;1MGNI;Action;Euronext Global Equity Market;EUR;US;NON;;Euronext;2026-08-04
US5657881067;MARA HOLDINGS;2MARA;Action;Trading After Hours | Euronext Global Equity Market;EUR;US;NON;;Euronext;2026-08-04
US56585A1025;MARATHON PETROLEUM;4MPC;Action;EuroTLX | Trading After Hours | Euronext Global Equity Market;EUR;US;NON;;Euronext;2026-08-04
US5717481023;MARSH;1MMC;Action;Euronext Global Equity Market;EUR;US;NON;;Euronext;2026-08-04
US5719032022;MARRIOTT INTERN;1MAR;Action;Euronext Global Equity Market | EuroTLX | Trading After Hours;EUR;US;NON;;Euronext;2026-08-04
US5732841060;Martin Marietta;1MLM;Action;Euronext Global Equity Market;EUR;US;NON;;Euronext;2026-08-04
US5738741041;MARVELL TECHNOLOGY;49MW;Action;EuroTLX | Trading After Hours | Euronext Global Equity Market;EUR;US;NON;;Euronext;2026-08-04
US5763231090;MASTEC INC;1MTZ;Action;Euronext Global Equity Market;EUR;US;NON;;Euronext;2026-08-04
US57636Q1040;MASTERCARD;1MA;Action;Euronext Global Equity Market | Trading After Hours | EuroTLX;EUR;US;NON;;Euronext;2026-08-04
US57667L1070;Match Group Inc;1MTCH;Action;Euronext Global Equity Market;EUR;US;NON;;Euronext;2026-08-04
US5770811025;MATTEL;2MAT;Action;Trading After Hours | EuroTLX | Euronext Global Equity Market;EUR;US;NON;;Euronext;2026-08-04
US5797802064;McCormick & Co;1MKC;Action;Euronext Global Equity Market;EUR;US;NON;;Euronext;2026-08-04
US5801351017;MCDONALD'S;4MCD;Action;EuroTLX | Euronext Global Equity Market | Trading After Hours;EUR;US;NON;;Euronext;2026-08-04
US58039P3055;MCEWEN;2MUX;Action;Trading After Hours | EuroTLX | Euronext Global Equity Market;EUR;US;NON;;Euronext;2026-08-04
US58155Q1031;McKesson Corp;1MCK;Action;Euronext Global Equity Market;EUR;US;NON;;Euronext;2026-08-04
US58506Q1094;MEDPACE HOLDINGS I;1MEDP;Action;Euronext Global Equity Market;EUR;US;NON;;Euronext;2026-08-04
US58733R1023;MercadoLibre Inc;1MELI;Action;Euronext Global Equity Market;EUR;US;NON;;Euronext;2026-08-04
US58933Y1055;MERCK & CO.;1MRKX;Action;Euronext Global Equity Market | EuroTLX | Trading After Hours;EUR;US;NON;;Euronext;2026-08-04
US59156R1086;MetLife Inc;1MET;Action;Euronext Global Equity Market;EUR;US;NON;;Euronext;2026-08-04
US5926881054;Mettler-Toledo Int;1MTD;Action;Euronext Global Equity Market;EUR;US;NON;;Euronext;2026-08-04
US5949181045;MICROSOFT CORP;4MSFT;Action;EuroTLX | Trading After Hours | Euronext Global Equity Market;EUR;US;NON;;Euronext;2026-08-04
US5949724083;Strategy;2MSTR;Action;Trading After Hours | EuroTLX | Euronext Global Equity Market;EUR;US;NON;;Euronext;2026-08-04
US5950171042;MICROCHIP TECHNOL;4MCHP;Action;EuroTLX | Trading After Hours | Euronext Global Equity Market;EUR;US;NON;;Euronext;2026-08-04
US5951121038;MICRON TECHNOLOGY;2MT;Action;Trading After Hours | Euronext Global Equity Market | EuroTLX;EUR;US;NON;;Euronext;2026-08-04
US60770K1079;MODERNA;4MRNA;Action;EuroTLX | Trading After Hours | Euronext Global Equity Market;EUR;US;NON;;Euronext;2026-08-04
US6078281002;MODINE MANUFACTURI;1MOD;Action;Euronext Global Equity Market;EUR;US;NON;;Euronext;2026-08-04
US6081901042;Mohawk Ind;1MHK;Action;Euronext Global Equity Market;EUR;US;NON;;Euronext;2026-08-04
US60855R1005;Molina Healthcare;1MOH;Action;Euronext Global Equity Market;EUR;US;NON;;Euronext;2026-08-04
US60871R2094;Molson Coors Bev;1TAP;Action;Euronext Global Equity Market;EUR;US;NON;;Euronext;2026-08-04
US6092071058;MONDELEZ INTERN;2MDLZ;Action;Trading After Hours | EuroTLX | Euronext Global Equity Market;EUR;US;NON;;Euronext;2026-08-04
US60937P1066;MongoDB Inc;1MDB;Action;Euronext Global Equity Market;EUR;US;NON;;Euronext;2026-08-04
US6098391054;Monolithic Power;1MPWR;Action;Euronext Global Equity Market;EUR;US;NON;;Euronext;2026-08-04
US61174X1090;Monster Beverage;1MNST;Action;Euronext Global Equity Market;EUR;US;NON;;Euronext;2026-08-04
US6153691059;Moody's Corp;1MCO;Action;Euronext Global Equity Market;EUR;US;NON;;Euronext;2026-08-04
US6174464486;MORGAN STANLEY;1MS;Action;Euronext Global Equity Market | Trading After Hours | EuroTLX;EUR;US;NON;;Euronext;2026-08-04
US61945C1036;Mosaic Co/The;1MOS;Action;Euronext Global Equity Market;EUR;US;NON;;Euronext;2026-08-04
US6200763075;MOTOROLA SOLUTIONS;2MSI;Action;Trading After Hours | EuroTLX | Euronext Global Equity Market;EUR;US;NON;;Euronext;2026-08-04
US6293775085;NRG Energy Inc;1NRG;Action;Euronext Global Equity Market;EUR;US;NON;;Euronext;2026-08-04
US62944T1051;NVR Inc;1NVR;Action;Euronext Global Equity Market;EUR;US;NON;;Euronext;2026-08-04
US6311031081;Nasdaq Inc;1NDAQ;Action;Euronext Global Equity Market;EUR;US;NON;;Euronext;2026-08-04
US64110D1046;NetApp Inc;1NTAP;Action;Euronext Global Equity Market;EUR;US;NON;;Euronext;2026-08-04
US64110L1061;NETFLIX;2NFLX;Action;Trading After Hours | EuroTLX | Euronext Global Equity Market;EUR;US;NON;;Euronext;2026-08-04
US64125C1099;NEUROCRINE BIOSCIE;1NBIX;Action;Euronext Global Equity Market;EUR;US;NON;;Euronext;2026-08-04
US64125S1042;NEUTRON HOLDINGS;2LIME;Action;Trading After Hours | Euronext Global Equity Market;EUR;US;NON;;Euronext;2026-08-04
US6512291062;NEWELL BRANDS INC;1NWL;Action;Euronext Global Equity Market;EUR;US;NON;;Euronext;2026-08-04
US6516391066;NEWMONT;1NEM;Action;Euronext Global Equity Market | Trading After Hours | EuroTLX;EUR;US;NON;;Euronext;2026-08-04
US65249B1098;News Corp;1NWSA;Action;Euronext Global Equity Market;EUR;US;NON;;Euronext;2026-08-04
US65249B2088;News Corp B;1NWS;Action;Euronext Global Equity Market;EUR;US;NON;;Euronext;2026-08-04
US65336K1034;NEXSTAR MEDIA GROU;1NXST;Action;Euronext Global Equity Market;EUR;US;NON;;Euronext;2026-08-04
US65339F1012;NextEra Energy;4NEE;Action;EuroTLX | Trading After Hours | Euronext Global Equity Market;EUR;US;NON;;Euronext;2026-08-04
US6541061031;NIKE;1NKE;Action;Euronext Global Equity Market | EuroTLX | Trading After Hours;EUR;US;NON;;Euronext;2026-08-04
US65473P1057;NiSource Inc;1NIS;Action;Euronext Global Equity Market;EUR;US;NON;;Euronext;2026-08-04
US6556631025;Nordson Corp;1NDSN;Action;Euronext Global Equity Market;EUR;US;NON;;Euronext;2026-08-04
US6658591044;Northern Trust;1NTRS;Action;Euronext Global Equity Market;EUR;US;NON;;Euronext;2026-08-04
US6668071029;NORTHROP GRUMMAN;1NOC;Action;Euronext Global Equity Market | EuroTLX | Trading After Hours;EUR;US;NON;;Euronext;2026-08-04
US6687711084;GEN DIGITAL;1NLOK;Action;Euronext Global Equity Market | EuroTLX | Trading After Hours;EUR;US;NON;;Euronext;2026-08-04
US6703461052;Nucor Corp;1NUE;Action;Euronext Global Equity Market;EUR;US;NON;;Euronext;2026-08-04
US67066G1040;NVIDIA CORP;2NVDA;Action;Trading After Hours | EuroTLX | Euronext Global Equity Market;EUR;US;NON;;Euronext;2026-08-04
US67103H1077;O'Reilly Auto;1ORLY;Action;Euronext Global Equity Market;EUR;US;NON;;Euronext;2026-08-04
US6745991058;OCCIDENTAL PETR;1OXY;Action;Euronext Global Equity Market | Trading After Hours | EuroTLX;EUR;US;NON;;Euronext;2026-08-04
US6792951054;OKTA INC;1OKTA;Action;Euronext Global Equity Market;EUR;US;NON;;Euronext;2026-08-04
US6795801009;Old Dominion;1ODFL;Action;Euronext Global Equity Market;EUR;US;NON;;Euronext;2026-08-04
US6819191064;Omnicom Group Inc;1OMC;Action;Euronext Global Equity Market;EUR;US;NON;;Euronext;2026-08-04
US6821891057;ON Semiconductor;1ON;Action;Euronext Global Equity Market | Trading After Hours;EUR;US;NON;;Euronext;2026-08-04
US68236H2040;Ondas Inc;1ONDS;Action;Euronext Global Equity Market;EUR;US;NON;;Euronext;2026-08-04
US6826801036;ONEOK;1OKE;Action;Euronext Global Equity Market | Trading After Hours | EuroTLX;EUR;US;NON;;Euronext;2026-08-04
US6837121036;OPENDOOR TECHNOLOG;1OPEN;Action;Euronext Global Equity Market;EUR;US;NON;;Euronext;2026-08-04
US68389X1054;ORACLE;1ORCL;Action;Euronext Global Equity Market | Trading After Hours | EuroTLX;EUR;US;NON;;Euronext;2026-08-04
US68404L2016;OPTION CARE HEALTH;1OPCH;Action;Euronext Global Equity Market;EUR;US;NON;;Euronext;2026-08-04
US68622V1061;ORGANON & CO.;1OGN;Action;Euronext Global Equity Market | EuroTLX | Trading After Hours;EUR;US;NON;;Euronext;2026-08-04
US6877931096;OSCAR HEALTH CL A;1OSCR;Action;Euronext Global Equity Market;EUR;US;NON;;Euronext;2026-08-04
US68902V1070;Otis Worldwide;1OTIS;Action;Euronext Global Equity Market;EUR;US;NON;;Euronext;2026-08-04
US6907421019;OWENS CORNING;1OWC;Action;Euronext Global Equity Market;EUR;US;NON;;Euronext;2026-08-04
US69331C1080;PG&E;4PCG;Action;EuroTLX | Trading After Hours | Euronext Global Equity Market;EUR;US;NON;;Euronext;2026-08-04
US6935061076;PPG INDUSTRIES;2PPG;Action;Trading After Hours | Euronext Global Equity Market | EuroTLX;EUR;US;NON;;Euronext;2026-08-04
US69351T1060;PPL;4PPL;Action;EuroTLX | Trading After Hours | Euronext Global Equity Market;EUR;US;NON;;Euronext;2026-08-04
US69355L1098;PPLA European Unit;PPLA;Action;Euronext Amsterdam;EUR;US;NON;;Euronext;2026-08-04
US6937181088;PACCAR Inc;1PCAR;Action;Euronext Global Equity Market;EUR;US;NON;;Euronext;2026-08-04
US6951561090;Packaging;1PKG;Action;Euronext Global Equity Market;EUR;US;NON;;Euronext;2026-08-04
US69608A1088;PALANTIR TECHNOL;2PLTR;Action;Trading After Hours | EuroTLX | Euronext Global Equity Market;EUR;US;NON;;Euronext;2026-08-04
US6974351057;Palo Alto Networks;1PANW;Action;Euronext Global Equity Market | EuroTLX | Trading After Hours;EUR;US;NON;;Euronext;2026-08-04
US6988131024;PAPA JOHN'S INTL I;1PZZA;Action;Euronext Global Equity Market;EUR;US;NON;;Euronext;2026-08-04
US7010941042;PARKER HANNIFIN;2PH;Action;Trading After Hours | Euronext Global Equity Market | EuroTLX;EUR;US;NON;;Euronext;2026-08-04
US7043261079;Paychex Inc;1PAYX;Action;Euronext Global Equity Market;EUR;US;NON;;Euronext;2026-08-04
US70432V1026;Paycom Software;1PAYC;Action;Euronext Global Equity Market;EUR;US;NON;;Euronext;2026-08-04
US70438V1061;PAYLOCITY HOLDING;1PCTY;Action;Euronext Global Equity Market;EUR;US;NON;;Euronext;2026-08-04
US70450Y1038;PAYPAL;1PYPL;Action;Euronext Global Equity Market | EuroTLX | Trading After Hours;EUR;US;NON;;Euronext;2026-08-04
US7055731035;PEGASYSTEMS INC;1PEGA;Action;Euronext Global Equity Market;EUR;US;NON;;Euronext;2026-08-04
US70614W1009;PELOTON INTERACTIV;4PTON;Action;EuroTLX | Trading After Hours | Euronext Global Equity Market;EUR;US;NON;;Euronext;2026-08-04
US7134481081;PEPSICO;4PEP;Action;EuroTLX | Trading After Hours | Euronext Global Equity Market;EUR;US;NON;;Euronext;2026-08-04
US7170811035;PFIZER;4PFE;Action;EuroTLX | Trading After Hours | Euronext Global Equity Market;EUR;US;NON;;Euronext;2026-08-04
US7181721090;PHILIP MORRIS INT;2PM;Action;Trading After Hours | EuroTLX | Euronext Global Equity Market;EUR;US;NON;;Euronext;2026-08-04
US7185461040;PHILLIPS 66;2PSX;Action;Trading After Hours | Euronext Global Equity Market | EuroTLX;EUR;US;NON;;Euronext;2026-08-04
US72147K1088;PILGRIM'S PRIDE CO;1PPC;Action;Euronext Global Equity Market;EUR;US;NON;;Euronext;2026-08-04
US72703X1063;PLANET LABS PBC;1PLL;Action;Euronext Global Equity Market;EUR;US;NON;;Euronext;2026-08-04
US72919P2020;PLUG POWER;2PLUG;Action;Trading After Hours | EuroTLX | Euronext Global Equity Market;EUR;US;NON;;Euronext;2026-08-04
US73278L1052;Pool Corp;1POOL;Action;Euronext Global Equity Market;EUR;US;NON;;Euronext;2026-08-04
US7391281067;POWELL INDUSTRIES;1POWL;Action;Euronext Global Equity Market;EUR;US;NON;;Euronext;2026-08-04
US74144T1088;T ROWE PRICE GROUP;2TROW;Action;Trading After Hours | Euronext Global Equity Market | EuroTLX;EUR;US;NON;;Euronext;2026-08-04
US7427181091;PROCTER & GAMBLE;4PG;Action;EuroTLX | Euronext Global Equity Market | Trading After Hours;EUR;US;NON;;Euronext;2026-08-04
US7433151039;Progressive;1PGR;Action;Euronext Global Equity Market;EUR;US;NON;;Euronext;2026-08-04
US74340W1036;PROLOGIS REIT;2PLD;Action;Trading After Hours | Euronext Global Equity Market | EuroTLX;EUR;US;NON;;Euronext;2026-08-04
US7443201022;PRUDENTIAL FIN;4PRU;Action;EuroTLX | Trading After Hours | Euronext Global Equity Market;EUR;US;NON;;Euronext;2026-08-04
US7445731067;Public Service Ent;1PEG;Action;Euronext Global Equity Market;EUR;US;NON;;Euronext;2026-08-04
US74624M1027;EVERPURE;1PSTG;Action;Euronext Global Equity Market;EUR;US;NON;;Euronext;2026-08-04
US74736K1016;Qorvo Inc;1QRVO;Action;Euronext Global Equity Market;EUR;US;NON;;Euronext;2026-08-04
US7475251036;QUALCOMM;1QCOM;Action;Euronext Global Equity Market | EuroTLX | Trading After Hours;EUR;US;NON;;Euronext;2026-08-04
US74758T3032;QUALYS INC;1QLYS;Action;Euronext Global Equity Market;EUR;US;NON;;Euronext;2026-08-04
US74762E1029;Quanta Services;1PWR;Action;Euronext Global Equity Market;EUR;US;NON;;Euronext;2026-08-04
US74834L1008;Quest Diagnostic;1QDX;Action;Euronext Global Equity Market;EUR;US;NON;;Euronext;2026-08-04
US74967X1037;RH;1RH;Action;Euronext Global Equity Market;EUR;US;NON;;Euronext;2026-08-04
US7509171069;RAMBUS INC;1RMBS;Action;Euronext Global Equity Market;EUR;US;NON;;Euronext;2026-08-04
US7512121010;Ralph Lauren Corp;1RLA;Action;Euronext Global Equity Market;EUR;US;NON;;Euronext;2026-08-04
US7547301090;Raymond James Fin;1RJF;Action;Euronext Global Equity Market;EUR;US;NON;;Euronext;2026-08-04
US75513E1010;RTX Corp;1RTX;Action;Euronext Global Equity Market;EUR;US;NON;;Euronext;2026-08-04
US75644T1007;RED CAT HOLDINGS I;1RCAT;Action;Euronext Global Equity Market;EUR;US;NON;;Euronext;2026-08-04
US75734B1008;Reddit Inc;2RDDT;Action;Trading After Hours | Euronext Global Equity Market;EUR;US;NON;;Euronext;2026-08-04
US75886F1075;REGENERON PHARMA;4REGN;Action;EuroTLX | Euronext Global Equity Market | Trading After Hours;EUR;US;NON;;Euronext;2026-08-04
US7591EP1005;Regions Financial;1RFU;Action;Euronext Global Equity Market;EUR;US;NON;;Euronext;2026-08-04
US7599161095;REPLIGEN CORP;1RGEN;Action;Euronext Global Equity Market;EUR;US;NON;;Euronext;2026-08-04
US7607591002;Republic Services;1RSG;Action;Euronext Global Equity Market;EUR;US;NON;;Euronext;2026-08-04
US7611521078;ResMed Inc;1RMD;Action;Euronext Global Equity Market;EUR;US;NON;;Euronext;2026-08-04
US76155X1000;REVOLUTION MEDICIN;1RVMD;Action;Euronext Global Equity Market;EUR;US;NON;;Euronext;2026-08-04
US76655K1034;RIGETTI COMPUTING;1RGTI;Action;Euronext Global Equity Market;EUR;US;NON;;Euronext;2026-08-04
US7672921050;Riot Platforms;1RIOT;Action;Euronext Global Equity Market;EUR;US;NON;;Euronext;2026-08-04
US76954A1034;RIVIAN AUTOMOTIVE;1RIVN;Action;Euronext Global Equity Market;EUR;US;NON;;Euronext;2026-08-04
US7707001027;ROBINHOOD MARKETS;4HOOD;Action;EuroTLX | Trading After Hours | Euronext Global Equity Market;EUR;US;NON;;Euronext;2026-08-04
US7731211089;ROCKET LAB CORP;1RKLB;Action;Euronext Global Equity Market;EUR;US;NON;;Euronext;2026-08-04
US7739031091;ROCKWELL AUTO;4ROK;Action;EuroTLX | Euronext Global Equity Market | Trading After Hours;EUR;US;NON;;Euronext;2026-08-04
US77543R1023;ROKU;2ROKU;Action;Trading After Hours | Euronext Global Equity Market | EuroTLX;EUR;US;NON;;Euronext;2026-08-04
US7757111049;Rollins Inc;1ROL;Action;Euronext Global Equity Market;EUR;US;NON;;Euronext;2026-08-04
US7766961061;Roper Technologies;1ROP;Action;Euronext Global Equity Market;EUR;US;NON;;Euronext;2026-08-04
US7782961038;Ross Stores Inc;1ROST;Action;Euronext Global Equity Market;EUR;US;NON;;Euronext;2026-08-04
US7802871084;ROYAL GOLD INC;1RGLD;Action;Euronext Global Equity Market;EUR;US;NON;;Euronext;2026-08-04
US7811541090;RUBRIK INC-A;1RBRK;Action;Euronext Global Equity Market;EUR;US;NON;;Euronext;2026-08-04
US78409V1044;S&P Global Inc;1SPGI;Action;Euronext Global Equity Market;EUR;US;NON;;Euronext;2026-08-04
US78435P1057;SEZZLE INC;1SEZL;Action;Euronext Global Equity Market;EUR;US;NON;;Euronext;2026-08-04
US78463M1071;SPS COMMERCE INC;1SPSC;Action;Euronext Global Equity Market;EUR;US;NON;;Euronext;2026-08-04
US78574H1041;SABLE OFFSHORE COR;1SOC;Action;Euronext Global Equity Market;EUR;US;NON;;Euronext;2026-08-04
US79466L3024;SALESFORCE;1CRM;Action;Euronext Global Equity Market | Trading After Hours | EuroTLX;EUR;US;NON;;Euronext;2026-08-04
US8036071004;SAREPTA THERAPEUTI;1SRPT;Action;Euronext Global Equity Market;EUR;US;NON;;Euronext;2026-08-04
US8064071025;Henry Schein Inc;1HSIC;Action;Euronext Global Equity Market;EUR;US;NON;;Euronext;2026-08-04
US8085131055;Charles Schwab;1SCHW;Action;Euronext Global Equity Market;EUR;US;NON;;Euronext;2026-08-04
US8168501018;SEMTECH CORP;1SMTC;Action;Euronext Global Equity Market;EUR;US;NON;;Euronext;2026-08-04
US8168511090;Sempra;1SRE;Action;Euronext Global Equity Market;EUR;US;NON;;Euronext;2026-08-04
US81730H1095;SENTINELONE CLASS;1SUS;Action;Euronext Global Equity Market;EUR;US;NON;;Euronext;2026-08-04
US81762P1021;SERVICENOW;2NOW;Action;Trading After Hours | EuroTLX | Euronext Global Equity Market;EUR;US;NON;;Euronext;2026-08-04
US8243481061;SHERWIN-WILLIAMS;4SHW;Action;EuroTLX | Trading After Hours | Euronext Global Equity Market;EUR;US;NON;;Euronext;2026-08-04
US8288061091;SIMON PROPERTY GR;2SPG;Action;Trading After Hours | Euronext Global Equity Market | EuroTLX;EUR;US;NON;;Euronext;2026-08-04
US82935V4068;SINGULARITY FUTURE;2SGLY;Action;Trading After Hours | Euronext Global Equity Market;EUR;US;NON;;Euronext;2026-08-04
US8308791024;SKYWEST INC;1SKYW;Action;Euronext Global Equity Market;EUR;US;NON;;Euronext;2026-08-04
US83088M1027;SKYWORKS SOLUTIONS;1SWKS;Action;Euronext Global Equity Market | EuroTLX | Trading After Hours;EUR;US;NON;;Euronext;2026-08-04
US8326964058;J M Smucker;1SJM;Action;Euronext Global Equity Market;EUR;US;NON;;Euronext;2026-08-04
US8330341012;Snap-on Inc;1SNA;Action;Euronext Global Equity Market;EUR;US;NON;;Euronext;2026-08-04
US83304A1060;SNAP - CLASSE A;1SNAP;Action;Euronext Global Equity Market | EuroTLX | Trading After Hours;EUR;US;NON;;Euronext;2026-08-04
US8334451098;SNOWFLAKE;1SNOW;Action;Euronext Global Equity Market | EuroTLX | Trading After Hours;EUR;US;NON;;Euronext;2026-08-04
US83406F1021;SOFI TECHNOLOGIES;1SOFI;Action;Euronext Global Equity Market;EUR;US;NON;;Euronext;2026-08-04
US83444M1018;Solventum Corp;1SOLV;Action;Euronext Global Equity Market;EUR;US;NON;;Euronext;2026-08-04
US8425871071;THE SOUTHERN COMP;1SO;Action;Euronext Global Equity Market | EuroTLX | Trading After Hours;EUR;US;NON;;Euronext;2026-08-04
US8447411088;Southwest Air;1LUV;Action;Euronext Global Equity Market;EUR;US;NON;;Euronext;2026-08-04
US84615Q1031;SPACE EXPL TECH;1SPCX;Action;Euronext Global Equity Market | Trading After Hours;EUR;US;NON;;Euronext;2026-08-04
US85208M1027;SPROUTS FARMERS MA;1SFM;Action;Euronext Global Equity Market;EUR;US;NON;;Euronext;2026-08-04
US8522341036;BLOCK;2SQ;Action;Trading After Hours | Euronext Global Equity Market | EuroTLX;EUR;US;NON;;Euronext;2026-08-04
US8545021011;Stanley B&D;1SWK;Action;Euronext Global Equity Market;EUR;US;NON;;Euronext;2026-08-04
US8552441094;STARBUCKS CORP;4SBUX;Action;EuroTLX | Euronext Global Equity Market | Trading After Hours;EUR;US;NON;;Euronext;2026-08-04
US8574771031;State Street Corp;1STT;Action;Euronext Global Equity Market;EUR;US;NON;;Euronext;2026-08-04
US8581191009;STEEL DYNAMICS;2STLD;Action;Trading After Hours | Euronext Global Equity Market | EuroTLX;EUR;US;NON;;Euronext;2026-08-04
US8592411016;STERLING INFRASTRU;1STRL;Action;Euronext Global Equity Market;EUR;US;NON;;Euronext;2026-08-04
US8636671013;STRYKER;4SYK;Action;EuroTLX | Euronext Global Equity Market | Trading After Hours;EUR;US;NON;;Euronext;2026-08-04
US86800U3023;Super Micro C;4SMCI;Action;EuroTLX | Trading After Hours | Euronext Global Equity Market;EUR;US;NON;;Euronext;2026-08-04
US87157D1090;SYNAPTICS INC;1SYNA;Action;Euronext Global Equity Market;EUR;US;NON;;Euronext;2026-08-04
US8716071076;Synopsys Inc;1SNPS;Action;Euronext Global Equity Market;EUR;US;NON;;Euronext;2026-08-04
US87165B1035;Synchrony Fin;1SYF;Action;Euronext Global Equity Market;EUR;US;NON;;Euronext;2026-08-04
US8718291078;Sysco Corp;1SYY;Action;Euronext Global Equity Market;EUR;US;NON;;Euronext;2026-08-04
US8725401090;TJX COMPANIES INC;4TJX;Action;EuroTLX | Euronext Global Equity Market | Trading After Hours;EUR;US;NON;;Euronext;2026-08-04
US8725901040;T-MOBILE US;2TMUS;Action;Trading After Hours | Euronext Global Equity Market | EuroTLX;EUR;US;NON;;Euronext;2026-08-04
US8726571016;TPG INC;1TPG;Action;Euronext Global Equity Market;EUR;US;NON;;Euronext;2026-08-04
US8740541094;Take-Two Inter;1TTWO;Action;Euronext Global Equity Market;EUR;US;NON;;Euronext;2026-08-04
US87422Q1094;TALEN ENERGY CORP;1TLN;Action;Euronext Global Equity Market;EUR;US;NON;;Euronext;2026-08-04
US8760301072;Tapestry Inc;1TPR;Action;Euronext Global Equity Market;EUR;US;NON;;Euronext;2026-08-04
US87612E1064;TARGET;2TGT;Action;Trading After Hours | Euronext Global Equity Market | EuroTLX;EUR;US;NON;;Euronext;2026-08-04
US87612G1013;Targa Resources;1TRGP;Action;Euronext Global Equity Market;EUR;US;NON;;Euronext;2026-08-04
US8793601050;Teledyne Tech;1TDY;Action;Euronext Global Equity Market;EUR;US;NON;;Euronext;2026-08-04
US8793691069;Teleflex Inc;1TFX;Action;Euronext Global Equity Market;EUR;US;NON;;Euronext;2026-08-04
US88023B1035;TEMPUS AI INC;1TEM;Action;Euronext Global Equity Market;EUR;US;NON;;Euronext;2026-08-04
US88033G4073;TENET HEALTHCARE C;1THC;Action;Euronext Global Equity Market;EUR;US;NON;;Euronext;2026-08-04
US8807701029;Teradyne Inc;1TER;Action;Euronext Global Equity Market;EUR;US;NON;;Euronext;2026-08-04
US88080T1043;Terawulf Inc;1WULF;Action;Euronext Global Equity Market;EUR;US;NON;;Euronext;2026-08-04
US88160R1014;TESLA;2TSLA;Action;Trading After Hours | Euronext Global Equity Market | EuroTLX;EUR;US;NON;;Euronext;2026-08-04
US88162G1031;TETRA TECH INC;1TTEK;Action;Euronext Global Equity Market;EUR;US;NON;;Euronext;2026-08-04
US8825081040;TEXAS INSTRUMENTS;1TXN;Action;Euronext Global Equity Market | Trading After Hours | EuroTLX;EUR;US;NON;;Euronext;2026-08-04
US8826811098;TEXAS ROADHOUSE IN;1TXRH;Action;Euronext Global Equity Market;EUR;US;NON;;Euronext;2026-08-04
US8832031012;Textron Inc;1TXT;Action;Euronext Global Equity Market;EUR;US;NON;;Euronext;2026-08-04
US88322Q1085;TG THERAPEUTICS IN;1TGTX;Action;Euronext Global Equity Market;EUR;US;NON;;Euronext;2026-08-04
US88339J1051;Trade Desk;1TTD;Action;Euronext Global Equity Market;EUR;US;NON;;Euronext;2026-08-04
US8835561023;THERMO FISHER SC;2TMO;Action;Trading After Hours | EuroTLX | Euronext Global Equity Market;EUR;US;NON;;Euronext;2026-08-04
US88554D2053;3D SYSTEMS CORP;4DDD;Action;EuroTLX | Euronext Global Equity Market | Trading After Hours;EUR;US;NON;;Euronext;2026-08-04
US88579Y1010;3M;4MMM;Action;EuroTLX | Euronext Global Equity Market | Trading After Hours;EUR;US;NON;;Euronext;2026-08-04
US8887871080;TOAST INC-CLASS A;1TOST;Action;Euronext Global Equity Market;EUR;US;NON;;Euronext;2026-08-04
US8894781033;TOLL BROTHERS INC;1TOL;Action;Euronext Global Equity Market;EUR;US;NON;;Euronext;2026-08-04
US8923561067;Tractor Supply Co;1TSCO;Action;Euronext Global Equity Market;EUR;US;NON;;Euronext;2026-08-04
US8936411003;TRANSDIGM GROUP IN;1TDG;Action;Euronext Global Equity Market;EUR;US;NON;;Euronext;2026-08-04
US89377M1099;TRANSMEDICS GROUP;1TMDX;Action;Euronext Global Equity Market;EUR;US;NON;;Euronext;2026-08-04
US89400J1079;TRANSUNION;1TRU;Action;Euronext Global Equity Market;EUR;US;NON;;Euronext;2026-08-04
US89417E1091;THE TRAVELERS COMP;1TRV;Action;Euronext Global Equity Market | Trading After Hours | EuroTLX;EUR;US;NON;;Euronext;2026-08-04
US8962391004;Trimble Inc;1TRMB;Action;Euronext Global Equity Market;EUR;US;NON;;Euronext;2026-08-04
US8969452015;TRIPADVISOR;1TRIP;Action;Euronext Global Equity Market | Trading After Hours | EuroTLX;EUR;US;NON;;Euronext;2026-08-04
US89832Q1094;TRUIST FINL CORP.;4TFC;Action;EuroTLX | Euronext Global Equity Market | Trading After Hours;EUR;US;NON;;Euronext;2026-08-04
US90184D1000;TWIST BIOSCIENCE C;1TWST;Action;Euronext Global Equity Market;EUR;US;NON;;Euronext;2026-08-04
US9022521051;Tyler Technologies;1TYL;Action;Euronext Global Equity Market;EUR;US;NON;;Euronext;2026-08-04
US9024941034;Tyson Foods Inc;1TSN;Action;Euronext Global Equity Market;EUR;US;NON;;Euronext;2026-08-04
US9027881088;UMB FINANCIAL CORP;1UMBF;Action;Euronext Global Equity Market;EUR;US;NON;;Euronext;2026-08-04
US9029733048;US BANCORP;2USB;Action;Trading After Hours | EuroTLX | Euronext Global Equity Market;EUR;US;NON;;Euronext;2026-08-04
US90353T1007;UBER TECHNOLOGIES;2UBER;Action;Trading After Hours | Euronext Global Equity Market | EuroTLX;EUR;US;NON;;Euronext;2026-08-04
US90364P1057;UIPATH INC CLASS A;1PATH;Action;Euronext Global Equity Market;EUR;US;NON;;Euronext;2026-08-04
US90384S3031;Ulta Beauty Inc;1ULTA;Action;Euronext Global Equity Market;EUR;US;NON;;Euronext;2026-08-04
US9043111072;UNDER ARMOUR - CLA;4UAA;Action;EuroTLX | Trading After Hours | Euronext Global Equity Market;EUR;US;NON;;Euronext;2026-08-04
US9078181081;UNION PACIFIC;1UNP;Action;Euronext Global Equity Market | Trading After Hours | EuroTLX;EUR;US;NON;;Euronext;2026-08-04
US9100471096;UNITED AIRLINES H;4UAL;Action;EuroTLX | Euronext Global Equity Market | Trading After Hours;EUR;US;NON;;Euronext;2026-08-04
US9113121068;United Parcel;1UPS;Action;Euronext Global Equity Market;EUR;US;NON;;Euronext;2026-08-04
US9113631090;United Rentals;1URI;Action;Euronext Global Equity Market;EUR;US;NON;;Euronext;2026-08-04
US91324P1021;UNITEDHEALTH GROUP;2UNH;Action;Trading After Hours | EuroTLX | Euronext Global Equity Market;EUR;US;NON;;Euronext;2026-08-04
US91332U1016;UNITY SOFTWARE INC;1USFT;Action;Euronext Global Equity Market;EUR;US;NON;;Euronext;2026-08-04
US91680M1071;UPSTART HOLDINGS I;1UPST;Action;Euronext Global Equity Market;EUR;US;NON;;Euronext;2026-08-04
US91688F1049;UPWORK INC;1UPWK;Action;Euronext Global Equity Market;EUR;US;NON;;Euronext;2026-08-04
US9168961038;URANIUM ENERGY COR;1UEC;Action;Euronext Global Equity Market;EUR;US;NON;;Euronext;2026-08-04
US9182041080;V.F.;2VFC;Action;Trading After Hours | EuroTLX | Euronext Global Equity Market;EUR;US;NON;;Euronext;2026-08-04
US91913Y1001;Valero Energy;1VLO;Action;Euronext Global Equity Market;EUR;US;NON;;Euronext;2026-08-04
US9197941076;VALLEY NATIONAL BA;1VLY;Action;Euronext Global Equity Market;EUR;US;NON;;Euronext;2026-08-04
US9222801022;VARONIS SYSTEMS IN;1VRNS;Action;Euronext Global Equity Market;EUR;US;NON;;Euronext;2026-08-04
US92243G1085;VAXCYTE INC;1PCVX;Action;Euronext Global Equity Market;EUR;US;NON;;Euronext;2026-08-04
US9224751084;VEEVA SYSTEMS INC;1VEEV;Action;Euronext Global Equity Market;EUR;US;NON;;Euronext;2026-08-04
US92338C1036;Veralto Corp;1VLTO;Action;Euronext Global Equity Market;EUR;US;NON;;Euronext;2026-08-04
US92343E1029;VeriSign Inc;1VRSN;Action;Euronext Global Equity Market;EUR;US;NON;;Euronext;2026-08-04
US92343V1044;VERIZON COMMUNICAT;2VZ;Action;Trading After Hours | Euronext Global Equity Market | EuroTLX;EUR;US;NON;;Euronext;2026-08-04
US92345Y1064;Verisk Analytics;1VRSK;Action;Euronext Global Equity Market;EUR;US;NON;;Euronext;2026-08-04
US92532F1003;VERTEX PHARMA;2VRTX;Action;Trading After Hours | Euronext Global Equity Market | EuroTLX;EUR;US;NON;;Euronext;2026-08-04
US92537N1081;VERTIV HOLDINGS CO;1VRT;Action;Euronext Global Equity Market;EUR;US;NON;;Euronext;2026-08-04
US92538J1060;VERTEX INC - CLASS;1VERX;Action;Euronext Global Equity Market;EUR;US;NON;;Euronext;2026-08-04
US92556V1061;VIATRIS INC;2VTRS;Action;Trading After Hours | Euronext Global Equity Market | EuroTLX;EUR;US;NON;;Euronext;2026-08-04
US92686J1060;VIKING THERAPEUTIC;1VKTX;Action;Euronext Global Equity Market;EUR;US;NON;;Euronext;2026-08-04
US92766K4031;VIRGIN GALACTIC HO;1SPCE;Action;Euronext Global Equity Market | Trading After Hours | EuroTLX;EUR;US;NON;;Euronext;2026-08-04
US92826C8394;VISA - CLASSE A;4V;Action;EuroTLX | Trading After Hours | Euronext Global Equity Market;EUR;US;NON;;Euronext;2026-08-04
US92840M1027;Vistra Corp;1VST;Action;Euronext Global Equity Market;EUR;US;NON;;Euronext;2026-08-04
US92847W1036;VITAL FARMS INC;1VITL;Action;Euronext Global Equity Market;EUR;US;NON;;Euronext;2026-08-04
US9291601097;Vulcan Materials;1VMC;Action;Euronext Global Equity Market;EUR;US;NON;;Euronext;2026-08-04
US92939U1060;WEC ENERGY GROUP;1WEC;Action;Euronext Global Equity Market | Trading After Hours | EuroTLX;EUR;US;NON;;Euronext;2026-08-04
US9297401088;Westinghouse Air;1WAB;Action;Euronext Global Equity Market;EUR;US;NON;;Euronext;2026-08-04
US9311421039;WALMART;4WMT;Action;EuroTLX | Trading After Hours | Euronext Global Equity Market;EUR;US;NON;;Euronext;2026-08-04
US9344231041;WARNER BROS DISCOV;2WBDA;Action;Trading After Hours | Euronext Global Equity Market | EuroTLX;EUR;US;NON;;Euronext;2026-08-04
US94106L1098;WASTE MANAGEMENT;2WM;Action;Trading After Hours | Euronext Global Equity Market | EuroTLX;EUR;US;NON;;Euronext;2026-08-04
US9418481035;Waters Corp;1WAT;Action;Euronext Global Equity Market;EUR;US;NON;;Euronext;2026-08-04
US9426222009;WATSCO INC;1WSO;Action;Euronext Global Equity Market;EUR;US;NON;;Euronext;2026-08-04
US94419L1017;WAYFAIR CLASS A;1W;Action;Euronext Global Equity Market;EUR;US;NON;;Euronext;2026-08-04
US9497461015;WELLS FARGO & CO;1WFC;Action;Euronext Global Equity Market | EuroTLX | Trading After Hours;EUR;US;NON;;Euronext;2026-08-04
US95058W1009;WENDY'S CO/THE;1WEN;Action;Euronext Global Equity Market;EUR;US;NON;;Euronext;2026-08-04
US9553061055;West Pharma;1WST;Action;Euronext Global Equity Market;EUR;US;NON;;Euronext;2026-08-04
US9581021055;WESTERN DIGITAL;2WDC;Action;Trading After Hours | EuroTLX | Euronext Global Equity Market;EUR;US;NON;;Euronext;2026-08-04
US9621661043;WEYERHAEUSER;1WY;Action;Euronext Global Equity Market | EuroTLX | Trading After Hours;EUR;US;NON;;Euronext;2026-08-04
US9694571004;Williams Cos;1WMB;Action;Euronext Global Equity Market;EUR;US;NON;;Euronext;2026-08-04
US9699041011;WILLIAMS-SONOMA IN;1WSM;Action;Euronext Global Equity Market;EUR;US;NON;;Euronext;2026-08-04
US9713781048;WILLSCOT HOLDINGS;1WSC;Action;Euronext Global Equity Market;EUR;US;NON;;Euronext;2026-08-04
US98138H1014;WORKDAY;2WDAY;Action;Trading After Hours | Euronext Global Equity Market | EuroTLX;EUR;US;NON;;Euronext;2026-08-04
US9831341071;Wynn Resorts Ltd;1WYNN;Action;Euronext Global Equity Market;EUR;US;NON;;Euronext;2026-08-04
US98389B1008;Xcel Energy Inc;1XEL;Action;Euronext Global Equity Market;EUR;US;NON;;Euronext;2026-08-04
US98419M1009;Xylem Inc/NY;1XYL;Action;Euronext Global Equity Market;EUR;US;NON;;Euronext;2026-08-04
US9884981013;Yum! Brands Inc;1YUM;Action;Euronext Global Equity Market;EUR;US;NON;;Euronext;2026-08-04
US9892071054;Zebra Technologies;1ZBRA;Action;Euronext Global Equity Market;EUR;US;NON;;Euronext;2026-08-04
US98954M1018;ZILLOW GROUP A;1ZGU;Action;Euronext Global Equity Market;EUR;US;NON;;Euronext;2026-08-04
US98954M2008;ZILLOW GROUP C;1ZUS;Action;Euronext Global Equity Market;EUR;US;NON;;Euronext;2026-08-04
US98956P1021;Zimmer Biomet;1ZBH;Action;Euronext Global Equity Market;EUR;US;NON;;Euronext;2026-08-04
US98978V1035;ZOETIS;1ZTS;Action;Euronext Global Equity Market | EuroTLX | Trading After Hours;EUR;US;NON;;Euronext;2026-08-04
US98980F1049;ZOOMINFO TECHNOLOG;1ZI;Action;Euronext Global Equity Market;EUR;US;NON;;Euronext;2026-08-04
US98980G1022;Zscaler Inc;1ZS;Action;Euronext Global Equity Market;EUR;US;NON;;Euronext;2026-08-04
US98980L1017;ZOOM COMMUNICATION;4ZM;Action;EuroTLX | Euronext Global Equity Market | Trading After Hours;EUR;US;NON;;Euronext;2026-08-04
VGG885761301;Agility Capital H;AGIL;Action;Euronext Amsterdam;USD;VG;NON;;Euronext;2026-08-04
ZM0000000037;ZCCM;MLZAM;Action;Euronext Access Paris;EUR;ZM;NON;;Euronext;2026-08-04
