ISIN;Nom;Symbole;Type;Marché(s);Devise;Pays_émission;PEA_indicatif;ESG_classification;Source;Date_MAJ
AN8068571086;SLB;1SLB;Action;Euronext Global Equity Market;EUR;AN;NON;;Euronext;2026-08-04
AT0000606306;Raiffeisen Bank;4RBI;Action;EuroTLX | Euronext Global Equity Market;EUR;AT;OUI;;Euronext;2026-08-04
AT0000641352;CA Immobilien;1CAI;Action;Euronext Global Equity Market;EUR;AT;OUI;;Euronext;2026-08-04
AT0000644505;Lenzing AG;1LNZ;Action;Euronext Global Equity Market;EUR;AT;OUI;;Euronext;2026-08-04
AT0000652011;Erste Group Bank;4EBS;Action;EuroTLX | Euronext Global Equity Market;EUR;AT;OUI;;Euronext;2026-08-04
AT0000720008;Telekom Austria;1TEA;Action;Euronext Global Equity Market;EUR;AT;OUI;;Euronext;2026-08-04
AT0000730007;ANDRITZ;1ANDR;Action;Euronext Global Equity Market;EUR;AT;OUI;;Euronext;2026-08-04
AT0000741053;EVN AG;1EVN;Action;Euronext Global Equity Market;EUR;AT;OUI;;Euronext;2026-08-04
AT0000743059;OMV;4OMV;Action;EuroTLX | Euronext Global Equity Market;EUR;AT;OUI;;Euronext;2026-08-04
AT0000746409;Verbund AG;4VER;Action;EuroTLX | Euronext Global Equity Market;EUR;AT;OUI;;Euronext;2026-08-04
AT0000818802;DO & CO AG;1DOC;Action;Euronext Global Equity Market;EUR;AT;OUI;;Euronext;2026-08-04
AT0000821103;UNIQA Insurance;1UQA;Action;Euronext Global Equity Market;EUR;AT;OUI;;Euronext;2026-08-04
AT0000831706;Wienerberger AG;1WIE;Action;Euronext Global Equity Market;EUR;AT;OUI;;Euronext;2026-08-04
AT0000908504;Vienna Insurance;1VIG;Action;Euronext Global Equity Market;EUR;AT;OUI;;Euronext;2026-08-04
AT0000937503;voestalpine AG;4VOE;Action;EuroTLX | Euronext Global Equity Market;EUR;AT;OUI;;Euronext;2026-08-04
AT0000938204;Mayr Melnhof K;1MMK;Action;Euronext Global Equity Market;EUR;AT;OUI;;Euronext;2026-08-04
AT0000946652;SBO;1SBO;Action;Euronext Global Equity Market;EUR;AT;OUI;;Euronext;2026-08-04
AT0000969985;AT&S Austria;1ATS;Action;Euronext Global Equity Market;EUR;AT;OUI;;Euronext;2026-08-04
AT0000A21KS2;CPIEUROPE;1CPIE;Action;Euronext Global Equity Market;EUR;AT;OUI;;Euronext;2026-08-04
AT0000A3EPA4;ams-OSRAM;1AMSO;Action;Euronext Global Equity Market;EUR;AT;OUI;;Euronext;2026-08-04
AT0000APOST4;Oesterreichische;1POST;Action;Euronext Global Equity Market;EUR;AT;OUI;;Euronext;2026-08-04
AT0000BAWAG2;BAWAG Group;1BGA;Action;Euronext Global Equity Market;EUR;AT;OUI;;Euronext;2026-08-04
AU000000AON7;APOLLO MINERALS;ALAON;Action;Euronext Growth Paris;EUR;AU;NON;;Euronext;2026-08-04
BE0003008019;BQUE NAT. BELGIQUE;BNB;Action;Euronext Brussels;EUR;BE;OUI;;Euronext;2026-08-04
BE0003463685;CUMULEX;CLEX;Action;Euronext Brussels;EUR;BE;OUI;;Euronext;2026-08-04
BE0003470755;SOLVAY;4SOLBM;Action;EuroTLX | Euronext Brussels, Paris | Trading After Hours;EUR;BE;OUI;;Euronext;2026-08-04
BE0003519270;CO.BR.HA;COBH;Action;Euronext Growth Brussels;EUR;BE;OUI;;Euronext;2026-08-04
BE0003545531;SOLVAC NOM(RETAIL);SOLV;Action;Euronext Brussels;EUR;BE;OUI;;Euronext;2026-08-04
BE0003555639;TESSENDERLO;TESB;Action;Euronext Brussels;EUR;BE;OUI;;Euronext;2026-08-04
BE0003565737;KBC;2KBC;Action;Trading After Hours | Euronext Brussels;EUR;BE;OUI;;Euronext;2026-08-04
BE0003592038;CIE BOIS SAUVAGE;COMB;Action;Euronext Brussels;EUR;BE;OUI;;Euronext;2026-08-04
BE0003599108;IMMOBEL;IMMO;Action;Euronext Brussels;EUR;BE;OUI;;Euronext;2026-08-04
BE0003602134;MOURY CONSTRUCT;MOUR;Action;Euronext Brussels;EUR;BE;OUI;;Euronext;2026-08-04
BE0003604155;LOTUS BAKERIES;LOTB;Action;Euronext Brussels;EUR;BE;OUI;;Euronext;2026-08-04
BE0003605160;DISTRI-LAND CERT;DISL;Action;Euronext Brussels;EUR;BE;OUI;;Euronext;2026-08-04
BE0003656676;RECTICEL;RECT;Action;Euronext Brussels;EUR;BE;OUI;;Euronext;2026-08-04
BE0003680916;NEUFCOUR-FIN.;MLNEU;Action;Euronext Access Brussels;EUR;BE;OUI;;Euronext;2026-08-04
BE0003696102;ACCENTIS;ACCB;Action;Euronext Brussels;EUR;BE;OUI;;Euronext;2026-08-04
BE0003698124;DIEGEM KENNEDYCERT;DIEG;Action;Euronext Brussels;EUR;BE;OUI;;Euronext;2026-08-04
BE0003699130;GIMV;GIMB;Action;Euronext Brussels;EUR;BE;OUI;;Euronext;2026-08-04
BE0003717312;SOFINA;SOF;Action;Euronext Brussels | Trading After Hours;EUR;BE;OUI;;Euronext;2026-08-04
BE0003720340;RETAIL ESTATES;RET;Action;Euronext Brussels, Amsterdam;EUR;BE;OUI;;Euronext;2026-08-04
BE0003724383;WERELDHAVE BELGIUM;WEHB;Action;Euronext Brussels;EUR;BE;OUI;;Euronext;2026-08-04
BE0003730448;QUESTFOR GR-PRICAF;QFG;Action;Euronext Brussels;EUR;BE;OUI;;Euronext;2026-08-04
BE0003731453;MIKO;MIKO;Action;Euronext Brussels;EUR;BE;OUI;;Euronext;2026-08-04
BE0003734481;WAREHOUSES ESTATES;WEB;Action;Euronext Brussels;EUR;BE;OUI;;Euronext;2026-08-04
BE0003735496;ORANGE BELGIUM;OBEL;Action;Euronext Brussels;EUR;BE;OUI;;Euronext;2026-08-04
BE0003736502;KBC BUS.BEL.EQ.-SV;KBCB;OPCVM;Euronext Brussels;EUR;BE;OUI;;Euronext;2026-08-04
BE0003739530;UCB;UCB;Action;Euronext Brussels | EuroTLX | Trading After Hours;EUR;BE;OUI;;Euronext;2026-08-04
BE0003741551;ROULARTA;ROU;Action;Euronext Brussels;EUR;BE;OUI;;Euronext;2026-08-04
BE0003748622;IEP INVEST;IEP;Action;Euronext Brussels;EUR;BE;OUI;;Euronext;2026-08-04
BE0003751659;KBC BUS.EUR.EQ.-SV;KBEE;OPCVM;Euronext Brussels;EUR;BE;OUI;;Euronext;2026-08-04
BE0003752665;FOUNTAIN;FOU;Action;Euronext Brussels;EUR;BE;OUI;;Euronext;2026-08-04
BE0003754687;VASTNED;VASTB;Action;Euronext Brussels, Amsterdam;EUR;BE;OUI;;Euronext;2026-08-04
BE0003755692;AGFA-GEVAERT;4AGFB;Action;EuroTLX | Euronext Brussels;EUR;BE;OUI;;Euronext;2026-08-04
BE0003764785;ACKERMANS V.HAAREN;2ACKB;Action;Trading After Hours | Euronext Brussels;EUR;BE;OUI;;Euronext;2026-08-04
BE0003766806;IBA;IBAB;Action;Euronext Brussels;EUR;BE;OUI;;Euronext;2026-08-04
BE0003770840;NEXTENSA;NEXTA;Action;Euronext Brussels;EUR;BE;OUI;;Euronext;2026-08-04
BE0003773877;SOFTIMAT;SOFT;Action;Euronext Growth Brussels;EUR;BE;OUI;;Euronext;2026-08-04
BE0003789063;DECEUNINCK;DECB;Action;Euronext Brussels;EUR;BE;OUI;;Euronext;2026-08-04
BE0003797140;GBL;2GBLB;Action;Trading After Hours | Euronext Brussels;EUR;BE;OUI;;Euronext;2026-08-04
BE0003798155;SPADEL;SPA;Action;Euronext Brussels;EUR;BE;OUI;;Euronext;2026-08-04
BE0003808251;EXMAR;EXM;Action;Euronext Brussels;EUR;BE;OUI;;Euronext;2026-08-04
BE0003809267;ZENOBE GRAMME CERT;ZEN;Action;Euronext Brussels;EUR;BE;OUI;;Euronext;2026-08-04
BE0003810273;PROXIMUS;2PROX;Action;Trading After Hours | Euronext Brussels;EUR;BE;OUI;;Euronext;2026-08-04
BE0003816338;CMB.TECH;CMBT;Action;Euronext Brussels | Oslo Børs;EUR;BE;OUI;;Euronext;2026-08-04
BE0003818359;LAKEFRONT BIOTHER.;2LKFT;Action;Trading After Hours | EuroTLX | Euronext Amsterdam, Brussels;EUR;BE;OUI;;Euronext;2026-08-04
BE0003820371;EVS;EVS;Action;Euronext Brussels;EUR;BE;OUI;;Euronext;2026-08-04
BE0003822393;ELIA GROUP;2ELI;Action;Trading After Hours | Euronext Brussels;EUR;BE;OUI;;Euronext;2026-08-04
BE0003823409;Financiere;1TUB;Action;Euronext Global Equity Market | Euronext Brussels;EUR;BE;OUI;;Euronext;2026-08-04
BE0003825420;CAMPINE;CAMB;Action;Euronext Brussels;EUR;BE;OUI;;Euronext;2026-08-04
BE0003829463;REIBEL;REI;Action;Euronext Access Brussels;EUR;BE;OUI;;Euronext;2026-08-04
BE0003832491;NEWTREE;NEWT;Action;Euronext Access Brussels;EUR;BE;OUI;;Euronext;2026-08-04
BE0003837540;ATENOR;ATEB;Action;Euronext Brussels;EUR;BE;OUI;;Euronext;2026-08-04
BE0003839561;VAN DE VELDE;VAN;Action;Euronext Brussels;EUR;BE;OUI;;Euronext;2026-08-04
BE0003841583;REALCO;REAL;Action;Euronext Access Brussels;EUR;BE;OUI;;Euronext;2026-08-04
BE0003847648;FLOWSPARKS;FLSP;Action;Euronext Access Brussels;EUR;BE;OUI;;Euronext;2026-08-04
BE0003851681;AEDIFICA;AED;Action;Euronext Brussels, Amsterdam | Trading After Hours;EUR;BE;OUI;;Euronext;2026-08-04
BE0003853703;MONTEA;MONT;Action;Euronext Brussels, Paris;EUR;BE;OUI;;Euronext;2026-08-04
BE0003856730;ASCENCIO;ASCE;Action;Euronext Brussels;EUR;BE;OUI;;Euronext;2026-08-04
BE0003858751;JENSEN-GROUP;JEN;Action;Euronext Brussels;EUR;BE;OUI;;Euronext;2026-08-04
BE0003867844;KBC ANCORA;KBCA;Action;Euronext Brussels;EUR;BE;OUI;;Euronext;2026-08-04
BE0003870871;BANIMMO A;BANI;Action;Euronext Brussels;EUR;BE;OUI;;Euronext;2026-08-04
BE0003874915;FAGRON;FAGR;Action;Euronext Brussels, Amsterdam | Trading After Hours;EUR;BE;OUI;;Euronext;2026-08-04
BE0003878957;VGP;VGP;Action;Euronext Brussels;EUR;BE;OUI;;Euronext;2026-08-04
BE0003883031;CFE;CFEB;Action;Euronext Brussels;EUR;BE;OUI;;Euronext;2026-08-04
BE0003893139;IMMO MOURY;IMMOU;Action;Euronext Brussels;EUR;BE;OUI;;Euronext;2026-08-04
BE0003898187;SIPEF;SIP;Action;Euronext Brussels;EUR;BE;OUI;;Euronext;2026-08-04
BE0160342011;COIL;ALCOI;Action;Euronext Growth Paris;EUR;BE;OUI;;Euronext;2026-08-04
BE0165385973;MELEXIS;MELE;Action;Euronext Brussels | Trading After Hours;EUR;BE;OUI;;Euronext;2026-08-04
BE0948608451;PHOTONIKE CAPITAL;MLPHO;Action;Euronext Access Paris;EUR;BE;OUI;;Euronext;2026-08-04
BE0974256852;COLRUYT;COLR;Action;Euronext Brussels;EUR;BE;OUI;;Euronext;2026-08-04
BE0974258874;BEKAERT;BEKB;Action;Euronext Brussels;EUR;BE;OUI;;Euronext;2026-08-04
BE0974259880;D'IETEREN GROUP;2DIE;Action;Trading After Hours | Euronext Brussels;EUR;BE;OUI;;Euronext;2026-08-04
BE0974260896;CELYAD ONCOLOGY;CYAD;Action;Euronext Brussels, Paris;EUR;BE;OUI;;Euronext;2026-08-04
BE0974263924;TEXAF;TEXF;Action;Euronext Brussels;EUR;BE;OUI;;Euronext;2026-08-04
BE0974264930;AGEAS;AGS;Action;Euronext Brussels | Trading After Hours | Euronext Global Equity Market | EuroTLX;EUR;BE;OUI;;Euronext;2026-08-04
BE0974265945;FLUXYS BELGIUM D;FLUX;Action;Euronext Brussels;EUR;BE;OUI;;Euronext;2026-08-04
BE0974268972;BPOST;BPOST;Action;Euronext Brussels;EUR;BE;OUI;;Euronext;2026-08-04
BE0974269012;ADC SIIC;ALDV;Action;Euronext Paris;EUR;BE;OUI;;Euronext;2026-08-04
BE0974271034;VIOHALCO;VIO;Action;Euronext Brussels;EUR;BE;OUI;;Euronext;2026-08-04
BE0974272040;QRF;QRF;Action;Euronext Brussels;EUR;BE;OUI;;Euronext;2026-08-04
BE0974273055;CARE PROPERTY INV.;CPINV;Action;Euronext Brussels;EUR;BE;OUI;;Euronext;2026-08-04
BE0974274061;KINEPOLIS GROUP;KIN;Action;Euronext Brussels;EUR;BE;OUI;;Euronext;2026-08-04
BE0974276082;ONTEX GROUP;ONTEX;Action;Euronext Brussels;EUR;BE;OUI;;Euronext;2026-08-04
BE0974278104;ABO GROUP;ABO;Action;Euronext Brussels, Paris;EUR;BE;OUI;;Euronext;2026-08-04
BE0974280126;BIOSENIC;BIOS;Action;Euronext Brussels, Paris;EUR;BE;OUI;;Euronext;2026-08-04
BE0974282148;TINC;TINC;Action;Euronext Brussels;EUR;BE;OUI;;Euronext;2026-08-04
BE0974287196;IMMO MCC;MCC;Action;Euronext Brussels;EUR;BE;OUI;;Euronext;2026-08-04
BE0974288202;XIOR;XIOR;Action;Euronext Brussels;EUR;BE;OUI;;Euronext;2026-08-04
BE0974293251;AB INBEV;ABI;Action;Euronext Brussels | Euronext Global Equity Market | Trading After Hours | EuroTLX;EUR;BE;OUI;;Euronext;2026-08-04
BE0974294267;NYRSTAR;NYR;Action;Euronext Brussels;EUR;BE;OUI;;Euronext;2026-08-04
BE0974298300;CANDELA INVEST;CAND;Action;Euronext Growth Brussels;EUR;BE;OUI;;Euronext;2026-08-04
BE0974299316;INVIBES ADVERTSING;ALINV;Action;Euronext Growth Paris;EUR;BE;OUI;;Euronext;2026-08-04
BE0974303357;CENERGY;CENER;Action;Euronext Brussels;EUR;BE;OUI;;Euronext;2026-08-04
BE0974310428;X-FAB;XFAB;Action;Euronext Paris;EUR;BE;OUI;;Euronext;2026-08-04
BE0974313455;ECONOCOM GROUP;ECONB;Action;Euronext Brussels;EUR;BE;OUI;;Euronext;2026-08-04
BE0974314461;BELYSSE GROUP;BELYS;Action;Euronext Brussels;EUR;BE;OUI;;Euronext;2026-08-04
BE0974320526;UMICORE;2UMI;Action;Trading After Hours | Euronext Brussels | EuroTLX;EUR;BE;OUI;;Euronext;2026-08-04
BE0974328602;METRICS IN BALANCE;MLMIB;Action;Euronext Access Paris;EUR;BE;OUI;;Euronext;2026-08-04
BE0974334667;WINAMP GROUP;ALWIN;Action;Euronext Growth Paris, Brussels;EUR;BE;OUI;;Euronext;2026-08-04
BE0974338700;TITAN S.A.;TITC;Action;Euronext Brussels, Paris;EUR;BE;OUI;;Euronext;2026-08-04
BE0974340722;SEQUANA MEDICAL;SEQUA;Action;Euronext Brussels;EUR;BE;OUI;;Euronext;2026-08-04
BE0974349814;WDP;2WDP;Action;Trading After Hours | Euronext Brussels, Amsterdam;EUR;BE;OUI;;Euronext;2026-08-04
BE0974358906;NYXOAH;NYXH;Action;Euronext Brussels;EUR;BE;OUI;;Euronext;2026-08-04
BE0974362940;BARCO;2BAR;Action;Trading After Hours | Euronext Brussels;EUR;BE;OUI;;Euronext;2026-08-04
BE0974363955;HYLORIS;HYL;Action;Euronext Brussels;EUR;BE;OUI;;Euronext;2026-08-04
BE0974370026;CHOICE;MLTV;Action;Euronext Access Brussels;EUR;BE;OUI;;Euronext;2026-08-04
BE0974371032;BANQUP GROUP;BANQ;Action;Euronext Brussels;EUR;BE;OUI;;Euronext;2026-08-04
BE0974374069;INCLUSIO SA/NV;INCLU;Action;Euronext Brussels;EUR;BE;OUI;;Euronext;2026-08-04
BE0974380124;EKOPAK;EKOP;Action;Euronext Brussels;EUR;BE;OUI;;Euronext;2026-08-04
BE0974386188;BIOTALYS;BTLS;Action;Euronext Brussels;EUR;BE;OUI;;Euronext;2026-08-04
BE0974400328;AZELIS GROUP;AZE;Action;Euronext Brussels;EUR;BE;OUI;;Euronext;2026-08-04
BE0974401334;WHITESTONE GROUP;ROCK;Action;Euronext Growth Brussels;EUR;BE;OUI;;Euronext;2026-08-04
BE0974404361;MAZARO;MLMAZ;Action;Euronext Access Brussels;EUR;BE;OUI;;Euronext;2026-08-04
BE0974409410;HOME INVEST BE.;HOMI;Action;Euronext Brussels;EUR;BE;OUI;;Euronext;2026-08-04
BE0974413453;DEME GROUP;DEME;Action;Euronext Brussels;EUR;BE;OUI;;Euronext;2026-08-04
BE0974464977;SYENSQO;SYENS;Action;Euronext Brussels;EUR;BE;OUI;;Euronext;2026-08-04
BE0974487192;OXURION;OXUR;Action;Euronext Brussels;EUR;BE;OUI;;Euronext;2026-08-04
BE0974496284;OPTION;OPTI;Action;Euronext Brussels;EUR;BE;OUI;;Euronext;2026-08-04
BE0974497290;European Medical S;ALEMS;Action;Euronext Growth Brussels, Paris;EUR;BE;OUI;;Euronext;2026-08-04
BE0974499312;ENERGYVISION;ENRGY;Action;Euronext Brussels;EUR;BE;OUI;;Euronext;2026-08-04
BE0974501331;MATERIALISE;MTLS;Action;Euronext Brussels;EUR;BE;OUI;;Euronext;2026-08-04
BE0974502347;FLORIDIENNE;FLOB;Action;Euronext Brussels;EUR;BE;OUI;;Euronext;2026-08-04
BE0974503352;MONNI;MONNI;Action;Euronext Growth Brussels;EUR;BE;OUI;;Euronext;2026-08-04
BE6252013725;CONDOR TECHNOLOG;MLMFI;Action;Euronext Access Paris;EUR;BE;OUI;;Euronext;2026-08-04
BE6333353298;BONYF;MLBON;Action;Euronext Access Paris;EUR;BE;OUI;;Euronext;2026-08-04
BMG0112X1056;AEGON;AGN;Action;Euronext Amsterdam;EUR;BM;NON;;Euronext;2026-08-04
BMG0450A1053;Arch Capital G;1ACGL;Action;Euronext Global Equity Market;EUR;BM;NON;;Euronext;2026-08-04
BMG0451H2087;ARCHER;ARCH;Action;Oslo Børs;NOK;BM;NON;;Euronext;2026-08-04
BMG0670A1099;AUTOSTORE HOLDINGS;AUTO;Action;Oslo Børs;NOK;BM;NON;;Euronext;2026-08-04
BMG0702P1086;BW ENERGY LIMITED;BWE;Action;Oslo Børs;NOK;BM;NON;;Euronext;2026-08-04
BMG1466R1732;BORR DRILLING;BORR;Action;Oslo Børs;NOK;BM;NON;;Euronext;2026-08-04
BMG1738J1247;BW OFFSHORE LTD;BWO;Action;Oslo Børs;NOK;BM;NON;;Euronext;2026-08-04
BMG3223R1088;Everest Group Ltd;1EG;Action;Euronext Global Equity Market;EUR;BM;NON;;Euronext;2026-08-04
BMG3602E1084;FLOW TRADERS;FLOW;Action;Euronext Amsterdam;EUR;BM;NON;;Euronext;2026-08-04
BMG4209G2077;GULF KEYSTONE PET;GKP;Action;Euronext Growth Oslo;NOK;BM;NON;;Euronext;2026-08-04
BMG455841020;HAL TRUST;HAL;Action;Euronext Amsterdam;EUR;BM;NON;;Euronext;2026-08-04
BMG4660A1036;HIMALAYA SHIPPING;HSHP;Action;Oslo Børs;NOK;BM;NON;;Euronext;2026-08-04
BMG491BT1088;Invesco Ltd;1IVZ;Action;Euronext Global Equity Market;EUR;BM;NON;;Euronext;2026-08-04
BMG5137R1088;JINHUI SHIPP TRANS;JIN;Action;Oslo Børs;NOK;BM;NON;;Euronext;2026-08-04
BMG6682J1036;NORTHERN OCEAN LTD;NOL;Action;Oslo Børs;NOK;BM;NON;;Euronext;2026-08-04
BMG6716L1081;ODFJELL TECHNOLOGY;OTL;Action;Oslo Børs;NOK;BM;NON;;Euronext;2026-08-04
BMG671801022;ODFJELL DRILLING;ODL;Action;Oslo Børs;NOK;BM;NON;;Euronext;2026-08-04
BMG6904D1083;PARATUS ENERGY SER;PLSV;Action;Oslo Børs;NOK;BM;NON;;Euronext;2026-08-04
BMG7209L1000;PPLA CLASS A;PPLAA;Action;Euronext Amsterdam;EUR;BM;NON;;Euronext;2026-08-04
BMG7209L1182;PPLA CLASS B;PPLAB;Action;Euronext Amsterdam;EUR;BM;NON;;Euronext;2026-08-04
BMG730931091;VENTURA OFFSHORE;VTURA;Action;Euronext Growth Oslo;NOK;BM;NON;;Euronext;2026-08-04
BMG763301022;ROMREAL;ROM;Action;Euronext Expand Oslo;NOK;BM;NON;;Euronext;2026-08-04
BMG8080M1001;SHAMARAN PETROLEUM;SNM;Action;Euronext Growth Oslo;NOK;BM;NON;;Euronext;2026-08-04
BMG850801025;STOLT-NIELSEN;SNI;Action;Oslo Børs;NOK;BM;NON;;Euronext;2026-08-04
BMG9156K1018;2020 BULKERS;2020;Action;Oslo Børs;NOK;BM;NON;;Euronext;2026-08-04
BMG9887P1068;ZCI LIMITED;CV;Action;Euronext Paris;EUR;BM;NON;;Euronext;2026-08-04
CA03753D1042;APEX CRITICAL;MLAPX;Action;Euronext Access Paris;EUR;CA;NON;;Euronext;2026-08-04
CA74836K1003;QUESTERRE ENERGY;QEC;Action;Oslo Børs;NOK;CA;NON;;Euronext;2026-08-04
CA74836K4072;QUESTERRE EN PREF;QGAS;Action;Euronext Growth Oslo;NOK;CA;NON;;Euronext;2026-08-04
CA98936C8584;ZENITH ENERGY;ZENA;Action;Euronext Growth Oslo;NOK;CA;NON;;Euronext;2026-08-04
CH0008038389;SWISS PRIME SITE;1SPSN;Action;Euronext Global Equity Market;EUR;CH;NON;;Euronext;2026-08-04
CH0008175645;TELEVERBIER;TVRB;Action;Euronext Paris;EUR;CH;NON;;Euronext;2026-08-04
CH0008742519;Swisscom;1SCMN;Action;Euronext Global Equity Market;EUR;CH;NON;;Euronext;2026-08-04
CH0009002962;BARRY CALLEBAUT;1BARN;Action;Euronext Global Equity Market;EUR;CH;NON;;Euronext;2026-08-04
CH0010570759;LINDT;1LISN;Action;Euronext Global Equity Market;EUR;CH;NON;;Euronext;2026-08-04
CH0010570767;LINDT PS;1LISP;Action;Euronext Global Equity Market;EUR;CH;NON;;Euronext;2026-08-04
CH0010645932;Givaudan;1GIVN;Action;Euronext Global Equity Market;EUR;CH;NON;;Euronext;2026-08-04
CH0011075394;Zurich Insurance G;1ZURN;Action;Euronext Global Equity Market;EUR;CH;NON;;Euronext;2026-08-04
CH0012005267;Novartis;1NOVN;Action;Euronext Global Equity Market;EUR;CH;NON;;Euronext;2026-08-04
CH0012032113;ROCHE I;1RO;Action;Euronext Global Equity Market;EUR;CH;NON;;Euronext;2026-08-04
CH0012100191;TECAN GROUP;1TECN;Action;Euronext Global Equity Market;EUR;CH;NON;;Euronext;2026-08-04
CH0012138605;ADECCO;1ADEN;Action;Euronext Global Equity Market;EUR;CH;NON;;Euronext;2026-08-04
CH0012142631;CLARIANT;1CLN;Action;Euronext Global Equity Market;EUR;CH;NON;;Euronext;2026-08-04
CH0012214059;Holcim;1HOLN;Action;Euronext Global Equity Market;EUR;CH;NON;;Euronext;2026-08-04
CH0012221716;ABB Ltd;1ABB;Action;Euronext Global Equity Market;EUR;CH;NON;;Euronext;2026-08-04
CH0012255151;SWATCH GROUP;1UHR;Action;Euronext Global Equity Market;EUR;CH;NON;;Euronext;2026-08-04
CH0012453913;TEMENOS;1TEMN;Action;Euronext Global Equity Market;EUR;CH;NON;;Euronext;2026-08-04
CH0012549785;Sonova Holding;1SOON;Action;Euronext Global Equity Market;EUR;CH;NON;;Euronext;2026-08-04
CH0013841017;Lonza Group;1LONN;Action;Euronext Global Equity Market;EUR;CH;NON;;Euronext;2026-08-04
CH0014852781;Swiss Life Holding;1SLHN;Action;Euronext Global Equity Market;EUR;CH;NON;;Euronext;2026-08-04
CH0016440353;EMS-CHEMIE;1EMSN;Action;Euronext Global Equity Market;EUR;CH;NON;;Euronext;2026-08-04
CH0018294154;PSP;1PSPN;Action;Euronext Global Equity Market;EUR;CH;NON;;Euronext;2026-08-04
CH0023405456;AVOLTA;1AVOL;Action;Euronext Global Equity Market;EUR;CH;NON;;Euronext;2026-08-04
CH0024608827;Partners Group Hol;1PGHN;Action;Euronext Global Equity Market;EUR;CH;NON;;Euronext;2026-08-04
CH0024638196;SCHINDLER PS;1SCHP;Action;Euronext Global Equity Market;EUR;CH;NON;;Euronext;2026-08-04
CH0024638212;SCHINDLER;1SCHN;Action;Euronext Global Equity Market;EUR;CH;NON;;Euronext;2026-08-04
CH0025238863;Kuehne Nagel Inter;1KNIN;Action;Euronext Global Equity Market;EUR;CH;NON;;Euronext;2026-08-04
CH0025751329;Logitech Internati;1LOGN;Action;Euronext Global Equity Market;EUR;CH;NON;;Euronext;2026-08-04
CH0030170408;Geberit;1GEBN;Action;Euronext Global Equity Market;EUR;CH;NON;;Euronext;2026-08-04
CH0038863350;Nestle;1NESN;Action;Euronext Global Equity Market;EUR;CH;NON;;Euronext;2026-08-04
CH0044328745;Chubb Ltd;1CB;Action;Euronext Global Equity Market;EUR;CH;NON;;Euronext;2026-08-04
CH0102484968;JULIUS BAER;1BAER;Action;Euronext Global Equity Market;EUR;CH;NON;;Euronext;2026-08-04
CH0114405324;Garmin Ltd;1GRMN;Action;Euronext Global Equity Market;EUR;CH;NON;;Euronext;2026-08-04
CH0120879058;FIRSTCAUTION;MLFIR;Action;Euronext Access Paris;EUR;CH;NON;;Euronext;2026-08-04
CH0126881561;Swiss Re;1SREN;Action;Euronext Global Equity Market;EUR;CH;NON;;Euronext;2026-08-04
CH0130293662;BKW;1BKW;Action;Euronext Global Equity Market;EUR;CH;NON;;Euronext;2026-08-04
CH0210483332;Cie Financiere Ric;1CFR;Action;Euronext Global Equity Market;EUR;CH;NON;;Euronext;2026-08-04
CH0244767585;UBS Group;1UBSG;Action;Euronext Global Equity Market;EUR;CH;NON;;Euronext;2026-08-04
CH0311864901;VAT GROUP;1VACN;Action;Euronext Global Equity Market;EUR;CH;NON;;Euronext;2026-08-04
CH0319416936;FLUGHAFEN ZUERICH;1FHZN;Action;Euronext Global Equity Market;EUR;CH;NON;;Euronext;2026-08-04
CH0360674466;GALENICA;1GALE;Action;Euronext Global Equity Market;EUR;CH;NON;;Euronext;2026-08-04
CH0418792922;Sika;1SIKA;Action;Euronext Global Equity Market;EUR;CH;NON;;Euronext;2026-08-04
CH0432492467;Alcon;1ALC;Action;Euronext Global Equity Market;EUR;CH;NON;;Euronext;2026-08-04
CH0435377954;SIG Group;1SIGN;Action;Euronext Global Equity Market;EUR;CH;NON;;Euronext;2026-08-04
CH0445689208;21S HODL;HODL;ETF;Euronext Paris | Euronext Amsterdam - Multi-currency Trading | ETF Plus;EUR;CH;NON;-;Euronext;2026-08-04
CH0454664001;21Shares Bitcoin;ABTC;ETF;Euronext Amsterdam - Multi-currency Trading | Euronext Paris;USD;CH;NON;-;Euronext;2026-08-04
CH0454664027;21Shares Ethereum;AETH;ETF;Euronext Paris | Euronext Amsterdam - Multi-currency Trading;EUR;CH;NON;-;Euronext;2026-08-04
CH0454664043;21S XRP;AXRP;ETF;Euronext Amsterdam - Multi-currency Trading | Euronext Paris | ETF Plus;USD;CH;NON;-;Euronext;2026-08-04
CH0466642201;HELVETIA BALOISE H;1HELN;Action;Euronext Global Equity Market;EUR;CH;NON;;Euronext;2026-08-04
CH0475552201;21S Bitcoin Cash;ABCH;ETF;Euronext Amsterdam - Multi-currency Trading | Euronext Paris | ETF Plus;USD;CH;NON;-;Euronext;2026-08-04
CH0491507486;21S Tezos;AXTZ;ETF;Euronext Paris | Euronext Amsterdam - Multi-currency Trading;EUR;CH;NON;-;Euronext;2026-08-04
CH0496451508;SOFTWAREONE HOLD;SWON;Action;Oslo Børs;NOK;CH;NON;;Euronext;2026-08-04
CH0496454155;21S Binance Coin;BNBA;ETF;Euronext Amsterdam - Multi-currency Trading | Euronext Paris | ETF Plus;USD;CH;NON;-;Euronext;2026-08-04
CH0558875933;SEBA BTC ETP;SBTCU;ETF;Euronext Paris | Euronext Amsterdam - Multi-currency Trading;EUR;CH;NON;-;Euronext;2026-08-04
CH0568452707;AMINAX ETP;AMINA;ETF;Euronext Amsterdam - Multi-currency Trading | Euronext Paris;USD;CH;NON;-;Euronext;2026-08-04
CH0573883474;VALOUR BTC ZERO;BTC0E;ETF;Euronext Amsterdam | Euronext Paris;EUR;CH;NON;-;Euronext;2026-08-04
CH0585378752;VALOUR ETH ZERO;ETH0E;ETF;Euronext Amsterdam | Euronext Paris;EUR;CH;NON;-;Euronext;2026-08-04
CH0587418630;SEBA ETH ETP;SETH;ETF;Euronext Amsterdam - Multi-currency Trading | Euronext Paris;USD;CH;NON;-;Euronext;2026-08-04
CH0593331561;21S Polkadot;ADOT;ETF;Euronext Amsterdam - Multi-currency Trading | Euronext Paris | ETF Plus;USD;CH;NON;-;Euronext;2026-08-04
CH1100083471;21S LINK;ALINK;ETF;Euronext Amsterdam - Multi-currency Trading | Euronext Paris | ETF Plus;USD;CH;NON;-;Euronext;2026-08-04
CH1101098163;BELIMO;1BEAN;Action;Euronext Global Equity Market;EUR;CH;NON;;Euronext;2026-08-04
CH1102728750;21S AADA;AADA;ETF;Euronext Amsterdam - Multi-currency Trading | Euronext Paris | ETF Plus;USD;CH;NON;-;Euronext;2026-08-04
CH1109575535;21S Stellar;AXLM;ETF;Euronext Paris | Euronext Amsterdam - Multi-currency Trading | ETF Plus;EUR;CH;NON;-;Euronext;2026-08-04
CH1113516871;SEBA DOT ETP;SDOT;ETF;Euronext Amsterdam - Multi-currency Trading | Euronext Paris;USD;CH;NON;-;Euronext;2026-08-04
CH1114178812;VALOUR POLKADOT;DOTVE;ETF;Euronext Amsterdam | Euronext Paris;EUR;CH;NON;-;Euronext;2026-08-04
CH1114178820;VALOUR CARDANO;ADAVE;ETF;Euronext Amsterdam | Euronext Paris;EUR;CH;NON;-;Euronext;2026-08-04
CH1114178838;VALOUR SOLANA;SOLVE;ETF;Euronext Paris | Euronext Amsterdam;EUR;CH;NON;-;Euronext;2026-08-04
CH1114873776;21S Solana;ASOL;ETF;Euronext Amsterdam - Multi-currency Trading | Euronext Paris;USD;CH;NON;-;Euronext;2026-08-04
CH1118852594;IDNTT;IDNTT;Action;Euronext Growth Milan;EUR;CH;NON;;Euronext;2026-08-04
CH1129538448;21S Polygon;POLY;ETF;Euronext Amsterdam - Multi-currency Trading | Euronext Paris | ETF Plus;USD;CH;NON;-;Euronext;2026-08-04
CH1130675676;21S ALTS;ALTS;ETF;Euronext Amsterdam - Multi-currency Trading | Euronext Paris | ETF Plus;USD;CH;NON;-;Euronext;2026-08-04
CH1134540470;ON HOLDING CLAS A;1ONON;Action;Euronext Global Equity Market;EUR;CH;NON;;Euronext;2026-08-04
CH1135202088;21SETNCCAVAXETFP;AVAX;ETF;ETF Plus | Euronext Paris | Euronext Amsterdam - Multi-currency Trading;EUR;CH;NON;-;Euronext;2026-08-04
CH1135202096;21S AUNI;AUNI;ETF;Euronext Paris | Euronext Amsterdam - Multi-currency Trading | ETF Plus;EUR;CH;NON;-;Euronext;2026-08-04
CH1135202120;21S AAVE;AAVE;ETF;Euronext Paris | Euronext Amsterdam - Multi-currency Trading | ETF Plus;EUR;CH;NON;-;Euronext;2026-08-04
CH1135202161;21S HODLV;HODLV;ETF;Euronext Amsterdam - Multi-currency Trading | Euronext Paris;USD;CH;NON;-;Euronext;2026-08-04
CH1135202179;21S HODLX;HODLX;ETF;Euronext Paris | Euronext Amsterdam - Multi-currency Trading | ETF Plus;EUR;CH;NON;-;Euronext;2026-08-04
CH1146882308;21S BOLD;BOLD;ETF;Euronext Amsterdam - Multi-currency Trading | Euronext Paris | ETF Plus;USD;CH;NON;-;Euronext;2026-08-04
CH1146882316;21S ALGO;ALGO;ETF;Euronext Paris | Euronext Amsterdam - Multi-currency Trading;EUR;CH;NON;-;Euronext;2026-08-04
CH1148983609;BEBO HEALTH;MLBBO;Action;Euronext Access Paris;EUR;CH;NON;;Euronext;2026-08-04
CH1162108893;21SETNCCNEARXAMS;NEAR;ETF;Euronext Amsterdam - Multi-currency Trading | Euronext Paris;USD;CH;NON;-;Euronext;2026-08-04
CH1169151003;GEORG FISCHER;1GF;Action;Euronext Global Equity Market;EUR;CH;NON;;Euronext;2026-08-04
CH1175448666;STRAUMANN;1STMN;Action;Euronext Global Equity Market;EUR;CH;NON;;Euronext;2026-08-04
CH1184151731;HASH;HASH;ETF;Euronext Amsterdam - Multi-currency Trading | Euronext Paris;USD;CH;NON;-;Euronext;2026-08-04
CH1199067674;21S CBTC;CBTC;ETF;Euronext Amsterdam - Multi-currency Trading | Euronext Paris | ETF Plus;USD;CH;NON;-;Euronext;2026-08-04
CH1209763130;21S CETH;ETHC;ETF;Euronext Paris | Euronext Amsterdam - Multi-currency Trading | ETF Plus;EUR;CH;NON;-;Euronext;2026-08-04
CH1216478797;DSM FIRMENICH AG;DSFIR;Action;Euronext Amsterdam;EUR;CH;NON;;Euronext;2026-08-04
CH1218734544;HAMO;HAMO;ETF;Euronext Paris | Euronext Amsterdam - Multi-currency Trading;EUR;CH;NON;-;Euronext;2026-08-04
CH1256740924;SGS;1SGSN;Action;Euronext Global Equity Market;EUR;CH;NON;;Euronext;2026-08-04
CH1258969042;21S ASTX;ASTX;ETF;Euronext Paris | Euronext Amsterdam - Multi-currency Trading;EUR;CH;NON;-;Euronext;2026-08-04
CH1275043318;21S LIDO;LIDO;ETF;Euronext Amsterdam - Multi-currency Trading | Euronext Paris | ETF Plus;USD;CH;NON;-;Euronext;2026-08-04
CH1297762812;21S GRAM;GRAM;ETF;Euronext Paris | Euronext Amsterdam - Multi-currency Trading;EUR;CH;NON;-;Euronext;2026-08-04
CH1304867455;21S AOPT;AOPT;ETF;Euronext Paris | Euronext Amsterdam - Multi-currency Trading;EUR;CH;NON;-;Euronext;2026-08-04
CH1304867463;21S AARB;AARB;ETF;Euronext Paris | Euronext Amsterdam - Multi-currency Trading;EUR;CH;NON;-;Euronext;2026-08-04
CH1326116832;21S ATIA;ATIA;ETF;Euronext Amsterdam - Multi-currency Trading | Euronext Paris;USD;CH;NON;-;Euronext;2026-08-04
CH1335392721;Galderma Group;1GALD;Action;Euronext Global Equity Market;EUR;CH;NON;;Euronext;2026-08-04
CH1360612134;21SETNINJXAMS;AINJ;ETF;Euronext Amsterdam - Multi-currency Trading | Euronext Paris;USD;CH;NON;-;Euronext;2026-08-04
CH1360612159;21SETNSUIETFP;ASUI;ETF;ETF Plus | Euronext Amsterdam - Multi-currency Trading | Euronext Paris;EUR;CH;NON;-;Euronext;2026-08-04
CH1382892102;21SETN21FOCXAMS;FUTR;ETF;Euronext Amsterdam - Multi-currency Trading | Euronext Paris;USD;CH;NON;-;Euronext;2026-08-04
CH1385084384;21SETNCCSOLETFP;CSOL;ETF;ETF Plus;EUR;CH;NON;-;Euronext;2026-08-04
CH1396281391;21SETNCCAPTXAMS;APTOS;ETF;Euronext Amsterdam - Multi-currency Trading | Euronext Paris;USD;CH;NON;-;Euronext;2026-08-04
CH1396343266;21SETNCCRNDRXAMS;RNDR;ETF;Euronext Amsterdam - Multi-currency Trading | Euronext Paris;USD;CH;NON;-;Euronext;2026-08-04
CH1396389921;21SETNCCONDOETFP;ONDO;ETF;ETF Plus | Euronext Amsterdam - Multi-currency Trading | Euronext Paris;EUR;CH;NON;-;Euronext;2026-08-04
CH1396389939;21SETNCCPYTHXAMS;PYTH;ETF;Euronext Amsterdam - Multi-currency Trading | Euronext Paris;USD;CH;NON;-;Euronext;2026-08-04
CH1443364232;21SETNCCCROXAMS;CRON;ETF;Euronext Amsterdam - Multi-currency Trading | Euronext Paris;USD;CH;NON;-;Euronext;2026-08-04
CH1456607683;21SETNCCHBARETFP;HDRA;ETF;ETF Plus | Euronext Amsterdam - Multi-currency Trading | Euronext Paris;EUR;CH;NON;-;Euronext;2026-08-04
CH1464217285;21SETNCCXDCXAMS;XDCN;ETF;Euronext Amsterdam - Multi-currency Trading | Euronext Paris;USD;CH;NON;-;Euronext;2026-08-04
CH1480821375;21SETNCFETEETFP;AFET;ETF;ETF Plus | Euronext Amsterdam - Multi-currency Trading | Euronext Paris;EUR;CH;NON;-;Euronext;2026-08-04
CH1495416971;21SETNCTAOE ETFP;ATAO;ETF;ETF Plus | Euronext Amsterdam - Multi-currency Trading | Euronext Paris;EUR;CH;NON;-;Euronext;2026-08-04
CH1495416989;21SETNCSYRUPETFP;SYRUP;ETF;ETF Plus | Euronext Amsterdam - Multi-currency Trading | Euronext Paris;EUR;CH;NON;-;Euronext;2026-08-04
CH1499059983;Roche Holding;1ROG;Action;Euronext Global Equity Market;EUR;CH;NON;;Euronext;2026-08-04
CH1503127917;21SETNKKCCETFP;CANTN;ETF;ETF Plus | Euronext Amsterdam - Multi-currency Trading | Euronext Paris;EUR;CH;NON;-;Euronext;2026-08-04
CH1506167027;21SETNCMOREETFP;MORPH;ETF;ETF Plus | Euronext Amsterdam - Multi-currency Trading | Euronext Paris;EUR;CH;NON;-;Euronext;2026-08-04
CH1521714696;21SETNCJITRXAMC;JSOL;ETF;Euronext Amsterdam - Multi-currency Trading | Euronext Paris;USD;CH;NON;-;Euronext;2026-08-04
CH1528107811;21SETNSTRCXAMC;STRC;ETF;Euronext Amsterdam - Multi-currency Trading | Euronext Paris;USD;CH;NON;-;Euronext;2026-08-04
CI0000053161;FORESTIERE EQUAT.;FORE;Action;Euronext Paris;EUR;CI;NON;;Euronext;2026-08-04
CWN814651014;MOREFIELD GROUP;MORE;Action;Euronext Amsterdam;EUR;CW;NON;;Euronext;2026-08-04
CY0101162119;SED ENERGY HOLDING;ENH;Action;Oslo Børs;NOK;CY;OUI;;Euronext;2026-08-04
CY0101550917;S.D. STANDARD ETC;SDSD;Action;Oslo Børs;NOK;CY;OUI;;Euronext;2026-08-04
CY0102630916;PETROLIA;PSE;Action;Oslo Børs;NOK;CY;OUI;;Euronext;2026-08-04
CY0108052115;ADS MARITIME HOLD;ADS;Action;Euronext Growth Oslo;NOK;CY;OUI;;Euronext;2026-08-04
CY0200352116;FRONTLINE;FRO;Action;Oslo Børs;NOK;CY;OUI;;Euronext;2026-08-04
CY0200751713;THEON INTERNAT;THEON;Action;Euronext Amsterdam;EUR;CY;OUI;;Euronext;2026-08-04
CY0201332216;PELAGIC CREDIT;PLGC;Action;Euronext Growth Oslo;NOK;CY;OUI;;Euronext;2026-08-04
CY0201461213;PELICAN AQUA HLDNG;PLCAN;Action;Euronext Growth Oslo;NOK;CY;OUI;;Euronext;2026-08-04
CZ0009008942;COLT;COLT;Action;Euronext Amsterdam;EUR;CZ;OUI;;Euronext;2026-08-04
DE0002635299;BLAETFSD3PETFP;EXSH;ETF;ETF Plus;EUR;DE;OUI;-;Euronext;2026-08-04
DE0002635307;BLAETFSEU600ETFP;EXSA;ETF;ETF Plus;EUR;DE;OUI;-;Euronext;2026-08-04
DE0005089031;UNITED INTERNET;2UTDI;Action;Trading After Hours | EuroTLX | Euronext Global Equity Market;EUR;DE;OUI;;Euronext;2026-08-04
DE0005093108;AMADEUS FIRE;2AAD;Action;Trading After Hours | EuroTLX | Euronext Global Equity Market;EUR;DE;OUI;;Euronext;2026-08-04
DE0005140008;DEUTSCHE BANK;2DBK;Action;Trading After Hours | EuroTLX | Euronext Global Equity Market;EUR;DE;OUI;;Euronext;2026-08-04
DE0005158703;Bechtle;1BC8;Action;Euronext Global Equity Market;EUR;DE;OUI;;Euronext;2026-08-04
DE0005190003;BMW;4BMW;Action;EuroTLX | Euronext Global Equity Market | Trading After Hours;EUR;DE;OUI;;Euronext;2026-08-04
DE0005200000;BEIERSDORF;2BEI;Action;Trading After Hours | EuroTLX | Euronext Global Equity Market;EUR;DE;OUI;;Euronext;2026-08-04
DE0005313704;CARL ZEISS MEDITEC;4AFX;Action;EuroTLX | Trading After Hours | Euronext Global Equity Market;EUR;DE;OUI;;Euronext;2026-08-04
DE0005439004;CONTINENTAL;2CON;Action;Trading After Hours | Euronext Global Equity Market | EuroTLX;EUR;DE;OUI;;Euronext;2026-08-04
DE0005470306;CTS Eventim;1EVD;Action;Euronext Global Equity Market;EUR;DE;OUI;;Euronext;2026-08-04
DE0005470405;LANXESS;1LXS;Action;Euronext Global Equity Market | Trading After Hours | EuroTLX;EUR;DE;OUI;;Euronext;2026-08-04
DE0005493092;BORUSSIA DORTMUND;2BOD;Action;Trading After Hours | Euronext Global Equity Market;EUR;DE;OUI;;Euronext;2026-08-04
DE0005493365;Hypoport SE;1HYQ;Action;Euronext Global Equity Market;EUR;DE;OUI;;Euronext;2026-08-04
DE0005552004;DEUTSCHE POST;2DHL;Action;Trading After Hours | Euronext Global Equity Market | EuroTLX;EUR;DE;OUI;;Euronext;2026-08-04
DE0005557508;DEUTSCHE TELEKOM;1DTE;Action;Euronext Global Equity Market | Trading After Hours | EuroTLX;EUR;DE;OUI;;Euronext;2026-08-04
DE0005558696;PARAGON;2PGN;Action;Trading After Hours | Euronext Global Equity Market;EUR;DE;OUI;;Euronext;2026-08-04
DE0005565204;DURR;2DUE;Action;Trading After Hours | EuroTLX | Euronext Global Equity Market;EUR;DE;OUI;;Euronext;2026-08-04
DE0005659700;ECKERT & ZIEGLER;1EUZ;Action;Euronext Global Equity Market | EuroTLX | Trading After Hours;EUR;DE;OUI;;Euronext;2026-08-04
DE0005664809;EVOTEC;1EVT;Action;Euronext Global Equity Market | Trading After Hours | EuroTLX;EUR;DE;OUI;;Euronext;2026-08-04
DE0005773303;FRAPORT;4FRA;Action;EuroTLX | Euronext Global Equity Market | Trading After Hours;EUR;DE;OUI;;Euronext;2026-08-04
DE0005785604;FRESENIUS;2FRE;Action;Trading After Hours | EuroTLX | Euronext Global Equity Market;EUR;DE;OUI;;Euronext;2026-08-04
DE0005785802;FRESENIUS MED CARE;2FME;Action;Trading After Hours | EuroTLX | Euronext Global Equity Market;EUR;DE;OUI;;Euronext;2026-08-04
DE0005810055;DEUTSCHE BOERSE;4DB1;Action;EuroTLX | Trading After Hours | Euronext Global Equity Market;EUR;DE;OUI;;Euronext;2026-08-04
DE0005909006;Bilfinger SE;1GBF;Action;Euronext Global Equity Market;EUR;DE;OUI;;Euronext;2026-08-04
DE0005933931;BLAETFDAXETFP;EXS1;ETF;ETF Plus | Euronext Amsterdam;EUR;DE;OUI;-;Euronext;2026-08-04
DE0006047004;HEIDELBERG MAT;4HEI;Action;EuroTLX | Euronext Global Equity Market | Trading After Hours;EUR;DE;OUI;;Euronext;2026-08-04
DE0006048408;HENKEL;4HEN;Action;EuroTLX | Euronext Global Equity Market | Trading After Hours;EUR;DE;OUI;;Euronext;2026-08-04
DE0006048432;HENKEL VZ;4HEN3;Action;EuroTLX | Trading After Hours | Euronext Global Equity Market;EUR;DE;OUI;;Euronext;2026-08-04
DE0006062144;COVESTRO;11COV;Action;Euronext Global Equity Market | Trading After Hours;EUR;DE;OUI;;Euronext;2026-08-04
DE0006070006;HOCHTIEF;4HOT;Action;EuroTLX | Euronext Global Equity Market | Trading After Hours;EUR;DE;OUI;;Euronext;2026-08-04
DE0006200108;INDUS HOLDING;2INH;Action;Trading After Hours | EuroTLX | Euronext Global Equity Market;EUR;DE;OUI;;Euronext;2026-08-04
DE0006219934;Jungheinrich AG;1JUN;Action;Euronext Global Equity Market;EUR;DE;OUI;;Euronext;2026-08-04
DE0006231004;INFINEON TECHNOLOG;2IFX;Action;Trading After Hours | Euronext Global Equity Market | EuroTLX;EUR;DE;OUI;;Euronext;2026-08-04
DE0006305006;DEUTZ;4DEZ;Action;EuroTLX | Euronext Global Equity Market | Trading After Hours;EUR;DE;OUI;;Euronext;2026-08-04
DE0006335003;Krones AG;1KRN;Action;Euronext Global Equity Market;EUR;DE;OUI;;Euronext;2026-08-04
DE0006450000;LPKF LASER & ELECT;1LPK;Action;Euronext Global Equity Market | EuroTLX | Trading After Hours;EUR;DE;OUI;;Euronext;2026-08-04
DE0006452907;NEMETSCHEK;2NEMX;Action;Trading After Hours | EuroTLX | Euronext Global Equity Market;EUR;DE;OUI;;Euronext;2026-08-04
DE0006599905;MERCK;2MRK;Action;Trading After Hours | EuroTLX | Euronext Global Equity Market;EUR;DE;OUI;;Euronext;2026-08-04
DE0006602006;GEA GROUP;4G;Action;EuroTLX | Trading After Hours | Euronext Global Equity Market;EUR;DE;OUI;;Euronext;2026-08-04
DE0006766504;Aurubis;1AUR;Action;Euronext Global Equity Market;EUR;DE;OUI;;Euronext;2026-08-04
DE0006916604;PFEIFFER VACUUM;2PFV;Action;Trading After Hours | Euronext Global Equity Market | EuroTLX;EUR;DE;OUI;;Euronext;2026-08-04
DE0006969603;PUMA;2PUM;Action;Trading After Hours | EuroTLX | Euronext Global Equity Market;EUR;DE;OUI;;Euronext;2026-08-04
DE0007010803;Rational AG;1RAA;Action;Euronext Global Equity Market;EUR;DE;OUI;;Euronext;2026-08-04
DE0007030009;RHEINMETALL;4RHM;Action;EuroTLX | Euronext Global Equity Market | Trading After Hours;EUR;DE;OUI;;Euronext;2026-08-04
DE0007037129;RWE;1RWE;Action;Euronext Global Equity Market | Trading After Hours | EuroTLX;EUR;DE;OUI;;Euronext;2026-08-04
DE0007100000;MERCEDES-BENZ G.;2MBG;Action;Trading After Hours | EuroTLX | Euronext Global Equity Market;EUR;DE;OUI;;Euronext;2026-08-04
DE0007164600;SAP;2SAP;Action;Trading After Hours | Euronext Global Equity Market | EuroTLX;EUR;DE;OUI;;Euronext;2026-08-04
DE0007165607;SARTORIUS;2SRT;Action;Trading After Hours | Euronext Global Equity Market | EuroTLX;EUR;DE;OUI;;Euronext;2026-08-04
DE0007165631;SARTORIUS PREF;2SRT3;Action;Trading After Hours | Euronext Global Equity Market | EuroTLX;EUR;DE;OUI;;Euronext;2026-08-04
DE0007193500;KOENIG & BAUER;4SKB;Action;EuroTLX | Euronext Global Equity Market | Trading After Hours;EUR;DE;OUI;;Euronext;2026-08-04
DE0007231326;SIXT;1SIX;Action;Euronext Global Equity Market | Trading After Hours | EuroTLX;EUR;DE;OUI;;Euronext;2026-08-04
DE0007236101;SIEMENS;4SIE;Action;EuroTLX | Euronext Global Equity Market | Trading After Hours;EUR;DE;OUI;;Euronext;2026-08-04
DE0007257503;CECONOMY;4CEC;Action;EuroTLX | Euronext Global Equity Market | Trading After Hours;EUR;DE;OUI;;Euronext;2026-08-04
DE0007480204;DEUTSCHE EUROSHOP;2DEQ;Action;Trading After Hours | Euronext Global Equity Market | EuroTLX;EUR;DE;OUI;;Euronext;2026-08-04
DE0007493991;Stroeer SE & Co;1SAX;Action;Euronext Global Equity Market;EUR;DE;OUI;;Euronext;2026-08-04
DE0007500001;THYSSENKRUPP;2TKA;Action;Trading After Hours | EuroTLX | Euronext Global Equity Market;EUR;DE;OUI;;Euronext;2026-08-04
DE0007664005;VOLKSWAGEN;4VOW;Action;EuroTLX;EUR;DE;OUI;;Euronext;2026-08-04
DE0007664039;VOLKSWAGEN;4VOW3;Action;EuroTLX | Trading After Hours | Euronext Global Equity Market;EUR;DE;OUI;;Euronext;2026-08-04
DE0008019001;PBB;4PBB;Action;EuroTLX | Trading After Hours | Euronext Global Equity Market;EUR;DE;OUI;;Euronext;2026-08-04
DE0008232125;DEUTSCHE LUFTHANSA;1LHA;Action;Euronext Global Equity Market | EuroTLX | Trading After Hours;EUR;DE;OUI;;Euronext;2026-08-04
DE0008303504;TAG Immobilien;1TEG;Action;Euronext Global Equity Market;EUR;DE;OUI;;Euronext;2026-08-04
DE0008402215;HANNOVER RUCK;2HANN;Action;Trading After Hours | Euronext Global Equity Market;EUR;DE;OUI;;Euronext;2026-08-04
DE0008404005;ALLIANZ;2ALV;Action;Trading After Hours | Euronext Global Equity Market | EuroTLX;EUR;DE;OUI;;Euronext;2026-08-04
DE0008430026;MUNICH RE;2MUV2;Action;Trading After Hours | EuroTLX | Euronext Global Equity Market;EUR;DE;OUI;;Euronext;2026-08-04
DE000A0D6554;NORDEX;2NDX;Action;Trading After Hours | Euronext Global Equity Market | EuroTLX;EUR;DE;OUI;;Euronext;2026-08-04
DE000A0D8Q07;BLAETFEURSTXETFP;EXSI;ETF;ETF Plus;EUR;DE;OUI;-;Euronext;2026-08-04
DE000A0D8Q49;BLAETFDJDVPETFP;EXX5;ETF;ETF Plus;EUR;DE;OUI;-;Euronext;2026-08-04
DE000A0D9PT0;MTU AERO ENGINES;4MTX;Action;EuroTLX | Euronext Global Equity Market | Trading After Hours;EUR;DE;OUI;;Euronext;2026-08-04
DE000A0DJ6J9;SMA SOLAR TECHNOL;1S;Action;Euronext Global Equity Market | Trading After Hours | EuroTLX;EUR;DE;OUI;;Euronext;2026-08-04
DE000A0H0728;BLAETFBLOCOMETFP;EXXY;ETF;ETF Plus | Euronext Amsterdam - Multi-currency Trading | Euronext Paris;EUR;DE;OUI;-;Euronext;2026-08-04
DE000A0HN5C6;DEUTSCHE WOHNEN;1DWNI;Action;Euronext Global Equity Market | Trading After Hours | EuroTLX;EUR;DE;OUI;;Euronext;2026-08-04
DE000A0JBPG2;PNE;4PNE;Action;EuroTLX | Euronext Global Equity Market | Trading After Hours;EUR;DE;OUI;;Euronext;2026-08-04
DE000A0JL9W6;VERBIO;2VBK;Action;Trading After Hours | EuroTLX | Euronext Global Equity Market;EUR;DE;OUI;;Euronext;2026-08-04
DE000A0LD6E6;Gerresheimer;1GXI;Action;Euronext Global Equity Market;EUR;DE;OUI;;Euronext;2026-08-04
DE000A0LR936;STEICO;2ST;Action;Trading After Hours | EuroTLX | Euronext Global Equity Market;EUR;DE;OUI;;Euronext;2026-08-04
DE000A0Q4R85;BLAETFXMBRIMETFP;4BRZ;ETF;ETF Plus;EUR;DE;OUI;-;Euronext;2026-08-04
DE000A0Q4RZ9;BLAETFEXVMIMETFP;EXVM;ETF;ETF Plus;EUR;DE;OUI;-;Euronext;2026-08-04
DE000A0S8488;HHLA;4HHFA;Action;EuroTLX;EUR;DE;OUI;;Euronext;2026-08-04
DE000A0WMPJ6;AIXTRON;1AIXA;Action;Euronext Global Equity Market | EuroTLX | Trading After Hours;EUR;DE;OUI;;Euronext;2026-08-04
DE000A0XYG76;DEUTSCHE ROHSTOFF;1DR;Action;Euronext Global Equity Market | Trading After Hours | EuroTLX;EUR;DE;OUI;;Euronext;2026-08-04
DE000A0Z2ZZ5;Freenet AG;1FNTN;Action;Euronext Global Equity Market;EUR;DE;OUI;;Euronext;2026-08-04
DE000A11Q133;HK;MLHK;Action;Euronext Access Paris;EUR;DE;OUI;;Euronext;2026-08-04
DE000A12DM80;Scout24 SE;1G24;Action;Euronext Global Equity Market;EUR;DE;OUI;;Euronext;2026-08-04
DE000A13SX22;Hella KGaA;1HLE;Action;Euronext Global Equity Market;EUR;DE;OUI;;Euronext;2026-08-04
DE000A161408;HELLOFRESH;1HFG;Action;Euronext Global Equity Market | EuroTLX | Trading After Hours;EUR;DE;OUI;;Euronext;2026-08-04
DE000A1DAHH0;BRENNTAG;2BRE;Action;Trading After Hours | Euronext Global Equity Market;EUR;DE;OUI;;Euronext;2026-08-04
DE000A1E0HR8;DB ETCSGLEIMETFP;XAD5;ETF;ETF Plus;EUR;DE;OUI;-;Euronext;2026-08-04
DE000A1E0HS6;DB ETCPHAGIMETFP;XAD6;ETF;ETF Plus;EUR;DE;OUI;-;Euronext;2026-08-04
DE000A1EK0G3;DB ETCSGLEIMETFP;XAD1;ETF;ETF Plus;EUR;DE;OUI;-;Euronext;2026-08-04
DE000A1EK0H1;DB ETCXAD3IMETFP;XAD3;ETF;ETF Plus;EUR;DE;OUI;-;Euronext;2026-08-04
DE000A1EK0J7;DB ETCPHAGIMETFP;XAD2;ETF;ETF Plus;EUR;DE;OUI;-;Euronext;2026-08-04
DE000A1EWWW0;ADIDAS;2ADS;Action;Trading After Hours | Euronext Global Equity Market | EuroTLX;EUR;DE;OUI;;Euronext;2026-08-04
DE000A1ML7J1;VONOVIA;4VNA;Action;EuroTLX | Trading After Hours | Euronext Global Equity Market;EUR;DE;OUI;;Euronext;2026-08-04
DE000A1PHFF7;HUGO BOSS;4BOSS;Action;EuroTLX | Trading After Hours | Euronext Global Equity Market;EUR;DE;OUI;;Euronext;2026-08-04
DE000A1TNV91;BITCOIN GROUP;4ADE;Action;EuroTLX | Euronext Global Equity Market | Trading After Hours;EUR;DE;OUI;;Euronext;2026-08-04
DE000A27Z304;BITETNXBTUSDETFP;BTCE;ETF;ETF Plus | Euronext Amsterdam - Multi-currency Trading | Euronext Paris;EUR;DE;OUI;-;Euronext;2026-08-04
DE000A28M8D0;VanEck Bitcoin;VBTC;ETF;Euronext Amsterdam - Multi-currency Trading | Euronext Paris;USD;DE;OUI;-;Euronext;2026-08-04
DE000A2DAM03;AUMANN;4AAG;Action;EuroTLX | Euronext Global Equity Market | Trading After Hours;EUR;DE;OUI;;Euronext;2026-08-04
DE000A2E4K43;DELIVERY HERO;4DHER;Action;EuroTLX | Trading After Hours | Euronext Global Equity Market;EUR;DE;OUI;;Euronext;2026-08-04
DE000A2G8ZX8;PYRUM INNOVATIONS;PYRUM;Action;Euronext Growth Oslo;NOK;DE;OUI;;Euronext;2026-08-04
DE000A2LQ884;AUTO1 Group SE;1AG1;Action;Euronext Global Equity Market;EUR;DE;OUI;;Euronext;2026-08-04
DE000A2NB601;JENOPTIK;2JEN;Action;Trading After Hours | EuroTLX | Euronext Global Equity Market;EUR;DE;OUI;;Euronext;2026-08-04
DE000A2QP372;ESTX Bk 30-15 EU A;EXA1;ETF;Euronext Amsterdam;EUR;DE;OUI;-;Euronext;2026-08-04
DE000A2QP380;ESTX Div 30 EU A;IDVA;ETF;Euronext Amsterdam;EUR;DE;OUI;-;Euronext;2026-08-04
DE000A2QP398;ISH STX 600 Tch EU;STEC;ETF;Euronext Amsterdam;EUR;DE;OUI;-;Euronext;2026-08-04
DE000A2QP4A8;ISH STX 600 A&P EU;SAOT;ETF;Euronext Amsterdam;EUR;DE;OUI;-;Euronext;2026-08-04
DE000A2QP4D2;INVETFJPEIBRXAMS;BLNT;ETF;Euronext Amsterdam | Euronext Amsterdam - Multi-currency Trading;EUR;DE;OUI;-;Euronext;2026-08-04
DE000A2T0VS9;XTRETCXSLRIMETFP;XSLR;ETF;ETF Plus;EUR;DE;OUI;-;Euronext;2026-08-04
DE000A2T0VU5;XTRETCXGDEIMETFP;XGDU;ETF;ETF Plus;EUR;DE;OUI;-;Euronext;2026-08-04
DE000A2T5DZ1;XTRETCXGDEIMETFP;XGDE;ETF;ETF Plus;EUR;DE;OUI;-;Euronext;2026-08-04
DE000A2UDH55;XTRETCXSLRIMETFP;XSLE;ETF;ETF Plus;EUR;DE;OUI;-;Euronext;2026-08-04
DE000A2UDH63;XTRETCXPPEIMETFP;XPPE;ETF;ETF Plus;EUR;DE;OUI;-;Euronext;2026-08-04
DE000A2YN900;TEAMVIEWER;4TMV;Action;EuroTLX | Trading After Hours | Euronext Global Equity Market;EUR;DE;OUI;;Euronext;2026-08-04
DE000A3E5D64;FUCHS SE;1FPE;Action;Euronext Global Equity Market;EUR;DE;OUI;;Euronext;2026-08-04
DE000A3ENQ51;Schott Pharma;1SXP;Action;Euronext Global Equity Market;EUR;DE;OUI;;Euronext;2026-08-04
DE000A3G3ZL3;BITETNMXGSDAETFP;DA20;ETF;ETF Plus | Euronext Paris;EUR;DE;OUI;-;Euronext;2026-08-04
DE000A3G90G9;BITETNETHTR9XPAR;ET32;ETF;Euronext Paris;EUR;DE;OUI;-;Euronext;2026-08-04
DE000A3G9SE0;DDAETNDDAMACXPAR;BMAC;ETF;Euronext Paris;EUR;DE;OUI;-;Euronext;2026-08-04
DE000A3GK2N1;DDA Ph Bitcoin ETP;XBTI;ETF;Euronext Amsterdam | Euronext Paris;EUR;DE;OUI;-;Euronext;2026-08-04
DE000A3GMKD7;BITETNXETUSDETFP;ZETH;ETF;ETF Plus | Euronext Amsterdam - Multi-currency Trading | Euronext Paris;EUR;DE;OUI;-;Euronext;2026-08-04
DE000A3GN5J9;LTCetc EUR;ELTC;ETF;Euronext Paris | Euronext Amsterdam - Multi-currency Trading;EUR;DE;OUI;-;Euronext;2026-08-04
DE000A3GPSP7;VanEck Ethereum;VETH;ETF;Euronext Amsterdam - Multi-currency Trading | Euronext Paris;USD;DE;OUI;-;Euronext;2026-08-04
DE000A3GSUC5;VanEck Polkadot;VDOT;ETF;Euronext Amsterdam - Multi-currency Trading | Euronext Paris;USD;DE;OUI;-;Euronext;2026-08-04
DE000A3GSUD3;VanEck Solana;VSOL;ETF;Euronext Amsterdam - Multi-currency Trading | Euronext Paris;USD;DE;OUI;-;Euronext;2026-08-04
DE000A3GSUE1;VanEck TRON;VTRX;ETF;Euronext Amsterdam - Multi-currency Trading | Euronext Paris;USD;DE;OUI;-;Euronext;2026-08-04
DE000A3GYNB0;BITETNXRPUSDXPAR;GXRP;ETF;Euronext Paris;EUR;DE;OUI;-;Euronext;2026-08-04
DE000A4A59D2;BITETNSOLTRMXPAR;BSOL;ETF;Euronext Paris;EUR;DE;OUI;-;Euronext;2026-08-04
DE000A4A5Z07;VANETNMVPYTHXAMS;VPYT;ETF;Euronext Amsterdam | Euronext Paris - Multi-currency Trading;EUR;DE;OUI;-;Euronext;2026-08-04
DE000A4A5Z72;VANETNMVSUIVXAMS;VSUI;ETF;Euronext Amsterdam | Euronext Paris - Multi-currency Trading;EUR;DE;OUI;-;Euronext;2026-08-04
DE000A4AER62;BITETNBRRETFP;BTC1;ETF;ETF Plus | Euronext Amsterdam - Multi-currency Trading | Euronext Paris;EUR;DE;OUI;-;Euronext;2026-08-04
DE000A4AKW34;BITETCBTCGXAMS;BTCG;ETF;Euronext Amsterdam - Multi-currency Trading | Euronext Paris | ETF Plus;USD;DE;OUI;-;Euronext;2026-08-04
DE000A4AKZB4;VANETNMVTIAVXAMS;VTIA;ETF;Euronext Amsterdam | Euronext Paris - Multi-currency Trading;EUR;DE;OUI;-;Euronext;2026-08-04
DE000A4APQY4;DDAETNKKSTAOXPAR;STAO;ETF;Euronext Paris;EUR;DE;OUI;-;Euronext;2026-08-04
DE000A4APRP0;BITETNKBSTIAXPAR;TIAB;ETF;Euronext Paris;EUR;DE;OUI;-;Euronext;2026-08-04
DE000AUM0V10;Aumovio;1AUMO;Action;Euronext Global Equity Market;EUR;DE;OUI;;Euronext;2026-08-04
DE000BASF111;BASF;2BAS;Action;Trading After Hours | EuroTLX | Euronext Global Equity Market;EUR;DE;OUI;;Euronext;2026-08-04
DE000BAY0017;BAYER;4BAYN;Action;EuroTLX | Euronext Global Equity Market | Trading After Hours;EUR;DE;OUI;;Euronext;2026-08-04
DE000CBK1001;COMMERZBANK;2CBK;Action;Trading After Hours | EuroTLX | Euronext Global Equity Market;EUR;DE;OUI;;Euronext;2026-08-04
DE000DTR0CK8;DAIMLER TRUCK HD;1DTRH;Action;Euronext Global Equity Market | Trading After Hours;EUR;DE;OUI;;Euronext;2026-08-04
DE000ENAG999;E.ON;1EOAN;Action;Euronext Global Equity Market | Trading After Hours | EuroTLX;EUR;DE;OUI;;Euronext;2026-08-04
DE000ENER6Y0;SIEMENS ENERGY;2ENR;Action;Trading After Hours | Euronext Global Equity Market | EuroTLX;EUR;DE;OUI;;Euronext;2026-08-04
DE000EVNK013;EVONIK INDUSTRIES;1EVK;Action;Euronext Global Equity Market | EuroTLX | Trading After Hours;EUR;DE;OUI;;Euronext;2026-08-04
DE000HAG0005;HENSOLDT;2HENS;Action;Trading After Hours | Euronext Global Equity Market;EUR;DE;OUI;;Euronext;2026-08-04
DE000HLAG475;HAPAG-LLOYD;1HLAG;Action;Euronext Global Equity Market | Trading After Hours | EuroTLX;EUR;DE;OUI;;Euronext;2026-08-04
DE000KBX1006;Knorr-Bremse;1KBX;Action;Euronext Global Equity Market;EUR;DE;OUI;;Euronext;2026-08-04
DE000KGX8881;KION GROUP;2KGX;Action;Trading After Hours | Euronext Global Equity Market | EuroTLX;EUR;DE;OUI;;Euronext;2026-08-04
DE000KSAG888;K+S;1SDF;Action;Euronext Global Equity Market | EuroTLX | Trading After Hours;EUR;DE;OUI;;Euronext;2026-08-04
DE000LEG1110;LEG IMMOBILIEN;2LEG;Action;Trading After Hours | EuroTLX | Euronext Global Equity Market;EUR;DE;OUI;;Euronext;2026-08-04
DE000PAG9113;PORSCHE AG PREF;2PORS;Action;Trading After Hours | Euronext Global Equity Market;EUR;DE;OUI;;Euronext;2026-08-04
DE000PAH0038;PORSCHE AUTOMOBIL;2PAH;Action;Trading After Hours | EuroTLX | Euronext Global Equity Market;EUR;DE;OUI;;Euronext;2026-08-04
DE000PSM7770;PROSIEBENSAT1 MEDI;1PSM;Action;Euronext Global Equity Market | Trading After Hours | EuroTLX;EUR;DE;OUI;;Euronext;2026-08-04
DE000SHL1006;SIEMENS HEALTH;2SHL;Action;Trading After Hours | EuroTLX | Euronext Global Equity Market;EUR;DE;OUI;;Euronext;2026-08-04
DE000SYM9999;SYMRISE;2SYM;Action;Trading After Hours | Euronext Global Equity Market;EUR;DE;OUI;;Euronext;2026-08-04
DE000TLX1005;Talanx AG;1TLX;Action;Euronext Global Equity Market;EUR;DE;OUI;;Euronext;2026-08-04
DE000TRAT0N7;TRATON;28TRA;Action;Trading After Hours | EuroTLX | Euronext Global Equity Market;EUR;DE;OUI;;Euronext;2026-08-04
DE000TUAG505;TUI;2TUI1U;Action;Trading After Hours | Euronext Global Equity Market | EuroTLX;EUR;DE;OUI;;Euronext;2026-08-04
DE000UNSE026;UNIPER;4UN;Action;EuroTLX | Trading After Hours | Euronext Global Equity Market;EUR;DE;OUI;;Euronext;2026-08-04
DE000WAF3001;SILTRONIC;1WAF;Action;Euronext Global Equity Market | EuroTLX | Trading After Hours;EUR;DE;OUI;;Euronext;2026-08-04
DE000WCH8881;WACKER CHEMIE;4WCH;Action;EuroTLX | Euronext Global Equity Market | Trading After Hours;EUR;DE;OUI;;Euronext;2026-08-04
DE000ZAL1111;ZALANDO;2ZAL;Action;Trading After Hours | Euronext Global Equity Market | EuroTLX;EUR;DE;OUI;;Euronext;2026-08-04
DK0060520450;NAPATECH;NAPA;Action;Oslo Børs;NOK;DK;OUI;;Euronext;2026-08-04
DK0060945467;5TH PLANET GAMES;5PG;Action;Euronext Expand Oslo;NOK;DK;OUI;;Euronext;2026-08-04
DK0061412772;CADELER;CADLR;Action;Oslo Børs;NOK;DK;OUI;;Euronext;2026-08-04
ES0105025003;MERLIN PROPERTIES;MRL;Action;Euronext Lisbon;EUR;ES;OUI;;Euronext;2026-08-04
ES0105027009;Logista Integral;1LOG;Action;Euronext Global Equity Market;EUR;ES;OUI;;Euronext;2026-08-04
ES0105029005;FACEPHI;ALPHI;Action;Euronext Growth Paris;EUR;ES;OUI;;Euronext;2026-08-04
ES0105046017;AENA SME;2AENA;Action;Trading After Hours | EuroTLX | Euronext Global Equity Market;EUR;ES;OUI;;Euronext;2026-08-04
ES0105066007;Cellnex Telecom;1CLNX;Action;Euronext Global Equity Market;EUR;ES;OUI;;Euronext;2026-08-04
ES0105089009;LLEIDA;ALLLN;Action;Euronext Growth Paris;EUR;ES;OUI;;Euronext;2026-08-04
ES0105362000;BARINGS CORE SPAIN;MLBAR;Action;Euronext Access Paris;EUR;ES;OUI;;Euronext;2026-08-04
ES0105417002;IPOSA PROPERTIES;MLIPO;Action;Euronext Access Paris;EUR;ES;OUI;;Euronext;2026-08-04
ES0105425005;KOMPUESTOS;ALKOM;Action;Euronext Growth Paris;EUR;ES;OUI;;Euronext;2026-08-04
ES0105447009;MAQ ADMON. URBANAS;MLMAQ;Action;Euronext Access Paris;EUR;ES;OUI;;Euronext;2026-08-04
ES0105463006;MAKING SCIENCE;ALMKS;Action;Euronext Growth Paris;EUR;ES;OUI;;Euronext;2026-08-04
ES0105473005;INMOSUPA;MLISP;Action;Euronext Access Paris;EUR;ES;OUI;;Euronext;2026-08-04
ES0105478004;AGP MALAGA SOCIMI;MLAGP;Action;Euronext Access Paris;EUR;ES;OUI;;Euronext;2026-08-04
ES0105479002;IANTE INVESTMENTS;MLINT;Action;Euronext Access Paris;EUR;ES;OUI;;Euronext;2026-08-04
ES0105486007;AROCA DEL PINAR;MLARO;Action;Euronext Access Paris;EUR;ES;OUI;;Euronext;2026-08-04
ES0105490009;ORBIS PROPERTIES;MLORB;Action;Euronext Access Paris;EUR;ES;OUI;;Euronext;2026-08-04
ES0105492005;VREF SEVILLE;MLVRF;Action;Euronext Access Paris;EUR;ES;OUI;;Euronext;2026-08-04
ES0105498002;HEALTHCARE ACTIVOS;MLHAY;Action;Euronext Access Paris;EUR;ES;OUI;;Euronext;2026-08-04
ES0105505004;RSR SINGULAR;MLRSR;Action;Euronext Access Lisbon;EUR;ES;OUI;;Euronext;2026-08-04
ES0105511002;INMARK;MLINM;Action;Euronext Access Paris;EUR;ES;OUI;;Euronext;2026-08-04
ES0105534004;ORINOQUIA;MLORQ;Action;Euronext Access Paris;EUR;ES;OUI;;Euronext;2026-08-04
ES0105537007;GLOBAL PIELAGO;MLNDG;Action;Euronext Access Paris;EUR;ES;OUI;;Euronext;2026-08-04
ES0105549002;MONTEPINO LOGISTIC;MLMTP;Action;Euronext Access Paris;EUR;ES;OUI;;Euronext;2026-08-04
ES0105550000;RES GESTAE SOCIMI;MLJDL;Action;Euronext Access Paris;EUR;ES;OUI;;Euronext;2026-08-04
ES0105551008;IGIS NEPTUNE;MLABC;Action;Euronext Access Paris;EUR;ES;OUI;;Euronext;2026-08-04
ES0105553004;FAIFEY INVEST;MLECE;Action;Euronext Access Paris;EUR;ES;OUI;;Euronext;2026-08-04
ES0105559001;MERIDIA RE IV;MLMIV;Action;Euronext Access Paris;EUR;ES;OUI;;Euronext;2026-08-04
ES0105563003;ACCIONA Energias;1ANE;Action;Euronext Global Equity Market;EUR;ES;OUI;;Euronext;2026-08-04
ES0105586004;EUROLOG CANOLA;MLCAN;Action;Euronext Access Paris;EUR;ES;OUI;;Euronext;2026-08-04
ES0105590006;IMPULSE FITNESS;MLIFS;Action;Euronext Access Paris;EUR;ES;OUI;;Euronext;2026-08-04
ES0105592002;SCIENTIA SCHOOL;MLSCI;Action;Euronext Access Paris;EUR;ES;OUI;;Euronext;2026-08-04
ES0105601001;ARIMELIA ITG;MLARI;Action;Euronext Access Paris;EUR;ES;OUI;;Euronext;2026-08-04
ES0105612008;PERSEIDA RENTA;MLPER;Action;Euronext Access Paris;EUR;ES;OUI;;Euronext;2026-08-04
ES0105623005;VANDOR REAL ESTATE;MLVRE;Action;Euronext Access Paris;EUR;ES;OUI;;Euronext;2026-08-04
ES0105639001;EMBENTION;ALUAV;Action;Euronext Growth Paris;EUR;ES;OUI;;Euronext;2026-08-04
ES0105651006;SAGAX REAL ESTATE;MLSAG;Action;Euronext Access Paris;EUR;ES;OUI;;Euronext;2026-08-04
ES0105658001;APODACA INVERSIONE;MLASO;Action;Euronext Access Paris;EUR;ES;OUI;;Euronext;2026-08-04
ES0105660007;CORE SPAIN HOLDCO;MLCOE;Action;Euronext Access Paris;EUR;ES;OUI;;Euronext;2026-08-04
ES0105661005;AREF THALASSA;MLARE;Action;Euronext Access Paris;EUR;ES;OUI;;Euronext;2026-08-04
ES0105664009;HOTELES BESTPRICE;MLHBP;Action;Euronext Access Paris;EUR;ES;OUI;;Euronext;2026-08-04
ES0105665006;MACC1X1 SOCIMI;MLMAC;Action;Euronext Access Lisbon;EUR;ES;OUI;;Euronext;2026-08-04
ES0105687000;ENERGY SOLAR;ALETC;Action;Euronext Growth Paris;EUR;ES;OUI;;Euronext;2026-08-04
ES0105697009;MUTTER VENTURES;MLMUT;Action;Euronext Access Paris;EUR;ES;OUI;;Euronext;2026-08-04
ES0105698007;OK PROPERTIES;MLOKP;Action;Euronext Access Paris;EUR;ES;OUI;;Euronext;2026-08-04
ES0105704003;VIRTUALWARE;ALVIR;Action;Euronext Growth Paris;EUR;ES;OUI;;Euronext;2026-08-04
ES0105719001;NORTEM BIOGROUP;MLBIO;Action;Euronext Access Paris;EUR;ES;OUI;;Euronext;2026-08-04
ES0105724001;RIBA MUNDO;RMT;Action;Euronext Growth Milan;EUR;ES;OUI;;Euronext;2026-08-04
ES0105726006;ELIX;MLERH;Action;Euronext Access Paris;EUR;ES;OUI;;Euronext;2026-08-04
ES0105740007;WELLNESS;MLWRS;Action;Euronext Access Paris;EUR;ES;OUI;;Euronext;2026-08-04
ES0105744009;ANDINO GLOBAL;MLAIG;Action;Euronext Access Paris;EUR;ES;OUI;;Euronext;2026-08-04
ES0105748000;URCOLESA;MLURC;Action;Euronext Access Paris;EUR;ES;OUI;;Euronext;2026-08-04
ES0105777017;Puig Brands;1PUIG;Action;Euronext Global Equity Market;EUR;ES;OUI;;Euronext;2026-08-04
ES0105807004;GENESIS;MLGNS;Action;Euronext Access Paris;EUR;ES;OUI;;Euronext;2026-08-04
ES0105851002;STUDENT PROPERTY;MLSPI;Action;Euronext Access Paris;EUR;ES;OUI;;Euronext;2026-08-04
ES0105908000;INMOLECULE;MLINA;Action;Euronext Access Paris;EUR;ES;OUI;;Euronext;2026-08-04
ES0105910006;SAJA REAL ESTATE;MLSJA;Action;Euronext Access Paris;EUR;ES;OUI;;Euronext;2026-08-04
ES0105962007;VICSO;MLVIC;Action;Euronext Access Paris;EUR;ES;OUI;;Euronext;2026-08-04
ES0105964003;ES VEDRA;MLESV;Action;Euronext Access Paris;EUR;ES;OUI;;Euronext;2026-08-04
ES0105977005;MEDITERRANEAN REIT;MLMED;Action;Euronext Access Paris;EUR;ES;OUI;;Euronext;2026-08-04
ES0106008008;BIMMART INVESTMENT;MLBIM;Action;Euronext Access Paris;EUR;ES;OUI;;Euronext;2026-08-04
ES0106042007;HAY 2 SOCIMI;MLHA2;Action;Euronext Access Paris;EUR;ES;OUI;;Euronext;2026-08-04
ES0106046008;EXXITA BE CIRCULAR;MLEXX;Action;Euronext Access Paris;EUR;ES;OUI;;Euronext;2026-08-04
ES0106046016;EXXITA BE CIRCULAR;MLEXP;Action;Euronext Access Paris;EUR;ES;OUI;;Euronext;2026-08-04
ES0109067019;AMADEUS IT GROUP;4AMS;Action;EuroTLX | Trading After Hours | Euronext Global Equity Market;EUR;ES;OUI;;Euronext;2026-08-04
ES0109429037;ISPD;ALISP;Action;Euronext Growth Paris;EUR;ES;OUI;;Euronext;2026-08-04
ES0113211835;BBVA;4BBVA;Action;EuroTLX | Trading After Hours | Euronext Global Equity Market;EUR;ES;OUI;;Euronext;2026-08-04
ES0113679I37;Bankinter;1BKT;Action;Euronext Global Equity Market;EUR;ES;OUI;;Euronext;2026-08-04
ES0113860A34;BANCO DE SABADELL;2SAB;Action;Trading After Hours | EuroTLX | Euronext Global Equity Market;EUR;ES;OUI;;Euronext;2026-08-04
ES0113900J37;BANCO SANTANDER;1SANX;Action;Euronext Global Equity Market | EuroTLX | Trading After Hours;EUR;ES;OUI;;Euronext;2026-08-04
ES0116870314;NATURGY ENERGY GR;2NTGY;Action;Trading After Hours | Euronext Global Equity Market | EuroTLX;EUR;ES;OUI;;Euronext;2026-08-04
ES0118594417;Indra Sistemas;1IDR;Action;Euronext Global Equity Market;EUR;ES;OUI;;Euronext;2026-08-04
ES0124244E34;MAPFRE;2MAP;Action;Trading After Hours | Euronext Global Equity Market | EuroTLX;EUR;ES;OUI;;Euronext;2026-08-04
ES0125220311;Acciona;1ANA;Action;Euronext Global Equity Market;EUR;ES;OUI;;Euronext;2026-08-04
ES0127797019;EDP RENEWABLES;2EDPR;Action;Trading After Hours | Euronext Lisbon;EUR;ES;OUI;;Euronext;2026-08-04
ES0130670112;ENDESA;1ELE;Action;Euronext Global Equity Market | Trading After Hours | EuroTLX;EUR;ES;OUI;;Euronext;2026-08-04
ES0130960018;ENAGAS;4ENG;Action;EuroTLX | Trading After Hours | Euronext Global Equity Market;EUR;ES;OUI;;Euronext;2026-08-04
ES0132105018;Acerinox;1ACX;Action;Euronext Global Equity Market;EUR;ES;OUI;;Euronext;2026-08-04
ES0137650018;Fluidra SA;1FDR;Action;Euronext Global Equity Market;EUR;ES;OUI;;Euronext;2026-08-04
ES0139140174;Colonial SFL;1COL;Action;Euronext Global Equity Market;EUR;ES;OUI;;Euronext;2026-08-04
ES0140609019;CAIXABANK;2CABK;Action;Trading After Hours | Euronext Global Equity Market | EuroTLX;EUR;ES;OUI;;Euronext;2026-08-04
ES0144580Y14;IBERDROLA;1IBE;Action;Euronext Global Equity Market | EuroTLX | Trading After Hours;EUR;ES;OUI;;Euronext;2026-08-04
ES0148396007;INDITEX;1ITX;Action;Euronext Global Equity Market | Trading After Hours | EuroTLX;EUR;ES;OUI;;Euronext;2026-08-04
ES0157261019;Laboratorios Farma;1ROVI;Action;Euronext Global Equity Market;EUR;ES;OUI;;Euronext;2026-08-04
ES0165386014;Solaria Energia;1SLR;Action;Euronext Global Equity Market;EUR;ES;OUI;;Euronext;2026-08-04
ES0167050915;ACS ACTIVIDADES;1ACS;Action;Euronext Global Equity Market | Trading After Hours | EuroTLX;EUR;ES;OUI;;Euronext;2026-08-04
ES0171996087;Grifols;4GRF;Action;EuroTLX | Euronext Global Equity Market;EUR;ES;OUI;;Euronext;2026-08-04
ES0173093024;RED ELECTRICA CORP;1REE;Action;Euronext Global Equity Market | EuroTLX | Trading After Hours;EUR;ES;OUI;;Euronext;2026-08-04
ES0173516115;REPSOL;2REP;Action;Trading After Hours | Euronext Global Equity Market | EuroTLX;EUR;ES;OUI;;Euronext;2026-08-04
ES0177542018;INTERNATIONAL C A;4IAG;Action;EuroTLX | Euronext Global Equity Market | Trading After Hours;EUR;ES;OUI;;Euronext;2026-08-04
ES0178430E18;TELEFONICA;1TEF;Action;Euronext Global Equity Market | Trading After Hours | EuroTLX;EUR;ES;OUI;;Euronext;2026-08-04
ES0180907000;Unicaja Banco SA;1UNI;Action;Euronext Global Equity Market;EUR;ES;OUI;;Euronext;2026-08-04
ES0182870214;Sacyr SA;1SCYR;Action;Euronext Global Equity Market;EUR;ES;OUI;;Euronext;2026-08-04
ES0183746314;Vidrala SA;1VID;Action;Euronext Global Equity Market;EUR;ES;OUI;;Euronext;2026-08-04
ES0184262212;Viscofan SA;1VIS;Action;Euronext Global Equity Market;EUR;ES;OUI;;Euronext;2026-08-04
FI0009000202;Kesko Oyj;1KESK;Action;Euronext Global Equity Market;EUR;FI;OUI;;Euronext;2026-08-04
FI0009000459;Huhtamaki Oyj;1HUH;Action;Euronext Global Equity Market;EUR;FI;OUI;;Euronext;2026-08-04
FI0009000665;Metsa Board Oyj B;1MTBB;Action;Euronext Global Equity Market;EUR;FI;OUI;;Euronext;2026-08-04
FI0009000681;NOKIA CORPORATION;4NOKIA;Action;EuroTLX | Trading After Hours | Euronext Global Equity Market;EUR;FI;OUI;;Euronext;2026-08-04
FI0009002422;Outokumpu Oyj;1OUT;Action;Euronext Global Equity Market;EUR;FI;OUI;;Euronext;2026-08-04
FI0009003727;Wartsila OYJ Abp;1WRT;Action;Euronext Global Equity Market;EUR;FI;OUI;;Euronext;2026-08-04
FI0009004824;Kemira Oyj;1KEMI;Action;Euronext Global Equity Market;EUR;FI;OUI;;Euronext;2026-08-04
FI0009005318;NOKIAN RENKAAT;2TYRES;Action;Trading After Hours | Euronext Global Equity Market | EuroTLX;EUR;FI;OUI;;Euronext;2026-08-04
FI0009005870;Konecranes Oyj;1KCR;Action;Euronext Global Equity Market;EUR;FI;OUI;;Euronext;2026-08-04
FI0009005961;Stora Enso Oyj;1STER;Action;Euronext Global Equity Market;EUR;FI;OUI;;Euronext;2026-08-04
FI0009005987;UPM-Kymmene Oyj;1UPM;Action;Euronext Global Equity Market;EUR;FI;OUI;;Euronext;2026-08-04
FI0009007132;FORTUM;2FORT;Action;Trading After Hours | Euronext Global Equity Market | EuroTLX;EUR;FI;OUI;;Euronext;2026-08-04
FI0009007884;Elisa Oyj;1ELIS;Action;Euronext Global Equity Market;EUR;FI;OUI;;Euronext;2026-08-04
FI0009013296;NESTE;4NESTE;Action;EuroTLX | Euronext Global Equity Market | Trading After Hours;EUR;FI;OUI;;Euronext;2026-08-04
FI0009013403;KONE;4KNEBV;Action;EuroTLX | Trading After Hours | Euronext Global Equity Market;EUR;FI;OUI;;Euronext;2026-08-04
FI0009014377;ORION CLASS B;2ORNBV;Action;Trading After Hours | Euronext Global Equity Market | EuroTLX;EUR;FI;OUI;;Euronext;2026-08-04
FI0009014575;Metso Oyj;1METS;Action;Euronext Global Equity Market;EUR;FI;OUI;;Euronext;2026-08-04
FI4000074984;Valmet Oyj;1VALM;Action;Euronext Global Equity Market;EUR;FI;OUI;;Euronext;2026-08-04
FI4000198031;Qt Group Oyj;1QTCO;Action;Euronext Global Equity Market;EUR;FI;OUI;;Euronext;2026-08-04
FI4000297767;NORDEA BANK;1NDA;Action;Euronext Global Equity Market | EuroTLX | Trading After Hours;EUR;FI;OUI;;Euronext;2026-08-04
FI4000312251;LUMO FH;1LUMO;Action;Euronext Global Equity Market;EUR;FI;OUI;;Euronext;2026-08-04
FI4000552500;Sampo Oyj;1SAMP;Action;Euronext Global Equity Market;EUR;FI;OUI;;Euronext;2026-08-04
FI4000552526;MANDATUM OYJ;1MANT;Action;Euronext Global Equity Market;EUR;FI;OUI;;Euronext;2026-08-04
FI4000571013;HIAB CORPORATION;1HIAB;Action;Euronext Global Equity Market;EUR;FI;OUI;;Euronext;2026-08-04
FO0000000179;BAKKAFROST;BAKKA;Action;Oslo Børs;NOK;FO;NON;;Euronext;2026-08-04
FR0000021842;AMUNDI ETF BEL 20;BEL;ETF;Euronext Brussels;EUR;FR;OUI;-;Euronext;2026-08-04
FR0000030074;MALTERIES FCO-BEL.;MALT;Action;Euronext Paris;EUR;FR;OUI;;Euronext;2026-08-04
FR0000030769;PLACOPLATRE;MLPLC;Action;Euronext Access Paris;EUR;FR;OUI;;Euronext;2026-08-04
FR0000031023;ELEC.STRASBOURG;ELEC;Action;Euronext Paris;EUR;FR;OUI;;Euronext;2026-08-04
FR0000031106;TROC ILE;MLTRO;Action;Euronext Access Paris;EUR;FR;OUI;;Euronext;2026-08-04
FR0000031577;VIRBAC;2VIRP;Action;Trading After Hours | Euronext Paris;EUR;FR;OUI;;Euronext;2026-08-04
FR0000031775;VICAT;VCT;Action;Euronext Paris;EUR;FR;OUI;;Euronext;2026-08-04
FR0000031973;FSDV;FSDV;Action;Euronext Paris;EUR;FR;OUI;;Euronext;2026-08-04
FR0000032526;GUERBET;GBT;Action;Euronext Paris;EUR;FR;OUI;;Euronext;2026-08-04
FR0000032658;SYNERGIE;SDG;Action;Euronext Paris;EUR;FR;OUI;;Euronext;2026-08-04
FR0000033003;TOUAX;ALTOU;Action;Euronext Growth Paris;EUR;FR;OUI;;Euronext;2026-08-04
FR0000033219;ALTAREA;2ALTA;Action;Trading After Hours | Euronext Paris;EUR;FR;OUI;;Euronext;2026-08-04
FR0000033243;IMMOB.DASSAULT;IMDA;Action;Euronext Paris;EUR;FR;OUI;;Euronext;2026-08-04
FR0000033599;LEXIBOOK LINGUIST.;ALLEX;Action;Euronext Growth Paris;EUR;FR;OUI;;Euronext;2026-08-04
FR0000033888;GEVELOT;ALGEV;Action;Euronext Growth Paris;EUR;FR;OUI;;Euronext;2026-08-04
FR0000033904;JACQUET METALS;JCQ;Action;Euronext Paris;EUR;FR;OUI;;Euronext;2026-08-04
FR0000034894;GAUMONT;GAM;Action;Euronext Paris;EUR;FR;OUI;;Euronext;2026-08-04
FR0000035081;ICADE;2ICAD;Action;Trading After Hours | Euronext Paris;EUR;FR;OUI;;Euronext;2026-08-04
FR0000035164;BENETEAU;BEN;Action;Euronext Paris | Trading After Hours;EUR;FR;OUI;;Euronext;2026-08-04
FR0000035370;BASTIDE LE CONFORT;BLC;Action;Euronext Paris;EUR;FR;OUI;;Euronext;2026-08-04
FR0000035719;ELECT. MADAGASCAR;EEM;Action;Euronext Paris;EUR;FR;OUI;;Euronext;2026-08-04
FR0000035784;EVERGREEN;EGR;Action;Euronext Paris;EUR;FR;OUI;;Euronext;2026-08-04
FR0000036675;GROUPE CRIT;CEN;Action;Euronext Paris;EUR;FR;OUI;;Euronext;2026-08-04
FR0000037475;CFI;CFI;Action;Euronext Paris;EUR;FR;OUI;;Euronext;2026-08-04
FR0000037640;ROUGIER S.A.;ALRGR;Action;Euronext Growth Paris;EUR;FR;OUI;;Euronext;2026-08-04
FR0000037871;CH.FER DEPARTEMENT;MLCFD;Action;Euronext Access Paris;EUR;FR;OUI;;Euronext;2026-08-04
FR0000038184;FIPP;FIPP;Action;Euronext Paris;EUR;FR;OUI;;Euronext;2026-08-04
FR0000038242;LUMIBIRD;LBIRD;Action;Euronext Paris;EUR;FR;OUI;;Euronext;2026-08-04
FR0000038465;PASSAT;ALPAS;Action;Euronext Growth Paris;EUR;FR;OUI;;Euronext;2026-08-04
FR0000038531;HF COMPANY;ALHF;Action;Euronext Growth Paris;EUR;FR;OUI;;Euronext;2026-08-04
FR0000038606;MANITOU BF;MTU;Action;Euronext Paris;EUR;FR;OUI;;Euronext;2026-08-04
FR0000039091;ROBERTET;RBT;Action;Euronext Paris;EUR;FR;OUI;;Euronext;2026-08-04
FR0000039109;SECHE ENVIRONNEM.;SCHP;Action;Euronext Paris;EUR;FR;OUI;;Euronext;2026-08-04
FR0000039216;ALTAREIT;AREIT;Action;Euronext Paris;EUR;FR;OUI;;Euronext;2026-08-04
FR0000039232;AUREA;AURE;Action;Euronext Paris;EUR;FR;OUI;;Euronext;2026-08-04
FR0000039299;BOLLORE;2BOL;Action;Trading After Hours | Euronext Paris;EUR;FR;OUI;;Euronext;2026-08-04
FR0000039620;MERSEN;2MRN;Action;Trading After Hours | Euronext Paris;EUR;FR;OUI;;Euronext;2026-08-04
FR0000044323;CRCAM ALP.PROV.CCI;CRAP;Action;Euronext Paris;EUR;FR;OUI;;Euronext;2026-08-04
FR0000044364;CRCAM NORM.SEINE;CCN;Action;Euronext Paris;EUR;FR;OUI;;Euronext;2026-08-04
FR0000044448;NEXANS;2NEX;Action;Trading After Hours | Euronext Paris;EUR;FR;OUI;;Euronext;2026-08-04
FR0000044471;RAMSAY GEN SANTE;GDS;Action;Euronext Paris;EUR;FR;OUI;;Euronext;2026-08-04
FR0000044943;LOGIC INSTRUMENT;ALLOG;Action;Euronext Growth Paris;EUR;FR;OUI;;Euronext;2026-08-04
FR0000045072;CREDIT AGRICOLE;2ACA;Action;Trading After Hours | Euronext Paris | EuroTLX | Euronext Global Equity Market;EUR;FR;OUI;;Euronext;2026-08-04
FR0000045213;CRCAM ILLE-VIL.CCI;CIV;Action;Euronext Paris;EUR;FR;OUI;;Euronext;2026-08-04
FR0000045239;CRCAM LOIRE HTE L.;CRLO;Action;Euronext Paris;EUR;FR;OUI;;Euronext;2026-08-04
FR0000045304;CRCAM TOURAINE CCI;CRTO;Action;Euronext Paris;EUR;FR;OUI;;Euronext;2026-08-04
FR0000045346;CRCAM SUD R.A.CCI;CRSU;Action;Euronext Paris;EUR;FR;OUI;;Euronext;2026-08-04
FR0000045528;CRCAM PARIS ET IDF;CAF;Action;Euronext Paris;EUR;FR;OUI;;Euronext;2026-08-04
FR0000045544;CA TOULOUSE 31 CCI;CAT31;Action;Euronext Paris;EUR;FR;OUI;;Euronext;2026-08-04
FR0000045551;CRCAM MORBIHAN CCI;CMO;Action;Euronext Paris;EUR;FR;OUI;;Euronext;2026-08-04
FR0000045601;ROBERTET CI;CBE;Action;Euronext Paris;EUR;FR;OUI;;Euronext;2026-08-04
FR0000045619;ROBERTET CDV 87;CBR;Action;Euronext Paris;EUR;FR;OUI;;Euronext;2026-08-04
FR0000050049;VIEL ET COMPAGNIE;VIL;Action;Euronext Paris;EUR;FR;OUI;;Euronext;2026-08-04
FR0000050353;LISI;FII;Action;Euronext Paris;EUR;FR;OUI;;Euronext;2026-08-04
FR0000050395;CROSSWOOD;CROS;Action;Euronext Paris;EUR;FR;OUI;;Euronext;2026-08-04
FR0000050809;SOPRA STERIA GROUP;2SOP;Action;Trading After Hours | Euronext Paris;EUR;FR;OUI;;Euronext;2026-08-04
FR0000051070;MAUREL ET PROM;MAU;Action;Euronext Paris;EUR;FR;OUI;;Euronext;2026-08-04
FR0000051302;HOCHE BAINS L.BAIN;MLHBB;Action;Euronext Access Paris;EUR;FR;OUI;;Euronext;2026-08-04
FR0000051393;IDI;IDIP;Action;Euronext Paris;EUR;FR;OUI;;Euronext;2026-08-04
FR0000051807;TELEPERFORMANCE;TEP;Action;Euronext Paris | EuroTLX | Trading After Hours;EUR;FR;OUI;;Euronext;2026-08-04
FR0000052292;HERMES INTERN;4RMS;Action;EuroTLX | Trading After Hours | Euronext Paris;EUR;FR;OUI;;Euronext;2026-08-04
FR0000052680;OENEO;SBT;Action;Euronext Paris;EUR;FR;OUI;;Euronext;2026-08-04
FR0000052920;DYNAFOND;MLDYN;Action;Euronext Access Paris;EUR;FR;OUI;;Euronext;2026-08-04
FR0000053027;AKWEL;AKW;Action;Euronext Paris;EUR;FR;OUI;;Euronext;2026-08-04
FR0000053035;GEA GRENOBL.ELECT.;GEA;Action;Euronext Paris;EUR;FR;OUI;;Euronext;2026-08-04
FR0000053043;ADVINI;ALAVI;Action;Euronext Growth Paris;EUR;FR;OUI;;Euronext;2026-08-04
FR0000053225;METROPOLE TV;MMT;Action;Euronext Paris | Trading After Hours;EUR;FR;OUI;;Euronext;2026-08-04
FR0000053324;ALPES (COMPAGNIE);CDA;Action;Euronext Paris;EUR;FR;OUI;;Euronext;2026-08-04
FR0000053381;DERICHEBOURG;2DBG;Action;Trading After Hours | Euronext Paris;EUR;FR;OUI;;Euronext;2026-08-04
FR0000053415;G.A.I.;MLGAI;Action;Euronext Access Paris;EUR;FR;OUI;;Euronext;2026-08-04
FR0000053506;CEGEDIM;ALCGM;Action;Euronext Growth Paris;EUR;FR;OUI;;Euronext;2026-08-04
FR0000053738;HOTELIM;MLHOT;Action;Euronext Access Paris;EUR;FR;OUI;;Euronext;2026-08-04
FR0000053837;ALTAMIR;LTA;Action;Euronext Paris;EUR;FR;OUI;;Euronext;2026-08-04
FR0000053944;FONCIERE VOLTA;SPEL;Action;Euronext Paris;EUR;FR;OUI;;Euronext;2026-08-04
FR0000054132;DELFINGEN;ALDEL;Action;Euronext Growth Paris;EUR;FR;OUI;;Euronext;2026-08-04
FR0000054199;ST DUPONT;DPT;Action;Euronext Paris;EUR;FR;OUI;;Euronext;2026-08-04
FR0000054231;HIGH CO;HCO;Action;Euronext Paris;EUR;FR;OUI;;Euronext;2026-08-04
FR0000054322;CIBOX INTER A CTIV;ALCBX;Action;Euronext Growth Paris;EUR;FR;OUI;;Euronext;2026-08-04
FR0000054371;SPEED RABBIT PIZZA;MLSRP;Action;Euronext Access Paris;EUR;FR;OUI;;Euronext;2026-08-04
FR0000054421;BOURRELIER GROUP;ALBOU;Action;Euronext Growth Paris;EUR;FR;OUI;;Euronext;2026-08-04
FR0000054470;UBISOFT ENTERT;4UBI;Action;EuroTLX | Euronext Paris | Trading After Hours;EUR;FR;OUI;;Euronext;2026-08-04
FR0000054900;TF1;2TFI;Action;Trading After Hours | Euronext Paris;EUR;FR;OUI;;Euronext;2026-08-04
FR0000060071;SAMSE;SAMS;Action;Euronext Paris;EUR;FR;OUI;;Euronext;2026-08-04
FR0000060121;SAINT JEAN GROUPE;SABE;Action;Euronext Paris;EUR;FR;OUI;;Euronext;2026-08-04
FR0000060303;COVIVIO HOTELS;COVH;Action;Euronext Paris;EUR;FR;OUI;;Euronext;2026-08-04
FR0000060428;CIE DU MONT BLANC;MLCMB;Action;Euronext Access Paris;EUR;FR;OUI;;Euronext;2026-08-04
FR0000060451;INSTALLUX;ALLUX;Action;Euronext Growth Paris;EUR;FR;OUI;;Euronext;2026-08-04
FR0000060535;FIDUCIAL REAL EST.;ORIA;Action;Euronext Paris;EUR;FR;OUI;;Euronext;2026-08-04
FR0000060790;SIGNAUX GIROD;ALGIR;Action;Euronext Growth Paris;EUR;FR;OUI;;Euronext;2026-08-04
FR0000060824;FINANCIERE MARJOS;FINM;Action;Euronext Paris;EUR;FR;OUI;;Euronext;2026-08-04
FR0000060840;DEVERNOIS;ALDEV;Action;Euronext Growth Paris;EUR;FR;OUI;;Euronext;2026-08-04
FR0000060873;MBWS;MBWS;Action;Euronext Paris;EUR;FR;OUI;;Euronext;2026-08-04
FR0000060907;CHAUSSERIA;CHSR;Action;Euronext Paris;EUR;FR;OUI;;Euronext;2026-08-04
FR0000061129;BOIRON;BOI;Action;Euronext Paris;EUR;FR;OUI;;Euronext;2026-08-04
FR0000061137;BURELLE;BUR;Action;Euronext Paris;EUR;FR;OUI;;Euronext;2026-08-04
FR0000061244;ALTHEORA;ALORA;Action;Euronext Growth Paris;EUR;FR;OUI;;Euronext;2026-08-04
FR0000061376;PROP.IMMEUBLES;MLPRI;Action;Euronext Access Paris;EUR;FR;OUI;;Euronext;2026-08-04
FR0000061418;FIDUCIAL OFF.SOL.;SACI;Action;Euronext Paris;EUR;FR;OUI;;Euronext;2026-08-04
FR0000061459;PERRIER (GERARD);PERR;Action;Euronext Paris;EUR;FR;OUI;;Euronext;2026-08-04
FR0000061475;EURASIA FONC INV;EFI;Action;Euronext Paris;EUR;FR;OUI;;Euronext;2026-08-04
FR0000061608;PISCINES DESJOYAUX;ALPDX;Action;Euronext Growth Paris;EUR;FR;OUI;;Euronext;2026-08-04
FR0000061780;AUGROS COSMETIC;AUGR;Action;Euronext Paris;EUR;FR;OUI;;Euronext;2026-08-04
FR0000062101;FERM.CAS.MUN.CANNE;FCMC;Action;Euronext Paris;EUR;FR;OUI;;Euronext;2026-08-04
FR0000062150;BLEECKER;BLEE;Action;Euronext Paris;EUR;FR;OUI;;Euronext;2026-08-04
FR0000062234;COMPAGNIE ODET;ODET;Action;Euronext Paris;EUR;FR;OUI;;Euronext;2026-08-04
FR0000062465;ALAN ALLMAN;AAA;Action;Euronext Paris;EUR;FR;OUI;;Euronext;2026-08-04
FR0000062671;EXAIL TECHNOLOGIES;EXA;Action;Euronext Paris;EUR;FR;OUI;;Euronext;2026-08-04
FR0000062788;BARBARA BUI;BUI;Action;Euronext Paris;EUR;FR;OUI;;Euronext;2026-08-04
FR0000062796;MAISON POMMERY;POMRY;Action;Euronext Paris, Brussels;EUR;FR;OUI;;Euronext;2026-08-04
FR0000062978;DEKUPLE;DKUPL;Action;Euronext Paris;EUR;FR;OUI;;Euronext;2026-08-04
FR0000063307;TBSO;TBSO;Action;Euronext Paris;EUR;FR;OUI;;Euronext;2026-08-04
FR0000063737;AUBAY;AUB;Action;Euronext Paris;EUR;FR;OUI;;Euronext;2026-08-04
FR0000063935;BONDUELLE;BON;Action;Euronext Paris;EUR;FR;OUI;;Euronext;2026-08-04
FR0000063976;STREIT MECANIQUE;MLSTR;Action;Euronext Access Paris;EUR;FR;OUI;;Euronext;2026-08-04
FR0000064164;EXACOMPTA CLAIREF.;ALEXA;Action;Euronext Growth Paris;EUR;FR;OUI;;Euronext;2026-08-04
FR0000064271;STEF;STF;Action;Euronext Paris;EUR;FR;OUI;;Euronext;2026-08-04
FR0000064297;INNELEC MULTIMEDIA;ALINN;Action;Euronext Growth Paris;EUR;FR;OUI;;Euronext;2026-08-04
FR0000064446;CATERING INTL SCES;ALCIS;Action;Euronext Growth Paris;EUR;FR;OUI;;Euronext;2026-08-04
FR0000064529;NSC GROUPE;ALNSC;Action;Euronext Growth Paris;EUR;FR;OUI;;Euronext;2026-08-04
FR0000064578;COVIVIO;COV;Action;Euronext Paris | Trading After Hours | EuroTLX;EUR;FR;OUI;;Euronext;2026-08-04
FR0000064602;ACANTHE DEV.;ACAN;Action;Euronext Paris;EUR;FR;OUI;;Euronext;2026-08-04
FR0000064735;HYDRAULIQUEHOLDING;MLHYD;Action;Euronext Access Paris;EUR;FR;OUI;;Euronext;2026-08-04
FR0000064784;PEUGEOT INVEST;PEUG;Action;Euronext Paris;EUR;FR;OUI;;Euronext;2026-08-04
FR0000064958;INTEXA;ITXT;Action;Euronext Paris;EUR;FR;OUI;;Euronext;2026-08-04
FR0000065260;DOCK.PETR.AMBES AM;DPAM;Action;Euronext Paris;EUR;FR;OUI;;Euronext;2026-08-04
FR0000065278;HOPSCOTCH GROUPE;ALHOP;Action;Euronext Growth Paris;EUR;FR;OUI;;Euronext;2026-08-04
FR0000065393;COURTOIS;COUR;Action;Euronext Paris;EUR;FR;OUI;;Euronext;2026-08-04
FR0000065484;LECTRA;LSS;Action;Euronext Paris;EUR;FR;OUI;;Euronext;2026-08-04
FR0000065492;SELCODIS;SLCO;Action;Euronext Paris;EUR;FR;OUI;;Euronext;2026-08-04
FR0000065773;IMPRIMERIE CHIRAT;MLIMP;Action;Euronext Access Paris;EUR;FR;OUI;;Euronext;2026-08-04
FR0000065864;SOGECLAIR;ALSOG;Action;Euronext Growth Paris;EUR;FR;OUI;;Euronext;2026-08-04
FR0000065930;FONCIERE 7 INVEST;LEBL;Action;Euronext Paris;EUR;FR;OUI;;Euronext;2026-08-04
FR0000065971;GRAINES VOLTZ;GRVO;Action;Euronext Paris;EUR;FR;OUI;;Euronext;2026-08-04
FR0000066441;POUJOULAT;ALPJT;Action;Euronext Growth Paris;EUR;FR;OUI;;Euronext;2026-08-04
FR0000066540;HERIGE;ALHRG;Action;Euronext Growth Paris;EUR;FR;OUI;;Euronext;2026-08-04
FR0000066607;LACROIX GROUP;LACR;Action;Euronext Paris;EUR;FR;OUI;;Euronext;2026-08-04
FR0000066672;GL EVENTS;GLO;Action;Euronext Paris;EUR;FR;OUI;;Euronext;2026-08-04
FR0000066722;GUILLEMOT;GUI;Action;Euronext Paris;EUR;FR;OUI;;Euronext;2026-08-04
FR0000066755;HAULOTTE GROUP;PIG;Action;Euronext Paris;EUR;FR;OUI;;Euronext;2026-08-04
FR0000066961;BERNARD LOISEAU;ALDBL;Action;Euronext Growth Paris;EUR;FR;OUI;;Euronext;2026-08-04
FR0000071797;INFOTEL;INF;Action;Euronext Paris;EUR;FR;OUI;;Euronext;2026-08-04
FR0000071946;ALTEN;2ATE;Action;Trading After Hours | Euronext Paris;EUR;FR;OUI;;Euronext;2026-08-04
FR0000072373;EGIDE;ALGID;Action;Euronext Growth Paris;EUR;FR;OUI;;Euronext;2026-08-04
FR0000072597;IT LINK;ALITL;Action;Euronext Growth Paris;EUR;FR;OUI;;Euronext;2026-08-04
FR0000073041;PIERRE VACANCES;VAC;Action;Euronext Paris;EUR;FR;OUI;;Euronext;2026-08-04
FR0000073272;SAFRAN;2SAF;Action;Trading After Hours | EuroTLX | Euronext Paris;EUR;FR;OUI;;Euronext;2026-08-04
FR0000073298;IPSOS;2IPS;Action;Trading After Hours | Euronext Paris;EUR;FR;OUI;;Euronext;2026-08-04
FR0000074072;BIGBEN INTERACTIVE;BIG;Action;Euronext Paris;EUR;FR;OUI;;Euronext;2026-08-04
FR0000074148;ASSYSTEM;ASY;Action;Euronext Paris;EUR;FR;OUI;;Euronext;2026-08-04
FR0000074197;UNION TECH.INFOR.;FPG;Action;Euronext Paris;EUR;FR;OUI;;Euronext;2026-08-04
FR0000074254;BOURSE DIRECT;BSD;Action;Euronext Paris;EUR;FR;OUI;;Euronext;2026-08-04
FR0000074759;FLEURY MICHON;ALFLE;Action;Euronext Growth Paris;EUR;FR;OUI;;Euronext;2026-08-04
FR0000074775;STRADIM ESPAC.FIN;ALSAS;Action;Euronext Growth Paris;EUR;FR;OUI;;Euronext;2026-08-04
FR0000074783;ARTMARKET COM;PRC;Action;Euronext Paris;EUR;FR;OUI;;Euronext;2026-08-04
FR0000075343;LABO EUROMEDIS;ALEMG;Action;Euronext Growth Paris;EUR;FR;OUI;;Euronext;2026-08-04
FR0000075442;GROUPE LDLC;ALLDL;Action;Euronext Growth Paris;EUR;FR;OUI;;Euronext;2026-08-04
FR0000075954;RIBER;ALRIB;Action;Euronext Growth Paris;EUR;FR;OUI;;Euronext;2026-08-04
FR0000076655;ACTIA GROUP;ALATI;Action;Euronext Growth Paris;EUR;FR;OUI;;Euronext;2026-08-04
FR0000076861;ACTEOS;EOS;Action;Euronext Paris;EUR;FR;OUI;;Euronext;2026-08-04
FR0000076952;ARTOIS NOM.;ARTO;Action;Euronext Paris;EUR;FR;OUI;;Euronext;2026-08-04
FR0000076960;GROUPE CARNIVOR;MLGRC;Action;Euronext Access Paris;EUR;FR;OUI;;Euronext;2026-08-04
FR0000077828;CONSORT NT;MLCNT;Action;Euronext Access Paris;EUR;FR;OUI;;Euronext;2026-08-04
FR0000077885;DAMARIS;MLDAM;Action;Euronext Access Paris;EUR;FR;OUI;;Euronext;2026-08-04
FR0000077919;JCDECAUX;2DEC;Action;Trading After Hours | Euronext Paris;EUR;FR;OUI;;Euronext;2026-08-04
FR0000077992;PACTE NOVATION;MLPAC;Action;Euronext Access Paris;EUR;FR;OUI;;Euronext;2026-08-04
FR0000078321;SODITECH;ALSEC;Action;Euronext Growth Paris;EUR;FR;OUI;;Euronext;2026-08-04
FR0000079147;U10 CORP;ALU10;Action;Euronext Growth Paris;EUR;FR;OUI;;Euronext;2026-08-04
FR0000079691;IDS;MLIDS;Action;Euronext Access Paris;EUR;FR;OUI;;Euronext;2026-08-04
FR0000120073;AIR LIQUIDE;AI;Action;Euronext Paris | Trading After Hours | EuroTLX;EUR;FR;OUI;;Euronext;2026-08-04
FR0000120107;SAVENCIA;SAVE;Action;Euronext Paris;EUR;FR;OUI;;Euronext;2026-08-04
FR0000120172;CARREFOUR;4CA;Action;EuroTLX | Trading After Hours | Euronext Paris;EUR;FR;OUI;;Euronext;2026-08-04
FR0000120271;TOTALENERGIES;2TTE;Action;Trading After Hours | Euronext Paris, Brussels | EuroTLX;EUR;FR;OUI;;Euronext;2026-08-04
FR0000120321;L'OREAL;4OR;Action;EuroTLX | Euronext Paris | Trading After Hours;EUR;FR;OUI;;Euronext;2026-08-04
FR0000120404;ACCOR;AC;Action;Euronext Paris | Trading After Hours | EuroTLX | Euronext Paris - Multi-currency Trading;EUR;FR;OUI;;Euronext;2026-08-04
FR0000120503;BOUYGUES;2EN;Action;Trading After Hours | EuroTLX | Euronext Paris;EUR;FR;OUI;;Euronext;2026-08-04
FR0000120560;QUADIENT;QDT;Action;Euronext Paris;EUR;FR;OUI;;Euronext;2026-08-04
FR0000120578;SANOFI;2SAN;Action;Trading After Hours | EuroTLX | Euronext Global Equity Market | Euronext Paris;EUR;FR;OUI;;Euronext;2026-08-04
FR0000120628;AXA;1CS;Action;Euronext Global Equity Market | EuroTLX | Euronext Paris | Trading After Hours;EUR;FR;OUI;;Euronext;2026-08-04
FR0000120644;DANONE;2BN;Action;Trading After Hours | Euronext Paris | EuroTLX;EUR;FR;OUI;;Euronext;2026-08-04
FR0000120669;North Atlantic En.;NAE;Action;Euronext Paris;EUR;FR;OUI;;Euronext;2026-08-04
FR0000120693;PERNOD RICARD;4RI;Action;EuroTLX | Euronext Paris | Trading After Hours;EUR;FR;OUI;;Euronext;2026-08-04
FR0000120859;IMERYS;2NK;Action;Trading After Hours | Euronext Paris;EUR;FR;OUI;;Euronext;2026-08-04
FR0000120966;BIC;BB;Action;Euronext Paris | Trading After Hours;EUR;FR;OUI;;Euronext;2026-08-04
FR0000121014;LVMH;2MC;Action;Trading After Hours | EuroTLX | Euronext Paris | Euronext Global Equity Market;EUR;FR;OUI;;Euronext;2026-08-04
FR0000121121;EURAZEO;2RF;Action;Trading After Hours | Euronext Paris;EUR;FR;OUI;;Euronext;2026-08-04
FR0000121147;FORVIA;2FRVIA;Action;Trading After Hours | EuroTLX | Euronext Global Equity Market | Euronext Paris;EUR;FR;OUI;;Euronext;2026-08-04
FR0000121204;WENDEL;2MF;Action;Trading After Hours | Euronext Paris;EUR;FR;OUI;;Euronext;2026-08-04
FR0000121220;SODEXO;2SW;Action;Trading After Hours | Euronext Paris | EuroTLX;EUR;FR;OUI;;Euronext;2026-08-04
FR0000121295;LEBON;ALBON;Action;Euronext Growth Paris;EUR;FR;OUI;;Euronext;2026-08-04
FR0000121329;THALES;2HO;Action;Trading After Hours | Euronext Paris | EuroTLX;EUR;FR;OUI;;Euronext;2026-08-04
FR0000121485;KERING;1KER;Action;Euronext Global Equity Market | EuroTLX | Euronext Paris | Trading After Hours;EUR;FR;OUI;;Euronext;2026-08-04
FR0000121667;ESSILORLUXOTTICA;2EL;Action;Trading After Hours | EuroTLX | Euronext Paris | Euronext Global Equity Market;EUR;FR;OUI;;Euronext;2026-08-04
FR0000121691;NRJ GROUP;NRG;Action;Euronext Paris;EUR;FR;OUI;;Euronext;2026-08-04
FR0000121709;S.E.B.;2SK;Action;Trading After Hours | Euronext Paris;EUR;FR;OUI;;Euronext;2026-08-04
FR0000121964;KLEPIERRE;2LI;Action;Trading After Hours | Euronext Paris | EuroTLX;EUR;FR;OUI;;Euronext;2026-08-04
FR0000121972;SCHNEIDER ELECTRIC;2SU;Action;Trading After Hours | Euronext Paris | EuroTLX;EUR;FR;OUI;;Euronext;2026-08-04
FR0000124141;VEOLIA ENVIRON;4VIE;Action;EuroTLX | Trading After Hours | Euronext Paris;EUR;FR;OUI;;Euronext;2026-08-04
FR0000124414;GASCOGNE;ALBI;Action;Euronext Growth Paris;EUR;FR;OUI;;Euronext;2026-08-04
FR0000124570;OPMOBILITY;OPM;Action;Euronext Paris | Trading After Hours;EUR;FR;OUI;;Euronext;2026-08-04
FR0000125007;SAINT GOBAIN;2SGO;Action;Trading After Hours | Euronext Paris, Amsterdam, Brussels | EuroTLX;EUR;FR;OUI;;Euronext;2026-08-04
FR0000125338;CAPGEMINI;4CAP;Action;EuroTLX | Euronext Paris | Trading After Hours;EUR;FR;OUI;;Euronext;2026-08-04
FR0000125486;VINCI;2DG;Action;Trading After Hours | Euronext Paris | EuroTLX;EUR;FR;OUI;;Euronext;2026-08-04
FR0000127771;VIVENDI;1VIV;Action;Euronext Global Equity Market | EuroTLX | Trading After Hours | Euronext Paris;EUR;FR;OUI;;Euronext;2026-08-04
FR0000130213;LAGARDERE SA;MMB;Action;Euronext Paris;EUR;FR;OUI;;Euronext;2026-08-04
FR0000130395;REMY COINTREAU;RCO;Action;Euronext Paris | Trading After Hours;EUR;FR;OUI;;Euronext;2026-08-04
FR0000130403;CHRISTIAN DIOR;CDI;Action;Euronext Paris;EUR;FR;OUI;;Euronext;2026-08-04
FR0000130452;EIFFAGE;2FGR;Action;Trading After Hours | Euronext Paris | Euronext Paris - Multi-currency Trading;EUR;FR;OUI;;Euronext;2026-08-04
FR0000130577;PUBLICIS GROUPE;4PUB;Action;EuroTLX | Trading After Hours | Euronext Paris;EUR;FR;OUI;;Euronext;2026-08-04
FR0000130692;CIECHARGEURSINVEST;CRI;Action;Euronext Paris;EUR;FR;OUI;;Euronext;2026-08-04
FR0000130809;SOCIETE GENERALE;4GLE;Action;EuroTLX | Trading After Hours | Euronext Paris | Euronext Global Equity Market;EUR;FR;OUI;;Euronext;2026-08-04
FR0000131104;BNP PARIBAS;2BNP;Action;Trading After Hours | EuroTLX | Euronext Global Equity Market | Euronext Paris;EUR;FR;OUI;;Euronext;2026-08-04
FR0000131757;ERAMET;2ERA;Action;Trading After Hours | Euronext Paris;EUR;FR;OUI;;Euronext;2026-08-04
FR0000131906;RENAULT;4RNO;Action;EuroTLX | Euronext Global Equity Market | Euronext Paris | Trading After Hours;EUR;FR;OUI;;Euronext;2026-08-04
FR0000133308;ORANGE;ORA;Action;Euronext Paris | EuroTLX | Euronext Global Equity Market | Trading After Hours;EUR;FR;OUI;;Euronext;2026-08-04
FR0000185423;DAMARTEX;ALDAR;Action;Euronext Growth Paris;EUR;FR;OUI;;Euronext;2026-08-04
FR0000185464;NOVATECH IND.;MLNOV;Action;Euronext Access Paris;EUR;FR;OUI;;Euronext;2026-08-04
FR0000185480;PHONE WEB;MLPHW;Action;Euronext Access Paris;EUR;FR;OUI;;Euronext;2026-08-04
FR0000185506;CRCAM ATL.VEND.CCI;CRAV;Action;Euronext Paris;EUR;FR;OUI;;Euronext;2026-08-04
FR0000185514;CRCAM NORD CCI;CNDF;Action;Euronext Paris;EUR;FR;OUI;;Euronext;2026-08-04
FR0004007813;KAUFMAN ET BROAD;KOF;Action;Euronext Paris;EUR;FR;OUI;;Euronext;2026-08-04
FR0004010338;GROUPE JAJ;GJAJ;Action;Euronext Paris;EUR;FR;OUI;;Euronext;2026-08-04
FR0004016699;SMTPC;ALTPC;Action;Euronext Growth Paris;EUR;FR;OUI;;Euronext;2026-08-04
FR0004023208;BASSAC;BASS;Action;Euronext Paris;EUR;FR;OUI;;Euronext;2026-08-04
FR0004024222;INTERPARFUMS;2ITP;Action;Trading After Hours | Euronext Paris;EUR;FR;OUI;;Euronext;2026-08-04
FR0004027068;LANSON-BCC;ALLAN;Action;Euronext Growth Paris;EUR;FR;OUI;;Euronext;2026-08-04
FR0004029411;KEYRUS;ALKEY;Action;Euronext Growth Paris;EUR;FR;OUI;;Euronext;2026-08-04
FR0004030708;ENCRES DUBUIT;ALDUB;Action;Euronext Growth Paris;EUR;FR;OUI;;Euronext;2026-08-04
FR0004031763;COHERIS;COH;Action;Euronext Paris;EUR;FR;OUI;;Euronext;2026-08-04
FR0004034072;XILAM ANIMATION;ALXIL;Action;Euronext Growth Paris;EUR;FR;OUI;;Euronext;2026-08-04
FR0004034320;MR BRICOLAGE;ALMRB;Action;Euronext Growth Paris;EUR;FR;OUI;;Euronext;2026-08-04
FR0004038263;PARROT;PARRO;Action;Euronext Paris;EUR;FR;OUI;;Euronext;2026-08-04
FR0004040608;ABC ARBITRAGE;ABCA;Action;Euronext Paris;EUR;FR;OUI;;Euronext;2026-08-04
FR0004044600;PRISMAFLEX INTL;ALPRI;Action;Euronext Growth Paris;EUR;FR;OUI;;Euronext;2026-08-04
FR0004045847;VOYAGEURS DU MONDE;ALVDM;Action;Euronext Growth Paris;EUR;FR;OUI;;Euronext;2026-08-04
FR0004050250;NEURONES;NRO;Action;Euronext Paris;EUR;FR;OUI;;Euronext;2026-08-04
FR0004052561;PROACTIS SA;PROAC;Action;Euronext Paris;EUR;FR;OUI;;Euronext;2026-08-04
FR0004053510;GENOWAY;ALGEN;Action;Euronext Growth Paris;EUR;FR;OUI;;Euronext;2026-08-04
FR0004056851;VALNEVA;4VLA;Action;EuroTLX | Euronext Paris | Trading After Hours;EUR;FR;OUI;;Euronext;2026-08-04
FR0004065605;MEDINCELL;MEDCL;Action;Euronext Paris;EUR;FR;OUI;;Euronext;2026-08-04
FR0004065639;NSE;ALNSE;Action;Euronext Growth Paris;EUR;FR;OUI;;Euronext;2026-08-04
FR0004070795;ARDOIN ST AMAND B;ARDO;Action;Euronext Access Paris;EUR;FR;OUI;;Euronext;2026-08-04
FR0004125920;AMUNDI;2AMUN;Action;Trading After Hours | EuroTLX | Euronext Paris;EUR;FR;OUI;;Euronext;2026-08-04
FR0004153930;ATON;ALTAO;Action;Euronext Growth Paris;EUR;FR;OUI;;Euronext;2026-08-04
FR0004154060;NETGEM;ALNTG;Action;Euronext Growth Paris;EUR;FR;OUI;;Euronext;2026-08-04
FR0004155000;GROUPE SFPI;SFPI;Action;Euronext Paris;EUR;FR;OUI;;Euronext;2026-08-04
FR0004155208;LOCASYSTEM INTL;MLLOI;Action;Euronext Access Paris;EUR;FR;OUI;;Euronext;2026-08-04
FR0004155687;MASTRAD;ALMAS;Action;Euronext Growth Paris;EUR;FR;OUI;;Euronext;2026-08-04
FR0004156297;LINEDATA SERVICES;LIN;Action;Euronext Paris;EUR;FR;OUI;;Euronext;2026-08-04
FR0004159473;HEXAOM;ALHEX;Action;Euronext Growth Paris;EUR;FR;OUI;;Euronext;2026-08-04
FR0004163111;GENFIT;GNFT;Action;Euronext Paris;EUR;FR;OUI;;Euronext;2026-08-04
FR0004165801;HOTELS DE PARIS;HDP;Action;Euronext Paris;EUR;FR;OUI;;Euronext;2026-08-04
FR0004170017;LNA SANTE;LNA;Action;Euronext Paris;EUR;FR;OUI;;Euronext;2026-08-04
FR0004171346;NEXTEDIA;ALNXT;Action;Euronext Growth Paris;EUR;FR;OUI;;Euronext;2026-08-04
FR0004172450;MINT;ALMIN;Action;Euronext Growth Paris;EUR;FR;OUI;;Euronext;2026-08-04
FR0004174233;BILENDI;ALBLD;Action;Euronext Growth Paris;EUR;FR;OUI;;Euronext;2026-08-04
FR0004174712;ONLINEFORMAPRO;MLONL;Action;Euronext Access Paris;EUR;FR;OUI;;Euronext;2026-08-04
FR0004175842;SELECTIRENTE;SELER;Action;Euronext Paris;EUR;FR;OUI;;Euronext;2026-08-04
FR0004180578;SWORD GROUP;SWP;Action;Euronext Paris;EUR;FR;OUI;;Euronext;2026-08-04
FR0004186856;VETOQUINOL;VETO;Action;Euronext Paris;EUR;FR;OUI;;Euronext;2026-08-04
FR0004187367;FREELANCE.COM;ALFRE;Action;Euronext Growth Paris;EUR;FR;OUI;;Euronext;2026-08-04
FR0004527638;EXEL INDUSTRIES;EXE;Action;Euronext Paris;EUR;FR;OUI;;Euronext;2026-08-04
FR0004998318;COURBET HERITAGE;MLCOU;Action;Euronext Access Paris;EUR;FR;OUI;;Euronext;2026-08-04
FR0005057635;ARDOIN ST AMAND A;MLARD;Action;Euronext Access Paris;EUR;FR;OUI;;Euronext;2026-08-04
FR0005175080;TRANSGENE;TNG;Action;Euronext Paris;EUR;FR;OUI;;Euronext;2026-08-04
FR0005691656;TRIGANO;TRI;Action;Euronext Paris | Trading After Hours;EUR;FR;OUI;;Euronext;2026-08-04
FR0005843125;HYDRO-EXPLOIT.;MLHYE;Action;Euronext Access Paris;EUR;FR;OUI;;Euronext;2026-08-04
FR0005854700;I2S;ALI2S;Action;Euronext Growth Paris;EUR;FR;OUI;;Euronext;2026-08-04
FR0006174348;BUREAU VERITAS;BVI;Action;Euronext Paris | Trading After Hours;EUR;FR;OUI;;Euronext;2026-08-04
FR0006205019;LOMBARD ET MEDOT;MLCAC;Action;Euronext Access Paris;EUR;FR;OUI;;Euronext;2026-08-04
FR0006239109;SCBSM;CBSM;Action;Euronext Paris;EUR;FR;OUI;;Euronext;2026-08-04
FR0006563904;HOTL.IMMOB.NICE;MLHIN;Action;Euronext Access Paris;EUR;FR;OUI;;Euronext;2026-08-04
FR0006859039;IMM.PARIS.PERLE;MLIPP;Action;Euronext Access Paris;EUR;FR;OUI;;Euronext;2026-08-04
FR0006864484;LAURENT-PERRIER;LPE;Action;Euronext Paris;EUR;FR;OUI;;Euronext;2026-08-04
FR0007052782;AMUNDI ETF CAC 40;CAC;ETF;Euronext Paris;EUR;FR;OUI;-;Euronext;2026-08-04
FR0007054358;AMUNDI ESTOXX50;MSE;ETF;Euronext Paris | ETF Plus;EUR;FR;OUI;-;Euronext;2026-08-04
FR0007056841;AMUETFDJEIMETFP;DJE;ETF;ETF Plus | Euronext Paris;EUR;FR;OUI;-;Euronext;2026-08-04
FR0007075494;LYXOR ETF DJ GT50;MGT;ETF;Euronext Paris | ETF Plus;EUR;FR;OUI;-;Euronext;2026-08-04
FR0007080254;LES HOTELS BAVEREZ;ALLHB;Action;Euronext Growth Paris;EUR;FR;OUI;;Euronext;2026-08-04
FR0007200100;EAUX DE ROYAN;MLEDR;Action;Euronext Access Paris;EUR;FR;OUI;;Euronext;2026-08-04
FR0010010827;AMUNDI FTSE MIB;MIB;ETF;Euronext Paris | ETF Plus;EUR;FR;OUI;-;Euronext;2026-08-04
FR0010035816;COREP LIGHTING;MLCOR;Action;Euronext Access Paris;EUR;FR;OUI;;Euronext;2026-08-04
FR0010040865;GECINA;GFC;Action;Euronext Paris | Trading After Hours;EUR;FR;OUI;;Euronext;2026-08-04
FR0010086371;IMALLIANCE;MLIML;Action;Euronext Access Paris;EUR;FR;OUI;;Euronext;2026-08-04
FR0010095596;VALERIO TX;ALVIO;Action;Euronext Growth Paris;EUR;FR;OUI;;Euronext;2026-08-04
FR0010106039;BODY ONE;MLONE;Action;Euronext Access Paris;EUR;FR;OUI;;Euronext;2026-08-04
FR0010112524;NEXITY;2NXI;Action;Trading After Hours | Euronext Paris;EUR;FR;OUI;;Euronext;2026-08-04
FR0010120402;THERACLION;ALTHE;Action;Euronext Growth Paris;EUR;FR;OUI;;Euronext;2026-08-04
FR0010131409;WALLIX;ALLIX;Action;Euronext Growth Paris;EUR;FR;OUI;;Euronext;2026-08-04
FR0010150458;BNPP CAC 40 ESG;E40;ETF;Euronext Paris;EUR;FR;OUI;ESG ETF art. 8;Euronext;2026-08-04
FR0010151589;CAFOM;ALCAF;Action;Euronext Growth Paris;EUR;FR;OUI;;Euronext;2026-08-04
FR0010157115;EUROLAND CORPORATE;ALERO;Action;Euronext Growth Paris;EUR;FR;OUI;;Euronext;2026-08-04
FR0010169920;PREDILIFE;ALPRE;Action;Euronext Growth Paris;EUR;FR;OUI;;Euronext;2026-08-04
FR0010193052;CATANA GROUP;ALCAT;Action;Euronext Growth Paris;EUR;FR;OUI;;Euronext;2026-08-04
FR0010193979;CBO TERRITORIA;CBOT;Action;Euronext Paris;EUR;FR;OUI;;Euronext;2026-08-04
FR0010202606;SIDETRADE;ALBFR;Action;Euronext Growth Paris;EUR;FR;OUI;;Euronext;2026-08-04
FR0010204453;MG INTERNATIONAL;ALMGI;Action;Euronext Growth Paris;EUR;FR;OUI;;Euronext;2026-08-04
FR0010208488;ENGIE;2ENGI;Action;Trading After Hours | EuroTLX | Euronext Paris, Brussels | Euronext Global Equity Market;EUR;FR;OUI;;Euronext;2026-08-04
FR0010209809;SOC FRANC CASINOS;SFCA;Action;Euronext Paris;EUR;FR;OUI;;Euronext;2026-08-04
FR0010214064;GPE GROUP PIZZORNO;GPE;Action;Euronext Paris;EUR;FR;OUI;;Euronext;2026-08-04
FR0010220475;ALSTOM;4ALO;Action;EuroTLX | Euronext Paris | Trading After Hours;EUR;FR;OUI;;Euronext;2026-08-04
FR0010221234;EUTELSAT COMMUNIC.;ETL;Action;Euronext Paris | Trading After Hours;EUR;FR;OUI;;Euronext;2026-08-04
FR0010241638;MERCIALYS;MERY;Action;Euronext Paris | Trading After Hours;EUR;FR;OUI;;Euronext;2026-08-04
FR0010245514;AMUNDI ETF TOPIX;JPN;ETF;Euronext Paris | ETF Plus;EUR;FR;OUI;-;Euronext;2026-08-04
FR0010259150;IPSEN;2IPN;Action;Trading After Hours | Euronext Paris;EUR;FR;OUI;;Euronext;2026-08-04
FR0010261198;AMUNDI MSCI EUR;MEU;ETF;Euronext Paris | ETF Plus;EUR;FR;OUI;-;Euronext;2026-08-04
FR0010263202;PAREF;PAR;Action;Euronext Paris;EUR;FR;OUI;;Euronext;2026-08-04
FR0010282822;Vusion;2SESL;Action;Trading After Hours | Euronext Paris;EUR;FR;OUI;;Euronext;2026-08-04
FR0010291245;VERIMATRIX;VMX;Action;Euronext Paris;EUR;FR;OUI;;Euronext;2026-08-04
FR0010298620;MEMSCAP REGPT;MEMS;Action;Euronext Paris;EUR;FR;OUI;;Euronext;2026-08-04
FR0010307819;LEGRAND;2LR;Action;Trading After Hours | Euronext Paris;EUR;FR;OUI;;Euronext;2026-08-04
FR0010309096;VITURA;VTR;Action;Euronext Paris;EUR;FR;OUI;;Euronext;2026-08-04
FR0010312181;HOPENING;MLHPE;Action;Euronext Access Paris;EUR;FR;OUI;;Euronext;2026-08-04
FR0010313833;ARKEMA;4AKE;Action;EuroTLX | Euronext Paris | Trading After Hours;EUR;FR;OUI;;Euronext;2026-08-04
FR0010315770;AMUNDI MSCI WOR;WLD;ETF;Euronext Paris | ETF Plus;EUR;FR;OUI;-;Euronext;2026-08-04
FR0010326090;VIALIFE;ALVIA;Action;Euronext Growth Paris;EUR;FR;OUI;;Euronext;2026-08-04
FR0010331421;INNATE PHARMA;4IPH;Action;EuroTLX | Euronext Paris;EUR;FR;OUI;;Euronext;2026-08-04
FR0010337865;UPERGY;ALUPG;Action;Euronext Growth Paris;EUR;FR;OUI;;Euronext;2026-08-04
FR0010340141;ADP;2ADPP;Action;Trading After Hours | Euronext Paris;EUR;FR;OUI;;Euronext;2026-08-04
FR0010340711;AQUILA;ALAQU;Action;Euronext Growth Paris;EUR;FR;OUI;;Euronext;2026-08-04
FR0010341032;FONCIERE INEA;INEA;Action;Euronext Paris;EUR;FR;OUI;;Euronext;2026-08-04
FR0010342592;Amundi NSDQ LEV;LQQ;ETF;Euronext Paris | ETF Plus;EUR;FR;OUI;-;Euronext;2026-08-04
FR0010353888;MGI DIGITAL GRAPHI;ALMDG;Action;Euronext Growth Paris;EUR;FR;OUI;;Euronext;2026-08-04
FR0010361683;AMUNDI ETF INDIA;INR;ETF;Euronext Paris | ETF Plus;EUR;FR;OUI;-;Euronext;2026-08-04
FR0010380626;PROLOGUE;ALPRG;Action;Euronext Growth Paris;EUR;FR;OUI;;Euronext;2026-08-04
FR0010386334;CLARIANE;2CLARI;Action;Trading After Hours | Euronext Paris;EUR;FR;OUI;;Euronext;2026-08-04
FR0010396309;HITECHPROS;ALHIT;Action;Euronext Growth Paris;EUR;FR;OUI;;Euronext;2026-08-04
FR0010397232;NOVACYT;ALNOV;Action;Euronext Growth Paris;EUR;FR;OUI;;Euronext;2026-08-04
FR0010397901;TRILOGIQ;ALTRI;Action;Euronext Growth Paris;EUR;FR;OUI;;Euronext;2026-08-04
FR0010404368;D.L.S.I.;ALDLS;Action;Euronext Growth Paris;EUR;FR;OUI;;Euronext;2026-08-04
FR0010405431;AMUNDI MSCI GREECE;GRE;ETF;Euronext Paris | ETF Plus;EUR;FR;OUI;-;Euronext;2026-08-04
FR0010411884;AMUNDI ETF BX4;BX4;ETF;Euronext Paris;EUR;FR;OUI;-;Euronext;2026-08-04
FR0010411983;SCOR;4SCR;Action;EuroTLX | Euronext Paris | Trading After Hours;EUR;FR;OUI;;Euronext;2026-08-04
FR0010417345;DBV TECHNOLOGIES;DBV;Action;Euronext Paris;EUR;FR;OUI;;Euronext;2026-08-04
FR0010424135;AMUNDI ETF SX50 DS;BSX;ETF;Euronext Paris | ETF Plus;EUR;FR;OUI;-;Euronext;2026-08-04
FR0010424143;AMUNDI SX50 DDS;BXX;ETF;Euronext Paris | ETF Plus;EUR;FR;OUI;-;Euronext;2026-08-04
FR0010424697;ETHERO;ALENT;Action;Euronext Growth Paris;EUR;FR;OUI;;Euronext;2026-08-04
FR0010425595;CELLECTIS;ALCLS;Action;Euronext Growth Paris;EUR;FR;OUI;;Euronext;2026-08-04
FR0010428771;EAGLEFOOTBALLGROUP;EFG;Action;Euronext Paris;EUR;FR;OUI;;Euronext;2026-08-04
FR0010429068;AMUNDI ETF MSCI EM;LEM;ETF;Euronext Paris | ETF Plus;EUR;FR;OUI;-;Euronext;2026-08-04
FR0010436584;DNXCORP;ALDNX;Action;Euronext Growth Paris;EUR;FR;OUI;;Euronext;2026-08-04
FR0010446146;MULSTRRTIBITETFP;BERMIB;ETF;ETF Plus;EUR;FR;OUI;-;Euronext;2026-08-04
FR0010446658;MULSTRVMIBIMETFP;LEVMIB;ETF;ETF Plus;EUR;FR;OUI;-;Euronext;2026-08-04
FR0010446666;MULSTRRMIBIMETFP;XBRMIB;ETF;ETF Plus;EUR;FR;OUI;-;Euronext;2026-08-04
FR0010447086;CHEOPS TECHNOLOGY;MLCHE;Action;Euronext Access Paris;EUR;FR;OUI;;Euronext;2026-08-04
FR0010451203;REXEL;2RXL;Action;Trading After Hours | Euronext Paris;EUR;FR;OUI;;Euronext;2026-08-04
FR0010461053;CRCAM LANGUED CCI;CRLA;Action;Euronext Paris;EUR;FR;OUI;;Euronext;2026-08-04
FR0010465534;EO2;ALEO2;Action;Euronext Growth Paris;EUR;FR;OUI;;Euronext;2026-08-04
FR0010468983;AMUNDI ETF SX50 DL;LVE;ETF;Euronext Paris | ETF Plus;EUR;FR;OUI;-;Euronext;2026-08-04
FR0010481960;ARGAN;ARG;Action;Euronext Paris;EUR;FR;OUI;;Euronext;2026-08-04
FR0010483768;CRCAM BRIE PIC2CCI;CRBP2;Action;Euronext Paris;EUR;FR;OUI;;Euronext;2026-08-04
FR0010485268;FOUNTAINE PAJOT;ALFPC;Action;Euronext Growth Paris;EUR;FR;OUI;;Euronext;2026-08-04
FR0010487272;FINAXO;MLFXO;Action;Euronext Access Paris;EUR;FR;OUI;;Euronext;2026-08-04
FR0010490920;EUROPACORP;ALECP;Action;Euronext Growth Paris;EUR;FR;OUI;;Euronext;2026-08-04
FR0010500363;MIGUET ET ASSOCIES;MLNMA;Action;Euronext Access Paris;EUR;FR;OUI;;Euronext;2026-08-04
FR0010510800;AMUNDI EUR CASH;CSH;ETF;Euronext Paris | ETF Plus;EUR;FR;OUI;-;Euronext;2026-08-04
FR0010523167;ROCTOOL;ALROC;Action;Euronext Growth Paris;EUR;FR;OUI;;Euronext;2026-08-04
FR0010524777;AMUNDI NEW ENER;NRJ;ETF;Euronext Paris | ETF Plus;EUR;FR;OUI;ESG ETF art. 8;Euronext;2026-08-04
FR0010527275;AMUNDI ETF W WATER;WAT;ETF;Euronext Paris | ETF Plus;EUR;FR;OUI;ESG ETF art. 8;Euronext;2026-08-04
FR0010528059;STREAMWIDE;ALSTW;Action;Euronext Growth Paris;EUR;FR;OUI;;Euronext;2026-08-04
FR0010533075;GETLINK SE;2GET;Action;Trading After Hours | Euronext Paris;EUR;FR;OUI;;Euronext;2026-08-04
FR0010536185;EAVS;MLEAV;Action;Euronext Access Paris;EUR;FR;OUI;;Euronext;2026-08-04
FR0010557264;AB SCIENCE;AB;Action;Euronext Paris;EUR;FR;OUI;;Euronext;2026-08-04
FR0010588079;FREY;FREY;Action;Euronext Paris;EUR;FR;OUI;;Euronext;2026-08-04
FR0010591362;AMUNDI ETF SHT CAC;SHC;ETF;Euronext Paris;EUR;FR;OUI;-;Euronext;2026-08-04
FR0010592014;AMUNDI ETF LEV CAC;LVC;ETF;Euronext Paris;EUR;FR;OUI;-;Euronext;2026-08-04
FR0010609206;OREGE;OREGE;Action;Euronext Paris;EUR;FR;OUI;;Euronext;2026-08-04
FR0010609263;MAUNA KEA TECH;ALMKT;Action;Euronext Growth Paris;EUR;FR;OUI;;Euronext;2026-08-04
FR0010641449;AGROGENERATION;ALAGR;Action;Euronext Growth Paris;EUR;FR;OUI;;Euronext;2026-08-04
FR0010649228;SMALTO BSA;SMLBS;Action;Euronext Access Paris;EUR;FR;OUI;;Euronext;2026-08-04
FR0010654087;TXCOM;ALTXC;Action;Euronext Growth Paris;EUR;FR;OUI;;Euronext;2026-08-04
FR0010655704;AMUNDI ETF CAC FRA;CF1;ETF;Euronext Paris;EUR;FR;OUI;-;Euronext;2026-08-04
FR0010655712;AMUETFDAXETFP;CG1;ETF;ETF Plus | Euronext Paris;EUR;FR;OUI;-;Euronext;2026-08-04
FR0010655746;AMUNDI ETF MS SPA;CS1;ETF;Euronext Paris;EUR;FR;OUI;-;Euronext;2026-08-04
FR0010667147;COFACE;2COFA;Action;Trading After Hours | Euronext Paris;EUR;FR;OUI;;Euronext;2026-08-04
FR0010688465;WEACCESS GROUP;MLWEA;Action;Euronext Access Paris;EUR;FR;OUI;;Euronext;2026-08-04
FR0010717090;AMUNDI ETF EMU HDV;CD8;ETF;Euronext Paris;EUR;FR;OUI;-;Euronext;2026-08-04
FR0010722819;KALRAY;ALKAL;Action;Euronext Growth Paris;EUR;FR;OUI;;Euronext;2026-08-04
FR0010754200;AMUETFC3MIMETFP;C3M;ETF;ETF Plus | Euronext Paris;EUR;FR;OUI;-;Euronext;2026-08-04
FR0010755611;AMUNDI ETF LEV USA;CL2;ETF;Euronext Paris | ETF Plus;EUR;FR;OUI;-;Euronext;2026-08-04
FR0010756114;AMUETFCM9IMETFP;CM9;ETF;ETF Plus | Euronext Paris;EUR;FR;OUI;-;Euronext;2026-08-04
FR0010766667;VENTE UNIQUE.COM;ALVU;Action;Euronext Growth Paris;EUR;FR;OUI;;Euronext;2026-08-04
FR0010768770;WEYA;MLWEY;Action;Euronext Access Paris;EUR;FR;OUI;;Euronext;2026-08-04
FR0010776617;SAPMER;ALMER;Action;Euronext Growth Paris;EUR;FR;OUI;;Euronext;2026-08-04
FR0010785790;PLANT ADVANCED;ALPAT;Action;Euronext Growth Paris;EUR;FR;OUI;;Euronext;2026-08-04
FR0010790980;AMUNDI ETF STOXX50;C5E;ETF;Euronext Paris;EUR;FR;OUI;-;Euronext;2026-08-04
FR0010820274;UNIFY GROUP;ALUNI;Action;Euronext Growth Paris;EUR;FR;OUI;;Euronext;2026-08-04
FR0010821819;AMUNDI ETF EU X EM;CU9;ETF;Euronext Paris;EUR;FR;OUI;-;Euronext;2026-08-04
FR0010823724;FRANCE TOURISME;MLFTI;Action;Euronext Access Paris;EUR;FR;OUI;;Euronext;2026-08-04
FR0010827741;MAGILLEM;MLMGL;Action;Euronext Access Paris;EUR;FR;OUI;;Euronext;2026-08-04
FR0010828137;CARMILA;CARM;Action;Euronext Paris | Trading After Hours;EUR;FR;OUI;;Euronext;2026-08-04
FR0010844001;EURASIA GROUPE;ALEUA;Action;Euronext Growth Paris;EUR;FR;OUI;;Euronext;2026-08-04
FR0010869495;AMUNDI ETF DAX DS2;DSD;ETF;Euronext Paris | ETF Plus;EUR;FR;OUI;-;Euronext;2026-08-04
FR0010869578;AMUNDI BUND DDS;DSB;ETF;Euronext Paris | ETF Plus;EUR;FR;OUI;-;Euronext;2026-08-04
FR0010882886;EDUFORM ACTION;ALEFA;Action;Euronext Growth Paris;EUR;FR;OUI;;Euronext;2026-08-04
FR0010889386;QWAMPLIFY;ALQWA;Action;Euronext Growth Paris;EUR;FR;OUI;;Euronext;2026-08-04
FR0010908533;EDENRED;2EDEN;Action;Trading After Hours | Euronext Paris;EUR;FR;OUI;;Euronext;2026-08-04
FR0010908723;INTEGRAGEN;ALINT;Action;Euronext Growth Paris;EUR;FR;OUI;;Euronext;2026-08-04
FR0010929125;ID LOGISTICS GROUP;IDL;Action;Euronext Paris;EUR;FR;OUI;;Euronext;2026-08-04
FR0010930644;AMUNDI ETF MS E EN;ANRJ;ETF;Euronext Paris;EUR;FR;OUI;ESG ETF art. 8;Euronext;2026-08-04
FR0010959684;COLIPAYS;MLCLP;Action;Euronext Access Paris;EUR;FR;OUI;;Euronext;2026-08-04
FR0010972091;SCEMI;MLCMI;Action;Euronext Access Paris;EUR;FR;OUI;;Euronext;2026-08-04
FR0010979377;ACTIVIUM GROUP;MLACT;Action;Euronext Access Paris;EUR;FR;OUI;;Euronext;2026-08-04
FR0011005933;BIOSYNEX;ALBIO;Action;Euronext Growth Paris;EUR;FR;OUI;;Euronext;2026-08-04
FR0011023621;MULSTRTP2SIMETFP;BTP2S;ETF;ETF Plus | Euronext Paris;EUR;FR;OUI;-;Euronext;2026-08-04
FR0011027135;PATRIMOINE ET COMM;PAT;Action;Euronext Paris;EUR;FR;OUI;;Euronext;2026-08-04
FR0011033083;MOULINVEST;ALMOU;Action;Euronext Growth Paris;EUR;FR;OUI;;Euronext;2026-08-04
FR0011038348;KLARSEN;ALKLA;Action;Euronext Growth Paris;EUR;FR;OUI;;Euronext;2026-08-04
FR0011040500;74SOFTWARE;74SW;Action;Euronext Paris;EUR;FR;OUI;;Euronext;2026-08-04
FR0011041011;BLUELINEA;ALBLU;Action;Euronext Growth Paris;EUR;FR;OUI;;Euronext;2026-08-04
FR0011049824;MEDIANTECHNOLOGIES;ALMDT;Action;Euronext Growth Paris;EUR;FR;OUI;;Euronext;2026-08-04
FR0011051598;AMOEBA;ALMIB;Action;Euronext Growth Paris;EUR;FR;OUI;;Euronext;2026-08-04
FR0011053636;CAPITAL B;ALCPB;Action;Euronext Growth Paris;EUR;FR;OUI;;Euronext;2026-08-04
FR0011071570;COGRA;ALCOG;Action;Euronext Growth Paris;EUR;FR;OUI;;Euronext;2026-08-04
FR0011076595;TELEVISTA;MLVST;Action;Euronext Access Paris;EUR;FR;OUI;;Euronext;2026-08-04
FR0011092089;MAISON CLIO BLUE;MLCLI;Action;Euronext Access Paris;EUR;FR;OUI;;Euronext;2026-08-04
FR0011100759;GALEO;MLGAL;Action;Euronext Access Paris;EUR;FR;OUI;;Euronext;2026-08-04
FR0011131788;SMALTO;MLSML;Action;Euronext Access Paris;EUR;FR;OUI;;Euronext;2026-08-04
FR0011158823;INFOCLIP;MLIFC;Action;Euronext Access Paris;EUR;FR;OUI;;Euronext;2026-08-04
FR0011179886;INTRASENSE;ALINS;Action;Euronext Growth Paris;EUR;FR;OUI;;Euronext;2026-08-04
FR0011184241;ADOCIA;ADOC;Action;Euronext Paris;EUR;FR;OUI;;Euronext;2026-08-04
FR0011208693;GOLD BY GOLD;ALGLD;Action;Euronext Growth Paris;EUR;FR;OUI;;Euronext;2026-08-04
FR0011217710;METHANOR;ALMET;Action;Euronext Growth Paris;EUR;FR;OUI;;Euronext;2026-08-04
FR0011271600;FERMENTALG;ALGAE;Action;Euronext Growth Paris;EUR;FR;OUI;;Euronext;2026-08-04
FR0011341205;NANOBIOTIX;NANO;Action;Euronext Paris;EUR;FR;OUI;;Euronext;2026-08-04
FR0011365907;BOA CONCEPT;ALBOA;Action;Euronext Growth Paris;EUR;FR;OUI;;Euronext;2026-08-04
FR0011440478;AMUNDI MSCI EM PEA;PLEM;ETF;Euronext Paris;EUR;FR;OUI;ESG ETF art. 8;Euronext;2026-08-04
FR0011464452;SPINEGUARD;ALSGD;Action;Euronext Growth Paris;EUR;FR;OUI;;Euronext;2026-08-04
FR0011466069;EKINOPS;EKI;Action;Euronext Paris;EUR;FR;OUI;;Euronext;2026-08-04
FR0011475078;AMUNDI TOPIX DH;JPNH;ETF;Euronext Paris | ETF Plus;EUR;FR;OUI;-;Euronext;2026-08-04
FR0011476928;FNAC DARTY;2FNAC;Action;Trading After Hours | Euronext Paris;EUR;FR;OUI;;Euronext;2026-08-04
FR0011490648;ECOSLOPS;ALESA;Action;Euronext Growth Paris;EUR;FR;OUI;;Euronext;2026-08-04
FR0011532225;VOGO;ALVGO;Action;Euronext Growth Paris;EUR;FR;OUI;;Euronext;2026-08-04
FR0011550177;BNPP SP500 USD C;ESD;ETF;Euronext Paris - Multi-currency Trading;USD;FR;OUI;-;Euronext;2026-08-04
FR0011550185;BNPETFSP500TETFP;ESEE;ETF;ETF Plus | Euronext Paris;EUR;FR;OUI;-;Euronext;2026-08-04
FR0011550193;BNPP Stoxx 600C;ETZ;ETF;Euronext Paris;EUR;FR;OUI;-;Euronext;2026-08-04
FR0011550672;BNPP Stoxx 600CD;ETZD;ETF;Euronext Paris;EUR;FR;OUI;-;Euronext;2026-08-04
FR0011550680;BNPP SP500 USD CD;ESDD;ETF;Euronext Paris - Multi-currency Trading;USD;FR;OUI;-;Euronext;2026-08-04
FR0011605617;FONCIERE VINDI;MLVIN;Action;Euronext Access Paris;EUR;FR;OUI;;Euronext;2026-08-04
FR0011636083;NEOLIFE;ALNLF;Action;Euronext Growth Paris;EUR;FR;OUI;;Euronext;2026-08-04
FR0011648716;CARBIOS;ALCRB;Action;Euronext Growth Paris;EUR;FR;OUI;;Euronext;2026-08-04
FR0011648971;QUANTUM GENOMICS;ALQGC;Action;Euronext Growth Paris;EUR;FR;OUI;;Euronext;2026-08-04
FR0011660927;AMUNDI MSCI WDH;WLDH;ETF;Euronext Paris | ETF Plus;EUR;FR;OUI;-;Euronext;2026-08-04
FR0011665280;FIGEAC AERO;FGA;Action;Euronext Paris;EUR;FR;OUI;;Euronext;2026-08-04
FR0011716265;CROSSJECT;ALCJ;Action;Euronext Growth Paris;EUR;FR;OUI;;Euronext;2026-08-04
FR0011720911;MULETFCNAAIMETFP;CNAA;ETF;ETF Plus | Euronext Paris;EUR;FR;OUI;-;Euronext;2026-08-04
FR0011726835;GTT;2GTT;Action;Trading After Hours | Euronext Paris;EUR;FR;OUI;;Euronext;2026-08-04
FR0011758085;MULETFAMIDIMETFP;ITAMID;ETF;ETF Plus;EUR;FR;OUI;-;Euronext;2026-08-04
FR0011776889;UMALIS GROUP;MLUMG;Action;Euronext Access Paris;EUR;FR;OUI;;Euronext;2026-08-04
FR0011844067;PLANT ADVANCED BS;PATBS;Action;Euronext Growth Paris;EUR;FR;OUI;;Euronext;2026-08-04
FR0011857234;MULETFMDAXNRXPAR;MDX;ETF;Euronext Paris;EUR;FR;OUI;-;Euronext;2026-08-04
FR0011858190;REALITES;ALREA;Action;Euronext Growth Paris;EUR;FR;OUI;;Euronext;2026-08-04
FR0011869270;AMUNDI DJIA PEA;PDJE;ETF;Euronext Paris;EUR;FR;OUI;ESG ETF art. 8;Euronext;2026-08-04
FR0011869304;AM IMMO EUR PEA;PMEH;ETF;Euronext Paris;EUR;FR;OUI;-;Euronext;2026-08-04
FR0011869312;AM ASIP EXJ PEA;PAEJ;ETF;Euronext Paris;EUR;FR;OUI;-;Euronext;2026-08-04
FR0011869320;AMUNDI INDIA PEA;PINR;ETF;Euronext Paris;EUR;FR;OUI;-;Euronext;2026-08-04
FR0011871078;AMUNDI Chine PEA;PASI;ETF;Euronext Paris;EUR;FR;OUI;ESG ETF art. 8;Euronext;2026-08-04
FR0011871110;AM NSDQ 100 PEA;PUST;ETF;Euronext Paris;EUR;FR;OUI;-;Euronext;2026-08-04
FR0011871128;AMUNDI SP500 PEA;PSP5;ETF;Euronext Paris;EUR;FR;OUI;-;Euronext;2026-08-04
FR0011871136;AM PEA SP5H EUR;PSPH;ETF;Euronext Paris;EUR;FR;OUI;-;Euronext;2026-08-04
FR0011882364;AMUNDI W WATER PEA;AWAT;ETF;Euronext Paris;EUR;FR;OUI;-;Euronext;2026-08-04
FR0011898584;UV GERMI;ALUVI;Action;Euronext Growth Paris;EUR;FR;OUI;;Euronext;2026-08-04
FR0011908045;AG3I;MLAGI;Action;Euronext Access Paris;EUR;FR;OUI;;Euronext;2026-08-04
FR0011950682;SERGEFERRARI GROUP;ALFER;Action;Euronext Growth Paris;EUR;FR;OUI;;Euronext;2026-08-04
FR0011950732;ELIOR GROUP;ELIOR;Action;Euronext Paris | Trading After Hours;EUR;FR;OUI;;Euronext;2026-08-04
FR0011992700;ATEME;ATEME;Action;Euronext Paris;EUR;FR;OUI;;Euronext;2026-08-04
FR0011995588;VOLTALIA;2VLTSA;Action;Trading After Hours | Euronext Paris;EUR;FR;OUI;;Euronext;2026-08-04
FR0012127173;OSE IMMUNO;OSE;Action;Euronext Paris;EUR;FR;OUI;;Euronext;2026-08-04
FR0012185536;ARTEA;ARTE;Action;Euronext Paris;EUR;FR;OUI;;Euronext;2026-08-04
FR0012202497;DIAGNOSTIC MEDICAL;ALDMS;Action;Euronext Growth Paris;EUR;FR;OUI;;Euronext;2026-08-04
FR0012300424;FD;MLFDV;Action;Euronext Access Paris;EUR;FR;OUI;;Euronext;2026-08-04
FR0012333284;ABIVAX;ABVX;Action;Euronext Paris;EUR;FR;OUI;;Euronext;2026-08-04
FR0012336691;HOME CONCEPT;MLHCF;Action;Euronext Access Paris;EUR;FR;OUI;;Euronext;2026-08-04
FR0012419307;PULLUP ENTERTAIN;ALPUL;Action;Euronext Growth Paris;EUR;FR;OUI;;Euronext;2026-08-04
FR0012432516;POXEL;POXEL;Action;Euronext Paris;EUR;FR;OUI;;Euronext;2026-08-04
FR0012435121;ELIS;ELIS;Action;Euronext Paris | Trading After Hours;EUR;FR;OUI;;Euronext;2026-08-04
FR0012532810;WAGA ENERGY;WAGA;Action;Euronext Paris;EUR;FR;OUI;;Euronext;2026-08-04
FR0012596468;SENSORION;ALSEN;Action;Euronext Growth Paris;EUR;FR;OUI;;Euronext;2026-08-04
FR0012612646;GROUPE PARTOUCHE;PARP;Action;Euronext Paris;EUR;FR;OUI;;Euronext;2026-08-04
FR0012613610;PRODWAYS GROUP;ALPWG;Action;Euronext Growth Paris;EUR;FR;OUI;;Euronext;2026-08-04
FR0012616852;ABIONYX PHARMA;ABNX;Action;Euronext Paris;EUR;FR;OUI;;Euronext;2026-08-04
FR0012634822;MAAT PHARMA;MAAT;Action;Euronext Paris;EUR;FR;OUI;;Euronext;2026-08-04
FR0012709160;UNITI;ALUNT;Action;Euronext Growth Paris;EUR;FR;OUI;;Euronext;2026-08-04
FR0012739431;BNPP EUROSTOXX50 C;ETDD;ETF;Euronext Paris;EUR;FR;OUI;-;Euronext;2026-08-04
FR0012740983;BNPP EURSTOX50 C/D;ETBB;ETF;Euronext Paris;EUR;FR;OUI;-;Euronext;2026-08-04
FR0012757854;SPIE;SPIE;Action;Euronext Paris | Trading After Hours;EUR;FR;OUI;;Euronext;2026-08-04
FR0012819381;GROUPE GUILLIN;ALGIL;Action;Euronext Growth Paris;EUR;FR;OUI;;Euronext;2026-08-04
FR0012821890;ADUX;ALDUX;Action;Euronext Growth Paris;EUR;FR;OUI;;Euronext;2026-08-04
FR0012821916;HIPAY GROUP;ALHYP;Action;Euronext Growth Paris;EUR;FR;OUI;;Euronext;2026-08-04
FR0012872141;JACQUES BOGART;JBOG;Action;Euronext Paris;EUR;FR;OUI;;Euronext;2026-08-04
FR0012882389;EQUASENS;EQS;Action;Euronext Paris;EUR;FR;OUI;;Euronext;2026-08-04
FR0012968485;ASHLER ET MANSON;MLAEM;Action;Euronext Access Paris;EUR;FR;OUI;;Euronext;2026-08-04
FR0013006558;SHOWROOMPRIVE;SRP;Action;Euronext Paris;EUR;FR;OUI;;Euronext;2026-08-04
FR0013018124;NICOX;ALCOX;Action;Euronext Growth Paris;EUR;FR;OUI;;Euronext;2026-08-04
FR0013030152;FRANCAISE ENERGIE;FDE;Action;Euronext Paris;EUR;FR;OUI;;Euronext;2026-08-04
FR0013041530;BNPETFSP500TETFP;ESEH;ETF;ETF Plus | Euronext Paris;EUR;FR;OUI;-;Euronext;2026-08-04
FR0013053535;MILIBOO;ALMLB;Action;Euronext Growth Paris;EUR;FR;OUI;;Euronext;2026-08-04
FR0013060100;IMMERSION;ALIMR;Action;Euronext Growth Paris;EUR;FR;OUI;;Euronext;2026-08-04
FR0013079092;WE.CONNECT;ALWEC;Action;Euronext Growth Paris;EUR;FR;OUI;;Euronext;2026-08-04
FR0013143872;WITBE;ALWIT;Action;Euronext Growth Paris;EUR;FR;OUI;;Euronext;2026-08-04
FR0013153541;MAISONS DU MONDE;MDM;Action;Euronext Paris;EUR;FR;OUI;;Euronext;2026-08-04
FR0013154002;SARTORIUS STED BIO;DIM;Action;Euronext Paris | Trading After Hours | EuroTLX;EUR;FR;OUI;;Euronext;2026-08-04
FR0013155975;SAVONNERIE NYONS;MLSDN;Action;Euronext Access Paris;EUR;FR;OUI;;Euronext;2026-08-04
FR0013156007;KERLINK;ALKLK;Action;Euronext Growth Paris;EUR;FR;OUI;;Euronext;2026-08-04
FR0013176526;VALEO;2FR;Action;Trading After Hours | EuroTLX | Euronext Paris;EUR;FR;OUI;;Euronext;2026-08-04
FR0013183985;GENSIGHT BIOLOGICS;SIGHT;Action;Euronext Paris;EUR;FR;OUI;;Euronext;2026-08-04
FR0013185857;ABEO;ABEO;Action;Euronext Paris;EUR;FR;OUI;;Euronext;2026-08-04
FR0013209921;MULETFWLDXIMETFP;WLDX;ETF;ETF Plus;EUR;FR;OUI;ESG ETF art. 8;Euronext;2026-08-04
FR0013214145;SMCP;SMCP;Action;Euronext Paris;EUR;FR;OUI;;Euronext;2026-08-04
FR0013227113;SOITEC;2SOI;Action;Trading After Hours | Euronext Paris;EUR;FR;OUI;;Euronext;2026-08-04
FR0013230067;FNPTECHNOLOGIESSA;MLFNP;Action;Euronext Access Paris;EUR;FR;OUI;;Euronext;2026-08-04
FR0013230612;TIKEHAU CAPITAL;TKO;Action;Euronext Paris;EUR;FR;OUI;;Euronext;2026-08-04
FR0013230950;LIGHTON;ALTAI;Action;Euronext Growth Paris;EUR;FR;OUI;;Euronext;2026-08-04
FR0013233012;INVENTIVA;IVA;Action;Euronext Paris;EUR;FR;OUI;;Euronext;2026-08-04
FR0013240934;EUROBIO-SCIENTIFIC;ALERS;Action;Euronext Growth Paris;EUR;FR;OUI;;Euronext;2026-08-04
FR0013252186;PLAST. VAL LOIRE;ALPVL;Action;Euronext Growth Paris;EUR;FR;OUI;;Euronext;2026-08-04
FR0013253812;ALVEEN;MLALV;Action;Euronext Access Paris;EUR;FR;OUI;;Euronext;2026-08-04
FR0013254851;VALBIOTIS;ALVAL;Action;Euronext Growth Paris;EUR;FR;OUI;;Euronext;2026-08-04
FR0013256518;EUROFINS CEREP;ALECR;Action;Euronext Growth Paris;EUR;FR;OUI;;Euronext;2026-08-04
FR0013257409;COFIDUR;ALCOF;Action;Euronext Growth Paris;EUR;FR;OUI;;Euronext;2026-08-04
FR0013258662;AYVENS;AYV;Action;Euronext Paris | Trading After Hours;EUR;FR;OUI;;Euronext;2026-08-04
FR0013266772;ONE EXPERIENCE;ALEXP;Action;Euronext Growth Paris;EUR;FR;OUI;;Euronext;2026-08-04
FR0013269123;RUBIS;2RUI;Action;Trading After Hours | Euronext Paris;EUR;FR;OUI;;Euronext;2026-08-04
FR0013280286;BIOMERIEUX;2BIM;Action;Trading After Hours | Euronext Paris;EUR;FR;OUI;;Euronext;2026-08-04
FR0013283108;DELTA PLUS GROUP;ALDLT;Action;Euronext Growth Paris;EUR;FR;OUI;;Euronext;2026-08-04
FR0013284627;ADEUNIS;ALARF;Action;Euronext Growth Paris;EUR;FR;OUI;;Euronext;2026-08-04
FR0013286259;THX PHARMA;ALTHX;Action;Euronext Growth Paris;EUR;FR;OUI;;Euronext;2026-08-04
FR0013295789;TFF GROUP;TFF;Action;Euronext Paris;EUR;FR;OUI;;Euronext;2026-08-04
FR0013296746;ADVICENNE;ALDVI;Action;Euronext Growth Paris;EUR;FR;OUI;;Euronext;2026-08-04
FR0013308582;LARGO;ALLGO;Action;Euronext Growth Paris;EUR;FR;OUI;;Euronext;2026-08-04
FR0013310281;OCTOPUS BIOSAFETY;MLOCT;Action;Euronext Access Paris;EUR;FR;OUI;;Euronext;2026-08-04
FR0013318052;ORDISSIMO;ALORD;Action;Euronext Growth Paris;EUR;FR;OUI;;Euronext;2026-08-04
FR0013326246;UNIBAIL-RODAMCO-WE;URW;Action;Euronext Paris | Trading After Hours | EuroTLX;EUR;FR;OUI;;Euronext;2026-08-04
FR0013330792;ENENSYS;ALNN6;Action;Euronext Growth Paris;EUR;FR;OUI;;Euronext;2026-08-04
FR0013331212;DONTNOD;ALDNE;Action;Euronext Growth Paris;EUR;FR;OUI;;Euronext;2026-08-04
FR0013333077;CARVOLIX;CVX;Action;Euronext Paris;EUR;FR;OUI;;Euronext;2026-08-04
FR0013333432;THERMADOR GROUPE;THEP;Action;Euronext Paris;EUR;FR;OUI;;Euronext;2026-08-04
FR0013340973;BLUE SHARK POWER;MLBSP;Action;Euronext Access Paris;EUR;FR;OUI;;Euronext;2026-08-04
FR0013341781;2CRSI;AL2SI;Action;Euronext Growth Paris;EUR;FR;OUI;;Euronext;2026-08-04
FR0013344173;ROCHE BOBOIS;RBO;Action;Euronext Paris;EUR;FR;OUI;;Euronext;2026-08-04
FR0013345493;BIO-UV GROUP;ALTUV;Action;Euronext Growth Paris;EUR;FR;OUI;;Euronext;2026-08-04
FR0013346681;AMUNDI PEA OBLI;OBLI;ETF;Euronext Paris;EUR;FR;OUI;-;Euronext;2026-08-04
FR0013356755;EMOVA GROUP;ALEMV;Action;Euronext Growth Paris;EUR;FR;OUI;;Euronext;2026-08-04
FR0013357621;WAVESTONE;WAVE;Action;Euronext Paris;EUR;FR;OUI;;Euronext;2026-08-04
FR0013371507;PYRATZ CORP.;MLPTZ;Action;Euronext Access Paris;EUR;FR;OUI;;Euronext;2026-08-04
FR0013374667;KKO INTERNATIONAL;ALKKO;Action;Euronext Growth Paris;EUR;FR;OUI;;Euronext;2026-08-04
FR0013379484;SOLUTIONS 30 SE;2S30;Action;Trading After Hours | Euronext Paris;EUR;FR;OUI;;Euronext;2026-08-04
FR0013380607;AMUNDI CAC40 ACC;CACC;ETF;Euronext Paris;EUR;FR;OUI;-;Euronext;2026-08-04
FR0013384369;BAIKOWSKI;ALBKK;Action;Euronext Growth Paris;EUR;FR;OUI;;Euronext;2026-08-04
FR0013398997;ARCURE;ALCUR;Action;Euronext Growth Paris;EUR;FR;OUI;;Euronext;2026-08-04
FR0013399359;ENERGISME;ALNRG;Action;Euronext Growth Paris;EUR;FR;OUI;;Euronext;2026-08-04
FR0013400835;MARE NOSTRUM;ALMAR;Action;Euronext Growth Paris;EUR;FR;OUI;;Euronext;2026-08-04
FR0013406881;CMG CLEANTECH;MLCMG;Action;Euronext Access Paris;EUR;FR;OUI;;Euronext;2026-08-04
FR0013411980;AMUNDI PEA TOPIX;PTPXE;ETF;Euronext Paris;EUR;FR;OUI;-;Euronext;2026-08-04
FR0013411998;AMUNDI PEA TOPIX H;PTPXH;ETF;Euronext Paris;EUR;FR;OUI;-;Euronext;2026-08-04
FR0013412004;AMUNDI PEA EM ALAT;PALAT;ETF;Euronext Paris;EUR;FR;OUI;ESG ETF art. 8;Euronext;2026-08-04
FR0013412012;AMUNDI PEA EM ASIA;PAASI;ETF;Euronext Paris;EUR;FR;OUI;ESG ETF art. 8;Euronext;2026-08-04
FR0013412020;AMUNDI PEA MSCI EM;PAEEM;ETF;Euronext Paris;EUR;FR;OUI;ESG ETF art. 8;Euronext;2026-08-04
FR0013412038;AMUNDI PEA EUROPE;PCEU;ETF;Euronext Paris;EUR;FR;OUI;-;Euronext;2026-08-04
FR0013412269;AMUNDI PEA NASDAQ;PANX;ETF;Euronext Paris;EUR;FR;OUI;ESG ETF art. 8;Euronext;2026-08-04
FR0013412285;AMUNDI PEA SP500;PE500;ETF;Euronext Paris;EUR;FR;OUI;ESG ETF art. 8;Euronext;2026-08-04
FR0013412293;AMUNDI PEA SP500 H;P500H;ETF;Euronext Paris;EUR;FR;OUI;ESG ETF art. 8;Euronext;2026-08-04
FR0013416716;AMUETCOROETFP;GOLD;ETF;ETF Plus | Euronext Amsterdam - Multi-currency Trading | Euronext Paris;EUR;FR;OUI;-;Euronext;2026-08-04
FR0013419876;KUMULUS VAPE;ALVAP;Action;Euronext Growth Paris;EUR;FR;OUI;;Euronext;2026-08-04
FR0013426004;CLARANOVA;ALCLA;Action;Euronext Growth Paris;EUR;FR;OUI;;Euronext;2026-08-04
FR0013429404;GROUPE TERA;ALGTR;Action;Euronext Growth Paris;EUR;FR;OUI;;Euronext;2026-08-04
FR0013439627;GROUPE OKWIND;ALOKW;Action;Euronext Growth Paris;EUR;FR;OUI;;Euronext;2026-08-04
FR0013447729;VERALLIA;2VRLA;Action;Trading After Hours | Euronext Paris;EUR;FR;OUI;;Euronext;2026-08-04
FR0013451044;HOFFMANN;ALHGR;Action;Euronext Growth Paris;EUR;FR;OUI;;Euronext;2026-08-04
FR0013451333;FDJ UNITED;FDJU;Action;Euronext Paris | Trading After Hours;EUR;FR;OUI;;Euronext;2026-08-04
FR0013452281;AGRIPOWER;ALAGP;Action;Euronext Growth Paris;EUR;FR;OUI;;Euronext;2026-08-04
FR0013455482;ATLAND;ATLD;Action;Euronext Paris;EUR;FR;OUI;;Euronext;2026-08-04
FR0013462231;MUNIC;ALMUN;Action;Euronext Growth Paris;EUR;FR;OUI;;Euronext;2026-08-04
FR0013470168;IMPLANET;ALIMP;Action;Euronext Growth Paris;EUR;FR;OUI;;Euronext;2026-08-04
FR0013472446;MASTRAD BS29;MASBS;Action;Euronext Growth Paris;EUR;FR;OUI;;Euronext;2026-08-04
FR0013479730;PAULIC MEUNERIE;ALPAU;Action;Euronext Growth Paris;EUR;FR;OUI;;Euronext;2026-08-04
FR0013481835;KLEA HOLDING;ALKLH;Action;Euronext Growth Paris;EUR;FR;OUI;;Euronext;2026-08-04
FR0013482791;NACON;NACON;Action;Euronext Paris;EUR;FR;OUI;;Euronext;2026-08-04
FR0013505062;VANTIVA;VANTI;Action;Euronext Paris;EUR;FR;OUI;;Euronext;2026-08-04
FR0013506730;VALLOUREC;2VK;Action;Trading After Hours | Euronext Paris;EUR;FR;OUI;;Euronext;2026-08-04
FR0013507985;CALIBRE BSA K2A;IBRKA;Action;Euronext Growth Paris;EUR;FR;OUI;;Euronext;2026-08-04
FR0013508009;CALIBRE BSA K2B;IBRKB;Action;Euronext Growth Paris;EUR;FR;OUI;;Euronext;2026-08-04
FR0013534617;ECOMIAM;ALECO;Action;Euronext Growth Paris;EUR;FR;OUI;;Euronext;2026-08-04
FR00140007I9;CONSTRUCTEURS BOIS;MLLCB;Action;Euronext Access Paris;EUR;FR;OUI;;Euronext;2026-08-04
FR0014000MR3;EUROFINS SCIENT;4ERF;Action;EuroTLX | Euronext Paris | Trading After Hours;EUR;FR;OUI;;Euronext;2026-08-04
FR0014000P11;WINFARM;ALWF;Action;Euronext Growth Paris;EUR;FR;OUI;;Euronext;2026-08-04
FR0014000RP6;GROUPIMO;ALIMO;Action;Euronext Growth Paris;EUR;FR;OUI;;Euronext;2026-08-04
FR0014001PM5;HYDROGEN REFUELING;ALHRS;Action;Euronext Growth Paris;EUR;FR;OUI;;Euronext;2026-08-04
FR0014001PV6;NR21;NR21;Action;Euronext Paris;EUR;FR;OUI;;Euronext;2026-08-04
FR0014002CG3;Amundi MSCI Energy;NRJC;ETF;Euronext Paris | ETF Plus;EUR;FR;OUI;ESG ETF art. 8;Euronext;2026-08-04
FR0014002CH1;Amundi MSCI Water;WATC;ETF;Euronext Paris | ETF Plus;EUR;FR;OUI;ESG ETF art. 8;Euronext;2026-08-04
FR0014002H76;MULETFMIBNTRETFP;MIBA;ETF;ETF Plus;EUR;FR;OUI;-;Euronext;2026-08-04
FR0014002IH8;BITCOIN ETF EUR;BTC;ETF;Euronext Paris | Euronext Amsterdam | ETF Plus;EUR;FR;OUI;-;Euronext;2026-08-04
FR0014003711;OBIZ;ALBIZ;Action;Euronext Growth Paris;EUR;FR;OUI;;Euronext;2026-08-04
FR0014003AC4;ARVERNE WARRANT;ARVBS;Action;Euronext Paris;EUR;FR;OUI;;Euronext;2026-08-04
FR0014003AQ4;EXPLOSIFS PROD.CHI;EXPL;Action;Euronext Paris;EUR;FR;OUI;;Euronext;2026-08-04
FR0014003FN0;INTEGRITAS VIAGER;MLVIE;Action;Euronext Access Paris;EUR;FR;OUI;;Euronext;2026-08-04
FR0014003IY1;Amundi MSCI W II;WLDC;ETF;Euronext Paris | ETF Plus;EUR;FR;OUI;-;Euronext;2026-08-04
FR0014003J32;NAMR;ALNMR;Action;Euronext Growth Paris;EUR;FR;OUI;;Euronext;2026-08-04
FR0014003N93;MULTI MSCI WdHEUR;WLDHC;ETF;Euronext Paris;EUR;FR;OUI;-;Euronext;2026-08-04
FR0014003T71;OMER-DECUGIS & CIE;ALODC;Action;Euronext Growth Paris;EUR;FR;OUI;;Euronext;2026-08-04
FR0014003TT8;DASSAULT SYSTEMES;DSY;Action;Euronext Paris | EuroTLX | Trading After Hours;EUR;FR;OUI;;Euronext;2026-08-04
FR0014003U94;ARAMIS GROUP;ARAMI;Action;Euronext Paris;EUR;FR;OUI;;Euronext;2026-08-04
FR0014003V77;AIRWELL;ALAIR;Action;Euronext Growth Paris;EUR;FR;OUI;;Euronext;2026-08-04
FR0014003VY4;HDF;HDF;Action;Euronext Paris;EUR;FR;OUI;;Euronext;2026-08-04
FR0014003XT0;NFL BIOSCIENCES;ALNFL;Action;Euronext Growth Paris;EUR;FR;OUI;;Euronext;2026-08-04
FR0014004339;E PANGO;ALAGO;Action;Euronext Growth Paris;EUR;FR;OUI;;Euronext;2026-08-04
FR0014004362;ENTECH;ALESE;Action;Euronext Growth Paris;EUR;FR;OUI;;Euronext;2026-08-04
FR00140043Y1;SPARTOO;ALSPT;Action;Euronext Growth Paris;EUR;FR;OUI;;Euronext;2026-08-04
FR00140048X2;IKONISYS;ALIKO;Action;Euronext Growth Paris;EUR;FR;OUI;;Euronext;2026-08-04
FR0014004974;ENOGIA;ALENO;Action;Euronext Growth Paris;EUR;FR;OUI;;Euronext;2026-08-04
FR0014004EC4;PRECIA;ALPM;Action;Euronext Growth Paris;EUR;FR;OUI;;Euronext;2026-08-04
FR0014004JF6;DEEZER WARRANTS;DEEZW;Action;Euronext Paris;EUR;FR;OUI;;Euronext;2026-08-04
FR0014004L86;DASSAULT AVIATION;2AM;Action;Trading After Hours | Euronext Paris;EUR;FR;OUI;;Euronext;2026-08-04
FR0014004QR6;CALIBRE;ALIBR;Action;Euronext Growth Paris;EUR;FR;OUI;;Euronext;2026-08-04
FR00140059B5;AUDACIA;ALAUD;Action;Euronext Growth Paris;EUR;FR;OUI;;Euronext;2026-08-04
FR0014005AC9;AFYREN;ALAFY;Action;Euronext Growth Paris;EUR;FR;OUI;;Euronext;2026-08-04
FR0014005AL0;ANTIN INFRA PARTN;2ANTIN;Action;Trading After Hours | Euronext Paris;EUR;FR;OUI;;Euronext;2026-08-04
FR0014005HJ9;OVH;2OVH;Action;Trading After Hours | Euronext Paris;EUR;FR;OUI;;Euronext;2026-08-04
FR0014005I80;SMAIO;ALSMA;Action;Euronext Growth Paris;EUR;FR;OUI;;Euronext;2026-08-04
FR0014005SB3;FORSEE POWER;ALFOR;Action;Euronext Growth Paris;EUR;FR;OUI;;Euronext;2026-08-04
FR0014005WE9;AGENCE AUTO;MLAA;Action;Euronext Access Paris;EUR;FR;OUI;;Euronext;2026-08-04
FR0014005ZM5;GROLLEAU;ALGRO;Action;Euronext Growth Paris;EUR;FR;OUI;;Euronext;2026-08-04
FR00140062B9;TOOSLA;ALTOO;Action;Euronext Growth Paris;EUR;FR;OUI;;Euronext;2026-08-04
FR00140066X4;METAVISIO;ALTHO;Action;Euronext Growth Paris;EUR;FR;OUI;;Euronext;2026-08-04
FR0014007951;DRONE VOLT BS28;BNBS;Action;Euronext Growth Paris;EUR;FR;OUI;;Euronext;2026-08-04
FR0014007LQ2;HUNYVERS;ALHUN;Action;Euronext Growth Paris;EUR;FR;OUI;;Euronext;2026-08-04
FR0014007LW0;CBI;ALCBI;Action;Euronext Growth Paris;EUR;FR;OUI;;Euronext;2026-08-04
FR0014007ND6;HAFFNER ENERGY;ALHAF;Action;Euronext Growth Paris;EUR;FR;OUI;;Euronext;2026-08-04
FR0014007T10;VAZIVA;ALVAZ;Action;Euronext Growth Paris;EUR;FR;OUI;;Euronext;2026-08-04
FR0014007ZB4;AELIS FARMA;AELIS;Action;Euronext Paris;EUR;FR;OUI;;Euronext;2026-08-04
FR0014008VX5;EUROAPI;2EAPI;Action;Trading After Hours | Euronext Paris;EUR;FR;OUI;;Euronext;2026-08-04
FR0014009YQ1;LHYFE;LHYFE;Action;Euronext Paris;EUR;FR;OUI;;Euronext;2026-08-04
FR001400A3Q3;ICAPE HOLDING;ALICA;Action;Euronext Growth Paris;EUR;FR;OUI;;Euronext;2026-08-04
FR001400AEM6;FILL UP MEDIA;ALFUM;Action;Euronext Growth Paris;EUR;FR;OUI;;Euronext;2026-08-04
FR001400AHX6;ABL Diagnostics;ABLD;Action;Euronext Paris;EUR;FR;OUI;;Euronext;2026-08-04
FR001400AJ45;MICHELIN;ML;Action;Euronext Paris;EUR;FR;OUI;;Euronext;2026-08-04
FR001400AJ60;CHARWOOD ENERGY;ALCWE;Action;Euronext Growth Paris;EUR;FR;OUI;;Euronext;2026-08-04
FR001400AJZ7;BROADPEAK;ALBPK;Action;Euronext Growth Paris;EUR;FR;OUI;;Euronext;2026-08-04
FR001400AXT1;VINPAI;ALVIN;Action;Euronext Growth Paris;EUR;FR;OUI;;Euronext;2026-08-04
FR001400AYG6;DEEZER;DEEZR;Action;Euronext Paris;EUR;FR;OUI;;Euronext;2026-08-04
FR001400B4G1;PIERRE VAC BSA CRE;VACBT;Action;Euronext Paris;EUR;FR;OUI;;Euronext;2026-08-04
FR001400B4H9;PIERRE VAC BSA ACT;VACBS;Action;Euronext Paris;EUR;FR;OUI;;Euronext;2026-08-04
FR001400CFI7;AVENIR TELECOM;AVT;Action;Euronext Paris;EUR;FR;OUI;;Euronext;2026-08-04
FR001400CM63;ONCODESIGN PM;ALOPM;Action;Euronext Growth Paris;EUR;FR;OUI;;Euronext;2026-08-04
FR001400EA65;ROTH MIONS;MLROT;Action;Euronext Access Paris;EUR;FR;OUI;;Euronext;2026-08-04
FR001400F2Z1;LEPERMISLIBRE;ALLPL;Action;Euronext Growth Paris;EUR;FR;OUI;;Euronext;2026-08-04
FR001400GO75;FLORENTAISE;ALFLO;Action;Euronext Growth Paris;EUR;FR;OUI;;Euronext;2026-08-04
FR001400H2X4;TONNER DRONES;ALTD;Action;Euronext Growth Paris;EUR;FR;OUI;;Euronext;2026-08-04
FR001400H3A0;MON COURTIER ENERG;ALMCE;Action;Euronext Growth Paris;EUR;FR;OUI;;Euronext;2026-08-04
FR001400IE67;MYHOTELMATCH;MHM;Action;Euronext Paris;EUR;FR;OUI;;Euronext;2026-08-04
FR001400IUV6;WATERA;ALWTR;Action;Euronext Growth Paris;EUR;FR;OUI;;Euronext;2026-08-04
FR001400J770;AIR FRANCE -KLM;AF;Action;Euronext Paris, Amsterdam | EuroTLX | Trading After Hours | Euronext Global Equity Market;EUR;FR;OUI;;Euronext;2026-08-04
FR001400JWR8;ARVERNE GROUP;ARVEN;Action;Euronext Paris;EUR;FR;OUI;;Euronext;2026-08-04
FR001400JY13;LATECOERE;LAT;Action;Euronext Paris;EUR;FR;OUI;;Euronext;2026-08-04
FR001400KE06;Am PEA US ConsStpl;COSE;ETF;Euronext Paris;EUR;FR;OUI;ESG ETF art. 8;Euronext;2026-08-04
FR001400KH45;AM PEA USA Value;USVE;ETF;Euronext Paris;EUR;FR;OUI;ESG ETF art. 8;Euronext;2026-08-04
FR001400KO61;ARCHOS;ALJXR;Action;Euronext Growth Paris;EUR;FR;OUI;;Euronext;2026-08-04
FR001400LN79;BIOPHYTIS BSA;BPBS;Action;Euronext Growth Paris;EUR;FR;OUI;;Euronext;2026-08-04
FR001400LO86;DBT;ALDBT;Action;Euronext Growth Paris;EUR;FR;OUI;;Euronext;2026-08-04
FR001400M1R1;GECI INTL;ALGEC;Action;Euronext Growth Paris;EUR;FR;OUI;;Euronext;2026-08-04
FR001400MDW2;STIF;ALSTI;Action;Euronext Growth Paris;EUR;FR;OUI;;Euronext;2026-08-04
FR001400N2P2;SPINEWAY;ALSPW;Action;Euronext Growth Paris;EUR;FR;OUI;;Euronext;2026-08-04
FR001400NLM4;EMEIS;EMEIS;Action;Euronext Paris | Trading After Hours;EUR;FR;OUI;;Euronext;2026-08-04
FR001400NQB6;MACOMPTA.FR;ALCPA;Action;Euronext Growth Paris;EUR;FR;OUI;;Euronext;2026-08-04
FR001400O408;CBI BSA B;CBSAB;Action;Euronext Growth Paris;EUR;FR;OUI;;Euronext;2026-08-04
FR001400O416;CBI BSA A;CBBSA;Action;Euronext Growth Paris;EUR;FR;OUI;;Euronext;2026-08-04
FR001400OJ72;CASINO BSA1;COBS1;Action;Euronext Paris;EUR;FR;OUI;;Euronext;2026-08-04
FR001400OJ98;CASINO BSA3;COBS3;Action;Euronext Paris;EUR;FR;OUI;;Euronext;2026-08-04
FR001400OKR3;CASINO GUICHARD;2CO;Action;Trading After Hours | Euronext Paris;EUR;FR;OUI;;Euronext;2026-08-04
FR001400OLP5;BIOPHYTIS;ALBPS;Action;Euronext Growth Paris;EUR;FR;OUI;;Euronext;2026-08-04
FR001400PFU4;PLANISWARE;PLNW;Action;Euronext Paris;EUR;FR;OUI;;Euronext;2026-08-04
FR001400PVN6;VIRIDIEN;2CGG;Action;Trading After Hours | Euronext Paris;EUR;FR;OUI;;Euronext;2026-08-04
FR001400Q9V2;EXOSENS;EXENS;Action;Euronext Paris;EUR;FR;OUI;;Euronext;2026-08-04
FR001400QW73;IMEON ENERGY;MLIME;Action;Euronext Access Paris;EUR;FR;OUI;;Euronext;2026-08-04
FR001400RF99;NETMEDIA GROUP;ALNMG;Action;Euronext Growth Paris;EUR;FR;OUI;;Euronext;2026-08-04
FR001400RIB4;TONNER DRONES BSA;TDBS;Action;Euronext Growth Paris;EUR;FR;OUI;;Euronext;2026-08-04
FR001400S9V0;AMUETFGLUXIMXPAR;MLUX;ETF;Euronext Paris;EUR;FR;OUI;-;Euronext;2026-08-04
FR001400SA10;SOLOCAL GROUP;LOCAL;Action;Euronext Paris;EUR;FR;OUI;;Euronext;2026-08-04
FR001400SDI8;AMUACTISRAXPAR;ISRA;ETF;Euronext Paris;EUR;FR;OUI;ESG ETF art. 8;Euronext;2026-08-04
FR001400SDJ6;AMUACTISRJXPAR;ISRJ;ETF;Euronext Paris;EUR;FR;OUI;ESG ETF art. 8;Euronext;2026-08-04
FR001400SDK4;AMUACTISJHXPAR;ISJH;ETF;Euronext Paris;EUR;FR;OUI;ESG ETF art. 8;Euronext;2026-08-04
FR001400SDL2;AMUETFGEASIMXPAR;ISRG;ETF;Euronext Paris;EUR;FR;OUI;ESG ETF art. 8;Euronext;2026-08-04
FR001400SDM0;AMUACTISRMXPAR;ISRM;ETF;Euronext Paris;EUR;FR;OUI;ESG ETF art. 8;Euronext;2026-08-04
FR001400SDN8;AMUACTISRUXPAR;ISRU;ETF;Euronext Paris;EUR;FR;OUI;ESG ETF art. 8;Euronext;2026-08-04
FR001400SDO6;AMUACTISUHXPAR;ISUH;ETF;Euronext Paris;EUR;FR;OUI;ESG ETF art. 8;Euronext;2026-08-04
FR001400SDP3;AMUACTISRCXPAR;ISRC;ETF;Euronext Paris;EUR;FR;OUI;ESG ETF art. 8;Euronext;2026-08-04
FR001400SDQ1;AMUACTISRDXPAR;ISRD;ETF;Euronext Paris;EUR;FR;OUI;ESG ETF art. 8;Euronext;2026-08-04
FR001400SF56;LDC;LOUP;Action;Euronext Paris;EUR;FR;OUI;;Euronext;2026-08-04
FR001400SP13;DOLFINES;ALDOL;Action;Euronext Growth Paris;EUR;FR;OUI;;Euronext;2026-08-04
FR001400SQV3;AMUACTISCHXPAR;ISCH;ETF;Euronext Paris;EUR;FR;OUI;ESG ETF art. 8;Euronext;2026-08-04
FR001400SU99;MONCEY (FIN.) NOM.;FMONC;Action;Euronext Paris;EUR;FR;OUI;;Euronext;2026-08-04
FR001400SUB7;CAMBODGE NOM.;CBDG;Action;Euronext Paris;EUR;FR;OUI;;Euronext;2026-08-04
FR001400SVN0;DRONE VOLT;ALDRV;Action;Euronext Growth Paris;EUR;FR;OUI;;Euronext;2026-08-04
FR001400TL40;LOUIS HACHETTE;ALHG;Action;Euronext Growth Paris;EUR;FR;OUI;;Euronext;2026-08-04
FR001400U4P9;ODYSSEE TECHNO;ALODY;Action;Euronext Growth Paris;EUR;FR;OUI;;Euronext;2026-08-04
FR001400U5Q4;AMUETFMSDEWIXPAR;DCAM;ETF;Euronext Paris;EUR;FR;OUI;-;Euronext;2026-08-04
FR001400UR90;CROSSJECT BS27;CJBS;Action;Euronext Growth Paris;EUR;FR;OUI;;Euronext;2026-08-04
FR001400WXE7;PREATONI GROUP;ALPG;Action;Euronext Growth Paris;EUR;FR;OUI;;Euronext;2026-08-04
FR001400X2S4;ATOS GROUP;2ATO;Action;Trading After Hours | Euronext Paris;EUR;FR;OUI;;Euronext;2026-08-04
FR001400XS96;CMAETFSX5TXPAR;CM5E;ETF;Euronext Paris;EUR;FR;OUI;-;Euronext;2026-08-04
FR001400XVZ4;ADOCIA BSA;ADOBS;Action;Euronext Growth Paris;EUR;FR;OUI;;Euronext;2026-08-04
FR001400Y4X9;HAFFNER ENERGY BSA;HAFBS;Action;Euronext Growth Paris;EUR;FR;OUI;;Euronext;2026-08-04
FR001400YN90;BIOPHYTIS BSA;BPYBS;Action;Euronext Growth Paris;EUR;FR;OUI;;Euronext;2026-08-04
FR001400Z5J4;STREAMWIDE BSAANE;STEBS;Action;Euronext Growth Paris;EUR;FR;OUI;;Euronext;2026-08-04
FR001400ZGO4;AMUETFMXEECCXPAR;PEMS;ETF;Euronext Paris;EUR;FR;OUI;ESG ETF art. 8;Euronext;2026-08-04
FR001400ZGP1;MULETFSX5TXPAR;MSES;ETF;Euronext Paris;EUR;FR;OUI;-;Euronext;2026-08-04
FR001400ZGQ9;MULETFC40TRIXPAR;CA40;ETF;Euronext Paris;EUR;FR;OUI;-;Euronext;2026-08-04
FR001400ZGR7;AMUETFNSDQXPAR;PNAS;ETF;Euronext Paris;EUR;FR;OUI;-;Euronext;2026-08-04
FR001400ZGS5;AMUETFSPXESAXPAR;PSPS;ETF;Euronext Paris;EUR;FR;OUI;ESG ETF art. 8;Euronext;2026-08-04
FR001400ZRT0;AB SCIENCE BSA;ABBS;Action;Euronext Paris;EUR;FR;OUI;;Euronext;2026-08-04
FR001400ZU25;SAFE;ALSAF;Action;Euronext Growth Paris;EUR;FR;OUI;;Euronext;2026-08-04
FR0014010DV3;ODIOT S.A.;MLODT;Action;Euronext Access Paris;EUR;FR;OUI;;Euronext;2026-08-04
FR0014010H01;SEMCO TECHNOLOGIES;ALSEM;Action;Euronext Growth Paris;EUR;FR;OUI;;Euronext;2026-08-04
FR0014010HV4;MULStrMXWOLDXPAR;LWLD;ETF;Euronext Paris;EUR;FR;OUI;-;Euronext;2026-08-04
FR0014010IB4;GENSIGHT BSA;SIGBS;Action;Euronext Growth Paris;EUR;FR;OUI;;Euronext;2026-08-04
FR0014010QE1;HOPIUM;ALHPI;Action;Euronext Growth Paris;EUR;FR;OUI;;Euronext;2026-08-04
FR0014010YR7;VERGNET;ALVER;Action;Euronext Growth Paris;EUR;FR;OUI;;Euronext;2026-08-04
FR0014011219;DRONE VOLT BSA;DRNBS;Action;Euronext Growth Paris;EUR;FR;OUI;;Euronext;2026-08-04
FR00140118Z8;AB SCIENCE BSA 25;ABSBS;Action;Euronext Growth Paris;EUR;FR;OUI;;Euronext;2026-08-04
FR0014011D04;MEDIAN TECH BSA;MDTBS;Action;Euronext Growth Paris;EUR;FR;OUI;;Euronext;2026-08-04
FR0014011ND8;MONDO TV FRANCE;MTVFR;Action;Euronext Growth Milan;EUR;FR;OUI;;Euronext;2026-08-04
FR0014011O84;ACHETER-LOUER.FR;ALALO;Action;Euronext Growth Paris;EUR;FR;OUI;;Euronext;2026-08-04
FR0014011QJ8;EUROPLASMA;ALEUP;Action;Euronext Growth Paris;EUR;FR;OUI;;Euronext;2026-08-04
FR0014011S49;AB SCIENCE BSAAU25;ABBSA;Action;Euronext Growth Paris;EUR;FR;OUI;;Euronext;2026-08-04
FR0014011SJ4;PRELUDE S.A;MLPRE;Action;Euronext Access Paris;EUR;FR;OUI;;Euronext;2026-08-04
FR00140126G1;ONE EXP BSA 2025 2;ONEBS;Action;Euronext Growth Paris;EUR;FR;OUI;;Euronext;2026-08-04
FR0014012OE2;TD BSA 2025-2;TDBS2;Action;Euronext Growth Paris;EUR;FR;OUI;;Euronext;2026-08-04
FR0014012ZX8;TD BSA 2025-3;TDBS3;Action;Euronext Growth Paris;EUR;FR;OUI;;Euronext;2026-08-04
FR0014013HG9;LUCIBEL;ALUCI;Action;Euronext Growth Paris;EUR;FR;OUI;;Euronext;2026-08-04
FR0014013TD1;KLARSEN BSA O;KLBSO;Action;Euronext Growth Paris;EUR;FR;OUI;;Euronext;2026-08-04
FR00140140W9;MAUNA KEA BSA;MKTBS;Action;Euronext Growth Paris;EUR;FR;OUI;;Euronext;2026-08-04
FR0014014OK5;VAZIVA BSA;VAZBS;Action;Euronext Growth Paris;EUR;FR;OUI;;Euronext;2026-08-04
FR0014014ZV8;TRACTIAL;ALTRA;Action;Euronext Growth Paris;EUR;FR;OUI;;Euronext;2026-08-04
FR00140153G5;BOOSTHEAT;ALBOO;Action;Euronext Growth Paris;EUR;FR;OUI;;Euronext;2026-08-04
FR00140153H3;ADOMOS;ALADO;Action;Euronext Growth Paris;EUR;FR;OUI;;Euronext;2026-08-04
FR0014015ND9;IEVA GROUP;ALIEV;Action;Euronext Growth Paris;EUR;FR;OUI;;Euronext;2026-08-04
FR00140164Q1;RISING STONE;ALRIS;Action;Euronext Growth Paris;EUR;FR;OUI;;Euronext;2026-08-04
FR0014016WC0;BIOPHYTIS BSA31;BIBS3;Action;Euronext Growth Paris;EUR;FR;OUI;;Euronext;2026-08-04
FR00140173Y6;ATARI;ALATA;Action;Euronext Growth Paris;EUR;FR;OUI;;Euronext;2026-08-04
FR0014017FP5;SIRIUS MEDIA;ALSRS;Action;Euronext Growth Paris;EUR;FR;OUI;;Euronext;2026-08-04
FR0014017NX3;AMUETFNDEEWNXPAR;GPEA;ETF;Euronext Paris;EUR;FR;OUI;-;Euronext;2026-08-04
FR00140180O2;THERACLION BSA;THEBS;Action;Euronext Growth Paris;EUR;FR;OUI;;Euronext;2026-08-04
FR00140182K6;WORLDLINE;2WLN;Action;Trading After Hours | Euronext Paris;EUR;FR;OUI;;Euronext;2026-08-04
FR00140188H9;DRONEVOLTBS31;DVBS6;Action;Euronext Growth Paris;EUR;FR;OUI;;Euronext;2026-08-04
FR0014018EP6;ARCHOS BSA;JXRBS;Action;Euronext Growth Paris;EUR;FR;OUI;;Euronext;2026-08-04
FR0014018EV4;NEOVACS;ALNEV;Action;Euronext Growth Paris;EUR;FR;OUI;;Euronext;2026-08-04
FR0014018UB2;CMAETFSP500XPAR;CMSP;ETF;Euronext Paris;EUR;FR;OUI;-;Euronext;2026-08-04
FR0014018Y10;LE SLIP FRANCAIS;ALLSF;Action;Euronext Growth Paris;EUR;FR;OUI;;Euronext;2026-08-04
GA0000121459;TotalEnergiesGabon;EC;Action;Euronext Paris;EUR;GA;NON;;Euronext;2026-08-04
GB00B00FHZ82;GOLD BULLION SEC;GBS;ETF;Euronext Paris, Brussels | ETF Plus;EUR;GB;NON;-;Euronext;2026-08-04
GB00B15KXN58;WISETCALUMIMETFP;ALUM;ETF;ETF Plus;EUR;GB;NON;-;Euronext;2026-08-04
GB00B15KXQ89;WISETCCOPAIMETFP;COPA;ETF;ETF Plus | Euronext Paris;EUR;GB;NON;-;Euronext;2026-08-04
GB00B15KXT11;WISETCCOTNIMETFP;COTN;ETF;ETF Plus;EUR;GB;NON;-;Euronext;2026-08-04
GB00B15KXV33;WISETCCRUDIMETFP;CRUD;ETF;ETF Plus | Euronext Paris;EUR;GB;NON;-;Euronext;2026-08-04
GB00B15KXW40;WISETCUGASIMETFP;UGAS;ETF;ETF Plus;EUR;GB;NON;-;Euronext;2026-08-04
GB00B15KXX56;WISETCSBULIMETFP;BULL;ETF;ETF Plus | Euronext Paris;EUR;GB;NON;-;Euronext;2026-08-04
GB00B15KY211;WISETCNICKIMETFP;NICK;ETF;ETF Plus;EUR;GB;NON;-;Euronext;2026-08-04
GB00B15KY328;WISETCSLVRIMETFP;SLVR;ETF;ETF Plus | Euronext Paris;EUR;GB;NON;-;Euronext;2026-08-04
GB00B15KY435;WISETCSOYOIMETFP;SOYO;ETF;ETF Plus;EUR;GB;NON;-;Euronext;2026-08-04
GB00B15KY542;WISETCSOYBIMETFP;SOYB;ETF;ETF Plus;EUR;GB;NON;-;Euronext;2026-08-04
GB00B15KY658;WISETCSUGAIMETFP;SUGA;ETF;ETF Plus;EUR;GB;NON;-;Euronext;2026-08-04
GB00B15KY872;WISETCZINCIMETFP;ZINC;ETF;ETF Plus;EUR;GB;NON;-;Euronext;2026-08-04
GB00B15KY989;WISETCBLOCOMETFP;AIGC;ETF;ETF Plus | Euronext Paris;EUR;GB;NON;-;Euronext;2026-08-04
GB00B15KYB02;WISETCBLOENEETFP;AIGE;ETF;ETF Plus;EUR;GB;NON;-;Euronext;2026-08-04
GB00B15KYC19;WISETCAIGOIMETFP;AIGO;ETF;ETF Plus;EUR;GB;NON;-;Euronext;2026-08-04
GB00B15KYF40;WISETCAIGPIMETFP;AIGP;ETF;ETF Plus | Euronext Paris;EUR;GB;NON;-;Euronext;2026-08-04
GB00B15KYG56;WISETCSIMTIMETFP;AIGI;ETF;ETF Plus | Euronext Paris;EUR;GB;NON;-;Euronext;2026-08-04
GB00B15KYH63;WISETCBLOAGRETFP;AIGA;ETF;ETF Plus | Euronext Paris;EUR;GB;NON;-;Euronext;2026-08-04
GB00B15KYJ87;WISETCAIGSIMETFP;AIGS;ETF;ETF Plus;EUR;GB;NON;-;Euronext;2026-08-04
GB00B15KYK92;WISETCAIGLIMETFP;AIGL;ETF;ETF Plus;EUR;GB;NON;-;Euronext;2026-08-04
GB00B15KYL00;WISETCAIGGIMETFP;AIGG;ETF;ETF Plus;EUR;GB;NON;-;Euronext;2026-08-04
GB00B2B0DG97;RELX;REN;Action;Euronext Amsterdam;EUR;GB;NON;;Euronext;2026-08-04
GB00B5ZN1N88;SEGRO PLC;SGRO;Action;Euronext Paris;EUR;GB;NON;;Euronext;2026-08-04
GB00B94QM994;EUROCASTLE INVEST.;ECT;Action;Euronext Amsterdam;EUR;GB;NON;;Euronext;2026-08-04
GB00BDCPN049;Coca-ColaEuropacif;CCEP;Action;Euronext Amsterdam;EUR;GB;NON;;Euronext;2026-08-04
GB00BJ9M4V82;UCAPITAL GLOBAL;MLALE;Action;Euronext Access Paris;EUR;GB;NON;;Euronext;2026-08-04
GB00BJYDH287;WisdomTree Bitcoin;WBTC;ETF;Euronext Paris | Euronext Amsterdam - Multi-currency Trading | ETF Plus;EUR;GB;NON;-;Euronext;2026-08-04
GB00BJYDH394;WisdomTree Ether.;ETHW;ETF;Euronext Amsterdam - Multi-currency Trading | Euronext Paris | ETF Plus;USD;GB;NON;-;Euronext;2026-08-04
GB00BLD4ZL17;COIETNCCRIBTETFP;BITC;ETF;ETF Plus | Euronext Amsterdam | Euronext Paris;EUR;GB;NON;-;Euronext;2026-08-04
GB00BLD4ZM24;COIETNCCRIETETFP;ETHE;ETF;ETF Plus | Euronext Amsterdam | Euronext Paris;EUR;GB;NON;-;Euronext;2026-08-04
GB00BLD4ZN31;COIETNCCRIXRXPAR;XRPL;ETF;Euronext Paris;EUR;GB;NON;-;Euronext;2026-08-04
GB00BMDXQ672;HAMILTON GLOBAL OP;ALHGO;Action;Euronext Growth Paris;EUR;GB;NON;;Euronext;2026-08-04
GB00BMTP1519;WISETNCD10CXETFP;ALTC;ETF;ETF Plus | Euronext Amsterdam - Multi-currency Trading | Euronext Paris;EUR;GB;NON;-;Euronext;2026-08-04
GB00BMTP1626;WT Crypto Market;BLOC;ETF;Euronext Paris | Euronext Amsterdam - Multi-currency Trading;EUR;GB;NON;-;Euronext;2026-08-04
GB00BMTP1733;WT Crypto Mega Cap;MEGA;ETF;Euronext Amsterdam - Multi-currency Trading | Euronext Paris;USD;GB;NON;-;Euronext;2026-08-04
GB00BMXH3352;MOTORK;MTRK;Action;Euronext Amsterdam;EUR;GB;NON;;Euronext;2026-08-04
GB00BN0VZ646;FERRARI GROUP;FERGR;Action;Euronext Amsterdam;EUR;GB;NON;;Euronext;2026-08-04
GB00BN474G19;WISETNCD20LNETFP;WCRX;ETF;ETF Plus | Euronext Amsterdam - Multi-currency Trading | Euronext Paris;EUR;GB;NON;-;Euronext;2026-08-04
GB00BN6NHH92;WISETNCSTEEVETFP;LSTE;ETF;ETF Plus | Euronext Amsterdam - Multi-currency Trading | Euronext Paris;EUR;GB;NON;-;Euronext;2026-08-04
GB00BN7K9C82;WISETNCXLMRVETFP;WXLM;ETF;ETF Plus | Euronext Amsterdam - Multi-currency Trading | Euronext Paris;EUR;GB;NON;-;Euronext;2026-08-04
GB00BNGJ9G01;WisdomTree Solana;SOLW;ETF;Euronext Paris | Euronext Amsterdam - Multi-currency Trading | ETF Plus;EUR;GB;NON;-;Euronext;2026-08-04
GB00BNGJ9H18;WisdomTree DOT;WDOT;ETF;Euronext Amsterdam - Multi-currency Trading | Euronext Paris;USD;GB;NON;-;Euronext;2026-08-04
GB00BNGJ9J32;WisdomTree Cardano;WADA;ETF;Euronext Amsterdam - Multi-currency Trading | Euronext Paris;USD;GB;NON;-;Euronext;2026-08-04
GB00BNKGZC51;AMA CORPORATION;ALAMA;Action;Euronext Growth Paris;EUR;GB;NON;;Euronext;2026-08-04
GB00BNRRF659;COIETNCCRIADXPAR;CSDA;ETF;Euronext Paris;EUR;GB;NON;-;Euronext;2026-08-04
GB00BNRRFY34;COIETNCCRISOETFP;SLNC;ETF;ETF Plus | Euronext Paris;EUR;GB;NON;-;Euronext;2026-08-04
GB00BNTJ3546;ALLFUNDS GROUP;ALLFG;Action;Euronext Amsterdam;EUR;GB;NON;;Euronext;2026-08-04
GB00BP6MXD84;SHELL PLC;SHELL;Action;Euronext Amsterdam;EUR;GB;NON;;Euronext;2026-08-04
GB00BQQFX454;ACCSYS;AXS;Action;Euronext Amsterdam;EUR;GB;NON;;Euronext;2026-08-04
GB00BRC6JM96;VALETNHBARXAMS;HBAR;ETF;Euronext Amsterdam;EUR;GB;NON;-;Euronext;2026-08-04
GB00BRJQ8J25;HAMMERSON PLC;HMSO;Action;Euronext Dublin;GBP;GB;NON;;Euronext;2026-08-04
GB00BRXH2664;ANGLOGOLD ASHANTI;1ANGU;Action;Euronext Global Equity Market;EUR;GB;NON;;Euronext;2026-08-04
GB00BRXHQ425;WISETNCCRIXRXAMS;XRPW;ETF;Euronext Amsterdam - Multi-currency Trading | Euronext Paris | ETF Plus;USD;GB;NON;-;Euronext;2026-08-04
GB00BVVK7R18;RAPID NUTRITION;ALRPD;Action;Euronext Growth Paris;EUR;GB;NON;;Euronext;2026-08-04
GB00BVZK7T90;UNILEVER;UNA;Action;Euronext Amsterdam;EUR;GB;NON;;Euronext;2026-08-04
GB00BYN5BY03;HYBRID SOFTWARE GR;HYSG;Action;Euronext Brussels;EUR;GB;NON;;Euronext;2026-08-04
GB00BYYN4225;HOSTELWORLD GROUP;HSW;Action;Euronext Dublin;EUR;GB;NON;;Euronext;2026-08-04
GG00B1GHHH78;VOLTA FINANCE;VTA;Action;Euronext Amsterdam;EUR;GG;NON;;Euronext;2026-08-04
GG00B1RMC548;TETRAGON FIN GRP;TFG;Action;Euronext Amsterdam;USD;GG;NON;;Euronext;2026-08-04
GG00BMB5XZ39;GIG;CABLE;Action;Euronext Amsterdam;GBP;GG;NON;;Euronext;2026-08-04
GG00BQZCBZ44;SHURGARD;SHUR;Action;Euronext Brussels;EUR;GG;NON;;Euronext;2026-08-04
GRS528003007;THE AZUR SELECTION;MLAZR;Action;Euronext Access Paris;EUR;GR;OUI;;Euronext;2026-08-04
GRS802003004;NEUROSOFT;NRST;Action;Euronext Growth Milan;EUR;GR;OUI;;Euronext;2026-08-04
HK0000038783;EASSON HOLDINGS;MLEAS;Action;Euronext Access Paris;EUR;HK;NON;;Euronext;2026-08-04
IE00000EF730;ISHActEUEEETFP;EUEE;ETF;ETF Plus | Euronext Amsterdam - Multi-currency Trading;EUR;IE;OUI;ESG ETF art. 8;Euronext;2026-08-04
IE000017NMH7;WISETFWTADEFETFP;WDAF;ETF;ETF Plus | Euronext Paris;EUR;IE;OUI;-;Euronext;2026-08-04
IE00002QW7P5;ISHETFI40426XAMC;37ID;ETF;Euronext Amsterdam - Multi-currency Trading;USD;IE;OUI;ESG ETF art. 8;Euronext;2026-08-04
IE00002ZKAP0;XTRActXEEEETFP;XEEE;ETF;ETF Plus;EUR;IE;OUI;ESG ETF art. 8;Euronext;2026-08-04
IE00004OA765;ISHETFI40426XAMC;ID37;ETF;Euronext Amsterdam - Multi-currency Trading | Euronext Paris;USD;IE;OUI;ESG ETF art. 8;Euronext;2026-08-04
IE00004PGEY9;JPMACTJREZETFP;JREZ;ETF;ETF Plus;EUR;IE;OUI;ESG ETF art. 8;Euronext;2026-08-04
IE00004S2680;VANETFGOVSIMXAMS;VSGF;ETF;Euronext Amsterdam | ETF Plus;EUR;IE;OUI;-;Euronext;2026-08-04
IE0000669501;GLANBIA PLC;GL9;Action;Euronext Dublin;EUR;IE;OUI;;Euronext;2026-08-04
IE0000902GT6;WISETFWSMGDXETFP;WMGT;ETF;ETF Plus | Euronext Paris;EUR;IE;OUI;ESG ETF art. 8;Euronext;2026-08-04
IE0000BNORX6;JPMActJEEAETFP;JEEA;ETF;ETF Plus;EUR;IE;OUI;-;Euronext;2026-08-04
IE0000EAPBT6;JPMActJEIAETFP;JEIA;ETF;ETF Plus;EUR;IE;OUI;-;Euronext;2026-08-04
IE0000FA5GB7;AXAActAIGUETFP;AIGU;ETF;ETF Plus;EUR;IE;OUI;ESG ETF art. 8;Euronext;2026-08-04
IE0000FCGYF9;INVETFC500IMETFP;C500;ETF;ETF Plus;EUR;IE;OUI;-;Euronext;2026-08-04
IE0000H445G8;VANETFCNEWIMETFP;CNEW;ETF;ETF Plus;EUR;IE;OUI;ESG ETF art. 8;Euronext;2026-08-04
IE0000J0F3C5;JPMACTJRUEETFP;JRUE;ETF;ETF Plus;EUR;IE;OUI;-;Euronext;2026-08-04
IE0000JVOLK2;FAMETFMUSSIMETFP;FAMUSS;ETF;ETF Plus;EUR;IE;OUI;ESG ETF art. 8;Euronext;2026-08-04
IE0000KA1ZX3;HSBETFXBLCIMETFP;HECB;ETF;ETF Plus;EUR;IE;OUI;-;Euronext;2026-08-04
IE0000LTAD82;ROBActRHYEETFP;RHYE;ETF;ETF Plus;EUR;IE;OUI;-;Euronext;2026-08-04
IE0000LVTJ08;BNPActAUSSEETFP;AUSSE;ETF;ETF Plus | Euronext Paris;EUR;IE;OUI;ESG ETF art. 8;Euronext;2026-08-04
IE0000M28B94;ISHActCLUHXAMC;CLUH;ETF;Euronext Amsterdam - Multi-currency Trading;USD;IE;OUI;-;Euronext;2026-08-04
IE0000MK7GG1;GOLActGEURETFP;GEUR;ETF;ETF Plus;EUR;IE;OUI;ESG ETF art. 8;Euronext;2026-08-04
IE0000MMQ5M5;XTRETFXZMUIMETFP;XZME;ETF;ETF Plus;EUR;IE;OUI;ESG ETF art. 8;Euronext;2026-08-04
IE0000N55FP4;ISHETFM7EUSCXAMS;ESCE;ETF;Euronext Amsterdam;EUR;IE;OUI;-;Euronext;2026-08-04
IE0000P0RPE6;ISH WD EQ HINC ACC;WINA;ETF;Euronext Amsterdam - Multi-currency Trading | ETF Plus;USD;IE;OUI;ESG ETF art. 8;Euronext;2026-08-04
IE0000SS94R1;BNPACTAJASRXPAR;AJASR;ETF;Euronext Paris;EUR;IE;OUI;ESG ETF art. 8;Euronext;2026-08-04
IE0000TZZ2B2;INVETFSPXEWTETFP;RSPS;ETF;ETF Plus;EUR;IE;OUI;-;Euronext;2026-08-04
IE0000U1XBZ0;AXAActASAEETFP;ASAE;ETF;ETF Plus;EUR;IE;OUI;ESG ETF art. 8;Euronext;2026-08-04
IE0000U24AJ9;AMUETFMXUSSXETFP;USRIH;ETF;ETF Plus;EUR;IE;OUI;ESG ETF art. 8;Euronext;2026-08-04
IE0000UJ3480;iSh iBD28 US Ac PR;28ID;ETF;Euronext Paris;EUR;IE;OUI;ESG ETF art. 8;Euronext;2026-08-04
IE0000UW95D6;JPMACTJRGEETFP;JRGE;ETF;ETF Plus;EUR;IE;OUI;ESG ETF art. 8;Euronext;2026-08-04
IE0000VKUF67;FIDActFEIAETFP;FEIA;ETF;ETF Plus;EUR;IE;OUI;ESG ETF art. 9;Euronext;2026-08-04
IE0000VX9GN7;BNPP SP500 ESG USD;SPEUS;ETF;Euronext Paris - Multi-currency Trading;USD;IE;OUI;ESG ETF art. 8;Euronext;2026-08-04
IE0000XTDDA8;GLOETFIAIQV2ETFP;AIQE;ETF;ETF Plus;EUR;IE;OUI;-;Euronext;2026-08-04
IE0000ZL1RD2;GLOETFMACHPXETFP;CHPX;ETF;ETF Plus;EUR;IE;OUI;-;Euronext;2026-08-04
IE000128BSS1;VANETFUS37IMXAMS;VITD;ETF;Euronext Amsterdam;EUR;IE;OUI;-;Euronext;2026-08-04
IE000130VPV5;BNPACTAUSSDXPAR;AUSSD;ETF;Euronext Paris - Multi-currency Trading;USD;IE;OUI;ESG ETF art. 8;Euronext;2026-08-04
IE00013A2XD6;ISH ACWI USD DIS;SAWI;ETF;Euronext Amsterdam - Multi-currency Trading;USD;IE;OUI;ESG ETF art. 8;Euronext;2026-08-04
IE00016PSX47;AMUETFSGWOIMETFP;ESGWO;ETF;ETF Plus;EUR;IE;OUI;ESG ETF art. 8;Euronext;2026-08-04
IE00018LB0D8;INVETFDKRHFIETFP;WDFE;ETF;ETF Plus;EUR;IE;OUI;ESG ETF art. 8;Euronext;2026-08-04
IE00018U4PN8;AXAETFEMCBPAETFP;AICU;ETF;ETF Plus;EUR;IE;OUI;ESG ETF art. 8;Euronext;2026-08-04
IE000191HKF0;SSGETFI15682ETFP;TRA5;ETF;ETF Plus;EUR;IE;OUI;-;Euronext;2026-08-04
IE0001GSQ2O9;AMUETFMXWOEBETFP;LWCR;ETF;ETF Plus | Euronext Paris;EUR;IE;OUI;ESG ETF art. 8;Euronext;2026-08-04
IE0001J5A2T9;VANETFMVICIRETFP;REUS;ETF;ETF Plus;EUR;IE;OUI;ESG ETF art. 9;Euronext;2026-08-04
IE0001JABD69;JPMActJRWEETFP;JRWE;ETF;ETF Plus;EUR;IE;OUI;ESG ETF art. 8;Euronext;2026-08-04
IE0001JH5CB4;XTRETFXEPAIMETFP;XEPA;ETF;ETF Plus;EUR;IE;OUI;ESG ETF art. 8;Euronext;2026-08-04
IE0001KK9B39;ISHETFNU7476XAMC;WSNI;ETF;Euronext Amsterdam - Multi-currency Trading;USD;IE;OUI;ESG ETF art. 8;Euronext;2026-08-04
IE0001KPAXU3;INVETFIBXXEYETFP;EYLD;ETF;ETF Plus;EUR;IE;OUI;-;Euronext;2026-08-04
IE0001O9L5K4;HANActOBGEXPAR;OBGE;ETF;Euronext Paris;EUR;IE;OUI;ESG ETF art. 8;Euronext;2026-08-04
IE0001PY6688;FRAActEBONDETFP;EBOND;ETF;ETF Plus;EUR;IE;OUI;ESG ETF art. 8;Euronext;2026-08-04
IE0001QF56M0;KRAETFCHINIMETFP;CHIN;ETF;ETF Plus;EUR;IE;OUI;-;Euronext;2026-08-04
IE0001R850E1;FIRETFNQDVSMETFP;SDVY;ETF;ETF Plus;EUR;IE;OUI;-;Euronext;2026-08-04
IE0001T0BHM5;FRAActUSINCETFP;USINC;ETF;ETF Plus;EUR;IE;OUI;-;Euronext;2026-08-04
IE0001UQQ933;LG ETFSOLGERETFP;GERD;ETF;ETF Plus;EUR;IE;OUI;ESG ETF art. 8;Euronext;2026-08-04
IE0001VXZTV7;VANETFV3MLIMETFP;V3ML;ETF;ETF Plus | Euronext Amsterdam, Paris;EUR;IE;OUI;ESG ETF art. 8;Euronext;2026-08-04
IE0001W4ZVM2;FIDACTFUSEETFP;FUSE;ETF;ETF Plus;EUR;IE;OUI;ESG ETF art. 8;Euronext;2026-08-04
IE0001XCFC82;H MSCI JP IS ESG;HIJS;ETF;Euronext Paris;EUR;IE;OUI;ESG ETF art. 8;Euronext;2026-08-04
IE0001YGXFO5;ISHETF756290XAMS;WCTA;ETF;Euronext Amsterdam - Multi-currency Trading;USD;IE;OUI;ESG ETF art. 8;Euronext;2026-08-04
IE0001ZFMLN7;ISHETFNASDAQXAMS;NAQS;ETF;Euronext Amsterdam | Euronext Amsterdam - Multi-currency Trading;EUR;IE;OUI;-;Euronext;2026-08-04
IE00021E4FE3;INVACTECMAETFP;ECMA;ETF;ETF Plus;EUR;IE;OUI;ESG ETF art. 8;Euronext;2026-08-04
IE00022GJEG1;LG ETFENCOIMETFP;ECEH;ETF;ETF Plus;EUR;IE;OUI;-;Euronext;2026-08-04
IE00023EZQ82;ISH DIG EN & ED US;DGGE;ETF;Euronext Paris | Euronext Amsterdam - Multi-currency Trading;EUR;IE;OUI;ESG ETF art. 8;Euronext;2026-08-04
IE000264WWY0;ISHETFI37617ETFP;IB28;ETF;ETF Plus;EUR;IE;OUI;ESG ETF art. 8;Euronext;2026-08-04
IE0002A3VE77;TABActJCEUETFP;JCEU;ETF;ETF Plus;EUR;IE;OUI;ESG ETF art. 8;Euronext;2026-08-04
IE0002DC0IL1;InvETFSP500ETFP;AQUIL;ETF;ETF Plus;EUR;IE;OUI;-;Euronext;2026-08-04
IE0002DDYPW4;BNPACTQGLOEXPAR;QGLOE;ETF;Euronext Paris;EUR;IE;OUI;ESG ETF art. 8;Euronext;2026-08-04
IE0002EI5AG0;XTRETFXDEWIMETFP;XDEE;ETF;ETF Plus;EUR;IE;OUI;-;Euronext;2026-08-04
IE0002EKOXU6;iSh Rusl 1000 Vl A;R1VL;ETF;Euronext Amsterdam - Multi-currency Trading;USD;IE;OUI;-;Euronext;2026-08-04
IE0002FCUS29;ISHETFACWEIMXAMS;ISDA;ETF;Euronext Amsterdam - Multi-currency Trading;USD;IE;OUI;-;Euronext;2026-08-04
IE0002FPYN09;AXAActASHEETFP;ASHE;ETF;ETF Plus;EUR;IE;OUI;ESG ETF art. 8;Euronext;2026-08-04
IE0002G3KSC2;GOLActGCAPETFP;GCAP;ETF;ETF Plus;EUR;IE;OUI;ESG ETF art. 8;Euronext;2026-08-04
IE0002HWPU75;HANETFSOLJURETFP;JURY;ETF;ETF Plus;EUR;IE;OUI;ESG ETF art. 8;Euronext;2026-08-04
IE0002L5QB31;GLOStrBXMUETFP;XYLE;ETF;ETF Plus;EUR;IE;OUI;-;Euronext;2026-08-04
IE0002LUYGW0;INVETFM1NAETFP;INAS;ETF;ETF Plus;EUR;IE;OUI;-;Euronext;2026-08-04
IE0002OP0LA0;SSGETFJNKEIMXPAR;JNKA;ETF;Euronext Paris;EUR;IE;OUI;-;Euronext;2026-08-04
IE0002PG6CA6;VANETFREMXIMETFP;REMX;ETF;ETF Plus | Euronext Paris;EUR;IE;OUI;-;Euronext;2026-08-04
IE0002PGSLZ5;XTRActXEEUETFP;XEEU;ETF;ETF Plus;EUR;IE;OUI;ESG ETF art. 8;Euronext;2026-08-04
IE0002RPS3K2;GLOETFHYGNIMETFP;HYGN;ETF;ETF Plus;EUR;IE;OUI;ESG ETF art. 8;Euronext;2026-08-04
IE0002U1PIC8;SchActSICEETFP;SICE;ETF;ETF Plus;EUR;IE;OUI;ESG ETF art. 8;Euronext;2026-08-04
IE0002VEN3U3;ISHETFMSTRUSETFP;WPEE;ETF;ETF Plus;EUR;IE;OUI;-;Euronext;2026-08-04
IE0002VU15G5;JPMActJPAWETFP;JPAW;ETF;ETF Plus;EUR;IE;OUI;ESG ETF art. 8;Euronext;2026-08-04
IE0002W8NB38;ISH USA SWAP ACC;MUSD;ETF;Euronext Amsterdam - Multi-currency Trading | Euronext Paris;USD;IE;OUI;-;Euronext;2026-08-04
IE0002XFS025;FIDETFFIDGLQETFP;FGLV;ETF;ETF Plus;EUR;IE;OUI;ESG ETF art. 8;Euronext;2026-08-04
IE0002XZSHO1;iSh Wld Swp PEA EU;WPEA;ETF;Euronext Paris;EUR;IE;OUI;-;Euronext;2026-08-04
IE0002Y8CX98;WISETFWTEUDEETFP;WDEF;ETF;ETF Plus | Euronext Paris;EUR;IE;OUI;-;Euronext;2026-08-04
IE0002Z12PN9;ROBActREM3ETFP;REM3;ETF;ETF Plus;EUR;IE;OUI;ESG ETF art. 8;Euronext;2026-08-04
IE0002ZM3JI1;XTRETFXNUSIMETFP;XNUS;ETF;ETF Plus;EUR;IE;OUI;ESG ETF art. 8;Euronext;2026-08-04
IE00030Y2P41;WT Gl QDG-USD INST;GGRI;ETF;Euronext Paris;EUR;IE;OUI;ESG ETF art. 8;Euronext;2026-08-04
IE0003290289;FBD HOLDINGS PLC;EG7;Action;Euronext Dublin;EUR;IE;OUI;;Euronext;2026-08-04
IE00032L0R44;ISHETFI38443XAMS;35ID;ETF;Euronext Amsterdam - Multi-currency Trading;USD;IE;OUI;ESG ETF art. 8;Euronext;2026-08-04
IE00032YLFR3;BNPACTQUSAEXPAR;QUSAE;ETF;Euronext Paris;EUR;IE;OUI;ESG ETF art. 8;Euronext;2026-08-04
IE00036F4K40;XTRETF3GHWBEETFP;XDG3;ETF;ETF Plus;EUR;IE;OUI;ESG ETF art. 8;Euronext;2026-08-04
IE000389GTC0;HSBETFH36244ETFP;HSGE;ETF;ETF Plus;EUR;IE;OUI;ESG ETF art. 8;Euronext;2026-08-04
IE00038O9UC4;DONEGAL INVESTMENT;DQ7A;Action;Euronext Growth Dublin;EUR;IE;OUI;;Euronext;2026-08-04
IE0003A512E4;ARKActARKIETFP;ARKI;ETF;ETF Plus;EUR;IE;OUI;-;Euronext;2026-08-04
IE0003B4BV34;UBSETFCSYUIMETFP;USTEC;ETF;ETF Plus;EUR;IE;OUI;ESG ETF art. 8;Euronext;2026-08-04
IE0003B9KF87;INVActESTAETFP;ESTA;ETF;ETF Plus;EUR;IE;OUI;ESG ETF art. 8;Euronext;2026-08-04
IE0003BJ2JS4;WISETFWTNCLRETFP;NCLR;ETF;ETF Plus | Euronext Paris;EUR;IE;OUI;-;Euronext;2026-08-04
IE0003HUCA83;VANETFH38855ETFP;VGGE;ETF;ETF Plus | Euronext Amsterdam;EUR;IE;OUI;-;Euronext;2026-08-04
IE0003HV7CS6;ISHETFI39488ETFP;IX28;ETF;ETF Plus | Euronext Paris;EUR;IE;OUI;ESG ETF art. 8;Euronext;2026-08-04
IE0003LGI4Z6;ISHETFVUCEIMXAMS;ICBD;ETF;Euronext Amsterdam - Multi-currency Trading;USD;IE;OUI;-;Euronext;2026-08-04
IE0003NQ0IY5;XTRETFNU7520ETFP;XWEQ;ETF;ETF Plus;EUR;IE;OUI;ESG ETF art. 8;Euronext;2026-08-04
IE0003OZJ573;SchActSEUSETFP;SEUS;ETF;ETF Plus;EUR;IE;OUI;ESG ETF art. 8;Euronext;2026-08-04
IE0003UN5CT1;JPMActJSEEETFP;JSEE;ETF;ETF Plus;EUR;IE;OUI;ESG ETF art. 9;Euronext;2026-08-04
IE0003UVYC20;JPMActJEPGETFP;JEPG;ETF;ETF Plus;EUR;IE;OUI;-;Euronext;2026-08-04
IE0003W9O921;XTRETFXGBUIMETFP;XGBU;ETF;ETF Plus;EUR;IE;OUI;ESG ETF art. 9;Euronext;2026-08-04
IE0003WEWAX4;FRAETFFOHWIVXPAR;FOHW;ETF;Euronext Paris | ETF Plus;EUR;IE;OUI;ESG ETF art. 8;Euronext;2026-08-04
IE0003XJA0J9;AMUETFSGMLMCETFP;WEBN;ETF;ETF Plus;EUR;IE;OUI;-;Euronext;2026-08-04
IE0003XW12I8;HANETFDRONESETFP;DRON;ETF;ETF Plus;EUR;IE;OUI;-;Euronext;2026-08-04
IE0003Z9E2Y3;GLOETFCOPXIMETFP;COPX;ETF;ETF Plus;EUR;IE;OUI;-;Euronext;2026-08-04
IE0003ZXNJY5;iS Glo Timber Acc;WOOE;ETF;Euronext Amsterdam;EUR;IE;OUI;ESG ETF art. 8;Euronext;2026-08-04
IE00041H4WT9;HANETFNATEEUETFP;NATE;ETF;ETF Plus;EUR;IE;OUI;ESG ETF art. 8;Euronext;2026-08-04
IE00043CMIN7;ISHETFSP9BKCXAMS;BNEH;ETF;Euronext Amsterdam;EUR;IE;OUI;-;Euronext;2026-08-04
IE00043ZI3D8;PicActPDWDETFP;PDWD;ETF;ETF Plus;EUR;IE;OUI;ESG ETF art. 8;Euronext;2026-08-04
IE000472H9T4;XTRETFNSDQETFP;XNDQ;ETF;ETF Plus;EUR;IE;OUI;-;Euronext;2026-08-04
IE00048C5NZ0;JPMActJEIGETFP;JEIG;ETF;ETF Plus;EUR;IE;OUI;ESG ETF art. 8;Euronext;2026-08-04
IE0004906560;KERRY GROUP PLC;KRZ;Action;Euronext Dublin;EUR;IE;OUI;;Euronext;2026-08-04
IE0004927939;KINGSPAN GROUP PLC;KRX;Action;Euronext Dublin;EUR;IE;OUI;;Euronext;2026-08-04
IE00049LEBV0;ISHETFI38735XAMS;32ID;ETF;Euronext Amsterdam - Multi-currency Trading;USD;IE;OUI;-;Euronext;2026-08-04
IE00049TNTV6;JPMActJEAAETFP;JEAA;ETF;ETF Plus;EUR;IE;OUI;ESG ETF art. 8;Euronext;2026-08-04
IE0004CIQ1O4;AMUETFMXWEL5XPAR;MWOS;ETF;Euronext Paris;EUR;IE;OUI;ESG ETF art. 8;Euronext;2026-08-04
IE0004D7VJE6;AXAActAFDUETFP;AFDU;ETF;ETF Plus;EUR;IE;OUI;ESG ETF art. 8;Euronext;2026-08-04
IE0004HBJKG0;BNP ACWI SRI ETF;PAACE;ETF;Euronext Paris | ETF Plus;EUR;IE;OUI;ESG ETF art. 8;Euronext;2026-08-04
IE0004HE5624;SSGETFDC3MQEETFP;COME;ETF;ETF Plus;EUR;IE;OUI;-;Euronext;2026-08-04
IE0004HMINW0;AXAActAEAEETFP;AEAE;ETF;ETF Plus;EUR;IE;OUI;ESG ETF art. 8;Euronext;2026-08-04
IE0004I037N4;FRAETFEMGMIVXPAR;EMERG;ETF;Euronext Paris | ETF Plus;EUR;IE;OUI;-;Euronext;2026-08-04
IE0004J37T45;BNPETFS500ESETFP;SPEEU;ETF;ETF Plus | Euronext Paris;EUR;IE;OUI;ESG ETF art. 8;Euronext;2026-08-04
IE0004J6PFL7;ISH CORE UK GLT US;GLUH;ETF;Euronext Amsterdam - Multi-currency Trading;USD;IE;OUI;-;Euronext;2026-08-04
IE0004L7EQG2;HSBActHEURETFP;HEUR;ETF;ETF Plus;EUR;IE;OUI;ESG ETF art. 8;Euronext;2026-08-04
IE0004L9EID2;iSh India INR Dis;INGB;ETF;Euronext Amsterdam - Multi-currency Trading;USD;IE;OUI;-;Euronext;2026-08-04
IE0004LCA3I5;ISHETFLETSTRETFP;SPGA;ETF;ETF Plus;EUR;IE;OUI;-;Euronext;2026-08-04
IE0004MFRED4;XTRETFSEQESGETFP;XZEW;ETF;ETF Plus;EUR;IE;OUI;ESG ETF art. 8;Euronext;2026-08-04
IE0004MXQ328;GOLActGIGHETFP;GIGH;ETF;ETF Plus;EUR;IE;OUI;ESG ETF art. 8;Euronext;2026-08-04
IE0004QLESG4;ISHETFNU7470XAMC;WSMT;ETF;Euronext Amsterdam - Multi-currency Trading;USD;IE;OUI;ESG ETF art. 8;Euronext;2026-08-04
IE0004U3TX15;L&GETFMTVSIMETFP;MTVS;ETF;ETF Plus;EUR;IE;OUI;ESG ETF art. 8;Euronext;2026-08-04
IE0005042456;ISHARES FTSE 100;ISFA;ETF;Euronext Amsterdam | ETF Plus;EUR;IE;OUI;-;Euronext;2026-08-04
IE00050J4789;BNPETFMXUSFTETFP;USSM;ETF;ETF Plus | Euronext Paris;EUR;IE;OUI;ESG ETF art. 8;Euronext;2026-08-04
IE000519M2U5;ALLActAZEQETFP;AZEQ;ETF;ETF Plus;EUR;IE;OUI;-;Euronext;2026-08-04
IE00051W3PF2;BLUETFTFEUIMXAMC;BEEH;ETF;Euronext Amsterdam - Multi-currency Trading;HUF;IE;OUI;-;Euronext;2026-08-04
IE00053HJRU7;AXAActAIDEETFP;AIDE;ETF;ETF Plus;EUR;IE;OUI;ESG ETF art. 8;Euronext;2026-08-04
IE00053WDH64;INVETFHYDEIMETFP;HYDE;ETF;ETF Plus;EUR;IE;OUI;ESG ETF art. 9;Euronext;2026-08-04
IE00055B2JD3;ISHETFMSDEWIXPAR;WPEH;ETF;Euronext Paris;EUR;IE;OUI;-;Euronext;2026-08-04
IE00056AT4A2;ISHETFI38292XAMS;JGBD;ETF;Euronext Amsterdam - Multi-currency Trading;USD;IE;OUI;-;Euronext;2026-08-04
IE000578J297;ISHETFIGLTIMXAMS;IGLU;ETF;Euronext Amsterdam - Multi-currency Trading;USD;IE;OUI;-;Euronext;2026-08-04
IE000589MF42;ISHETFIITBIMETFP;IITA;ETF;ETF Plus;EUR;IE;OUI;-;Euronext;2026-08-04
IE00058B19U6;AmSP500 NetZH;PABH;ETF;Euronext Paris;EUR;IE;OUI;ESG ETF art. 8;Euronext;2026-08-04
IE00058MW3M8;AMUETFSPXEHAETFP;S500H;ETF;ETF Plus | Euronext Paris;EUR;IE;OUI;ESG ETF art. 8;Euronext;2026-08-04
IE0005AJA0P1;LG ETFGDXDGQETFP;LDGL;ETF;ETF Plus;EUR;IE;OUI;ESG ETF art. 8;Euronext;2026-08-04
IE0005B8WVT6;VANETFVEGIIMETFP;VEGI;ETF;ETF Plus;EUR;IE;OUI;ESG ETF art. 9;Euronext;2026-08-04
IE0005CH3U28;JPMActJGROETFP;JGRO;ETF;ETF Plus;EUR;IE;OUI;ESG ETF art. 8;Euronext;2026-08-04
IE0005E47AH7;XTRETFSD9NVFETFP;SDG9;ETF;ETF Plus;EUR;IE;OUI;ESG ETF art. 8;Euronext;2026-08-04
IE0005F2R613;INVETFIBXXEYETFP;EYLA;ETF;ETF Plus;EUR;IE;OUI;-;Euronext;2026-08-04
IE0005HNE843;WISETFWTVALEETFP;WTVE;ETF;ETF Plus;EUR;IE;OUI;ESG ETF art. 8;Euronext;2026-08-04
IE0005MWBFR7;JPMActJGIEETFP;JGIE;ETF;ETF Plus;EUR;IE;OUI;ESG ETF art. 8;Euronext;2026-08-04
IE0005PGDJ30;FAMETFSOEST1ETFP;MONEY;ETF;ETF Plus;EUR;IE;OUI;-;Euronext;2026-08-04
IE0005TF96I9;VANETFMVIBIOETFP;CYBO;ETF;ETF Plus;EUR;IE;OUI;ESG ETF art. 9;Euronext;2026-08-04
IE0005YI2492;UTIETFSBINFAXAMC;UIGBH;ETF;Euronext Amsterdam - Multi-currency Trading;USD;IE;OUI;-;Euronext;2026-08-04
IE0005YK6564;HANETFU3O8IMETFP;U3O8;ETF;ETF Plus;EUR;IE;OUI;-;Euronext;2026-08-04
IE00063FT9K6;Ish Cop Min US Acc;COPM;ETF;Euronext Amsterdam - Multi-currency Trading | ETF Plus;USD;IE;OUI;-;Euronext;2026-08-04
IE00063GNWK1;UBSETFSESGIMETFP;USESG;ETF;ETF Plus;EUR;IE;OUI;ESG ETF art. 8;Euronext;2026-08-04
IE00063SATO1;JPMActJPAEETFP;JPAE;ETF;ETF Plus;EUR;IE;OUI;ESG ETF art. 8;Euronext;2026-08-04
IE00064N5UY4;XTRETFEG05ETFP;XEZG;ETF;ETF Plus;EUR;IE;OUI;-;Euronext;2026-08-04
IE00064TWYK9;JPMActJEPEETFP;JEPE;ETF;ETF Plus;EUR;IE;OUI;-;Euronext;2026-08-04
IE000650M1V4;VANETFRUMCN3XAMS;VRMA;ETF;Euronext Amsterdam;EUR;IE;OUI;-;Euronext;2026-08-04
IE00066KZ5B5;HSBETFGOVAIMETFP;HEGB;ETF;ETF Plus;EUR;IE;OUI;-;Euronext;2026-08-04
IE00066L6LB9;AXAETFEMCBPAETFP;AQDU;ETF;ETF Plus;EUR;IE;OUI;ESG ETF art. 8;Euronext;2026-08-04
IE00067X7JX0;INVETFSX5EWTETFP;SXEW;ETF;ETF Plus;EUR;IE;OUI;-;Euronext;2026-08-04
IE00069H3LK0;VANETFSCDEUNETFP;VESC;ETF;ETF Plus | Euronext Amsterdam;EUR;IE;OUI;-;Euronext;2026-08-04
IE00069JGT58;JPMACTJSEUETFP;JSEU;ETF;ETF Plus;EUR;IE;OUI;ESG ETF art. 9;Euronext;2026-08-04
IE00069MGEE1;AXAActAIHUETFP;AIHU;ETF;ETF Plus;EUR;IE;OUI;ESG ETF art. 8;Euronext;2026-08-04
IE00069Q7MY9;ISHETFSOLSFRXAMC;DCSH;ETF;Euronext Amsterdam - Multi-currency Trading;USD;IE;OUI;-;Euronext;2026-08-04
IE0006B9CPY7;GOLActGSHYETFP;GSHY;ETF;ETF Plus;EUR;IE;OUI;ESG ETF art. 8;Euronext;2026-08-04
IE0006BDZN36;UBSETFSOLESTETFP;OVER;ETF;ETF Plus;EUR;IE;OUI;-;Euronext;2026-08-04
IE0006CHRED6;HSBETFLEGATRETFP;HGAE;ETF;ETF Plus;EUR;IE;OUI;-;Euronext;2026-08-04
IE0006CJGQR9;JPMActJQPDETFP;JQPD;ETF;ETF Plus;EUR;IE;OUI;-;Euronext;2026-08-04
IE0006D3PGW3;FRAETFAWALEXETFP;EXCN;ETF;ETF Plus | Euronext Paris;EUR;IE;OUI;-;Euronext;2026-08-04
IE0006FAD976;FRAETFSP5XSGETFP;US500;ETF;ETF Plus | Euronext Paris;EUR;IE;OUI;ESG ETF art. 8;Euronext;2026-08-04
IE0006FBEDB6;JPMActJXUSETFP;JXUS;ETF;ETF Plus;EUR;IE;OUI;ESG ETF art. 8;Euronext;2026-08-04
IE0006FFX5U1;XTRETFXNNVIMETFP;XNNV;ETF;ETF Plus;EUR;IE;OUI;ESG ETF art. 8;Euronext;2026-08-04
IE0006FIW9Z0;JPMActJEQEETFP;JEQE;ETF;ETF Plus;EUR;IE;OUI;-;Euronext;2026-08-04
IE0006FM6MI8;AMUETFSPDSEHXPAR;GLHL;ETF;Euronext Paris;EUR;IE;OUI;ESG ETF art. 8;Euronext;2026-08-04
IE0006GNB732;XTRETFXZHEIMETFP;XZHE;ETF;ETF Plus;EUR;IE;OUI;ESG ETF art. 8;Euronext;2026-08-04
IE0006GUEKQ7;INVACTLINXCETFP;LINXC;ETF;ETF Plus;EUR;IE;OUI;-;Euronext;2026-08-04
IE0006HIE7H2;SSGETFDJCI3METFP;SCOM;ETF;ETF Plus;EUR;IE;OUI;-;Euronext;2026-08-04
IE0006HMLPV6;JPMACTJSHEETFP;JSHE;ETF;ETF Plus;EUR;IE;OUI;ESG ETF art. 9;Euronext;2026-08-04
IE0006IP4XZ8;AmUSA Climate;USAC;ETF;Euronext Paris;EUR;IE;OUI;ESG ETF art. 8;Euronext;2026-08-04
IE0006K7DEL9;FRAACTGCORETFP;GCOR;ETF;ETF Plus;EUR;IE;OUI;ESG ETF art. 9;Euronext;2026-08-04
IE0006KNOFD1;FIDACTFFGEETFP;FFGE;ETF;ETF Plus;EUR;IE;OUI;ESG ETF art. 9;Euronext;2026-08-04
IE0006LBEDV2;INVACTECMFETFP;ECMF;ETF;ETF Plus;EUR;IE;OUI;ESG ETF art. 8;Euronext;2026-08-04
IE0006MM8VN6;JPMACTJAGAETFP;JAGA;ETF;ETF Plus;EUR;IE;OUI;ESG ETF art. 8;Euronext;2026-08-04
IE0006NCFSW9;HSBETFSBWGCETFP;HGVU;ETF;ETF Plus;EUR;IE;OUI;-;Euronext;2026-08-04
IE0006O3TTP9;BNPP Infra ESG ETF;ENGUS;ETF;Euronext Paris - Multi-currency Trading;USD;IE;OUI;ESG ETF art. 8;Euronext;2026-08-04
IE0006OIQXE9;FIDACTFGHYETFP;FGHY;ETF;ETF Plus;EUR;IE;OUI;ESG ETF art. 9;Euronext;2026-08-04
IE0006PHYNG8;BLUETFUST100XAMC;BSTH;ETF;Euronext Amsterdam - Multi-currency Trading;HUF;IE;OUI;-;Euronext;2026-08-04
IE0006QCIHM0;FIDACTFSMEETFP;FSME;ETF;ETF Plus;EUR;IE;OUI;ESG ETF art. 9;Euronext;2026-08-04
IE0006QX3Y11;Os Blm CA (EUR);OP8E;ETF;Euronext Paris;EUR;IE;OUI;ESG ETF art. 9;Euronext;2026-08-04
IE0006RFB3X2;HSBCMSCIJAPNUSDACC;HMJS;ETF;Euronext Paris;EUR;IE;OUI;-;Euronext;2026-08-04
IE0006SEWKA2;JPMActJEMEETFP;JEME;ETF;ETF Plus;EUR;IE;OUI;ESG ETF art. 8;Euronext;2026-08-04
IE0006UGU3X3;IBD Dec27 $ TR Dis;27IT;ETF;Euronext Amsterdam - Multi-currency Trading | Euronext Paris;USD;IE;OUI;-;Euronext;2026-08-04
IE0006VDD4K1;INVETFVWCEIMETFP;FWEA;ETF;ETF Plus;EUR;IE;OUI;-;Euronext;2026-08-04
IE0006WOV4I9;FRAETFSPWRSGETFP;GLOBE;ETF;ETF Plus | Euronext Paris;EUR;IE;OUI;ESG ETF art. 8;Euronext;2026-08-04
IE0006WPPA00;HANETFNUKZXETFP;NUKZ;ETF;ETF Plus;EUR;IE;OUI;-;Euronext;2026-08-04
IE0006WW1TQ4;XTRETFM1WOUETFP;EXUS;ETF;ETF Plus;EUR;IE;OUI;-;Euronext;2026-08-04
IE0006XQ3YX3;FAMETFMWCSIMETFP;FAMWCS;ETF;ETF Plus;EUR;IE;OUI;ESG ETF art. 8;Euronext;2026-08-04
IE0006YCYW06;JPMActJEIEETFP;JEIE;ETF;ETF Plus;EUR;IE;OUI;-;Euronext;2026-08-04
IE0006YM7D84;XTRETFXZHYIMETFP;XZHY;ETF;ETF Plus;EUR;IE;OUI;ESG ETF art. 8;Euronext;2026-08-04
IE00070SLDT6;GLOETFMAZAPUETFP;ZAPP;ETF;ETF Plus;EUR;IE;OUI;-;Euronext;2026-08-04
IE000716YHJ7;INVETFVWCEIMETFP;FWRA;ETF;ETF Plus;EUR;IE;OUI;-;Euronext;2026-08-04
IE00072RHT03;INVETFKGCYSNETFP;ICBR;ETF;ETF Plus;EUR;IE;OUI;ESG ETF art. 8;Euronext;2026-08-04
IE00074JLU02;XTRETFXNJPIMETFP;XNJP;ETF;ETF Plus;EUR;IE;OUI;ESG ETF art. 8;Euronext;2026-08-04
IE00074JV7J1;ISHETFNASDQXAMS;N1UD;ETF;Euronext Amsterdam - Multi-currency Trading;USD;IE;OUI;-;Euronext;2026-08-04
IE00075IVKF9;HANETFNSURNJETFP;URNJ;ETF;ETF Plus;EUR;IE;OUI;-;Euronext;2026-08-04
IE00076HZIP3;IBD Dec29 $ TR Dis;29IT;ETF;Euronext Amsterdam - Multi-currency Trading | Euronext Paris;USD;IE;OUI;-;Euronext;2026-08-04
IE00077FRP95;GLOETFSDIVIMETFP;SDIV;ETF;ETF Plus;EUR;IE;OUI;-;Euronext;2026-08-04
IE00077IIPQ8;WISETFWTNTSGETFP;NTSG;ETF;ETF Plus | Euronext Paris;EUR;IE;OUI;ESG ETF art. 8;Euronext;2026-08-04
IE00078SFIQ6;ISHETFSXEFORXAMS;EUFG;ETF;Euronext Amsterdam;EUR;IE;OUI;-;Euronext;2026-08-04
IE0007FM00T9;ISH US EQ HINC ACC;INCI;ETF;Euronext Amsterdam - Multi-currency Trading | ETF Plus;USD;IE;OUI;ESG ETF art. 8;Euronext;2026-08-04
IE0007G78AC4;$Asia IG Corp US A;ASIG;ETF;Euronext Amsterdam - Multi-currency Trading;USD;IE;OUI;ESG ETF art. 8;Euronext;2026-08-04
IE0007HKA9K1;LG ETFSOLARBETFP;LABL;ETF;ETF Plus;EUR;IE;OUI;-;Euronext;2026-08-04
IE0007I99HX7;VANETFMWMFNETFP;MOTU;ETF;ETF Plus | Euronext Paris;EUR;IE;OUI;-;Euronext;2026-08-04
IE0007LAQ4A1;ISHETFIDCOT3XAMS;CUEB;ETF;Euronext Amsterdam;EUR;IE;OUI;-;Euronext;2026-08-04
IE0007M3MLF3;WISETFWTDDGTETFP;GGRE;ETF;ETF Plus;EUR;IE;OUI;ESG ETF art. 8;Euronext;2026-08-04
IE0007O06KL9;ISHETFRU2000XAMS;RU2K;ETF;Euronext Amsterdam - Multi-currency Trading;USD;IE;OUI;-;Euronext;2026-08-04
IE0007P4PBU1;HSBETFHMCHIMETFP;HCHA;ETF;ETF Plus;EUR;IE;OUI;-;Euronext;2026-08-04
IE0007QB4QS2;BNPActAWDSEETFP;AWDSE;ETF;ETF Plus | Euronext Paris;EUR;IE;OUI;ESG ETF art. 8;Euronext;2026-08-04
IE0007SRI1C7;ISHETFI40423ETFP;IB37;ETF;ETF Plus | Euronext Paris;EUR;IE;OUI;ESG ETF art. 8;Euronext;2026-08-04
IE0007UE04X9;WISETFWTETMUETFP;WENU;ETF;ETF Plus | Euronext Paris;EUR;IE;OUI;ESG ETF art. 8;Euronext;2026-08-04
IE0007ULOZS8;XTRETFPESGITETFP;XZSP;ETF;ETF Plus;EUR;IE;OUI;ESG ETF art. 8;Euronext;2026-08-04
IE0007WJ6B10;XTRETF6CWATSETFP;XDG6;ETF;ETF Plus;EUR;IE;OUI;ESG ETF art. 8;Euronext;2026-08-04
IE0007WLHX89;ROBAct3D3DETFP;3D3D;ETF;ETF Plus;EUR;IE;OUI;ESG ETF art. 8;Euronext;2026-08-04
IE0007WMHDE3;HANETFSGIXEGXPAR;GR8;ETF;Euronext Paris;EUR;IE;OUI;ESG ETF art. 8;Euronext;2026-08-04
IE0007Y8Y157;VANETFMVQTMLETFP;QNTM;ETF;ETF Plus;EUR;IE;OUI;-;Euronext;2026-08-04
IE0007YP0PL1;BNPETFGDGRIMETFP;GRCTB;ETF;ETF Plus | Euronext Paris;EUR;IE;OUI;ESG ETF art. 8;Euronext;2026-08-04
IE0007YZZZN7;INVActQQIAETFP;QQIA;ETF;ETF Plus;EUR;IE;OUI;-;Euronext;2026-08-04
IE0007Z19996;PicActPQEDETFP;PQED;ETF;ETF Plus;EUR;IE;OUI;ESG ETF art. 8;Euronext;2026-08-04
IE0007Z28IJ7;WISETFWTTMTUETFP;TMGT;ETF;ETF Plus | Euronext Paris;EUR;IE;OUI;-;Euronext;2026-08-04
IE0008119MO8;HSBETFSPINTEETFP;HITC;ETF;ETF Plus;EUR;IE;OUI;-;Euronext;2026-08-04
IE00082MOBL9;GLOETFSEUSDIETFP;EUSD;ETF;ETF Plus;EUR;IE;OUI;-;Euronext;2026-08-04
IE000845MQC5;HSBETFLUACTRETFP;HUCB;ETF;ETF Plus;EUR;IE;OUI;-;Euronext;2026-08-04
IE0008470928;ISHETFSEU50ETFP;EUN;ETF;ETF Plus;EUR;IE;OUI;-;Euronext;2026-08-04
IE0008471009;ISHARES EURO STX50;EUEA;ETF;Euronext Amsterdam | ETF Plus;EUR;IE;OUI;-;Euronext;2026-08-04
IE00087GRUR0;AXAETFG0QAETFP;A01U;ETF;ETF Plus;EUR;IE;OUI;-;Euronext;2026-08-04
IE0008BA4TY1;HANActCEGIETFP;CEGI;ETF;ETF Plus;EUR;IE;OUI;-;Euronext;2026-08-04
IE0008BU0XC3;HSBETFI38895ETFP;H10E;ETF;ETF Plus;EUR;IE;OUI;ESG ETF art. 8;Euronext;2026-08-04
IE0008D0AIU9;BNPETFNU7600ETFP;WEWEU;ETF;ETF Plus | Euronext Paris;EUR;IE;OUI;ESG ETF art. 8;Euronext;2026-08-04
IE0008DO91F6;JPMActJXUEETFP;JXUE;ETF;ETF Plus;EUR;IE;OUI;ESG ETF art. 8;Euronext;2026-08-04
IE0008EMOWT3;JPMActJLOEETFP;JLOE;ETF;ETF Plus;EUR;IE;OUI;ESG ETF art. 8;Euronext;2026-08-04
IE0008FB2WZ1;BNPP World ESG ETF;WEMTE;ETF;Euronext Paris - Multi-currency Trading;USD;IE;OUI;ESG ETF art. 8;Euronext;2026-08-04
IE0008GO35B5;INVActICLUETFP;ICLU;ETF;ETF Plus;EUR;IE;OUI;-;Euronext;2026-08-04
IE0008JXFQK8;HSBActHQUSETFP;HQUS;ETF;ETF Plus;EUR;IE;OUI;-;Euronext;2026-08-04
IE0008LRGGP4;HANActPFFIETFP;PFFI;ETF;ETF Plus;EUR;IE;OUI;-;Euronext;2026-08-04
IE0008M1R3N4;FRAETFSUSM10ETFP;US100;ETF;ETF Plus | Euronext Paris;EUR;IE;OUI;-;Euronext;2026-08-04
IE0008P6LL15;JPMActJGEVETFP;JGEV;ETF;ETF Plus;EUR;IE;OUI;ESG ETF art. 8;Euronext;2026-08-04
IE0008RSSHT4;HANActUKITETFP;UKIT;ETF;ETF Plus;EUR;IE;OUI;-;Euronext;2026-08-04
IE0008RX29L5;INVETFWNDEIMETFP;WNDE;ETF;ETF Plus;EUR;IE;OUI;ESG ETF art. 9;Euronext;2026-08-04
IE0008SEV3B2;INVACTEGTDETFP;EGTD;ETF;ETF Plus;EUR;IE;OUI;ESG ETF art. 8;Euronext;2026-08-04
IE0008T6IUX0;VANETFV3PLIMETFP;V3PL;ETF;ETF Plus | Euronext Amsterdam, Paris;EUR;IE;OUI;ESG ETF art. 8;Euronext;2026-08-04
IE0008TKP6O7;AMUETFUESGITETFP;UESG;ETF;ETF Plus;EUR;IE;OUI;ESG ETF art. 8;Euronext;2026-08-04
IE0008U15456;ISHETFGOVAIMETFP;IEGS;ETF;ETF Plus;EUR;IE;OUI;-;Euronext;2026-08-04
IE0008UEVOE0;iBds D28 Term E Ac;B28A;ETF;Euronext Paris | ETF Plus;EUR;IE;OUI;ESG ETF art. 8;Euronext;2026-08-04
IE0008V9P2F7;FAMActAGE40ETFP;AGE40;ETF;ETF Plus;EUR;IE;OUI;-;Euronext;2026-08-04
IE0008WICO06;HANETFNSLVRUETFP;SLVM;ETF;ETF Plus;EUR;IE;OUI;-;Euronext;2026-08-04
IE0008YN55P8;INVACTIQSDETFP;IQSD;ETF;ETF Plus;EUR;IE;OUI;ESG ETF art. 8;Euronext;2026-08-04
IE0008YWAFL1;ISHETFI40152XAMS;IU28;ETF;Euronext Amsterdam - Multi-currency Trading | Euronext Paris;USD;IE;OUI;ESG ETF art. 8;Euronext;2026-08-04
IE0008ZGI5C1;Flex Priv Equity;FLPE;ETF;Euronext Amsterdam;EUR;IE;OUI;-;Euronext;2026-08-04
IE00090GHHQ4;SSGETFTIPSIMETFP;TIPA;ETF;ETF Plus;EUR;IE;OUI;-;Euronext;2026-08-04
IE000929U2U9;iSh $ Sukuk Dist;SKUK;ETF;Euronext Amsterdam - Multi-currency Trading;USD;IE;OUI;-;Euronext;2026-08-04
IE00093GOJ04;ISH C EUR CB US H;IEAU;ETF;Euronext Amsterdam - Multi-currency Trading;USD;IE;OUI;-;Euronext;2026-08-04
IE000940RNE6;WISETFWBLKIMETFP;WBLK;ETF;ETF Plus | Euronext Paris;EUR;IE;OUI;ESG ETF art. 8;Euronext;2026-08-04
IE00094AECT1;AXAActAEJEETFP;AEJE;ETF;ETF Plus;EUR;IE;OUI;ESG ETF art. 8;Euronext;2026-08-04
IE00094FRAA6;GLOETFCAUTIMETFP;CAUT;ETF;ETF Plus;EUR;IE;OUI;-;Euronext;2026-08-04
IE00094GSCQ4;XTRActXEEWETFP;XEEW;ETF;ETF Plus;EUR;IE;OUI;ESG ETF art. 8;Euronext;2026-08-04
IE00094KNQN4;ISHETFI40153XAMS;IU29;ETF;Euronext Amsterdam - Multi-currency Trading | Euronext Paris;USD;IE;OUI;ESG ETF art. 8;Euronext;2026-08-04
IE000953I6Z4;ColActQRUSETFP;QRUS;ETF;ETF Plus;EUR;IE;OUI;-;Euronext;2026-08-04
IE00095FLAP4;ISHActIFUHXAMC;IFUH;ETF;Euronext Amsterdam - Multi-currency Trading;USD;IE;OUI;-;Euronext;2026-08-04
IE00096S6AV7;HSBETFENGLPAETFP;HPNA;ETF;ETF Plus;EUR;IE;OUI;ESG ETF art. 8;Euronext;2026-08-04
IE00097WZHZ9;ISHETFAWNT01XAMC;FTAW;ETF;Euronext Amsterdam - Multi-currency Trading;USD;IE;OUI;-;Euronext;2026-08-04
IE00098G6RH2;ISHETFHUC0XAMS;HYCB;ETF;Euronext Amsterdam - Multi-currency Trading;USD;IE;OUI;-;Euronext;2026-08-04
IE00099GAJC6;ISHETFCNYEIMETFP;CNYE;ETF;ETF Plus;EUR;IE;OUI;-;Euronext;2026-08-04
IE0009BC6K22;HSBC MSCI EMIS;HIES;ETF;Euronext Paris;EUR;IE;OUI;ESG ETF art. 8;Euronext;2026-08-04
IE0009BM62P2;GLOStrSPBFAETFP;SPAB;ETF;ETF Plus;EUR;IE;OUI;-;Euronext;2026-08-04
IE0009EDBBS3;GOLActGIGEETFP;GIGE;ETF;ETF Plus;EUR;IE;OUI;ESG ETF art. 8;Euronext;2026-08-04
IE0009EGAHL0;INVActIQUAETFP;IQUA;ETF;ETF Plus;EUR;IE;OUI;-;Euronext;2026-08-04
IE0009EQZP90;ISHETFI38466XAMS;31ID;ETF;Euronext Amsterdam - Multi-currency Trading;USD;IE;OUI;-;Euronext;2026-08-04
IE0009F7UB30;FIRETFCAPSGEETFP;FTEG;ETF;ETF Plus;EUR;IE;OUI;ESG ETF art. 8;Euronext;2026-08-04
IE0009IAUUI1;INVETFIBXXUYETFP;UYLD;ETF;ETF Plus;EUR;IE;OUI;-;Euronext;2026-08-04
IE0009OCO2W4;JPMActJGLEETFP;JGLE;ETF;ETF Plus;EUR;IE;OUI;ESG ETF art. 8;Euronext;2026-08-04
IE0009QS7W62;MSCI Wld Hlth US A;WHCA;ETF;Euronext Amsterdam;EUR;IE;OUI;ESG ETF art. 8;Euronext;2026-08-04
IE0009RE6PA1;FAMActACT20ETFP;ACT20;ETF;ETF Plus;EUR;IE;OUI;-;Euronext;2026-08-04
IE0009RW4WA0;FAMActACT60ETFP;ACT60;ETF;ETF Plus;EUR;IE;OUI;-;Euronext;2026-08-04
IE0009TJ5T70;JPMETFJPCEIMETFP;JPEC;ETF;ETF Plus;EUR;IE;OUI;ESG ETF art. 9;Euronext;2026-08-04
IE0009VWHAE6;ISHActUSEEETFP;USEE;ETF;ETF Plus | Euronext Amsterdam - Multi-currency Trading;EUR;IE;OUI;ESG ETF art. 8;Euronext;2026-08-04
IE0009W21NT4;UBSETFESGEIMETFP;WDESGE;ETF;ETF Plus;EUR;IE;OUI;ESG ETF art. 8;Euronext;2026-08-04
IE0009WMIIC0;HSBETFI38894ETFP;H13E;ETF;ETF Plus;EUR;IE;OUI;ESG ETF art. 8;Euronext;2026-08-04
IE0009XKZC98;EU CBd 1-5 US H Di;IE1C;ETF;Euronext Amsterdam - Multi-currency Trading;USD;IE;OUI;ESG ETF art. 8;Euronext;2026-08-04
IE0009Y1MQJ2;ISHActFACTXAMS;FACT;ETF;Euronext Amsterdam - Multi-currency Trading;USD;IE;OUI;ESG ETF art. 8;Euronext;2026-08-04
IE000A0GH076;BNPETFMSTRUSETFP;WETFE;ETF;ETF Plus | Euronext Paris;EUR;IE;OUI;-;Euronext;2026-08-04
IE000A0RC215;INVETFI38673ETFP;BS28;ETF;ETF Plus;EUR;IE;OUI;ESG ETF art. 8;Euronext;2026-08-04
IE000A7N3IV0;JPMActJRAWETFP;JRAW;ETF;ETF Plus;EUR;IE;OUI;ESG ETF art. 8;Euronext;2026-08-04
IE000A89Y2G7;ISHETF747668XAMS;WUTS;ETF;Euronext Amsterdam - Multi-currency Trading;USD;IE;OUI;ESG ETF art. 8;Euronext;2026-08-04
IE000A9G9R73;ISHETFSTARXVXAMC;STAR;ETF;Euronext Amsterdam - Multi-currency Trading | Euronext Paris;USD;IE;OUI;-;Euronext;2026-08-04
IE000A9QV382;ISH FR GV BD US HD;IFRD;ETF;Euronext Amsterdam - Multi-currency Trading;USD;IE;OUI;-;Euronext;2026-08-04
IE000AD2AYN2;ISHETFI40431ETFP;IB36;ETF;ETF Plus | Euronext Paris;EUR;IE;OUI;ESG ETF art. 8;Euronext;2026-08-04
IE000AEM1K78;M&GActMGMXETFP;MGMX;ETF;ETF Plus;EUR;IE;OUI;-;Euronext;2026-08-04
IE000AFVKJZ0;VANActVCASHETFP;VCASH;ETF;ETF Plus | Euronext Amsterdam;EUR;IE;OUI;-;Euronext;2026-08-04
IE000AFVONT7;WISETFWTEUBLETFP;WBLD;ETF;ETF Plus | Euronext Paris;EUR;IE;OUI;ESG ETF art. 8;Euronext;2026-08-04
IE000AGFZM58;HSBC MSCI EU IS;HIPS;ETF;Euronext Paris;EUR;IE;OUI;ESG ETF art. 8;Euronext;2026-08-04
IE000AIFGRB9;INVETFDKRHGYETFP;WDEE;ETF;ETF Plus;EUR;IE;OUI;ESG ETF art. 8;Euronext;2026-08-04
IE000AK4O3W6;ISHETFSUSEIMETFP;IE3E;ETF;ETF Plus;EUR;IE;OUI;ESG ETF art. 8;Euronext;2026-08-04
IE000AN258G4;ISHETFDJAPSDXAMS;IAPU;ETF;Euronext Amsterdam - Multi-currency Trading;USD;IE;OUI;-;Euronext;2026-08-04
IE000AN3AFZ1;HANActJOGSETFP;JOGS;ETF;ETF Plus;EUR;IE;OUI;ESG ETF art. 8;Euronext;2026-08-04
IE000ANHU3J3;JPMActJSEMETFP;JSEM;ETF;ETF Plus;EUR;IE;OUI;ESG ETF art. 9;Euronext;2026-08-04
IE000ANMCD25;FirETFBSPENETFP;ORBT;ETF;ETF Plus;EUR;IE;OUI;-;Euronext;2026-08-04
IE000AON7ET1;ARKActARKXETFP;ARKX;ETF;ETF Plus;EUR;IE;OUI;ESG ETF art. 8;Euronext;2026-08-04
IE000AP27VA7;JPMActJGPDETFP;JGPD;ETF;ETF Plus;EUR;IE;OUI;-;Euronext;2026-08-04
IE000APK27S2;ISHETFI36429ETFP;AEGE;ETF;ETF Plus;EUR;IE;OUI;ESG ETF art. 8;Euronext;2026-08-04
IE000ATQR3N3;BNPActAWDSHXPAR;AWDSH;ETF;Euronext Paris;EUR;IE;OUI;ESG ETF art. 8;Euronext;2026-08-04
IE000AWRDWI7;INVETFCNT50UETFP;CN50;ETF;ETF Plus;EUR;IE;OUI;-;Euronext;2026-08-04
IE000AXIKJM8;AXAETFHPAUIMETFP;AIUU;ETF;ETF Plus;EUR;IE;OUI;ESG ETF art. 8;Euronext;2026-08-04
IE000AY2ERH5;ISHActTENMETFP;TENM;ETF;ETF Plus | Euronext Amsterdam - Multi-currency Trading;EUR;IE;OUI;-;Euronext;2026-08-04
IE000AY6KP29;ISHETFSPXCW3XAMS;SPC3;ETF;Euronext Amsterdam - Multi-currency Trading;USD;IE;OUI;-;Euronext;2026-08-04
IE000AYEFBK6;ISHETFI40152XAMS;28IU;ETF;Euronext Amsterdam - Multi-currency Trading;USD;IE;OUI;ESG ETF art. 8;Euronext;2026-08-04
IE000AYJ75E5;INVETFI38679ETFP;BE26;ETF;ETF Plus;EUR;IE;OUI;ESG ETF art. 8;Euronext;2026-08-04
IE000AZ0ORF1;BLUETFUS500NXAMC;BSUC;ETF;Euronext Amsterdam - Multi-currency Trading;CZK;IE;OUI;-;Euronext;2026-08-04
IE000AZ2HZ31;UBSETFNCUDWIETFP;WRDSC;ETF;ETF Plus;EUR;IE;OUI;-;Euronext;2026-08-04
IE000AZOUN82;FRAETFFLXAIVXPAR;FAITH;ETF;Euronext Paris | ETF Plus;EUR;IE;OUI;ESG ETF art. 8;Euronext;2026-08-04
IE000B1A2798;VANETFH38855ETFP;VGGF;ETF;ETF Plus | Euronext Amsterdam;EUR;IE;OUI;-;Euronext;2026-08-04
IE000B9PQW54;VANETFCUREIMETFP;CURE;ETF;ETF Plus;EUR;IE;OUI;ESG ETF art. 9;Euronext;2026-08-04
IE000BAF6X29;UBSETFPEXEIMETFP;PEXE;ETF;ETF Plus;EUR;IE;OUI;ESG ETF art. 8;Euronext;2026-08-04
IE000BHH6TY7;JPMActJGHEETFP;JGHE;ETF;ETF Plus;EUR;IE;OUI;ESG ETF art. 8;Euronext;2026-08-04
IE000BI8OT95;AMUETFMSTRUSETFP;MWRD;ETF;ETF Plus | Euronext Paris | Euronext Amsterdam - Multi-currency Trading;EUR;IE;OUI;-;Euronext;2026-08-04
IE000BKMMHF9;UBSETFPEXIMETFP;PEX;ETF;ETF Plus;EUR;IE;OUI;ESG ETF art. 8;Euronext;2026-08-04
IE000BLN64M9;LG ETFSOLENTETFP;ENTR;ETF;ETF Plus;EUR;IE;OUI;ESG ETF art. 8;Euronext;2026-08-04
IE000BMDG046;INVETFI38675ETFP;BS27;ETF;ETF Plus;EUR;IE;OUI;ESG ETF art. 8;Euronext;2026-08-04
IE000BMJPF23;ISHETFNU7476XAMC;WSSC;ETF;Euronext Amsterdam - Multi-currency Trading;USD;IE;OUI;ESG ETF art. 8;Euronext;2026-08-04
IE000BMP9YJ5;ISHActMAXJETFP;MAXJ;ETF;ETF Plus | Euronext Amsterdam - Multi-currency Trading;EUR;IE;OUI;-;Euronext;2026-08-04
IE000BMZP0I6;ISHETFSTXNEUXAMS;NUUR;ETF;Euronext Amsterdam - Multi-currency Trading;USD;IE;OUI;-;Euronext;2026-08-04
IE000BNLRWE6;SCHActSAGEETFP;SAGE;ETF;ETF Plus;EUR;IE;OUI;ESG ETF art. 8;Euronext;2026-08-04
IE000BRM9046;INVETFKGDFNETFP;IVDF;ETF;ETF Plus;EUR;IE;OUI;-;Euronext;2026-08-04
IE000BRX9DZ0;SSGActSAWEETFP;SAWE;ETF;ETF Plus;EUR;IE;OUI;ESG ETF art. 8;Euronext;2026-08-04
IE000BUIVY49;ISHActEUEBETFP;EUEB;ETF;ETF Plus;EUR;IE;OUI;ESG ETF art. 8;Euronext;2026-08-04
IE000BW2B3J3;FIRETFBFANGXETFP;SCAR;ETF;ETF Plus;EUR;IE;OUI;-;Euronext;2026-08-04
IE000BWITBP9;iSh iBD26 US Ac PR;26ID;ETF;Euronext Paris;EUR;IE;OUI;ESG ETF art. 8;Euronext;2026-08-04
IE000BWKUES1;GLOETFAQWAIMETFP;AQWA;ETF;ETF Plus;EUR;IE;OUI;ESG ETF art. 8;Euronext;2026-08-04
IE000BXC49I6;JPMACTJSEGETFP;JSEG;ETF;ETF Plus;EUR;IE;OUI;ESG ETF art. 9;Euronext;2026-08-04
IE000BZ1HVL2;SSGETFM0WOHEETFP;SWRE;ETF;ETF Plus;EUR;IE;OUI;-;Euronext;2026-08-04
IE000BZFW5H7;JPMActJUSHETFP;JUSH;ETF;ETF Plus;EUR;IE;OUI;ESG ETF art. 8;Euronext;2026-08-04
IE000BZXJJ24;iSh iBd Dc30 $ Dst;30ID;ETF;Euronext Amsterdam - Multi-currency Trading | Euronext Paris;USD;IE;OUI;ESG ETF art. 8;Euronext;2026-08-04
IE000C5Q64P6;INVETFI38672ETFP;BS29;ETF;ETF Plus;EUR;IE;OUI;ESG ETF art. 8;Euronext;2026-08-04
IE000C5YJ791;ISHETFNU7585XAMS;USLD;ETF;Euronext Amsterdam - Multi-currency Trading;USD;IE;OUI;ESG ETF art. 8;Euronext;2026-08-04
IE000C692SN6;HSBCMSCIWLDSCAPESG;HWSS;ETF;Euronext Paris;EUR;IE;OUI;ESG ETF art. 8;Euronext;2026-08-04
IE000C6ITGC8;ISHETFSTXQNTXAMC;QANT;ETF;Euronext Amsterdam - Multi-currency Trading;USD;IE;OUI;-;Euronext;2026-08-04
IE000C7DDDX4;FRAETFFLXSIVXPAR;SAUDI;ETF;Euronext Paris | ETF Plus;EUR;IE;OUI;-;Euronext;2026-08-04
IE000C7EUDG1;HANETFIPDEFNETFP;QUAD;ETF;ETF Plus;EUR;IE;OUI;-;Euronext;2026-08-04
IE000C87OS21;FAMETFMMWSIMETFP;FAMMWS;ETF;ETF Plus;EUR;IE;OUI;-;Euronext;2026-08-04
IE000CB2BST9;FAMActACTEQETFP;ACTEQ;ETF;ETF Plus;EUR;IE;OUI;-;Euronext;2026-08-04
IE000CBYU7J5;LG ETFFXBYSCETFP;RIEM;ETF;ETF Plus;EUR;IE;OUI;ESG ETF art. 9;Euronext;2026-08-04
IE000CCQKON9;TABActJHESETFP;JHES;ETF;ETF Plus;EUR;IE;OUI;ESG ETF art. 8;Euronext;2026-08-04
IE000CEUZ052;HANETFIDGSMCETFP;DRAM;ETF;ETF Plus | Euronext Paris;EUR;IE;OUI;-;Euronext;2026-08-04
IE000CFH1JX2;Gbl Water USD A;H2OA;ETF;Euronext Amsterdam;EUR;IE;OUI;ESG ETF art. 8;Euronext;2026-08-04
IE000CH3OQ51;INVETFHE7217ETFP;MXUE;ETF;ETF Plus;EUR;IE;OUI;-;Euronext;2026-08-04
IE000CL68Z69;AMUETFMXWCPFETFP;PABWD;ETF;ETF Plus | Euronext Paris;EUR;IE;OUI;ESG ETF art. 8;Euronext;2026-08-04
IE000CM02H85;FRAETFFLXTIMETFP;FLXT;ETF;ETF Plus | Euronext Paris;EUR;IE;OUI;-;Euronext;2026-08-04
IE000CN8T855;JPMACTJUHEETFP;JUHE;ETF;ETF Plus;EUR;IE;OUI;ESG ETF art. 8;Euronext;2026-08-04
IE000CO3P697;FIRActMJUNETFP;MJUN;ETF;ETF Plus;EUR;IE;OUI;-;Euronext;2026-08-04
IE000CO65C82;WISETFWTGDHYETFP;DIVW;ETF;ETF Plus;EUR;IE;OUI;ESG ETF art. 8;Euronext;2026-08-04
IE000COQKPO9;INVETFNESGITETFP;NESG;ETF;ETF Plus;EUR;IE;OUI;ESG ETF art. 8;Euronext;2026-08-04
IE000CPG9HG3;FIRETFNQVRDEETFP;EDVY;ETF;ETF Plus;EUR;IE;OUI;ESG ETF art. 8;Euronext;2026-08-04
IE000CQQ22C8;JPMActJAVEETFP;JAVE;ETF;ETF Plus;EUR;IE;OUI;ESG ETF art. 8;Euronext;2026-08-04
IE000CV0WWL4;TABActJCPNETFP;JCPN;ETF;ETF Plus;EUR;IE;OUI;ESG ETF art. 8;Euronext;2026-08-04
IE000CVOSY02;FRAETFDWLDIVXPAR;WORLD;ETF;Euronext Paris | ETF Plus;EUR;IE;OUI;-;Euronext;2026-08-04
IE000CWS09Q9;LG ETFJPEIGKETFP;XBNK;ETF;ETF Plus;EUR;IE;OUI;ESG ETF art. 8;Euronext;2026-08-04
IE000CWUZKZ9;FAMActAGE60ETFP;AGE60;ETF;ETF Plus;EUR;IE;OUI;-;Euronext;2026-08-04
IE000CXVOXQ1;WISETFWTDGNHETFP;DGRE;ETF;ETF Plus;EUR;IE;OUI;ESG ETF art. 8;Euronext;2026-08-04
IE000CYC2B65;ISHETFACWEIMETFP;ACSW;ETF;ETF Plus | Euronext Amsterdam - Multi-currency Trading;EUR;IE;OUI;-;Euronext;2026-08-04
IE000CYTPBT0;INVETFBCOMCAETFP;CMOC;ETF;ETF Plus;EUR;IE;OUI;ESG ETF art. 8;Euronext;2026-08-04
IE000CZJPCH1;ISHActEHEBXAMS;EHEB;ETF;Euronext Amsterdam;EUR;IE;OUI;-;Euronext;2026-08-04
IE000CZQJXB8;ISHActTENJETFP;TENJ;ETF;ETF Plus | Euronext Amsterdam - Multi-currency Trading;EUR;IE;OUI;-;Euronext;2026-08-04
IE000CZU3JH0;FRAActUSENETFP;USEN;ETF;ETF Plus;EUR;IE;OUI;ESG ETF art. 8;Euronext;2026-08-04
IE000D0T0BO1;FRAETFFLXJIVXPAR;JAPAN;ETF;Euronext Paris | ETF Plus | Euronext Amsterdam - Multi-currency Trading;EUR;IE;OUI;-;Euronext;2026-08-04
IE000D1017N2;WISETFWTVALGETFP;WTVG;ETF;ETF Plus;EUR;IE;OUI;ESG ETF art. 8;Euronext;2026-08-04
IE000D1DAPO5;ROBActRCEGXAMS;RCEG;ETF;Euronext Amsterdam;EUR;IE;OUI;ESG ETF art. 8;Euronext;2026-08-04
IE000D2UDLG6;HSBETFTRSYIMETFP;HUST;ETF;ETF Plus;EUR;IE;OUI;-;Euronext;2026-08-04
IE000D3BWBR2;ISH S&P 500 SWP US;I50D;ETF;Euronext Amsterdam - Multi-currency Trading;USD;IE;OUI;-;Euronext;2026-08-04
IE000D3E0G47;GOLActGSINETFP;GSIN;ETF;ETF Plus;EUR;IE;OUI;ESG ETF art. 8;Euronext;2026-08-04
IE000D5R9C23;ISHActAXEEETFP;AXEE;ETF;ETF Plus | Euronext Amsterdam - Multi-currency Trading;EUR;IE;OUI;ESG ETF art. 8;Euronext;2026-08-04
IE000D6810F1;ISHETFNU7484XAMS;QDIA;ETF;Euronext Amsterdam - Multi-currency Trading;USD;IE;OUI;ESG ETF art. 8;Euronext;2026-08-04
IE000D8FCSD8;Lstd Priv Eq USD A;IPRA;ETF;Euronext Amsterdam - Multi-currency Trading;USD;IE;OUI;-;Euronext;2026-08-04
IE000D8XC064;ISHActWOEEETFP;WOEE;ETF;ETF Plus | Euronext Amsterdam - Multi-currency Trading;EUR;IE;OUI;ESG ETF art. 8;Euronext;2026-08-04
IE000D9S4LT3;ISHActISOVXAMC;ISOV;ETF;Euronext Amsterdam - Multi-currency Trading;USD;IE;OUI;ESG ETF art. 8;Euronext;2026-08-04
IE000D9WMGF0;ISHETFI38442ETFP;IG31;ETF;ETF Plus | Euronext Amsterdam;EUR;IE;OUI;ESG ETF art. 8;Euronext;2026-08-04
IE000DOZYQJ7;TABETFTAEHIMETFP;TAEH;ETF;ETF Plus;EUR;IE;OUI;ESG ETF art. 8;Euronext;2026-08-04
IE000DPO6LM8;LG ETFM1WOMCETFP;MIDS;ETF;ETF Plus;EUR;IE;OUI;-;Euronext;2026-08-04
IE000DQLYVB9;ISHETFSP500XPAR;SPEA;ETF;Euronext Paris;EUR;IE;OUI;-;Euronext;2026-08-04
IE000DQNQS25;FAMActPRIMJETFP;PRIMJ;ETF;ETF Plus;EUR;IE;OUI;-;Euronext;2026-08-04
IE000DR59CI3;ISHETFSTXEGSXAMS;STOR;ETF;Euronext Amsterdam - Multi-currency Trading;USD;IE;OUI;ESG ETF art. 8;Euronext;2026-08-04
IE000DWHL026;PicActPQUSETFP;PQUS;ETF;ETF Plus;EUR;IE;OUI;ESG ETF art. 8;Euronext;2026-08-04
IE000DYQE2Q3;ISHActBAT1ETFP;BAT1;ETF;ETF Plus;EUR;IE;OUI;ESG ETF art. 8;Euronext;2026-08-04
IE000E02WFD5;FRAETFLT12TRETFP;FLUSA;ETF;ETF Plus | Euronext Paris;EUR;IE;OUI;-;Euronext;2026-08-04
IE000E4BATC9;XTRETFXZWEIMETFP;XZWD;ETF;ETF Plus;EUR;IE;OUI;ESG ETF art. 8;Euronext;2026-08-04
IE000E6TPCH9;INVETFSPXQUNETFP;SPQA;ETF;ETF Plus;EUR;IE;OUI;-;Euronext;2026-08-04
IE000E7EI9P0;AMUETFSPDSETXPAR;GLIT;ETF;Euronext Paris;EUR;IE;OUI;ESG ETF art. 8;Euronext;2026-08-04
IE000E8WZD37;HSBETFSBKUXPAR;HBKS;ETF;Euronext Paris;EUR;IE;OUI;-;Euronext;2026-08-04
IE000E909O74;PCR GCOW UCITS ETF;GCOW;ETF;Euronext Amsterdam - Multi-currency Trading;USD;IE;OUI;-;Euronext;2026-08-04
IE000E9W0ID3;ISHETFNU7548ETFP;TLCO;ETF;ETF Plus | Euronext Amsterdam - Multi-currency Trading;EUR;IE;OUI;-;Euronext;2026-08-04
IE000EA7I2N5;SSGETFJPEIA2ETFP;SAUE;ETF;ETF Plus;EUR;IE;OUI;-;Euronext;2026-08-04
IE000EBFYWX3;GLOETFCROPIMETFP;CROP;ETF;ETF Plus;EUR;IE;OUI;-;Euronext;2026-08-04
IE000EBPC0Z7;FRAETFFRCPIMETFP;FRCP;ETF;ETF Plus | Euronext Paris;EUR;IE;OUI;ESG ETF art. 8;Euronext;2026-08-04
IE000EC86C06;GOLActGEMSETFP;GEMS;ETF;ETF Plus;EUR;IE;OUI;ESG ETF art. 8;Euronext;2026-08-04
IE000EDOZV89;INVActWITAETFP;WITA;ETF;ETF Plus;EUR;IE;OUI;-;Euronext;2026-08-04
IE000EE3Q489;FAMETFMAMWIMETFP;FAMAMW;ETF;ETF Plus;EUR;IE;OUI;-;Euronext;2026-08-04
IE000EETFH77;BNPACTAUSSHXPAR;AUSSH;ETF;Euronext Paris;EUR;IE;OUI;ESG ETF art. 8;Euronext;2026-08-04
IE000EFHIFG3;AMUETFSPDSECETFP;TELEW;ETF;ETF Plus | Euronext Paris;EUR;IE;OUI;ESG ETF art. 8;Euronext;2026-08-04
IE000EHPAS96;BNPETFMSCIWMXPAR;WEMTH;ETF;Euronext Paris;EUR;IE;OUI;ESG ETF art. 8;Euronext;2026-08-04
IE000EJ2EHO7;UBSETFDMVOIMETFP;WDMVO;ETF;ETF Plus;EUR;IE;OUI;ESG ETF art. 8;Euronext;2026-08-04
IE000EKG45L0;SSGETFTIPEIMETFP;ETIP;ETF;ETF Plus;EUR;IE;OUI;-;Euronext;2026-08-04
IE000EOFR2K5;ISHActUSDBETFP;USDB;ETF;ETF Plus | Euronext Amsterdam - Multi-currency Trading;EUR;IE;OUI;-;Euronext;2026-08-04
IE000EPIJ442;UBSETFSOLGSMETFP;GSM;ETF;ETF Plus;EUR;IE;OUI;-;Euronext;2026-08-04
IE000EPX8KB7;GLOSTRETFP;SPQH;ETF;ETF Plus;EUR;IE;OUI;-;Euronext;2026-08-04
IE000EQGURT5;FRAETFSPSVITETFP;USIT;ETF;ETF Plus;EUR;IE;OUI;-;Euronext;2026-08-04
IE000F04HGE5;XTRActXFLNETFP;XFLN;ETF;ETF Plus;EUR;IE;OUI;-;Euronext;2026-08-04
IE000F215NJ2;M&GActMNGAETFP;MNGA;ETF;ETF Plus;EUR;IE;OUI;-;Euronext;2026-08-04
IE000F2IX674;SSGActSWSCETFP;SWSC;ETF;ETF Plus;EUR;IE;OUI;ESG ETF art. 8;Euronext;2026-08-04
IE000F354Q61;XTRETFNCUDWIETFP;XSWC;ETF;ETF Plus;EUR;IE;OUI;-;Euronext;2026-08-04
IE000F37PGZ3;VANETFI349EUETFP;V3RF;ETF;ETF Plus | Euronext Amsterdam, Paris;EUR;IE;OUI;ESG ETF art. 8;Euronext;2026-08-04
IE000F3AQVD2;InvETFMSTRUSETFP;OMNIS;ETF;ETF Plus;EUR;IE;OUI;-;Euronext;2026-08-04
IE000F4FFLL6;BLUETFUS500NXAMC;BSUH;ETF;Euronext Amsterdam - Multi-currency Trading;HUF;IE;OUI;-;Euronext;2026-08-04
IE000F60HVH9;AMUETFMXUSSCXPAR;USAS;ETF;Euronext Paris;EUR;IE;OUI;ESG ETF art. 8;Euronext;2026-08-04
IE000F6XDNZ5;ISHETFITPSIMETFP;ITPD;ETF;ETF Plus;EUR;IE;OUI;-;Euronext;2026-08-04
IE000F9AQNW6;WISETFWTVALUETFP;WTVU;ETF;ETF Plus;EUR;IE;OUI;ESG ETF art. 8;Euronext;2026-08-04
IE000F9IDGB5;ISHETFM1WOETFP;IWDS;ETF;ETF Plus | Euronext Paris | Euronext Amsterdam - Multi-currency Trading;EUR;IE;OUI;-;Euronext;2026-08-04
IE000FASRFS4;JPMActJMACETFP;JMAC;ETF;ETF Plus;EUR;IE;OUI;ESG ETF art. 8;Euronext;2026-08-04
IE000FCGBU62;AMUETFSPDSEMETFP;MATW;ETF;ETF Plus | Euronext Paris;EUR;IE;OUI;ESG ETF art. 8;Euronext;2026-08-04
IE000FDU4IY8;PIMActLDIGETFP;LDIG;ETF;ETF Plus;EUR;IE;OUI;ESG ETF art. 8;Euronext;2026-08-04
IE000FF2EBQ8;BNPETFEENGIMETFP;EENG;ETF;ETF Plus | Euronext Paris;EUR;IE;OUI;ESG ETF art. 8;Euronext;2026-08-04
IE000FG3UNB8;INVETFIBXXCAETFP;EATA;ETF;ETF Plus;EUR;IE;OUI;ESG ETF art. 8;Euronext;2026-08-04
IE000FHBZDZ8;iSh Cr Glb Ag Bd;AGAC;ETF;Euronext Amsterdam - Multi-currency Trading;USD;IE;OUI;-;Euronext;2026-08-04
IE000FMF9DG3;M&GActAAAMETFP;AAAM;ETF;ETF Plus;EUR;IE;OUI;-;Euronext;2026-08-04
IE000FO1A5D1;XTRETFXDEWIMETFP;XEQW;ETF;ETF Plus;EUR;IE;OUI;-;Euronext;2026-08-04
IE000FOSCLU1;MSCI EMU Prs-Alg D;MPAB;ETF;Euronext Amsterdam;EUR;IE;OUI;ESG ETF art. 9;Euronext;2026-08-04
IE000FP52WM7;GLOETFDMATIMETFP;DMAT;ETF;ETF Plus;EUR;IE;OUI;-;Euronext;2026-08-04
IE000FRX67F3;GOLActGEVTETFP;GEVT;ETF;ETF Plus;EUR;IE;OUI;ESG ETF art. 8;Euronext;2026-08-04
IE000FS24HM1;BLUETFFGLOIMXAMC;BSWH;ETF;Euronext Amsterdam - Multi-currency Trading;HUF;IE;OUI;-;Euronext;2026-08-04
IE000FSN19U2;AMUETFCSUSIMETFP;WEBH;ETF;ETF Plus;EUR;IE;OUI;-;Euronext;2026-08-04
IE000FVQW7E7;INVETFI38470ETFP;GCBE;ETF;ETF Plus;EUR;IE;OUI;ESG ETF art. 8;Euronext;2026-08-04
IE000FVYOWC4;HANActPTEUETFP;PTEU;ETF;ETF Plus;EUR;IE;OUI;-;Euronext;2026-08-04
IE000FW9A4J6;PLURIMA APUANO BON;PLAFBL;OPCVM;ATFund Instruments;EUR;IE;OUI;;Euronext;2026-08-04
IE000FXHG8D6;INVETFTRUDIMETFP;TRUD;ETF;ETF Plus;EUR;IE;OUI;-;Euronext;2026-08-04
IE000G0E83X3;ISHActIARTETFP;IART;ETF;ETF Plus | Euronext Amsterdam - Multi-currency Trading | Euronext Paris;EUR;IE;OUI;ESG ETF art. 8;Euronext;2026-08-04
IE000G2LIHG9;ISHETFSAUAIMETFP;SAUA;ETF;ETF Plus;EUR;IE;OUI;ESG ETF art. 8;Euronext;2026-08-04
IE000G4ONBO6;FIDETFSOLGOPETFP;FFGC;ETF;ETF Plus;EUR;IE;OUI;ESG ETF art. 8;Euronext;2026-08-04
IE000G6CY1T7;ISHETFI26UETFP;26TA;ETF;ETF Plus;EUR;IE;OUI;-;Euronext;2026-08-04
IE000GA3D489;ARKActARKKETFP;ARKK;ETF;ETF Plus;EUR;IE;OUI;-;Euronext;2026-08-04
IE000GA7JQV8;AMUETFSOLGDCXPAR;DATAC;ETF;Euronext Paris;EUR;IE;OUI;-;Euronext;2026-08-04
IE000GB2EQ90;INVETFI38671ETFP;BS30;ETF;ETF Plus;EUR;IE;OUI;ESG ETF art. 8;Euronext;2026-08-04
IE000GBYNAU4;AXAETFICET25ETFP;ADLU;ETF;ETF Plus;EUR;IE;OUI;-;Euronext;2026-08-04
IE000GDU4WA8;HANActGOVEETFP;GOVE;ETF;ETF Plus;EUR;IE;OUI;-;Euronext;2026-08-04
IE000GE2BEZ9;EU HgYd CoBd US H;HISD;ETF;Euronext Amsterdam - Multi-currency Trading;USD;IE;OUI;ESG ETF art. 8;Euronext;2026-08-04
IE000GNOSM10;GOLETFMXWOPEETFP;GSPE;ETF;ETF Plus | Euronext Paris;EUR;IE;OUI;ESG ETF art. 8;Euronext;2026-08-04
IE000GOJO2A3;VANETFV3PLIMETFP;V3PA;ETF;ETF Plus | Euronext Amsterdam, Paris;EUR;IE;OUI;ESG ETF art. 8;Euronext;2026-08-04
IE000GSIFIB0;GLOETFSOLTBIETFP;CLIP;ETF;ETF Plus;EUR;IE;OUI;-;Euronext;2026-08-04
IE000GTBEXG4;VANETFRU2000ETFP;VRSA;ETF;ETF Plus | Euronext Amsterdam;EUR;IE;OUI;-;Euronext;2026-08-04
IE000GTJ2I49;ISHETF756294XAMS;JCTD;ETF;Euronext Amsterdam - Multi-currency Trading;USD;IE;OUI;ESG ETF art. 8;Euronext;2026-08-04
IE000GU6MFI0;VANETF1EUAITXAMS;VUDY;ETF;Euronext Amsterdam;EUR;IE;OUI;-;Euronext;2026-08-04
IE000GUIUCJ1;LG ETFNU7547ETFP;GEDI;ETF;ETF Plus;EUR;IE;OUI;ESG ETF art. 8;Euronext;2026-08-04
IE000GW790Q8;ISHACTCLORXPAR;CLOR;ETF;Euronext Paris - Multi-currency Trading;USD;IE;OUI;-;Euronext;2026-08-04
IE000H0TSO96;FRAACTSCORETFP;SCOR;ETF;ETF Plus;EUR;IE;OUI;ESG ETF art. 8;Euronext;2026-08-04
IE000H1H16W5;MSCI Wld Val USD A;IWVE;ETF;Euronext Amsterdam - Multi-currency Trading;USD;IE;OUI;ESG ETF art. 8;Euronext;2026-08-04
IE000H3AH951;UBSETFREITIMETFP;GREIT;ETF;ETF Plus;EUR;IE;OUI;ESG ETF art. 8;Euronext;2026-08-04
IE000H3Q3AF6;VANETF1EUAITETFP;VUDS;ETF;ETF Plus | Euronext Amsterdam;EUR;IE;OUI;-;Euronext;2026-08-04
IE000H444PH5;ISHETFSPY4IMXAMS;SP4S;ETF;Euronext Amsterdam - Multi-currency Trading;USD;IE;OUI;-;Euronext;2026-08-04
IE000H5X52W8;iSh iBd Dc27 E Dst;IBE7;ETF;Euronext Paris | ETF Plus;EUR;IE;OUI;ESG ETF art. 8;Euronext;2026-08-04
IE000H92C4B8;ISHETFI38113ETFP;HYEP;ETF;ETF Plus;EUR;IE;OUI;ESG ETF art. 8;Euronext;2026-08-04
IE000HA0OM03;FAMETFMVMETVETFP;METAJ;ETF;ETF Plus;EUR;IE;OUI;ESG ETF art. 8;Euronext;2026-08-04
IE000HARFTG3;VANETFGOVSIMXAMS;VSGE;ETF;Euronext Amsterdam | ETF Plus;EUR;IE;OUI;-;Euronext;2026-08-04
IE000HDEYKM3;FIDActFYEIETFP;FYEI;ETF;ETF Plus;EUR;IE;OUI;ESG ETF art. 9;Euronext;2026-08-04
IE000HDPAH09;PIMActEUGOETFP;EUGO;ETF;ETF Plus;EUR;IE;OUI;ESG ETF art. 8;Euronext;2026-08-04
IE000HEA19Q3;FAMActFORTEETFP;FORTE;ETF;ETF Plus;EUR;IE;OUI;-;Euronext;2026-08-04
IE000HF69TA9;HANActFEPIETFP;FEPI;ETF;ETF Plus;EUR;IE;OUI;-;Euronext;2026-08-04
IE000HGH8PV2;GLOStrSPBSAETFP;SPAH;ETF;ETF Plus;EUR;IE;OUI;-;Euronext;2026-08-04
IE000HH3SU50;MSCI E Prs-Alg D;EPAD;ETF;Euronext Amsterdam;EUR;IE;OUI;ESG ETF art. 9;Euronext;2026-08-04
IE000HIHKYJ1;ISHETFSPXT2CXAMS;S2P0;ETF;Euronext Amsterdam - Multi-currency Trading;USD;IE;OUI;-;Euronext;2026-08-04
IE000HJ3ZIR8;BLUETFUS500NXAMS;BSUE;ETF;Euronext Amsterdam;EUR;IE;OUI;-;Euronext;2026-08-04
IE000HQY8R78;ISH GB AG BD US HD;AGGD;ETF;Euronext Amsterdam - Multi-currency Trading;USD;IE;OUI;ESG ETF art. 8;Euronext;2026-08-04
IE000HSER094;FRAETFMSUDESETFP;USDVD;ETF;ETF Plus;EUR;IE;OUI;-;Euronext;2026-08-04
IE000HT8JEW8;ISHETFDJJPSDXAMC;JPDV;ETF;Euronext Amsterdam - Multi-currency Trading;USD;IE;OUI;-;Euronext;2026-08-04
IE000HY30YW6;XTRETFSP500ETFP;X500;ETF;ETF Plus;EUR;IE;OUI;-;Euronext;2026-08-04
IE000HYFO765;GOLActGQUSETFP;GQUS;ETF;ETF Plus | Euronext Paris;EUR;IE;OUI;ESG ETF art. 8;Euronext;2026-08-04
IE000I0U8OO3;ISHETFLGTRTRXAMS;IGBD;ETF;Euronext Amsterdam - Multi-currency Trading;USD;IE;OUI;-;Euronext;2026-08-04
IE000I1D7D10;iBds D27 Term $ Ac;DI27;ETF;Euronext Paris;EUR;IE;OUI;ESG ETF art. 8;Euronext;2026-08-04
IE000I1Q42S9;ISHETFI37984XAMC;BD27;ETF;Euronext Amsterdam - Multi-currency Trading;USD;IE;OUI;-;Euronext;2026-08-04
IE000I4R3252;ISHETFSEST85XPAR;EPEA;ETF;Euronext Paris;EUR;IE;OUI;-;Euronext;2026-08-04
IE000I5NV504;HSBC MSCI USA IS;HIUS;ETF;Euronext Paris;EUR;IE;OUI;ESG ETF art. 8;Euronext;2026-08-04
IE000I660ZF8;ISHETFI38743ETFP;IG32;ETF;ETF Plus | Euronext Amsterdam;EUR;IE;OUI;ESG ETF art. 8;Euronext;2026-08-04
IE000I7E6HL0;HANETFARMYNETFP;ARMI;ETF;ETF Plus | Euronext Paris;EUR;IE;OUI;ESG ETF art. 8;Euronext;2026-08-04
IE000I8IKC59;INVETFPAJPIMETFP;PAJP;ETF;ETF Plus;EUR;IE;OUI;ESG ETF art. 8;Euronext;2026-08-04
IE000I8KRLL9;iS Glo Semi Acc;SEME;ETF;Euronext Paris | ETF Plus | Euronext Amsterdam - Multi-currency Trading;EUR;IE;OUI;ESG ETF art. 8;Euronext;2026-08-04
IE000I93LGG9;FAMActHEDGYETFP;HEDGY;ETF;ETF Plus;EUR;IE;OUI;-;Euronext;2026-08-04
IE000I9HGDZ3;XTRETFXDWYIMETFP;XWSC;ETF;ETF Plus;EUR;IE;OUI;ESG ETF art. 8;Euronext;2026-08-04
IE000IAPH329;AXA US HY ACC;AHYU;ETF;Euronext Paris - Multi-currency Trading | ETF Plus;USD;IE;OUI;ESG ETF art. 8;Euronext;2026-08-04
IE000IAXNM41;ISHETFSWEUTDXAMS;DFEU;ETF;Euronext Amsterdam;EUR;IE;OUI;-;Euronext;2026-08-04
IE000IDLWOL4;XTRETFSEQESGETFP;XEWE;ETF;ETF Plus;EUR;IE;OUI;ESG ETF art. 8;Euronext;2026-08-04
IE000IEGVMH6;AMUETFFUSAIMETFP;ETFUSA;ETF;ETF Plus;EUR;IE;OUI;-;Euronext;2026-08-04
IE000IEOQSJ3;JPMActJEHYETFP;JEHY;ETF;ETF Plus;EUR;IE;OUI;ESG ETF art. 8;Euronext;2026-08-04
IE000IF0HTJ9;FIDETFETFP;FGGB;ETF;ETF Plus;EUR;IE;OUI;ESG ETF art. 8;Euronext;2026-08-04
IE000IHURBR0;ISHETFI38444ETFP;29GI;ETF;ETF Plus | Euronext Paris;EUR;IE;OUI;ESG ETF art. 8;Euronext;2026-08-04
IE000IIED424;Os Blm US (Eur);OP7E;ETF;Euronext Paris;EUR;IE;OUI;ESG ETF art. 9;Euronext;2026-08-04
IE000IIHLZL0;LG ETFBCCFBTETFP;COMN;ETF;ETF Plus;EUR;IE;OUI;-;Euronext;2026-08-04
IE000IKMJDQ6;ISHETFXDEWIMXAMS;EWSD;ETF;Euronext Amsterdam - Multi-currency Trading;USD;IE;OUI;-;Euronext;2026-08-04
IE000IL7PZ05;PCR COWZ UCITS ETF;COWZ;ETF;Euronext Amsterdam - Multi-currency Trading;USD;IE;OUI;-;Euronext;2026-08-04
IE000IM4K4K2;FRAETFFLRAIVXPAR;METE;ETF;Euronext Paris | ETF Plus;EUR;IE;OUI;-;Euronext;2026-08-04
IE000IMGE5W5;FRAETFFLXDIMETFP;DIVA;ETF;ETF Plus | Euronext Paris;EUR;IE;OUI;-;Euronext;2026-08-04
IE000INTB8Q8;ISHActMAXMETFP;MAXM;ETF;ETF Plus | Euronext Amsterdam - Multi-currency Trading;EUR;IE;OUI;-;Euronext;2026-08-04
IE000IP0UC52;AMUETFHE7322XPAR;USAL;ETF;Euronext Paris;EUR;IE;OUI;ESG ETF art. 8;Euronext;2026-08-04
IE000IQQEL77;HANETFNSCOPEETFP;COPR;ETF;ETF Plus;EUR;IE;OUI;ESG ETF art. 8;Euronext;2026-08-04
IE000IVQPCG4;OSSETFDMPABNXPAR;OP9E;ETF;Euronext Paris;EUR;IE;OUI;ESG ETF art. 9;Euronext;2026-08-04
IE000IY9QFN9;FIDActFFLCETFP;FFLC;ETF;ETF Plus;EUR;IE;OUI;ESG ETF art. 8;Euronext;2026-08-04
IE000J0JU6M8;ISHETFI40425XAMC;36ID;ETF;Euronext Amsterdam - Multi-currency Trading;USD;IE;OUI;ESG ETF art. 8;Euronext;2026-08-04
IE000J0LN0R5;AMUETFSPDSEEETFP;ENERW;ETF;ETF Plus | Euronext Paris;EUR;IE;OUI;ESG ETF art. 8;Euronext;2026-08-04
IE000J3F4J90;HSBCJAPNSUSUSDDIST;HSJA;ETF;Euronext Paris;EUR;IE;OUI;ESG ETF art. 8;Euronext;2026-08-04
IE000J4FE268;AXAActACPIETFP;ACPI;ETF;ETF Plus;EUR;IE;OUI;ESG ETF art. 8;Euronext;2026-08-04
IE000J5PESP7;FIRETFBNUKESETFP;RCTR;ETF;ETF Plus;EUR;IE;OUI;-;Euronext;2026-08-04
IE000J6CHW80;VANETFH0CFETFP;USFA;ETF;ETF Plus | Euronext Paris;EUR;IE;OUI;-;Euronext;2026-08-04
IE000J7AY5Y3;VANETFRU1GN3ETFP;VRGU;ETF;ETF Plus | Euronext Amsterdam;EUR;IE;OUI;-;Euronext;2026-08-04
IE000J80JTL1;FIRETFGRIDIMETFP;GRID;ETF;ETF Plus;EUR;IE;OUI;-;Euronext;2026-08-04
IE000J8VOMQ9;FAMETFMVAITRETFP;AI4UJ;ETF;ETF Plus;EUR;IE;OUI;ESG ETF art. 8;Euronext;2026-08-04
IE000J8Z5N74;ISHETFLGTRTRXAMS;IGBG;ETF;Euronext Amsterdam - Multi-currency Trading;USD;IE;OUI;-;Euronext;2026-08-04
IE000JBB8CR7;AXA EUR IG ACC;AIPE;ETF;Euronext Paris | ETF Plus;EUR;IE;OUI;ESG ETF art. 8;Euronext;2026-08-04
IE000JBZXFH0;PicActPQWDETFP;PQWD;ETF;ETF Plus;EUR;IE;OUI;ESG ETF art. 8;Euronext;2026-08-04
IE000JCGTOP1;Os Blm US (HGD);OP7H;ETF;Euronext Paris;EUR;IE;OUI;ESG ETF art. 9;Euronext;2026-08-04
IE000JCW3DZ3;GLOETFMASHLDETFP;ARMR;ETF;ETF Plus;EUR;IE;OUI;-;Euronext;2026-08-04
IE000JEHORH6;ISHETFLUICTRXAMS;ICEH;ETF;Euronext Amsterdam;EUR;IE;OUI;-;Euronext;2026-08-04
IE000JEXZJT1;FIDActFBIEETFP;FBIE;ETF;ETF Plus;EUR;IE;OUI;ESG ETF art. 8;Euronext;2026-08-04
IE000JF2FLH9;FAMActHEDGJETFP;HEDGJ;ETF;ETF Plus;EUR;IE;OUI;-;Euronext;2026-08-04
IE000JHMFVN7;ISHETFI28UETFP;28IA;ETF;ETF Plus;EUR;IE;OUI;-;Euronext;2026-08-04
IE000JHYO4T6;UBSETFJPEIMETFP;JPE;ETF;ETF Plus;EUR;IE;OUI;ESG ETF art. 9;Euronext;2026-08-04
IE000JIPY1U8;JPMActHEQQETFP;HEQQ;ETF;ETF Plus;EUR;IE;OUI;-;Euronext;2026-08-04
IE000JJMOWY0;ROBAct3DCGETFP;3DCG;ETF;ETF Plus;EUR;IE;OUI;ESG ETF art. 8;Euronext;2026-08-04
IE000JJPY166;ISHActYCSHETFP;YCSH;ETF;ETF Plus | Euronext Amsterdam;EUR;IE;OUI;ESG ETF art. 8;Euronext;2026-08-04
IE000JMMZAP4;LG ETFNU7547ETFP;GEDE;ETF;ETF Plus;EUR;IE;OUI;ESG ETF art. 8;Euronext;2026-08-04
IE000JNHCBM6;GLOETFWNDYIMETFP;WNDY;ETF;ETF Plus;EUR;IE;OUI;ESG ETF art. 8;Euronext;2026-08-04
IE000JNKVS10;JP ETFBBSCIMETFP;BBSC;ETF;ETF Plus;EUR;IE;OUI;-;Euronext;2026-08-04
IE000JQ1PF28;FRAETFSUSM10ETFP;UH100;ETF;ETF Plus;EUR;IE;OUI;-;Euronext;2026-08-04
IE000JQ2IJD3;UBSETFSPHDVAETFP;SPDA;ETF;ETF Plus;EUR;IE;OUI;ESG ETF art. 8;Euronext;2026-08-04
IE000JR51TI1;VANETFVDTAIMETFP;VDTD;ETF;ETF Plus;EUR;IE;OUI;-;Euronext;2026-08-04
IE000JS0HUM5;HORActINFEAXAMS;INFEA;ETF;Euronext Amsterdam;EUR;IE;OUI;-;Euronext;2026-08-04
IE000JS4ANL9;JPMActJGOVETFP;JGOV;ETF;ETF Plus;EUR;IE;OUI;ESG ETF art. 8;Euronext;2026-08-04
IE000JUREXG2;JPMActJEUGETFP;JEUG;ETF;ETF Plus;EUR;IE;OUI;ESG ETF art. 8;Euronext;2026-08-04
IE000JXFRNI0;ISH $ TIPS 0-5 USD;TI5A;ETF;Euronext Amsterdam - Multi-currency Trading;USD;IE;OUI;-;Euronext;2026-08-04
IE000JZ473P7;HSBETFSP500ETFP;HSPA;ETF;ETF Plus;EUR;IE;OUI;-;Euronext;2026-08-04
IE000JZYIUN0;XTRETF7RNWCEETFP;XDG7;ETF;ETF Plus;EUR;IE;OUI;ESG ETF art. 8;Euronext;2026-08-04
IE000K1P4V37;Am MSCI W SRI PAB;WESE;ETF;Euronext Paris | ETF Plus;EUR;IE;OUI;ESG ETF art. 8;Euronext;2026-08-04
IE000K22VCJ6;SSGETFI00058ETFP;TRAX;ETF;ETF Plus;EUR;IE;OUI;-;Euronext;2026-08-04
IE000K3YPA16;KRAETFKWEBIMETFP;KWEH;ETF;ETF Plus;EUR;IE;OUI;-;Euronext;2026-08-04
IE000K48NTA1;BNPACTAWDSRXPAR;AWDSR;ETF;Euronext Paris;EUR;IE;OUI;ESG ETF art. 8;Euronext;2026-08-04
IE000K5F6EL4;FIRETFNQDVRIXAMS;RDVY;ETF;Euronext Amsterdam - Multi-currency Trading;USD;IE;OUI;-;Euronext;2026-08-04
IE000K5XQD29;BLUETFTFEUIMXAMC;BEEC;ETF;Euronext Amsterdam - Multi-currency Trading;CZK;IE;OUI;-;Euronext;2026-08-04
IE000K7PC2G4;VANETFSCDEUNXAMS;VESD;ETF;Euronext Amsterdam;EUR;IE;OUI;-;Euronext;2026-08-04
IE000K9Z3SF5;INVETFC300IMETFP;C300;ETF;ETF Plus;EUR;IE;OUI;-;Euronext;2026-08-04
IE000KB8X7I9;ISHETFHYLDIMXAMS;HYLH;ETF;Euronext Amsterdam - Multi-currency Trading;USD;IE;OUI;-;Euronext;2026-08-04
IE000KCS7J59;HSBCMSCIEMUSDACC;HEMA;ETF;Euronext Paris | ETF Plus;EUR;IE;OUI;-;Euronext;2026-08-04
IE000KD0BZ68;XTRETFXGENIMETFP;XGEN;ETF;ETF Plus;EUR;IE;OUI;ESG ETF art. 8;Euronext;2026-08-04
IE000KDY10O3;HANETFMETRIMETFP;GIJO;ETF;ETF Plus | Euronext Paris;EUR;IE;OUI;ESG ETF art. 8;Euronext;2026-08-04
IE000KEFZYE7;GOLActGQEMETFP;GQEM;ETF;ETF Plus | Euronext Paris;EUR;IE;OUI;ESG ETF art. 8;Euronext;2026-08-04
IE000KF370H3;WISETFWUSEFFETFP;NTSX;ETF;ETF Plus;EUR;IE;OUI;ESG ETF art. 8;Euronext;2026-08-04
IE000KG7KXI7;FRAETFSPSVFNETFP;USFIN;ETF;ETF Plus;EUR;IE;OUI;-;Euronext;2026-08-04
IE000KHX9DX6;WISETFWTMRARETFP;RARE;ETF;ETF Plus | Euronext Paris;EUR;IE;OUI;ESG ETF art. 8;Euronext;2026-08-04
IE000KJPDY61;ISH WD EQ HINC DIS;WINC;ETF;Euronext Amsterdam - Multi-currency Trading;USD;IE;OUI;ESG ETF art. 8;Euronext;2026-08-04
IE000KL4O2Z8;HSBActHQIWETFP;HQIW;ETF;ETF Plus;EUR;IE;OUI;-;Euronext;2026-08-04
IE000KLC2EN9;WISETFWTGDEFETFP;WDGF;ETF;ETF Plus | Euronext Paris;EUR;IE;OUI;-;Euronext;2026-08-04
IE000KPJJWM6;VANETFV3MLIMETFP;V3MA;ETF;ETF Plus | Euronext Amsterdam, Paris;EUR;IE;OUI;ESG ETF art. 8;Euronext;2026-08-04
IE000KR2IEH1;PIMActSPLUETFP;SPLU;ETF;ETF Plus;EUR;IE;OUI;-;Euronext;2026-08-04
IE000KXCEXR3;AMUETFSPXESAETFP;S500;ETF;ETF Plus | Euronext Paris | Euronext Amsterdam - Multi-currency Trading;EUR;IE;OUI;ESG ETF art. 8;Euronext;2026-08-04
IE000KYX7IP4;AMUETFSPDSEFXPAR;GLFI;ETF;Euronext Paris;EUR;IE;OUI;ESG ETF art. 8;Euronext;2026-08-04
IE000L0X6L81;GOLETFSOLESGETFP;GSGR;ETF;ETF Plus;EUR;IE;OUI;ESG ETF art. 9;Euronext;2026-08-04
IE000L2SA8K5;INVETFNETRNNETFP;IEWQ;ETF;ETF Plus;EUR;IE;OUI;-;Euronext;2026-08-04
IE000L2TO2T2;ISHETFSUOEIMETFP;SUA0;ETF;ETF Plus;EUR;IE;OUI;ESG ETF art. 8;Euronext;2026-08-04
IE000L2ZNB07;VANETFV3NAIMETFP;V3NL;ETF;ETF Plus | Euronext Amsterdam, Paris;EUR;IE;OUI;ESG ETF art. 8;Euronext;2026-08-04
IE000L4EH2K5;INVETFSPDKLEETFP;WDHE;ETF;ETF Plus;EUR;IE;OUI;ESG ETF art. 8;Euronext;2026-08-04
IE000L5NW549;MSCI Wld Mom USD A;IWME;ETF;Euronext Amsterdam - Multi-currency Trading;USD;IE;OUI;ESG ETF art. 8;Euronext;2026-08-04
IE000L6ZMMC4;XTRETFCSUSIMETFP;ALLW;ETF;ETF Plus;EUR;IE;OUI;-;Euronext;2026-08-04
IE000LAP5Z18;AMUETFSPXELSETFP;WELE;ETF;ETF Plus;EUR;IE;OUI;ESG ETF art. 8;Euronext;2026-08-04
IE000LAUZQT6;XTRETFNU7520ETFP;XWEV;ETF;ETF Plus;EUR;IE;OUI;ESG ETF art. 8;Euronext;2026-08-04
IE000LCKJ888;WISETFWTPAIUETFP;WPAI;ETF;ETF Plus | Euronext Paris;EUR;IE;OUI;-;Euronext;2026-08-04
IE000LETV955;ISHETFI38734XAMS;33ID;ETF;Euronext Amsterdam - Multi-currency Trading;USD;IE;OUI;-;Euronext;2026-08-04
IE000LG8P349;UTI ISB UCITS ETF;UIGB;ETF;Euronext Amsterdam - Multi-currency Trading | ETF Plus;USD;IE;OUI;-;Euronext;2026-08-04
IE000LGWDNE5;INVETFKGAIESETFP;IVAI;ETF;ETF Plus;EUR;IE;OUI;ESG ETF art. 8;Euronext;2026-08-04
IE000LIYGB49;BNPACTAUSSRXPAR;AUSSR;ETF;Euronext Paris;EUR;IE;OUI;ESG ETF art. 8;Euronext;2026-08-04
IE000LKGEZQ6;INVETFI38681ETFP;BE28;ETF;ETF Plus;EUR;IE;OUI;ESG ETF art. 8;Euronext;2026-08-04
IE000LSRKCB4;GLOSTRETFP;SPQB;ETF;ETF Plus;EUR;IE;OUI;-;Euronext;2026-08-04
IE000LST78X7;ALLActAZUQETFP;AZUQ;ETF;ETF Plus;EUR;IE;OUI;-;Euronext;2026-08-04
IE000LTA2082;AMUETFSPDSEIETFP;INDGW;ETF;ETF Plus | Euronext Paris;EUR;IE;OUI;ESG ETF art. 8;Euronext;2026-08-04
IE000LUZJNI7;INVETFM7EUEWETFP;MEEQ;ETF;ETF Plus;EUR;IE;OUI;-;Euronext;2026-08-04
IE000LW5CCQ4;ROBActRHYGETFP;RHYG;ETF;ETF Plus;EUR;IE;OUI;-;Euronext;2026-08-04
IE000LX17BP9;ISHETFI38443ETFP;30IG;ETF;ETF Plus | Euronext Paris;EUR;IE;OUI;ESG ETF art. 8;Euronext;2026-08-04
IE000LYBU7X5;HSBETFHWVLIMETFP;HWVL;ETF;ETF Plus;EUR;IE;OUI;ESG ETF art. 8;Euronext;2026-08-04
IE000LZ7BZW8;ISHETFI26UETFP;26TP;ETF;ETF Plus | Euronext Paris;EUR;IE;OUI;-;Euronext;2026-08-04
IE000LZI2UH4;JPMActJPHYETFP;JPHY;ETF;ETF Plus;EUR;IE;OUI;ESG ETF art. 8;Euronext;2026-08-04
IE000M02BVY5;GOLActEUHYETFP;EUHY;ETF;ETF Plus;EUR;IE;OUI;ESG ETF art. 8;Euronext;2026-08-04
IE000M284BG0;INVActEUTAETFP;EUTA;ETF;ETF Plus;EUR;IE;OUI;ESG ETF art. 8;Euronext;2026-08-04
IE000M46QA27;BNPETFCSUSIMXPAR;BIGUS;ETF;Euronext Paris;EUR;IE;OUI;-;Euronext;2026-08-04
IE000M6STPW4;VANETF1EUAITETFP;VUDP;ETF;ETF Plus | Euronext Amsterdam;EUR;IE;OUI;-;Euronext;2026-08-04
IE000M7V94E1;VANETFMVNLRTETFP;NUCL;ETF;ETF Plus | Euronext Paris;EUR;IE;OUI;-;Euronext;2026-08-04
IE000M86QRT4;AMUETFSPXXEHXPAR;MWOQ;ETF;Euronext Paris;EUR;IE;OUI;ESG ETF art. 8;Euronext;2026-08-04
IE000M8F3JA6;XTRActXGLAETFP;XGLA;ETF;ETF Plus;EUR;IE;OUI;-;Euronext;2026-08-04
IE000MCVFK47;XTRETFXGBEIMETFP;XGBE;ETF;ETF Plus;EUR;IE;OUI;ESG ETF art. 9;Euronext;2026-08-04
IE000MELAE65;ISHETFNU7476ETFP;WENE;ETF;ETF Plus | Euronext Amsterdam - Multi-currency Trading;EUR;IE;OUI;ESG ETF art. 8;Euronext;2026-08-04
IE000MGAVJV3;ISHETF756292XAMS;UCTA;ETF;Euronext Amsterdam - Multi-currency Trading;USD;IE;OUI;ESG ETF art. 8;Euronext;2026-08-04
IE000MINO564;L&GETFEMD5IMETFP;EMGH;ETF;ETF Plus;EUR;IE;OUI;ESG ETF art. 8;Euronext;2026-08-04
IE000MKIH0W7;FIDETFFIDUSQETFP;FUSV;ETF;ETF Plus;EUR;IE;OUI;ESG ETF art. 8;Euronext;2026-08-04
IE000MLMNYS0;ISH S&P EQ WGHT US;EWSP;ETF;Euronext Amsterdam - Multi-currency Trading | ETF Plus | Euronext Paris;USD;IE;OUI;-;Euronext;2026-08-04
IE000MMRLY96;HANActYMAGETFP;YMAG;ETF;ETF Plus;EUR;IE;OUI;-;Euronext;2026-08-04
IE000MO2MB07;WISETFWTREIMETFP;WTRE;ETF;ETF Plus;EUR;IE;OUI;ESG ETF art. 8;Euronext;2026-08-04
IE000MQ5XEW1;LG ETFBCC4C4ETFP;XAGZ;ETF;ETF Plus;EUR;IE;OUI;-;Euronext;2026-08-04
IE000MRIQ479;LG ETFGDXDGQETFP;LDGA;ETF;ETF Plus;EUR;IE;OUI;ESG ETF art. 8;Euronext;2026-08-04
IE000MS76E73;PicActPQWXETFP;PQWX;ETF;ETF Plus;EUR;IE;OUI;ESG ETF art. 8;Euronext;2026-08-04
IE000MTYM4K8;JPMActJGAEETFP;JGAE;ETF;ETF Plus;EUR;IE;OUI;ESG ETF art. 8;Euronext;2026-08-04
IE000MU0FDZ8;LG ETFSPTRN1ETFP;SP1;ETF;ETF Plus;EUR;IE;OUI;-;Euronext;2026-08-04
IE000MUAJIF4;INVACTECMDETFP;ECMD;ETF;ETF Plus;EUR;IE;OUI;ESG ETF art. 8;Euronext;2026-08-04
IE000MVWFDH1;JPMActJMAGETFP;JMAG;ETF;ETF Plus;EUR;IE;OUI;ESG ETF art. 8;Euronext;2026-08-04
IE000MW6GT38;ISHETF756294XAMS;JCTA;ETF;Euronext Amsterdam - Multi-currency Trading;USD;IE;OUI;ESG ETF art. 8;Euronext;2026-08-04
IE000MWUQBJ0;HSBETFEUS50ETFP;H50A;ETF;ETF Plus;EUR;IE;OUI;-;Euronext;2026-08-04
IE000MYCJA42;AMUETFNRAMIMETFP;NRAM;ETF;ETF Plus | Euronext Paris | Euronext Amsterdam - Multi-currency Trading;EUR;IE;OUI;ESG ETF art. 8;Euronext;2026-08-04
IE000MZFIJ99;UBSETFNU7541ETFP;INDE;ETF;ETF Plus;EUR;IE;OUI;ESG ETF art. 8;Euronext;2026-08-04
IE000N0TTJQ9;AXA USD IG ACC;AIPU;ETF;Euronext Paris - Multi-currency Trading | ETF Plus;USD;IE;OUI;ESG ETF art. 8;Euronext;2026-08-04
IE000N1ZEIG9;INVETFSPXCBPETFP;SCTB;ETF;ETF Plus;EUR;IE;OUI;ESG ETF art. 8;Euronext;2026-08-04
IE000N3TZN02;AXAActASHUETFP;ASHU;ETF;ETF Plus;EUR;IE;OUI;ESG ETF art. 8;Euronext;2026-08-04
IE000N42HDP2;INVACTLVLCETFP;LVLC;ETF;ETF Plus;EUR;IE;OUI;ESG ETF art. 8;Euronext;2026-08-04
IE000N4E8XZ6;ISHETFI40153XAMS;29IU;ETF;Euronext Amsterdam - Multi-currency Trading;USD;IE;OUI;ESG ETF art. 8;Euronext;2026-08-04
IE000N6I8IU2;JPMActJEQAETFP;JEQA;ETF;ETF Plus;EUR;IE;OUI;-;Euronext;2026-08-04
IE000N70F6V6;UBSETFCI2IMETFP;INDIA;ETF;ETF Plus;EUR;IE;OUI;-;Euronext;2026-08-04
IE000N7ES011;BLUETFFGLOIMXAMS;BSWE;ETF;Euronext Amsterdam;EUR;IE;OUI;-;Euronext;2026-08-04
IE000N852182;iSCB0-5USD Hdgd D;IS16;ETF;Euronext Amsterdam - Multi-currency Trading;USD;IE;OUI;-;Euronext;2026-08-04
IE000NBRE3P7;ISHETFIBXXEUETFP;EUES;ETF;ETF Plus;EUR;IE;OUI;ESG ETF art. 8;Euronext;2026-08-04
IE000NDWFGA5;GLOETFURNUIMETFP;URNU;ETF;ETF Plus;EUR;IE;OUI;-;Euronext;2026-08-04
IE000NFR7C63;iS China T Acc;CTEC;ETF;Euronext Amsterdam - Multi-currency Trading;USD;IE;OUI;ESG ETF art. 8;Euronext;2026-08-04
IE000NHAIBN0;ISHActIFLXETFP;IFLX;ETF;ETF Plus | Euronext Amsterdam;EUR;IE;OUI;ESG ETF art. 8;Euronext;2026-08-04
IE000NITTFF2;iSh Rusl 1000 Gr A;R1GR;ETF;Euronext Amsterdam - Multi-currency Trading;USD;IE;OUI;-;Euronext;2026-08-04
IE000NKC01D0;INVETFLGTRTRETFP;GGBD;ETF;ETF Plus;EUR;IE;OUI;-;Euronext;2026-08-04
IE000NL12KM9;ISHActUSHBXAMS;USHB;ETF;Euronext Amsterdam;EUR;IE;OUI;-;Euronext;2026-08-04
IE000NM0ALX6;AMUETFSPDSEDETFP;DISW;ETF;ETF Plus | Euronext Paris;EUR;IE;OUI;ESG ETF art. 8;Euronext;2026-08-04
IE000NPK2VI6;FAMETFMSFFIMETFP;FAMSFF;ETF;ETF Plus;EUR;IE;OUI;ESG ETF art. 8;Euronext;2026-08-04
IE000NRGX9M3;VANETFV3EAIMETFP;V3EL;ETF;ETF Plus | Euronext Amsterdam, Paris;EUR;IE;OUI;ESG ETF art. 8;Euronext;2026-08-04
IE000NS5HRY9;XTRETFNU7533ETFP;XZDW;ETF;ETF Plus;EUR;IE;OUI;ESG ETF art. 8;Euronext;2026-08-04
IE000NXF88S1;VANETFMVKO10ETFP;OIH;ETF;ETF Plus | Euronext Paris;EUR;IE;OUI;-;Euronext;2026-08-04
IE000NZURBQ4;ALLActAZGQETFP;AZGQ;ETF;ETF Plus;EUR;IE;OUI;-;Euronext;2026-08-04
IE000O1FWAW6;ISHETFI40143ETFP;IG35;ETF;ETF Plus | Euronext Paris;EUR;IE;OUI;ESG ETF art. 8;Euronext;2026-08-04
IE000O2G7VL0;FAMETFMEUSIMETFP;FAMEUS;ETF;ETF Plus;EUR;IE;OUI;ESG ETF art. 8;Euronext;2026-08-04
IE000O2QIHN4;AXAActAGYUETFP;AGYU;ETF;ETF Plus;EUR;IE;OUI;ESG ETF art. 8;Euronext;2026-08-04
IE000O359D06;FAMETFM1WDHDETFP;HIDIJ;ETF;ETF Plus;EUR;IE;OUI;-;Euronext;2026-08-04
IE000O36LOH8;INVETFI38674ETFP;BS26;ETF;ETF Plus;EUR;IE;OUI;ESG ETF art. 8;Euronext;2026-08-04
IE000O50THD5;ISHActTHRWXAMC;THRW;ETF;Euronext Amsterdam - Multi-currency Trading;USD;IE;OUI;ESG ETF art. 8;Euronext;2026-08-04
IE000O58J820;VANETFV3NAIMETFP;V3NA;ETF;ETF Plus | Euronext Amsterdam, Paris;EUR;IE;OUI;ESG ETF art. 8;Euronext;2026-08-04
IE000O5FBC47;AmSP500 NetZero;PABU;ETF;Euronext Paris | ETF Plus;EUR;IE;OUI;ESG ETF art. 8;Euronext;2026-08-04
IE000O5M6XO1;ARKActARKGETFP;ARKG;ETF;ETF Plus;EUR;IE;OUI;-;Euronext;2026-08-04
IE000O6GI299;GOLActGIGXXPAR;GIGX;ETF;Euronext Paris;EUR;IE;OUI;ESG ETF art. 8;Euronext;2026-08-04
IE000O6Z73N7;KRAETFKOIDTRETFP;KOID;ETF;ETF Plus;EUR;IE;OUI;-;Euronext;2026-08-04
IE000O7Q2E56;XTRETFVWCEIMETFP;WIRE;ETF;ETF Plus;EUR;IE;OUI;-;Euronext;2026-08-04
IE000O8KMPM1;WISETFWDNAIMETFP;WDNA;ETF;ETF Plus;EUR;IE;OUI;ESG ETF art. 8;Euronext;2026-08-04
IE000O8S1EX4;JPMACTTEMPETFP;TEMP;ETF;ETF Plus;EUR;IE;OUI;ESG ETF art. 9;Euronext;2026-08-04
IE000OBK3UE0;HANActFEGIETFP;FEGI;ETF;ETF Plus;EUR;IE;OUI;-;Euronext;2026-08-04
IE000OEF25S1;INVETFM1WOEWETFP;MWEQ;ETF;ETF Plus;EUR;IE;OUI;-;Euronext;2026-08-04
IE000OHEH5Y9;INVActIQGEETFP;IQGE;ETF;ETF Plus;EUR;IE;OUI;-;Euronext;2026-08-04
IE000OHHIBC6;iSh Cor MSCI Wd US;IWDD;ETF;Euronext Amsterdam - Multi-currency Trading;USD;IE;OUI;-;Euronext;2026-08-04
IE000OHXGWO8;ROBActRGSCETFP;RGSC;ETF;ETF Plus;EUR;IE;OUI;ESG ETF art. 8;Euronext;2026-08-04
IE000OJ31JQ4;FIRActGNOVETFP;GNOV;ETF;ETF Plus;EUR;IE;OUI;-;Euronext;2026-08-04
IE000OJ5TQP4;HANETFNATONTETFP;NATO;ETF;ETF Plus | Euronext Paris;EUR;IE;OUI;-;Euronext;2026-08-04
IE000OKVTDF7;IS USVAL ESG $A;IUVE;ETF;Euronext Amsterdam - Multi-currency Trading;USD;IE;OUI;ESG ETF art. 8;Euronext;2026-08-04
IE000OLIUP21;ISHActJAEEXAMC;JAEE;ETF;Euronext Amsterdam - Multi-currency Trading;USD;IE;OUI;ESG ETF art. 8;Euronext;2026-08-04
IE000ON9GR24;ISHActMAXSETFP;MAXS;ETF;ETF Plus | Euronext Amsterdam - Multi-currency Trading;EUR;IE;OUI;-;Euronext;2026-08-04
IE000OPODKS3;ISHETFCSUSIMXAMS;MSUD;ETF;Euronext Amsterdam - Multi-currency Trading;USD;IE;OUI;-;Euronext;2026-08-04
IE000OQGOX00;HANActGRNYETFP;GRNY;ETF;ETF Plus;EUR;IE;OUI;-;Euronext;2026-08-04
IE000OULL4R4;UBSETFCSUSIMETFP;CMXUS;ETF;ETF Plus;EUR;IE;OUI;-;Euronext;2026-08-04
IE000OV4XWA3;WISETFWTNTSZETFP;NTSZ;ETF;ETF Plus | Euronext Paris;EUR;IE;OUI;ESG ETF art. 8;Euronext;2026-08-04
IE000OVF8Q66;ISHActEMEEETFP;EMEE;ETF;ETF Plus | Euronext Amsterdam - Multi-currency Trading;EUR;IE;OUI;ESG ETF art. 8;Euronext;2026-08-04
IE000OY7BDY9;ISHETFINAAIMXAMC;NOAM;ETF;Euronext Amsterdam - Multi-currency Trading;USD;IE;OUI;-;Euronext;2026-08-04
IE000OYABFQ2;ISHETFRU20INETFP;RU2E;ETF;ETF Plus;EUR;IE;OUI;-;Euronext;2026-08-04
IE000P0AMD16;AXAActASLUETFP;ASLU;ETF;ETF Plus;EUR;IE;OUI;ESG ETF art. 8;Euronext;2026-08-04
IE000P0FL8E3;FIRActGMAYETFP;GMAY;ETF;ETF Plus;EUR;IE;OUI;-;Euronext;2026-08-04
IE000P0R7WK6;FRAACTGSOVETFP;GSOV;ETF;ETF Plus;EUR;IE;OUI;ESG ETF art. 9;Euronext;2026-08-04
IE000P16KP52;FT CBR EUR HDG;CBEU;ETF;Euronext Amsterdam;EUR;IE;OUI;-;Euronext;2026-08-04
IE000P1G9TM6;HANActMCTETFP;MCT;ETF;ETF Plus;EUR;IE;OUI;-;Euronext;2026-08-04
IE000P1IQS65;ISHActWOEHETFP;WOEH;ETF;ETF Plus;EUR;IE;OUI;ESG ETF art. 8;Euronext;2026-08-04
IE000P2CI9P3;ISHETFSXEDOMXAMS;EURP;ETF;Euronext Amsterdam;EUR;IE;OUI;-;Euronext;2026-08-04
IE000P3D0W60;WISETFWTRENEETFP;WRNW;ETF;ETF Plus;EUR;IE;OUI;ESG ETF art. 9;Euronext;2026-08-04
IE000PA766T7;INVACTECMSETFP;ECMS;ETF;ETF Plus;EUR;IE;OUI;ESG ETF art. 8;Euronext;2026-08-04
IE000PAW6X57;BLUETFUST100XAMS;BSTE;ETF;Euronext Amsterdam;EUR;IE;OUI;-;Euronext;2026-08-04
IE000PB4LRO2;AmMSCIWorld ESG;CLWD;ETF;Euronext Paris | ETF Plus;EUR;IE;OUI;ESG ETF art. 8;Euronext;2026-08-04
IE000PBKBK34;ISHETFGTBSXAMS;US03;ETF;Euronext Amsterdam - Multi-currency Trading;USD;IE;OUI;-;Euronext;2026-08-04
IE000PCF9772;SSGETFH00054ETFP;TREY;ETF;ETF Plus;EUR;IE;OUI;-;Euronext;2026-08-04
IE000PDUVTF3;XTRETFAWXUSNETFP;XIUS;ETF;ETF Plus;EUR;IE;OUI;-;Euronext;2026-08-04
IE000PEAJOT0;AMUETFGUSAIMETFP;ESGUSA;ETF;ETF Plus | Euronext Paris - Multi-currency Trading;EUR;IE;OUI;ESG ETF art. 8;Euronext;2026-08-04
IE000PEYL7P5;FRAETFSPSVCDETFP;USDIS;ETF;ETF Plus;EUR;IE;OUI;-;Euronext;2026-08-04
IE000PHR51Q6;ISHActEMMEXAMS;EMME;ETF;Euronext Amsterdam - Multi-currency Trading;USD;IE;OUI;-;Euronext;2026-08-04
IE000PJL7R74;INVETFPAEMIMETFP;PAEM;ETF;ETF Plus;EUR;IE;OUI;ESG ETF art. 8;Euronext;2026-08-04
IE000PKN5N58;INVActICLOETFP;ICLO;ETF;ETF Plus;EUR;IE;OUI;-;Euronext;2026-08-04
IE000PL3UFC3;ISHETFFENGLCXAMS;GRET;ETF;Euronext Amsterdam - Multi-currency Trading;USD;IE;OUI;ESG ETF art. 8;Euronext;2026-08-04
IE000PMX0MW6;AMUETFSPDSEUETFP;UTIW;ETF;ETF Plus;EUR;IE;OUI;ESG ETF art. 8;Euronext;2026-08-04
IE000PN3F926;FAMETFMVCETTETFP;EMOVE;ETF;ETF Plus;EUR;IE;OUI;ESG ETF art. 8;Euronext;2026-08-04
IE000PNL0242;FIDActFFSMETFP;FFSM;ETF;ETF Plus;EUR;IE;OUI;ESG ETF art. 8;Euronext;2026-08-04
IE000PPEL1I4;INVACTLINXBETFP;LINXB;ETF;ETF Plus;EUR;IE;OUI;-;Euronext;2026-08-04
IE000PQQLZM7;JPMACTJAGEETFP;JAGE;ETF;ETF Plus;EUR;IE;OUI;ESG ETF art. 8;Euronext;2026-08-04
IE000PS0J481;GLOETFMAEUIDETFP;BRIJ;ETF;ETF Plus;EUR;IE;OUI;-;Euronext;2026-08-04
IE000PSF3A70;XTRETFSIMPATETFP;XDGI;ETF;ETF Plus;EUR;IE;OUI;ESG ETF art. 8;Euronext;2026-08-04
IE000PTMIE90;ISHETFSWEBRXAMC;BLDR;ETF;Euronext Amsterdam - Multi-currency Trading | Euronext Paris;USD;IE;OUI;-;Euronext;2026-08-04
IE000PUAKZP8;ROBAct3DCEETFP;3DCE;ETF;ETF Plus;EUR;IE;OUI;ESG ETF art. 8;Euronext;2026-08-04
IE000PY7F8J9;ARKETFFXBYLUETFP;VITU;ETF;ETF Plus;EUR;IE;OUI;ESG ETF art. 9;Euronext;2026-08-04
IE000PZW9KB1;FAMETFM1WDHDETFP;HIDIV;ETF;ETF Plus;EUR;IE;OUI;-;Euronext;2026-08-04
IE000Q0CAPZ0;WISETFWTGDHYETFP;WDIV;ETF;ETF Plus;EUR;IE;OUI;ESG ETF art. 8;Euronext;2026-08-04
IE000Q0IU5T1;INVETFMSUSKLETFP;WDTE;ETF;ETF Plus;EUR;IE;OUI;ESG ETF art. 8;Euronext;2026-08-04
IE000Q1M7HB8;WISETFWTTRUEETFP;WEM;ETF;ETF Plus | Euronext Paris;EUR;IE;OUI;-;Euronext;2026-08-04
IE000Q2EQ5K8;ISHETFI28UETFP;28IY;ETF;ETF Plus | Euronext Paris;EUR;IE;OUI;-;Euronext;2026-08-04
IE000Q4EBR54;SSGETFSPMESLXAMS;400X;ETF;Euronext Amsterdam - Multi-currency Trading;USD;IE;OUI;-;Euronext;2026-08-04
IE000Q4J3CW6;VANETFAWNT07ETFP;VEZU;ETF;ETF Plus | Euronext Amsterdam;EUR;IE;OUI;-;Euronext;2026-08-04
IE000Q6C8036;BNPP SP500 ESG EUH;SPEUH;ETF;Euronext Paris;EUR;IE;OUI;ESG ETF art. 8;Euronext;2026-08-04
IE000Q7NR6I3;iSCB0-5USD Hdgd A;IS17;ETF;Euronext Amsterdam - Multi-currency Trading;USD;IE;OUI;-;Euronext;2026-08-04
IE000Q8F0M81;FIRETFGHHONETFP;H2O;ETF;ETF Plus | Euronext Amsterdam - Multi-currency Trading;EUR;IE;OUI;ESG ETF art. 8;Euronext;2026-08-04
IE000Q8N7WY1;ROBAct3DGLETFP;3DGL;ETF;ETF Plus;EUR;IE;OUI;ESG ETF art. 8;Euronext;2026-08-04
IE000Q9IHH10;ISHActEUCLETFP;EUCL;ETF;ETF Plus;EUR;IE;OUI;ESG ETF art. 8;Euronext;2026-08-04
IE000Q9W2IR3;ISHETFSTXAIAETFP;AIAA;ETF;ETF Plus | Euronext Amsterdam - Multi-currency Trading | Euronext Paris;EUR;IE;OUI;ESG ETF art. 8;Euronext;2026-08-04
IE000QADMYA3;VANETFI349EUETFP;V3RE;ETF;ETF Plus | Euronext Amsterdam, Paris;EUR;IE;OUI;ESG ETF art. 8;Euronext;2026-08-04
IE000QB5HJC8;SSGETFI00054ETFP;TRAY;ETF;ETF Plus;EUR;IE;OUI;-;Euronext;2026-08-04
IE000QCDDND5;FAMETFMVJPNQETFP;JPMQ;ETF;ETF Plus;EUR;IE;OUI;ESG ETF art. 8;Euronext;2026-08-04
IE000QDFFK00;AXAETFNA100TETFP;ANAU;ETF;ETF Plus | Euronext Paris;EUR;IE;OUI;-;Euronext;2026-08-04
IE000QF66PE6;INVETFS500ESETFP;5ESE;ETF;ETF Plus;EUR;IE;OUI;ESG ETF art. 8;Euronext;2026-08-04
IE000QGWZZO0;JPMACTJJEHETFP;JJEH;ETF;ETF Plus;EUR;IE;OUI;ESG ETF art. 8;Euronext;2026-08-04
IE000QIF5N15;AMUETFFGLOIMETFP;ETFGLO;ETF;ETF Plus;EUR;IE;OUI;-;Euronext;2026-08-04
IE000QLV3SY5;FRAETFEMKTPRETFP;FREP;ETF;ETF Plus | Euronext Paris;EUR;IE;OUI;ESG ETF art. 8;Euronext;2026-08-04
IE000QMIHY81;HSBETFMXWOETFP;HWDE;ETF;ETF Plus;EUR;IE;OUI;-;Euronext;2026-08-04
IE000QNT40T5;GARETF1EUAITXAMS;GUS3;ETF;Euronext Amsterdam - Multi-currency Trading;USD;IE;OUI;-;Euronext;2026-08-04
IE000QOU09J7;China Lg Cap USD A;FXAC;ETF;Euronext Amsterdam;EUR;IE;OUI;-;Euronext;2026-08-04
IE000QQ8Z0D8;AMUETFLUSAIMETFP;LUSA;ETF;ETF Plus | Euronext Paris;EUR;IE;OUI;ESG ETF art. 8;Euronext;2026-08-04
IE000QRDCYW2;SSGETFJPEIAGETFP;SAUB;ETF;ETF Plus;EUR;IE;OUI;-;Euronext;2026-08-04
IE000QRUKAG2;BLUETFTFEUIMXAMS;BSEU;ETF;Euronext Amsterdam;EUR;IE;OUI;-;Euronext;2026-08-04
IE000QU8JEH5;FAMETFMVAITRETFP;AI4U;ETF;ETF Plus;EUR;IE;OUI;ESG ETF art. 8;Euronext;2026-08-04
IE000QUCVEN9;ARKETFFXBYNFETFP;NFRA;ETF;ETF Plus;EUR;IE;OUI;ESG ETF art. 9;Euronext;2026-08-04
IE000QUOSE01;VANETFV3EAIMETFP;V3EA;ETF;ETF Plus | Euronext Amsterdam, Paris;EUR;IE;OUI;ESG ETF art. 8;Euronext;2026-08-04
IE000QVYFUT7;XTRETFTIGRIMETFP;XIGB;ETF;ETF Plus;EUR;IE;OUI;-;Euronext;2026-08-04
IE000QWCYQT0;AMUETFMXWOSCXPAR;WLSC;ETF;Euronext Paris;EUR;IE;OUI;ESG ETF art. 8;Euronext;2026-08-04
IE000QYDXKV5;VANETFMSDMXLETFP;TDVX;ETF;ETF Plus;EUR;IE;OUI;ESG ETF art. 8;Euronext;2026-08-04
IE000QZF7EX2;ISHETFM1CXNNXAMC;LAMT;ETF;Euronext Amsterdam - Multi-currency Trading;USD;IE;OUI;-;Euronext;2026-08-04
IE000R4ZNTN3;ISHETFNDDUWXETFP;XUSE;ETF;ETF Plus | Euronext Amsterdam - Multi-currency Trading;EUR;IE;OUI;-;Euronext;2026-08-04
IE000R7DCW45;JPMActJPYEETFP;JPYE;ETF;ETF Plus;EUR;IE;OUI;ESG ETF art. 8;Euronext;2026-08-04
IE000R7HJVO6;ISHActUSEHETFP;USEH;ETF;ETF Plus;EUR;IE;OUI;ESG ETF art. 8;Euronext;2026-08-04
IE000R7KKFN3;ISHActIFXLXAMS;IFXL;ETF;Euronext Amsterdam;EUR;IE;OUI;ESG ETF art. 8;Euronext;2026-08-04
IE000R85HL30;AMUETFSRIHIMETFP;USRI;ETF;ETF Plus | Euronext Paris | Euronext Amsterdam - Multi-currency Trading;EUR;IE;OUI;ESG ETF art. 8;Euronext;2026-08-04
IE000R8PO127;HANETFRBUAETFP;UKRN;ETF;ETF Plus;EUR;IE;OUI;-;Euronext;2026-08-04
IE000R9FA4A0;ISH S&P 500 ESG US;ESPX;ETF;Euronext Amsterdam - Multi-currency Trading;USD;IE;OUI;ESG ETF art. 8;Euronext;2026-08-04
IE000R9RIBW8;NJ INDO SMALL SDG;NJINDO;OPCVM;ATFund Instruments;EUR;IE;OUI;;Euronext;2026-08-04
IE000RBFCPY3;INVETFLGTRTRETFP;GGED;ETF;ETF Plus;EUR;IE;OUI;-;Euronext;2026-08-04
IE000RDRMSD1;ISH BLOCKCHAIN USD;BLKC;ETF;Euronext Amsterdam - Multi-currency Trading | ETF Plus;USD;IE;OUI;-;Euronext;2026-08-04
IE000RE0SQM6;JPMActJIPDETFP;JIPD;ETF;ETF Plus;EUR;IE;OUI;-;Euronext;2026-08-04
IE000REC8UF0;ISHETFI40425XAMC;ID36;ETF;Euronext Amsterdam - Multi-currency Trading | Euronext Paris;USD;IE;OUI;ESG ETF art. 8;Euronext;2026-08-04
IE000RITWOD4;GOLActGQEUETFP;GQEU;ETF;ETF Plus | Euronext Paris;EUR;IE;OUI;ESG ETF art. 8;Euronext;2026-08-04
IE000RJL5A30;ISHActUSEBXAMS;USEB;ETF;Euronext Amsterdam - Multi-currency Trading;USD;IE;OUI;ESG ETF art. 8;Euronext;2026-08-04
IE000RKSAPB9;ISHETFHEC0XAMS;EH1H;ETF;Euronext Amsterdam - Multi-currency Trading;USD;IE;OUI;-;Euronext;2026-08-04
IE000RLUE8E9;INVETFPAUSIMETFP;PAUS;ETF;ETF Plus;EUR;IE;OUI;ESG ETF art. 8;Euronext;2026-08-04
IE000RLUVMR2;ISHETFIDCOT1XAMS;I20T;ETF;Euronext Amsterdam - Multi-currency Trading;USD;IE;OUI;-;Euronext;2026-08-04
IE000RN58M26;ISH METAVERSE USD;MTAV;ETF;Euronext Amsterdam - Multi-currency Trading;USD;IE;OUI;ESG ETF art. 8;Euronext;2026-08-04
IE000ROCQO77;NICHEJUNGLE KOREA;NJKOR;OPCVM;ATFund Instruments;EUR;IE;OUI;;Euronext;2026-08-04
IE000ROSD5J6;ISH ESS MTL US ACC;METL;ETF;Euronext Amsterdam - Multi-currency Trading | ETF Plus;USD;IE;OUI;-;Euronext;2026-08-04
IE000RRCJI06;GOLActGIGUETFP;GIGU;ETF;ETF Plus;EUR;IE;OUI;ESG ETF art. 8;Euronext;2026-08-04
IE000RSCXLM4;JPMActJUSEETFP;JUSE;ETF;ETF Plus;EUR;IE;OUI;ESG ETF art. 8;Euronext;2026-08-04
IE000RSD1ZW2;FAMActACTIJETFP;ACTIJ;ETF;ETF Plus;EUR;IE;OUI;-;Euronext;2026-08-04
IE000RUEGGK5;ISHETFI32561XAMS;CYUH;ETF;Euronext Amsterdam - Multi-currency Trading;USD;IE;OUI;-;Euronext;2026-08-04
IE000RW7V8Q4;UBSETFSOLEUEETFP;SHORT;ETF;ETF Plus;EUR;IE;OUI;ESG ETF art. 8;Euronext;2026-08-04
IE000RWFQT12;FAMETFMVBIOPETFP;BTECH;ETF;ETF Plus;EUR;IE;OUI;ESG ETF art. 8;Euronext;2026-08-04
IE000RYWBSX8;PicActPDWXETFP;PDWX;ETF;ETF Plus;EUR;IE;OUI;ESG ETF art. 8;Euronext;2026-08-04
IE000S2QZKI8;JPMActJIGGETFP;JIGG;ETF;ETF Plus;EUR;IE;OUI;ESG ETF art. 8;Euronext;2026-08-04
IE000S3N6R34;ISHETFGEASIMETFP;ESWP;ETF;ETF Plus | Euronext Amsterdam - Multi-currency Trading;EUR;IE;OUI;-;Euronext;2026-08-04
IE000S6476U8;UBSETFSPHHENETFP;SPDE;ETF;ETF Plus;EUR;IE;OUI;ESG ETF art. 8;Euronext;2026-08-04
IE000S9YS762;Linde PLC;2LINUS;Action;Trading After Hours | Euronext Global Equity Market;EUR;IE;OUI;;Euronext;2026-08-04
IE000SA19OL0;ColActQREUETFP;QREU;ETF;ETF Plus;EUR;IE;OUI;-;Euronext;2026-08-04
IE000SACNHU2;FAMETFMTELIMETFP;FAMTEL;ETF;ETF Plus;EUR;IE;OUI;ESG ETF art. 8;Euronext;2026-08-04
IE000SAXJ1M1;GLOStrSX5ECCETFP;SYLD;ETF;ETF Plus;EUR;IE;OUI;-;Euronext;2026-08-04
IE000SBU19F7;VANETFMSUMMFETFP;SMOT;ETF;ETF Plus | Euronext Paris;EUR;IE;OUI;-;Euronext;2026-08-04
IE000SCAG5Q1;FIDActFBIHETFP;FBIH;ETF;ETF Plus;EUR;IE;OUI;ESG ETF art. 8;Euronext;2026-08-04
IE000SE6KPV2;ISHETF36928ETFP;IPAB;ETF;ETF Plus;EUR;IE;OUI;ESG ETF art. 8;Euronext;2026-08-04
IE000SIZJ2B2;ISHETFI37615ETFP;IB26;ETF;ETF Plus;EUR;IE;OUI;ESG ETF art. 8;Euronext;2026-08-04
IE000SM6I1K9;FAMETFMVJPNQETFP;JPMQJ;ETF;ETF Plus;EUR;IE;OUI;ESG ETF art. 8;Euronext;2026-08-04
IE000SN2VKB0;ISHETFWINGIMETFP;WNGA;ETF;ETF Plus;EUR;IE;OUI;-;Euronext;2026-08-04
IE000SNCKVM9;INVETFSPXQUNETFP;SPQD;ETF;ETF Plus;EUR;IE;OUI;-;Euronext;2026-08-04
IE000SNLFDR7;ISHETFI38444ETFP;29GA;ETF;ETF Plus;EUR;IE;OUI;ESG ETF art. 8;Euronext;2026-08-04
IE000SNMGYT5;FirETFSPATIETFP;KNG;ETF;ETF Plus;EUR;IE;OUI;-;Euronext;2026-08-04
IE000SNWS0L0;ISHETFNU7223XAMS;SAAI;ETF;Euronext Amsterdam - Multi-currency Trading;USD;IE;OUI;ESG ETF art. 8;Euronext;2026-08-04
IE000SOORXS0;VANActVCSHAETFP;VCSHA;ETF;ETF Plus | Euronext Amsterdam;EUR;IE;OUI;-;Euronext;2026-08-04
IE000ST40PX8;L&GETFESPYIMETFP;ESPY;ETF;ETF Plus;EUR;IE;OUI;ESG ETF art. 8;Euronext;2026-08-04
IE000STIHQB2;FRAACTFLESAETFP;FLESA;ETF;ETF Plus;EUR;IE;OUI;ESG ETF art. 8;Euronext;2026-08-04
IE000STJ19F2;AXAETFNA100TETFP;ANAE;ETF;ETF Plus;EUR;IE;OUI;-;Euronext;2026-08-04
IE000SU7USQ3;AXAETFHPAWIMETFP;AWDU;ETF;ETF Plus;EUR;IE;OUI;ESG ETF art. 8;Euronext;2026-08-04
IE000SVXJH05;ISHETFNDX70UETFP;QNXT;ETF;ETF Plus | Euronext Amsterdam - Multi-currency Trading | Euronext Paris;EUR;IE;OUI;-;Euronext;2026-08-04
IE000SWSI2U4;UBSETFHE7227ETFP;USESGE;ETF;ETF Plus;EUR;IE;OUI;ESG ETF art. 8;Euronext;2026-08-04
IE000T369T05;BNPACTAJASHXPAR;AJASH;ETF;Euronext Paris;EUR;IE;OUI;ESG ETF art. 8;Euronext;2026-08-04
IE000T78CHJ8;GREAT WESTERN MIN.;8GW;Action;Euronext Growth Dublin;EUR;IE;OUI;;Euronext;2026-08-04
IE000T8E6SX8;ISHETFIDCOT2XAMS;DTEH;ETF;Euronext Amsterdam;EUR;IE;OUI;-;Euronext;2026-08-04
IE000T8QD852;HANActCHPYETFP;CHPY;ETF;ETF Plus;EUR;IE;OUI;-;Euronext;2026-08-04
IE000T9EOCL3;iS Wor ESG En Acc;EWSA;ETF;Euronext Amsterdam - Multi-currency Trading;USD;IE;OUI;ESG ETF art. 9;Euronext;2026-08-04
IE000T9NSP89;ISHActUHEBXAMC;UHEB;ETF;Euronext Amsterdam - Multi-currency Trading;USD;IE;OUI;-;Euronext;2026-08-04
IE000TAA0GK0;HANActNATYETFP;NATY;ETF;ETF Plus;EUR;IE;OUI;-;Euronext;2026-08-04
IE000TAV7246;VANETF1EUAITETFP;VUDE;ETF;ETF Plus | Euronext Amsterdam;EUR;IE;OUI;-;Euronext;2026-08-04
IE000TB15RC6;UBSETFIWDEIMETFP;WRDE;ETF;ETF Plus;EUR;IE;OUI;-;Euronext;2026-08-04
IE000TD32PU3;HANActRMBSETFP;RMBS;ETF;ETF Plus;EUR;IE;OUI;-;Euronext;2026-08-04
IE000TD3TI26;JPMActJAVAETFP;JAVA;ETF;ETF Plus;EUR;IE;OUI;ESG ETF art. 8;Euronext;2026-08-04
IE000TG1LGI4;UBSETFDESGIMETFP;WDESG;ETF;ETF Plus;EUR;IE;OUI;ESG ETF art. 8;Euronext;2026-08-04
IE000TGCBXG8;JPMActJLOCETFP;JLOC;ETF;ETF Plus;EUR;IE;OUI;ESG ETF art. 8;Euronext;2026-08-04
IE000TI21P14;INVETFPAEUIMETFP;PAEU;ETF;ETF Plus;EUR;IE;OUI;ESG ETF art. 8;Euronext;2026-08-04
IE000TIZ5AP4;FIRETFIEURIIETFP;FTEI;ETF;ETF Plus;EUR;IE;OUI;-;Euronext;2026-08-04
IE000TMJDGV1;FRAETFSPSVCNETFP;USTEL;ETF;ETF Plus;EUR;IE;OUI;-;Euronext;2026-08-04
IE000TSML5I8;XTRETFXRSMIMETFP;XRME;ETF;ETF Plus;EUR;IE;OUI;ESG ETF art. 8;Euronext;2026-08-04
IE000TSRT9O5;FAMActFORTJETFP;FORTJ;ETF;ETF Plus;EUR;IE;OUI;-;Euronext;2026-08-04
IE000TSWWSM5;InvETFDJTOTETFP;EUROS;ETF;ETF Plus;EUR;IE;OUI;-;Euronext;2026-08-04
IE000TT7HZ88;AXAETFHPAWIMETFP;AWDE;ETF;ETF Plus;EUR;IE;OUI;ESG ETF art. 8;Euronext;2026-08-04
IE000TVZKNN6;ISHETFNU7476XAMC;WNEN;ETF;Euronext Amsterdam - Multi-currency Trading;USD;IE;OUI;ESG ETF art. 8;Euronext;2026-08-04
IE000TWAN2K7;JPMActJMAMETFP;JMAM;ETF;ETF Plus;EUR;IE;OUI;ESG ETF art. 8;Euronext;2026-08-04
IE000TZ4SIN6;INVActIQGAETFP;IQGA;ETF;ETF Plus;EUR;IE;OUI;-;Euronext;2026-08-04
IE000TZT8TI0;XTRETFSIZEROETFP;XEMN;ETF;ETF Plus;EUR;IE;OUI;ESG ETF art. 8;Euronext;2026-08-04
IE000U07IGB1;INVActIQMAETFP;IQMA;ETF;ETF Plus;EUR;IE;OUI;-;Euronext;2026-08-04
IE000U1MQKJ2;ISH WLD QLT ESG US;IWQE;ETF;Euronext Amsterdam - Multi-currency Trading | ETF Plus;USD;IE;OUI;ESG ETF art. 8;Euronext;2026-08-04
IE000U58J0M1;Gbl Cln Enrgy US A;INRE;ETF;Euronext Paris | Euronext Amsterdam - Multi-currency Trading;EUR;IE;OUI;ESG ETF art. 9;Euronext;2026-08-04
IE000U5MJOZ6;JPMActJEPIETFP;JEPI;ETF;ETF Plus;EUR;IE;OUI;-;Euronext;2026-08-04
IE000U679IT9;HSBETFENGLIRXPAR;HINS;ETF;Euronext Paris;EUR;IE;OUI;-;Euronext;2026-08-04
IE000U6ABUJ7;FIRETFRBAAIRXAMS;AIRR;ETF;Euronext Amsterdam - Multi-currency Trading;USD;IE;OUI;-;Euronext;2026-08-04
IE000U6US1Q0;Glb Agg Bd ESG D;AGGE;ETF;Euronext Amsterdam - Multi-currency Trading;USD;IE;OUI;ESG ETF art. 8;Euronext;2026-08-04
IE000U7LIXH5;INVActCLODETFP;CLOD;ETF;ETF Plus;EUR;IE;OUI;-;Euronext;2026-08-04
IE000U882CN5;VANETFTRSXIMXAMS;VLDP;ETF;Euronext Amsterdam;EUR;IE;OUI;-;Euronext;2026-08-04
IE000U9J8HX9;JPMActJEPQETFP;JEPQ;ETF;ETF Plus;EUR;IE;OUI;-;Euronext;2026-08-04
IE000U9ODG19;ISHETFSPDBADETFP;DFND;ETF;ETF Plus | Euronext Paris;EUR;IE;OUI;-;Euronext;2026-08-04
IE000UCFZI88;ISH C GBP CB US H;SLXU;ETF;Euronext Amsterdam - Multi-currency Trading;USD;IE;OUI;-;Euronext;2026-08-04
IE000UD0O069;PCR ICOW UCITS ETF;ICOW;ETF;Euronext Amsterdam - Multi-currency Trading;USD;IE;OUI;-;Euronext;2026-08-04
IE000UDFKE13;FIRETFIGFEMIETFP;MINR;ETF;ETF Plus;EUR;IE;OUI;-;Euronext;2026-08-04
IE000UDUSCI9;PIMActGOVBETFP;GOVB;ETF;ETF Plus;EUR;IE;OUI;ESG ETF art. 8;Euronext;2026-08-04
IE000UESO8H8;FAMActAVEREETFP;AVERE;ETF;ETF Plus;EUR;IE;OUI;-;Euronext;2026-08-04
IE000UFAX9L6;GOLActGQWDETFP;GQWD;ETF;ETF Plus | Euronext Paris;EUR;IE;OUI;ESG ETF art. 8;Euronext;2026-08-04
IE000UJSC3C9;ISHETFI39487ETFP;IX29;ETF;ETF Plus | Euronext Paris;EUR;IE;OUI;ESG ETF art. 8;Euronext;2026-08-04
IE000UL6CLP7;GLOETFSILVIMETFP;SILV;ETF;ETF Plus;EUR;IE;OUI;-;Euronext;2026-08-04
IE000UQND7H4;HSBETFMXWOETFP;HMWA;ETF;ETF Plus;EUR;IE;OUI;-;Euronext;2026-08-04
IE000US24HF4;VANETFRU1VN3ETFP;VRVA;ETF;ETF Plus | Euronext Amsterdam;EUR;IE;OUI;-;Euronext;2026-08-04
IE000UWJUW87;HANActCATBETFP;CATB;ETF;ETF Plus;EUR;IE;OUI;-;Euronext;2026-08-04
IE000UX5WPU4;XTRETFXDEPIMETFP;XYPL;ETF;ETF Plus;EUR;IE;OUI;-;Euronext;2026-08-04
IE000UXDT343;VANETFTRSXIMETFP;VLDS;ETF;ETF Plus | Euronext Amsterdam;EUR;IE;OUI;-;Euronext;2026-08-04
IE000UXH6733;FAMActAGE50ETFP;AGE50;ETF;ETF Plus;EUR;IE;OUI;-;Euronext;2026-08-04
IE000UXI85C0;HANActOBAAXPAR;OBAA;ETF;Euronext Paris;EUR;IE;OUI;-;Euronext;2026-08-04
IE000UY6XF65;ISHETFI38741ETFP;IG34;ETF;ETF Plus | Euronext Amsterdam;EUR;IE;OUI;ESG ETF art. 8;Euronext;2026-08-04
IE000UZCJS58;XTRETFXNZWIMETFP;XNZW;ETF;ETF Plus;EUR;IE;OUI;ESG ETF art. 8;Euronext;2026-08-04
IE000UZIKD07;JPMACTJGSEETFP;JGSE;ETF;ETF Plus;EUR;IE;OUI;ESG ETF art. 9;Euronext;2026-08-04
IE000UZO4IC7;GOLActGEMEETFP;GEME;ETF;ETF Plus;EUR;IE;OUI;ESG ETF art. 8;Euronext;2026-08-04
IE000UZQCBX5;FAMActACTIOETFP;ACTIO;ETF;ETF Plus;EUR;IE;OUI;-;Euronext;2026-08-04
IE000UZZ5SU2;JPMActJGEHETFP;JGEH;ETF;ETF Plus;EUR;IE;OUI;ESG ETF art. 8;Euronext;2026-08-04
IE000V0GDVU7;XTRETFS11CTCETFP;XG11;ETF;ETF Plus;EUR;IE;OUI;ESG ETF art. 8;Euronext;2026-08-04
IE000V0Q8BV4;HANActOBBAXPAR;OBBA;ETF;Euronext Paris;EUR;IE;OUI;-;Euronext;2026-08-04
IE000V93BNU0;INVETFPAWDIMETFP;PAWD;ETF;ETF Plus;EUR;IE;OUI;ESG ETF art. 8;Euronext;2026-08-04
IE000VA628D5;ISHETFSPXT2CETFP;SP20;ETF;ETF Plus | Euronext Amsterdam - Multi-currency Trading | Euronext Paris;EUR;IE;OUI;-;Euronext;2026-08-04
IE000VAKCHT4;FAMETFMVCETTETFP;EMOVJ;ETF;ETF Plus;EUR;IE;OUI;ESG ETF art. 8;Euronext;2026-08-04
IE000VAZZYM3;JPMActHELOETFP;HELO;ETF;ETF Plus;EUR;IE;OUI;-;Euronext;2026-08-04
IE000VCBWFL8;XTRETFNE7533ETFP;XZDZ;ETF;ETF Plus;EUR;IE;OUI;ESG ETF art. 8;Euronext;2026-08-04
IE000VCYXLY9;WISETFWTINDUETFP;EPI;ETF;ETF Plus;EUR;IE;OUI;-;Euronext;2026-08-04
IE000VDH1PG3;WISETFWTSPCUETFP;WSPC;ETF;ETF Plus | Euronext Paris;EUR;IE;OUI;-;Euronext;2026-08-04
IE000VDP6OY8;FAMETFMMWFIMETFP;FAMMWF;ETF;ETF Plus;EUR;IE;OUI;ESG ETF art. 8;Euronext;2026-08-04
IE000VG2WCW5;ROBActRDYNETFP;RDYN;ETF;ETF Plus;EUR;IE;OUI;ESG ETF art. 8;Euronext;2026-08-04
IE000VH3JSL8;VANETFAWNT07XAMS;VEZI;ETF;Euronext Amsterdam;EUR;IE;OUI;-;Euronext;2026-08-04
IE000VMQ8IH9;ISHETFSBG7UXAMC;SGLH;ETF;Euronext Amsterdam - Multi-currency Trading;USD;IE;OUI;-;Euronext;2026-08-04
IE000VU9AUN9;SSGActECLOETFP;ECLO;ETF;ETF Plus;EUR;IE;OUI;-;Euronext;2026-08-04
IE000VVBM1F6;ISHETFI38733XAMS;34ID;ETF;Euronext Amsterdam - Multi-currency Trading;USD;IE;OUI;-;Euronext;2026-08-04
IE000VVC8KW9;INVETFIBXXCAETFP;EAT1;ETF;ETF Plus;EUR;IE;OUI;ESG ETF art. 8;Euronext;2026-08-04
IE000VXC51U5;XTRETFXMAWIMETFP;XMAE;ETF;ETF Plus;EUR;IE;OUI;ESG ETF art. 8;Euronext;2026-08-04
IE000VYO9NT0;FAMETFMMAIIMETFP;FAMMAI;ETF;ETF Plus;EUR;IE;OUI;-;Euronext;2026-08-04
IE000VZ8BBU9;VANETFUS37IMETFP;VITS;ETF;ETF Plus | Euronext Amsterdam;EUR;IE;OUI;-;Euronext;2026-08-04
IE000VZO6W35;FAMETFSOEST1ETFP;MONEJ;ETF;ETF Plus;EUR;IE;OUI;-;Euronext;2026-08-04
IE000W1AURU9;iSh $ Hyld CBd Dst;HYDP;ETF;Euronext Amsterdam - Multi-currency Trading;USD;IE;OUI;ESG ETF art. 8;Euronext;2026-08-04
IE000W1S2PT6;HANETFIDGPINETFP;PHOT;ETF;ETF Plus;EUR;IE;OUI;-;Euronext;2026-08-04
IE000W1W8IY2;BLUETFUST100XAMC;BSTC;ETF;Euronext Amsterdam - Multi-currency Trading;CZK;IE;OUI;-;Euronext;2026-08-04
IE000W24OG76;FIDActFBIUETFP;FBIU;ETF;ETF Plus;EUR;IE;OUI;ESG ETF art. 8;Euronext;2026-08-04
IE000W6YTDH7;INVETFI38678ETFP;BE30;ETF;ETF Plus;EUR;IE;OUI;ESG ETF art. 8;Euronext;2026-08-04
IE000W6ZFH20;FAMETFMSF3IMETFP;FAMSF3;ETF;ETF Plus;EUR;IE;OUI;ESG ETF art. 8;Euronext;2026-08-04
IE000W7N50J7;PACETFCALFNTXAMS;CALF;ETF;Euronext Amsterdam - Multi-currency Trading;USD;IE;OUI;-;Euronext;2026-08-04
IE000W85O7M4;JPMActJUIEETFP;JUIE;ETF;ETF Plus;EUR;IE;OUI;ESG ETF art. 8;Euronext;2026-08-04
IE000W8HP9L8;BNPETFMSCIWMETFP;WEMT2;ETF;ETF Plus | Euronext Paris;EUR;IE;OUI;ESG ETF art. 8;Euronext;2026-08-04
IE000W8RYVC0;iSh Ex-Chn US Dist;EXCD;ETF;Euronext Amsterdam - Multi-currency Trading;USD;IE;OUI;-;Euronext;2026-08-04
IE000W8WMSL2;WISETFWTQTNMETFP;WQTM;ETF;ETF Plus | Euronext Paris;EUR;IE;OUI;-;Euronext;2026-08-04
IE000W95TAE6;JP ETFJPCEIMETFP;JPCE;ETF;ETF Plus;EUR;IE;OUI;ESG ETF art. 9;Euronext;2026-08-04
IE000WA6L436;iBds D26 Term E Ac;B26A;ETF;Euronext Paris | ETF Plus;EUR;IE;OUI;ESG ETF art. 8;Euronext;2026-08-04
IE000WCPJOV4;FAMETFMVMETVETFP;METAA;ETF;ETF Plus;EUR;IE;OUI;ESG ETF art. 8;Euronext;2026-08-04
IE000WDG5795;ISH Lth Btt US ACC;LITM;ETF;Euronext Amsterdam - Multi-currency Trading | ETF Plus;USD;IE;OUI;-;Euronext;2026-08-04
IE000WFBC0W4;SSGETFR2NHEUXPAR;R2EH;ETF;Euronext Paris;EUR;IE;OUI;-;Euronext;2026-08-04
IE000WHL2ZK1;ISH US EQ HINC DIS;INCU;ETF;Euronext Amsterdam - Multi-currency Trading;USD;IE;OUI;ESG ETF art. 8;Euronext;2026-08-04
IE000WMJVNE9;FAMETFMLSSIMETFP;FAMLSS;ETF;ETF Plus;EUR;IE;OUI;ESG ETF art. 8;Euronext;2026-08-04
IE000WOBV8X1;HANActUGOVETFP;UGOV;ETF;ETF Plus;EUR;IE;OUI;-;Euronext;2026-08-04
IE000WQ5O293;BNP ACWI SRI ETF;PAACU;ETF;Euronext Paris - Multi-currency Trading;USD;IE;OUI;ESG ETF art. 8;Euronext;2026-08-04
IE000WRQ9RR1;GLOETFMAEUSHETFP;EDEF;ETF;ETF Plus;EUR;IE;OUI;-;Euronext;2026-08-04
IE000WUTBLT5;HANETFMVDAIPETFP;AIPO;ETF;ETF Plus;EUR;IE;OUI;-;Euronext;2026-08-04
IE000WX7BVB0;JPMActJEGAETFP;JEGA;ETF;ETF Plus;EUR;IE;OUI;-;Euronext;2026-08-04
IE000WXLHR76;TABETFSOLES0ETFP;TUCP;ETF;ETF Plus;EUR;IE;OUI;ESG ETF art. 9;Euronext;2026-08-04
IE000WYTQSF9;HANETFINQQETETFP;INQQ;ETF;ETF Plus;EUR;IE;OUI;ESG ETF art. 8;Euronext;2026-08-04
IE000WYX67F4;Core EU CoBd US Hd;IUAC;ETF;Euronext Amsterdam - Multi-currency Trading;USD;IE;OUI;ESG ETF art. 8;Euronext;2026-08-04
IE000X1GW0A7;XTRETFM1WOIMETFP;WIMI;ETF;ETF Plus;EUR;IE;OUI;-;Euronext;2026-08-04
IE000X3D1YS5;PicActPQWHETFP;PQWH;ETF;ETF Plus;EUR;IE;OUI;ESG ETF art. 8;Euronext;2026-08-04
IE000X4A4GV2;XTRActXTAXETFP;XTAX;ETF;ETF Plus;EUR;IE;OUI;-;Euronext;2026-08-04
IE000X59ZHE2;ISHETFSTXAINETFP;AINF;ETF;ETF Plus | Euronext Amsterdam - Multi-currency Trading | Euronext Paris;EUR;IE;OUI;ESG ETF art. 8;Euronext;2026-08-04
IE000X5OD4M3;HANActPTAMETFP;PTAM;ETF;ETF Plus;EUR;IE;OUI;-;Euronext;2026-08-04
IE000X7DRW38;WISETFWTGXUDETFP;XUSA;ETF;ETF Plus | Euronext Paris;EUR;IE;OUI;ESG ETF art. 8;Euronext;2026-08-04
IE000X9FTI22;HSBC MSCI WLD IS;HIWS;ETF;Euronext Paris;EUR;IE;OUI;ESG ETF art. 8;Euronext;2026-08-04
IE000X9TLGN8;WISETFWTREIMETFP;WNER;ETF;ETF Plus;EUR;IE;OUI;ESG ETF art. 8;Euronext;2026-08-04
IE000XAGSCY5;GLOETFBKCHIMETFP;BKCH;ETF;ETF Plus;EUR;IE;OUI;-;Euronext;2026-08-04
IE000XD7KCJ7;GLOETFRAYZIMETFP;RAYZ;ETF;ETF Plus;EUR;IE;OUI;ESG ETF art. 8;Euronext;2026-08-04
IE000XE5BZ07;INVActESTDETFP;ESTD;ETF;ETF Plus;EUR;IE;OUI;ESG ETF art. 8;Euronext;2026-08-04
IE000XERHYF0;ROBAct3DUSETFP;3DUS;ETF;ETF Plus;EUR;IE;OUI;ESG ETF art. 8;Euronext;2026-08-04
IE000XF8EOQ6;HORActINFUAXAMS;INFUA;ETF;Euronext Amsterdam - Multi-currency Trading;USD;IE;OUI;-;Euronext;2026-08-04
IE000XFCOS45;EU CBd 1-5 US H Ac;IE1U;ETF;Euronext Amsterdam - Multi-currency Trading;USD;IE;OUI;ESG ETF art. 8;Euronext;2026-08-04
IE000XFUFRR4;PicActPQEUETFP;PQEU;ETF;ETF Plus;EUR;IE;OUI;ESG ETF art. 8;Euronext;2026-08-04
IE000XFXBGR0;UBSETFCSUSIMETFP;USSMC;ETF;ETF Plus;EUR;IE;OUI;ESG ETF art. 8;Euronext;2026-08-04
IE000XG0ZRI7;INVETFYHIGWHETFP;GBHE;ETF;ETF Plus;EUR;IE;OUI;ESG ETF art. 8;Euronext;2026-08-04
IE000XGNMWE1;HSBETFHAGGIMETFP;HAGG;ETF;ETF Plus;EUR;IE;OUI;ESG ETF art. 8;Euronext;2026-08-04
IE000XHZP7D3;WISETFWTAGIUETFP;WAGI;ETF;ETF Plus;EUR;IE;OUI;-;Euronext;2026-08-04
IE000XIBT2R7;INVACTLVLEETFP;LVLE;ETF;ETF Plus;EUR;IE;OUI;ESG ETF art. 8;Euronext;2026-08-04
IE000XJA2OU4;FRAActUSMIDETFP;USMID;ETF;ETF Plus | Euronext Paris;EUR;IE;OUI;-;Euronext;2026-08-04
IE000XL4IXU1;AMUETFMXUSEMETFP;XMGA;ETF;ETF Plus;EUR;IE;OUI;-;Euronext;2026-08-04
IE000XNILW20;WISETFSOLWTGETFP;WSDG;ETF;ETF Plus;EUR;IE;OUI;ESG ETF art. 9;Euronext;2026-08-04
IE000XOQ9TK4;XTRETFXNGIIMETFP;XNGI;ETF;ETF Plus;EUR;IE;OUI;ESG ETF art. 8;Euronext;2026-08-04
IE000XOS4OJ6;INVETFI38680ETFP;BE27;ETF;ETF Plus;EUR;IE;OUI;ESG ETF art. 8;Euronext;2026-08-04
IE000XRBP9E3;ISHETFIBGLIMXAMS;IGBY;ETF;Euronext Amsterdam;EUR;IE;OUI;-;Euronext;2026-08-04
IE000XU8HDM2;ISHETFLUICTRXAMS;IDCB;ETF;Euronext Amsterdam - Multi-currency Trading;USD;IE;OUI;-;Euronext;2026-08-04
IE000XZSV718;SPDR S&P 500 UCITS;SPYL;ETF;Euronext Amsterdam | ETF Plus;EUR;IE;OUI;-;Euronext;2026-08-04
IE000Y1595P8;ISHActMAXDETFP;MAXD;ETF;ETF Plus | Euronext Amsterdam - Multi-currency Trading;EUR;IE;OUI;-;Euronext;2026-08-04
IE000Y247W99;iSh iBd Dc29 $ Dst;29ID;ETF;Euronext Amsterdam - Multi-currency Trading | Euronext Paris;USD;IE;OUI;ESG ETF art. 8;Euronext;2026-08-04
IE000Y2BJVK9;ISHETFI38443ETFP;30IA;ETF;ETF Plus;EUR;IE;OUI;ESG ETF art. 8;Euronext;2026-08-04
IE000Y2JPPS4;INVActCLOAETFP;CLOA;ETF;ETF Plus;EUR;IE;OUI;-;Euronext;2026-08-04
IE000Y3FZEN4;JanActJGBLETFP;JGBL;ETF;ETF Plus;EUR;IE;OUI;ESG ETF art. 8;Euronext;2026-08-04
IE000Y3ON470;ISHActECLUXAMS;ECLU;ETF;Euronext Amsterdam;EUR;IE;OUI;-;Euronext;2026-08-04
IE000Y50XF14;NICHEJUNGLE JAPAN;NJJAP;OPCVM;ATFund Instruments;EUR;IE;OUI;;Euronext;2026-08-04
IE000Y6L6LE6;XTRETFXNZEIMETFP;XNZE;ETF;ETF Plus;EUR;IE;OUI;ESG ETF art. 8;Euronext;2026-08-04
IE000Y6ZXZ48;XTRETFS12RCPETFP;XG12;ETF;ETF Plus;EUR;IE;OUI;ESG ETF art. 8;Euronext;2026-08-04
IE000Y77LGG9;Am Wrld Cli Net 0;WSRI;ETF;Euronext Paris | Euronext Amsterdam - Multi-currency Trading | ETF Plus;EUR;IE;OUI;ESG ETF art. 8;Euronext;2026-08-04
IE000Y7V5EW2;ISHETFSP500XAMS;CSPEH;ETF;Euronext Amsterdam;EUR;IE;OUI;-;Euronext;2026-08-04
IE000Y83YZ44;WISETFWTGQGRETFP;WGRO;ETF;ETF Plus;EUR;IE;OUI;-;Euronext;2026-08-04
IE000Y9XFN19;ISHETFI38443XAMS;DI35;ETF;Euronext Amsterdam - Multi-currency Trading | Euronext Paris;USD;IE;OUI;ESG ETF art. 8;Euronext;2026-08-04
IE000YARBD10;BNPActAJASEETFP;AJASE;ETF;ETF Plus | Euronext Paris;EUR;IE;OUI;ESG ETF art. 8;Euronext;2026-08-04
IE000YASIPS3;AXAETFHPAEIMETFP;AIME;ETF;ETF Plus;EUR;IE;OUI;ESG ETF art. 8;Euronext;2026-08-04
IE000YC7FPB6;BLUETFFGLOIMXAMC;BSWC;ETF;Euronext Amsterdam - Multi-currency Trading;CZK;IE;OUI;-;Euronext;2026-08-04
IE000YDOORK7;XTRETFXFNTIMETFP;XFNT;ETF;ETF Plus;EUR;IE;OUI;ESG ETF art. 8;Euronext;2026-08-04
IE000YDZG487;HSBETFHNSCIMETFP;HNSC;ETF;ETF Plus;EUR;IE;OUI;-;Euronext;2026-08-04
IE000YELA4E3;LG ETFSPOEXEETFP;SP1E;ETF;ETF Plus;EUR;IE;OUI;-;Euronext;2026-08-04
IE000YG82CF0;ISHETF756292XAMS;UCTD;ETF;Euronext Amsterdam - Multi-currency Trading;USD;IE;OUI;ESG ETF art. 8;Euronext;2026-08-04
IE000YGEAK03;WISETFWTQGRWETFP;QGRW;ETF;ETF Plus;EUR;IE;OUI;ESG ETF art. 8;Euronext;2026-08-04
IE000YIQZ0H6;FIRETFBAISNETFP;FTAI;ETF;ETF Plus;EUR;IE;OUI;ESG ETF art. 8;Euronext;2026-08-04
IE000YIXESS9;ISHETFSPXCW3XAMS;SP3C;ETF;Euronext Amsterdam - Multi-currency Trading;USD;IE;OUI;-;Euronext;2026-08-04
IE000YK1TO74;JPMACTJYEHETFP;JYEH;ETF;ETF Plus;EUR;IE;OUI;-;Euronext;2026-08-04
IE000YKHGYN2;XTRETFNQGETSETFP;AWEX;ETF;ETF Plus;EUR;IE;OUI;-;Euronext;2026-08-04
IE000YMQ2SC9;LG ETFJPEIGKETFP;XBHE;ETF;ETF Plus;EUR;IE;OUI;ESG ETF art. 8;Euronext;2026-08-04
IE000YNE6S57;ISHETF756290XAMS;WCTD;ETF;Euronext Amsterdam - Multi-currency Trading;USD;IE;OUI;ESG ETF art. 8;Euronext;2026-08-04
IE000YNVI4W4;INVActIQEAETFP;IQEA;ETF;ETF Plus;EUR;IE;OUI;ESG ETF art. 8;Euronext;2026-08-04
IE000YPOHA39;INVETFSOESTRETFP;EONS;ETF;ETF Plus;EUR;IE;OUI;-;Euronext;2026-08-04
IE000YR7N5U8;HANActOBUSXPAR;OBUS;ETF;Euronext Paris;EUR;IE;OUI;ESG ETF art. 8;Euronext;2026-08-04
IE000YS5XL05;GLOETFMATOCNETFP;TKNX;ETF;ETF Plus;EUR;IE;OUI;-;Euronext;2026-08-04
IE000YSUEJ32;LG ETFTIGRIMETFP;TIGA;ETF;ETF Plus;EUR;IE;OUI;-;Euronext;2026-08-04
IE000YU9K6K2;VANETFJEDIIMETFP;JEDI;ETF;ETF Plus | Euronext Paris;EUR;IE;OUI;ESG ETF art. 8;Euronext;2026-08-04
IE000YUTMIU2;FIDETFFGEUIMETFP;FGEA;ETF;ETF Plus;EUR;IE;OUI;ESG ETF art. 8;Euronext;2026-08-04
IE000YXUZAN8;FAMETFMVBIOPETFP;BTECJ;ETF;ETF Plus;EUR;IE;OUI;ESG ETF art. 8;Euronext;2026-08-04
IE000YYE6WK5;VANETFMVKGDFETFP;DFNS;ETF;ETF Plus | Euronext Paris;EUR;IE;OUI;-;Euronext;2026-08-04
IE000YYVSM16;VANETFMVELECETFP;PIKA;ETF;ETF Plus;EUR;IE;OUI;-;Euronext;2026-08-04
IE000YZIVX22;FRAETFTHEMIMETFP;CATHEM;ETF;ETF Plus;EUR;IE;OUI;ESG ETF art. 8;Euronext;2026-08-04
IE000Z1PCR88;ISHETFNU7620XAMS;WEQW;ETF;Euronext Amsterdam - Multi-currency Trading;USD;IE;OUI;-;Euronext;2026-08-04
IE000Z3S26J2;ISHETFSP500ETFP;CEB7;ETF;ETF Plus;EUR;IE;OUI;-;Euronext;2026-08-04
IE000Z4OBQK4;FRAETFMSUDESETFP;USDIV;ETF;ETF Plus | Euronext Paris;EUR;IE;OUI;-;Euronext;2026-08-04
IE000Z4OYPZ6;HSBCMSCICNAUSDACC;HCAS;ETF;Euronext Paris;EUR;IE;OUI;-;Euronext;2026-08-04
IE000Z5YU8X3;ISHActTENDETFP;TEND;ETF;ETF Plus | Euronext Amsterdam - Multi-currency Trading;EUR;IE;OUI;-;Euronext;2026-08-04
IE000Z6C4D62;INVActEUTDETFP;EUTD;ETF;ETF Plus;EUR;IE;OUI;ESG ETF art. 8;Euronext;2026-08-04
IE000Z7ELYY2;HK INFBN ETF;INFBN;ETF;Euronext Amsterdam - Multi-currency Trading;USD;IE;OUI;-;Euronext;2026-08-04
IE000Z7P04F4;ISHETFNDX30UETFP;QTOP;ETF;ETF Plus | Euronext Amsterdam - Multi-currency Trading | Euronext Paris;EUR;IE;OUI;-;Euronext;2026-08-04
IE000Z9SJA06;XTRETFSP500ETFP;XDPU;ETF;ETF Plus;EUR;IE;OUI;-;Euronext;2026-08-04
IE000ZAJ6XQ2;JPMActJRINETFP;JRIN;ETF;ETF Plus;EUR;IE;OUI;ESG ETF art. 8;Euronext;2026-08-04
IE000ZBGZQM8;ISHETFI38742ETFP;IG33;ETF;ETF Plus | Euronext Amsterdam;EUR;IE;OUI;ESG ETF art. 8;Euronext;2026-08-04
IE000ZC4C5Q1;INVETFI38676ETFP;BE29;ETF;ETF Plus;EUR;IE;OUI;ESG ETF art. 8;Euronext;2026-08-04
IE000ZDDJWZ5;ISHETFM1WOUXAMC;XUES;ETF;Euronext Amsterdam - Multi-currency Trading;USD;IE;OUI;-;Euronext;2026-08-04
IE000ZEOCR03;SSGETFSPEQFAETFP;QPEU;ETF;ETF Plus;EUR;IE;OUI;-;Euronext;2026-08-04
IE000ZHBBSR2;FAMActPRIMOETFP;PRIMO;ETF;ETF Plus;EUR;IE;OUI;-;Euronext;2026-08-04
IE000ZIJ5B20;AMUETFSPDSESETFP;STAW;ETF;ETF Plus | Euronext Paris;EUR;IE;OUI;ESG ETF art. 8;Euronext;2026-08-04
IE000ZMFFPP4;SSGETFI00055ETFP;TRA3;ETF;ETF Plus;EUR;IE;OUI;-;Euronext;2026-08-04
IE000ZO4CUT7;LG ETFEMUSIMETFP;EMMH;ETF;ETF Plus;EUR;IE;OUI;ESG ETF art. 8;Euronext;2026-08-04
IE000ZOI8OK5;iBds D27 Term E Ac;IB27;ETF;Euronext Paris | ETF Plus;EUR;IE;OUI;ESG ETF art. 8;Euronext;2026-08-04
IE000ZOKLHY7;FRAETFFOFDIVXPAR;FOFD;ETF;Euronext Paris | ETF Plus;EUR;IE;OUI;ESG ETF art. 8;Euronext;2026-08-04
IE000ZPUEP93;ISHARES SP B $ D;BNKT;ETF;Euronext Amsterdam - Multi-currency Trading;USD;IE;OUI;-;Euronext;2026-08-04
IE000ZQOIPB1;HSBCMSCIEUROEURACC;HMES;ETF;Euronext Paris;EUR;IE;OUI;-;Euronext;2026-08-04
IE000ZURGSV2;HSBActHQWAETFP;HQWA;ETF;ETF Plus;EUR;IE;OUI;-;Euronext;2026-08-04
IE000ZUTO1I5;GOLActGQJYETFP;GQJY;ETF;ETF Plus | Euronext Paris;EUR;IE;OUI;ESG ETF art. 8;Euronext;2026-08-04
IE000ZWSN3F7;INVETFYHIGWHETFP;GBHY;ETF;ETF Plus;EUR;IE;OUI;ESG ETF art. 8;Euronext;2026-08-04
IE000ZZJ48Q0;FRAETFFLQD71ETFP;DIVO;ETF;ETF Plus;EUR;IE;OUI;-;Euronext;2026-08-04
IE0031442068;ISHARES S&P 500;IUSA;ETF;Euronext Amsterdam | ETF Plus;EUR;IE;OUI;-;Euronext;2026-08-04
IE0032077012;INVETFND100ETFP;EQQQ;ETF;ETF Plus | Euronext Paris;EUR;IE;OUI;-;Euronext;2026-08-04
IE0032523478;ISHARES E CORP BD;IBCX;ETF;Euronext Amsterdam | ETF Plus;EUR;IE;OUI;-;Euronext;2026-08-04
IE0032895942;ISHARES USD CRP BD;LQDA;ETF;Euronext Amsterdam | ETF Plus;EUR;IE;OUI;-;Euronext;2026-08-04
IE00B02KXH56;ISHARES JAPAN;IJPN;ETF;Euronext Amsterdam | ETF Plus;EUR;IE;OUI;-;Euronext;2026-08-04
IE00B02KXK85;ISHARES CHINA 50;FXC;ETF;Euronext Amsterdam | ETF Plus;EUR;IE;OUI;-;Euronext;2026-08-04
IE00B02KXL92;ISHARES ESTOXX MID;DJMC;ETF;Euronext Amsterdam;EUR;IE;OUI;-;Euronext;2026-08-04
IE00B02KXM00;ISHARES ESTOXX SML;DJSC;ETF;Euronext Amsterdam | ETF Plus;EUR;IE;OUI;-;Euronext;2026-08-04
IE00B0M62Q58;ISHARES WORLD;IWRD;ETF;Euronext Amsterdam | ETF Plus;EUR;IE;OUI;-;Euronext;2026-08-04
IE00B0M62S72;ISHARES ESTOXX DIV;IDVY;ETF;Euronext Amsterdam | ETF Plus;EUR;IE;OUI;-;Euronext;2026-08-04
IE00B0M62V02;ISHARES ESTOXX GRO;IDJG;ETF;Euronext Amsterdam;EUR;IE;OUI;-;Euronext;2026-08-04
IE00B0M62X26;ISHARES E INF-LINK;IBCI;ETF;Euronext Amsterdam | ETF Plus;EUR;IE;OUI;-;Euronext;2026-08-04
IE00B0M62Y33;ISHARES AEX;IAEX;ETF;Euronext Amsterdam;EUR;IE;OUI;-;Euronext;2026-08-04
IE00B0M63060;ISHETFIUKDIMETFP;IUKD;ETF;ETF Plus;EUR;IE;OUI;-;Euronext;2026-08-04
IE00B0M63177;ISHARES EM MARKETS;IEMM;ETF;Euronext Amsterdam | ETF Plus;EUR;IE;OUI;-;Euronext;2026-08-04
IE00B0M63284;ISHARES PROP EURO;IPRP;ETF;Euronext Amsterdam;EUR;IE;OUI;-;Euronext;2026-08-04
IE00B0M63391;ISHARES KOREA;IKRA;ETF;Euronext Amsterdam;EUR;IE;OUI;-;Euronext;2026-08-04
IE00B0M63516;ISHARES BRAZIL;IBZL;ETF;Euronext Amsterdam | ETF Plus;EUR;IE;OUI;-;Euronext;2026-08-04
IE00B0M63623;ISHARES TAIWAN;ITWN;ETF;Euronext Amsterdam | ETF Plus;EUR;IE;OUI;-;Euronext;2026-08-04
IE00B0M63730;ISHARES EAST EX-JP;IFFF;ETF;Euronext Amsterdam;EUR;IE;OUI;-;Euronext;2026-08-04
IE00B14X4M10;ISHARES N-AMERICA;INAA;ETF;Euronext Amsterdam | ETF Plus;EUR;IE;OUI;-;Euronext;2026-08-04
IE00B14X4N27;ISHARES EUROP EXUK;IEUX;ETF;Euronext Amsterdam | ETF Plus;EUR;IE;OUI;-;Euronext;2026-08-04
IE00B14X4Q57;ISHARES E GOV1-3;IBGS;ETF;Euronext Amsterdam | ETF Plus;EUR;IE;OUI;-;Euronext;2026-08-04
IE00B14X4S71;ISHARES US T 1-3;IBTS;ETF;Euronext Amsterdam | ETF Plus;EUR;IE;OUI;-;Euronext;2026-08-04
IE00B14X4T88;ISHETFIAPDIMETFP;IAPD;ETF;ETF Plus;EUR;IE;OUI;-;Euronext;2026-08-04
IE00B1FZS244;ISHARES PROP ASIA;IASP;ETF;Euronext Amsterdam;EUR;IE;OUI;-;Euronext;2026-08-04
IE00B1FZS350;ISHARES PROP GLO;IWDP;ETF;Euronext Amsterdam | ETF Plus;EUR;IE;OUI;-;Euronext;2026-08-04
IE00B1FZS467;ISHARES INFRA GLO;INFR;ETF;Euronext Amsterdam | ETF Plus;EUR;IE;OUI;-;Euronext;2026-08-04
IE00B1FZS574;ISHARES TURKEY;ITKY;ETF;Euronext Amsterdam;EUR;IE;OUI;-;Euronext;2026-08-04
IE00B1FZS681;ISHARES E GOV3-5;IBGX;ETF;Euronext Amsterdam | ETF Plus;EUR;IE;OUI;-;Euronext;2026-08-04
IE00B1FZS798;ISHARES US T 7-10;BTMA;ETF;Euronext Amsterdam | ETF Plus;EUR;IE;OUI;-;Euronext;2026-08-04
IE00B1FZS806;ISHARES E GOV7-10;IBGM;ETF;Euronext Amsterdam | ETF Plus;EUR;IE;OUI;-;Euronext;2026-08-04
IE00B1FZS913;ISHARES E GOV15-30;IBGL;ETF;Euronext Amsterdam | ETF Plus;EUR;IE;OUI;-;Euronext;2026-08-04
IE00B1FZSB30;ISHETFIGLTIMETFP;IGLT;ETF;ETF Plus;EUR;IE;OUI;-;Euronext;2026-08-04
IE00B1FZSC47;ISHARES US TIPS;TPSA;ETF;Euronext Amsterdam | ETF Plus;EUR;IE;OUI;-;Euronext;2026-08-04
IE00B1FZSD53;ISHETFINXGIMETFP;INXG;ETF;ETF Plus;EUR;IE;OUI;-;Euronext;2026-08-04
IE00B1FZSF77;ISHARES PROP US;IUSP;ETF;Euronext Amsterdam | ETF Plus;EUR;IE;OUI;-;Euronext;2026-08-04
IE00B1TXHL60;ISHARES PRIVATE EQ;IPRV;ETF;Euronext Amsterdam;EUR;IE;OUI;-;Euronext;2026-08-04
IE00B1TXK627;ISHETFSPGWETFP;IH2O;ETF;ETF Plus;EUR;IE;OUI;-;Euronext;2026-08-04
IE00B1TXLS18;ISHETFIUKPIMETFP;IUKP;ETF;ETF Plus;EUR;IE;OUI;-;Euronext;2026-08-04
IE00B1W57M07;ISHARES BIC 50;BRIC;ETF;Euronext Amsterdam;EUR;IE;OUI;-;Euronext;2026-08-04
IE00B1WV4493;ORIGIN ENT. PLC;OIZ;Action;Euronext Growth Dublin;EUR;IE;OUI;;Euronext;2026-08-04
IE00B1XNH568;ISHETFFTMIBETFP;IMIB;ETF;ETF Plus;EUR;IE;OUI;-;Euronext;2026-08-04
IE00B1XNHC34;ISHETFSPGCLETFP;INRG;ETF;ETF Plus;EUR;IE;OUI;ESG ETF art. 8;Euronext;2026-08-04
IE00B1YZSC51;ISHARES EUROPE;IMEU;ETF;Euronext Amsterdam | ETF Plus;EUR;IE;OUI;-;Euronext;2026-08-04
IE00B23D8S39;INVETFPFTIMETFP;PFT;ETF;ETF Plus | Euronext Paris;EUR;IE;OUI;-;Euronext;2026-08-04
IE00B23D8X81;INVETFPEFIMETFP;PEF;ETF;ETF Plus;EUR;IE;OUI;-;Euronext;2026-08-04
IE00B23D9570;INVETFPEHIMETFP;PEH;ETF;ETF Plus;EUR;IE;OUI;-;Euronext;2026-08-04
IE00B23LNQ02;INVETFPSRWIMETFP;PSRW;ETF;ETF Plus;EUR;IE;OUI;-;Euronext;2026-08-04
IE00B27YCK28;ISHARES LATIN AM;LTAM;ETF;Euronext Amsterdam | ETF Plus;EUR;IE;OUI;-;Euronext;2026-08-04
IE00B2NPKV68;ISHETFJPEMIETFP;IEMB;ETF;ETF Plus;EUR;IE;OUI;-;Euronext;2026-08-04
IE00B2QWDY88;ISHETFISJPIMETFP;ISJP;ETF;ETF Plus;EUR;IE;OUI;-;Euronext;2026-08-04
IE00B3B8Q275;ISHARES E COV BOND;ICOV;ETF;Euronext Amsterdam | ETF Plus;EUR;IE;OUI;-;Euronext;2026-08-04
IE00B3BPCH51;INVETFPEUIMETFP;PEU;ETF;ETF Plus | Euronext Paris;EUR;IE;OUI;-;Euronext;2026-08-04
IE00B3CNHG25;L&G Gold Mining;AUCO;ETF;Euronext Amsterdam | ETF Plus;EUR;IE;OUI;-;Euronext;2026-08-04
IE00B3CNHJ55;L&G Russell 2000;RTWO;ETF;Euronext Amsterdam | ETF Plus;EUR;IE;OUI;-;Euronext;2026-08-04
IE00B3DKXQ41;ISHARES B E AGG;IEAG;ETF;Euronext Amsterdam | ETF Plus;EUR;IE;OUI;ESG ETF art. 8;Euronext;2026-08-04
IE00B3DWVS88;INVETFGEASIMETFP;MXFS;ETF;ETF Plus;EUR;IE;OUI;-;Euronext;2026-08-04
IE00B3F81R35;ISHARES B E CORP;IEAC;ETF;Euronext Amsterdam | ETF Plus;EUR;IE;OUI;-;Euronext;2026-08-04
IE00B3FH7618;ISHARES B E TR 0-1;IEGE;ETF;Euronext Amsterdam | ETF Plus;EUR;IE;OUI;-;Euronext;2026-08-04
IE00B3RBWM25;VANETFVWCEIMETFP;VWRL;ETF;ETF Plus | Euronext Amsterdam, Paris;EUR;IE;OUI;-;Euronext;2026-08-04
IE00B3S1J086;HSBETFHTWNIMETFP;HTWN;ETF;ETF Plus;EUR;IE;OUI;-;Euronext;2026-08-04
IE00B3S5XW04;SSGETFGOVAIMETFP;GOVY;ETF;ETF Plus;EUR;IE;OUI;-;Euronext;2026-08-04
IE00B3T9LM79;SSGETFXBLCIMETFP;EUCO;ETF;ETF Plus;EUR;IE;OUI;-;Euronext;2026-08-04
IE00B3VPKB53;INVETFXLUSIMETFP;XLUS;ETF;ETF Plus;EUR;IE;OUI;-;Euronext;2026-08-04
IE00B3VSSL01;INVETFXLKSIMETFP;XLKS;ETF;ETF Plus;EUR;IE;OUI;-;Euronext;2026-08-04
IE00B3VTMJ91;ISHETFIBGSIMETFP;CSBGE3;ETF;ETF Plus;EUR;IE;OUI;-;Euronext;2026-08-04
IE00B3VTML14;ISHETFBGE7IMETFP;CSBGE7;ETF;ETF Plus | Euronext Amsterdam;EUR;IE;OUI;-;Euronext;2026-08-04
IE00B3VTN290;ISHETFIBGMIMETFP;SXRQ;ETF;ETF Plus;EUR;IE;OUI;-;Euronext;2026-08-04
IE00B3VVMM84;VANETFVFEAIMETFP;VFEM;ETF;ETF Plus | Euronext Amsterdam, Paris;EUR;IE;OUI;-;Euronext;2026-08-04
IE00B3VWM098;ISHETFSUSSIMETFP;CSUSS;ETF;ETF Plus;EUR;IE;OUI;ESG ETF art. 8;Euronext;2026-08-04
IE00B3VWMM18;ISHETFETUSITETFP;CSEMUS;ETF;ETF Plus;EUR;IE;OUI;-;Euronext;2026-08-04
IE00B3VWN179;ISHETFBGU3IMETFP;CSBGU3;ETF;ETF Plus;EUR;IE;OUI;-;Euronext;2026-08-04
IE00B3VWN393;ISHETFBGU7IMETFP;CSBGU7;ETF;ETF Plus | Euronext Amsterdam;EUR;IE;OUI;-;Euronext;2026-08-04
IE00B3WMTH43;INVETFXLVSIMETFP;XLVS;ETF;ETF Plus;EUR;IE;OUI;-;Euronext;2026-08-04
IE00B3XM3R14;INVETFXLBSIMETFP;XLBS;ETF;ETF Plus;EUR;IE;OUI;-;Euronext;2026-08-04
IE00B3XXRP09;VANETFSP500TETFP;VUSA;ETF;ETF Plus | Euronext Amsterdam, Paris;EUR;IE;OUI;-;Euronext;2026-08-04
IE00B3Y8D011;XTRACTXS7WETFP;XS7W;ETF;ETF Plus;EUR;IE;OUI;-;Euronext;2026-08-04
IE00B3YC1100;INVETFXLISIMETFP;XLIS;ETF;ETF Plus;EUR;IE;OUI;-;Euronext;2026-08-04
IE00B3YCGJ38;INVETFSP500TETFP;SPXS;ETF;ETF Plus | Euronext Amsterdam;EUR;IE;OUI;-;Euronext;2026-08-04
IE00B3YLTY66;SPDR ACWI IMI;IMIE;ETF;Euronext Paris | ETF Plus;EUR;IE;OUI;-;Euronext;2026-08-04
IE00B3Z0X395;HSBETFHKORIMETFP;HKOR;ETF;ETF Plus;EUR;IE;OUI;-;Euronext;2026-08-04
IE00B3Z3FS74;UBSETFGEASIMETFP;EMGEAS;ETF;ETF Plus;EUR;IE;OUI;-;Euronext;2026-08-04
IE00B3ZW0K18;ISHETFIUSEIMETFP;IUSE;ETF;ETF Plus | Euronext Amsterdam;EUR;IE;OUI;-;Euronext;2026-08-04
IE00B42Q4896;INVETFXLFSIMETFP;XLFS;ETF;ETF Plus;EUR;IE;OUI;-;Euronext;2026-08-04
IE00B42TW061;HSBC FTSE 100 ETF;UKX;ETF;Euronext Paris;EUR;IE;OUI;-;Euronext;2026-08-04
IE00B42Z5J44;ISHETFIJPEIMETFP;IJPE;ETF;ETF Plus | Euronext Amsterdam;EUR;IE;OUI;-;Euronext;2026-08-04
IE00B435BG20;INVETFXLPSIMETFP;XLPS;ETF;ETF Plus;EUR;IE;OUI;-;Euronext;2026-08-04
IE00B435CG94;INVETFXLESIMETFP;XLES;ETF;ETF Plus;EUR;IE;OUI;-;Euronext;2026-08-04
IE00B43QJJ40;SSGETFGLAGIMETFP;GLAG;ETF;ETF Plus;EUR;IE;OUI;-;Euronext;2026-08-04
IE00B43VDT70;INVETCSILVEETFP;SSLV;ETF;ETF Plus;EUR;IE;OUI;-;Euronext;2026-08-04
IE00B441G979;ISHETFIWDEIMETFP;IWDE;ETF;ETF Plus | Euronext Amsterdam;EUR;IE;OUI;-;Euronext;2026-08-04
IE00B449XP68;INVETFXLYSIMETFP;XLYS;ETF;ETF Plus;EUR;IE;OUI;-;Euronext;2026-08-04
IE00B44CND37;SSGETFTRSYIMETFP;TRSY;ETF;ETF Plus;EUR;IE;OUI;-;Euronext;2026-08-04
IE00B44T3H88;HSBC MSCI CHINA;CNY;ETF;Euronext Paris | ETF Plus;EUR;IE;OUI;-;Euronext;2026-08-04
IE00B44Z5B48;SPDR ACWI;ACWE;ETF;Euronext Paris | ETF Plus;EUR;IE;OUI;-;Euronext;2026-08-04
IE00B4556L06;iShETCPLDMLNETFP;SPDM;ETF;ETF Plus;EUR;IE;OUI;-;Euronext;2026-08-04
IE00B4613386;SSGETFEMLAIMETFP;EMLD;ETF;ETF Plus;EUR;IE;OUI;-;Euronext;2026-08-04
IE00B466KX20;SSGETFEMAEIMETFP;EMAE;ETF;ETF Plus;EUR;IE;OUI;-;Euronext;2026-08-04
IE00B469F816;SSGETFGEASIMETFP;EMRG;ETF;ETF Plus;EUR;IE;OUI;-;Euronext;2026-08-04
IE00B46G8275;HSBETFXMINIMETFP;HIDD;ETF;ETF Plus;EUR;IE;OUI;-;Euronext;2026-08-04
IE00B4BNMY34;Accenture PLC;1ACN;Action;Euronext Global Equity Market;EUR;IE;OUI;;Euronext;2026-08-04
IE00B4K48X80;ISHARES MSCI EUR A;IMAE;ETF;Euronext Amsterdam | ETF Plus;EUR;IE;OUI;-;Euronext;2026-08-04
IE00B4K6B022;HSBC EUROSTX50 ETF;50E;ETF;Euronext Paris | ETF Plus;EUR;IE;OUI;-;Euronext;2026-08-04
IE00B4L5Y983;ISHARES MSCI WOR A;IWDA;ETF;Euronext Amsterdam | ETF Plus;EUR;IE;OUI;-;Euronext;2026-08-04
IE00B4L5YC18;ISHARES MSCI EM A;IEMA;ETF;Euronext Amsterdam | ETF Plus;EUR;IE;OUI;-;Euronext;2026-08-04
IE00B4L5YX21;ISHARES MSCI JAP A;IJPA;ETF;Euronext Amsterdam | ETF Plus;EUR;IE;OUI;-;Euronext;2026-08-04
IE00B4L5ZG21;ISHETFIEXFIMETFP;IEXF;ETF;ETF Plus;EUR;IE;OUI;-;Euronext;2026-08-04
IE00B4L60045;ISHETFSE15IMETFP;SE15;ETF;ETF Plus;EUR;IE;OUI;-;Euronext;2026-08-04
IE00B4LHWP62;iShETCXPPEIMETFP;SPLT;ETF;ETF Plus;EUR;IE;OUI;-;Euronext;2026-08-04
IE00B4NCWG09;iShETCXSLRIMETFP;SSLN;ETF;ETF Plus;EUR;IE;OUI;-;Euronext;2026-08-04
IE00B4ND3602;iShETCXGDEIMETFP;SGLN;ETF;ETF Plus;EUR;IE;OUI;-;Euronext;2026-08-04
IE00B4P11460;PIMETFEMLIIMETFP;EMLB;ETF;ETF Plus;EUR;IE;OUI;-;Euronext;2026-08-04
IE00B4PY7Y77;ISHETFIHYUIMETFP;IHYU;ETF;ETF Plus;EUR;IE;OUI;-;Euronext;2026-08-04
IE00B4Q5ZN47;JAZZ PHARMACEUTICA;1JAZZ;Action;Euronext Global Equity Market;EUR;IE;OUI;;Euronext;2026-08-04
IE00B4QNHH68;L&GSTRDEL2IMETFP;DEL2;ETF;ETF Plus;EUR;IE;OUI;-;Euronext;2026-08-04
IE00B4QNHZ41;L&GSTRDES2IMETFP;DES2;ETF;ETF Plus;EUR;IE;OUI;-;Euronext;2026-08-04
IE00B4WPHX27;L&G Lg Dat Commod;COMF;ETF;Euronext Amsterdam | ETF Plus;EUR;IE;OUI;-;Euronext;2026-08-04
IE00B4WXJD03;ISHETFMSPAJAETFP;SPXJ;ETF;ETF Plus;EUR;IE;OUI;-;Euronext;2026-08-04
IE00B4WXJG34;ISHARES EG 5-7;IEGY;ETF;Euronext Amsterdam | ETF Plus;EUR;IE;OUI;-;Euronext;2026-08-04
IE00B4WXJH41;ISHARES EG 10-15;IEGZ;ETF;Euronext Amsterdam | ETF Plus;EUR;IE;OUI;-;Euronext;2026-08-04
IE00B4WXJJ64;ISHARES IEGA;IEGA;ETF;Euronext Amsterdam | ETF Plus;EUR;IE;OUI;-;Euronext;2026-08-04
IE00B4X9L533;HSBC MSCI WORLD;WRD;ETF;Euronext Paris | ETF Plus;EUR;IE;OUI;-;Euronext;2026-08-04
IE00B4YBJ215;SPDR S&P 400 MID;SPY4;ETF;Euronext Paris | ETF Plus;EUR;IE;OUI;-;Euronext;2026-08-04
IE00B51B7Z02;HSBC MSCI CANADA;HCAN;ETF;Euronext Paris;EUR;IE;OUI;-;Euronext;2026-08-04
IE00B52MJD48;ISHETFN225ETFP;CSNKY;ETF;ETF Plus;EUR;IE;OUI;-;Euronext;2026-08-04
IE00B52MJY50;ISHETFMSPAJAETFP;CSPXJ;ETF;ETF Plus | Euronext Amsterdam;EUR;IE;OUI;-;Euronext;2026-08-04
IE00B52SF786;ISHETFMSCAETFP;CSCA;ETF;ETF Plus | Euronext Amsterdam;EUR;IE;OUI;-;Euronext;2026-08-04
IE00B52SFT06;ISHETFCSUSIMETFP;CSUS;ETF;ETF Plus | Euronext Amsterdam;EUR;IE;OUI;-;Euronext;2026-08-04
IE00B52VJ196;IS MSCI EUR SRI;IESE;ETF;Euronext Amsterdam | ETF Plus;EUR;IE;OUI;ESG ETF art. 8;Euronext;2026-08-04
IE00B52XQP83;ISHETFIRSAIMETFP;SRSA;ETF;ETF Plus;EUR;IE;OUI;-;Euronext;2026-08-04
IE00B5377D42;ISHETFSAUSIMETFP;SAUS;ETF;ETF Plus;EUR;IE;OUI;-;Euronext;2026-08-04
IE00B539F030;ISHETFMSCUKXAMC;CSUK;ETF;Euronext Amsterdam - Multi-currency Trading;USD;IE;OUI;-;Euronext;2026-08-04
IE00B53H0131;UBSETFUSASIMETFP;CCUSAS;ETF;ETF Plus;EUR;IE;OUI;-;Euronext;2026-08-04
IE00B53L3W79;ISHETFEUSX5ETFP;CSSX5E;ETF;ETF Plus | Euronext Amsterdam;EUR;IE;OUI;-;Euronext;2026-08-04
IE00B53L4X51;ISHETFSMIBIMETFP;CSMIB;ETF;ETF Plus;EUR;IE;OUI;-;Euronext;2026-08-04
IE00B53QDK08;ISHETFCSJPIMETFP;CSJP;ETF;ETF Plus | Euronext Amsterdam;EUR;IE;OUI;-;Euronext;2026-08-04
IE00B53QG562;ISHETFSEMUIMETFP;CSEMU;ETF;ETF Plus | Euronext Amsterdam;EUR;IE;OUI;-;Euronext;2026-08-04
IE00B53SZB19;ISHETFND100ETFP;CSNDX;ETF;ETF Plus | Euronext Amsterdam;EUR;IE;OUI;-;Euronext;2026-08-04
IE00B579F325;Inve Phys Gold ETC;SGLD;ETF;Euronext Amsterdam | ETF Plus;EUR;IE;OUI;-;Euronext;2026-08-04
IE00B57X3V84;ISHARES DJ GLO SUS;IGSG;ETF;Euronext Amsterdam;EUR;IE;OUI;ESG ETF art. 8;Euronext;2026-08-04
IE00B58HMN42;UBSETFEUASIMETFP;CCEUAS;ETF;ETF Plus;EUR;IE;OUI;-;Euronext;2026-08-04
IE00B5B5TG76;INVETFEUS50ETFP;SDJE5D;ETF;ETF Plus;EUR;IE;OUI;-;Euronext;2026-08-04
IE00B5BD5K76;HSBC MSCI EUR ETF;HEU;ETF;Euronext Paris | ETF Plus;EUR;IE;OUI;-;Euronext;2026-08-04
IE00B5BMR087;ISHETFSP500TETFP;CSSPX;ETF;ETF Plus | Euronext Amsterdam;EUR;IE;OUI;-;Euronext;2026-08-04
IE00B5KQNG97;HSBC SP 500 ETF;HHH;ETF;Euronext Paris | ETF Plus;EUR;IE;OUI;-;Euronext;2026-08-04
IE00B5L01S80;HSBETFEWLDIMETFP;HPRD;ETF;ETF Plus;EUR;IE;OUI;-;Euronext;2026-08-04
IE00B5L8K969;ISHETFEMAEIMETFP;CSEMAS;ETF;ETF Plus;EUR;IE;OUI;-;Euronext;2026-08-04
IE00B5M1WJ87;SPDR EUR DIV ARIST;EUDV;ETF;Euronext Paris | ETF Plus;EUR;IE;OUI;-;Euronext;2026-08-04
IE00B5M4WH52;ISHETFSEMLIMETFP;SEML;ETF;ETF Plus;EUR;IE;OUI;-;Euronext;2026-08-04
IE00B5MTWD60;INVETFX7PSIMETFP;X7PS;ETF;ETF Plus;EUR;IE;OUI;-;Euronext;2026-08-04
IE00B5SG8Z57;HSBETFMSPAJAETFP;HMXJ;ETF;ETF Plus;EUR;IE;OUI;-;Euronext;2026-08-04
IE00B5SSQT16;HSBETFGEASIMETFP;HMEM;ETF;ETF Plus;EUR;IE;OUI;-;Euronext;2026-08-04
IE00B5VX7566;HSBC MSCIJAPAN ETF;MJP;ETF;Euronext Paris | ETF Plus;EUR;IE;OUI;-;Euronext;2026-08-04
IE00B5W4TY14;ISHETFCSKRIMETFP;CSKR;ETF;ETF Plus;EUR;IE;OUI;-;Euronext;2026-08-04
IE00B5WFQ436;HSBC MSCI USA ETF;MUS;ETF;Euronext Paris;EUR;IE;OUI;-;Euronext;2026-08-04
IE00B5WHFQ43;iSHR Mexico Cap;CMEX;ETF;Euronext Amsterdam;EUR;IE;OUI;-;Euronext;2026-08-04
IE00B5ZR2157;PIMACTPJS1ETFP;PJS1;ETF;ETF Plus;EUR;IE;OUI;-;Euronext;2026-08-04
IE00B60SWW18;INVETFJ600IMETFP;SDJ600;ETF;ETF Plus;EUR;IE;OUI;-;Euronext;2026-08-04
IE00B60SWX25;INVETFEUSX5ETFP;SDJE50;ETF;ETF Plus;EUR;IE;OUI;-;Euronext;2026-08-04
IE00B60SWY32;INVETFSMEAIMETFP;SMSEUR;ETF;ETF Plus;EUR;IE;OUI;-;Euronext;2026-08-04
IE00B60SX170;INVETFMXUSIMETFP;MXUS;ETF;ETF Plus;EUR;IE;OUI;-;Euronext;2026-08-04
IE00B60SX287;INVETFCSJPIMETFP;SMSJPN;ETF;ETF Plus;EUR;IE;OUI;-;Euronext;2026-08-04
IE00B60SX394;INVETFMSTRUSETFP;SMSWLD;ETF;ETF Plus;EUR;IE;OUI;-;Euronext;2026-08-04
IE00B60SX402;INVETFRU2000ETFP;SR2000;ETF;ETF Plus;EUR;IE;OUI;-;Euronext;2026-08-04
IE00B66F4759;ISHETFIHYGIMETFP;IHYG;ETF;ETF Plus;EUR;IE;OUI;-;Euronext;2026-08-04
IE00B67B7N93;PIMACTMINTETFP;MINT;ETF;ETF Plus;EUR;IE;OUI;-;Euronext;2026-08-04
IE00B6R51Z18;OilGas Ex Prd A;IOGP;ETF;Euronext Amsterdam;EUR;IE;OUI;-;Euronext;2026-08-04
IE00B6R52036;iS Gold Pro Acc;ISOE;ETF;Euronext Amsterdam;EUR;IE;OUI;-;Euronext;2026-08-04
IE00B6R52143;iS Agri bus Acc;ISAE;ETF;Euronext Amsterdam | ETF Plus;EUR;IE;OUI;-;Euronext;2026-08-04
IE00B6R52259;iS MSCI ACWI Acc;SSAC;ETF;Euronext Amsterdam | ETF Plus;EUR;IE;OUI;-;Euronext;2026-08-04
IE00B6SPMN59;ISHETFMVUSIMETFP;MVUS;ETF;ETF Plus;EUR;IE;OUI;-;Euronext;2026-08-04
IE00B6TLBW47;ISHETFEMCRIMETFP;EMCR;ETF;ETF Plus;EUR;IE;OUI;-;Euronext;2026-08-04
IE00B6X2VY59;ISH NLD BD HEDGED;IRCP;ETF;Euronext Amsterdam;EUR;IE;OUI;ESG ETF art. 8;Euronext;2026-08-04
IE00B6X4BP29;WISETC3GOSIMETFP;3GOS;ETF;ETF Plus;EUR;IE;OUI;-;Euronext;2026-08-04
IE00B6YX5B26;SSGETFEMDVIMETFP;EMDV;ETF;ETF Plus;EUR;IE;OUI;-;Euronext;2026-08-04
IE00B6YX5C33;SPDR S&P 500;SPY5;ETF;Euronext Paris | ETF Plus;EUR;IE;OUI;-;Euronext;2026-08-04
IE00B6YX5D40;SSGETFUSDVIMETFP;USDV;ETF;ETF Plus;EUR;IE;OUI;-;Euronext;2026-08-04
IE00B6YX5F63;SSGETFGOVSIMETFP;GOVS;ETF;ETF Plus;EUR;IE;OUI;-;Euronext;2026-08-04
IE00B6YX5H87;SSGETFSESRIMETFP;SESR;ETF;ETF Plus;EUR;IE;OUI;ESG ETF art. 8;Euronext;2026-08-04
IE00B6YX5M31;SSGETFJNKEIMETFP;JNKE;ETF;ETF Plus;EUR;IE;OUI;-;Euronext;2026-08-04
IE00B74DQ490;ISHETFHYLDIMETFP;HYLD;ETF;ETF Plus;EUR;IE;OUI;-;Euronext;2026-08-04
IE00B77D4428;UBS IRL USAUSY;UBU3;ETF;Euronext Amsterdam | ETF Plus;EUR;IE;OUI;-;Euronext;2026-08-04
IE00B78JSG98;UBSETFVEUYIMETFP;USVEUY;ETF;ETF Plus;EUR;IE;OUI;-;Euronext;2026-08-04
IE00B7J7TB45;ISHETFCORPIMETFP;CORP;ETF;ETF Plus;EUR;IE;OUI;-;Euronext;2026-08-04
IE00B7K93397;UBS IRL SP5USY;UBU9;ETF;Euronext Amsterdam | ETF Plus;EUR;IE;OUI;-;Euronext;2026-08-04
IE00B7KMNP07;UBSETFSOLGLPETFP;GOM;ETF;ETF Plus;EUR;IE;OUI;-;Euronext;2026-08-04
IE00B7KQ7B66;UBS IRL WRDUSY;UBU7;ETF;Euronext Amsterdam;EUR;IE;OUI;-;Euronext;2026-08-04
IE00B7LGZ558;ISH FR TREAS BD;IFRB;ETF;Euronext Amsterdam;EUR;IE;OUI;-;Euronext;2026-08-04
IE00B7LW6Y90;ISHETFIITBIMETFP;IITB;ETF;ETF Plus;EUR;IE;OUI;-;Euronext;2026-08-04
IE00B7N3YW49;PIMETFSTHYIMETFP;STHY;ETF;ETF Plus;EUR;IE;OUI;-;Euronext;2026-08-04
IE00B7WK2W23;UBSETFMSASTRETFP;AJEUAS;ETF;ETF Plus;EUR;IE;OUI;-;Euronext;2026-08-04
IE00B7Y34M31;WISETNSP500TETFP;3USL;ETF;ETF Plus | Euronext Paris;EUR;IE;OUI;-;Euronext;2026-08-04
IE00B802KR88;SSGETFLOWVIMETFP;LOWV;ETF;ETF Plus;EUR;IE;OUI;-;Euronext;2026-08-04
IE00B810Q511;VANETFS100IMETFP;VUKE;ETF;ETF Plus;EUR;IE;OUI;-;Euronext;2026-08-04
IE00B86MWN23;ISHETFMVEUIMETFP;MVEU;ETF;ETF Plus;EUR;IE;OUI;-;Euronext;2026-08-04
IE00B8CJW150;INVETFMLPDIMETFP;MLPD;ETF;ETF Plus;EUR;IE;OUI;-;Euronext;2026-08-04
IE00B8FHGS14;ISHETFMVOLIMETFP;MVOL;ETF;ETF Plus;EUR;IE;OUI;-;Euronext;2026-08-04
IE00B8GKDB10;VANETFVHYLIMETFP;VHYL;ETF;ETF Plus | Euronext Amsterdam, Paris;EUR;IE;OUI;-;Euronext;2026-08-04
IE00B8HGT870;WISETC3GOSIMETFP;3GOL;ETF;ETF Plus;EUR;IE;OUI;-;Euronext;2026-08-04
IE00B8JVMZ80;WISETC3HCLIMETFP;3HCL;ETF;ETF Plus;EUR;IE;OUI;-;Euronext;2026-08-04
IE00B8K7KM88;WISETNSP500TETFP;3USS;ETF;ETF Plus | Euronext Paris;EUR;IE;OUI;-;Euronext;2026-08-04
IE00B8KGV557;ISHETFEMVIMETFP;EMV;ETF;ETF Plus;EUR;IE;OUI;-;Euronext;2026-08-04
IE00B8KQN827;Eaton Corp PLC;1ETN;Action;Euronext Global Equity Market;EUR;IE;OUI;;Euronext;2026-08-04
IE00B8NB3063;WISETNFMSLTRETFP;3ITL;ETF;ETF Plus;EUR;IE;OUI;-;Euronext;2026-08-04
IE00B8X9NY41;FIRETFFEUZIMETFP;FEUZ;ETF;ETF Plus | Euronext Amsterdam;EUR;IE;OUI;-;Euronext;2026-08-04
IE00B910VR50;SSGETFSEMUIMETFP;EURO;ETF;ETF Plus;EUR;IE;OUI;-;Euronext;2026-08-04
IE00B945VV12;VANETFVWCGIMETFP;VEUR;ETF;ETF Plus | Euronext Amsterdam, Paris;EUR;IE;OUI;-;Euronext;2026-08-04
IE00B94QLN63;WISETC2PALIMETFP;2PAL;ETF;ETF Plus;EUR;IE;OUI;-;Euronext;2026-08-04
IE00B94QLR02;WISETC2PALIMETFP;1PAS;ETF;ETF Plus;EUR;IE;OUI;-;Euronext;2026-08-04
IE00B94ZB998;INVETFMLPDIMETFP;MLPS;ETF;ETF Plus;EUR;IE;OUI;-;Euronext;2026-08-04
IE00B95PGT31;VANETFVJPAIMETFP;VJPN;ETF;ETF Plus | Euronext Amsterdam, Paris;EUR;IE;OUI;-;Euronext;2026-08-04
IE00B979GK47;SSGETFUSDEIMETFP;USDE;ETF;ETF Plus;EUR;IE;OUI;-;Euronext;2026-08-04
IE00B99FL386;SSGETFSJNKIMETFP;SJNK;ETF;ETF Plus;EUR;IE;OUI;ESG ETF art. 8;Euronext;2026-08-04
IE00B9CQXS71;SSGETFGLDVIMETFP;GLDV;ETF;ETF Plus;EUR;IE;OUI;-;Euronext;2026-08-04
IE00B9F5YL18;VANETFVAPXIMETFP;VAPX;ETF;ETF Plus | Euronext Amsterdam, Paris;EUR;IE;OUI;-;Euronext;2026-08-04
IE00B9KNR336;SSGETFPADVIMETFP;PADV;ETF;ETF Plus;EUR;IE;OUI;-;Euronext;2026-08-04
IE00B9M6RS56;ISHETFEMBEIMETFP;EMBE;ETF;ETF Plus;EUR;IE;OUI;-;Euronext;2026-08-04
IE00BC7GZJ81;SSGETFTRS3IMETFP;TRS3;ETF;ETF Plus;EUR;IE;OUI;-;Euronext;2026-08-04
IE00BC7GZW19;SSGETFSEUCIMETFP;SEUC;ETF;ETF Plus;EUR;IE;OUI;-;Euronext;2026-08-04
IE00BC7GZX26;SSGETFSUSCIMETFP;SUSC;ETF;ETF Plus;EUR;IE;OUI;-;Euronext;2026-08-04
IE00BCHWNQ94;XTRETFXDWYIMETFP;XDWY;ETF;ETF Plus;EUR;IE;OUI;ESG ETF art. 8;Euronext;2026-08-04
IE00BCLWRB83;IS USD HEDGED CB;LQDH;ETF;Euronext Amsterdam;EUR;IE;OUI;-;Euronext;2026-08-04
IE00BCLWRF22;ISHETFEMULIMETFP;EMUL;ETF;ETF Plus;EUR;IE;OUI;-;Euronext;2026-08-04
IE00BCRY6003;IS USD SHORT HY CB;SDHY;ETF;Euronext Amsterdam | ETF Plus;EUR;IE;OUI;-;Euronext;2026-08-04
IE00BCRY6557;IS EURO ULTRASHORT;ERNE;ETF;Euronext Amsterdam | ETF Plus;EUR;IE;OUI;-;Euronext;2026-08-04
IE00BD09ZV33;LS 2X VISA;2VIS;ETF;Euronext Amsterdam;EUR;IE;OUI;-;Euronext;2026-08-04
IE00BD09ZW40;LS 2X NETFLIX;2NFL;ETF;Euronext Amsterdam;EUR;IE;OUI;-;Euronext;2026-08-04
IE00BD0Q9673;INVETFHYFAIMETFP;HYFA;ETF;ETF Plus | Euronext Paris;EUR;IE;OUI;-;Euronext;2026-08-04
IE00BD1RP616;BANK OF IRELAND GP;BIRG;Action;Euronext Dublin;EUR;IE;OUI;;Euronext;2026-08-04
IE00BD4DX952;XTRETFXQUAIMETFP;XQUA;ETF;ETF Plus;EUR;IE;OUI;ESG ETF art. 8;Euronext;2026-08-04
IE00BD4DXB77;XTRETFXQUAIMETFP;XQUE;ETF;ETF Plus;EUR;IE;OUI;ESG ETF art. 8;Euronext;2026-08-04
IE00BD4TXS21;UBSETFCSUSIMETFP;USAUSW;ETF;ETF Plus;EUR;IE;OUI;-;Euronext;2026-08-04
IE00BD4TXV59;UBSETFMSTRUSETFP;WRDA;ETF;ETF Plus;EUR;IE;OUI;-;Euronext;2026-08-04
IE00BD4TXW66;UBSETFSP500ETFP;UBSPX;ETF;ETF Plus;EUR;IE;OUI;-;Euronext;2026-08-04
IE00BD4TY451;UBSETFSAUSIMETFP;AUSAUW;ETF;ETF Plus;EUR;IE;OUI;-;Euronext;2026-08-04
IE00BD4TYF66;UBS IRL USEUYH;UE31;ETF;Euronext Amsterdam;EUR;IE;OUI;-;Euronext;2026-08-04
IE00BD4TYG73;UBSETFEUWHIMETFP;USEUWH;ETF;ETF Plus;EUR;IE;OUI;-;Euronext;2026-08-04
IE00BD5HBS12;FT FACTOR FX EUR;FXEU;ETF;Euronext Amsterdam;EUR;IE;OUI;-;Euronext;2026-08-04
IE00BD64C665;MINCON GROUP PLC;MIO;Action;Euronext Growth Dublin;EUR;IE;OUI;;Euronext;2026-08-04
IE00BD6FTQ80;INVETFBLOCOMETFP;CMOD;ETF;ETF Plus;EUR;IE;OUI;-;Euronext;2026-08-04
IE00BD6GCF16;FIRETFUNCAIMETFP;UNCA;ETF;ETF Plus;EUR;IE;OUI;-;Euronext;2026-08-04
IE00BD6JX574;GLENVEAGH PROP.PLC;GVR;Action;Euronext Dublin;EUR;IE;OUI;;Euronext;2026-08-04
IE00BD6RZT93;WISETFDHSAIMETFP;DHSA;ETF;ETF Plus;EUR;IE;OUI;ESG ETF art. 8;Euronext;2026-08-04
IE00BD6RZW23;WISETFDHSFIMETFP;DHSF;ETF;ETF Plus;EUR;IE;OUI;ESG ETF art. 8;Euronext;2026-08-04
IE00BD842Y21;FIRETFNQGIHEXAMS;GINC;ETF;Euronext Amsterdam;EUR;IE;OUI;-;Euronext;2026-08-04
IE00BD8D5G25;PIMActEUHAETFP;EUHA;ETF;ETF Plus;EUR;IE;OUI;ESG ETF art. 8;Euronext;2026-08-04
IE00BD8D5H32;PIMActEUHIETFP;EUHI;ETF;ETF Plus;EUR;IE;OUI;-;Euronext;2026-08-04
IE00BD9MMD49;JP ETFJU13IMETFP;JU13;ETF;ETF Plus;EUR;IE;OUI;-;Euronext;2026-08-04
IE00BD9MMF62;JPMACTJESTETFP;JEST;ETF;ETF Plus;EUR;IE;OUI;ESG ETF art. 8;Euronext;2026-08-04
IE00BDB6Q211;Willis Towers W;1WTW;Action;Euronext Global Equity Market;EUR;IE;OUI;;Euronext;2026-08-04
IE00BDBRDM35;ISHARES CORAG E H;AGGH;ETF;Euronext Amsterdam | ETF Plus;EUR;IE;OUI;-;Euronext;2026-08-04
IE00BDBRT036;FT CLN EDG GRN NRG;QCLN;ETF;Euronext Amsterdam;EUR;IE;OUI;-;Euronext;2026-08-04
IE00BDC5DG00;KENMARE RESOURCES;KMR;Action;Euronext Dublin;EUR;IE;OUI;;Euronext;2026-08-04
IE00BDD48R20;VANETFVDCAIMETFP;VUSC;ETF;ETF Plus;EUR;IE;OUI;-;Euronext;2026-08-04
IE00BDD48S37;VANETFI04352ETFP;VSCE;ETF;ETF Plus | Euronext Amsterdam;EUR;IE;OUI;-;Euronext;2026-08-04
IE00BDDRDY39;JP ETFJMBEIMETFP;JMBE;ETF;ETF Plus;EUR;IE;OUI;-;Euronext;2026-08-04
IE00BDDRF700;HANETFITEKIMETFP;ITEK;ETF;ETF Plus;EUR;IE;OUI;-;Euronext;2026-08-04
IE00BDF12W49;WISETFDEMRIMETFP;DEMR;ETF;ETF Plus;EUR;IE;OUI;ESG ETF art. 8;Euronext;2026-08-04
IE00BDF16007;WISETFEEIAIMETFP;EEIA;ETF;ETF Plus;EUR;IE;OUI;ESG ETF art. 8;Euronext;2026-08-04
IE00BDF16114;WISETFDFEAIMETFP;DFEA;ETF;ETF Plus;EUR;IE;OUI;ESG ETF art. 8;Euronext;2026-08-04
IE00BDFBTQ78;VANETFGDIGIMETFP;GDIG;ETF;ETF Plus | Euronext Paris;EUR;IE;OUI;-;Euronext;2026-08-04
IE00BDFC6G93;JP ETFJMBEIMETFP;JPMB;ETF;ETF Plus;EUR;IE;OUI;-;Euronext;2026-08-04
IE00BDFC6Q91;JPMACTJPSTETFP;JPST;ETF;ETF Plus;EUR;IE;OUI;ESG ETF art. 8;Euronext;2026-08-04
IE00BDGN9Z19;XTRETFXMVEIMETFP;XMVE;ETF;ETF Plus;EUR;IE;OUI;ESG ETF art. 8;Euronext;2026-08-04
IE00BDGV0308;UBSETFSFMDIMETFP;USFMD;ETF;ETF Plus;EUR;IE;OUI;-;Euronext;2026-08-04
IE00BDGV0746;UBSETFMUFEIMETFP;USMUFE;ETF;ETF Plus;EUR;IE;OUI;-;Euronext;2026-08-04
IE00BDQZMX67;UBSETFWESGIMETFP;AWESG;ETF;ETF Plus;EUR;IE;OUI;ESG ETF art. 8;Euronext;2026-08-04
IE00BDR55471;UBSETFSRIAIMETFP;AWSRIA;ETF;ETF Plus;EUR;IE;OUI;ESG ETF art. 8;Euronext;2026-08-04
IE00BDR55927;UBS ETF AWSR;AWSR;ETF;Euronext Amsterdam | ETF Plus;EUR;IE;OUI;ESG ETF art. 8;Euronext;2026-08-04
IE00BDR5GT91;UBSETFNDEDIMETFP;GENDED;ETF;ETF Plus;EUR;IE;OUI;ESG ETF art. 8;Euronext;2026-08-04
IE00BDR5H073;UBSETFNDEEIMETFP;GENDEE;ETF;ETF Plus;EUR;IE;OUI;ESG ETF art. 8;Euronext;2026-08-04
IE00BDR5HM97;XTRETFXUHYIMETFP;XUHY;ETF;ETF Plus;EUR;IE;OUI;-;Euronext;2026-08-04
IE00BDS67326;VANETFEMLCIMETFP;EMLC;ETF;ETF Plus | Euronext Paris;EUR;IE;OUI;-;Euronext;2026-08-04
IE00BDT6FP91;SSGETFGCVEIMETFP;GCVE;ETF;ETF Plus;EUR;IE;OUI;-;Euronext;2026-08-04
IE00BDT8V027;INVETFPRFEIMETFP;PRFE;ETF;ETF Plus;EUR;IE;OUI;-;Euronext;2026-08-04
IE00BDVJF675;INVETFPRFEIMETFP;PRFD;ETF;ETF Plus;EUR;IE;OUI;-;Euronext;2026-08-04
IE00BDVJJQ56;NVENT ELECTRIC PLC;1NVT;Action;Euronext Global Equity Market;EUR;IE;OUI;;Euronext;2026-08-04
IE00BDVPNG13;WISETFWTAIIMETFP;WTAI;ETF;ETF Plus | Euronext Paris;EUR;IE;OUI;ESG ETF art. 8;Euronext;2026-08-04
IE00BDZCKK11;INVETFPQVMIMETFP;PQVM;ETF;ETF Plus;EUR;IE;OUI;-;Euronext;2026-08-04
IE00BF01VY89;LS 2X ALPHABET;2GOO;ETF;Euronext Amsterdam;EUR;IE;OUI;-;Euronext;2026-08-04
IE00BF03XH11;LS 2X AMAZON;2AMZ;ETF;Euronext Amsterdam;EUR;IE;OUI;-;Euronext;2026-08-04
IE00BF03XP94;LS 2X FACEBOOK;2FB;ETF;Euronext Amsterdam;EUR;IE;OUI;-;Euronext;2026-08-04
IE00BF03XR19;LS 2X GOLDMAN;2GS;ETF;Euronext Amsterdam;EUR;IE;OUI;-;Euronext;2026-08-04
IE00BF0H7608;L&G Pharma Breakth;BIOT;ETF;Euronext Amsterdam | ETF Plus;EUR;IE;OUI;-;Euronext;2026-08-04
IE00BF0L3536;AIB GROUP PLC;A5G;Action;Euronext Dublin;EUR;IE;OUI;;Euronext;2026-08-04
IE00BF0M2Z96;L&G Battery Value;BATT;ETF;Euronext Amsterdam | ETF Plus;EUR;IE;OUI;ESG ETF art. 8;Euronext;2026-08-04
IE00BF0M6N54;L&G Ecommerce;ECOM;ETF;Euronext Amsterdam | ETF Plus;EUR;IE;OUI;-;Euronext;2026-08-04
IE00BF11F458;ISHETFFLOEIMETFP;FLOE;ETF;ETF Plus;EUR;IE;OUI;-;Euronext;2026-08-04
IE00BF11F565;ISHETFXBLCIMETFP;IEAA;ETF;ETF Plus;EUR;IE;OUI;-;Euronext;2026-08-04
IE00BF16M727;FIRETFCIBRIMETFP;CIBR;ETF;ETF Plus;EUR;IE;OUI;-;Euronext;2026-08-04
IE00BF1B7389;SSGETFEACWIMETFP;EACW;ETF;ETF Plus;EUR;IE;OUI;-;Euronext;2026-08-04
IE00BF1QPL78;SSGETFGLAEIMETFP;GLAE;ETF;ETF Plus;EUR;IE;OUI;-;Euronext;2026-08-04
IE00BF2B0K52;FRAETFFLXEIMETFP;FLXE;ETF;ETF Plus;EUR;IE;OUI;-;Euronext;2026-08-04
IE00BF2B0L69;FRAETFFLXDIMETFP;FLXD;ETF;ETF Plus;EUR;IE;OUI;-;Euronext;2026-08-04
IE00BF2B0M76;FRAETFFLXXIMETFP;FLXX;ETF;ETF Plus;EUR;IE;OUI;-;Euronext;2026-08-04
IE00BF2B0P08;FRAETFFLXUIMETFP;FLXU;ETF;ETF Plus | Euronext Paris;EUR;IE;OUI;-;Euronext;2026-08-04
IE00BF2FN646;INVETF7EUAIMETFP;TREX;ETF;ETF Plus;EUR;IE;OUI;-;Euronext;2026-08-04
IE00BF2FN869;INVETF7EUAIMETFP;TRXE;ETF;ETF Plus;EUR;IE;OUI;-;Euronext;2026-08-04
IE00BF2FNG46;INVETF1EUAITETFP;TRE3;ETF;ETF Plus;EUR;IE;OUI;-;Euronext;2026-08-04
IE00BF2FNQ44;INVETFTRE7IMETFP;TRE7;ETF;ETF Plus;EUR;IE;OUI;-;Euronext;2026-08-04
IE00BF2GFH28;INVETFTRESIMETFP;TRES;ETF;ETF Plus;EUR;IE;OUI;-;Euronext;2026-08-04
IE00BF2NR112;GREENCOAT REN.;GRP;Action;Euronext Growth Dublin;EUR;IE;OUI;;Euronext;2026-08-04
IE00BF3N7094;ISHETFIHYGIMXAMS;HIGH;ETF;Euronext Amsterdam;EUR;IE;OUI;-;Euronext;2026-08-04
IE00BF3N7102;ISHETFIHYUIMETFP;IHYE;ETF;ETF Plus;EUR;IE;OUI;-;Euronext;2026-08-04
IE00BF4G6Y48;JPMACTJREGETFP;JREG;ETF;ETF Plus;EUR;IE;OUI;ESG ETF art. 8;Euronext;2026-08-04
IE00BF4G6Z54;JPMACTJREMETFP;JREM;ETF;ETF Plus;EUR;IE;OUI;ESG ETF art. 8;Euronext;2026-08-04
IE00BF4G7076;JPMACTJREUETFP;JREU;ETF;ETF Plus;EUR;IE;OUI;ESG ETF art. 8;Euronext;2026-08-04
IE00BF4G7183;JPMACTJREEETFP;JREE;ETF;ETF Plus;EUR;IE;OUI;ESG ETF art. 8;Euronext;2026-08-04
IE00BF4J0300;INVETFBLOCOMETFP;CMOE;ETF;ETF Plus;EUR;IE;OUI;-;Euronext;2026-08-04
IE00BF4NQ904;HSBETFCNYEIMETFP;HMCA;ETF;ETF Plus;EUR;IE;OUI;-;Euronext;2026-08-04
IE00BF4TW453;WISETN3UBSIMETFP;3UBS;ETF;ETF Plus;EUR;IE;OUI;-;Euronext;2026-08-04
IE00BF4TW784;WISETNUL3SIMETFP;UL3S;ETF;ETF Plus;EUR;IE;OUI;-;Euronext;2026-08-04
IE00BF4TWC33;WISETCMETAIMETFP;META;ETF;ETF Plus;EUR;IE;OUI;-;Euronext;2026-08-04
IE00BF4TWF63;WISETCBENEIMETFP;BENE;ETF;ETF Plus;EUR;IE;OUI;-;Euronext;2026-08-04
IE00BF51K025;INVETFPUIGIMETFP;PUIG;ETF;ETF Plus;EUR;IE;OUI;ESG ETF art. 8;Euronext;2026-08-04
IE00BF51K132;INVETFPEMDIMETFP;PEMD;ETF;ETF Plus;EUR;IE;OUI;-;Euronext;2026-08-04
IE00BF51K249;INVETFPSFEIMETFP;PSFE;ETF;ETF Plus;EUR;IE;OUI;ESG ETF art. 8;Euronext;2026-08-04
IE00BF540Z61;VANETFGFAIMETFP;GFA;ETF;ETF Plus | Euronext Paris;EUR;IE;OUI;-;Euronext;2026-08-04
IE00BF541080;VANETFHYEMIMETFP;HYEM;ETF;ETF Plus | Euronext Paris;EUR;IE;OUI;-;Euronext;2026-08-04
IE00BF553838;ISHARES JPMESG;EMSA;ETF;Euronext Amsterdam | ETF Plus;EUR;IE;OUI;ESG ETF art. 8;Euronext;2026-08-04
IE00BF59RV63;JPMACTJRUBETFP;JRUB;ETF;ETF Plus;EUR;IE;OUI;ESG ETF art. 8;Euronext;2026-08-04
IE00BF59RW70;JPMACTJR15ETFP;JR15;ETF;ETF Plus;EUR;IE;OUI;ESG ETF art. 8;Euronext;2026-08-04
IE00BF59RX87;JPMACTJREBETFP;JREB;ETF;ETF Plus;EUR;IE;OUI;ESG ETF art. 8;Euronext;2026-08-04
IE00BF5DXP42;FIRETFBLOKIMETFP;BLOK;ETF;ETF Plus;EUR;IE;OUI;-;Euronext;2026-08-04
IE00BF8HV600;PIMETFSTHEIMETFP;STHE;ETF;ETF Plus;EUR;IE;OUI;-;Euronext;2026-08-04
IE00BF8J5974;XTRETFXYLDIMETFP;XYLD;ETF;ETF Plus;EUR;IE;OUI;ESG ETF art. 8;Euronext;2026-08-04
IE00BF92J153;L&GETFDPAYIMETFP;DPAY;ETF;ETF Plus;EUR;IE;OUI;ESG ETF art. 8;Euronext;2026-08-04
IE00BF92LV92;OSSACT5HEEETFP;5HEE;ETF;ETF Plus;EUR;IE;OUI;ESG ETF art. 8;Euronext;2026-08-04
IE00BFD26097;FIRETFEFPXIMETFP;EFPX;ETF;ETF Plus;EUR;IE;OUI;-;Euronext;2026-08-04
IE00BFD2H405;FIRETFFSKYIMETFP;FSKY;ETF;ETF Plus | Euronext Amsterdam;EUR;IE;OUI;-;Euronext;2026-08-04
IE00BFM15T99;ISHARES JAPAN IMI;SJPD;ETF;Euronext Amsterdam - Multi-currency Trading;USD;IE;OUI;ESG ETF art. 8;Euronext;2026-08-04
IE00BFM6TB42;ISHETFCORPIMETFP;CRPA;ETF;ETF Plus;EUR;IE;OUI;-;Euronext;2026-08-04
IE00BFMNHK08;XTRETFXZEUIMETFP;XZEU;ETF;ETF Plus;EUR;IE;OUI;ESG ETF art. 8;Euronext;2026-08-04
IE00BFMNPS42;XTRETFXZMUIMETFP;XZMU;ETF;ETF Plus;EUR;IE;OUI;ESG ETF art. 8;Euronext;2026-08-04
IE00BFMXVQ44;VANETFMXNUKETFP;VMIG;ETF;ETF Plus;EUR;IE;OUI;-;Euronext;2026-08-04
IE00BFMXXD54;VANETFSP500ETFP;VUAA;ETF;ETF Plus;EUR;IE;OUI;-;Euronext;2026-08-04
IE00BFMXYX26;VANETFVJPAIMETFP;VJPA;ETF;ETF Plus;EUR;IE;OUI;-;Euronext;2026-08-04
IE00BFMXYY33;VANETFVJPEIMETFP;VJPE;ETF;ETF Plus;EUR;IE;OUI;-;Euronext;2026-08-04
IE00BFNM3J75;ISHETFSAWDIMETFP;SAWD;ETF;ETF Plus;EUR;IE;OUI;ESG ETF art. 8;Euronext;2026-08-04
IE00BFNNN236;WISETFCOBOIMETFP;COBO;ETF;ETF Plus;EUR;IE;OUI;ESG ETF art. 8;Euronext;2026-08-04
IE00BFNNN343;WISETFCOBOIMETFP;COBA;ETF;ETF Plus;EUR;IE;OUI;ESG ETF art. 8;Euronext;2026-08-04
IE00BFRT3W74;Allegion plc;1ALLE;Action;Euronext Global Equity Market;EUR;IE;OUI;;Euronext;2026-08-04
IE00BFWFPX50;SPDR US COMMS;SXLC;ETF;Euronext Amsterdam | ETF Plus;EUR;IE;OUI;-;Euronext;2026-08-04
IE00BFWFPY67;SSGETFEMLAIMETFP;EMLA;ETF;ETF Plus;EUR;IE;OUI;-;Euronext;2026-08-04
IE00BFWXDV39;FRAETFFLQAIMETFP;FLQA;ETF;ETF Plus | Euronext Paris;EUR;IE;OUI;-;Euronext;2026-08-04
IE00BFWXDX52;FRAACTFLUCETFP;FLUC;ETF;ETF Plus;EUR;IE;OUI;-;Euronext;2026-08-04
IE00BFWXDY69;FRAACTFLESETFP;FLES;ETF;ETF Plus;EUR;IE;OUI;ESG ETF art. 8;Euronext;2026-08-04
IE00BFXR5Q31;L&G Core US Eq.;LGUS;ETF;Euronext Amsterdam | ETF Plus;EUR;IE;OUI;-;Euronext;2026-08-04
IE00BFXR5S54;L&G Global Eq.;LGGL;ETF;Euronext Amsterdam | ETF Plus;EUR;IE;OUI;-;Euronext;2026-08-04
IE00BFXR5T61;L&G Core Japan Eq.;LGJP;ETF;Euronext Amsterdam | ETF Plus;EUR;IE;OUI;-;Euronext;2026-08-04
IE00BFXR5V83;L&G EU x UK Eq.;LGEU;ETF;Euronext Amsterdam | ETF Plus;EUR;IE;OUI;-;Euronext;2026-08-04
IE00BFXR5W90;L&G APAC x JP Eq.;LGAP;ETF;Euronext Amsterdam | ETF Plus;EUR;IE;OUI;-;Euronext;2026-08-04
IE00BFXR6159;L&GETFENCOIMETFP;ENCO;ETF;ETF Plus;EUR;IE;OUI;-;Euronext;2026-08-04
IE00BFXR7892;KRANE CSI INTERNET;KWEB;ETF;Euronext Amsterdam - Multi-currency Trading;USD;IE;OUI;-;Euronext;2026-08-04
IE00BFXR7900;KRAETFKWEBIMETFP;KWBE;ETF;ETF Plus;EUR;IE;OUI;-;Euronext;2026-08-04
IE00BFXYHY63;iSh $TR BD 3-7yr;OM3M;ETF;Euronext Amsterdam - Multi-currency Trading;USD;IE;OUI;-;Euronext;2026-08-04
IE00BFY0GT14;SPDR WORLD;SWRD;ETF;Euronext Amsterdam | ETF Plus;EUR;IE;OUI;-;Euronext;2026-08-04
IE00BFY0GV36;SPDR BB SB USCorEH;USCE;ETF;Euronext Amsterdam;EUR;IE;OUI;ESG ETF art. 8;Euronext;2026-08-04
IE00BFYN8Y92;EMQQ-INTRNTECOMM;EMQQ;ETF;Euronext Paris | ETF Plus;EUR;IE;OUI;ESG ETF art. 8;Euronext;2026-08-04
IE00BFZPF322;INVETFAT1IMETFP;AT1;ETF;ETF Plus;EUR;IE;OUI;ESG ETF art. 8;Euronext;2026-08-04
IE00BFZPF439;INVETFAT1IMETFP;XAT1;ETF;ETF Plus;EUR;IE;OUI;ESG ETF art. 8;Euronext;2026-08-04
IE00BFZPF546;ISHETFGBIE10XPAR;EMGA;ETF;Euronext Paris;EUR;IE;OUI;-;Euronext;2026-08-04
IE00BFZXGZ54;INVETFND100ETFP;EQAC;ETF;ETF Plus;EUR;IE;OUI;-;Euronext;2026-08-04
IE00BG04M077;XTRETFCSUSIMETFP;XD9E;ETF;ETF Plus;EUR;IE;OUI;-;Euronext;2026-08-04
IE00BG0J4C88;Digital Sec Acc;LOCK;ETF;Euronext Amsterdam | ETF Plus;EUR;IE;OUI;ESG ETF art. 8;Euronext;2026-08-04
IE00BG0NY640;INVETFICFPIMETFP;ICFP;ETF;ETF Plus;EUR;IE;OUI;ESG ETF art. 8;Euronext;2026-08-04
IE00BG0SSC32;FT DJ Internet;FDNE;ETF;Euronext Amsterdam;EUR;IE;OUI;-;Euronext;2026-08-04
IE00BG0TQB18;INVETFAT1IMETFP;AT1D;ETF;ETF Plus;EUR;IE;OUI;ESG ETF art. 8;Euronext;2026-08-04
IE00BG21M733;INVETFVRPSIMETFP;VRPS;ETF;ETF Plus;EUR;IE;OUI;-;Euronext;2026-08-04
IE00BG36TC12;XTRETFXZMJIMETFP;XZMJ;ETF;ETF Plus;EUR;IE;OUI;ESG ETF art. 8;Euronext;2026-08-04
IE00BG370F43;XTRETFXZEMIMETFP;XZEM;ETF;ETF Plus;EUR;IE;OUI;ESG ETF art. 8;Euronext;2026-08-04
IE00BG47KH54;VANETFVAGFIMETFP;VAGF;ETF;ETF Plus;EUR;IE;OUI;-;Euronext;2026-08-04
IE00BG5QQ390;ISHETFIU0EIMETFP;IU0E;ETF;ETF Plus;EUR;IE;OUI;ESG ETF art. 8;Euronext;2026-08-04
IE00BG7PP820;INVETFXLCSIMETFP;XLCS;ETF;ETF Plus;EUR;IE;OUI;-;Euronext;2026-08-04
IE00BG88WG77;WISETFWCOEIMETFP;WCOE;ETF;ETF Plus;EUR;IE;OUI;-;Euronext;2026-08-04
IE00BG8BCY43;JPMACTJPSAETFP;JPSA;ETF;ETF Plus;EUR;IE;OUI;-;Euronext;2026-08-04
IE00BGBN6P67;INVETFBCHNIMETFP;BCHN;ETF;ETF Plus;EUR;IE;OUI;-;Euronext;2026-08-04
IE00BGDPWW94;ISHARES EUROPE SRI;ISED;ETF;Euronext Amsterdam;EUR;IE;OUI;ESG ETF art. 8;Euronext;2026-08-04
IE00BGDQ0T50;ISHARES EM SRI USD;SEMD;ETF;Euronext Amsterdam - Multi-currency Trading;USD;IE;OUI;ESG ETF art. 8;Euronext;2026-08-04
IE00BGDQ0V72;ISHARES JAPAN SRI;SUJD;ETF;Euronext Amsterdam - Multi-currency Trading;USD;IE;OUI;ESG ETF art. 8;Euronext;2026-08-04
IE00BGHQ0G80;XTRETFXMAWIMETFP;XMAW;ETF;ETF Plus;EUR;IE;OUI;ESG ETF art. 8;Euronext;2026-08-04
IE00BGJWWT11;INVETFEIB7IMETFP;EIB7;ETF;ETF Plus;EUR;IE;OUI;-;Euronext;2026-08-04
IE00BGJWWV33;INVETFEIB5IMETFP;EIB5;ETF;ETF Plus;EUR;IE;OUI;-;Euronext;2026-08-04
IE00BGJWWW40;INVETFEIBXIMETFP;EIBX;ETF;ETF Plus;EUR;IE;OUI;-;Euronext;2026-08-04
IE00BGJWWX56;INVETFEIBBIMETFP;EIBB;ETF;ETF Plus;EUR;IE;OUI;-;Euronext;2026-08-04
IE00BGJWWY63;INVETFEIB3IMETFP;EIB3;ETF;ETF Plus;EUR;IE;OUI;-;Euronext;2026-08-04
IE00BGL86Z12;El Vcls Drng Tch A;ECAR;ETF;Euronext Amsterdam | ETF Plus;EUR;IE;OUI;ESG ETF art. 8;Euronext;2026-08-04
IE00BGQYRS42;XTRETFXUTCIMETFP;XUTC;ETF;ETF Plus;EUR;IE;OUI;-;Euronext;2026-08-04
IE00BGV5VN51;XTRETFXAIXIMETFP;XAIX;ETF;ETF Plus;EUR;IE;OUI;-;Euronext;2026-08-04
IE00BGV5VR99;XTRETFXMOVIMETFP;XMOV;ETF;ETF Plus;EUR;IE;OUI;-;Euronext;2026-08-04
IE00BGYWCB81;VANETFVDEAIMETFP;VDEA;ETF;ETF Plus;EUR;IE;OUI;-;Euronext;2026-08-04
IE00BGYWFK87;VANETFVUCEIMETFP;VUCE;ETF;ETF Plus;EUR;IE;OUI;-;Euronext;2026-08-04
IE00BGYWFL94;VANETFVDCEIMETFP;VDCE;ETF;ETF Plus;EUR;IE;OUI;-;Euronext;2026-08-04
IE00BGYWFS63;VANETFVDTAIMETFP;VDTA;ETF;ETF Plus;EUR;IE;OUI;-;Euronext;2026-08-04
IE00BGYWSV06;VANETFVDCAIMETFP;VDCA;ETF;ETF Plus;EUR;IE;OUI;-;Euronext;2026-08-04
IE00BGYWSW13;VANETFH33680ETFP;VCDE;ETF;ETF Plus;EUR;IE;OUI;-;Euronext;2026-08-04
IE00BGYWT403;VANETFVECAIMETFP;VECA;ETF;ETF Plus;EUR;IE;OUI;-;Euronext;2026-08-04
IE00BH04FZ00;VANETFI04352ETFP;VSCF;ETF;ETF Plus | Euronext Amsterdam;EUR;IE;OUI;-;Euronext;2026-08-04
IE00BH04GL39;VANETFVGEAIMETFP;VGEA;ETF;ETF Plus;EUR;IE;OUI;-;Euronext;2026-08-04
IE00BH3X8336;PIMETFEMLIIMETFP;EMLI;ETF;ETF Plus;EUR;IE;OUI;-;Euronext;2026-08-04
IE00BH4GPZ28;SPDR SP 500 Acc;500X;ETF;Euronext Amsterdam | ETF Plus;EUR;IE;OUI;ESG ETF art. 8;Euronext;2026-08-04
IE00BHJYDV33;INVETFMDAXETFP;MDAX;ETF;ETF Plus;EUR;IE;OUI;-;Euronext;2026-08-04
IE00BHXMHL11;UBSETFPESGITETFP;SPESG;ETF;ETF Plus;EUR;IE;OUI;ESG ETF art. 8;Euronext;2026-08-04
IE00BHXMHQ65;UBSETF500HIMETFP;5ESGE;ETF;ETF Plus;EUR;IE;OUI;ESG ETF art. 8;Euronext;2026-08-04
IE00BHZPJ015;ISHETFENMUIMETFP;ENMU;ETF;ETF Plus;EUR;IE;OUI;ESG ETF art. 8;Euronext;2026-08-04
IE00BHZPJ239;ISHETFEMEGIMETFP;EMEG;ETF;ETF Plus;EUR;IE;OUI;ESG ETF art. 8;Euronext;2026-08-04
IE00BHZPJ452;ISHETFEJPYIMETFP;EJPY;ETF;ETF Plus;EUR;IE;OUI;ESG ETF art. 8;Euronext;2026-08-04
IE00BHZPJ569;ISHETFENWDIMETFP;ENWD;ETF;ETF Plus;EUR;IE;OUI;ESG ETF art. 8;Euronext;2026-08-04
IE00BHZPJ783;ISHETFESEGIMETFP;ESEG;ETF;ETF Plus;EUR;IE;OUI;ESG ETF art. 8;Euronext;2026-08-04
IE00BHZPJ908;ISHETFEDMEIMETFP;EDME;ETF;ETF Plus;EUR;IE;OUI;ESG ETF art. 8;Euronext;2026-08-04
IE00BHZRQY00;FRAETFFLXBIMETFP;FLXB;ETF;ETF Plus | Euronext Amsterdam;EUR;IE;OUI;-;Euronext;2026-08-04
IE00BHZRQZ17;FRAETFFLXIIMETFP;FLXI;ETF;ETF Plus | Euronext Amsterdam;EUR;IE;OUI;-;Euronext;2026-08-04
IE00BHZRR030;FRAETFFLXKIMETFP;FLXK;ETF;ETF Plus | Euronext Amsterdam;EUR;IE;OUI;-;Euronext;2026-08-04
IE00BHZRR147;FRAETFFLXCIMETFP;FLXC;ETF;ETF Plus | Euronext Amsterdam;EUR;IE;OUI;-;Euronext;2026-08-04
IE00BHZRR253;FRAACTFLRGETFP;FLRG;ETF;ETF Plus | Euronext Amsterdam;EUR;IE;OUI;ESG ETF art. 9;Euronext;2026-08-04
IE00BJ06C937;JP ETFJMBEIMETFP;JMBA;ETF;ETF Plus;EUR;IE;OUI;-;Euronext;2026-08-04
IE00BJ0KDQ92;XTRETFMSTRUSETFP;XDWD;ETF;ETF Plus;EUR;IE;OUI;-;Euronext;2026-08-04
IE00BJ0KDR00;XTRETFCSUSIMETFP;XD9U;ETF;ETF Plus;EUR;IE;OUI;-;Euronext;2026-08-04
IE00BJ34P519;IRISH RES. PROP.;IRES;Action;Euronext Dublin;EUR;IE;OUI;;Euronext;2026-08-04
IE00BJ38QD84;SPDR RUSSELL 2K;R2US;ETF;Euronext Paris | ETF Plus;EUR;IE;OUI;-;Euronext;2026-08-04
IE00BJ5CNR11;GOLETFGSLCIMETFP;GSLC;ETF;ETF Plus;EUR;IE;OUI;ESG ETF art. 9;Euronext;2026-08-04
IE00BJ5FQX74;UNIPHAR PLC;UPR;Action;Euronext Growth Dublin;EUR;IE;OUI;;Euronext;2026-08-04
IE00BJ5JNY98;ISHARES WITS;WITS;ETF;Euronext Amsterdam - Multi-currency Trading | ETF Plus;USD;IE;OUI;ESG ETF art. 8;Euronext;2026-08-04
IE00BJ5JNZ06;ISHARES WHCS;WHCS;ETF;Euronext Amsterdam - Multi-currency Trading | ETF Plus;USD;IE;OUI;ESG ETF art. 8;Euronext;2026-08-04
IE00BJ5JP097;IS MS WORLD FIN $D;WFNS;ETF;Euronext Amsterdam - Multi-currency Trading;USD;IE;OUI;ESG ETF art. 8;Euronext;2026-08-04
IE00BJ5JP105;ISHARES WENS;WENS;ETF;Euronext Amsterdam - Multi-currency Trading;USD;IE;OUI;-;Euronext;2026-08-04
IE00BJ5JP212;ISHARES WCDS;WCDS;ETF;Euronext Amsterdam - Multi-currency Trading;USD;IE;OUI;-;Euronext;2026-08-04
IE00BJ5JP329;ISHARES WCSS;WCSS;ETF;Euronext Amsterdam - Multi-currency Trading;USD;IE;OUI;-;Euronext;2026-08-04
IE00BJ5JP436;MSCI Wd Com ESG US;WCMS;ETF;Euronext Amsterdam - Multi-currency Trading;USD;IE;OUI;ESG ETF art. 8;Euronext;2026-08-04
IE00BJ5JP659;MSCI Wd Ind ESG US;WINS;ETF;Euronext Amsterdam - Multi-currency Trading;USD;IE;OUI;ESG ETF art. 8;Euronext;2026-08-04
IE00BJ5JP766;ISHETFNU7470ETFP;WMTS;ETF;ETF Plus | Euronext Amsterdam - Multi-currency Trading;EUR;IE;OUI;ESG ETF art. 8;Euronext;2026-08-04
IE00BJ5JPG56;ISHARES CHINA U A;ICHN;ETF;Euronext Amsterdam - Multi-currency Trading;USD;IE;OUI;-;Euronext;2026-08-04
IE00BJGWQN72;WISETFEMCLOUETFP;WCLD;ETF;ETF Plus | Euronext Paris;EUR;IE;OUI;ESG ETF art. 8;Euronext;2026-08-04
IE00BJJPVP04;ISHARES CBUG;CBUG;ETF;Euronext Amsterdam - Multi-currency Trading;GBP;IE;OUI;-;Euronext;2026-08-04
IE00BJJYYX67;WISETFTFRNIMETFP;TFRN;ETF;ETF Plus;EUR;IE;OUI;-;Euronext;2026-08-04
IE00BJK3WF00;JP ETFBBILIMETFP;BBIL;ETF;ETF Plus;EUR;IE;OUI;-;Euronext;2026-08-04
IE00BJK55B31;ISHARES UHY ESG A;DHYE;ETF;Euronext Amsterdam;EUR;IE;OUI;ESG ETF art. 8;Euronext;2026-08-04
IE00BJK55C48;ISHARES EHY ESG A;EHYA;ETF;Euronext Amsterdam | ETF Plus;EUR;IE;OUI;ESG ETF art. 8;Euronext;2026-08-04
IE00BJK9H753;JP ETFBBUSIMETFP;BBUS;ETF;ETF Plus;EUR;IE;OUI;-;Euronext;2026-08-04
IE00BJK9HD13;JP ETFBBEGIMETFP;BBEG;ETF;ETF Plus;EUR;IE;OUI;-;Euronext;2026-08-04
IE00BJK9HH50;JP ETFBBTRIMETFP;BBTR;ETF;ETF Plus;EUR;IE;OUI;-;Euronext;2026-08-04
IE00BJL36X53;SSGETFEMHEIMETFP;EMHE;ETF;ETF Plus;EUR;IE;OUI;-;Euronext;2026-08-04
IE00BJLKK341;ISHARES EUSR ACC;SMUA;ETF;Euronext Amsterdam;EUR;IE;OUI;ESG ETF art. 8;Euronext;2026-08-04
IE00BJP26C72;ISHARES $USBE DIST;UEDD;ETF;Euronext Amsterdam - Multi-currency Trading;USD;IE;OUI;ESG ETF art. 8;Euronext;2026-08-04
IE00BJQRDK83;INVETFESGWIMETFP;ESGW;ETF;ETF Plus;EUR;IE;OUI;ESG ETF art. 8;Euronext;2026-08-04
IE00BJQRDL90;INVETFEEURIMETFP;EEUR;ETF;ETF Plus;EUR;IE;OUI;ESG ETF art. 8;Euronext;2026-08-04
IE00BJQRDM08;INVETFESGUIMETFP;ESGU;ETF;ETF Plus;EUR;IE;OUI;ESG ETF art. 8;Euronext;2026-08-04
IE00BJQRDN15;INVACTIQSAETFP;IQSA;ETF;ETF Plus;EUR;IE;OUI;ESG ETF art. 8;Euronext;2026-08-04
IE00BJQRDP39;INVACTIQSEETFP;IQSE;ETF;ETF Plus;EUR;IE;OUI;ESG ETF art. 8;Euronext;2026-08-04
IE00BJQTJ848;HAN HLTH EQL WT;WELL;ETF;Euronext Paris | ETF Plus;EUR;IE;OUI;-;Euronext;2026-08-04
IE00BJRCLL96;JP ETFJPGLIMETFP;JPGL;ETF;ETF Plus;EUR;IE;OUI;-;Euronext;2026-08-04
IE00BJSBCS90;GOLETFCBNDIMETFP;CBND;ETF;ETF Plus;EUR;IE;OUI;-;Euronext;2026-08-04
IE00BJXRT813;SPDR MSCI WLD VAL;WVAL;ETF;Euronext Amsterdam;EUR;IE;OUI;-;Euronext;2026-08-04
IE00BJXRZJ40;RIZETFCYBRIMETFP;CYBR;ETF;ETF Plus | Euronext Amsterdam;EUR;IE;OUI;ESG ETF art. 8;Euronext;2026-08-04
IE00BJXT3C94;UBSETFSSRIIMETFP;USSRI;ETF;ETF Plus;EUR;IE;OUI;ESG ETF art. 8;Euronext;2026-08-04
IE00BJXT3G33;UBSETFSRIEITETFP;USSRIE;ETF;ETF Plus;EUR;IE;OUI;ESG ETF art. 8;Euronext;2026-08-04
IE00BJZ2DC62;XTRETFXRSMIMETFP;XRSM;ETF;ETF Plus;EUR;IE;OUI;ESG ETF art. 8;Euronext;2026-08-04
IE00BJZ2DD79;XTRETFRU2000ETFP;XRS2;ETF;ETF Plus;EUR;IE;OUI;-;Euronext;2026-08-04
IE00BK4W7N32;ISHARES $CPESG DST;SUOU;ETF;Euronext Amsterdam - Multi-currency Trading;USD;IE;OUI;ESG ETF art. 8;Euronext;2026-08-04
IE00BK5BC677;L&GETFDOCTIMETFP;DOCT;ETF;ETF Plus;EUR;IE;OUI;-;Euronext;2026-08-04
IE00BK5BC891;L&GETFGLUGIMETFP;GLUG;ETF;ETF Plus;EUR;IE;OUI;ESG ETF art. 9;Euronext;2026-08-04
IE00BK5BCD43;L&GETFAIAIIMETFP;AIAI;ETF;ETF Plus;EUR;IE;OUI;-;Euronext;2026-08-04
IE00BK5BCH80;L&GETFRENWIMETFP;RENW;ETF;ETF Plus;EUR;IE;OUI;ESG ETF art. 9;Euronext;2026-08-04
IE00BK5BQT80;VANETFVWCEIMETFP;VWCE;ETF;ETF Plus | Euronext Amsterdam;EUR;IE;OUI;-;Euronext;2026-08-04
IE00BK5BQV03;VANETFVHVEIMETFP;VHVE;ETF;ETF Plus;EUR;IE;OUI;-;Euronext;2026-08-04
IE00BK5BQW10;VANETFVNRAIMETFP;VNRA;ETF;ETF Plus;EUR;IE;OUI;-;Euronext;2026-08-04
IE00BK5BQX27;VANETFVWCGIMETFP;VWCG;ETF;ETF Plus | Euronext Amsterdam;EUR;IE;OUI;-;Euronext;2026-08-04
IE00BK5BQY34;VANETFVEREIMETFP;VERE;ETF;ETF Plus;EUR;IE;OUI;-;Euronext;2026-08-04
IE00BK5BR626;VANETFVHYLIMETFP;VHYA;ETF;ETF Plus | Euronext Amsterdam;EUR;IE;OUI;-;Euronext;2026-08-04
IE00BK5BR733;VANETFVFEAIMETFP;VFEA;ETF;ETF Plus;EUR;IE;OUI;-;Euronext;2026-08-04
IE00BK5BZQ82;LEVETN3AMZIMETFP;3AMZ;ETF;ETF Plus | Euronext Amsterdam;EUR;IE;OUI;-;Euronext;2026-08-04
IE00BK5BZS07;LEVETN3AAPIMETFP;3AAP;ETF;ETF Plus | Euronext Amsterdam;EUR;IE;OUI;-;Euronext;2026-08-04
IE00BK5BZT14;LS 3X CRM;3CRM;ETF;Euronext Amsterdam;EUR;IE;OUI;-;Euronext;2026-08-04
IE00BK5BZV36;LEVETN3MSFIMETFP;3MSF;ETF;ETF Plus | Euronext Amsterdam;EUR;IE;OUI;-;Euronext;2026-08-04
IE00BK5BZX59;LEVETN3GOOIMETFP;3GOO;ETF;ETF Plus | Euronext Amsterdam;EUR;IE;OUI;-;Euronext;2026-08-04
IE00BK5BZY66;LS 2X TESLA;2TSL;ETF;Euronext Amsterdam;EUR;IE;OUI;-;Euronext;2026-08-04
IE00BK5C1B80;LEVETN3FBIMETFP;3FB;ETF;ETF Plus | Euronext Amsterdam;EUR;IE;OUI;-;Euronext;2026-08-04
IE00BK5C1C97;LS 2X ALIBABA;2BAB;ETF;Euronext Amsterdam;EUR;IE;OUI;-;Euronext;2026-08-04
IE00BK5H8015;SPDR STOXX ESG;600X;ETF;Euronext Amsterdam | ETF Plus;EUR;IE;OUI;ESG ETF art. 8;Euronext;2026-08-04
IE00BK5LYT47;INVETFMXUSIMETFP;MXUD;ETF;ETF Plus;EUR;IE;OUI;-;Euronext;2026-08-04
IE00BK72HJ67;UBSETFSRIAITETFP;WSRIA;ETF;ETF Plus;EUR;IE;OUI;ESG ETF art. 8;Euronext;2026-08-04
IE00BK72HM96;UBSETFSRIEIMETFP;WSRIE;ETF;ETF Plus;EUR;IE;OUI;ESG ETF art. 8;Euronext;2026-08-04
IE00BK7Y2P34;ISHARES GVT BOND $;SGLU;ETF;Euronext Amsterdam - Multi-currency Trading;USD;IE;OUI;-;Euronext;2026-08-04
IE00BK80XL30;INVETFMCHNIMETFP;MCHN;ETF;ETF Plus;EUR;IE;OUI;-;Euronext;2026-08-04
IE00BK8JH525;SSGETFEMDEIMETFP;EMDE;ETF;ETF Plus;EUR;IE;OUI;-;Euronext;2026-08-04
IE00BK95B138;ISHARES USD GOV;GOVT;ETF;Euronext Amsterdam - Multi-currency Trading;USD;IE;OUI;-;Euronext;2026-08-04
IE00BK9ZQ967;Trane Tech;1TTH;Action;Euronext Global Equity Market;EUR;IE;OUI;;Euronext;2026-08-04
IE00BKBF6616;ISHARES EMU USD H;CEUU;ETF;Euronext Amsterdam - Multi-currency Trading;USD;IE;OUI;-;Euronext;2026-08-04
IE00BKF09C98;ISHARES UHY ESG D;DHYD;ETF;Euronext Amsterdam - Multi-currency Trading;USD;IE;OUI;ESG ETF art. 8;Euronext;2026-08-04
IE00BKFB6K94;UBSETFHINAIMETFP;CHINA;ETF;ETF Plus;EUR;IE;OUI;-;Euronext;2026-08-04
IE00BKKCKJ46;JPMACTJGHYETFP;JGHY;ETF;ETF Plus;EUR;IE;OUI;-;Euronext;2026-08-04
IE00BKKKWJ26;ISHARES $CPESG ACC;SUOA;ETF;Euronext Amsterdam - Multi-currency Trading;USD;IE;OUI;ESG ETF art. 8;Euronext;2026-08-04
IE00BKLC5874;ISHARES EHY ESG D;EHYD;ETF;Euronext Amsterdam;EUR;IE;OUI;ESG ETF art. 8;Euronext;2026-08-04
IE00BKLF1R75;WISETFVOLTIMETFP;VOLT;ETF;ETF Plus | Euronext Paris;EUR;IE;OUI;ESG ETF art. 8;Euronext;2026-08-04
IE00BKLTRN76;L&GETFRIEUIMETFP;RIEU;ETF;ETF Plus;EUR;IE;OUI;ESG ETF art. 8;Euronext;2026-08-04
IE00BKLWY790;L&GETFRIUSIMETFP;RIUS;ETF;ETF Plus;EUR;IE;OUI;ESG ETF art. 9;Euronext;2026-08-04
IE00BKM4GZ66;ISHARES EMIM;EMIM;ETF;Euronext Amsterdam | ETF Plus;EUR;IE;OUI;-;Euronext;2026-08-04
IE00BKM4H197;MSCI EM CGrwth A;CEMG;ETF;Euronext Amsterdam;EUR;IE;OUI;-;Euronext;2026-08-04
IE00BKP5L409;iSHARES US MBS A;IMBE;ETF;Euronext Amsterdam;EUR;IE;OUI;-;Euronext;2026-08-04
IE00BKPJY541;KRAETFKSTRIMETFP;KSTR;ETF;ETF Plus;EUR;IE;OUI;-;Euronext;2026-08-04
IE00BKPSFC54;iS MSCI W QDV $A;WQDA;ETF;Euronext Amsterdam - Multi-currency Trading;USD;IE;OUI;ESG ETF art. 8;Euronext;2026-08-04
IE00BKPSFD61;iS China Bond Acc;CYEA;ETF;Euronext Paris | Euronext Amsterdam - Multi-currency Trading;EUR;IE;OUI;-;Euronext;2026-08-04
IE00BKPSPT20;FT GCS ESG L;FCSG;ETF;Euronext Amsterdam;EUR;IE;OUI;ESG ETF art. 8;Euronext;2026-08-04
IE00BKPT2R27;ISHETFIUSPIMXAMS;IUSI;ETF;Euronext Amsterdam - Multi-currency Trading;USD;IE;OUI;-;Euronext;2026-08-04
IE00BKPT2T41;iS JP$ EM IG B $ A;IGAE;ETF;Euronext Amsterdam - Multi-currency Trading;USD;IE;OUI;-;Euronext;2026-08-04
IE00BKPTXQ89;HANETFMMLPIMETFP;MMLP;ETF;ETF Plus;EUR;IE;OUI;-;Euronext;2026-08-04
IE00BKPX3K41;i MSCI FE exJP $A;IFFI;ETF;Euronext Amsterdam - Multi-currency Trading;USD;IE;OUI;-;Euronext;2026-08-04
IE00BKRWN659;ISHARES UDBB A;DDBB;ETF;Euronext Amsterdam - Multi-currency Trading;USD;IE;OUI;ESG ETF art. 8;Euronext;2026-08-04
IE00BKS2X317;FT LDGG Bond;FSOV;ETF;Euronext Amsterdam;EUR;IE;OUI;-;Euronext;2026-08-04
IE00BKS7L097;INVETFPESGITETFP;5ESG;ETF;ETF Plus;EUR;IE;OUI;ESG ETF art. 8;Euronext;2026-08-04
IE00BKS8QM96;WISETN3BTSIMETFP;3BTS;ETF;ETF Plus;EUR;IE;OUI;-;Euronext;2026-08-04
IE00BKS8QN04;WISETN3BUSIMETFP;3BUS;ETF;ETF Plus;EUR;IE;OUI;-;Euronext;2026-08-04
IE00BKS8QT65;WISETN3TYSIMETFP;3TYS;ETF;ETF Plus;EUR;IE;OUI;-;Euronext;2026-08-04
IE00BKSBGS44;FIDACTFUSRETFP;FUSR;ETF;ETF Plus;EUR;IE;OUI;ESG ETF art. 8;Euronext;2026-08-04
IE00BKSBGT50;FIDACTFEURETFP;FEUR;ETF;ETF Plus;EUR;IE;OUI;ESG ETF art. 8;Euronext;2026-08-04
IE00BKSBGV72;FIDACTFGLRETFP;FGLR;ETF;ETF Plus;EUR;IE;OUI;ESG ETF art. 8;Euronext;2026-08-04
IE00BKSCBX74;UBSETFWSCIMETFP;WSC;ETF;ETF Plus;EUR;IE;OUI;ESG ETF art. 8;Euronext;2026-08-04
IE00BKT09032;WISETN3TYSIMETFP;3TYL;ETF;ETF Plus;EUR;IE;OUI;-;Euronext;2026-08-04
IE00BKT09149;WISETN3BTSIMETFP;3BTL;ETF;ETF Plus;EUR;IE;OUI;-;Euronext;2026-08-04
IE00BKT09255;WISETN3BUSIMETFP;3BUL;ETF;ETF Plus;EUR;IE;OUI;-;Euronext;2026-08-04
IE00BKT66R79;LS -1X UBER;SUBR;ETF;Euronext Amsterdam;EUR;IE;OUI;-;Euronext;2026-08-04
IE00BKT6BH25;ISHARES ECP XFIN;IX5A;ETF;Euronext Amsterdam;EUR;IE;OUI;ESG ETF art. 8;Euronext;2026-08-04
IE00BKT6FT27;ISHARES GBL GV EH;IGLE;ETF;Euronext Amsterdam;EUR;IE;OUI;-;Euronext;2026-08-04
IE00BKT6FV49;ISHARES MSCI JAPEH;SJPE;ETF;Euronext Amsterdam | ETF Plus;EUR;IE;OUI;-;Euronext;2026-08-04
IE00BKT6RT64;ISHARES CNY BD USH;CYBU;ETF;Euronext Amsterdam - Multi-currency Trading;USD;IE;OUI;-;Euronext;2026-08-04
IE00BKT6VQ12;ISHARES CNYB EHA;CYBE;ETF;Euronext Amsterdam;EUR;IE;OUI;-;Euronext;2026-08-04
IE00BKT6ZG93;LS 2X AMD;2AMD;ETF;Euronext Amsterdam;EUR;IE;OUI;-;Euronext;2026-08-04
IE00BKTLJB70;ISHARES SCYIF DIST;CT2B;ETF;Euronext Amsterdam - Multi-currency Trading;USD;IE;OUI;ESG ETF art. 9;Euronext;2026-08-04
IE00BKTLJC87;IS SMRT CY IN ACC;CITY;ETF;Euronext Paris | Euronext Amsterdam - Multi-currency Trading | ETF Plus;EUR;IE;OUI;ESG ETF art. 8;Euronext;2026-08-04
IE00BKTWZ451;LS -1X APPLE;SAPL;ETF;Euronext Amsterdam;EUR;IE;OUI;-;Euronext;2026-08-04
IE00BKTWZ782;LS -1X NETFLIX;SNFL;ETF;Euronext Amsterdam;EUR;IE;OUI;-;Euronext;2026-08-04
IE00BKVD2N49;SEAGATE TECHNOLOGY;4STX;Action;EuroTLX | Trading After Hours | Euronext Global Equity Market;EUR;IE;OUI;;Euronext;2026-08-04
IE00BKVL7331;ISHARES UMVE ACC;MVEA;ETF;Euronext Amsterdam - Multi-currency Trading;USD;IE;OUI;ESG ETF art. 8;Euronext;2026-08-04
IE00BKVL7778;ISHARES WMVE ACC;MVEW;ETF;Euronext Amsterdam - Multi-currency Trading;USD;IE;OUI;ESG ETF art. 8;Euronext;2026-08-04
IE00BKW9SX35;INVETFSPLWIMETFP;SPLW;ETF;ETF Plus;EUR;IE;OUI;-;Euronext;2026-08-04
IE00BKWD3743;INVETFTRUDIMETFP;TREL;ETF;ETF Plus;EUR;IE;OUI;-;Euronext;2026-08-04
IE00BKWD3966;INVETFEHBAIMETFP;EHYB;ETF;ETF Plus;EUR;IE;OUI;-;Euronext;2026-08-04
IE00BKWD3B81;INVETFEHBAIMETFP;EHBA;ETF;ETF Plus;EUR;IE;OUI;-;Euronext;2026-08-04
IE00BKWD3C98;INVETFTREIIMETFP;TREI;ETF;ETF Plus;EUR;IE;OUI;-;Euronext;2026-08-04
IE00BKWQ0C77;SPDR MSCI CO.DI;STR;ETF;Euronext Paris | ETF Plus;EUR;IE;OUI;-;Euronext;2026-08-04
IE00BKWQ0D84;SPDR MSCI CO.ST;STS;ETF;Euronext Paris | ETF Plus;EUR;IE;OUI;-;Euronext;2026-08-04
IE00BKWQ0F09;SPDR MSCI ENERGY;STN;ETF;Euronext Paris | ETF Plus;EUR;IE;OUI;-;Euronext;2026-08-04
IE00BKWQ0G16;SPDR MSCI FINANC;STZ;ETF;Euronext Paris | ETF Plus;EUR;IE;OUI;-;Euronext;2026-08-04
IE00BKWQ0H23;SPDR MSCI HLT;STW;ETF;Euronext Paris | ETF Plus;EUR;IE;OUI;-;Euronext;2026-08-04
IE00BKWQ0J47;SPDR MSCI INDUST;STQ;ETF;Euronext Paris | ETF Plus;EUR;IE;OUI;-;Euronext;2026-08-04
IE00BKWQ0K51;SPDR MSCI TECHNO;STK;ETF;Euronext Paris | ETF Plus;EUR;IE;OUI;-;Euronext;2026-08-04
IE00BKWQ0L68;SPDR MSCI MAT;STP;ETF;Euronext Paris | ETF Plus;EUR;IE;OUI;-;Euronext;2026-08-04
IE00BKWQ0M75;SPDR EU SM.CAP;SMC;ETF;Euronext Paris | ETF Plus;EUR;IE;OUI;-;Euronext;2026-08-04
IE00BKWQ0N82;SPDR MSCI COMM;STT;ETF;Euronext Paris | ETF Plus;EUR;IE;OUI;-;Euronext;2026-08-04
IE00BKWQ0P07;SPDR MSCI UTIL;STU;ETF;Euronext Paris | ETF Plus;EUR;IE;OUI;-;Euronext;2026-08-04
IE00BKWQ0Q14;SPDR MSCI EUROPE;ERO;ETF;Euronext Paris | ETF Plus;EUR;IE;OUI;-;Euronext;2026-08-04
IE00BKX55R35;VANGUARD FTSE NA;VNRT;ETF;Euronext Amsterdam, Paris;EUR;IE;OUI;-;Euronext;2026-08-04
IE00BKX55S42;VANGUARD FTSE DE;VERX;ETF;Euronext Amsterdam, Paris;EUR;IE;OUI;-;Euronext;2026-08-04
IE00BKX55T58;VANETFVHVEIMETFP;VEVE;ETF;ETF Plus | Euronext Amsterdam, Paris;EUR;IE;OUI;-;Euronext;2026-08-04
IE00BKY40J65;HSBETFHSUDIMETFP;HSUD;ETF;ETF Plus;EUR;IE;OUI;ESG ETF art. 8;Euronext;2026-08-04
IE00BKY4W127;WISETFBLOCOMETFP;PCOM;ETF;ETF Plus | Euronext Paris;EUR;IE;OUI;-;Euronext;2026-08-04
IE00BKY53D40;HSBC UK SUS EQ ETF;HSUK;ETF;Euronext Paris;EUR;IE;OUI;ESG ETF art. 8;Euronext;2026-08-04
IE00BKY55S33;HSBETFHSJDIMETFP;HSJD;ETF;ETF Plus;EUR;IE;OUI;ESG ETF art. 8;Euronext;2026-08-04
IE00BKY55W78;HSBETFHSEUIMETFP;HSEU;ETF;ETF Plus;EUR;IE;OUI;ESG ETF art. 8;Euronext;2026-08-04
IE00BKY58G26;HSBETFHSXDIMETFP;HSXD;ETF;ETF Plus;EUR;IE;OUI;ESG ETF art. 8;Euronext;2026-08-04
IE00BKY59G90;HSBETFHSEMIMETFP;HSEM;ETF;ETF Plus;EUR;IE;OUI;ESG ETF art. 8;Euronext;2026-08-04
IE00BKY59K37;HSBETFHSWDIMETFP;HSWD;ETF;ETF Plus;EUR;IE;OUI;ESG ETF art. 8;Euronext;2026-08-04
IE00BL0BMZ89;VANETFGOATIMETFP;GOAT;ETF;ETF Plus | Euronext Paris;EUR;IE;OUI;-;Euronext;2026-08-04
IE00BL0L0H60;FIRETFFBTIMETFP;FBT;ETF;ETF Plus;EUR;IE;OUI;-;Euronext;2026-08-04
IE00BL25JL35;XTRETFXDEQIMETFP;XDEQ;ETF;ETF Plus;EUR;IE;OUI;-;Euronext;2026-08-04
IE00BL25JM42;XTRETFXDEVIMETFP;XDEV;ETF;ETF Plus;EUR;IE;OUI;-;Euronext;2026-08-04
IE00BL25JN58;XTRETFXDEBIMETFP;XDEB;ETF;ETF Plus;EUR;IE;OUI;-;Euronext;2026-08-04
IE00BL25JP72;XTRETFXDEMIMETFP;XDEM;ETF;ETF Plus;EUR;IE;OUI;-;Euronext;2026-08-04
IE00BL58LJ19;XTRETFXZBUIMETFP;XZBU;ETF;ETF Plus;EUR;IE;OUI;ESG ETF art. 8;Euronext;2026-08-04
IE00BL643144;HANETFDIGIIMETFP;ROE;ETF;ETF Plus;EUR;IE;OUI;-;Euronext;2026-08-04
IE00BL6K6H97;L&GETFTIGRIMETFP;TIGR;ETF;ETF Plus;EUR;IE;OUI;-;Euronext;2026-08-04
IE00BL6K8C82;MSCI E Prs-Alg A;EUPB;ETF;Euronext Amsterdam;EUR;IE;OUI;ESG ETF art. 9;Euronext;2026-08-04
IE00BL6K8D99;MSCI EMU Prs-Alg A;EMPA;ETF;Euronext Amsterdam;EUR;IE;OUI;ESG ETF art. 9;Euronext;2026-08-04
IE00BL977C92;iS MSCI Chn UCI $D;ICHD;ETF;Euronext Amsterdam - Multi-currency Trading;USD;IE;OUI;-;Euronext;2026-08-04
IE00BLB2GQ94;ESG M-Ast Cons US;MACU;ETF;Euronext Amsterdam - Multi-currency Trading;USD;IE;OUI;ESG ETF art. 8;Euronext;2026-08-04
IE00BLB2GS19;ESG M-Ast Gwth US;MAGU;ETF;Euronext Amsterdam - Multi-currency Trading;USD;IE;OUI;ESG ETF art. 8;Euronext;2026-08-04
IE00BLB2GT26;ESG M-Ast Mod US;MODU;ETF;Euronext Amsterdam - Multi-currency Trading;USD;IE;OUI;ESG ETF art. 8;Euronext;2026-08-04
IE00BLCHJ534;GLOETFPAVEIMETFP;PAVE;ETF;ETF Plus;EUR;IE;OUI;-;Euronext;2026-08-04
IE00BLCHJB90;GLOETFBOTZIMETFP;BOTZ;ETF;ETF Plus;EUR;IE;OUI;-;Euronext;2026-08-04
IE00BLCHJH52;GLOETFRNRGIMETFP;RNRG;ETF;ETF Plus;EUR;IE;OUI;ESG ETF art. 8;Euronext;2026-08-04
IE00BLCHJN13;GLOETFLITUIMETFP;LITU;ETF;ETF Plus;EUR;IE;OUI;-;Euronext;2026-08-04
IE00BLCHJT74;GLOETFSNSRIMETFP;SNSR;ETF;ETF Plus;EUR;IE;OUI;-;Euronext;2026-08-04
IE00BLCHJZ35;GLOETFFINXIMETFP;FINX;ETF;ETF Plus;EUR;IE;OUI;-;Euronext;2026-08-04
IE00BLDGH553;ISHETFSECAIMETFP;SECA;ETF;ETF Plus;EUR;IE;OUI;ESG ETF art. 8;Euronext;2026-08-04
IE00BLLZQ805;ISHACTMAGRETFP;MAGR;ETF;ETF Plus;EUR;IE;OUI;ESG ETF art. 8;Euronext;2026-08-04
IE00BLLZQS08;ISHACTMODRETFP;MODR;ETF;ETF Plus;EUR;IE;OUI;ESG ETF art. 8;Euronext;2026-08-04
IE00BLNMYC90;XTRETFXDEWIMETFP;XDEW;ETF;ETF Plus;EUR;IE;OUI;-;Euronext;2026-08-04
IE00BLNN3691;WEATHERFORD INTERN;1WFRD;Action;Euronext Global Equity Market;EUR;IE;OUI;;Euronext;2026-08-04
IE00BLP1HW54;Aon PLC;1AON;Action;Euronext Global Equity Market;EUR;IE;OUI;;Euronext;2026-08-04
IE00BLP53M98;ISHACTMACVETFP;MACV;ETF;ETF Plus;EUR;IE;OUI;ESG ETF art. 8;Euronext;2026-08-04
IE00BLP58571;IRISH CONT. GP.;IR5B;Action;Euronext Dublin;EUR;IE;OUI;;Euronext;2026-08-04
IE00BLPK3577;WISETFWCBRIMETFP;WCBR;ETF;ETF Plus | Euronext Paris;EUR;IE;OUI;ESG ETF art. 8;Euronext;2026-08-04
IE00BLR6Q544;GLOETFHERUIMETFP;HERU;ETF;ETF Plus;EUR;IE;OUI;-;Euronext;2026-08-04
IE00BLR6QB00;GLOETFEDOCIMETFP;EDOC;ETF;ETF Plus;EUR;IE;OUI;-;Euronext;2026-08-04
IE00BLRB0242;INVETFGCLEIMETFP;GCLE;ETF;ETF Plus;EUR;IE;OUI;ESG ETF art. 8;Euronext;2026-08-04
IE00BLRPN388;FIDACTFEMRETFP;FEMR;ETF;ETF Plus;EUR;IE;OUI;ESG ETF art. 8;Euronext;2026-08-04
IE00BLRPPV00;VANETF100072ETFP;VDST;ETF;ETF Plus;EUR;IE;OUI;-;Euronext;2026-08-04
IE00BLRPQH31;RIZETFFOODIMETFP;FOOD;ETF;ETF Plus | Euronext Amsterdam;EUR;IE;OUI;ESG ETF art. 9;Euronext;2026-08-04
IE00BLRPQL76;L&GETFDRGNIMETFP;DRGN;ETF;ETF Plus;EUR;IE;OUI;-;Euronext;2026-08-04
IE00BLRPQP15;L&GETFEMD5IMETFP;EMD5;ETF;ETF Plus;EUR;IE;OUI;ESG ETF art. 8;Euronext;2026-08-04
IE00BLRPRD67;L&GETFUSDCIMETFP;USDC;ETF;ETF Plus;EUR;IE;OUI;ESG ETF art. 8;Euronext;2026-08-04
IE00BLRPRF81;L&GETFEMUSIMETFP;EMUS;ETF;ETF Plus;EUR;IE;OUI;ESG ETF art. 8;Euronext;2026-08-04
IE00BLRPRJ20;WISETNQQQSIMETFP;QQQS;ETF;ETF Plus | Euronext Paris;EUR;IE;OUI;-;Euronext;2026-08-04
IE00BLRPRL42;WISETNQQQ3IMETFP;QQQ3;ETF;ETF Plus | Euronext Paris;EUR;IE;OUI;-;Euronext;2026-08-04
IE00BLRPRR04;RIZETFLIFEIMETFP;VITA;ETF;ETF Plus;EUR;IE;OUI;ESG ETF art. 9;Euronext;2026-08-04
IE00BLS09M33;Pentair PLC;1PNR;Action;Euronext Global Equity Market;EUR;IE;OUI;;Euronext;2026-08-04
IE00BLS09N40;WISETN3BALIMETFP;3BAL;ETF;ETF Plus;EUR;IE;OUI;-;Euronext;2026-08-04
IE00BLSN7P11;UBSETFSPELIMETFP;SPEL;ETF;ETF Plus;EUR;IE;OUI;ESG ETF art. 8;Euronext;2026-08-04
IE00BLSN7W87;UBSETFPELEIMETFP;SPELE;ETF;ETF Plus;EUR;IE;OUI;ESG ETF art. 8;Euronext;2026-08-04
IE00BLSNMW37;INVETFBUYBIMETFP;BUYB;ETF;ETF Plus;EUR;IE;OUI;-;Euronext;2026-08-04
IE00BM67HJ62;XTRETFXDEXIMETFP;XDEX;ETF;ETF Plus;EUR;IE;OUI;-;Euronext;2026-08-04
IE00BM67HK77;XTRETFXDWHIMETFP;XDWH;ETF;ETF Plus;EUR;IE;OUI;-;Euronext;2026-08-04
IE00BM67HL84;XTRETFXDWFIMETFP;XDWF;ETF;ETF Plus;EUR;IE;OUI;-;Euronext;2026-08-04
IE00BM67HM91;XTRETFXDW0IMETFP;XDW0;ETF;ETF Plus;EUR;IE;OUI;-;Euronext;2026-08-04
IE00BM67HN09;XTRETFXDWSIMETFP;XDWS;ETF;ETF Plus;EUR;IE;OUI;-;Euronext;2026-08-04
IE00BM67HP23;XTRETFXDWCIMETFP;XDWC;ETF;ETF Plus;EUR;IE;OUI;-;Euronext;2026-08-04
IE00BM67HQ30;XTRETFXDWUIMETFP;XDWU;ETF;ETF Plus;EUR;IE;OUI;-;Euronext;2026-08-04
IE00BM67HR47;XTRETFXWTSIMETFP;XWTS;ETF;ETF Plus;EUR;IE;OUI;-;Euronext;2026-08-04
IE00BM67HS53;XTRETFXDWMIMETFP;XDWM;ETF;ETF Plus;EUR;IE;OUI;-;Euronext;2026-08-04
IE00BM67HT60;XTRETFXDWTIMETFP;XDWT;ETF;ETF Plus;EUR;IE;OUI;-;Euronext;2026-08-04
IE00BM67HV82;XTRETFXDWIIMETFP;XDWI;ETF;ETF Plus;EUR;IE;OUI;-;Euronext;2026-08-04
IE00BM67HW99;XTRETFIUSEIMETFP;XDPE;ETF;ETF Plus;EUR;IE;OUI;-;Euronext;2026-08-04
IE00BM8QRZ79;INVETFSOLRIMETFP;SOLR;ETF;ETF Plus;EUR;IE;OUI;ESG ETF art. 8;Euronext;2026-08-04
IE00BM8QS095;INVETFMCHTIMETFP;MCHT;ETF;ETF Plus;EUR;IE;OUI;-;Euronext;2026-08-04
IE00BM8R0J59;GLOSTRCNSQ10ETFP;QYLD;ETF;ETF Plus;EUR;IE;OUI;-;Euronext;2026-08-04
IE00BM8R0N95;GLOETFGNOMIMETFP;GNOM;ETF;ETF Plus;EUR;IE;OUI;-;Euronext;2026-08-04
IE00BM97MR69;XTRETFXT01IMETFP;XT01;ETF;ETF Plus;EUR;IE;OUI;-;Euronext;2026-08-04
IE00BM9GRM34;FIDACTFSMFETFP;FSMF;ETF;ETF Plus;EUR;IE;OUI;ESG ETF art. 9;Euronext;2026-08-04
IE00BM9GRP64;FIDACTFSEMETFP;FSEM;ETF;ETF Plus;EUR;IE;OUI;ESG ETF art. 8;Euronext;2026-08-04
IE00BM9TSP27;WISETFXSOEIMETFP;XSOE;ETF;ETF Plus;EUR;IE;OUI;ESG ETF art. 8;Euronext;2026-08-04
IE00BM9TV208;UBSETFDVDEIMETFP;GLDVDE;ETF;ETF Plus;EUR;IE;OUI;ESG ETF art. 8;Euronext;2026-08-04
IE00BMBKBZ46;ISHARES HCSE DIS;IUHE;ETF;Euronext Amsterdam;EUR;IE;OUI;-;Euronext;2026-08-04
IE00BMC38736;VANETFSMHIMETFP;SMH;ETF;ETF Plus | Euronext Paris;EUR;IE;OUI;ESG ETF art. 8;Euronext;2026-08-04
IE00BMC7BF44;IS MSC CY GV BD $D;CGBI;ETF;Euronext Amsterdam - Multi-currency Trading;USD;IE;OUI;-;Euronext;2026-08-04
IE00BMD8KP97;INVETFEQQJIMETFP;EQQJ;ETF;ETF Plus;EUR;IE;OUI;-;Euronext;2026-08-04
IE00BMDBMG37;ISHARES MES $ A;IDSE;ETF;Euronext Amsterdam - Multi-currency Trading;USD;IE;OUI;ESG ETF art. 8;Euronext;2026-08-04
IE00BMDBMN04;ISHETFGRONIMETFP;GRON;ETF;ETF Plus;EUR;IE;OUI;ESG ETF art. 9;Euronext;2026-08-04
IE00BMDH1538;VANETFHDROIMETFP;HDRO;ETF;ETF Plus;EUR;IE;OUI;ESG ETF art. 9;Euronext;2026-08-04
IE00BMDKNW35;VANETFDAPPIMETFP;DAPP;ETF;ETF Plus | Euronext Paris;EUR;IE;OUI;-;Euronext;2026-08-04
IE00BMDPBY65;Fr STXX EU 600 Par;PARI;ETF;Euronext Amsterdam | ETF Plus;EUR;IE;OUI;ESG ETF art. 8;Euronext;2026-08-04
IE00BMDPBZ72;FRAETFUSPAIMETFP;USPA;ETF;ETF Plus | Euronext Amsterdam;EUR;IE;OUI;ESG ETF art. 8;Euronext;2026-08-04
IE00BMDV7354;JPMACTJREAETFP;JREA;ETF;ETF Plus;EUR;IE;OUI;ESG ETF art. 8;Euronext;2026-08-04
IE00BMDV7578;JPMACTJRECETFP;JREC;ETF;ETF Plus;EUR;IE;OUI;ESG ETF art. 8;Euronext;2026-08-04
IE00BMDWYZ92;JP ETFJPCTIMETFP;JPCT;ETF;ETF Plus;EUR;IE;OUI;ESG ETF art. 9;Euronext;2026-08-04
IE00BMFKG444;XTRETFND100ETFP;XNAS;ETF;ETF Plus;EUR;IE;OUI;-;Euronext;2026-08-04
IE00BMFNW783;HANACTTRYPXPAR;TRYP;ETF;Euronext Paris | ETF Plus;EUR;IE;OUI;ESG ETF art. 8;Euronext;2026-08-04
IE00BMG6Z448;iS MSCI EMXCH $ Ac;EXCH;ETF;Euronext Amsterdam - Multi-currency Trading | Euronext Paris | ETF Plus;USD;IE;OUI;-;Euronext;2026-08-04
IE00BMGNVD65;ISHARES CGAB UH DS;AGUG;ETF;Euronext Amsterdam - Multi-currency Trading;USD;IE;OUI;-;Euronext;2026-08-04
IE00BMH5XY61;GLOETFEBIZIMETFP;EBIZ;ETF;ETF Plus;EUR;IE;OUI;-;Euronext;2026-08-04
IE00BMH5Y327;GLOETFVPNIMETFP;VPN;ETF;ETF Plus;EUR;IE;OUI;-;Euronext;2026-08-04
IE00BMH5Y871;GLOETFBUGIMETFP;BUG;ETF;ETF Plus;EUR;IE;OUI;-;Euronext;2026-08-04
IE00BMH5YF48;GLOETFCLOUIMETFP;CLOU;ETF;ETF Plus;EUR;IE;OUI;-;Euronext;2026-08-04
IE00BMH5YL08;GLOETFCTEKIMETFP;CTEK;ETF;ETF Plus;EUR;IE;OUI;ESG ETF art. 8;Euronext;2026-08-04
IE00BMH5YR69;GLOETFDRVEIMETFP;DRVE;ETF;ETF Plus;EUR;IE;OUI;-;Euronext;2026-08-04
IE00BMP3HG27;UBS IRL GLDVD;UBUM;ETF;Euronext Amsterdam | ETF Plus;EUR;IE;OUI;ESG ETF art. 8;Euronext;2026-08-04
IE00BMP3HN93;UBS IRL UKSR;UKSR;ETF;Euronext Amsterdam;EUR;IE;OUI;ESG ETF art. 8;Euronext;2026-08-04
IE00BMTM6B32;WISETC3OILIMETFP;3OIL;ETF;ETF Plus;EUR;IE;OUI;-;Euronext;2026-08-04
IE00BMTM6D55;WISETC3BRSIMETFP;3BRL;ETF;ETF Plus;EUR;IE;OUI;-;Euronext;2026-08-04
IE00BMTX1Y45;IS S&P500 SWAP $A;I500;ETF;Euronext Amsterdam - Multi-currency Trading | ETF Plus;USD;IE;OUI;-;Euronext;2026-08-04
IE00BMTX2B82;IS AEX UCITS EUR A;IAEA;ETF;Euronext Amsterdam;EUR;IE;OUI;-;Euronext;2026-08-04
IE00BMVB5K07;VANACTVNGA20ETFP;VNGA20;ETF;ETF Plus | Euronext Amsterdam;EUR;IE;OUI;-;Euronext;2026-08-04
IE00BMVB5L14;VANACTVNGD20ETFP;VNGD20;ETF;ETF Plus | Euronext Amsterdam;EUR;IE;OUI;-;Euronext;2026-08-04
IE00BMVB5M21;VANACTVNGA40ETFP;VNGA40;ETF;ETF Plus | Euronext Amsterdam;EUR;IE;OUI;-;Euronext;2026-08-04
IE00BMVB5N38;VANACTVNGD40ETFP;VNGD40;ETF;ETF Plus | Euronext Amsterdam;EUR;IE;OUI;-;Euronext;2026-08-04
IE00BMVB5P51;VANACTVNGA60ETFP;VNGA60;ETF;ETF Plus | Euronext Amsterdam;EUR;IE;OUI;-;Euronext;2026-08-04
IE00BMVB5Q68;VANACTVNGD60ETFP;VNGD60;ETF;ETF Plus | Euronext Amsterdam;EUR;IE;OUI;-;Euronext;2026-08-04
IE00BMVB5R75;VANACTVNGA80ETFP;VNGA80;ETF;ETF Plus | Euronext Amsterdam;EUR;IE;OUI;-;Euronext;2026-08-04
IE00BMVB5S82;VANACTVNGD80ETFP;VNGD80;ETF;ETF Plus | Euronext Amsterdam;EUR;IE;OUI;-;Euronext;2026-08-04
IE00BMW3QX54;L&G  Robotics;ROBO;ETF;Euronext Amsterdam | ETF Plus;EUR;IE;OUI;-;Euronext;2026-08-04
IE00BMWXKN31;HSBC HSENG TCH ETF;HSTE;ETF;Euronext Paris | ETF Plus;EUR;IE;OUI;-;Euronext;2026-08-04
IE00BMX0B631;VANETFVDTEIMETFP;VDTE;ETF;ETF Plus;EUR;IE;OUI;-;Euronext;2026-08-04
IE00BMX0DF60;ISHARES UMDV USD A;UMDV;ETF;Euronext Amsterdam - Multi-currency Trading;USD;IE;OUI;-;Euronext;2026-08-04
IE00BMXC7V63;IS SP500 PAC $A;UPAB;ETF;Euronext Amsterdam - Multi-currency Trading;USD;IE;OUI;ESG ETF art. 9;Euronext;2026-08-04
IE00BMXC7W70;IS WORLD PAC $A;WPAB;ETF;Euronext Amsterdam - Multi-currency Trading;USD;IE;OUI;ESG ETF art. 9;Euronext;2026-08-04
IE00BMY76136;XTRETFXZWEIMETFP;XZWE;ETF;ETF Plus;EUR;IE;OUI;ESG ETF art. 8;Euronext;2026-08-04
IE00BMYDM794;L&GETFHTWOIMETFP;HTWO;ETF;ETF Plus;EUR;IE;OUI;ESG ETF art. 9;Euronext;2026-08-04
IE00BMYDM919;L&GETFLDEUIMETFP;LDEU;ETF;ETF Plus;EUR;IE;OUI;ESG ETF art. 8;Euronext;2026-08-04
IE00BMYDMB35;L&GETFLDAPIMETFP;LDAP;ETF;ETF Plus;EUR;IE;OUI;ESG ETF art. 8;Euronext;2026-08-04
IE00BMYHQM42;SSGETFGOVAIMETFP;GOVA;ETF;ETF Plus;EUR;IE;OUI;-;Euronext;2026-08-04
IE00BMZ17X30;ISHARES WSRI $ H;SUWU;ETF;Euronext Amsterdam - Multi-currency Trading;USD;IE;OUI;ESG ETF art. 8;Euronext;2026-08-04
IE00BN2BCY94;XTRETFDJDGREETFP;XDRE;ETF;ETF Plus;EUR;IE;OUI;ESG ETF art. 8;Euronext;2026-08-04
IE00BN4GXL63;TABETFCOOLIMETFP;COOL;ETF;ETF Plus;EUR;IE;OUI;ESG ETF art. 9;Euronext;2026-08-04
IE00BN4PXC48;UBSETFLIMAIMETFP;CLIMA;ETF;ETF Plus;EUR;IE;OUI;ESG ETF art. 9;Euronext;2026-08-04
IE00BN4Q0370;UBSETFHPAWIMETFP;WXUPAB;ETF;ETF Plus;EUR;IE;OUI;ESG ETF art. 9;Euronext;2026-08-04
IE00BN4Q0602;UBSETFHPAUIMETFP;USAPA;ETF;ETF Plus;EUR;IE;OUI;ESG ETF art. 9;Euronext;2026-08-04
IE00BN4Q0933;UBSETFHPAEIMETFP;EURPA;ETF;ETF Plus;EUR;IE;OUI;ESG ETF art. 9;Euronext;2026-08-04
IE00BN4Q0L55;UBSETFMUPAIMETFP;EMUPA;ETF;ETF Plus;EUR;IE;OUI;ESG ETF art. 9;Euronext;2026-08-04
IE00BN4Q0P93;UBSETFACPAIMETFP;ACPA;ETF;ETF Plus;EUR;IE;OUI;ESG ETF art. 9;Euronext;2026-08-04
IE00BN4Q0X77;UBSETFJPAIMETFP;JPA;ETF;ETF Plus;EUR;IE;OUI;ESG ETF art. 9;Euronext;2026-08-04
IE00BN4Q1675;UBSETFEMPAIMETFP;EMPAB;ETF;ETF Plus;EUR;IE;OUI;ESG ETF art. 9;Euronext;2026-08-04
IE00BN92ZL31;IS WORLD PAC $D;WPAD;ETF;Euronext Amsterdam - Multi-currency Trading;USD;IE;OUI;ESG ETF art. 9;Euronext;2026-08-04
IE00BNC0M350;UBSETFESGAIMETFP;USESGA;ETF;ETF Plus;EUR;IE;OUI;ESG ETF art. 8;Euronext;2026-08-04
IE00BNC0M913;UBSETFUESGIIETFP;EMUESG;ETF;ETF Plus;EUR;IE;OUI;ESG ETF art. 8;Euronext;2026-08-04
IE00BNC0MD55;UBSETFPESGIMETFP;JPESG;ETF;ETF Plus;EUR;IE;OUI;ESG ETF art. 8;Euronext;2026-08-04
IE00BNC0MH93;UBSETFNU7549ETFP;EXCS;ETF;ETF Plus;EUR;IE;OUI;ESG ETF art. 8;Euronext;2026-08-04
IE00BNC1F287;GUINNESS SUST ENG;CLMA;ETF;Euronext Paris | ETF Plus;EUR;IE;OUI;ESG ETF art. 9;Euronext;2026-08-04
IE00BNC1G699;XTRETFXZEZIMETFP;XZEZ;ETF;ETF Plus;EUR;IE;OUI;ESG ETF art. 8;Euronext;2026-08-04
IE00BNDS1P30;VANETFV3GFIMETFP;V3GF;ETF;ETF Plus | Euronext Amsterdam, Paris;EUR;IE;OUI;ESG ETF art. 8;Euronext;2026-08-04
IE00BNDS1Q47;VANETFV3GFIMETFP;V3GE;ETF;ETF Plus | Euronext Amsterdam, Paris;EUR;IE;OUI;ESG ETF art. 8;Euronext;2026-08-04
IE00BNG70R26;INVETFMUNIIMETFP;MUNI;ETF;ETF Plus;EUR;IE;OUI;-;Euronext;2026-08-04
IE00BNG8L278;VANETFV3AAIMETFP;V3AA;ETF;ETF Plus | Euronext Amsterdam, Paris;EUR;IE;OUI;ESG ETF art. 8;Euronext;2026-08-04
IE00BNG8L385;VANETFV3AAIMETFP;V3AL;ETF;ETF Plus | Euronext Amsterdam, Paris;EUR;IE;OUI;ESG ETF art. 8;Euronext;2026-08-04
IE00BNGFMX61;FIDACTFJPRETFP;FJPR;ETF;ETF Plus;EUR;IE;OUI;ESG ETF art. 8;Euronext;2026-08-04
IE00BNGFMY78;FIDACTFPXRETFP;FPXR;ETF;ETF Plus;EUR;IE;OUI;ESG ETF art. 8;Euronext;2026-08-04
IE00BNGJJT35;INVETFXDEWIMETFP;SPEQ;ETF;ETF Plus;EUR;IE;OUI;-;Euronext;2026-08-04
IE00BNH72088;SSGETFCONVIMETFP;CONV;ETF;ETF Plus;EUR;IE;OUI;-;Euronext;2026-08-04
IE00BNTVVR89;HAN MINING ETF;ESGO;ETF;Euronext Paris | ETF Plus;EUR;IE;OUI;ESG ETF art. 8;Euronext;2026-08-04
IE00BP2C0316;HSBETFHPAEIMETFP;HPAE;ETF;ETF Plus;EUR;IE;OUI;ESG ETF art. 8;Euronext;2026-08-04
IE00BP2C1V62;HSBETFHPAWIMETFP;HPAW;ETF;ETF Plus;EUR;IE;OUI;ESG ETF art. 8;Euronext;2026-08-04
IE00BP2NF958;JPMACTJREJETFP;JREJ;ETF;ETF Plus;EUR;IE;OUI;ESG ETF art. 8;Euronext;2026-08-04
IE00BP3QZ601;ISHETFIWQUIMETFP;IWQU;ETF;ETF Plus;EUR;IE;OUI;-;Euronext;2026-08-04
IE00BP3QZ825;ISHETFIWMOIMETFP;IWMO;ETF;ETF Plus;EUR;IE;OUI;-;Euronext;2026-08-04
IE00BP3QZB59;ISHETFIWVLIMETFP;IWVL;ETF;ETF Plus;EUR;IE;OUI;-;Euronext;2026-08-04
IE00BP3QZD73;ISHETFIWSZIMETFP;IWSZ;ETF;ETF Plus;EUR;IE;OUI;-;Euronext;2026-08-04
IE00BP3QZJ36;MSCI France Acc;IFRE;ETF;Euronext Amsterdam;EUR;IE;OUI;-;Euronext;2026-08-04
IE00BP46NG52;SSGETFEMH5IMETFP;EMH5;ETF;ETF Plus;EUR;IE;OUI;-;Euronext;2026-08-04
IE00BP9F2H18;PIMACTLDCUETFP;LDCU;ETF;ETF Plus;EUR;IE;OUI;-;Euronext;2026-08-04
IE00BP9F2J32;PIMACTLDCEETFP;LDCE;ETF;ETF Plus;EUR;IE;OUI;-;Euronext;2026-08-04
IE00BPRCH686;INVETFN400IMETFP;N400;ETF;ETF Plus;EUR;IE;OUI;-;Euronext;2026-08-04
IE00BPVLQD13;XTRETFXDNEIMETFP;XDNY;ETF;ETF Plus;EUR;IE;OUI;ESG ETF art. 8;Euronext;2026-08-04
IE00BQ70R696;INVETFSBIOIMETFP;SBIO;ETF;ETF Plus | Euronext Amsterdam;EUR;IE;OUI;-;Euronext;2026-08-04
IE00BQN1K562;ISHETFIEQUIMETFP;IEQU;ETF;ETF Plus;EUR;IE;OUI;-;Euronext;2026-08-04
IE00BQN1K786;ISHETFIEMOIMETFP;IEMO;ETF;ETF Plus;EUR;IE;OUI;-;Euronext;2026-08-04
IE00BQN1K901;ISHETFIEVLIMETFP;IEVL;ETF;ETF Plus;EUR;IE;OUI;-;Euronext;2026-08-04
IE00BQN1KC32;ISHETFIESZIMETFP;IESZ;ETF;ETF Plus;EUR;IE;OUI;-;Euronext;2026-08-04
IE00BQQ3Q067;WISETFDEMRIMETFP;DEM;ETF;ETF Plus;EUR;IE;OUI;ESG ETF art. 8;Euronext;2026-08-04
IE00BQQP9F84;VANETFGDXIMETFP;GDX;ETF;ETF Plus | Euronext Paris;EUR;IE;OUI;-;Euronext;2026-08-04
IE00BQQP9G91;VANETFGDXJIMETFP;GDXJ;ETF;ETF Plus | Euronext Paris;EUR;IE;OUI;-;Euronext;2026-08-04
IE00BQQP9H09;VANETFMOATIMETFP;MOAT;ETF;ETF Plus | Euronext Paris;EUR;IE;OUI;ESG ETF art. 8;Euronext;2026-08-04
IE00BQT3WG13;MSCI China A Acc;CNYA;ETF;Euronext Amsterdam;EUR;IE;OUI;-;Euronext;2026-08-04
IE00BQZJBM26;WISETFDGSEIMETFP;DGSE;ETF;ETF Plus;EUR;IE;OUI;ESG ETF art. 8;Euronext;2026-08-04
IE00BQZJBQ63;WISETFDHSAIMETFP;DHS;ETF;ETF Plus;EUR;IE;OUI;ESG ETF art. 8;Euronext;2026-08-04
IE00BQZJBX31;WISETFEEIAIMETFP;EEI;ETF;ETF Plus | Euronext Paris;EUR;IE;OUI;ESG ETF art. 8;Euronext;2026-08-04
IE00BQZJC527;WISETFDFEAIMETFP;DFE;ETF;ETF Plus;EUR;IE;OUI;ESG ETF art. 8;Euronext;2026-08-04
IE00BRB36B93;XTRETFXDNEIMETFP;XDNE;ETF;ETF Plus;EUR;IE;OUI;ESG ETF art. 8;Euronext;2026-08-04
IE00BRKWGL70;INVETFIUSEIMETFP;E500;ETF;ETF Plus;EUR;IE;OUI;-;Euronext;2026-08-04
IE00BS7K8821;SSGETFEU35IMETFP;EU35;ETF;ETF Plus;EUR;IE;OUI;-;Euronext;2026-08-04
IE00BSKRK281;ISHETFIEBBIMETFP;IEBB;ETF;ETF Plus;EUR;IE;OUI;-;Euronext;2026-08-04
IE00BT9PVG14;FIRETFFDNIIMETFP;FDNI;ETF;ETF Plus;EUR;IE;OUI;-;Euronext;2026-08-04
IE00BTJRMP35;XTRETFGEASIMETFP;XMME;ETF;ETF Plus;EUR;IE;OUI;-;Euronext;2026-08-04
IE00BTN1Y115;MEDTRONIC;2MDT;Action;Trading After Hours | Euronext Global Equity Market | EuroTLX;EUR;IE;OUI;;Euronext;2026-08-04
IE00BVDPXK98;PLURIMA STRATEGY;PPSPOF;OPCVM;ATFund Instruments;EUR;IE;OUI;;Euronext;2026-08-04
IE00BVFZGC04;WISETCWTIDIMETFP;WTID;ETF;ETF Plus;EUR;IE;OUI;-;Euronext;2026-08-04
IE00BVFZGD11;WISETCBRNDIMETFP;BRND;ETF;ETF Plus;EUR;IE;OUI;-;Euronext;2026-08-04
IE00BVGC3741;MALIN CORP. PLC;MLC;Action;Euronext Growth Dublin;EUR;IE;OUI;;Euronext;2026-08-04
IE00BVXBH163;WISETFHEDJIMETFP;HEDJ;ETF;ETF Plus;EUR;IE;OUI;ESG ETF art. 8;Euronext;2026-08-04
IE00BVXC4854;WISETFDXJIMETFP;DXJ;ETF;ETF Plus;EUR;IE;OUI;ESG ETF art. 8;Euronext;2026-08-04
IE00BVZ6SP04;PIMActPJSRETFP;PJSR;ETF;ETF Plus;EUR;IE;OUI;ESG ETF art. 8;Euronext;2026-08-04
IE00BWB8X525;PERM. TSB GP. HOLD;PTSB;Action;Euronext Dublin;EUR;IE;OUI;;Euronext;2026-08-04
IE00BWBXM278;SPDR US CONS DIS;SXLY;ETF;Euronext Amsterdam | ETF Plus;EUR;IE;OUI;-;Euronext;2026-08-04
IE00BWBXM385;SPDR US CONS STAP;SXLP;ETF;Euronext Amsterdam | ETF Plus;EUR;IE;OUI;-;Euronext;2026-08-04
IE00BWBXM492;SPDR US ENERGY;SXLE;ETF;Euronext Amsterdam | ETF Plus;EUR;IE;OUI;-;Euronext;2026-08-04
IE00BWBXM500;SPDR US FINAN;SXLF;ETF;Euronext Amsterdam | ETF Plus;EUR;IE;OUI;-;Euronext;2026-08-04
IE00BWBXM617;SPDR US HEALTH;SXLV;ETF;Euronext Amsterdam | ETF Plus;EUR;IE;OUI;-;Euronext;2026-08-04
IE00BWBXM724;SPDR US INDUST;SXLI;ETF;Euronext Amsterdam | ETF Plus;EUR;IE;OUI;-;Euronext;2026-08-04
IE00BWBXM831;SPDR US MATERIAL;SXLB;ETF;Euronext Amsterdam | ETF Plus;EUR;IE;OUI;-;Euronext;2026-08-04
IE00BWBXM948;SPDR US TECH;SXLK;ETF;Euronext Amsterdam | ETF Plus;EUR;IE;OUI;-;Euronext;2026-08-04
IE00BWBXMB69;SPDR US ITILIT;SXLU;ETF;Euronext Amsterdam | ETF Plus;EUR;IE;OUI;-;Euronext;2026-08-04
IE00BWT3KJ20;UBS IRL ULOVE;UBUV;ETF;Euronext Amsterdam | ETF Plus;EUR;IE;OUI;-;Euronext;2026-08-04
IE00BWT3KL42;UBS IRL UPVLE;UBUW;ETF;Euronext Amsterdam;EUR;IE;OUI;ESG ETF art. 8;Euronext;2026-08-04
IE00BWT3KN65;UBS IRL UQLTE;UBUX;ETF;Euronext Amsterdam | ETF Plus;EUR;IE;OUI;ESG ETF art. 8;Euronext;2026-08-04
IE00BWT3KS11;UBS IRL AUHEUA;UE28;ETF;Euronext Amsterdam | ETF Plus;EUR;IE;OUI;-;Euronext;2026-08-04
IE00BWTN6Y99;INVETFHDLVIMETFP;HDLV;ETF;ETF Plus | Euronext Paris;EUR;IE;OUI;-;Euronext;2026-08-04
IE00BWTNM743;FIRETFNXTGIMETFP;NXTG;ETF;ETF Plus;EUR;IE;OUI;-;Euronext;2026-08-04
IE00BWY4ZF18;CAIRN HOMES PLC;C5H;Action;Euronext Dublin;EUR;IE;OUI;;Euronext;2026-08-04
IE00BX7RQY03;UBS IRL ULOVD;UBUR;ETF;Euronext Amsterdam | ETF Plus;EUR;IE;OUI;-;Euronext;2026-08-04
IE00BX7RR706;UBS IRL UPVLD;UBUS;ETF;Euronext Amsterdam | ETF Plus;EUR;IE;OUI;ESG ETF art. 8;Euronext;2026-08-04
IE00BX7RRJ27;UBS IRL UQLTD;UBUT;ETF;Euronext Amsterdam | ETF Plus;EUR;IE;OUI;ESG ETF art. 8;Euronext;2026-08-04
IE00BY7QL619;Johnson Controls;1JCI;Action;Euronext Global Equity Market;EUR;IE;OUI;;Euronext;2026-08-04
IE00BYM11H29;UBSETFACWEIMETFP;ACWIA;ETF;ETF Plus;EUR;IE;OUI;-;Euronext;2026-08-04
IE00BYM11K57;UBSETFCWIEIMETFP;ACWIE;ETF;ETF Plus;EUR;IE;OUI;-;Euronext;2026-08-04
IE00BYM31M36;ISHETFWINGIMETFP;WING;ETF;ETF Plus;EUR;IE;OUI;-;Euronext;2026-08-04
IE00BYM8JD58;INVETFXRESIMETFP;XRES;ETF;ETF Plus;EUR;IE;OUI;-;Euronext;2026-08-04
IE00BYML9W36;INVETFSP500TETFP;SPXD;ETF;ETF Plus;EUR;IE;OUI;-;Euronext;2026-08-04
IE00BYMLZY74;WISETFWCOAIMETFP;WCOA;ETF;ETF Plus;EUR;IE;OUI;-;Euronext;2026-08-04
IE00BYNXNS22;WISETN3BTSIMETFP;5BTS;ETF;ETF Plus;EUR;IE;OUI;-;Euronext;2026-08-04
IE00BYNXPH56;WISETN3BUSIMETFP;5BUS;ETF;ETF Plus;EUR;IE;OUI;-;Euronext;2026-08-04
IE00BYNXPJ70;WISETN3TYSIMETFP;5TYS;ETF;ETF Plus;EUR;IE;OUI;-;Euronext;2026-08-04
IE00BYPC1H27;IS CHN BND USD DIS;CNYB;ETF;Euronext Amsterdam - Multi-currency Trading | ETF Plus;USD;IE;OUI;-;Euronext;2026-08-04
IE00BYPHT736;XTRETFXDEPIMETFP;XDEP;ETF;ETF Plus;EUR;IE;OUI;-;Euronext;2026-08-04
IE00BYPLS672;L&G Cyber Security;ISPY;ETF;Euronext Amsterdam | ETF Plus;EUR;IE;OUI;-;Euronext;2026-08-04
IE00BYQCZJ13;WISETFDXJFIMETFP;DXJF;ETF;ETF Plus;EUR;IE;OUI;ESG ETF art. 8;Euronext;2026-08-04
IE00BYQCZN58;WISETFDXJZIMETFP;DXJZ;ETF;ETF Plus;EUR;IE;OUI;ESG ETF art. 8;Euronext;2026-08-04
IE00BYQCZX56;WISETFEEIAIMETFP;HEDF;ETF;ETF Plus;EUR;IE;OUI;ESG ETF art. 8;Euronext;2026-08-04
IE00BYSX4176;FIDETFFEQDIMETFP;FEUI;ETF;ETF Plus;EUR;IE;OUI;-;Euronext;2026-08-04
IE00BYSX4283;FIDETFFEQDIMETFP;FEQD;ETF;ETF Plus;EUR;IE;OUI;-;Euronext;2026-08-04
IE00BYSX4739;FIDETFFEMIIMETFP;FEME;ETF;ETF Plus;EUR;IE;OUI;-;Euronext;2026-08-04
IE00BYSX4846;FIDETFFEMIIMETFP;FEMI;ETF;ETF Plus;EUR;IE;OUI;-;Euronext;2026-08-04
IE00BYSZ5V04;SSGETFLUTRIMETFP;LUTR;ETF;ETF Plus;EUR;IE;OUI;-;Euronext;2026-08-04
IE00BYSZ6062;SSGETFLGOVIMETFP;LGOV;ETF;ETF Plus;EUR;IE;OUI;-;Euronext;2026-08-04
IE00BYTBXV33;RYANAIR HOLD. PLC;RYA;Action;Euronext Dublin;EUR;IE;OUI;;Euronext;2026-08-04
IE00BYTH5602;SSGETFSJNEIMETFP;SJNE;ETF;ETF Plus;EUR;IE;OUI;ESG ETF art. 8;Euronext;2026-08-04
IE00BYTH5T38;SPDR SP EU ArESG;EEDV;ETF;Euronext Amsterdam;EUR;IE;OUI;ESG ETF art. 8;Euronext;2026-08-04
IE00BYTH6121;FIRST TRUST GLOBAL;FGBL;ETF;Euronext Paris;EUR;IE;OUI;-;Euronext;2026-08-04
IE00BYTH6238;FIRST TRUST IPO;FPXU;ETF;Euronext Paris - Multi-currency Trading;USD;IE;OUI;-;Euronext;2026-08-04
IE00BYTRR640;SPDR MSCI W C DIS;WCOD;ETF;Euronext Amsterdam | ETF Plus;EUR;IE;OUI;-;Euronext;2026-08-04
IE00BYTRR756;SPDR MSCI W C STAP;WCOS;ETF;Euronext Amsterdam | ETF Plus;EUR;IE;OUI;-;Euronext;2026-08-04
IE00BYTRR863;SPDR MSCI W ENERGY;WNRG;ETF;Euronext Amsterdam | ETF Plus;EUR;IE;OUI;-;Euronext;2026-08-04
IE00BYTRR970;SPDR MSCI W FINCLS;WFIN;ETF;Euronext Amsterdam | ETF Plus;EUR;IE;OUI;-;Euronext;2026-08-04
IE00BYTRRB94;SPDR MSCI W HEALTH;WHEA;ETF;Euronext Amsterdam | ETF Plus;EUR;IE;OUI;-;Euronext;2026-08-04
IE00BYTRRC02;SPDR MSCI W INDUST;WIND;ETF;Euronext Amsterdam | ETF Plus;EUR;IE;OUI;-;Euronext;2026-08-04
IE00BYTRRD19;SPDR MSCI W TECH;WTCH;ETF;Euronext Amsterdam | ETF Plus;EUR;IE;OUI;-;Euronext;2026-08-04
IE00BYTRRF33;SPDR MSCI W MTRL;WMAT;ETF;Euronext Amsterdam | ETF Plus;EUR;IE;OUI;-;Euronext;2026-08-04
IE00BYTRRG40;SPDR MSCI W COMM;WTEL;ETF;Euronext Amsterdam | ETF Plus;EUR;IE;OUI;-;Euronext;2026-08-04
IE00BYTRRH56;SPDR MSCI W UTIL;WUTI;ETF;Euronext Amsterdam | ETF Plus;EUR;IE;OUI;-;Euronext;2026-08-04
IE00BYTYHM11;WISETN3EMSIMETFP;3EMS;ETF;ETF Plus;EUR;IE;OUI;-;Euronext;2026-08-04
IE00BYTYHN28;WISETN3EMSIMETFP;3EML;ETF;ETF Plus;EUR;IE;OUI;-;Euronext;2026-08-04
IE00BYV12Y75;SSGETFIUCBIMETFP;IUCB;ETF;ETF Plus;EUR;IE;OUI;-;Euronext;2026-08-04
IE00BYV1Y969;FIDETFFUSUIMETFP;FUSU;ETF;ETF Plus;EUR;IE;OUI;-;Euronext;2026-08-04
IE00BYV1YH46;FIDETFFGEUIMETFP;FGEU;ETF;ETF Plus;EUR;IE;OUI;-;Euronext;2026-08-04
IE00BYVJRP78;iS MSCI EM SRI Acc;SUSM;ETF;Euronext Amsterdam | ETF Plus;EUR;IE;OUI;ESG ETF art. 8;Euronext;2026-08-04
IE00BYVJRR92;ISHETFSUASIMETFP;SUAS;ETF;ETF Plus | Euronext Amsterdam;EUR;IE;OUI;ESG ETF art. 8;Euronext;2026-08-04
IE00BYVQ9G36;ISHETFIDCOT7XAMS;IB7A;ETF;Euronext Amsterdam - Multi-currency Trading;USD;IE;OUI;-;Euronext;2026-08-04
IE00BYVTMS52;INVETFND100ETFP;EQEU;ETF;ETF Plus;EUR;IE;OUI;-;Euronext;2026-08-04
IE00BYVTMZ20;INVETFFAEUIMETFP;FAEU;ETF;ETF Plus;EUR;IE;OUI;-;Euronext;2026-08-04
IE00BYVZV757;JP ETFJE13IMETFP;JE13;ETF;ETF Plus;EUR;IE;OUI;-;Euronext;2026-08-04
IE00BYWQWR46;VANETFESPOIMETFP;ESPO;ETF;ETF Plus | Euronext Paris;EUR;IE;OUI;-;Euronext;2026-08-04
IE00BYX2JD69;ISHETFSUSWIMETFP;SUSW;ETF;ETF Plus | Euronext Amsterdam;EUR;IE;OUI;ESG ETF art. 8;Euronext;2026-08-04
IE00BYX8XC17;iS MSCI Jp SRI Acc;SUJP;ETF;Euronext Amsterdam | ETF Plus;EUR;IE;OUI;ESG ETF art. 8;Euronext;2026-08-04
IE00BYXVGX24;FIDETFFUSUIMETFP;FUSD;ETF;ETF Plus;EUR;IE;OUI;-;Euronext;2026-08-04
IE00BYXVGY31;FIDETFFUSUIMETFP;FUSA;ETF;ETF Plus;EUR;IE;OUI;-;Euronext;2026-08-04
IE00BYXVGZ48;FIDETFFGEUIMETFP;FGQI;ETF;ETF Plus;EUR;IE;OUI;-;Euronext;2026-08-04
IE00BYXZ2585;ISHETFSEMUIMETFP;CEUD;ETF;ETF Plus;EUR;IE;OUI;-;Euronext;2026-08-04
IE00BYYW2V44;SSGETFSPXEIMETFP;SPXE;ETF;ETF Plus;EUR;IE;OUI;-;Euronext;2026-08-04
IE00BYYXBF44;INVETFEMHDIMETFP;EMHD;ETF;ETF Plus | Euronext Paris;EUR;IE;OUI;-;Euronext;2026-08-04
IE00BYZK4552;iS A&R Acc;RBOE;ETF;Euronext Amsterdam | ETF Plus;EUR;IE;OUI;ESG ETF art. 8;Euronext;2026-08-04
IE00BYZK4669;Ageing Pop Acc;AGED;ETF;Euronext Amsterdam | ETF Plus;EUR;IE;OUI;ESG ETF art. 8;Euronext;2026-08-04
IE00BYZK4776;Hlthcre Inn Acc;HEAL;ETF;Euronext Amsterdam | ETF Plus;EUR;IE;OUI;ESG ETF art. 8;Euronext;2026-08-04
IE00BYZK4883;Dgtlstn Acc;DGTL;ETF;Euronext Amsterdam | ETF Plus;EUR;IE;OUI;ESG ETF art. 8;Euronext;2026-08-04
IE00BYZNF849;XTRETFDJBGGIETFP;XIFE;ETF;ETF Plus;EUR;IE;OUI;ESG ETF art. 8;Euronext;2026-08-04
IE00BYZTVT56;ISHETFSUOEIMETFP;SUOE;ETF;ETF Plus;EUR;IE;OUI;ESG ETF art. 8;Euronext;2026-08-04
IE00BYZTVV78;ISHETFSUSEIMETFP;SUSE;ETF;ETF Plus;EUR;IE;OUI;ESG ETF art. 8;Euronext;2026-08-04
IE00BZ02LR44;XTRETFXZWEIMETFP;XZW0;ETF;ETF Plus;EUR;IE;OUI;ESG ETF art. 8;Euronext;2026-08-04
IE00BZ036H21;XTRETFXDGUIMETFP;XDGU;ETF;ETF Plus;EUR;IE;OUI;-;Euronext;2026-08-04
IE00BZ036J45;XTRETFXDGEIMETFP;XDGE;ETF;ETF Plus;EUR;IE;OUI;-;Euronext;2026-08-04
IE00BZ048462;ISHETFFLOEIMETFP;FLTR;ETF;ETF Plus;EUR;IE;OUI;-;Euronext;2026-08-04
IE00BZ0G8860;SSGETFLUSCIMETFP;LUSC;ETF;ETF Plus;EUR;IE;OUI;-;Euronext;2026-08-04
IE00BZ0G8977;SSGETFTIPSIMETFP;TIPS;ETF;ETF Plus;EUR;IE;OUI;-;Euronext;2026-08-04
IE00BZ0G8B96;SPDR MSCI JapanETF;JPJY;ETF;Euronext Paris - Multi-currency Trading;JPY;IE;OUI;-;Euronext;2026-08-04
IE00BZ0PKT83;ISHETFIFSWIMETFP;IFSW;ETF;ETF Plus;EUR;IE;OUI;-;Euronext;2026-08-04
IE00BZ0PKV06;ISHETFIFSEIMETFP;IFSE;ETF;ETF Plus;EUR;IE;OUI;-;Euronext;2026-08-04
IE00BZ0XVF52;WISETFCCBOIMETFP;CCBO;ETF;ETF Plus;EUR;IE;OUI;ESG ETF art. 8;Euronext;2026-08-04
IE00BZ163G84;VANETFVECAIMETFP;VECP;ETF;ETF Plus | Euronext Amsterdam, Paris;EUR;IE;OUI;-;Euronext;2026-08-04
IE00BZ163H91;VANETFVGEAIMETFP;VETY;ETF;ETF Plus | Euronext Amsterdam, Paris;EUR;IE;OUI;-;Euronext;2026-08-04
IE00BZ163K21;VANETFVUCEIMETFP;VUCP;ETF;ETF Plus | Euronext Amsterdam, Paris;EUR;IE;OUI;-;Euronext;2026-08-04
IE00BZ163L38;VANETFVDEAIMETFP;VEMT;ETF;ETF Plus | Euronext Amsterdam, Paris;EUR;IE;OUI;-;Euronext;2026-08-04
IE00BZ163M45;VANETFVDTAIMETFP;VUTY;ETF;ETF Plus | Euronext Amsterdam, Paris;EUR;IE;OUI;-;Euronext;2026-08-04
IE00BZ173T46;ISHARES USA SRI;SRIL;ETF;Euronext Amsterdam - Multi-currency Trading;USD;IE;OUI;ESG ETF art. 8;Euronext;2026-08-04
IE00BZ4BMM98;INVETFEUHDIMETFP;EUHD;ETF;ETF Plus;EUR;IE;OUI;-;Euronext;2026-08-04
IE00BZ56RG20;WISETFDGRAIMETFP;DGRA;ETF;ETF Plus | Euronext Paris;EUR;IE;OUI;ESG ETF art. 8;Euronext;2026-08-04
IE00BZ56RN96;WISETFGGRAIMETFP;GGRW;ETF;ETF Plus;EUR;IE;OUI;ESG ETF art. 8;Euronext;2026-08-04
IE00BZ56SW52;WISETFGGRAIMETFP;GGRA;ETF;ETF Plus | Euronext Paris;EUR;IE;OUI;ESG ETF art. 8;Euronext;2026-08-04
IE00BZ56TQ67;WISETFEGRAIMETFP;EGRA;ETF;ETF Plus | Euronext Paris;EUR;IE;OUI;ESG ETF art. 8;Euronext;2026-08-04
IE00BZCQB185;iS MSCI India Acc;NDIA;ETF;Euronext Amsterdam | ETF Plus;EUR;IE;OUI;-;Euronext;2026-08-04
IL0010830391;PAYTON PLANAR;PAY;Action;Euronext Brussels;EUR;IL;NON;;Euronext;2026-08-04
IT0000060886;FNM;FNM;Action;Euronext Milan;EUR;IT;OUI;;Euronext;2026-08-04
IT0000062072;GENERALI;2G;Action;Trading After Hours | Euronext Milan;EUR;IT;OUI;;Euronext;2026-08-04
IT0000062957;MEDIOBANCA;2MB;Action;Trading After Hours | Euronext Milan;EUR;IT;OUI;;Euronext;2026-08-04
IT0000066123;BPER BANCA;2BPE;Action;Trading After Hours | Euronext Milan;EUR;IT;OUI;;Euronext;2026-08-04
IT0000066180;BRIOSCHI;BRI;Action;Euronext Milan;EUR;IT;OUI;;Euronext;2026-08-04
IT0000070786;CIR;CIR;Action;Euronext Milan;EUR;IT;OUI;;Euronext;2026-08-04
IT0000072170;FINECOBANK;FBK;Action;Euronext Milan | Trading After Hours;EUR;IT;OUI;;Euronext;2026-08-04
IT0000072618;INTESA SANPAOLO;2ISP;Action;Trading After Hours | Euronext Milan;EUR;IT;OUI;;Euronext;2026-08-04
IT0000076486;DANIELI & C RISP;DANR;Action;Euronext Milan;EUR;IT;OUI;;Euronext;2026-08-04
IT0000076502;DANIELI & C;DAN;Action;Euronext Milan;EUR;IT;OUI;;Euronext;2026-08-04
IT0000076536;SOGEFI;SGF;Action;Euronext Milan;EUR;IT;OUI;;Euronext;2026-08-04
IT0000084043;AUTOSTRADE MERID;AUTME;Action;Euronext Milan;EUR;IT;OUI;;Euronext;2026-08-04
IT0000214293;TOSCANA AEROPORTI;TYA;Action;Euronext Milan;EUR;IT;OUI;;Euronext;2026-08-04
IT0001006128;AEROPORTO G. M. BO;ADB;Action;Euronext Milan;EUR;IT;OUI;;Euronext;2026-08-04
IT0001017851;ROSETTI MARINO;YRM;Action;Euronext Growth Milan;EUR;IT;OUI;;Euronext;2026-08-04
IT0001018362;VALSOIA;VLS;Action;Euronext Milan;EUR;IT;OUI;;Euronext;2026-08-04
IT0001031084;BANCA GENERALI;BGN;Action;Euronext Milan | Trading After Hours;EUR;IT;OUI;;Euronext;2026-08-04
IT0001033700;BASICNET;BAN;Action;Euronext Milan;EUR;IT;OUI;;Euronext;2026-08-04
IT0001041000;BCO DESIO BRIANZA;BDB;Action;Euronext Milan;EUR;IT;OUI;;Euronext;2026-08-04
IT0001042610;SABAF;SAB;Action;Euronext Milan;EUR;IT;OUI;;Euronext;2026-08-04
IT0001077780;IRCE;IRC;Action;Euronext Milan;EUR;IT;OUI;;Euronext;2026-08-04
IT0001078911;INTERPUMP GROUP;2IP;Action;Trading After Hours | Euronext Milan;EUR;IT;OUI;;Euronext;2026-08-04
IT0001127874;CSP INT IND CALZE;CSP;Action;Euronext Milan;EUR;IT;OUI;;Euronext;2026-08-04
IT0001128047;CEMBRE;CMB;Action;Euronext Milan;EUR;IT;OUI;;Euronext;2026-08-04
IT0001157020;ERG;2ERG;Action;Trading After Hours | Euronext Milan;EUR;IT;OUI;;Euronext;2026-08-04
IT0001206769;SOL;SOL;Action;Euronext Milan;EUR;IT;OUI;;Euronext;2026-08-04
IT0001207098;ACEA;ACE;Action;Euronext Milan;EUR;IT;OUI;;Euronext;2026-08-04
IT0001214433;I.CO.P.;ICOP;Action;Euronext Growth Milan;EUR;IT;OUI;;Euronext;2026-08-04
IT0001233417;A2A;A2A;Action;Euronext Milan | Trading After Hours;EUR;IT;OUI;;Euronext;2026-08-04
IT0001237053;EMAK;EM;Action;Euronext Milan;EUR;IT;OUI;;Euronext;2026-08-04
IT0001250932;HERA;HER;Action;Euronext Milan | Trading After Hours;EUR;IT;OUI;;Euronext;2026-08-04
IT0001268561;B&C SPEAKERS;BEC;Action;Euronext Milan;EUR;IT;OUI;;Euronext;2026-08-04
IT0001347308;BUZZI;2BZU;Action;Trading After Hours | Euronext Milan;EUR;IT;OUI;;Euronext;2026-08-04
IT0001382024;ACINQUE;AC5;Action;Euronext Milan;EUR;IT;OUI;;Euronext;2026-08-04
IT0001384590;AEFFE;AEF;Action;Euronext Milan;EUR;IT;OUI;;Euronext;2026-08-04
IT0001402269;RISANAMENTO;RN;Action;Euronext Milan;EUR;IT;OUI;;Euronext;2026-08-04
IT0001413837;IMMSI;IMS;Action;Euronext Milan;EUR;IT;OUI;;Euronext;2026-08-04
IT0001447785;MONDO TV;MTV;Action;Euronext Milan;EUR;IT;OUI;;Euronext;2026-08-04
IT0001454435;TXT E-SOLUTIONS;TXT;Action;Euronext Milan;EUR;IT;OUI;;Euronext;2026-08-04
IT0001463063;DIRECTA SIM;D;Action;Euronext Growth Milan;EUR;IT;OUI;;Euronext;2026-08-04
IT0001469383;MONDADORI EDIT;MN;Action;Euronext Milan;EUR;IT;OUI;;Euronext;2026-08-04
IT0001469953;SOFTLAB;SFT;Action;Euronext Milan;EUR;IT;OUI;;Euronext;2026-08-04
IT0001469995;DIGITAL BROS;DIB;Action;Euronext Milan;EUR;IT;OUI;;Euronext;2026-08-04
IT0001472171;CALTAGIRONE EDIT;CED;Action;Euronext Milan;EUR;IT;OUI;;Euronext;2026-08-04
IT0001487047;BEEWIZE;BWZ;Action;Euronext Milan;EUR;IT;OUI;;Euronext;2026-08-04
IT0003023980;C. LATTE D'ITALIA;CLI;Action;Euronext Milan;EUR;IT;OUI;;Euronext;2026-08-04
IT0003025019;CALEFFI;CLF;Action;Euronext Milan;EUR;IT;OUI;;Euronext;2026-08-04
IT0003027817;IREN;IRE;Action;Euronext Milan;EUR;IT;OUI;;Euronext;2026-08-04
IT0003056386;PININFARINA SPA;PINF;Action;Euronext Milan;EUR;IT;OUI;;Euronext;2026-08-04
IT0003057624;IT WAY;ITW;Action;Euronext Milan;EUR;IT;OUI;;Euronext;2026-08-04
IT0003073266;PIAGGIO;PIA;Action;Euronext Milan;EUR;IT;OUI;;Euronext;2026-08-04
IT0003097257;BIESSE;BSS;Action;Euronext Milan;EUR;IT;OUI;;Euronext;2026-08-04
IT0003115950;DE'LONGHI;DLG;Action;Euronext Milan;EUR;IT;OUI;;Euronext;2026-08-04
IT0003121677;CREDEM;CE;Action;Euronext Milan;EUR;IT;OUI;;Euronext;2026-08-04
IT0003127930;CALTAGIRONE;CALT;Action;Euronext Milan;EUR;IT;OUI;;Euronext;2026-08-04
IT0003128367;ENEL;2ENEL;Action;Trading After Hours | Euronext Milan;EUR;IT;OUI;;Euronext;2026-08-04
IT0003132476;ENI;ENI;Action;Euronext Milan | Trading After Hours;EUR;IT;OUI;;Euronext;2026-08-04
IT0003153415;SNAM;2SRG;Action;Trading After Hours | Euronext Milan;EUR;IT;OUI;;Euronext;2026-08-04
IT0003153621;TAMBURI;TIP;Action;Euronext Milan;EUR;IT;OUI;;Euronext;2026-08-04
IT0003173629;BANCA SISTEMA;BST;Action;Euronext Milan;EUR;IT;OUI;;Euronext;2026-08-04
IT0003188064;BANCA IFIS;IF;Action;Euronext Milan;EUR;IT;OUI;;Euronext;2026-08-04
IT0003203947;GEFRAN;GE;Action;Euronext Milan;EUR;IT;OUI;;Euronext;2026-08-04
IT0003217335;BORGOSESIA;BO;Action;Euronext Milan;EUR;IT;OUI;;Euronext;2026-08-04
IT0003242622;TERNA;2TRN;Action;Trading After Hours | Euronext Milan;EUR;IT;OUI;;Euronext;2026-08-04
IT0003261697;AZIMUT;AZM;Action;Euronext Milan | Trading After Hours;EUR;IT;OUI;;Euronext;2026-08-04
IT0003365613;FIERA MILANO;FM;Action;Euronext Milan;EUR;IT;OUI;;Euronext;2026-08-04
IT0003372205;EDISON R;EDNR;Action;Euronext Milan;EUR;IT;OUI;;Euronext;2026-08-04
IT0003404214;ELICA;ELC;Action;Euronext Milan;EUR;IT;OUI;;Euronext;2026-08-04
IT0003411417;ITALIAN EXHIBITION;IEG;Action;Euronext Milan;EUR;IT;OUI;;Euronext;2026-08-04
IT0003428445;MARR;MARR;Action;Euronext Milan;EUR;IT;OUI;;Euronext;2026-08-04
IT0003492391;DIASORIN;2DIA;Action;Trading After Hours | Euronext Milan;EUR;IT;OUI;;Euronext;2026-08-04
IT0003516066;BOLOGNAFIERE;BF;Action;Euronext Growth Milan;EUR;IT;OUI;;Euronext;2026-08-04
IT0003549422;SANLORENZO;SL;Action;Euronext Milan;EUR;IT;OUI;;Euronext;2026-08-04
IT0003621783;S.S. LAZIO;SSL;Action;Euronext Milan;EUR;IT;OUI;;Euronext;2026-08-04
IT0003697080;GEOX;GEO;Action;Euronext Milan;EUR;IT;OUI;;Euronext;2026-08-04
IT0003796171;POSTE ITALIANE;2PST;Action;Trading After Hours | Euronext Milan;EUR;IT;OUI;;Euronext;2026-08-04
IT0003828271;RECORDATI ORD;2REC;Action;Trading After Hours | Euronext Milan;EUR;IT;OUI;;Euronext;2026-08-04
IT0003850929;ESPRINET;PRT;Action;Euronext Milan;EUR;IT;OUI;;Euronext;2026-08-04
IT0003856405;LEONARDO;LDO;Action;Euronext Milan | Trading After Hours;EUR;IT;OUI;;Euronext;2026-08-04
IT0003865570;WEBUILD;2WBD;Action;Trading After Hours | Euronext Milan;EUR;IT;OUI;;Euronext;2026-08-04
IT0003865588;WEBUILD RSP;WBDR;Action;Euronext Milan;EUR;IT;OUI;;Euronext;2026-08-04
IT0003895668;EUROTECH;ETH;Action;Euronext Milan;EUR;IT;OUI;;Euronext;2026-08-04
IT0004053440;DATALOGIC;DAL;Action;Euronext Milan;EUR;IT;OUI;;Euronext;2026-08-04
IT0004056880;AMPLIFON;2AMP;Action;Trading After Hours | Euronext Milan;EUR;IT;OUI;;Euronext;2026-08-04
IT0004093263;ASCOPIAVE;ASC;Action;Euronext Milan;EUR;IT;OUI;;Euronext;2026-08-04
IT0004098510;GAS PLUS;GSP;Action;Euronext Milan;EUR;IT;OUI;;Euronext;2026-08-04
IT0004125677;MASI AGRICOLA;MASI;Action;Euronext Growth Milan;EUR;IT;OUI;;Euronext;2026-08-04
IT0004171440;ZIGNAGO VETRO;ZV;Action;Euronext Milan;EUR;IT;OUI;;Euronext;2026-08-04
IT0004176001;PRYSMIAN;2PRY;Action;Trading After Hours | Euronext Milan;EUR;IT;OUI;;Euronext;2026-08-04
IT0004195308;MOLTIPLY GROUP;MOL;Action;Euronext Milan;EUR;IT;OUI;;Euronext;2026-08-04
IT0004240443;PIQUADRO;PQ;Action;Euronext Milan;EUR;IT;OUI;;Euronext;2026-08-04
IT0004329733;CAIRO COMMUNICAT;CAI;Action;Euronext Milan;EUR;IT;OUI;;Euronext;2026-08-04
IT0004356751;ENERVIT;ENV;Action;Euronext Milan;EUR;IT;OUI;;Euronext;2026-08-04
IT0004376858;MARZOCCHI POMPE;MARP;Action;Euronext Growth Milan;EUR;IT;OUI;;Euronext;2026-08-04
IT0004412497;BASTOGI SPA;B;Action;Euronext Milan;EUR;IT;OUI;;Euronext;2026-08-04
IT0004496029;EXPERT.AI;EXAI;Action;Euronext Growth Milan;EUR;IT;OUI;;Euronext;2026-08-04
IT0004522162;LUCISANO MEDIA G;LMG;Action;Euronext Growth Milan;EUR;IT;OUI;;Euronext;2026-08-04
IT0004552359;KME GROUP;KME;Action;Euronext Milan;EUR;IT;OUI;;Euronext;2026-08-04
IT0004552367;KME GROUP RSP;KMER;Action;Euronext Milan;EUR;IT;OUI;;Euronext;2026-08-04
IT0004585243;TESMEC;TES;Action;Euronext Milan;EUR;IT;OUI;;Euronext;2026-08-04
IT0004587470;POLIGRAF PRINTING;POPR;Action;Euronext Growth Milan;EUR;IT;OUI;;Euronext;2026-08-04
IT0004604762;SAFILO GROUP;SFL;Action;Euronext Milan;EUR;IT;OUI;;Euronext;2026-08-04
IT0004674666;H-FARM;FARM;Action;Euronext Growth Milan;EUR;IT;OUI;;Euronext;2026-08-04
IT0004712375;SALV FERRAGAMO;2SFER;Action;Trading After Hours | Euronext Milan;EUR;IT;OUI;;Euronext;2026-08-04
IT0004717200;VIMI FASTENERS;VIM;Action;Euronext Growth Milan;EUR;IT;OUI;;Euronext;2026-08-04
IT0004720733;ALERION;ARN;Action;Euronext Milan;EUR;IT;OUI;;Euronext;2026-08-04
IT0004724107;RATTI;RAT;Action;Euronext Milan;EUR;IT;OUI;;Euronext;2026-08-04
IT0004729759;SESA;SES;Action;Euronext Milan;EUR;IT;OUI;;Euronext;2026-08-04
IT0004764699;BRUNELLO CUCINELLI;2BC;Action;Trading After Hours | Euronext Milan;EUR;IT;OUI;;Euronext;2026-08-04
IT0004776628;BANCA MEDIOLANUM;2BMED;Action;Trading After Hours | Euronext Milan;EUR;IT;OUI;;Euronext;2026-08-04
IT0004779515;AMBROMOBILIARE;AMB;Action;Euronext Growth Milan;EUR;IT;OUI;;Euronext;2026-08-04
IT0004810054;UNIPOL;UNI;Action;Euronext Milan | Trading After Hours;EUR;IT;OUI;;Euronext;2026-08-04
IT0004812258;AZ LEASING;MLAZL;Action;Euronext Access Paris;EUR;IT;OUI;;Euronext;2026-08-04
IT0004818297;EUKEDOS;EUK;Action;Euronext Milan;EUR;IT;OUI;;Euronext;2026-08-04
IT0004819857;FRENDY ENERGY;FRE;Action;Euronext Growth Milan;EUR;IT;OUI;;Euronext;2026-08-04
IT0004931058;MAIRE;MAIRE;Action;Euronext Milan;EUR;IT;OUI;;Euronext;2026-08-04
IT0004931496;RCS MEDIAGROUP;RCS;Action;Euronext Milan;EUR;IT;OUI;;Euronext;2026-08-04
IT0004965148;MONCLER;MONC;Action;Euronext Milan | Trading After Hours;EUR;IT;OUI;;Euronext;2026-08-04
IT0004967292;FILA;FILA;Action;Euronext Milan;EUR;IT;OUI;;Euronext;2026-08-04
IT0004973696;LEONE FILM GROUP;LFG;Action;Euronext Growth Milan;EUR;IT;OUI;;Euronext;2026-08-04
IT0004998065;ANIMA HOLDING;ANIM;Action;Euronext Milan;EUR;IT;OUI;;Euronext;2026-08-04
IT0005001554;TRIBOO;TB;Action;Euronext Milan;EUR;IT;OUI;;Euronext;2026-08-04
IT0005003782;CASTA DIVA GROUP;CDG;Action;Euronext Growth Milan;EUR;IT;OUI;;Euronext;2026-08-04
IT0005013013;ZEST;ZEST;Action;Euronext Milan;EUR;IT;OUI;;Euronext;2026-08-04
IT0005023038;GABETTI;GAB;Action;Euronext Milan;EUR;IT;OUI;;Euronext;2026-08-04
IT0005025355;NOTORIOUS PICTURES;NPI;Action;Euronext Growth Milan;EUR;IT;OUI;;Euronext;2026-08-04
IT0005037210;TINEXTA;TNXT;Action;Euronext Milan;EUR;IT;OUI;;Euronext;2026-08-04
IT0005037905;INIZIAT BRESCIANE;IB;Action;Euronext Growth Milan;EUR;IT;OUI;;Euronext;2026-08-04
IT0005040354;GROWENS;GROW;Action;Euronext Growth Milan;EUR;IT;OUI;;Euronext;2026-08-04
IT0005043507;OVS;OVS;Action;Euronext Milan;EUR;IT;OUI;;Euronext;2026-08-04
IT0005054967;RAI WAY;RWAY;Action;Euronext Milan;EUR;IT;OUI;;Euronext;2026-08-04
IT0005075764;ITALIAN WINE BRAND;IWB;Action;Euronext Growth Milan;EUR;IT;OUI;;Euronext;2026-08-04
IT0005089476;DIGITOUCH;DGT;Action;Euronext Growth Milan;EUR;IT;OUI;;Euronext;2026-08-04
IT0005090300;INWIT;2INW;Action;Trading After Hours | Euronext Milan;EUR;IT;OUI;;Euronext;2026-08-04
IT0005090870;ACOMEA BREVE TERM;ACABRT;OPCVM;ATFund Instruments;EUR;IT;OUI;;Euronext;2026-08-04
IT0005090912;ACOMEA PERFORMANCE;ACAPER;OPCVM;ATFund Instruments;EUR;IT;OUI;;Euronext;2026-08-04
IT0005091084;ACOMEA DINAMICA GL;ACAAGG;OPCVM;ATFund Instruments;EUR;IT;OUI;;Euronext;2026-08-04
IT0005091100;ACOMEA GLOBALE;ACAGLO;OPCVM;ATFund Instruments;EUR;IT;OUI;;Euronext;2026-08-04
IT0005091126;ACOMEA EMERGING Q2;ACAPEM;OPCVM;ATFund Instruments;EUR;IT;OUI;;Euronext;2026-08-04
IT0005091183;ACOMEA ASIA PACIF;ACAAPA;OPCVM;ATFund Instruments;EUR;IT;OUI;;Euronext;2026-08-04
IT0005091233;ACOMEA PM ESG;ACAITA;OPCVM;ATFund Instruments;EUR;IT;OUI;;Euronext;2026-08-04
IT0005091324;CLABO;CLABO;Action;Euronext Growth Milan;EUR;IT;OUI;;Euronext;2026-08-04
IT0005107492;LUVE;LUVE;Action;Euronext Milan;EUR;IT;OUI;;Euronext;2026-08-04
IT0005108219;I GRANDI VIAGGI;IGV;Action;Euronext Milan;EUR;IT;OUI;;Euronext;2026-08-04
IT0005114530;8A+ EIGER;8AECQ;OPCVM;ATFund Instruments;EUR;IT;OUI;;Euronext;2026-08-04
IT0005117848;CLASS EDITORI;CLE;Action;Euronext Milan;EUR;IT;OUI;;Euronext;2026-08-04
IT0005119810;AVIO;AVIO;Action;Euronext Milan;EUR;IT;OUI;;Euronext;2026-08-04
IT0005122392;GAMBERO ROSSO;GAMB;Action;Euronext Growth Milan;EUR;IT;OUI;;Euronext;2026-08-04
IT0005122400;OPS ECOM;OEC;Action;Euronext Milan;EUR;IT;OUI;;Euronext;2026-08-04
IT0005138703;ORSERO;ORS;Action;Euronext Milan;EUR;IT;OUI;;Euronext;2026-08-04
IT0005144784;GENERALFINANCE;GF;Action;Euronext Milan;EUR;IT;OUI;;Euronext;2026-08-04
IT0005162406;TECHNOGYM;TGYM;Action;Euronext Milan;EUR;IT;OUI;;Euronext;2026-08-04
IT0005176406;ENAV;ENAV;Action;Euronext Milan;EUR;IT;OUI;;Euronext;2026-08-04
IT0005186371;INDUSTRIE DE NORA;DNR;Action;Euronext Milan;EUR;IT;OUI;;Euronext;2026-08-04
IT0005187460;B.F.;BFG;Action;Euronext Milan;EUR;IT;OUI;;Euronext;2026-08-04
IT0005203424;FOPE;FPE;Action;Euronext Growth Milan;EUR;IT;OUI;;Euronext;2026-08-04
IT0005203622;DHH;DHH;Action;Euronext Growth Milan;EUR;IT;OUI;;Euronext;2026-08-04
IT0005204729;4AIM SICAF;AIM;Action;Euronext Growth Milan;EUR;IT;OUI;;Euronext;2026-08-04
IT0005211237;ITALGAS;IG;Action;Euronext Milan | Trading After Hours;EUR;IT;OUI;;Euronext;2026-08-04
IT0005215329;FINE FOODS & PHARM;FF;Action;Euronext Milan;EUR;IT;OUI;;Euronext;2026-08-04
IT0005218380;BANCO BPM;2BAMI;Action;Trading After Hours | Euronext Milan;EUR;IT;OUI;;Euronext;2026-08-04
IT0005221517;GPI;GPI;Action;Euronext Milan;EUR;IT;OUI;;Euronext;2026-08-04
IT0005239360;UNICREDIT;2UCG;Action;Trading After Hours | Euronext Milan;EUR;IT;OUI;;Euronext;2026-08-04
IT0005240046;TELESIA;TLS;Action;Euronext Growth Milan;EUR;IT;OUI;;Euronext;2026-08-04
IT0005241192;AQUAFIL;ECNL;Action;Euronext Milan;EUR;IT;OUI;;Euronext;2026-08-04
IT0005244030;ALFIO BARDOLLA;ABTG;Action;Euronext Growth Milan;EUR;IT;OUI;;Euronext;2026-08-04
IT0005244402;BFF BANK;BFF;Action;Euronext Milan;EUR;IT;OUI;;Euronext;2026-08-04
IT0005244618;CELLULARLINE;CELL;Action;Euronext Milan;EUR;IT;OUI;;Euronext;2026-08-04
IT0005245508;INDEL B;INDB;Action;Euronext Milan;EUR;IT;OUI;;Euronext;2026-08-04
IT0005245607;W ALFIO BARD 17-27;WABTG;Action;Euronext Growth Milan;EUR;IT;OUI;;Euronext;2026-08-04
IT0005246142;TPS;TPS;Action;Euronext Growth Milan;EUR;IT;OUI;;Euronext;2026-08-04
IT0005246191;COMER INDUSTRIES;COM;Action;Euronext Milan;EUR;IT;OUI;;Euronext;2026-08-04
IT0005252736;FIRST CAPITAL;FIC;Action;Euronext Growth Milan;EUR;IT;OUI;;Euronext;2026-08-04
IT0005252801;ACOMEA PATRIMONIO;ACAESE;OPCVM;ATFund Instruments;EUR;IT;OUI;;Euronext;2026-08-04
IT0005253205;ITALMOBILIARE;ITM;Action;Euronext Milan;EUR;IT;OUI;;Euronext;2026-08-04
IT0005262149;SIT;SIT;Action;Euronext Milan;EUR;IT;OUI;;Euronext;2026-08-04
IT0005274094;PHARMANUTRA;PHN;Action;Euronext Milan;EUR;IT;OUI;;Euronext;2026-08-04
IT0005275778;NEODECORTECH;NDT;Action;Euronext Milan;EUR;IT;OUI;;Euronext;2026-08-04
IT0005278236;PIRELLI & C;PIRC;Action;Euronext Milan | Trading After Hours;EUR;IT;OUI;;Euronext;2026-08-04
IT0005279515;OPEN CAPITAL TR;OCPTR;OPCVM;ATFund Instruments;EUR;IT;OUI;;Euronext;2026-08-04
IT0005279572;OTF BOND;OTFBND;OPCVM;ATFund Instruments;EUR;IT;OUI;;Euronext;2026-08-04
IT0005279630;OTF Europe Balance;OTFEUB;OPCVM;ATFund Instruments;EUR;IT;OUI;;Euronext;2026-08-04
IT0005279697;OTF OPPORTUNITY;OTFOPP;OPCVM;ATFund Instruments;EUR;IT;OUI;;Euronext;2026-08-04
IT0005279754;OPEN CAPITAL PROF;OCPPI;OPCVM;ATFund Instruments;EUR;IT;OUI;;Euronext;2026-08-04
IT0005282865;REPLY;REY;Action;Euronext Milan;EUR;IT;OUI;;Euronext;2026-08-04
IT0005283640;SERI INDUSTRIAL;SERI;Action;Euronext Milan;EUR;IT;OUI;;Euronext;2026-08-04
IT0005285942;DBA GROUP;DBA;Action;Euronext Growth Milan;EUR;IT;OUI;;Euronext;2026-08-04
IT0005312027;EQUITA GROUP;EQUI;Action;Euronext Milan;EUR;IT;OUI;;Euronext;2026-08-04
IT0005312365;GEL;GEL;Action;Euronext Growth Milan;EUR;IT;OUI;;Euronext;2026-08-04
IT0005322612;IGD;IGD;Action;Euronext Milan;EUR;IT;OUI;;Euronext;2026-08-04
IT0005324105;MEDIA LAB;MLLAB;Action;Euronext Access Paris;EUR;IT;OUI;;Euronext;2026-08-04
IT0005329815;SOMEC;SOM;Action;Euronext Milan;EUR;IT;OUI;;Euronext;2026-08-04
IT0005331019;CAREL INDUSTRIES;CRL;Action;Euronext Milan;EUR;IT;OUI;;Euronext;2026-08-04
IT0005332595;GRIFAL;GRAL;Action;Euronext Growth Milan;EUR;IT;OUI;;Euronext;2026-08-04
IT0005335754;FRANCHI UMB MARMI;FUM;Action;Euronext Growth Milan;EUR;IT;OUI;;Euronext;2026-08-04
IT0005336521;ITALY INNOVAZIONI;MLITN;Action;Euronext Access Paris;EUR;IT;OUI;;Euronext;2026-08-04
IT0005337073;LONGINO&CARDENAL;LON;Action;Euronext Growth Milan;EUR;IT;OUI;;Euronext;2026-08-04
IT0005337107;ESAUTOMOTION;ESAU;Action;Euronext Growth Milan;EUR;IT;OUI;;Euronext;2026-08-04
IT0005337172;SG COMPANY;SGC;Action;Euronext Growth Milan;EUR;IT;OUI;;Euronext;2026-08-04
IT0005337495;PORTOBELLO;POR;Action;Euronext Growth Milan;EUR;IT;OUI;;Euronext;2026-08-04
IT0005337818;INTRED;ITD;Action;Euronext Growth Milan;EUR;IT;OUI;;Euronext;2026-08-04
IT0005338139;MONNALISA;MNL;Action;Euronext Growth Milan;EUR;IT;OUI;;Euronext;2026-08-04
IT0005338675;SOSTRAVEL.COM;SOS;Action;Euronext Growth Milan;EUR;IT;OUI;;Euronext;2026-08-04
IT0005339160;PLC;PLC;Action;Euronext Milan;EUR;IT;OUI;;Euronext;2026-08-04
IT0005340051;SCIUKER FRAMES;SCK;Action;Euronext Growth Milan;EUR;IT;OUI;;Euronext;2026-08-04
IT0005344996;CIRCLE;CIRC;Action;Euronext Growth Milan;EUR;IT;OUI;;Euronext;2026-08-04
IT0005345233;GAROF HEALTH CARE;GHC;Action;Euronext Milan;EUR;IT;OUI;;Euronext;2026-08-04
IT0005347593;W SG COMPANY 18-28;WSGC28;Action;Euronext Growth Milan;EUR;IT;OUI;;Euronext;2026-08-04
IT0005351504;EDILIZIACROBATICA;ALEAC;Action;Euronext Growth Paris | Euronext Growth Milan;EUR;IT;OUI;;Euronext;2026-08-04
IT0005353484;SEIF SPA;ALSEI;Action;Euronext Growth Paris | Euronext Growth Milan;EUR;IT;OUI;;Euronext;2026-08-04
IT0005353575;ENTERA;ENT;Action;Euronext Growth Milan;EUR;IT;OUI;;Euronext;2026-08-04
IT0005353815;POWERSOFT;PWS;Action;Euronext Growth Milan;EUR;IT;OUI;;Euronext;2026-08-04
IT0005359101;ILPRA;ILP;Action;Euronext Growth Milan;EUR;IT;OUI;;Euronext;2026-08-04
IT0005364333;MAPS;MAPS;Action;Euronext Growth Milan;EUR;IT;OUI;;Euronext;2026-08-04
IT0005366767;NEXI;NEXI;Action;Euronext Milan | Trading After Hours;EUR;IT;OUI;;Euronext;2026-08-04
IT0005373789;PHILOGEN;PHIL;Action;Euronext Milan;EUR;IT;OUI;;Euronext;2026-08-04
IT0005374035;OFFICINA STELLARE;OS;Action;Euronext Growth Milan;EUR;IT;OUI;;Euronext;2026-08-04
IT0005377277;CLEANBNB;CBB;Action;Euronext Growth Milan;EUR;IT;OUI;;Euronext;2026-08-04
IT0005378143;PATTERN;PTR;Action;Euronext Growth Milan;EUR;IT;OUI;;Euronext;2026-08-04
IT0005378333;TALEA;TALEA;Action;Euronext Growth Milan;EUR;IT;OUI;;Euronext;2026-08-04
IT0005379406;COPERNICO;COP;Action;Euronext Growth Milan;EUR;IT;OUI;;Euronext;2026-08-04
IT0005379604;CONFINVEST ORO;CFV;Action;Euronext Growth Milan;EUR;IT;OUI;;Euronext;2026-08-04
IT0005379737;RADICI;RAD;Action;Euronext Growth Milan;EUR;IT;OUI;;Euronext;2026-08-04
IT0005380461;UCAPITAL24;U24;Action;Euronext Growth Milan;EUR;IT;OUI;;Euronext;2026-08-04
IT0005380602;SIPARIO MOVIES;ALIE;Action;Euronext Growth Paris;EUR;IT;OUI;;Euronext;2026-08-04
IT0005383291;FERRETTI;YACHT;Action;Euronext Milan;EUR;IT;OUI;;Euronext;2026-08-04
IT0005384901;WEBSOLUTE;WBS;Action;Euronext Growth Milan;EUR;IT;OUI;;Euronext;2026-08-04
IT0005385213;NEWPRINCES;NWL;Action;Euronext Milan;EUR;IT;OUI;;Euronext;2026-08-04
IT0005386369;ARTERRA BIOSCIENCE;ARBS;Action;Euronext Growth Milan;EUR;IT;OUI;;Euronext;2026-08-04
IT0005388449;MATICA FINTEC;MFT;Action;Euronext Growth Milan;EUR;IT;OUI;;Euronext;2026-08-04
IT0005391104;W GISMONDI 19-26;WGIS26;Action;Euronext Growth Milan;EUR;IT;OUI;;Euronext;2026-08-04
IT0005391138;GISMONDI 1754;GIS;Action;Euronext Growth Milan;EUR;IT;OUI;;Euronext;2026-08-04
IT0005391161;INNOVATIVE RFK SPA;MLIRF;Action;Euronext Access Paris;EUR;IT;OUI;;Euronext;2026-08-04
IT0005391229;E-NOVIA;E9IA;Action;Euronext Growth Milan;EUR;IT;OUI;;Euronext;2026-08-04
IT0005394413;DOXEE;DOX;Action;Euronext Growth Milan;EUR;IT;OUI;;Euronext;2026-08-04
IT0005395071;ZUCCHI;ZUC;Action;Euronext Milan;EUR;IT;OUI;;Euronext;2026-08-04
IT0005408593;CREACTIVES GROUP;CREG;Action;Euronext Growth Milan;EUR;IT;OUI;;Euronext;2026-08-04
IT0005411209;GVS;GVS;Action;Euronext Milan;EUR;IT;OUI;;Euronext;2026-08-04
IT0005412298;INNOVATEC;INC;Action;Euronext Growth Milan;EUR;IT;OUI;;Euronext;2026-08-04
IT0005412504;CY4GATE;CY4;Action;Euronext Milan;EUR;IT;OUI;;Euronext;2026-08-04
IT0005416281;IND CHIMICHE FORES;ICF;Action;Euronext Growth Milan;EUR;IT;OUI;;Euronext;2026-08-04
IT0005418204;RETI;RETI;Action;Euronext Growth Milan;EUR;IT;OUI;;Euronext;2026-08-04
IT0005421885;ESI;ESIGM;Action;Euronext Growth Milan;EUR;IT;OUI;;Euronext;2026-08-04
IT0005424830;OSAI AUTOM SYSTEM;OSA;Action;Euronext Growth Milan;EUR;IT;OUI;;Euronext;2026-08-04
IT0005425050;TECMA SOLUTIONS;TCM;Action;Euronext Growth Milan;EUR;IT;OUI;;Euronext;2026-08-04
IT0005425092;W AMBROMOBIL 20-26;WAMB26;Action;Euronext Growth Milan;EUR;IT;OUI;;Euronext;2026-08-04
IT0005425365;PROMOTICA;PMT;Action;Euronext Growth Milan;EUR;IT;OUI;;Euronext;2026-08-04
IT0005426215;CONVERGENZE;CVG;Action;Euronext Growth Milan;EUR;IT;OUI;;Euronext;2026-08-04
IT0005427510;MIT SIM;MTS;Action;Euronext Growth Milan;EUR;IT;OUI;;Euronext;2026-08-04
IT0005428898;TENAX INTERNAT;TNX;Action;Euronext Growth Milan;EUR;IT;OUI;;Euronext;2026-08-04
IT0005430936;EVISO;EVISO;Action;Euronext Growth Milan;EUR;IT;OUI;;Euronext;2026-08-04
IT0005430951;PLANETEL;PLN;Action;Euronext Growth Milan;EUR;IT;OUI;;Euronext;2026-08-04
IT0005433765;VANTEA SMART;VNT;Action;Euronext Growth Milan;EUR;IT;OUI;;Euronext;2026-08-04
IT0005438046;SECO;IOT;Action;Euronext Milan;EUR;IT;OUI;;Euronext;2026-08-04
IT0005439085;THE ITALIAN SEA G;TISG;Action;Euronext Milan;EUR;IT;OUI;;Euronext;2026-08-04
IT0005439861;A.B.P. NOCIVELLI;ABP;Action;Euronext Growth Milan;EUR;IT;OUI;;Euronext;2026-08-04
IT0005440323;4AIM SICAF COMP 2;AIM2;Action;Euronext Growth Milan;EUR;IT;OUI;;Euronext;2026-08-04
IT0005440893;WIIT;WIIT;Action;Euronext Milan;EUR;IT;OUI;;Euronext;2026-08-04
IT0005442154;PREMIA FINANCE;PFI;Action;Euronext Growth Milan;EUR;IT;OUI;;Euronext;2026-08-04
IT0005443061;ACQUAZZURRA;ACQ;Action;Euronext Growth Milan;EUR;IT;OUI;;Euronext;2026-08-04
IT0005445280;ABITARE IN;ABT;Action;Euronext Milan;EUR;IT;OUI;;Euronext;2026-08-04
IT0005446718;W SOST.COM 21-26;WSOS26;Action;Euronext Growth Milan;EUR;IT;OUI;;Euronext;2026-08-04
IT0005446726;W TRAWELL CO 21-26;WTWL26;Action;Euronext Growth Milan;EUR;IT;OUI;;Euronext;2026-08-04
IT0005449464;ATON GREEN STORAGE;ATON;Action;Euronext Growth Milan;EUR;IT;OUI;;Euronext;2026-08-04
IT0005450173;MEGLIOQUESTO;MQSPA;Action;Euronext Growth Milan;EUR;IT;OUI;;Euronext;2026-08-04
IT0005450694;HIGH QUALITY FOOD;HQF;Action;Euronext Growth Milan;EUR;IT;OUI;;Euronext;2026-08-04
IT0005450819;MEXEDIA;ALMEX;Action;Euronext Growth Paris;EUR;IT;OUI;;Euronext;2026-08-04
IT0005451213;HELYX INDUSTRIES;HLX;Action;Euronext Growth Milan;EUR;IT;OUI;;Euronext;2026-08-04
IT0005453003;GIGLIO.COM;GCOM;Action;Euronext Growth Milan;EUR;IT;OUI;;Euronext;2026-08-04
IT0005453110;NUSCO;NUS;Action;Euronext Growth Milan;EUR;IT;OUI;;Euronext;2026-08-04
IT0005453235;COMPAGNIA  CARAIBI;TIME;Action;Euronext Growth Milan;EUR;IT;OUI;;Euronext;2026-08-04
IT0005453250;EL.EN.;ELN;Action;Euronext Milan;EUR;IT;OUI;;Euronext;2026-08-04
IT0005453748;OMER;OMER;Action;Euronext Growth Milan;EUR;IT;OUI;;Euronext;2026-08-04
IT0005453789;W HELYX 21-26;WHLX26;Action;Euronext Growth Milan;EUR;IT;OUI;;Euronext;2026-08-04
IT0005454027;DESTINATION ITALIA;DIT;Action;Euronext Growth Milan;EUR;IT;OUI;;Euronext;2026-08-04
IT0005455875;INTERCOS;ICOS;Action;Euronext Milan;EUR;IT;OUI;;Euronext;2026-08-04
IT0005460081;REBIRTH;ALREB;Action;Euronext Growth Paris;EUR;IT;OUI;;Euronext;2026-08-04
IT0005461303;ALLCORE;CORE;Action;Euronext Growth Milan;EUR;IT;OUI;;Euronext;2026-08-04
IT0005465619;COFLE;CFL;Action;Euronext Growth Milan;EUR;IT;OUI;;Euronext;2026-08-04
IT0005466039;ALFONSINO;ALFO;Action;Euronext Growth Milan;EUR;IT;OUI;;Euronext;2026-08-04
IT0005466195;STAR7;STAR7;Action;Euronext Growth Milan;EUR;IT;OUI;;Euronext;2026-08-04
IT0005466294;ABC COMPANY;ABC;Action;Euronext Growth Milan;EUR;IT;OUI;;Euronext;2026-08-04
IT0005466963;RACING FORCE;RFG;Action;Euronext Growth Milan | Euronext Growth Paris;EUR;IT;OUI;;Euronext;2026-08-04
IT0005468191;ESTRIMA;ESTM;Action;Euronext Growth Milan;EUR;IT;OUI;;Euronext;2026-08-04
IT0005468290;ENA;ENA;Action;Euronext Growth Milan;EUR;IT;OUI;;Euronext;2026-08-04
IT0005468357;DATRIX;DATA;Action;Euronext Growth Milan;EUR;IT;OUI;;Euronext;2026-08-04
IT0005468662;HOMIZY;HZY;Action;Euronext Growth Milan;EUR;IT;OUI;;Euronext;2026-08-04
IT0005469264;SVAS BIOSANA;SVS;Action;Euronext Growth Milan;EUR;IT;OUI;;Euronext;2026-08-04
IT0005469272;LINDBERGH;LDB;Action;Euronext Growth Milan;EUR;IT;OUI;;Euronext;2026-08-04
IT0005469371;INTERNAT CARE COMP;ICC;Action;Euronext Growth Milan;EUR;IT;OUI;;Euronext;2026-08-04
IT0005472730;ALTEA GREEN POWER;AGP;Action;Euronext Milan;EUR;IT;OUI;;Euronext;2026-08-04
IT0005474108;ISCC FINTECH;ISC;Action;Euronext Growth Milan;EUR;IT;OUI;;Euronext;2026-08-04
IT0005475147;W FIN TECH 21-26;WFTC26;Action;Euronext Growth Milan;EUR;IT;OUI;;Euronext;2026-08-04
IT0005475162;FINANZA.TECH;FTC;Action;Euronext Growth Milan;EUR;IT;OUI;;Euronext;2026-08-04
IT0005481830;ROCKET SHARING C;RKT;Action;Euronext Growth Milan;EUR;IT;OUI;;Euronext;2026-08-04
IT0005481855;MET.EXTRA GROUP;MET;Action;Euronext Milan;EUR;IT;OUI;;Euronext;2026-08-04
IT0005482333;TECHNOPROBE;TPRO;Action;Euronext Milan;EUR;IT;OUI;;Euronext;2026-08-04
IT0005487670;FARMACOSMO;COSMO;Action;Euronext Growth Milan;EUR;IT;OUI;;Euronext;2026-08-04
IT0005495657;SAIPEM;2SPM;Action;Trading After Hours | Euronext Milan;EUR;IT;OUI;;Euronext;2026-08-04
IT0005495871;YOLO GROUP;YOLO;Action;Euronext Growth Milan;EUR;IT;OUI;;Euronext;2026-08-04
IT0005496101;REDELFI;RDF;Action;Euronext Growth Milan;EUR;IT;OUI;;Euronext;2026-08-04
IT0005496473;TESSELLIS;TSL;Action;Euronext Milan;EUR;IT;OUI;;Euronext;2026-08-04
IT0005497018;NEOSPERIENCE;NSP;Action;Euronext Growth Milan;EUR;IT;OUI;;Euronext;2026-08-04
IT0005497042;BELLINI NAUTICA;BELL;Action;Euronext Growth Milan;EUR;IT;OUI;;Euronext;2026-08-04
IT0005497885;LAB FARMACEUT ERFO;ERFO;Action;Euronext Growth Milan;EUR;IT;OUI;;Euronext;2026-08-04
IT0005497893;SOLID WORLD GROUP;S3D;Action;Euronext Growth Milan;EUR;IT;OUI;;Euronext;2026-08-04
IT0005498602;W G.M. LEATH 22-27;WGML27;Action;Euronext Growth Milan;EUR;IT;OUI;;Euronext;2026-08-04
IT0005498610;G.M. LEATHER;GML;Action;Euronext Growth Milan;EUR;IT;OUI;;Euronext;2026-08-04
IT0005499923;W POZZI MI 22-2027;WPOZ27;Action;Euronext Growth Milan;EUR;IT;OUI;;Euronext;2026-08-04
IT0005499949;POZZI MILANO;POZ;Action;Euronext Growth Milan;EUR;IT;OUI;;Euronext;2026-08-04
IT0005500571;RENOVALO;RNV;Action;Euronext Growth Milan;EUR;IT;OUI;;Euronext;2026-08-04
IT0005500688;FAE TECHNOLOGY;FAE;Action;Euronext Growth Milan;EUR;IT;OUI;;Euronext;2026-08-04
IT0005500712;ENERGY;ENY;Action;Euronext Growth Milan;EUR;IT;OUI;;Euronext;2026-08-04
IT0005504128;SIAV;SIAV;Action;Euronext Growth Milan;EUR;IT;OUI;;Euronext;2026-08-04
IT0005508574;FRANCHETTI;FCH;Action;Euronext Growth Milan;EUR;IT;OUI;;Euronext;2026-08-04
IT0005508921;BANCA MPS;2BMPS;Action;Trading After Hours | Euronext Milan;EUR;IT;OUI;;Euronext;2026-08-04
IT0005513202;REVO INSURANCE;REVO;Action;Euronext Milan;EUR;IT;OUI;;Euronext;2026-08-04
IT0005515363;W ABC COMP 22-29;WABC29;Action;Euronext Growth Milan;EUR;IT;OUI;;Euronext;2026-08-04
IT0005518953;IMPIANTI;MPT;Action;Euronext Growth Milan;EUR;IT;OUI;;Euronext;2026-08-04
IT0005519837;EPRCOMUNICAZIONE;EPRB;Action;Euronext Growth Milan;EUR;IT;OUI;;Euronext;2026-08-04
IT0005521247;ERREDUE;RDUE;Action;Euronext Growth Milan;EUR;IT;OUI;;Euronext;2026-08-04
IT0005521551;SACCHERIA F. FRANC;SAC;Action;Euronext Growth Milan;EUR;IT;OUI;;Euronext;2026-08-04
IT0005523839;DOTSTAY;DOT;Action;Euronext Growth Milan;EUR;IT;OUI;;Euronext;2026-08-04
IT0005525347;MAGIS;MGS;Action;Euronext Growth Milan;EUR;IT;OUI;;Euronext;2026-08-04
IT0005527616;EUROGROUP LAM;EGLA;Action;Euronext Milan;EUR;IT;OUI;;Euronext;2026-08-04
IT0005528069;REWAY GROUP;RWY;Action;Euronext Growth Milan;EUR;IT;OUI;;Euronext;2026-08-04
IT0005528929;W DEOD GALLE 23-28;WART28;Action;Euronext Growth Milan;EUR;IT;OUI;;Euronext;2026-08-04
IT0005528937;DEODATO.GALLERY;ART;Action;Euronext Growth Milan;EUR;IT;OUI;;Euronext;2026-08-04
IT0005531238;TMP GROUP;TMP;Action;Euronext Growth Milan;EUR;IT;OUI;;Euronext;2026-08-04
IT0005531261;GENTILI MOSCONI;GM;Action;Euronext Growth Milan;EUR;IT;OUI;;Euronext;2026-08-04
IT0005532483;CUBE LABS;CUBE;Action;Euronext Growth Milan;EUR;IT;OUI;;Euronext;2026-08-04
IT0005532525;VALTECNE;VLT;Action;Euronext Growth Milan;EUR;IT;OUI;;Euronext;2026-08-04
IT0005541336;LOTTOMATICA GROUP;2LTMC;Action;Trading After Hours | Euronext Milan;EUR;IT;OUI;;Euronext;2026-08-04
IT0005543332;ECOMEMBRANE;ECMB;Action;Euronext Growth Milan;EUR;IT;OUI;;Euronext;2026-08-04
IT0005543480;DEXELANCE;DEX;Action;Euronext Milan;EUR;IT;OUI;;Euronext;2026-08-04
IT0005543613;RES;RES;Action;Euronext Growth Milan;EUR;IT;OUI;;Euronext;2026-08-04
IT0005545238;PORTO AVIATION;PAG;Action;Euronext Growth Milan;EUR;IT;OUI;;Euronext;2026-08-04
IT0005545675;OPS RETAIL;OPR;Action;Euronext Milan;EUR;IT;OUI;;Euronext;2026-08-04
IT0005546103;CYBEROO;CYB;Action;Euronext Growth Milan;EUR;IT;OUI;;Euronext;2026-08-04
IT0005546319;PASQUARELLI AUTO;PSQ;Action;Euronext Growth Milan;EUR;IT;OUI;;Euronext;2026-08-04
IT0005548521;AATECH;AAT;Action;Euronext Growth Milan;EUR;IT;OUI;;Euronext;2026-08-04
IT0005549255;I.M.D.;IMD;Action;Euronext Growth Milan;EUR;IT;OUI;;Euronext;2026-08-04
IT0005549354;REDFISH;RFLTC;Action;Euronext Growth Milan;EUR;IT;OUI;;Euronext;2026-08-04
IT0005549768;GREEN OLEO;GRN;Action;Euronext Growth Milan;EUR;IT;OUI;;Euronext;2026-08-04
IT0005550501;W AATECH 23-28;WAAT28;Action;Euronext Growth Milan;EUR;IT;OUI;;Euronext;2026-08-04
IT0005554784;IVISION TECH;IVN;Action;Euronext Growth Milan;EUR;IT;OUI;;Euronext;2026-08-04
IT0005556110;VNE;VNE;Action;Euronext Growth Milan;EUR;IT;OUI;;Euronext;2026-08-04
IT0005556532;W SICILY BY CAR A;WSBCA;Action;Euronext Growth Milan;EUR;IT;OUI;;Euronext;2026-08-04
IT0005556581;SICILY BY CAR;SBC;Action;Euronext Growth Milan;EUR;IT;OUI;;Euronext;2026-08-04
IT0005556599;W SICILY BY CAR B;WSBCB;Action;Euronext Growth Milan;EUR;IT;OUI;;Euronext;2026-08-04
IT0005556607;W SICILY BY CAR C;WSBCC;Action;Euronext Growth Milan;EUR;IT;OUI;;Euronext;2026-08-04
IT0005557498;WARR EXECUS 23-26;WEXE26;Action;Euronext Growth Milan;EUR;IT;OUI;;Euronext;2026-08-04
IT0005557514;E-GLOBE;EGB;Action;Euronext Growth Milan;EUR;IT;OUI;;Euronext;2026-08-04
IT0005557530;EXECUS;EXEC;Action;Euronext Growth Milan;EUR;IT;OUI;;Euronext;2026-08-04
IT0005561441;EDIL SAN FELICE;ESF;Action;Euronext Growth Milan;EUR;IT;OUI;;Euronext;2026-08-04
IT0005561466;ELSA SOLUTIONS;ELSA;Action;Euronext Growth Milan;EUR;IT;OUI;;Euronext;2026-08-04
IT0005562183;EMMA VILLAS;EAV;Action;Euronext Growth Milan;EUR;IT;OUI;;Euronext;2026-08-04
IT0005562514;VALICA;VLC;Action;Euronext Growth Milan;EUR;IT;OUI;;Euronext;2026-08-04
IT0005568305;W INNOVATEC 23-26;WINC26;Action;Euronext Growth Milan;EUR;IT;OUI;;Euronext;2026-08-04
IT0005568461;SBE-VARVIT;VARV;Action;Euronext Growth Milan;EUR;IT;OUI;;Euronext;2026-08-04
IT0005568487;XENIA;XHS;Action;Euronext Growth Milan;EUR;IT;OUI;;Euronext;2026-08-04
IT0005572778;JUVENTUS FC;JUVE;Action;Euronext Milan;EUR;IT;OUI;;Euronext;2026-08-04
IT0005573065;UNIDATA;UD;Action;Euronext Milan;EUR;IT;OUI;;Euronext;2026-08-04
IT0005573123;SIMONE;SMN;Action;Euronext Growth Milan;EUR;IT;OUI;;Euronext;2026-08-04
IT0005573172;WARR SIMONE 23-26;WSMN26;Action;Euronext Growth Milan;EUR;IT;OUI;;Euronext;2026-08-04
IT0005573305;W LEMON 23-26;WLS26;Action;Euronext Growth Milan;EUR;IT;OUI;;Euronext;2026-08-04
IT0005573438;LEMON SISTEMI;LS;Action;Euronext Growth Milan;EUR;IT;OUI;;Euronext;2026-08-04
IT0005573818;ESPE;ESPE;Action;Euronext Growth Milan;EUR;IT;OUI;;Euronext;2026-08-04
IT0005573966;YAKKYO;YKY;Action;Euronext Growth Milan;EUR;IT;OUI;;Euronext;2026-08-04
IT0005577090;CLOUDIA RESEARCH;AGAIN;Action;Euronext Growth Milan;EUR;IT;OUI;;Euronext;2026-08-04
IT0005577868;OPS ITALIA;OPS;Action;Euronext Milan;EUR;IT;OUI;;Euronext;2026-08-04
IT0005578395;ILLA;ILLA;Action;Euronext Growth Milan;EUR;IT;OUI;;Euronext;2026-08-04
IT0005586497;EGOMNIA;EGN;Action;Euronext Growth Milan;EUR;IT;OUI;;Euronext;2026-08-04
IT0005586950;MEVIM;MEV;Action;Euronext Growth Milan;EUR;IT;OUI;;Euronext;2026-08-04
IT0005588626;MARE ENGINEERING;MARE;Action;Euronext Growth Milan;EUR;IT;OUI;;Euronext;2026-08-04
IT0005594418;NEXT GEOSOLUTIONS;NXT;Action;Euronext Growth Milan;EUR;IT;OUI;;Euronext;2026-08-04
IT0005595423;SYS-DAT;SYS;Action;Euronext Milan;EUR;IT;OUI;;Euronext;2026-08-04
IT0005597411;SOGES GROUP;SOGES;Action;Euronext Growth Milan;EUR;IT;OUI;;Euronext;2026-08-04
IT0005597551;W SOGES 2024-2027;WSOGES;Action;Euronext Growth Milan;EUR;IT;OUI;;Euronext;2026-08-04
IT0005599862;WFINCANTIERI 24-26;WFCT26;Action;Euronext Milan;EUR;IT;OUI;;Euronext;2026-08-04
IT0005599938;FINCANTIERI;FCT;Action;Euronext Milan;EUR;IT;OUI;;Euronext;2026-08-04
IT0005600231;W ADRIATICA 24-27;WDEA27;Action;Euronext Growth Milan;EUR;IT;OUI;;Euronext;2026-08-04
IT0005600249;DIS ELET ADRIATICA;DEA;Action;Euronext Growth Milan;EUR;IT;OUI;;Euronext;2026-08-04
IT0005600801;LITIX;LTX;Action;Euronext Growth Milan;EUR;IT;OUI;;Euronext;2026-08-04
IT0005603078;MISITANO STRACUZZI;MS;Action;Euronext Growth Milan;EUR;IT;OUI;;Euronext;2026-08-04
IT0005605701;NOVAMARINE;NOVA;Action;Euronext Growth Milan;EUR;IT;OUI;;Euronext;2026-08-04
IT0005607541;W GT TALENT 24-27;WGT27;Action;Euronext Growth Milan;EUR;IT;OUI;;Euronext;2026-08-04
IT0005607699;GT TALENT GROUP;GT;Action;Euronext Growth Milan;EUR;IT;OUI;;Euronext;2026-08-04
IT0005607715;ADVENTURE;ADV;Action;Euronext Growth Milan;EUR;IT;OUI;;Euronext;2026-08-04
IT0005610958;DOVALUE;DOV;Action;Euronext Milan;EUR;IT;OUI;;Euronext;2026-08-04
IT0005611071;PREDICT;PRE;Action;Euronext Growth Milan;EUR;IT;OUI;;Euronext;2026-08-04
IT0005611642;BESTBE HOLDING;BES;Action;Euronext Milan;EUR;IT;OUI;;Euronext;2026-08-04
IT0005613739;GLASS TO POWER;MLGL;Action;Euronext Access Paris;EUR;IT;OUI;;Euronext;2026-08-04
IT0005618043;COGEFEED;CGF;Action;Euronext Growth Milan;EUR;IT;OUI;;Euronext;2026-08-04
IT0005619843;LANDI RENZO;LNDR;Action;Euronext Milan;EUR;IT;OUI;;Euronext;2026-08-04
IT0005621070;SMART CAPITAL;SMCAP;Action;Euronext Growth Milan;EUR;IT;OUI;;Euronext;2026-08-04
IT0005622581;VIVENDA GROUP;VVG;Action;Euronext Growth Milan;EUR;IT;OUI;;Euronext;2026-08-04
IT0005623845;EPH INVEST;EPH;Action;Euronext Milan;EUR;IT;OUI;;Euronext;2026-08-04
IT0005627762;EDGELAB;ELB;Action;Euronext Growth Milan;EUR;IT;OUI;;Euronext;2026-08-04
IT0005628158;UBALDI COSTRUZIONI;UBA;Action;Euronext Growth Milan;EUR;IT;OUI;;Euronext;2026-08-04
IT0005628760;W HAIKI+ 25-26;WHIK26;Action;Euronext Growth Milan;EUR;IT;OUI;;Euronext;2026-08-04
IT0005628778;HAIKI+;HIK;Action;Euronext Growth Milan;EUR;IT;OUI;;Euronext;2026-08-04
IT0005630220;WDESTINATION 24-27;WDIT27;Action;Euronext Growth Milan;EUR;IT;OUI;;Euronext;2026-08-04
IT0005632945;COM.TEL;CMTL;Action;Euronext Growth Milan;EUR;IT;OUI;;Euronext;2026-08-04
IT0005634610;OLIDATA;OLI;Action;Euronext Milan;EUR;IT;OUI;;Euronext;2026-08-04
IT0005644809;WARR GEOX 25-26;WGEO26;Action;Euronext Milan;EUR;IT;OUI;;Euronext;2026-08-04
IT0005645541;WARR DHH 25-28;WDHH28;Action;Euronext Growth Milan;EUR;IT;OUI;;Euronext;2026-08-04
IT0005651481;METRIKS AI;MTK;Action;Euronext Growth Milan;EUR;IT;OUI;;Euronext;2026-08-04
IT0005651507;TRADELAB;TRAI;Action;Euronext Growth Milan;EUR;IT;OUI;;Euronext;2026-08-04
IT0005652414;VINEXT;VNXT;Action;Euronext Growth Milan;EUR;IT;OUI;;Euronext;2026-08-04
IT0005652422;W VINEXT 25-28;WVNXT;Action;Euronext Growth Milan;EUR;IT;OUI;;Euronext;2026-08-04
IT0005652489;GIOCAMONDO STUDY;GMS;Action;Euronext Growth Milan;EUR;IT;OUI;;Euronext;2026-08-04
IT0005654683;FIDIA;FDA;Action;Euronext Milan;EUR;IT;OUI;;Euronext;2026-08-04
IT0005654766;ECOSUNTEK;ECK;Action;Euronext Growth Milan;EUR;IT;OUI;;Euronext;2026-08-04
IT0005658841;TECNO;TCG;Action;Euronext Growth Milan;EUR;IT;OUI;;Euronext;2026-08-04
IT0005659724;DEDEM;DDM;Action;Euronext Growth Milan;EUR;IT;OUI;;Euronext;2026-08-04
IT0005660219;ENERGY TIME;ET;Action;Euronext Growth Milan;EUR;IT;OUI;;Euronext;2026-08-04
IT0005663361;OTOFARMA;OTO;Action;Euronext Growth Milan;EUR;IT;OUI;;Euronext;2026-08-04
IT0005663429;RINO PETINO;RPTN;Action;Euronext Growth Milan;EUR;IT;OUI;;Euronext;2026-08-04
IT0005664195;W RINOPETINO 25-28;WRPTN;Action;Euronext Growth Milan;EUR;IT;OUI;;Euronext;2026-08-04
IT0005664641;FRIENDS;AMI;Action;Euronext Growth Milan;EUR;IT;OUI;;Euronext;2026-08-04
IT0005669558;E.T.S.;ETS;Action;Euronext Growth Milan;EUR;IT;OUI;;Euronext;2026-08-04
IT0005670929;W MARKBASS 25-27;WMARK;Action;Euronext Growth Milan;EUR;IT;OUI;;Euronext;2026-08-04
IT0005670960;MARKBASS;MARK;Action;Euronext Growth Milan;EUR;IT;OUI;;Euronext;2026-08-04
IT0005672461;gAIn360;GAIN;Action;Euronext Growth Milan;EUR;IT;OUI;;Euronext;2026-08-04
IT0005672602;WARR GAIN360 25-28;WGAIN;Action;Euronext Growth Milan;EUR;IT;OUI;;Euronext;2026-08-04
IT0005676140;Piu' Medical;PMED;Action;Euronext Growth Milan;EUR;IT;OUI;;Euronext;2026-08-04
IT0005678104;KALEON;KLN;Action;Euronext Growth Milan | Euronext Growth Paris;EUR;IT;OUI;;Euronext;2026-08-04
IT0005680373;RT&L;RTL;Action;Euronext Growth Milan;EUR;IT;OUI;;Euronext;2026-08-04
IT0005683401;TELMES;TLM;Action;Euronext Growth Milan;EUR;IT;OUI;;Euronext;2026-08-04
IT0005683781;WARR TELMES 25-28;WTLM28;Action;Euronext Growth Milan;EUR;IT;OUI;;Euronext;2026-08-04
IT0005687469;Praexidia;PRXD;Action;Euronext Growth Milan;EUR;IT;OUI;;Euronext;2026-08-04
IT0005689929;W SG COMPANY 26-31;WSGC31;Action;Euronext Growth Milan;EUR;IT;OUI;;Euronext;2026-08-04
IT0005703761;W DEXELANCE 26-29;DEX29;Action;Euronext Milan;EUR;IT;OUI;;Euronext;2026-08-04
IT0005704439;BCA PROFILO;PRO;Action;Euronext Milan;EUR;IT;OUI;;Euronext;2026-08-04
IT0005707341;KRUSO KAPITAL;KK;Action;Euronext Milan;EUR;IT;OUI;;Euronext;2026-08-04
IT0005707846;WARR FRIENDS 26-28;WAMI28;Action;Euronext Growth Milan;EUR;IT;OUI;;Euronext;2026-08-04
IT0005708174;AEDES;AEDES;Action;Euronext Milan;EUR;IT;OUI;;Euronext;2026-08-04
IT0005709909;TREVI FIN IND;TFIN;Action;Euronext Milan;EUR;IT;OUI;;Euronext;2026-08-04
IT0005712671;TELECOM ITALIA;TIT;Action;Euronext Milan | Trading After Hours;EUR;IT;OUI;;Euronext;2026-08-04
IT0005713232;GENS AUREA;OROX;Action;Euronext Milan;EUR;IT;OUI;;Euronext;2026-08-04
IT0005713646;OPT;OPTS;Action;Euronext Growth Milan;EUR;IT;OUI;;Euronext;2026-08-04
IT0005716813;DIPIETRO GROUP;DPG;Action;Euronext Growth Milan;EUR;IT;OUI;;Euronext;2026-08-04
IT0005717241;ALIA MENTIS;ALMS;Action;Euronext Growth Milan;EUR;IT;OUI;;Euronext;2026-08-04
IT0005717571;TRAWELL CO;TWL;Action;Euronext Growth Milan;EUR;IT;OUI;;Euronext;2026-08-04
IT0005717696;BENDING SPOONS;1BSP;Action;Euronext Global Equity Market | Trading After Hours;EUR;IT;OUI;;Euronext;2026-08-04
IT0005719965;WARR ETI 26-29;WETI29;Action;Euronext Growth Milan;EUR;IT;OUI;;Euronext;2026-08-04
IT0005720005;ETI;ETI;Action;Euronext Growth Milan;EUR;IT;OUI;;Euronext;2026-08-04
IT0005720500;FIRST POINT;FPT;Action;Euronext Growth Milan;EUR;IT;OUI;;Euronext;2026-08-04
IT0005722191;GIUNTI;GPSY;Action;Euronext Growth Milan;EUR;IT;OUI;;Euronext;2026-08-04
IT0005723074;GUIDOTTI SHIPS;GDT;Action;Euronext Growth Milan;EUR;IT;OUI;;Euronext;2026-08-04
IT0005723371;WARR EHI;WEHI;Action;Euronext Growth Milan;EUR;IT;OUI;;Euronext;2026-08-04
IT0005723405;EHI;EHI;Action;Euronext Growth Milan;EUR;IT;OUI;;Euronext;2026-08-04
JE00B1VS2W53;WISETCPHPTIMETFP;PHPT;ETF;ETF Plus | Euronext Amsterdam, Paris;EUR;JE;NON;-;Euronext;2026-08-04
JE00B1VS3002;WISETCPHPDIMETFP;PHPD;ETF;ETF Plus | Euronext Amsterdam, Paris;EUR;JE;NON;-;Euronext;2026-08-04
JE00B1VS3333;WISETCPHAGIMETFP;PHAG;ETF;ETF Plus | Euronext Amsterdam, Paris;EUR;JE;NON;-;Euronext;2026-08-04
JE00B1VS3770;WISETCSGLDIMETFP;PHAU;ETF;ETF Plus | Euronext Amsterdam, Paris;EUR;JE;NON;-;Euronext;2026-08-04
JE00B1VS3W29;WISETCPHPMIMETFP;PHPM;ETF;ETF Plus | Euronext Amsterdam, Paris;EUR;JE;NON;-;Euronext;2026-08-04
JE00B24DK645;WISETCCOPAIMETFP;SCOP;ETF;ETF Plus;EUR;JE;NON;-;Euronext;2026-08-04
JE00B24DK975;WISETCSOILIMETFP;SOIL;ETF;ETF Plus;EUR;JE;NON;-;Euronext;2026-08-04
JE00B24DKC09;WISETCSBULIMETFP;SBUL;ETF;ETF Plus | Euronext Amsterdam;EUR;JE;NON;-;Euronext;2026-08-04
JE00B24DKH53;WISETCSNGAIMETFP;SNGA;ETF;ETF Plus;EUR;JE;NON;-;Euronext;2026-08-04
JE00B24DKJ77;WISETCNICKIMETFP;SNIK;ETF;ETF Plus;EUR;JE;NON;-;Euronext;2026-08-04
JE00B24DKK82;WISETCSLVRIMETFP;SSIL;ETF;ETF Plus | Euronext Amsterdam;EUR;JE;NON;-;Euronext;2026-08-04
JE00B24DKT75;WISETCBLOCOMETFP;SALL;ETF;ETF Plus;EUR;JE;NON;-;Euronext;2026-08-04
JE00B24DKZ36;WISETCSIMTIMETFP;SIMT;ETF;ETF Plus;EUR;JE;NON;-;Euronext;2026-08-04
JE00B24DLX86;WISETCFCRUIMETFP;FCRU;ETF;ETF Plus;EUR;JE;NON;-;Euronext;2026-08-04
JE00B2NFT427;WISETCBLOAGRETFP;LAGR;ETF;ETF Plus;EUR;JE;NON;-;Euronext;2026-08-04
JE00B2NFTC05;WISETCALUMIMETFP;LALU;ETF;ETF Plus;EUR;JE;NON;-;Euronext;2026-08-04
JE00B2NFTD12;WISETCCOFFIMETFP;LCFE;ETF;ETF Plus;EUR;JE;NON;-;Euronext;2026-08-04
JE00B2NFTF36;WISETCCOPAIMETFP;LCOP;ETF;ETF Plus;EUR;JE;NON;-;Euronext;2026-08-04
JE00B2NFTG43;WISETCCORNIMETFP;LCOR;ETF;ETF Plus;EUR;JE;NON;-;Euronext;2026-08-04
JE00B2NFTL95;WISETCSBULIMETFP;LBUL;ETF;ETF Plus | Euronext Amsterdam;EUR;JE;NON;-;Euronext;2026-08-04
JE00B2NFTS64;WISETCSLVRIMETFP;LSIL;ETF;ETF Plus | Euronext Amsterdam;EUR;JE;NON;-;Euronext;2026-08-04
JE00B2NFTW01;WISETCSUGAIMETFP;LSUG;ETF;ETF Plus;EUR;JE;NON;-;Euronext;2026-08-04
JE00B2NFV134;WISETCDJUPSIETFP;LPLA;ETF;ETF Plus;EUR;JE;NON;-;Euronext;2026-08-04
JE00B2NFV803;WISETCLCOCIMETFP;LCOC;ETF;ETF Plus;EUR;JE;NON;-;Euronext;2026-08-04
JE00B2QXZK10;WISETCLCOCIMETFP;COCO;ETF;ETF Plus;EUR;JE;NON;-;Euronext;2026-08-04
JE00B2QY0436;WISETCLEADIMETFP;LEAD;ETF;ETF Plus;EUR;JE;NON;-;Euronext;2026-08-04
JE00B2QY0H68;WISETCTINMIMETFP;TINM;ETF;ETF Plus;EUR;JE;NON;-;Euronext;2026-08-04
JE00B3KNMS14;WISETNMSJPYEETFP;JPEU;ETF;ETF Plus | Euronext Amsterdam;EUR;JE;NON;-;Euronext;2026-08-04
JE00B3L54023;WISETNMSCHFEETFP;CHEU;ETF;ETF Plus;EUR;JE;NON;-;Euronext;2026-08-04
JE00B3LGQQ51;WISETNMSNOKEETFP;NOEU;ETF;ETF Plus;EUR;JE;NON;-;Euronext;2026-08-04
JE00B3LXVB68;WISETNMLGBPEETFP;EUGB;ETF;ETF Plus;EUR;JE;NON;-;Euronext;2026-08-04
JE00B3MQG751;WISETNMLSEKEETFP;EUSE;ETF;ETF Plus;EUR;JE;NON;-;Euronext;2026-08-04
JE00B3MR2Q90;WISETNMLCHFEETFP;EUCH;ETF;ETF Plus;EUR;JE;NON;-;Euronext;2026-08-04
JE00B3MRDD32;WISETNMLNOKEETFP;EUNO;ETF;ETF Plus;EUR;JE;NON;-;Euronext;2026-08-04
JE00B3MVPQ29;WISETNMSGBPEETFP;GBEU;ETF;ETF Plus;EUR;JE;NON;-;Euronext;2026-08-04
JE00B3MWC642;WISETNMLJPYEETFP;EUJP;ETF;ETF Plus | Euronext Amsterdam;EUR;JE;NON;-;Euronext;2026-08-04
JE00B3NXB475;WISETNMSSEKEETFP;SEEU;ETF;ETF Plus;EUR;JE;NON;-;Euronext;2026-08-04
JE00B3QQ4551;WISETNMTUSDEETFP;EUS3;ETF;ETF Plus | Euronext Amsterdam;EUR;JE;NON;-;Euronext;2026-08-04
JE00B3QSB726;WISETNMSAUDEETFP;AUEU;ETF;ETF Plus;EUR;JE;NON;-;Euronext;2026-08-04
JE00B3R2DZ58;WISETNMTGBPEETFP;EGB3;ETF;ETF Plus;EUR;JE;NON;-;Euronext;2026-08-04
JE00B3RNTN80;WISETNMLUSDEETFP;EUUS;ETF;ETF Plus;EUR;JE;NON;-;Euronext;2026-08-04
JE00B3RQ6R05;WISETNMTSGBPETFP;GBE3;ETF;ETF Plus;EUR;JE;NON;-;Euronext;2026-08-04
JE00B3S71Q64;WISETNMTSCHFETFP;CHE3;ETF;ETF Plus;EUR;JE;NON;-;Euronext;2026-08-04
JE00B3SBYQ91;WISETNMSUSDEETFP;USEU;ETF;ETF Plus;EUR;JE;NON;-;Euronext;2026-08-04
JE00B3T3K772;WISETNMTSUSDETFP;USE3;ETF;ETF Plus | Euronext Amsterdam;EUR;JE;NON;-;Euronext;2026-08-04
JE00B3WDZY68;WISETNMTJPYEETFP;EJP3;ETF;ETF Plus | Euronext Amsterdam;EUR;JE;NON;-;Euronext;2026-08-04
JE00B3XGSP64;WISETNMLAUDEETFP;EUAU;ETF;ETF Plus;EUR;JE;NON;-;Euronext;2026-08-04
JE00B3XPTF07;WISETNMTCHFEETFP;ECH3;ETF;ETF Plus;EUR;JE;NON;-;Euronext;2026-08-04
JE00B3ZQRP79;WISETCECRNIMETFP;ECRN;ETF;ETF Plus;EUR;JE;NON;-;Euronext;2026-08-04
JE00B44CBN95;WISETNMTSJPYETFP;JPE3;ETF;ETF Plus | Euronext Amsterdam;EUR;JE;NON;-;Euronext;2026-08-04
JE00B44F1611;WISETCECRDIMETFP;ECRD;ETF;ETF Plus;EUR;JE;NON;-;Euronext;2026-08-04
JE00B460QR00;WISETCEFCMIMETFP;EFCM;ETF;ETF Plus;EUR;JE;NON;-;Euronext;2026-08-04
JE00B4PDKD43;WISETCECOPIMETFP;ECOP;ETF;ETF Plus;EUR;JE;NON;-;Euronext;2026-08-04
JE00B4RKQV36;WISETCEBULIMETFP;EBUL;ETF;ETF Plus;EUR;JE;NON;-;Euronext;2026-08-04
JE00B4T3BW64;GLENCORE;4GLEN;Action;EuroTLX;EUR;JE;NON;;Euronext;2026-08-04
JE00B588CD74;WISETCSGLDIMETFP;SGBS;ETF;ETF Plus | Euronext Amsterdam;EUR;JE;NON;-;Euronext;2026-08-04
JE00B5SV2703;WISETCESVRIMETFP;ESVR;ETF;ETF Plus;EUR;JE;NON;-;Euronext;2026-08-04
JE00B6SLJ210;WISETCESOYIMETFP;ESOY;ETF;ETF Plus;EUR;JE;NON;-;Euronext;2026-08-04
JE00B6TK3K31;WISETCECOFIMETFP;ECOF;ETF;ETF Plus;EUR;JE;NON;-;Euronext;2026-08-04
JE00B6VG2P72;WISETCEALUIMETFP;EALU;ETF;ETF Plus;EUR;JE;NON;-;Euronext;2026-08-04
JE00B6X05031;WISETCESUGIMETFP;ESUG;ETF;ETF Plus;EUR;JE;NON;-;Euronext;2026-08-04
JE00B6XF0923;WISETCENGSIMETFP;ENGS;ETF;ETF Plus;EUR;JE;NON;-;Euronext;2026-08-04
JE00B6XL6W59;WISETCENIKIMETFP;ENIK;ETF;ETF Plus;EUR;JE;NON;-;Euronext;2026-08-04
JE00B70DCH80;WISETCECTNIMETFP;ECTN;ETF;ETF Plus;EUR;JE;NON;-;Euronext;2026-08-04
JE00B7305Z55;WISETCEBRTIMETFP;EBRT;ETF;ETF Plus;EUR;JE;NON;-;Euronext;2026-08-04
JE00B78CGV99;WISETCBRNTIMETFP;BRNT;ETF;ETF Plus | Euronext Paris;EUR;JE;NON;-;Euronext;2026-08-04
JE00B78DPL57;WISETCLBRTIMETFP;SBRT;ETF;ETF Plus;EUR;JE;NON;-;Euronext;2026-08-04
JE00B78NNK09;WISETCEWATIMETFP;EWAT;ETF;ETF Plus;EUR;JE;NON;-;Euronext;2026-08-04
JE00B78NNM23;WISETCEZNCIMETFP;EZNC;ETF;ETF Plus;EUR;JE;NON;-;Euronext;2026-08-04
JE00B78NPW60;WISETCEIMTIMETFP;EIMT;ETF;ETF Plus;EUR;JE;NON;-;Euronext;2026-08-04
JE00B8DFY052;WISETCGBSEIMETFP;GBSE;ETF;ETF Plus | Euronext Paris;EUR;JE;NON;-;Euronext;2026-08-04
JE00BDD9Q733;WISETCAIGOIMETFP;LPET;ETF;ETF Plus;EUR;JE;NON;-;Euronext;2026-08-04
JE00BDD9Q840;WISETCSOILIMETFP;LOIL;ETF;ETF Plus | Euronext Paris;EUR;JE;NON;-;Euronext;2026-08-04
JE00BDD9Q956;WISETCSNGAIMETFP;LNGA;ETF;ETF Plus;EUR;JE;NON;-;Euronext;2026-08-04
JE00BDD9QB77;WISETCNICKIMETFP;LNIK;ETF;ETF Plus;EUR;JE;NON;-;Euronext;2026-08-04
JE00BDD9QC84;WISETCWEATIMETFP;LWEA;ETF;ETF Plus;EUR;JE;NON;-;Euronext;2026-08-04
JE00BDD9QD91;WISETCLBRTIMETFP;LBRT;ETF;ETF Plus;EUR;JE;NON;-;Euronext;2026-08-04
JE00BMM1X163;WISETNEGB5IMETFP;EGB5;ETF;ETF Plus;EUR;JE;NON;-;Euronext;2026-08-04
JE00BMM1X270;WISETNGBE5IMETFP;GBE5;ETF;ETF Plus;EUR;JE;NON;-;Euronext;2026-08-04
JE00BMM1XC77;WISETNEUS5IMETFP;EUS5;ETF;ETF Plus;EUR;JE;NON;-;Euronext;2026-08-04
JE00BMM1XD84;WISETNUSE5IMETFP;USE5;ETF;ETF Plus;EUR;JE;NON;-;Euronext;2026-08-04
JE00BN2CJ301;WISETCXGDEIMETFP;WGLD;ETF;ETF Plus | Euronext Paris;EUR;JE;NON;-;Euronext;2026-08-04
JE00BN7KB334;WISETCNGASIMETFP;NGAS;ETF;ETF Plus | Euronext Paris;EUR;JE;NON;-;Euronext;2026-08-04
JE00BN7KB441;WISETCCORNIMETFP;CORN;ETF;ETF Plus;EUR;JE;NON;-;Euronext;2026-08-04
JE00BN7KB557;WISETCCOFFIMETFP;COFF;ETF;ETF Plus;EUR;JE;NON;-;Euronext;2026-08-04
JE00BN7KB664;WISETCWEATIMETFP;WEAT;ETF;ETF Plus | Euronext Paris;EUR;JE;NON;-;Euronext;2026-08-04
JE00BN7KB771;WISETCHOGSIMETFP;HOGS;ETF;ETF Plus;EUR;JE;NON;-;Euronext;2026-08-04
JE00BNG8LN89;WTCETCSOLCCAETFP;WCCA;ETF;ETF Plus;EUR;JE;NON;-;Euronext;2026-08-04
JE00BP2PWW32;WISETCCARBIMETFP;CARB;ETF;ETF Plus | Euronext Paris;EUR;JE;NON;-;Euronext;2026-08-04
JE00BPRDNL86;COIETNCOINTEXPAR;CTEN;ETF;Euronext Paris;EUR;JE;NON;-;Euronext;2026-08-04
JE00BQRFDY49;WTMETCSLVRLNETFP;WSLV;ETF;ETF Plus;EUR;JE;NON;-;Euronext;2026-08-04
JE00BRX98089;CVC CAPITAL;CVC;Action;Euronext Amsterdam;EUR;JE;NON;;Euronext;2026-08-04
JE00BV7DQ550;Amcor PLC;1AMCR;Action;Euronext Global Equity Market;EUR;JE;NON;;Euronext;2026-08-04
JE00BYQY3Z98;WISETC3CFLIMETFP;3CFL;ETF;ETF Plus;EUR;JE;NON;-;Euronext;2026-08-04
JE00BYQY7H96;WISETC3SULIMETFP;3SUL;ETF;ETF Plus;EUR;JE;NON;-;Euronext;2026-08-04
JE00BYQY8102;WISETC3WHLIMETFP;3WHL;ETF;ETF Plus;EUR;JE;NON;-;Euronext;2026-08-04
KYG037AX1015;AMBARELLA INC;1AMBA;Action;Euronext Global Equity Market;EUR;KY;NON;;Euronext;2026-08-04
KYG114481008;Bitdeer Tech;1BTDR;Action;Euronext Global Equity Market;EUR;KY;NON;;Euronext;2026-08-04
KYG137071075;BM3EAC;BACE;Action;Euronext Amsterdam;USD;KY;NON;;Euronext;2026-08-04
KYG3323L1005;FABRINET;1FN;Action;Euronext Global Equity Market;EUR;KY;NON;;Euronext;2026-08-04
KYG393871085;GLOBALFOUNDRIES;1GFS;Action;Euronext Global Equity Market;EUR;KY;NON;;Euronext;2026-08-04
KYG651631007;JOBY AVIATION INC;1JOBY;Action;Euronext Global Equity Market;EUR;KY;NON;;Euronext;2026-08-04
KYG6683N1034;NU Holdings;1NUH;Action;Euronext Global Equity Market;EUR;KY;NON;;Euronext;2026-08-04
KYG812291253;Sea1 Offshore;SEA1;Action;Euronext Growth Oslo;NOK;KY;NON;;Euronext;2026-08-04
KYG851581069;STONECO LTD-A;1STNE;Action;Euronext Global Equity Market;EUR;KY;NON;;Euronext;2026-08-04
KYG982391099;XP INC - CLASS A;1XP;Action;Euronext Global Equity Market;EUR;KY;NON;;Euronext;2026-08-04
LI1444931821;FinETNBBRXAMS;YBTC;ETF;Euronext Amsterdam - Multi-currency Trading | Euronext Paris;USD;LI;OUI;-;Euronext;2026-08-04
LU0061462528;RTL Group SA;1RRTL;Action;Euronext Global Equity Market;EUR;LU;OUI;;Euronext;2026-08-04
LU0075646355;SUBSEA 7;SUBC;Action;Oslo Børs;NOK;LU;OUI;;Euronext;2026-08-04
LU0088087324;SES;SESG;Action;Euronext Paris;EUR;LU;OUI;;Euronext;2026-08-04
LU0136234068;UBS ETF E50EUA;UIM1;ETF;Euronext Amsterdam | ETF Plus;EUR;LU;OUI;-;Euronext;2026-08-04
LU0136234654;UBSETFMXUSIMETFP;USAEUA;ETF;ETF Plus;EUR;LU;OUI;-;Euronext;2026-08-04
LU0136240974;UBS ETF JPNJPA;UIM5;ETF;Euronext Amsterdam | ETF Plus;EUR;LU;OUI;-;Euronext;2026-08-04
LU0136242590;UBSETFS100IMETFP;100EUA;ETF;ETF Plus;EUR;LU;OUI;-;Euronext;2026-08-04
LU0147308422;UBS ETF EMUEUA;UIM4;ETF;Euronext Amsterdam | ETF Plus;EUR;LU;OUI;-;Euronext;2026-08-04
LU0192223062;BNPP FTSE EUR ETFD;EEE;ETF;Euronext Paris, Amsterdam;EUR;LU;OUI;-;Euronext;2026-08-04
LU0237484448;WPSH EUR;WPSEU;OPCVM;Euronext Amsterdam;EUR;LU;OUI;;Euronext;2026-08-04
LU0237485098;WP STEWART HOLD FD;WPSH;OPCVM;Euronext Amsterdam;USD;LU;OUI;;Euronext;2026-08-04
LU0252633754;AMUNDI ETF DAX;DAX;ETF;Euronext Paris | ETF Plus;EUR;LU;OUI;-;Euronext;2026-08-04
LU0252634307;AMUNDI ETF LEVDAX;LVD;ETF;Euronext Paris | ETF Plus;EUR;LU;OUI;-;Euronext;2026-08-04
LU0274208692;XTRETFMSTRUSETFP;XMWO;ETF;ETF Plus;EUR;LU;OUI;-;Euronext;2026-08-04
LU0274209237;XTRETFSMEAIMETFP;XMEU;ETF;ETF Plus;EUR;LU;OUI;-;Euronext;2026-08-04
LU0274209740;XTRETFCSJPIMETFP;XMJP;ETF;ETF Plus;EUR;LU;OUI;-;Euronext;2026-08-04
LU0274210672;XTRETFCSUSIMETFP;XMUS;ETF;ETF Plus;EUR;LU;OUI;-;Euronext;2026-08-04
LU0274211217;XTRETFEUS50ETFP;XESX;ETF;ETF Plus;EUR;LU;OUI;-;Euronext;2026-08-04
LU0274211480;XTRETFDAXETFP;XDAX;ETF;ETF Plus;EUR;LU;OUI;-;Euronext;2026-08-04
LU0274212538;XTRETFFTMIBETFP;XMIB;ETF;ETF Plus;EUR;LU;OUI;-;Euronext;2026-08-04
LU0274221281;XTRETFSWMIETFP;XSMI;ETF;ETF Plus;EUR;LU;OUI;-;Euronext;2026-08-04
LU0290355717;XTRETFXGLEIMETFP;XGLE;ETF;ETF Plus;EUR;LU;OUI;-;Euronext;2026-08-04
LU0290356871;XTRETFX13EIMETFP;X13E;ETF;ETF Plus;EUR;LU;OUI;-;Euronext;2026-08-04
LU0290356954;XTRETFX35EIMETFP;X35E;ETF;ETF Plus;EUR;LU;OUI;-;Euronext;2026-08-04
LU0290357176;XTRETFX57EIMETFP;X57E;ETF;ETF Plus;EUR;LU;OUI;-;Euronext;2026-08-04
LU0290357259;XTRETFX710IMETFP;X710;ETF;ETF Plus;EUR;LU;OUI;-;Euronext;2026-08-04
LU0290357507;XTRETFX15EIMETFP;X15E;ETF;ETF Plus;EUR;LU;OUI;-;Euronext;2026-08-04
LU0290357846;XTRETFX25EIMETFP;X25E;ETF;ETF Plus;EUR;LU;OUI;-;Euronext;2026-08-04
LU0290357929;XTRETFXGINIMETFP;XGIN;ETF;ETF Plus;EUR;LU;OUI;-;Euronext;2026-08-04
LU0290358224;XTRETFXEINIMETFP;XEIN;ETF;ETF Plus;EUR;LU;OUI;-;Euronext;2026-08-04
LU0290358497;XTRETFXEONIMETFP;XEON;ETF;ETF Plus;EUR;LU;OUI;-;Euronext;2026-08-04
LU0292095535;XTRETFXD3EIMETFP;XD3E;ETF;ETF Plus;EUR;LU;OUI;-;Euronext;2026-08-04
LU0292096186;XTRETFSSD100ETFP;XGSD;ETF;ETF Plus;EUR;LU;OUI;-;Euronext;2026-08-04
LU0292100046;XTRETFXMKOIMETFP;XMKO;ETF;ETF Plus;EUR;LU;OUI;-;Euronext;2026-08-04
LU0292104469;XTRETFNE7345ETFP;XS8R;ETF;ETF Plus;EUR;LU;OUI;ESG ETF art. 8;Euronext;2026-08-04
LU0292106167;XTRETFXDBCIMETFP;XDBC;ETF;ETF Plus;EUR;LU;OUI;-;Euronext;2026-08-04
LU0292106241;XTRSTRXSDXIMETFP;XSDX;ETF;ETF Plus;EUR;LU;OUI;-;Euronext;2026-08-04
LU0292106753;XTRSTRXSSXIMETFP;XSSX;ETF;ETF Plus;EUR;LU;OUI;-;Euronext;2026-08-04
LU0292107645;XTRETFGEASIMETFP;XMEM;ETF;ETF Plus;EUR;LU;OUI;-;Euronext;2026-08-04
LU0292107991;XTRETFXMASIMETFP;XMAS;ETF;ETF Plus;EUR;LU;OUI;ESG ETF art. 8;Euronext;2026-08-04
LU0292109005;XTRETFXMEAIMETFP;XMEA;ETF;ETF Plus;EUR;LU;OUI;ESG ETF art. 8;Euronext;2026-08-04
LU0292109344;XTRETFXMBRIMETFP;XMBR;ETF;ETF Plus;EUR;LU;OUI;-;Euronext;2026-08-04
LU0292109690;XTRETFSPCNXNETFP;XNIF;ETF;ETF Plus;EUR;LU;OUI;-;Euronext;2026-08-04
LU0292109856;XTRETFXX25IMETFP;XX25;ETF;ETF Plus;EUR;LU;OUI;-;Euronext;2026-08-04
LU0321462870;XTRETFITRXSXETFP;XTC5;ETF;ETF Plus;EUR;LU;OUI;-;Euronext;2026-08-04
LU0321462953;XTRETFXEMBIMETFP;XEMB;ETF;ETF Plus;EUR;LU;OUI;-;Euronext;2026-08-04
LU0321464652;XTRETFDBMSONETFP;XSTR;ETF;ETF Plus;EUR;LU;OUI;-;Euronext;2026-08-04
LU0321465469;XTRETFDBMFEDETFP;XFFE;ETF;ETF Plus;EUR;LU;OUI;-;Euronext;2026-08-04
LU0322250712;XTRETFLPXMMETFP;XLPE;ETF;ETF Plus;EUR;LU;OUI;-;Euronext;2026-08-04
LU0322251520;XTRSTRSPXTSETFP;XSPS;ETF;ETF Plus;EUR;LU;OUI;-;Euronext;2026-08-04
LU0322252171;XTRETFXAXJIMETFP;XAXJ;ETF;ETF Plus;EUR;LU;OUI;ESG ETF art. 8;Euronext;2026-08-04
LU0322252338;XTRETFXPXJIMETFP;XPXJ;ETF;ETF Plus;EUR;LU;OUI;ESG ETF art. 8;Euronext;2026-08-04
LU0322252924;XTRETFTFVTTUETFP;XFVT;ETF;ETF Plus;EUR;LU;OUI;-;Euronext;2026-08-04
LU0322253229;XTRETFSPGTIETFP;XSGI;ETF;ETF Plus;EUR;LU;OUI;-;Euronext;2026-08-04
LU0322253732;XTRETFXEUMIMETFP;XEUM;ETF;ETF Plus;EUR;LU;OUI;ESG ETF art. 8;Euronext;2026-08-04
LU0322253906;XTRETFNCUDEETFP;XXSC;ETF;ETF Plus;EUR;LU;OUI;-;Euronext;2026-08-04
LU0328474803;XTRETFASA51ETFP;XAUS;ETF;ETF Plus;EUR;LU;OUI;-;Euronext;2026-08-04
LU0328475792;XTRETFSXXRETFP;XSX6;ETF;ETF Plus;EUR;LU;OUI;-;Euronext;2026-08-04
LU0328476410;XTRETFSPSFNETFP;XSFR;ETF;ETF Plus;EUR;LU;OUI;-;Euronext;2026-08-04
LU0340285161;UBSETFMXWOETFP;WRDEUA;ETF;ETF Plus;EUR;LU;OUI;-;Euronext;2026-08-04
LU0378818131;XTRETFXGSHIMETFP;XGSH;ETF;ETF Plus;EUR;LU;OUI;-;Euronext;2026-08-04
LU0380865021;XTRETFEUSX5ETFP;XESC;ETF;ETF Plus;EUR;LU;OUI;-;Euronext;2026-08-04
LU0383812293;REINET INVESTMENTS;REINA;Action;Euronext Amsterdam;EUR;LU;OUI;;Euronext;2026-08-04
LU0397221945;XTRACTXQUIETFP;XQUI;ETF;ETF Plus;EUR;LU;OUI;-;Euronext;2026-08-04
LU0411078552;XTRSTRXS2LIMETFP;XS2L;ETF;ETF Plus;EUR;LU;OUI;-;Euronext;2026-08-04
LU0411078636;XTRSTRXT21IMETFP;XT21;ETF;ETF Plus;EUR;LU;OUI;-;Euronext;2026-08-04
LU0429458895;XTRETFUS1IMETFP;XUT3;ETF;ETF Plus;EUR;LU;OUI;-;Euronext;2026-08-04
LU0429459356;XTRETFXUTDIMETFP;XUTD;ETF;ETF Plus;EUR;LU;OUI;-;Euronext;2026-08-04
LU0446734104;UBS ETF EUREUA;UIMA;ETF;Euronext Amsterdam | ETF Plus;EUR;LU;OUI;-;Euronext;2026-08-04
LU0446734369;UBSETFMXEMETFP;EMVEUA;ETF;ETF Plus;EUR;LU;OUI;-;Euronext;2026-08-04
LU0446734526;UBS ETF PACUSA;UIMD;ETF;Euronext Amsterdam | ETF Plus;EUR;LU;OUI;-;Euronext;2026-08-04
LU0446734872;UBS ETF CANCDA;UIM9;ETF;Euronext Amsterdam | ETF Plus;EUR;LU;OUI;-;Euronext;2026-08-04
LU0476289466;XTRETFMSMXTRETFP;XMEX;ETF;ETF Plus;EUR;LU;OUI;-;Euronext;2026-08-04
LU0476289540;XTRETFXCANIMETFP;XCAN;ETF;ETF Plus;EUR;LU;OUI;ESG ETF art. 8;Euronext;2026-08-04
LU0476289623;XTRETFXMINIMETFP;XMIN;ETF;ETF Plus;EUR;LU;OUI;-;Euronext;2026-08-04
LU0478205379;XTRETFXBLCIMETFP;XBLC;ETF;ETF Plus;EUR;LU;OUI;-;Euronext;2026-08-04
LU0480132876;UBS ETF EMMUSA;UIMI;ETF;Euronext Amsterdam | ETF Plus;EUR;LU;OUI;-;Euronext;2026-08-04
LU0484968812;XTRETFXB4FIMETFP;XB4F;ETF;ETF Plus;EUR;LU;OUI;ESG ETF art. 8;Euronext;2026-08-04
LU0484969463;XTRETFI8KWETFP;XBAT;ETF;ETF Plus;EUR;LU;OUI;-;Euronext;2026-08-04
LU0489337690;XTRETFEPDEVTETFP;XDER;ETF;ETF Plus;EUR;LU;OUI;-;Euronext;2026-08-04
LU0490618542;XTRETFSP500TETFP;XSPX;ETF;ETF Plus;EUR;LU;OUI;-;Euronext;2026-08-04
LU0494592974;XTRETFXCS2IMETFP;XCS2;ETF;ETF Plus;EUR;LU;OUI;-;Euronext;2026-08-04
LU0496786574;AMUNDI ETF SP500;SP5;ETF;Euronext Paris | ETF Plus;EUR;LU;OUI;-;Euronext;2026-08-04
LU0496786905;MULETFASA51ETFP;AUST;ETF;ETF Plus;EUR;LU;OUI;-;Euronext;2026-08-04
LU0514695187;XTRETFCI2IMETFP;XCS5;ETF;ETF Plus;EUR;LU;OUI;-;Euronext;2026-08-04
LU0514695690;XTRETFXCS6IMETFP;XCS6;ETF;ETF Plus;EUR;LU;OUI;-;Euronext;2026-08-04
LU0524480265;XTRETFXY4PIMETFP;XY4P;ETF;ETF Plus;EUR;LU;OUI;-;Euronext;2026-08-04
LU0533032859;AMUNDI MSCIW FINAN;FINSW;ETF;Euronext Paris | ETF Plus;EUR;LU;OUI;-;Euronext;2026-08-04
LU0533033238;AMUNDI ETF MSC WHC;HLTW;ETF;Euronext Paris | ETF Plus;EUR;LU;OUI;-;Euronext;2026-08-04
LU0533033667;AMUNDI MSC WTEC;TNOW;ETF;Euronext Paris | ETF Plus;EUR;LU;OUI;-;Euronext;2026-08-04
LU0569974404;APERAM;APAM;Action;Euronext Amsterdam, Brussels, Paris | Trading After Hours;EUR;LU;OUI;;Euronext;2026-08-04
LU0599612842;OSSACTEUMVETFP;EUMV;ETF;ETF Plus;EUR;LU;OUI;ESG ETF art. 8;Euronext;2026-08-04
LU0599613147;OSSETFS6EWIMETFP;S6EW;ETF;ETF Plus | Euronext Paris;EUR;LU;OUI;-;Euronext;2026-08-04
LU0613540268;XTRETFXBOTIMETFP;XBOT;ETF;ETF Plus;EUR;LU;OUI;-;Euronext;2026-08-04
LU0629459743;UBS ETF WSRUSA;UIMM;ETF;Euronext Amsterdam | ETF Plus;EUR;LU;OUI;ESG ETF art. 8;Euronext;2026-08-04
LU0629460089;UBS ETF ASRUSA;UIMP;ETF;Euronext Amsterdam | ETF Plus;EUR;LU;OUI;ESG ETF art. 8;Euronext;2026-08-04
LU0629460675;UBS ETF ESREUA;UIMR;ETF;Euronext Amsterdam | ETF Plus;EUR;LU;OUI;ESG ETF art. 8;Euronext;2026-08-04
LU0629460832;UBS ETF PSRUSA;UIMT;ETF;Euronext Amsterdam | ETF Plus;EUR;LU;OUI;ESG ETF art. 8;Euronext;2026-08-04
LU0643975161;XTRETF QW3AETFP;X03G;ETF;ETF Plus;EUR;LU;OUI;-;Euronext;2026-08-04
LU0659579733;XTRETFMSTRUSETFP;XWEH;ETF;ETF Plus;EUR;LU;OUI;-;Euronext;2026-08-04
LU0659580079;XTRETFIJPEIMETFP;XMK9;ETF;ETF Plus;EUR;LU;OUI;-;Euronext;2026-08-04
LU0671493277;UBS ETF ESCEUA;UEFD;ETF;Euronext Amsterdam;EUR;LU;OUI;-;Euronext;2026-08-04
LU0677077884;XTRETFXUEMIMETFP;XUEM;ETF;ETF Plus;EUR;LU;OUI;-;Euronext;2026-08-04
LU0690964092;XTRETFXGSHIMETFP;XGVD;ETF;ETF Plus;EUR;LU;OUI;-;Euronext;2026-08-04
LU0721552544;UBS ETF UT1USA;UEFF;ETF;Euronext Amsterdam | ETF Plus;EUR;LU;OUI;-;Euronext;2026-08-04
LU0721552973;UBS ETF UT7USA;UEFI;ETF;Euronext Amsterdam | ETF Plus;EUR;LU;OUI;-;Euronext;2026-08-04
LU0779800910;XTRETFXCHAIMETFP;XCHA;ETF;ETF Plus;EUR;LU;OUI;-;Euronext;2026-08-04
LU0832435464;AMUNDI ETF VIX EUR;LVO;ETF;Euronext Amsterdam | Euronext Brussels | ETF Plus;EUR;LU;OUI;-;Euronext;2026-08-04
LU0832436512;AMUNDI ETF SGQIEUR;SGQI;ETF;Euronext Paris;EUR;LU;OUI;-;Euronext;2026-08-04
LU0839027447;XTRETFN225ETFP;XDJP;ETF;ETF Plus;EUR;LU;OUI;-;Euronext;2026-08-04
LU0846194776;XTRETFSEMUIMETFP;XD5E;ETF;ETF Plus;EUR;LU;OUI;-;Euronext;2026-08-04
LU0875160326;XTRETFXCHAIMETFP;RQFI;ETF;ETF Plus;EUR;LU;OUI;-;Euronext;2026-08-04
LU0879397742;UBSETFSB5IMETFP;SB5;ETF;ETF Plus;EUR;LU;OUI;ESG ETF art. 8;Euronext;2026-08-04
LU0879399441;UBSETFSB10IMETFP;SB10;ETF;ETF Plus;EUR;LU;OUI;ESG ETF art. 8;Euronext;2026-08-04
LU0908500753;AMUNDI COR STOX600;MEUD;ETF;Euronext Paris | ETF Plus;EUR;LU;OUI;-;Euronext;2026-08-04
LU0908501058;AMUNDI COR STOX300;MFED;ETF;Euronext Paris;EUR;LU;OUI;ESG ETF art. 9;Euronext;2026-08-04
LU0908501132;LYXETFMFDDIMETFP;MFDD;ETF;ETF Plus;EUR;LU;OUI;ESG ETF art. 8;Euronext;2026-08-04
LU0908508731;XTRETFXG7SIMETFP;XG7S;ETF;ETF Plus;EUR;LU;OUI;-;Euronext;2026-08-04
LU0908508814;XTRETFXGIUIMETFP;XGIU;ETF;ETF Plus;EUR;LU;OUI;-;Euronext;2026-08-04
LU0925589839;XTRETFXYP1IMETFP;XYP1;ETF;ETF Plus;EUR;LU;OUI;-;Euronext;2026-08-04
LU0942970103;XTRETFXBAEIMETFP;XBAG;ETF;ETF Plus;EUR;LU;OUI;ESG ETF art. 8;Euronext;2026-08-04
LU0942970798;XTRETFXBAEIMETFP;XBAE;ETF;ETF Plus;EUR;LU;OUI;ESG ETF art. 8;Euronext;2026-08-04
LU0950381748;BNPETFEEAIMETFP;EEA;ETF;ETF Plus | Euronext Paris;EUR;LU;OUI;-;Euronext;2026-08-04
LU0950668524;UBSETFMSDEE1ETFP;UBEUR;ETF;ETF Plus;EUR;LU;OUI;-;Euronext;2026-08-04
LU0950668870;UBSETFMUAAIMETFP;EMUAA;ETF;ETF Plus;EUR;LU;OUI;-;Euronext;2026-08-04
LU0950670850;UBSETFMSCUKETFP;UKGBPB;ETF;ETF Plus;EUR;LU;OUI;-;Euronext;2026-08-04
LU0950671825;UBSETFMXJPETFP;JPNA;ETF;ETF Plus;EUR;LU;OUI;-;Euronext;2026-08-04
LU0950672807;UBSETFMSCAETFP;CANA;ETF;ETF Plus;EUR;LU;OUI;-;Euronext;2026-08-04
LU0950674175;UBSETFGEASIMETFP;EMMUSC;ETF;ETF Plus;EUR;LU;OUI;-;Euronext;2026-08-04
LU0950674332;UBSETFSRUSIMETFP;WSRUS;ETF;ETF Plus;EUR;LU;OUI;ESG ETF art. 8;Euronext;2026-08-04
LU0950674761;UBSETFUSRIITETFP;EMUSRI;ETF;ETF Plus;EUR;LU;OUI;ESG ETF art. 8;Euronext;2026-08-04
LU0952581584;XTRETFXJSEIMETFP;XJSE;ETF;ETF Plus;EUR;LU;OUI;-;Euronext;2026-08-04
LU0959210278;AMUNDI ETF DIV EUR;EUDIV;ETF;Euronext Paris;EUR;LU;OUI;ESG ETF art. 8;Euronext;2026-08-04
LU0959210781;AMUNDI ETF DIV EUR;EDIV;ETF;Euronext Paris;EUR;LU;OUI;ESG ETF art. 8;Euronext;2026-08-04
LU0959211243;AMUNDI ETF SP5 DH;SP5H;ETF;Euronext Paris | ETF Plus;EUR;LU;OUI;-;Euronext;2026-08-04
LU0959211326;MULETF500HITETFP;SPHC;ETF;ETF Plus | Euronext Paris;EUR;LU;OUI;-;Euronext;2026-08-04
LU0962078753;XTRETFXGIIIMETFP;XGII;ETF;ETF Plus;EUR;LU;OUI;-;Euronext;2026-08-04
LU0969639128;UBSETF1EUAIMETFP;SS1EUA;ETF;ETF Plus;EUR;LU;OUI;-;Euronext;2026-08-04
LU0977261329;UBSETF2CHBIMETFP;SW2CHB;ETF;ETF Plus;EUR;LU;OUI;-;Euronext;2026-08-04
LU1048313891;UBS ETF MSRUSA;UEF5;ETF;Euronext Amsterdam | ETF Plus;EUR;LU;OUI;ESG ETF art. 8;Euronext;2026-08-04
LU1048313974;UBSETFRUSBIMETFP;MSRUSB;ETF;ETF Plus;EUR;LU;OUI;ESG ETF art. 8;Euronext;2026-08-04
LU1048314196;UBS ETF CBEU5;UEF6;ETF;Euronext Amsterdam | ETF Plus;EUR;LU;OUI;-;Euronext;2026-08-04
LU1048314949;UBS ETF CBUS5;UEF7;ETF;Euronext Amsterdam | ETF Plus;EUR;LU;OUI;-;Euronext;2026-08-04
LU1048315243;UBS ETF CBUS5E;UEF8;ETF;Euronext Amsterdam | ETF Plus;EUR;LU;OUI;-;Euronext;2026-08-04
LU1048316647;UBS ETF CBUS;UEF9;ETF;Euronext Amsterdam | ETF Plus;EUR;LU;OUI;-;Euronext;2026-08-04
LU1048317025;UBS ETF CBUSE;UEF0;ETF;Euronext Amsterdam | ETF Plus;EUR;LU;OUI;-;Euronext;2026-08-04
LU1068091351;BREDERODE;BREB;Action;Euronext Brussels;EUR;LU;OUI;;Euronext;2026-08-04
LU1079841273;OSSETFCAPUIMETFP;CAPU;ETF;ETF Plus | Euronext Paris;EUR;LU;OUI;-;Euronext;2026-08-04
LU1079842321;OSSETFCAPEIMETFP;CAPE;ETF;ETF Plus | Euronext Paris;EUR;LU;OUI;-;Euronext;2026-08-04
LU1094612022;XTRETFCGBIMETFP;CGB;ETF;ETF Plus;EUR;LU;OUI;-;Euronext;2026-08-04
LU1109939865;XTRETFXHY1IMETFP;XHY1;ETF;ETF Plus;EUR;LU;OUI;-;Euronext;2026-08-04
LU1109941689;XTRETFIBXXYRETFP;XRTM;ETF;ETF Plus;EUR;LU;OUI;-;Euronext;2026-08-04
LU1109942653;XTRETFXHYGIMETFP;XHYG;ETF;ETF Plus;EUR;LU;OUI;-;Euronext;2026-08-04
LU1109943388;XTRETFIHYGIMETFP;XHYA;ETF;ETF Plus;EUR;LU;OUI;-;Euronext;2026-08-04
LU1130155606;UBS ETF CAHEUA;U1FA;ETF;Euronext Amsterdam | ETF Plus;EUR;LU;OUI;-;Euronext;2026-08-04
LU1135865084;AMUNDI SP500 C;SP5C;ETF;Euronext Paris | ETF Plus;EUR;LU;OUI;-;Euronext;2026-08-04
LU1136401384;PHARUS LIQUIDITY;PHSLQ;OPCVM;ATFund Instruments;EUR;LU;OUI;;Euronext;2026-08-04
LU1136401467;PHARUS SICAV_CONS;PHSARQ;OPCVM;ATFund Instruments;EUR;LU;OUI;;Euronext;2026-08-04
LU1136402192;PHARUS EQUITY LEAD;PHSIEQ;OPCVM;ATFund Instruments;EUR;LU;OUI;;Euronext;2026-08-04
LU1136402432;PHARUS TARGET;PHSTQ;OPCVM;ATFund Instruments;EUR;LU;OUI;;Euronext;2026-08-04
LU1136402788;SAFE SICAV-SAFE DY;PHSAFQ;OPCVM;ATFund Instruments;EUR;LU;OUI;;Euronext;2026-08-04
LU1148873406;NEW MILLENNIUM EUR;NMEE;OPCVM;ATFund Instruments;EUR;LU;OUI;;Euronext;2026-08-04
LU1148873588;NEW MILLENNIUM EQ;NMGE;OPCVM;ATFund Instruments;EUR;LU;OUI;;Euronext;2026-08-04
LU1148873661;NEW MILLENNIUM EUR;NMEBST;OPCVM;ATFund Instruments;EUR;LU;OUI;;Euronext;2026-08-04
LU1148873745;NEW MILLENNIUM AUG;NMHQB;OPCVM;ATFund Instruments;EUR;LU;OUI;;Euronext;2026-08-04
LU1148874040;NEW MILLENNIUM INF;NMILB;OPCVM;ATFund Instruments;EUR;LU;OUI;;Euronext;2026-08-04
LU1148874123;NEW MILLENNIUM EU;NMLEC;OPCVM;ATFund Instruments;EUR;LU;OUI;;Euronext;2026-08-04
LU1148874396;NEW MILLENNIUM AUG;NMCB;OPCVM;ATFund Instruments;EUR;LU;OUI;;Euronext;2026-08-04
LU1148874479;NEW MILLENNIUM ITA;NMIDB;OPCVM;ATFund Instruments;EUR;LU;OUI;;Euronext;2026-08-04
LU1148874552;NEW MILLENNIUM BAL;NMBWC;OPCVM;ATFund Instruments;EUR;LU;OUI;;Euronext;2026-08-04
LU1148874800;NEW MILLENNIUM VOL;NMVOL;OPCVM;ATFund Instruments;EUR;LU;OUI;;Euronext;2026-08-04
LU1169821292;UBSETFUKEIMETFP;UKE;ETF;ETF Plus;EUR;LU;OUI;-;Euronext;2026-08-04
LU1169822266;UBSETFJPNEIMETFP;JPNE;ETF;ETF Plus;EUR;LU;OUI;-;Euronext;2026-08-04
LU1169825954;UBS ETF SGPDU;UE24;ETF;Euronext Amsterdam;EUR;LU;OUI;-;Euronext;2026-08-04
LU1169827224;UBS ETF HKDU;HKDE;ETF;Euronext Amsterdam;EUR;LU;OUI;-;Euronext;2026-08-04
LU1169830103;UBSETFSVEIMETFP;SVE;ETF;ETF Plus;EUR;LU;OUI;-;Euronext;2026-08-04
LU1176781729;PHARUS SICAV;HPSBAS;OPCVM;ATFund Instruments;EUR;LU;OUI;;Euronext;2026-08-04
LU1176783774;SUMUS STRATEGIC;HPSDYN;OPCVM;ATFund Instruments;EUR;LU;OUI;;Euronext;2026-08-04
LU1190417599;LYXACTSMARTETFP;SMART;ETF;ETF Plus | Euronext Paris;EUR;LU;OUI;-;Euronext;2026-08-04
LU1215415214;AMUNDI HIGH YLD BB;HYBB;ETF;Euronext Paris | ETF Plus;EUR;LU;OUI;ESG ETF art. 8;Euronext;2026-08-04
LU1215451524;UBS ETF EQLTD;UIM2;ETF;Euronext Amsterdam | ETF Plus;EUR;LU;OUI;ESG ETF art. 8;Euronext;2026-08-04
LU1215452928;UBS ETF EPVLD;UIMZ;ETF;Euronext Amsterdam | ETF Plus;EUR;LU;OUI;ESG ETF art. 8;Euronext;2026-08-04
LU1215454460;UBS ETF ELOVD;UIMY;ETF;Euronext Amsterdam | ETF Plus;EUR;LU;OUI;-;Euronext;2026-08-04
LU1215461085;UBS ETF CBSUS;UE25;ETF;Euronext Amsterdam | ETF Plus;EUR;LU;OUI;ESG ETF art. 8;Euronext;2026-08-04
LU1215461168;UBSETFSUSAIMETFP;CBSUSA;ETF;ETF Plus;EUR;LU;OUI;ESG ETF art. 8;Euronext;2026-08-04
LU1215461325;UBS ETF CBSUSE;UE27;ETF;Euronext Amsterdam | ETF Plus;EUR;LU;OUI;ESG ETF art. 8;Euronext;2026-08-04
LU1230561679;UBS ETF JPSR;JPSR;ETF;Euronext Amsterdam | ETF Plus;EUR;LU;OUI;ESG ETF art. 8;Euronext;2026-08-04
LU1233598447;MULETFFEDFIMETFP;FEDF;ETF;ETF Plus;EUR;LU;OUI;-;Euronext;2026-08-04
LU1242466289;BASE INV BONDS VAL;BONVAL;OPCVM;ATFund Instruments;EUR;LU;OUI;;Euronext;2026-08-04
LU1242466875;BASE INV FLEX LOW;FLEXLO;OPCVM;ATFund Instruments;EUR;LU;OUI;;Euronext;2026-08-04
LU1246176264;SELECTRA J LAMARC;SELJLB;OPCVM;ATFund Instruments;EUR;LU;OUI;;Euronext;2026-08-04
LU1246176850;SELECTRA J LAMARCK;SELJLP;OPCVM;ATFund Instruments;EUR;LU;OUI;;Euronext;2026-08-04
LU1248511575;LYXACTSMARTUETFP;SMARTU;ETF;ETF Plus;EUR;LU;OUI;-;Euronext;2026-08-04
LU1250154413;ADLER GROUP;4ADJ;Action;EuroTLX | Euronext Global Equity Market | Trading After Hours;EUR;LU;OUI;;Euronext;2026-08-04
LU1253867847;PHARUS TREND PL;PHSTPQ;OPCVM;ATFund Instruments;EUR;LU;OUI;;Euronext;2026-08-04
LU1273488715;UBSETFPSREIMETFP;JPSRE;ETF;ETF Plus;EUR;LU;OUI;ESG ETF art. 8;Euronext;2026-08-04
LU1275426275;COMPAM FUND-SB EQ;COMSBE;OPCVM;ATFund Instruments;EUR;LU;OUI;;Euronext;2026-08-04
LU1275426358;COMPAM FUND SB;COMSBF;OPCVM;ATFund Instruments;EUR;LU;OUI;;Euronext;2026-08-04
LU1275426432;COMPAM FUND - SB B;COMSBB;OPCVM;ATFund Instruments;EUR;LU;OUI;;Euronext;2026-08-04
LU1275426515;COMPAM GLOBAL DIV;COMGD0;OPCVM;ATFund Instruments;EUR;LU;OUI;;Euronext;2026-08-04
LU1280303014;UBS ETF USSRF;UE33;ETF;Euronext Amsterdam | ETF Plus;EUR;LU;OUI;ESG ETF art. 8;Euronext;2026-08-04
LU1285959703;LYXETFUSICIMETFP;USIG;ETF;ETF Plus;EUR;LU;OUI;ESG ETF art. 8;Euronext;2026-08-04
LU1285959885;LYXETFUSICIMETFP;USIC;ETF;ETF Plus;EUR;LU;OUI;ESG ETF art. 8;Euronext;2026-08-04
LU1285960032;AMUNDI ESG USD CRP;USIH;ETF;Euronext Paris | ETF Plus;EUR;LU;OUI;ESG ETF art. 8;Euronext;2026-08-04
LU1287022708;MULETFAFRIIMETFP;LAFRI;ETF;ETF Plus;EUR;LU;OUI;-;Euronext;2026-08-04
LU1287023003;AMUNDI EUR GOV 57;MTC;ETF;Euronext Paris | ETF Plus;EUR;LU;OUI;-;Euronext;2026-08-04
LU1287023185;AMUNDI EUR GOV 710;MTD;ETF;Euronext Paris | ETF Plus;EUR;LU;OUI;-;Euronext;2026-08-04
LU1287023268;AMUNDI EUROMTS15PY;MTF;ETF;Euronext Paris | ETF Plus;EUR;LU;OUI;-;Euronext;2026-08-04
LU1287023342;AMUNDI EMTS HR MWG;MAA;ETF;Euronext Paris | ETF Plus;EUR;LU;OUI;-;Euronext;2026-08-04
LU1291097779;BNPETFEEMKIMETFP;EEMK;ETF;ETF Plus | Euronext Paris;EUR;LU;OUI;ESG ETF art. 8;Euronext;2026-08-04
LU1291098314;BNP EM SRI PAB UC;EMSR;ETF;Euronext Paris - Multi-currency Trading;USD;LU;OUI;ESG ETF art. 9;Euronext;2026-08-04
LU1291098827;BNPETFEEMUIMETFP;EEMU;ETF;ETF Plus | Euronext Paris;EUR;LU;OUI;ESG ETF art. 8;Euronext;2026-08-04
LU1291099718;BNPETFEEUEIMETFP;EEUE;ETF;ETF Plus | Euronext Paris;EUR;LU;OUI;ESG ETF art. 8;Euronext;2026-08-04
LU1291101555;BNPETFEESMIMETFP;EESM;ETF;ETF Plus | Euronext Paris;EUR;LU;OUI;ESG ETF art. 9;Euronext;2026-08-04
LU1291102447;BNPP JP ESG ETF;EJAP;ETF;Euronext Paris;EUR;LU;OUI;ESG ETF art. 8;Euronext;2026-08-04
LU1291103338;BNP US SRI PAB UC;EKLD;ETF;Euronext Paris - Multi-currency Trading;USD;LU;OUI;ESG ETF art. 9;Euronext;2026-08-04
LU1291104575;BNPETFENAMIMETFP;ENAM;ETF;ETF Plus | Euronext Paris;EUR;LU;OUI;ESG ETF art. 8;Euronext;2026-08-04
LU1291106356;BNPETFEPEJIMETFP;EPEJ;ETF;ETF Plus | Euronext Paris;EUR;LU;OUI;ESG ETF art. 8;Euronext;2026-08-04
LU1291108642;BNP WD SRI PAB UC;EWRD;ETF;Euronext Paris - Multi-currency Trading;USD;LU;OUI;ESG ETF art. 9;Euronext;2026-08-04
LU1291109533;BNPP GSCI ETF;GSCU;ETF;Euronext Paris - Multi-currency Trading;USD;LU;OUI;-;Euronext;2026-08-04
LU1291109616;BNPETFGSCEIMETFP;GSCE;ETF;ETF Plus | Euronext Amsterdam;EUR;LU;OUI;-;Euronext;2026-08-04
LU1296758029;CORESTATE CAPITAL;2CCAP;Action;Trading After Hours | Euronext Global Equity Market;EUR;LU;OUI;;Euronext;2026-08-04
LU1324510525;UBSETFST1FIMETFP;UST1F;ETF;ETF Plus;EUR;LU;OUI;-;Euronext;2026-08-04
LU1324516050;UBSETFSBEMIMETFP;SBEM;ETF;ETF Plus;EUR;LU;OUI;-;Euronext;2026-08-04
LU1324516308;UBSETFBEMEIMETFP;SBEME;ETF;ETF Plus;EUR;LU;OUI;-;Euronext;2026-08-04
LU1327051279;MULSTRM004USETFP;SPX2S;ETF;ETF Plus | Euronext Paris;EUR;LU;OUI;-;Euronext;2026-08-04
LU1363165751;NEW MILLEN MULTI;NMMAO;OPCVM;ATFund Instruments;EUR;LU;OUI;;Euronext;2026-08-04
LU1363165918;NEW MILLEN EVERG;NMEGH;OPCVM;ATFund Instruments;EUR;LU;OUI;;Euronext;2026-08-04
LU1371515534;PHARUS GLOBAL V EQ;PSGVQ;OPCVM;ATFund Instruments;EUR;LU;OUI;;Euronext;2026-08-04
LU1371515880;PHARUS GLOBAL V EQ;PSGVQH;OPCVM;ATFund Instruments;EUR;LU;OUI;;Euronext;2026-08-04
LU1377381717;BNPETFEVOEIMETFP;EVOE;ETF;ETF Plus | Euronext Paris;EUR;LU;OUI;ESG ETF art. 8;Euronext;2026-08-04
LU1377382103;BNPETFEQUAIMETFP;EQUA;ETF;ETF Plus | Euronext Paris;EUR;LU;OUI;ESG ETF art. 8;Euronext;2026-08-04
LU1377382285;BNPETFEVAEIMETFP;EVAE;ETF;ETF Plus | Euronext Paris;EUR;LU;OUI;ESG ETF art. 8;Euronext;2026-08-04
LU1377382368;BNPETFLCEUIMETFP;LCEU;ETF;ETF Plus | Euronext Paris;EUR;LU;OUI;ESG ETF art. 9;Euronext;2026-08-04
LU1377382442;BNPP LC EU100D PAB;ECND;ETF;Euronext Paris;EUR;LU;OUI;ESG ETF art. 8;Euronext;2026-08-04
LU1390062245;AMUNDI 210INFBRKEV;INFL;ETF;Euronext Paris | ETF Plus;EUR;LU;OUI;-;Euronext;2026-08-04
LU1390062831;AMUNDI 10YINFBRKEV;INFU;ETF;Euronext Paris | ETF Plus;EUR;LU;OUI;-;Euronext;2026-08-04
LU1397788552;FINLABO DYNAMIC EQ;FINLDE;OPCVM;ATFund Instruments;EUR;LU;OUI;;Euronext;2026-08-04
LU1399300455;XTRETFXUTDIMETFP;XUTE;ETF;ETF Plus;EUR;LU;OUI;-;Euronext;2026-08-04
LU1407887089;MULETF1EUAITETFP;US1;ETF;ETF Plus | Euronext Amsterdam - Multi-currency Trading;EUR;LU;OUI;-;Euronext;2026-08-04
LU1407887162;MULETFUS13IMETFP;US13;ETF;ETF Plus | Euronext Paris;EUR;LU;OUI;-;Euronext;2026-08-04
LU1407887329;MULETFU13HIMETFP;U13H;ETF;ETF Plus;EUR;LU;OUI;-;Euronext;2026-08-04
LU1407887915;MULETFTRSXIMETFP;US7;ETF;ETF Plus;EUR;LU;OUI;-;Euronext;2026-08-04
LU1407888723;MULETFUS37IMXPAR;US37C;ETF;Euronext Paris;EUR;LU;OUI;-;Euronext;2026-08-04
LU1407888996;MULETFUS37IMETFP;US37;ETF;ETF Plus | Euronext Paris;EUR;LU;OUI;-;Euronext;2026-08-04
LU1407890547;MULETFS10CIMETFP;US10C;ETF;ETF Plus;EUR;LU;OUI;-;Euronext;2026-08-04
LU1407890620;AMUNDI UST 10+;US10;ETF;Euronext Paris - Multi-currency Trading | ETF Plus;USD;LU;OUI;-;Euronext;2026-08-04
LU1407890976;MULETFU10HIMETFP;U10H;ETF;ETF Plus;EUR;LU;OUI;-;Euronext;2026-08-04
LU1407892592;AMUNDI Core UK Gov;GILS;ETF;Euronext Paris;EUR;LU;OUI;-;Euronext;2026-08-04
LU1407893301;AMUNDI UK Gov Infl;GILI;ETF;Euronext Paris;EUR;LU;OUI;-;Euronext;2026-08-04
LU1435356065;LYXETFSHYCIMETFP;USHYC;ETF;ETF Plus;EUR;LU;OUI;ESG ETF art. 8;Euronext;2026-08-04
LU1435356149;LYXETFUSHYIMETFP;USHY;ETF;ETF Plus | Euronext Paris;EUR;LU;OUI;ESG ETF art. 8;Euronext;2026-08-04
LU1435356495;LYXETFUSHYIMETFP;USYH;ETF;ETF Plus;EUR;LU;OUI;ESG ETF art. 8;Euronext;2026-08-04
LU1437015735;AMUETFMXEUETFP;CEU2;ETF;ETF Plus | Euronext Amsterdam - Multi-currency Trading | Euronext Paris;EUR;LU;OUI;-;Euronext;2026-08-04
LU1437016204;AMUETFGGOVIMETFP;GGOV;ETF;ETF Plus | Euronext Paris | Euronext Amsterdam - Multi-currency Trading;EUR;LU;OUI;-;Euronext;2026-08-04
LU1437017350;AMUETFGEASIMETFP;AEME;ETF;ETF Plus | Euronext Amsterdam - Multi-currency Trading | Euronext Paris;EUR;LU;OUI;-;Euronext;2026-08-04
LU1437018168;AM EUR CORP SRI DR;ECRP;ETF;Euronext Paris | ETF Plus;EUR;LU;OUI;ESG ETF art. 8;Euronext;2026-08-04
LU1437018598;AMUETFEGOVIMETFP;EGOV;ETF;ETF Plus | Euronext Paris;EUR;LU;OUI;-;Euronext;2026-08-04
LU1437018838;AMUETFEPRAIMETFP;EPRA;ETF;ETF Plus | Euronext Paris | Euronext Amsterdam - Multi-currency Trading;EUR;LU;OUI;-;Euronext;2026-08-04
LU1437024729;AMUETFGAGHIMETFP;GAGG;ETF;ETF Plus | Euronext Paris | Euronext Amsterdam - Multi-currency Trading;EUR;LU;OUI;-;Euronext;2026-08-04
LU1437025023;AM MSCI UK IMI SRI;C1U;ETF;Euronext Paris;EUR;LU;OUI;ESG ETF art. 9;Euronext;2026-08-04
LU1437025296;AM MSCI UK IM SRIG;FTSE;ETF;Euronext Paris - Multi-currency Trading;GBP;LU;OUI;ESG ETF art. 9;Euronext;2026-08-04
LU1437803767;PHARUS SICAV EU TR;PSEAFQ;OPCVM;ATFund Instruments;EUR;LU;OUI;;Euronext;2026-08-04
LU1446552652;OSSETFCAPUIMXPAR;CAPH;ETF;Euronext Paris;EUR;LU;OUI;-;Euronext;2026-08-04
LU1452600270;MULETFTIPUIMETFP;TIPU;ETF;ETF Plus;EUR;LU;OUI;-;Euronext;2026-08-04
LU1452600437;MULETFTIPEIMETFP;TIPE;ETF;ETF Plus;EUR;LU;OUI;-;Euronext;2026-08-04
LU1459799943;UBSETFTRUDIMETFP;T10D;ETF;ETF Plus;EUR;LU;OUI;-;Euronext;2026-08-04
LU1459800030;UBSETFTRUDIMETFP;T10A;ETF;ETF Plus;EUR;LU;OUI;-;Euronext;2026-08-04
LU1459800113;UBSETFT10FIMETFP;UST10F;ETF;ETF Plus;EUR;LU;OUI;-;Euronext;2026-08-04
LU1459801434;UBSETFIP1DIMETFP;TIP1D;ETF;ETF Plus;EUR;LU;OUI;-;Euronext;2026-08-04
LU1459801517;UBSETFIP1DIMETFP;TIP1A;ETF;ETF Plus;EUR;LU;OUI;-;Euronext;2026-08-04
LU1459801780;UBSETFIP1EIMETFP;TIP1E;ETF;ETF Plus;EUR;LU;OUI;-;Euronext;2026-08-04
LU1459802754;UBSETFP10DIMETFP;TIP10D;ETF;ETF Plus;EUR;LU;OUI;-;Euronext;2026-08-04
LU1459803059;UBSETFP10EIMETFP;TIP10E;ETF;ETF Plus;EUR;LU;OUI;-;Euronext;2026-08-04
LU1468873846;COMPAM FUND SB CON;COMSBC;OPCVM;ATFund Instruments;EUR;LU;OUI;;Euronext;2026-08-04
LU1472302576;COMPAM FUND FLEX B;COMFB0;OPCVM;ATFund Instruments;EUR;LU;OUI;;Euronext;2026-08-04
LU1481201025;BNPP LWVOLEU ESG;VLED;ETF;Euronext Paris;EUR;LU;OUI;ESG ETF art. 8;Euronext;2026-08-04
LU1481201611;BNPP QUALITYD ESG;QUED;ETF;Euronext Paris;EUR;LU;OUI;ESG ETF art. 8;Euronext;2026-08-04
LU1481201702;BNPP VALUED ESG;VALD;ETF;Euronext Paris;EUR;LU;OUI;ESG ETF art. 8;Euronext;2026-08-04
LU1481202692;BNP BB EURO AGG EC;JBEM;ETF;Euronext Paris | ETF Plus;EUR;LU;OUI;-;Euronext;2026-08-04
LU1481203070;BNPETFEJAHIMETFP;EJAH;ETF;ETF Plus | Euronext Paris;EUR;LU;OUI;ESG ETF art. 8;Euronext;2026-08-04
LU1484799769;UBS ETF CBSE;CBSE;ETF;Euronext Amsterdam | ETF Plus;EUR;LU;OUI;ESG ETF art. 8;Euronext;2026-08-04
LU1525418643;AMUETFEBBBIMETFP;EBBB;ETF;ETF Plus | Euronext Paris;EUR;LU;OUI;ESG ETF art. 8;Euronext;2026-08-04
LU1525418726;AMUETFUBBBIMETFP;UBBB;ETF;ETF Plus | Euronext Paris - Multi-currency Trading;EUR;LU;OUI;ESG ETF art. 8;Euronext;2026-08-04
LU1547515053;BNPPJPM ESG EM ETF;EMBI;ETF;Euronext Paris - Multi-currency Trading;USD;LU;OUI;ESG ETF art. 8;Euronext;2026-08-04
LU1547515137;BNPETFASRDIMETFP;ASRD;ETF;ETF Plus | Euronext Paris;EUR;LU;OUI;ESG ETF art. 8;Euronext;2026-08-04
LU1547515723;BNPETFMXUEFMXPAR;ENAMH;ETF;Euronext Paris;EUR;LU;OUI;-;Euronext;2026-08-04
LU1547516291;BNPP EMEHETF;EMEH;ETF;Euronext Paris;EUR;LU;OUI;-;Euronext;2026-08-04
LU1563454310;AMUNDI GREEN BOND;CLIM;ETF;Euronext Paris | ETF Plus;EUR;LU;OUI;ESG ETF art. 8;Euronext;2026-08-04
LU1563454401;MULETFCLIMIMETFP;CLMD;ETF;ETF Plus;EUR;LU;OUI;ESG ETF art. 8;Euronext;2026-08-04
LU1574104151;PHARUS GLOBAL V EQ;PSGQHD;OPCVM;ATFund Instruments;EUR;LU;OUI;;Euronext;2026-08-04
LU1589349734;AMUNDI US MIN VO;MIVU;ETF;Euronext Paris | Euronext Amsterdam - Multi-currency Trading;EUR;LU;OUI;-;Euronext;2026-08-04
LU1598688189;AMUNDI EMU GROWTH;GWT;ETF;Euronext Paris | ETF Plus;EUR;LU;OUI;-;Euronext;2026-08-04
LU1598689153;AMUNDI SMALL CAP;MMS;ETF;Euronext Paris | ETF Plus;EUR;LU;OUI;-;Euronext;2026-08-04
LU1598690169;AMUNDI EMU VALUE;VAL;ETF;Euronext Paris | ETF Plus;EUR;LU;OUI;-;Euronext;2026-08-04
LU1598691050;LYXETFTP13IMETFP;BTP13;ETF;ETF Plus;EUR;LU;OUI;-;Euronext;2026-08-04
LU1598691217;LYXETFTP10IMETFP;BTP10;ETF;ETF Plus;EUR;LU;OUI;-;Euronext;2026-08-04
LU1598757687;ARCELORMITTAL;4MT;Action;EuroTLX | Euronext Amsterdam, Paris;EUR;LU;OUI;;Euronext;2026-08-04
LU1600334798;UBSETFUEUAIMETFP;EUEUA;ETF;ETF Plus;EUR;LU;OUI;-;Euronext;2026-08-04
LU1602144575;AM EMU ESG LEAD EU;CMU;ETF;Euronext Paris | ETF Plus;EUR;LU;OUI;ESG ETF art. 8;Euronext;2026-08-04
LU1602144732;AMUETFETFP;CJ1;ETF;ETF Plus | Euronext Paris;EUR;LU;OUI;ESG ETF art. 8;Euronext;2026-08-04
LU1602144906;AM PAC XJP SRI EUR;CP9;ETF;Euronext Paris | ETF Plus;EUR;LU;OUI;ESG ETF art. 8;Euronext;2026-08-04
LU1602145036;AM PAC XJP SRI USD;CP9U;ETF;Euronext Paris - Multi-currency Trading;USD;LU;OUI;ESG ETF art. 9;Euronext;2026-08-04
LU1602468800;NEW MILLENNIUM PIR;NMPBSI;OPCVM;ATFund Instruments;EUR;LU;OUI;;Euronext;2026-08-04
LU1603790731;INDETFIQECIMETFP;IQEC;ETF;ETF Plus | Euronext Paris, Amsterdam;EUR;LU;OUI;ESG ETF art. 8;Euronext;2026-08-04
LU1603795458;INDETFIQEEIMETFP;IQEE;ETF;ETF Plus | Euronext Paris, Amsterdam;EUR;LU;OUI;ESG ETF art. 8;Euronext;2026-08-04
LU1603797587;INDETFIQJPIMETFP;IQJP;ETF;ETF Plus | Euronext Paris, Amsterdam;EUR;LU;OUI;ESG ETF art. 8;Euronext;2026-08-04
LU1615090864;BNPP EQDEU ESG;EDEU;ETF;Euronext Paris;EUR;LU;OUI;ESG ETF art. 8;Euronext;2026-08-04
LU1615092217;BNP WD SRI PAB EC;EMWE;ETF;Euronext Paris | ETF Plus;EUR;LU;OUI;ESG ETF art. 9;Euronext;2026-08-04
LU1617164998;LYXETFHYSIMETFP;HYS;ETF;ETF Plus;EUR;LU;OUI;-;Euronext;2026-08-04
LU1645380368;UBSETFNFL1IMETFP;INFL1;ETF;ETF Plus;EUR;LU;OUI;-;Euronext;2026-08-04
LU1645380442;UBSETFNFL1IMETFP;INF1A;ETF;ETF Plus;EUR;LU;OUI;-;Euronext;2026-08-04
LU1645381689;UBSETFFL10IMETFP;INFL10;ETF;ETF Plus;EUR;LU;OUI;-;Euronext;2026-08-04
LU1645385839;UBSETFHEMBIMETFP;SHEMB;ETF;ETF Plus;EUR;LU;OUI;-;Euronext;2026-08-04
LU1645386480;UBSETFHEMEIMETFP;SHEME;ETF;ETF Plus;EUR;LU;OUI;-;Euronext;2026-08-04
LU1646360542;AMUETFMXJPSXXPAR;JPHD;ETF;Euronext Paris;EUR;LU;OUI;ESG ETF art. 8;Euronext;2026-08-04
LU1646360971;AMUNDI Core EMU;MFE;ETF;Euronext Paris | ETF Plus;EUR;LU;OUI;-;Euronext;2026-08-04
LU1646361276;AMUNDI Core EMUACC;MFEC;ETF;Euronext Paris;EUR;LU;OUI;-;Euronext;2026-08-04
LU1650487413;AMUNDI EUROGOV 13Y;MTA;ETF;Euronext Paris | ETF Plus;EUR;LU;OUI;-;Euronext;2026-08-04
LU1650488494;AMUNDI EUROGOV 35Y;MTB;ETF;Euronext Paris | ETF Plus;EUR;LU;OUI;-;Euronext;2026-08-04
LU1650489385;AMUNDI EUR GOV1015;MTE;ETF;Euronext Paris | ETF Plus;EUR;LU;OUI;-;Euronext;2026-08-04
LU1650491282;AMUNDI Eur Gov Inf;MTI;ETF;Euronext Paris | ETF Plus;EUR;LU;OUI;-;Euronext;2026-08-04
LU1650492173;AMUNDI FTSE 100;L100;ETF;Euronext Paris | ETF Plus;EUR;LU;OUI;-;Euronext;2026-08-04
LU1650492330;AMUNDI FTSE 100 MH;100H;ETF;Euronext Paris;EUR;LU;OUI;-;Euronext;2026-08-04
LU1655103486;Os BLM EX (EUR);OP4E;ETF;Euronext Paris;EUR;LU;OUI;ESG ETF art. 9;Euronext;2026-08-04
LU1655103643;Os BLM JAP (Eur);OP5E;ETF;Euronext Paris;EUR;LU;OUI;ESG ETF art. 9;Euronext;2026-08-04
LU1655103726;Os BLM JAP (HDG);OP5H;ETF;Euronext Paris;EUR;LU;OUI;ESG ETF art. 9;Euronext;2026-08-04
LU1659681230;BNP EM SRI EC ESG;EMIS;ETF;Euronext Paris;EUR;LU;OUI;ESG ETF art. 9;Euronext;2026-08-04
LU1659681313;BNP EM SRI PAB ED;EISR;ETF;Euronext Paris | ETF Plus;EUR;LU;OUI;ESG ETF art. 9;Euronext;2026-08-04
LU1659681586;BNP US SRI PAB EC;EKLDC;ETF;Euronext Paris;EUR;LU;OUI;ESG ETF art. 9;Euronext;2026-08-04
LU1659681669;BNP US SRI PAB ED;EKUS;ETF;Euronext Paris | ETF Plus;EUR;LU;OUI;ESG ETF art. 9;Euronext;2026-08-04
LU1673108939;Aroundtown SA;1AT1;Action;Euronext Global Equity Market;EUR;LU;OUI;;Euronext;2026-08-04
LU1681037518;AMUETFMBESGRETFP;FMI;ETF;ETF Plus | Euronext Paris;EUR;LU;OUI;ESG ETF art. 8;Euronext;2026-08-04
LU1681037609;AMUNDI TOPIX EUR;TPXE;ETF;Euronext Paris;EUR;LU;OUI;-;Euronext;2026-08-04
LU1681037781;AMUNDI TOPIX JPY;TPXY;ETF;Euronext Paris - Multi-currency Trading;JPY;LU;OUI;-;Euronext;2026-08-04
LU1681037864;AMUETFTPXHIMETFP;TPXH;ETF;ETF Plus | Euronext Paris;EUR;LU;OUI;-;Euronext;2026-08-04
LU1681037948;AMUNDI TPX USD HD;TPHU;ETF;Euronext Paris - Multi-currency Trading;USD;LU;OUI;-;Euronext;2026-08-04
LU1681038086;AMUNDI TPX GBP HD;TPHG;ETF;Euronext Paris - Multi-currency Trading;GBP;LU;OUI;-;Euronext;2026-08-04
LU1681038169;AMUNDI TPX CHF DH;TPHC;ETF;Euronext Paris - Multi-currency Trading;CHF;LU;OUI;-;Euronext;2026-08-04
LU1681038243;AMUETFND100ETFP;ANX;ETF;ETF Plus | Euronext Paris;EUR;LU;OUI;-;Euronext;2026-08-04
LU1681038326;AMUNDI ETF NDX-B;ANXU;ETF;Euronext Paris - Multi-currency Trading;USD;LU;OUI;-;Euronext;2026-08-04
LU1681038599;AMUETFNDXHIMETFP;NDXH;ETF;ETF Plus | Euronext Paris;EUR;LU;OUI;-;Euronext;2026-08-04
LU1681038672;AMUETFRU2000ETFP;RS2K;ETF;ETF Plus | Euronext Paris;EUR;LU;OUI;-;Euronext;2026-08-04
LU1681038839;AMUNDI RUSSEL 2000;RS2U;ETF;Euronext Paris - Multi-currency Trading;USD;LU;OUI;-;Euronext;2026-08-04
LU1681038912;AMUNDI JPXNK 400;JPNK;ETF;Euronext Paris;EUR;LU;OUI;-;Euronext;2026-08-04
LU1681039050;AMUNDI JPXNK 400;JPNY;ETF;Euronext Paris - Multi-currency Trading;JPY;LU;OUI;-;Euronext;2026-08-04
LU1681039134;AMUNDI JPNK EUR HD;JPHE;ETF;Euronext Paris;EUR;LU;OUI;-;Euronext;2026-08-04
LU1681039217;AMUNDI JPNK USD HD;JPHU;ETF;Euronext Paris - Multi-currency Trading;USD;LU;OUI;-;Euronext;2026-08-04
LU1681039308;AMUNDI JPNK GBP HD;JPHG;ETF;Euronext Paris - Multi-currency Trading;GBP;LU;OUI;-;Euronext;2026-08-04
LU1681039480;AMUETFEPRNEUETFP;EPRE;ETF;ETF Plus | Euronext Paris;EUR;LU;OUI;-;Euronext;2026-08-04
LU1681039647;AMUETFCC4IMETFP;CC4;ETF;ETF Plus | Euronext Paris;EUR;LU;OUI;ESG ETF art. 8;Euronext;2026-08-04
LU1681040223;AMUNDI ETF STOX600;C6E;ETF;Euronext Paris;EUR;LU;OUI;ESG ETF art. 8;Euronext;2026-08-04
LU1681040496;AMUETFAHYEIMETFP;AHYE;ETF;ETF Plus | Euronext Paris;EUR;LU;OUI;ESG ETF art. 8;Euronext;2026-08-04
LU1681040900;AMUETFHFRNIMETFP;USFRN;ETF;ETF Plus | Euronext Paris - Multi-currency Trading;EUR;LU;OUI;ESG ETF art. 8;Euronext;2026-08-04
LU1681041031;AMUETFHFRNIMETFP;HFRN;ETF;ETF Plus | Euronext Paris;EUR;LU;OUI;ESG ETF art. 8;Euronext;2026-08-04
LU1681041114;AMUETFAFRNIMETFP;AFRN;ETF;ETF Plus | Euronext Paris;EUR;LU;OUI;ESG ETF art. 8;Euronext;2026-08-04
LU1681041205;AMUETFAGEBIMETFP;AGEB;ETF;ETF Plus | Euronext Paris - Multi-currency Trading;EUR;LU;OUI;-;Euronext;2026-08-04
LU1681041460;AMUNDI MSCI EURMOM;MCEU;ETF;Euronext Paris;EUR;LU;OUI;-;Euronext;2026-08-04
LU1681041544;AMUNDI ETF EUR MID;CEM;ETF;Euronext Paris;EUR;LU;OUI;ESG ETF art. 8;Euronext;2026-08-04
LU1681041890;AMUETFQCEUIMETFP;QCEU;ETF;ETF Plus | Euronext Paris;EUR;LU;OUI;-;Euronext;2026-08-04
LU1681041973;AMUNDI ETF EU HDVD;CD9;ETF;Euronext Paris;EUR;LU;OUI;-;Euronext;2026-08-04
LU1681042435;AMUNDI ETF EU GROW;CG9;ETF;Euronext Paris;EUR;LU;OUI;-;Euronext;2026-08-04
LU1681042518;AMUETFVCEUIMETFP;VCEU;ETF;ETF Plus | Euronext Paris;EUR;LU;OUI;-;Euronext;2026-08-04
LU1681042609;AMUETFCEUIMETFP;CEU;ETF;ETF Plus | Euronext Paris | Euronext Amsterdam - Multi-currency Trading;EUR;LU;OUI;ESG ETF art. 8;Euronext;2026-08-04
LU1681042864;AMUETFMXUSIMETFP;CU2;ETF;ETF Plus | Euronext Paris;EUR;LU;OUI;ESG ETF art. 8;Euronext;2026-08-04
LU1681042948;AMUNDI ETF USA-B;CU2U;ETF;Euronext Paris - Multi-currency Trading;USD;LU;OUI;ESG ETF art. 8;Euronext;2026-08-04
LU1681043086;AMUETFCI2IMETFP;CI2;ETF;ETF Plus | Euronext Paris;EUR;LU;OUI;-;Euronext;2026-08-04
LU1681043169;AMUNDI ETF INDIA-B;CI2U;ETF;Euronext Paris - Multi-currency Trading;USD;LU;OUI;-;Euronext;2026-08-04
LU1681043599;AMUETFMXWOETFP;CW8;ETF;ETF Plus | Euronext Paris;EUR;LU;OUI;-;Euronext;2026-08-04
LU1681043672;AMUNDI ETF WORLD-B;CW8U;ETF;Euronext Paris - Multi-currency Trading;USD;LU;OUI;-;Euronext;2026-08-04
LU1681043912;AMUETFMSCHETFP;CC1;ETF;ETF Plus | Euronext Paris;EUR;LU;OUI;ESG ETF art. 8;Euronext;2026-08-04
LU1681044050;AMUNDI ETF CHINA-B;CC1U;ETF;Euronext Paris - Multi-currency Trading;USD;LU;OUI;ESG ETF art. 8;Euronext;2026-08-04
LU1681044308;AMUNDI ETF EU X SW;CS9;ETF;Euronext Paris;EUR;LU;OUI;ESG ETF art. 8;Euronext;2026-08-04
LU1681044480;AMUETFEMAEIMETFP;AASI;ETF;ETF Plus | Euronext Paris;EUR;LU;OUI;-;Euronext;2026-08-04
LU1681044563;AMUNDI ETF EM AS U;AASU;ETF;Euronext Paris - Multi-currency Trading;USD;LU;OUI;-;Euronext;2026-08-04
LU1681044647;AMUETFCN1IMETFP;CN1;ETF;ETF Plus | Euronext Paris;EUR;LU;OUI;-;Euronext;2026-08-04
LU1681044720;AMUNDI ETF MS SWI;CSW;ETF;Euronext Paris;EUR;LU;OUI;-;Euronext;2026-08-04
LU1681044993;AMUNDI MSCI SWITZ;CSWC;ETF;Euronext Paris - Multi-currency Trading;CHF;LU;OUI;-;Euronext;2026-08-04
LU1681045024;AMUETFATAMIMETFP;ALAT;ETF;ETF Plus | Euronext Paris;EUR;LU;OUI;-;Euronext;2026-08-04
LU1681045297;AMUNDI ETF EM LA U;ALAU;ETF;Euronext Paris - Multi-currency Trading;USD;LU;OUI;-;Euronext;2026-08-04
LU1681045370;AMUETFMSEMMAETFP;AEEM;ETF;ETF Plus | Euronext Paris;EUR;LU;OUI;-;Euronext;2026-08-04
LU1681045453;AMUNDI ETF MS EM B;AUEM;ETF;Euronext Paris - Multi-currency Trading;USD;LU;OUI;-;Euronext;2026-08-04
LU1681045537;AMUNDI ETF W EX EU;CE8;ETF;Euronext Paris;EUR;LU;OUI;-;Euronext;2026-08-04
LU1681046006;AMUETFXDW0IMETFP;CWE;ETF;ETF Plus | Euronext Paris;EUR;LU;OUI;ESG ETF art. 8;Euronext;2026-08-04
LU1681046188;AMUNDI MSCIWL ENYU;CWEU;ETF;Euronext Paris - Multi-currency Trading;USD;LU;OUI;ESG ETF art. 8;Euronext;2026-08-04
LU1681046261;AMUETFCB3IMETFP;CB3;ETF;ETF Plus | Euronext Paris;EUR;LU;OUI;-;Euronext;2026-08-04
LU1681046345;AMUETFX13GIMETFP;X13G;ETF;ETF Plus | Euronext Paris;EUR;LU;OUI;-;Euronext;2026-08-04
LU1681046691;AMUETFAM3AIMETFP;AM3A;ETF;ETF Plus | Euronext Paris;EUR;LU;OUI;-;Euronext;2026-08-04
LU1681046774;AMUETFX1GIMETFP;X1G;ETF;ETF Plus | Euronext Paris;EUR;LU;OUI;-;Euronext;2026-08-04
LU1681046857;AMUNDI LW RATED D;X1GD;ETF;Euronext Paris;EUR;LU;OUI;-;Euronext;2026-08-04
LU1681046931;AMUETFC40IMETFP;C40;ETF;ETF Plus | Euronext Paris;EUR;LU;OUI;ESG ETF art. 8;Euronext;2026-08-04
LU1681047079;AMUNDIETF CAC40(D);C4D;ETF;Euronext Paris;EUR;LU;OUI;ESG ETF art. 8;Euronext;2026-08-04
LU1681047236;AMUETFEUS50ETFP;C50;ETF;ETF Plus | Euronext Paris;EUR;LU;OUI;-;Euronext;2026-08-04
LU1681047319;AMUNDI ETF ES50 D;CD5;ETF;Euronext Paris;EUR;LU;OUI;-;Euronext;2026-08-04
LU1681047400;AMUNDI ES50 USD;C50U;ETF;Euronext Paris - Multi-currency Trading;USD;LU;OUI;-;Euronext;2026-08-04
LU1681047665;AMUNDI JPNK CHF HD;JPHC;ETF;Euronext Paris - Multi-currency Trading;CHF;LU;OUI;-;Euronext;2026-08-04
LU1681048127;AMUETFB500IMETFP;B500;ETF;ETF Plus | Euronext Paris;EUR;LU;OUI;-;Euronext;2026-08-04
LU1681048556;AMUNDI S&P BBck US;BYBU;ETF;Euronext Paris - Multi-currency Trading;USD;LU;OUI;-;Euronext;2026-08-04
LU1681048630;AMUETFGLUXIMETFP;GLUX;ETF;ETF Plus | Euronext Paris;EUR;LU;OUI;-;Euronext;2026-08-04
LU1681048713;AMUNDI G LUX USD;LUXU;ETF;Euronext Paris - Multi-currency Trading;USD;LU;OUI;-;Euronext;2026-08-04
LU1681048804;AMUETFSP500TETFP;A500;ETF;ETF Plus | Euronext Paris;EUR;LU;OUI;-;Euronext;2026-08-04
LU1681049018;AMUNDI ETF SP500;500E;ETF;Euronext Amsterdam | Euronext Paris - Multi-currency Trading;EUR;LU;OUI;-;Euronext;2026-08-04
LU1681049109;AMUETF500HITETFP;500H;ETF;ETF Plus | Euronext Paris;EUR;LU;OUI;-;Euronext;2026-08-04
LU1686830909;LYXETFMKTBIMETFP;EMKTB;ETF;ETF Plus;EUR;LU;OUI;-;Euronext;2026-08-04
LU1686831030;LYXETFEMBHIMETFP;EMBHI;ETF;ETF Plus;EUR;LU;OUI;-;Euronext;2026-08-04
LU1686832194;AMUNDI LY DURA 25Y;MTH;ETF;Euronext Paris;EUR;LU;OUI;-;Euronext;2026-08-04
LU1691909508;AMUNDI GENDER EQUA;ELLE;ETF;Euronext Paris;EUR;LU;OUI;ESG ETF art. 8;Euronext;2026-08-04
LU1708330235;AMUETFGOVHIMETFP;GOVH;ETF;ETF Plus | Euronext Paris;EUR;LU;OUI;-;Euronext;2026-08-04
LU1708330318;AMUETFGAGHIMETFP;GAGH;ETF;ETF Plus | Euronext Paris;EUR;LU;OUI;-;Euronext;2026-08-04
LU1720938841;UBSETFMLOCIMETFP;EMLOC;ETF;ETF Plus;EUR;LU;OUI;-;Euronext;2026-08-04
LU1737652583;AMUETFGEASIMETFP;AEMD;ETF;ETF Plus;EUR;LU;OUI;-;Euronext;2026-08-04
LU1737653714;AMUETFMTIGIMETFP;MTIG;ETF;ETF Plus;EUR;LU;OUI;-;Euronext;2026-08-04
LU1753045332;BNP EU SRI PAB EC;SRIEC;ETF;Euronext Paris;EUR;LU;OUI;ESG ETF art. 9;Euronext;2026-08-04
LU1753045415;BNP EU SRI PAB ED;SRIE;ETF;Euronext Paris | ETF Plus;EUR;LU;OUI;ESG ETF art. 9;Euronext;2026-08-04
LU1753045845;BNP JP SRI PAB EC;SRIJC;ETF;Euronext Paris;EUR;LU;OUI;ESG ETF art. 9;Euronext;2026-08-04
LU1753045928;BNP JP SRI PAB ED;SRIJ;ETF;Euronext Paris | ETF Plus;EUR;LU;OUI;ESG ETF art. 9;Euronext;2026-08-04
LU1769738383;COMPAM FUND GLOBAL;COMGFB;OPCVM;ATFund Instruments;EUR;LU;OUI;;Euronext;2026-08-04
LU1778293313;AMUNDI G AG500 UH;GAHU;ETF;Euronext Paris - Multi-currency Trading;USD;LU;OUI;-;Euronext;2026-08-04
LU1778762911;SPOTIFY TECHNOLOGY;2SPOT;Action;Trading After Hours | Euronext Global Equity Market | EuroTLX;EUR;LU;OUI;;Euronext;2026-08-04
LU1781541252;Lyxor Core Japan;LCJP;ETF;Euronext Amsterdam - Multi-currency Trading | ETF Plus;JPY;LU;OUI;-;Euronext;2026-08-04
LU1781541849;MULETFEMAEIMETFP;LCAS;ETF;ETF Plus;EUR;LU;OUI;-;Euronext;2026-08-04
LU1783934646;COMPAM FUND A G EQ;COMGEQ;OPCVM;ATFund Instruments;EUR;LU;OUI;;Euronext;2026-08-04
LU1804202403;UBSETFEUFMIMETFP;EUFM;ETF;ETF Plus;EUR;LU;OUI;-;Euronext;2026-08-04
LU1805389258;UBSETFE15SIMETFP;E15S;ETF;ETF Plus;EUR;LU;OUI;ESG ETF art. 8;Euronext;2026-08-04
LU1805389506;UBSETFI33251ETFP;EUC;ETF;ETF Plus;EUR;LU;OUI;-;Euronext;2026-08-04
LU1806495575;AMUETFUCRPIMETFP;UCRP;ETF;ETF Plus | Euronext Paris - Multi-currency Trading;EUR;LU;OUI;ESG ETF art. 8;Euronext;2026-08-04
LU1812090543;AMUNDI EUR H YIELD;YIEL;ETF;Euronext Paris | ETF Plus;EUR;LU;OUI;ESG ETF art. 8;Euronext;2026-08-04
LU1812091194;Amundi FTSE Epra;MEH;ETF;Euronext Paris | ETF Plus;EUR;LU;OUI;-;Euronext;2026-08-04
LU1812092168;AMUNDI STX EU SDIV;SEL;ETF;Euronext Paris | ETF Plus;EUR;LU;OUI;-;Euronext;2026-08-04
LU1829218749;AMUNDI BBG Eql wgt;COMO;ETF;Euronext Paris | ETF Plus;EUR;LU;OUI;-;Euronext;2026-08-04
LU1829218822;AMUNDI ESG CRPEXFN;CNB;ETF;Euronext Paris | ETF Plus;EUR;LU;OUI;ESG ETF art. 8;Euronext;2026-08-04
LU1829219127;AMUNDI ESG EUR CRP;CRP;ETF;Euronext Paris | ETF Plus;EUR;LU;OUI;ESG ETF art. 8;Euronext;2026-08-04
LU1829219390;AMUNDI EUR STXBNK;BNKE;ETF;Euronext Paris | ETF Plus;EUR;LU;OUI;-;Euronext;2026-08-04
LU1829219556;AMUNDI EMTS BD 13Y;MA13;ETF;Euronext Paris | ETF Plus;EUR;LU;OUI;-;Euronext;2026-08-04
LU1829219713;AMUNDI EMTS BD 35Y;MA35;ETF;Euronext Paris | ETF Plus;EUR;LU;OUI;-;Euronext;2026-08-04
LU1829220216;AMUNDI ALL CNTYWLD;ACWI;ETF;Euronext Paris | ETF Plus;EUR;LU;OUI;-;Euronext;2026-08-04
LU1829221024;AMUNDI NASDAQ 100;UST;ETF;Euronext Paris | ETF Plus;EUR;LU;OUI;-;Euronext;2026-08-04
LU1832418773;AMUNDI EPRA G DEV;MWO;ETF;Euronext Paris | ETF Plus;EUR;LU;OUI;-;Euronext;2026-08-04
LU1834983477;AMUNDI STX EU BANK;BNK;ETF;Euronext Paris | ETF Plus;EUR;LU;OUI;-;Euronext;2026-08-04
LU1834983550;AMUNDI ST EU BA RE;BRES;ETF;Euronext Paris | ETF Plus;EUR;LU;OUI;-;Euronext;2026-08-04
LU1834983634;AMUNDI STX600 BMAT;CHM;ETF;Euronext Paris | ETF Plus;EUR;LU;OUI;-;Euronext;2026-08-04
LU1834985845;AMUNDI STX600 CONS;FOO;ETF;Euronext Paris | ETF Plus;EUR;LU;OUI;-;Euronext;2026-08-04
LU1834986900;AMUNDI ST EU HLTHC;HLT;ETF;Euronext Paris | ETF Plus;EUR;LU;OUI;-;Euronext;2026-08-04
LU1834987890;AMUNDI STX600 INDU;IND;ETF;Euronext Paris | ETF Plus;EUR;LU;OUI;-;Euronext;2026-08-04
LU1834987973;AMUNDI STX 600 INS;INS;ETF;Euronext Paris | ETF Plus;EUR;LU;OUI;-;Euronext;2026-08-04
LU1834988278;AMUNDI ST EU ENERG;ENRG;ETF;Euronext Paris | ETF Plus;EUR;LU;OUI;ESG ETF art. 8;Euronext;2026-08-04
LU1834988518;AMUNDI STX EU TECH;TNO;ETF;Euronext Paris | ETF Plus;EUR;LU;OUI;-;Euronext;2026-08-04
LU1834988609;AMUNDI STX EU TELE;TELE;ETF;Euronext Paris | ETF Plus;EUR;LU;OUI;-;Euronext;2026-08-04
LU1834988781;AMUNDI STX600 TRAV;TRV;ETF;Euronext Paris | ETF Plus;EUR;LU;OUI;-;Euronext;2026-08-04
LU1834988864;AMUNDI ST EU UTILI;UTI;ETF;Euronext Paris | ETF Plus;EUR;LU;OUI;-;Euronext;2026-08-04
LU1841731745;MULETFXCS6IMETFP;LCCN;ETF;ETF Plus | Euronext Paris;EUR;LU;OUI;-;Euronext;2026-08-04
LU1847674733;Os BLM (EUR);OP2E;ETF;Euronext Paris;EUR;LU;OUI;ESG ETF art. 9;Euronext;2026-08-04
LU1852211215;UBSETFMDBAIMETFP;MDBA;ETF;ETF Plus;EUR;LU;OUI;ESG ETF art. 8;Euronext;2026-08-04
LU1852211991;UBSETFMDBEIMETFP;MDBE;ETF;ETF Plus;EUR;LU;OUI;ESG ETF art. 8;Euronext;2026-08-04
LU1859444769;BNPETFSRICIMETFP;SRIC;ETF;ETF Plus | Euronext Paris;EUR;LU;OUI;ESG ETF art. 8;Euronext;2026-08-04
LU1861132840;AMUETFGOAIIMETFP;GOAI;ETF;ETF Plus | Euronext Paris | Euronext Amsterdam - Multi-currency Trading;EUR;LU;OUI;ESG ETF art. 8;Euronext;2026-08-04
LU1861137484;AMUETFUSRII3ETFP;EUSRI;ETF;ETF Plus | Euronext Paris;EUR;LU;OUI;ESG ETF art. 8;Euronext;2026-08-04
LU1861138961;AMUETFMSRIIMETFP;EMSRI;ETF;ETF Plus | Euronext Paris;EUR;LU;OUI;ESG ETF art. 8;Euronext;2026-08-04
LU1867072495;SAFE SICAV-ELECTRI;PHSEMN;OPCVM;ATFund Instruments;EUR;LU;OUI;;Euronext;2026-08-04
LU1867072735;PHARUS ASIAN VALUE;PHSAN;OPCVM;ATFund Instruments;EUR;LU;OUI;;Euronext;2026-08-04
LU1868872802;PHARUS BEST REG. C;PHSTED;OPCVM;ATFund Instruments;EUR;LU;OUI;;Euronext;2026-08-04
LU1875395870;XTRETFN225NTETFP;XDJE;ETF;ETF Plus;EUR;LU;OUI;-;Euronext;2026-08-04
LU1900065811;AMUNDI ETF MSCIIND;INDO;ETF;Euronext Paris | ETF Plus;EUR;LU;OUI;-;Euronext;2026-08-04
LU1900066033;AMUNDI MSCI SEMICO;CHIP;ETF;Euronext Paris | ETF Plus;EUR;LU;OUI;ESG ETF art. 8;Euronext;2026-08-04
LU1900066207;AMUNDI MSCI BRAZIL;RIO;ETF;Euronext Paris | ETF Plus;EUR;LU;OUI;-;Euronext;2026-08-04
LU1900066462;AMUNDI ETF EASTERN;CEC;ETF;Euronext Paris | ETF Plus;EUR;LU;OUI;-;Euronext;2026-08-04
LU1900066975;AMUNDI MSCI Korea;KRW;ETF;Euronext Paris | ETF Plus;EUR;LU;OUI;-;Euronext;2026-08-04
LU1900067601;AMUNDI MSCI TURKEY;TUR;ETF;Euronext Paris | ETF Plus;EUR;LU;OUI;-;Euronext;2026-08-04
LU1900067940;MULETFHKIMETFP;HK;ETF;ETF Plus;EUR;LU;OUI;ESG ETF art. 8;Euronext;2026-08-04
LU1900068161;AMUNDI ASIA EX JPN;APX;ETF;Euronext Paris | ETF Plus;EUR;LU;OUI;-;Euronext;2026-08-04
LU1900068328;AMUNDI ASI PA EXJP;AEJ;ETF;Euronext Paris | ETF Plus;EUR;LU;OUI;-;Euronext;2026-08-04
LU1900068914;AMUNDI CHINA ENTP;ASI;ETF;Euronext Paris | ETF Plus;EUR;LU;OUI;ESG ETF art. 8;Euronext;2026-08-04
LU1900069219;MULETFETFP;COMH;ETF;ETF Plus;EUR;LU;OUI;-;Euronext;2026-08-04
LU1910939849;MULETFGISTIMETFP;GIST;ETF;ETF Plus;EUR;LU;OUI;-;Euronext;2026-08-04
LU1910940268;MULETFGISEIMETFP;GISE;ETF;ETF Plus;EUR;LU;OUI;-;Euronext;2026-08-04
LU1920015366;XTRETFSEMUIMETFP;XEMU;ETF;ETF Plus;EUR;LU;OUI;-;Euronext;2026-08-04
LU1920015440;XTRETFJPEIBNETFP;XUEB;ETF;ETF Plus;EUR;LU;OUI;-;Euronext;2026-08-04
LU1923163676;AMUNDI FRN 1 3 GBP;AFRHG;ETF;Euronext Paris - Multi-currency Trading;GBP;LU;OUI;ESG ETF art. 8;Euronext;2026-08-04
LU1923163759;AMUNDI FRN 1 3 USD;AFRHU;ETF;Euronext Paris - Multi-currency Trading;USD;LU;OUI;ESG ETF art. 8;Euronext;2026-08-04
LU1931974262;AMUETFTFEUIMETFP;ETFEU;ETF;ETF Plus;EUR;LU;OUI;-;Euronext;2026-08-04
LU1931974429;AMUETFTFEZIMETFP;ETFEZ;ETF;ETF Plus;EUR;LU;OUI;-;Euronext;2026-08-04
LU1931974775;AMUETFFJAPIMETFP;ETFJAP;ETF;ETF Plus;EUR;LU;OUI;-;Euronext;2026-08-04
LU1931975079;AMUETFFCRPIMETFP;ETFCOR;ETF;ETF Plus;EUR;LU;OUI;-;Euronext;2026-08-04
LU1931975152;AMUETFFGOVIMETFP;ETFGOV;ETF;ETF Plus | Euronext Amsterdam - Multi-currency Trading;EUR;LU;OUI;-;Euronext;2026-08-04
LU1931975236;AMUETFTFGGIMETFP;ETFGG;ETF;ETF Plus;EUR;LU;OUI;-;Euronext;2026-08-04
LU1931975319;AMUETFFUSTIMETFP;ETFUST;ETF;ETF Plus;EUR;LU;OUI;-;Euronext;2026-08-04
LU1940199711;AMUNDI EUR ESGLEAD;ESGE;ETF;Euronext Paris | ETF Plus;EUR;LU;OUI;ESG ETF art. 8;Euronext;2026-08-04
LU1940199984;AMUNDI MSCI EU ESG;ESGH;ETF;Euronext Paris | ETF Plus;EUR;LU;OUI;ESG ETF art. 8;Euronext;2026-08-04
LU1953136287;BNPP  BONDSRI ETF;SRICD;ETF;Euronext Paris;EUR;LU;OUI;ESG ETF art. 8;Euronext;2026-08-04
LU1953136527;BNPETFEUSEIMETFP;REUSE;ETF;ETF Plus | Euronext Paris;EUR;LU;OUI;ESG ETF art. 9;Euronext;2026-08-04
LU1953137681;BNPETFUSRIIMETFP;MUSRI;ETF;ETF Plus | Euronext Paris;EUR;LU;OUI;ESG ETF art. 9;Euronext;2026-08-04
LU1953188833;UBSETFNESGIMETFP;CINESG;ETF;ETF Plus;EUR;LU;OUI;ESG ETF art. 8;Euronext;2026-08-04
LU1954152853;MULETFNDXHIMETFP;USTH;ETF;ETF Plus;EUR;LU;OUI;-;Euronext;2026-08-04
LU1971906802;UBSETF0ESGIMETFP;E50ESG;ETF;ETF Plus;EUR;LU;OUI;ESG ETF art. 8;Euronext;2026-08-04
LU1974693662;UBSETFEGOIMETFP;EGO;ETF;ETF Plus;EUR;LU;OUI;ESG ETF art. 8;Euronext;2026-08-04
LU1974694553;UBSETFEGEIMETFP;EGE;ETF;ETF Plus;EUR;LU;OUI;ESG ETF art. 8;Euronext;2026-08-04
LU1974695790;UBSETFEMIGIMETFP;EMIG;ETF;ETF Plus;EUR;LU;OUI;ESG ETF art. 8;Euronext;2026-08-04
LU1974696418;UBSETFMIGEIMETFP;EMIGE;ETF;ETF Plus;EUR;LU;OUI;ESG ETF art. 8;Euronext;2026-08-04
LU1981860072;AMUETFCO2EIMETFP;XCO2E;ETF;ETF Plus;EUR;LU;OUI;ESG ETF art. 8;Euronext;2026-08-04
LU2008760592;BNPETFRIC3IMETFP;SRIC3;ETF;ETF Plus | Euronext Paris;EUR;LU;OUI;ESG ETF art. 8;Euronext;2026-08-04
LU2008761053;BNPETFRIC5IMETFP;SRIC5;ETF;ETF Plus | Euronext Paris;EUR;LU;OUI;ESG ETF art. 8;Euronext;2026-08-04
LU2008763935;BNPETFREALIMETFP;GREAL;ETF;ETF Plus | Euronext Paris;EUR;LU;OUI;ESG ETF art. 9;Euronext;2026-08-04
LU2009147757;XTRETFSP500ETFP;XSXD;ETF;ETF Plus;EUR;LU;OUI;-;Euronext;2026-08-04
LU2009202107;MULETFEMXCIMETFP;EMXC;ETF;ETF Plus | Euronext Paris;EUR;LU;OUI;-;Euronext;2026-08-04
LU2018762653;AMUNDI US STEEPEN;STPU;ETF;Euronext Paris | ETF Plus;EUR;LU;OUI;-;Euronext;2026-08-04
LU2023678282;AMUNDI DISRUP TECH;UNIC;ETF;Euronext Paris | ETF Plus;EUR;LU;OUI;ESG ETF art. 8;Euronext;2026-08-04
LU2023678449;AMUNDI MILLENNIALS;MILL;ETF;Euronext Paris | ETF Plus;EUR;LU;OUI;ESG ETF art. 8;Euronext;2026-08-04
LU2023678878;AMUNDI DIG ECO;EBUY;ETF;Euronext Paris | ETF Plus;EUR;LU;OUI;ESG ETF art. 8;Euronext;2026-08-04
LU2023679090;AMUNDI FUTUR MOB;ELCR;ETF;Euronext Paris | ETF Plus;EUR;LU;OUI;ESG ETF art. 8;Euronext;2026-08-04
LU2037748345;AMUETFCITYITETFP;SCITY;ETF;ETF Plus | Euronext Paris | Euronext Amsterdam - Multi-currency Trading;EUR;LU;OUI;-;Euronext;2026-08-04
LU2037748774;AMUETFCRP3IMETFP;ECRP3;ETF;ETF Plus | Euronext Paris;EUR;LU;OUI;ESG ETF art. 8;Euronext;2026-08-04
LU2037749152;AMUETFFUSCIMETFP;ETFUSC;ETF;ETF Plus;EUR;LU;OUI;-;Euronext;2026-08-04
LU2059756325;AM EMU ESG LEAD D;CMUD;ETF;Euronext Paris;EUR;LU;OUI;ESG ETF art. 8;Euronext;2026-08-04
LU2059756598;AMUETFUSRII3ETFP;EDSRI;ETF;ETF Plus;EUR;LU;OUI;ESG ETF art. 8;Euronext;2026-08-04
LU2069380306;OSSETFOG35IMETFP;OG35;ETF;ETF Plus;EUR;LU;OUI;ESG ETF art. 8;Euronext;2026-08-04
LU2089238385;AMUETFFJAPIMXPAR;PRAJ;ETF;Euronext Paris;EUR;LU;OUI;-;Euronext;2026-08-04
LU2089238625;AMUETFFCRPIMETFP;ETFCRP;ETF;ETF Plus | Euronext Paris;EUR;LU;OUI;-;Euronext;2026-08-04
LU2090062865;AMUNDI EUR GVTB57D;C53D;ETF;Euronext Paris;EUR;LU;OUI;-;Euronext;2026-08-04
LU2090063673;Lyxor Core Japan;LJPN;ETF;Euronext Amsterdam - Multi-currency Trading;JPY;LU;OUI;-;Euronext;2026-08-04
LU2095995895;UBSETFCIBIMETFP;CIB;ETF;ETF Plus;EUR;LU;OUI;-;Euronext;2026-08-04
LU2098179695;UBSETFJT13IMETFP;JT13;ETF;ETF Plus;EUR;LU;OUI;-;Euronext;2026-08-04
LU2098180271;UBSETFH01670ETFP;JT13E;ETF;ETF Plus;EUR;LU;OUI;-;Euronext;2026-08-04
LU2099289147;MULETFGOVGIMETFP;GOVG;ETF;ETF Plus;EUR;LU;OUI;-;Euronext;2026-08-04
LU2099295466;LYXETFGHYEIMETFP;GHYE;ETF;ETF Plus;EUR;LU;OUI;ESG ETF art. 8;Euronext;2026-08-04
LU2099296274;LYXETFHYEHIMETFP;GHYEH;ETF;ETF Plus;EUR;LU;OUI;ESG ETF art. 8;Euronext;2026-08-04
LU2099991536;UBSETFECOIMETFP;ECO;ETF;ETF Plus;EUR;LU;OUI;ESG ETF art. 8;Euronext;2026-08-04
LU2099992260;UBSETFECEIMETFP;ECE;ETF;ETF Plus;EUR;LU;OUI;ESG ETF art. 8;Euronext;2026-08-04
LU2109787049;AMUETFMXEMEBETFP;CLEM;ETF;ETF Plus | Euronext Paris;EUR;LU;OUI;ESG ETF art. 8;Euronext;2026-08-04
LU2109787551;AMUETFMESGIMETFP;EMESG;ETF;ETF Plus;EUR;LU;OUI;ESG ETF art. 8;Euronext;2026-08-04
LU2109787635;AMUETFUSRII2ETFP;CMUSRI;ETF;ETF Plus | Euronext Paris | Euronext Amsterdam - Multi-currency Trading;EUR;LU;OUI;ESG ETF art. 8;Euronext;2026-08-04
LU2130768844;AM EUR CLIM CTB;LWCE;ETF;Euronext Paris | ETF Plus;EUR;LU;OUI;ESG ETF art. 8;Euronext;2026-08-04
LU2158769930;XTRETFGBECP0ETFP;XEML;ETF;ETF Plus;EUR;LU;OUI;-;Euronext;2026-08-04
LU2178481649;XTRETFXZE5IMETFP;XZE5;ETF;ETF Plus;EUR;LU;OUI;ESG ETF art. 8;Euronext;2026-08-04
LU2182388236;AMUETFEGRIIMETFP;EGRI;ETF;ETF Plus | Euronext Paris;EUR;LU;OUI;ESG ETF art. 8;Euronext;2026-08-04
LU2182388582;AMUNDI EURZ CLIMPA;PABZ;ETF;Euronext Paris;EUR;LU;OUI;ESG ETF art. 9;Euronext;2026-08-04
LU2194286006;UBSETFGEBIMETFP;GEB;ETF;ETF Plus;EUR;LU;OUI;ESG ETF art. 8;Euronext;2026-08-04
LU2194447293;BNPETFCEANIMETFP;OCEAN;ETF;ETF Plus | Euronext Paris;EUR;LU;OUI;ESG ETF art. 9;Euronext;2026-08-04
LU2194449075;BNPETFCWLDIMETFP;LCWLD;ETF;ETF Plus | Euronext Paris;EUR;LU;OUI;ESG ETF art. 9;Euronext;2026-08-04
LU2195226068;AMUNDI EUROZONEPAB;EPAB;ETF;Euronext Paris | ETF Plus;EUR;LU;OUI;ESG ETF art. 8;Euronext;2026-08-04
LU2196472984;XTRETFSP500ETFP;XS5E;ETF;ETF Plus;EUR;LU;OUI;-;Euronext;2026-08-04
LU2206597804;UBSETFRSRIIMETFP;EURSRI;ETF;ETF Plus;EUR;LU;OUI;ESG ETF art. 8;Euronext;2026-08-04
LU2206598109;UBSETFESRIIMETFP;EUESRI;ETF;ETF Plus;EUR;LU;OUI;ESG ETF art. 8;Euronext;2026-08-04
LU2216829809;LYXETFCATHIMETFP;CATH;ETF;ETF Plus;EUR;LU;OUI;ESG ETF art. 8;Euronext;2026-08-04
LU2233156749;AMUNDI JPX4 ETF;JPX4;ETF;Euronext Paris | Euronext Amsterdam - Multi-currency Trading;EUR;LU;OUI;ESG ETF art. 9;Euronext;2026-08-04
LU2240851688;AMUETFXESGIMETFP;DAXESG;ETF;ETF Plus;EUR;LU;OUI;ESG ETF art. 8;Euronext;2026-08-04
LU2244386053;BNPETFYSRIIMETFP;HYSRI;ETF;ETF Plus | Euronext Paris;EUR;LU;OUI;ESG ETF art. 8;Euronext;2026-08-04
LU2244386137;BNPETFYSRIIMETFP;HSRID;ETF;ETF Plus | Euronext Paris;EUR;LU;OUI;ESG ETF art. 8;Euronext;2026-08-04
LU2244387457;BNPETFGEMUIMETFP;GEMU;ETF;ETF Plus | Euronext Paris;EUR;LU;OUI;ESG ETF art. 8;Euronext;2026-08-04
LU2244387887;BNPETFEGROIMETFP;EGRO;ETF;ETF Plus | Euronext Paris;EUR;LU;OUI;ESG ETF art. 8;Euronext;2026-08-04
LU2249747283;NEW MILLENNIUM TR;NMTRF;OPCVM;ATFund Instruments;EUR;LU;OUI;;Euronext;2026-08-04
LU2264552998;QSF -QUA FAM GLOB;QSFFGV;OPCVM;ATFund Instruments;EUR;LU;OUI;;Euronext;2026-08-04
LU2265794276;UBSETFCITIMETFP;CIT;ETF;ETF Plus;EUR;LU;OUI;-;Euronext;2026-08-04
LU2265794946;UBSETFCITEIMETFP;CITE;ETF;ETF Plus;EUR;LU;OUI;-;Euronext;2026-08-04
LU2269164310;AMUNDI JPXH ETF;JPXH;ETF;Euronext Paris;EUR;LU;OUI;ESG ETF art. 9;Euronext;2026-08-04
LU2290522684;INPOST;2INPST;Action;Trading After Hours | Euronext Amsterdam;EUR;LU;OUI;;Euronext;2026-08-04
LU2300294316;AMUETFECR1IMETFP;ECR1;ETF;ETF Plus | Euronext Paris;EUR;LU;OUI;ESG ETF art. 8;Euronext;2026-08-04
LU2314312849;BNPETFHINEIMETFP;CHINE;ETF;ETF Plus | Euronext Paris;EUR;LU;OUI;ESG ETF art. 8;Euronext;2026-08-04
LU2314312922;BNPP China$ ETF;CHINU;ETF;Euronext Paris - Multi-currency Trading;USD;LU;OUI;ESG ETF art. 8;Euronext;2026-08-04
LU2338178218;MULTI USTreas 1-3Y;U13HK;ETF;Euronext Paris - Multi-currency Trading;HKD;LU;OUI;-;Euronext;2026-08-04
LU2338178481;MULTI US-T 7-10Y;U710H;ETF;Euronext Paris - Multi-currency Trading;HKD;LU;OUI;-;Euronext;2026-08-04
LU2338178648;AMUNDI US-T 10Y+;U10HK;ETF;Euronext Paris - Multi-currency Trading;HKD;LU;OUI;-;Euronext;2026-08-04
LU2343997487;Amundi MSCI CHINA;CNEG;ETF;Euronext Paris;EUR;LU;OUI;ESG ETF art. 9;Euronext;2026-08-04
LU2345046655;AMUETFMXEFEGXPAR;EMXU;ETF;Euronext Paris;EUR;LU;OUI;ESG ETF art. 8;Euronext;2026-08-04
LU2346257210;AMUETFHYCIMXPAR;HYCC;ETF;Euronext Paris | ETF Plus;EUR;LU;OUI;ESG ETF art. 8;Euronext;2026-08-04
LU2356220926;AMUNDI Euro GovGrn;ERTH;ETF;Euronext Paris | ETF Plus;EUR;LU;OUI;ESG ETF art. 9;Euronext;2026-08-04
LU2358390594;VARENNE VALEUR;VVAITA;OPCVM;ATFund Instruments;EUR;LU;OUI;;Euronext;2026-08-04
LU2365458145;BNPETFGEHEIMETFP;EGEHE;ETF;ETF Plus | Euronext Paris;EUR;LU;OUI;ESG ETF art. 9;Euronext;2026-08-04
LU2365458731;BNPPGreenbondD ETF;GSSBO;ETF;Euronext Paris;EUR;LU;OUI;ESG ETF art. 9;Euronext;2026-08-04
LU2365458814;BNPETFEGSSIMETFP;EJEGSS;ETF;ETF Plus | Euronext Paris;EUR;LU;OUI;ESG ETF art. 9;Euronext;2026-08-04
LU2370241684;AMUNDI Corp GreenB;PLAN;ETF;Euronext Paris | ETF Plus;EUR;LU;OUI;ESG ETF art. 8;Euronext;2026-08-04
LU2376679564;XTRETFXCTEIMETFP;XCTE;ETF;ETF Plus;EUR;LU;OUI;ESG ETF art. 8;Euronext;2026-08-04
LU2385068163;XTRETFXZWGIMETFP;XZWG;ETF;ETF Plus;EUR;LU;OUI;ESG ETF art. 8;Euronext;2026-08-04
LU2385068593;XTRETFXZWGIMETFP;XZEG;ETF;ETF Plus;EUR;LU;OUI;ESG ETF art. 8;Euronext;2026-08-04
LU2408467723;UBSETFU15SIMETFP;U15S;ETF;ETF Plus;EUR;LU;OUI;ESG ETF art. 8;Euronext;2026-08-04
LU2408468291;UBSETFU15EIMETFP;U15E;ETF;ETF Plus;EUR;LU;OUI;ESG ETF art. 8;Euronext;2026-08-04
LU2418815473;MULETFINFHIMETFP;INFH;ETF;ETF Plus;EUR;LU;OUI;-;Euronext;2026-08-04
LU2439734141;AMUETFASRIIMETFP;GASRI;ETF;ETF Plus | Euronext Paris;EUR;LU;OUI;ESG ETF art. 8;Euronext;2026-08-04
LU2446383254;BNPETFI34701XPAR;SRI3C;ETF;Euronext Paris;EUR;LU;OUI;ESG ETF art. 8;Euronext;2026-08-04
LU2446383338;BNPP BONDSRI5 ETF;SRIC6;ETF;Euronext Paris;EUR;LU;OUI;ESG ETF art. 9;Euronext;2026-08-04
LU2456436083;XTRETFXCS7IMETFP;XCS7;ETF;ETF Plus;EUR;LU;OUI;-;Euronext;2026-08-04
LU2468423459;XTRETFXZEBIMETFP;XZEB;ETF;ETF Plus;EUR;LU;OUI;ESG ETF art. 8;Euronext;2026-08-04
LU2469465822;XTRETFXCNAIMETFP;XCNA;ETF;ETF Plus;EUR;LU;OUI;ESG ETF art. 8;Euronext;2026-08-04
LU2484583138;UBSETFH37026ETFP;GGB;ETF;ETF Plus;EUR;LU;OUI;ESG ETF art. 8;Euronext;2026-08-04
LU2484583302;UBSETFH37026ETFP;GGE;ETF;ETF Plus;EUR;LU;OUI;ESG ETF art. 8;Euronext;2026-08-04
LU2491210618;Os BLM ASIA P(EUR);OP6E;ETF;Euronext Paris;EUR;LU;OUI;ESG ETF art. 9;Euronext;2026-08-04
LU2504532131;XTRETFXTIPIMETFP;XTIP;ETF;ETF Plus;EUR;LU;OUI;-;Euronext;2026-08-04
LU2504532487;XTRETFXGEZIMETFP;XGEZ;ETF;ETF Plus;EUR;LU;OUI;ESG ETF art. 9;Euronext;2026-08-04
LU2504537445;XTRETFXEZBIMETFP;XEZB;ETF;ETF Plus;EUR;LU;OUI;ESG ETF art. 8;Euronext;2026-08-04
LU2533810276;BNPP Circular ETF;REUSD;ETF;Euronext Paris - Multi-currency Trading;USD;LU;OUI;ESG ETF art. 8;Euronext;2026-08-04
LU2533810789;BNPETFEMUG13ETFP;GEU3D;ETF;ETF Plus | Euronext Paris;EUR;LU;OUI;ESG ETF art. 8;Euronext;2026-08-04
LU2533810862;BNPETFEMUG13ETFP;GEU3C;ETF;ETF Plus | Euronext Paris;EUR;LU;OUI;ESG ETF art. 8;Euronext;2026-08-04
LU2533811910;BNP EUR Ushr SRI D;SRIUD;ETF;Euronext Paris;EUR;LU;OUI;ESG ETF art. 8;Euronext;2026-08-04
LU2533812058;BNP EUR Ushr SRI C;SRIUC;ETF;Euronext Paris | ETF Plus;EUR;LU;OUI;ESG ETF art. 8;Euronext;2026-08-04
LU2533812728;BNPETFAEXFOFETFP;BSRID;ETF;ETF Plus | Euronext Paris;EUR;LU;OUI;ESG ETF art. 8;Euronext;2026-08-04
LU2533812991;BNPETFAEXFOFETFP;BSRIC;ETF;ETF Plus | Euronext Paris;EUR;LU;OUI;ESG ETF art. 8;Euronext;2026-08-04
LU2533813023;BNPP Hydro ESG ETF;HYDUS;ETF;Euronext Paris - Multi-currency Trading;USD;LU;OUI;ESG ETF art. 8;Euronext;2026-08-04
LU2533813296;BNPP Blue ESG ETF;BLUSD;ETF;Euronext Paris - Multi-currency Trading;USD;LU;OUI;ESG ETF art. 8;Euronext;2026-08-04
LU2550860493;SAFE ACT INC CLA Q;PHSAQ;OPCVM;ATFund Instruments;EUR;LU;OUI;;Euronext;2026-08-04
LU2555926372;OSSIAM 5OGU ETF;5OGU;ETF;Euronext Paris - Multi-currency Trading;USD;LU;OUI;-;Euronext;2026-08-04
LU2555926455;OSSETFSHILNEETFP;5OGE;ETF;ETF Plus | Euronext Paris;EUR;LU;OUI;-;Euronext;2026-08-04
LU2573966905;MULETFGEASIMETFP;E127;ETF;ETF Plus;EUR;LU;OUI;-;Euronext;2026-08-04
LU2573967036;MULETFGEASIMETFP;LEMA;ETF;ETF Plus;EUR;LU;OUI;-;Euronext;2026-08-04
LU2592315662;D'AMICO;DIS;Action;Euronext Milan;EUR;LU;OUI;;Euronext;2026-08-04
LU2598331598;TENARIS;2TEN;Action;Trading After Hours | Euronext Milan;EUR;LU;OUI;;Euronext;2026-08-04
LU2611731824;Amundi NYSE Arca G;GLDU;ETF;Euronext Amsterdam - Multi-currency Trading | Euronext Paris;USD;LU;OUI;-;Euronext;2026-08-04
LU2616774076;BNP USD Corp SRI C;USCBC;ETF;Euronext Paris - Multi-currency Trading | ETF Plus;USD;LU;OUI;ESG ETF art. 8;Euronext;2026-08-04
LU2616776444;BNP USD Corp SRI D;USCBD;ETF;Euronext Paris - Multi-currency Trading;USD;LU;OUI;ESG ETF art. 8;Euronext;2026-08-04
LU2641054122;XTRETFIBXXESETFP;XE01;ETF;ETF Plus;EUR;LU;OUI;-;Euronext;2026-08-04
LU2641054551;XTRETFIBXXGEETFP;XG01;ETF;ETF Plus;EUR;LU;OUI;-;Euronext;2026-08-04
LU2641925016;BNPP WLD PAB ETF D;EMWD;ETF;Euronext Paris;EUR;LU;OUI;ESG ETF art. 8;Euronext;2026-08-04
LU2655993207;Amundi MSCI W Dist;EWLD;ETF;Euronext Paris;EUR;LU;OUI;-;Euronext;2026-08-04
LU2673522830;XTRETFI38092ETFP;XM27;ETF;ETF Plus;EUR;LU;OUI;ESG ETF art. 8;Euronext;2026-08-04
LU2673522913;XTRETFI38094ETFP;XM29;ETF;ETF Plus;EUR;LU;OUI;ESG ETF art. 8;Euronext;2026-08-04
LU2673523051;XTRETFI38097ETFP;XM33;ETF;ETF Plus;EUR;LU;OUI;ESG ETF art. 8;Euronext;2026-08-04
LU2673523135;XTRETFI38096ETFP;XM31;ETF;ETF Plus;EUR;LU;OUI;ESG ETF art. 8;Euronext;2026-08-04
LU2673523218;XTRETFI38092ETFP;XB27;ETF;ETF Plus;EUR;LU;OUI;ESG ETF art. 8;Euronext;2026-08-04
LU2673523309;XTRETFI38094ETFP;XB29;ETF;ETF Plus;EUR;LU;OUI;ESG ETF art. 8;Euronext;2026-08-04
LU2673523481;XTRETFI38096ETFP;XB31;ETF;ETF Plus;EUR;LU;OUI;ESG ETF art. 8;Euronext;2026-08-04
LU2673523564;XTRETFI38097ETFP;XB33;ETF;ETF Plus;EUR;LU;OUI;ESG ETF art. 8;Euronext;2026-08-04
LU2697596745;BNP ASust EU Corp;ACES;ETF;Euronext Paris | ETF Plus;EUR;LU;OUI;ESG ETF art. 9;Euronext;2026-08-04
LU2697596828;BNP ASust EU CorpD;ACESD;ETF;Euronext Paris;EUR;LU;OUI;ESG ETF art. 9;Euronext;2026-08-04
LU2697597552;BNP ASust EU Gov;AGES;ETF;Euronext Paris | ETF Plus;EUR;LU;OUI;ESG ETF art. 8;Euronext;2026-08-04
LU2697597719;BNP ASust EU GovD;AGESD;ETF;Euronext Paris;EUR;LU;OUI;ESG ETF art. 8;Euronext;2026-08-04
LU2742532745;BNPETFI38479XPAR;SRID7;ETF;Euronext Paris;EUR;LU;OUI;ESG ETF art. 8;Euronext;2026-08-04
LU2742532828;BNPETFI38479ETFP;SRIC7;ETF;ETF Plus | Euronext Paris;EUR;LU;OUI;ESG ETF art. 8;Euronext;2026-08-04
LU2742533552;BNPETFJPMGBXPAR;GOD10;ETF;Euronext Paris;EUR;LU;OUI;ESG ETF art. 8;Euronext;2026-08-04
LU2742533636;BNPETFJPMGBETFP;GOV10;ETF;ETF Plus | Euronext Paris;EUR;LU;OUI;ESG ETF art. 8;Euronext;2026-08-04
LU2777377875;BNP LCEU PAB D ETF;LCEUD;ETF;Euronext Paris;EUR;LU;OUI;ESG ETF art. 8;Euronext;2026-08-04
LU2780871310;AMUETFCFIIEBXPAR;FM28;ETF;Euronext Paris;EUR;LU;OUI;-;Euronext;2026-08-04
LU2780871401;AMUETFCFIIEBETFP;MB28;ETF;ETF Plus;EUR;LU;OUI;-;Euronext;2026-08-04
LU2780871666;AMUETFCFIIEYETFP;MY28;ETF;ETF Plus;EUR;LU;OUI;-;Euronext;2026-08-04
LU2780872128;AMUETFCFIIITETFP;BT27;ETF;ETF Plus;EUR;LU;OUI;-;Euronext;2026-08-04
LU2788421340;XTRETFCSIH03ETFP;XCSI;ETF;ETF Plus;EUR;LU;OUI;-;Euronext;2026-08-04
LU2800573128;BNP JP ESG USD ETF;EJAPU;ETF;Euronext Paris - Multi-currency Trading;USD;LU;OUI;ESG ETF art. 8;Euronext;2026-08-04
LU2807512947;UBSETFM1WOUETFP;WXUS;ETF;ETF Plus;EUR;LU;OUI;-;Euronext;2026-08-04
LU2809864296;XTRETFI38644ETFP;XB30;ETF;ETF Plus;EUR;LU;OUI;ESG ETF art. 8;Euronext;2026-08-04
LU2809864452;XTRETFI38645ETFP;XB32;ETF;ETF Plus;EUR;LU;OUI;ESG ETF art. 8;Euronext;2026-08-04
LU2809864619;XTRETFI38646ETFP;XB34;ETF;ETF Plus;EUR;LU;OUI;ESG ETF art. 8;Euronext;2026-08-04
LU2810185665;XTRETFI38643ETFP;XB28;ETF;ETF Plus;EUR;LU;OUI;ESG ETF art. 8;Euronext;2026-08-04
LU2823895847;BNPActACE32ETFP;ACE32;ETF;ETF Plus | Euronext Paris;EUR;LU;OUI;ESG ETF art. 8;Euronext;2026-08-04
LU2823896811;BNPActACE29ETFP;ACE29;ETF;ETF Plus | Euronext Paris;EUR;LU;OUI;ESG ETF art. 8;Euronext;2026-08-04
LU2825556892;ALPActEAAAETFP;EAAA;ETF;ETF Plus;EUR;LU;OUI;ESG ETF art. 8;Euronext;2026-08-04
LU2837863583;QSF Fam Int Eq Acc;QSFFIE;OPCVM;ATFund Instruments;EUR;LU;OUI;;Euronext;2026-08-04
LU2837863666;QSF Fam Glob Q Acc;QSFFGB;OPCVM;ATFund Instruments;EUR;LU;OUI;;Euronext;2026-08-04
LU2870272577;AILETFSAUAIMETFP;DXUS;ETF;ETF Plus;EUR;LU;OUI;ESG ETF art. 8;Euronext;2026-08-04
LU2870272650;AILETFHE7514ETFP;DXUSH;ETF;ETF Plus;EUR;LU;OUI;ESG ETF art. 8;Euronext;2026-08-04
LU2870272734;AILETFNE7214ETFP;DXEU;ETF;ETF Plus;EUR;LU;OUI;ESG ETF art. 8;Euronext;2026-08-04
LU2870272908;AILETFSAWDIMETFP;DXWO;ETF;ETF Plus;EUR;LU;OUI;ESG ETF art. 8;Euronext;2026-08-04
LU2870273039;AILETFI38181ETFP;DXG3;ETF;ETF Plus;EUR;LU;OUI;ESG ETF art. 8;Euronext;2026-08-04
LU2870273203;AILETFI38183ETFP;DXG5;ETF;ETF Plus;EUR;LU;OUI;ESG ETF art. 8;Euronext;2026-08-04
LU2870273385;AILETFI38815ETFP;DXG10;ETF;ETF Plus;EUR;LU;OUI;ESG ETF art. 8;Euronext;2026-08-04
LU2872291278;AMUETFCFIIEBXPAR;FM26;ETF;Euronext Paris;EUR;LU;OUI;-;Euronext;2026-08-04
LU2872291435;AMUETFCFIIEBXPAR;FM27;ETF;Euronext Paris;EUR;LU;OUI;-;Euronext;2026-08-04
LU2872291781;AMUETFCFIIEBXPAR;FM29;ETF;Euronext Paris;EUR;LU;OUI;-;Euronext;2026-08-04
LU2872291948;AMUETFCFIILCXPAR;LC30;ETF;Euronext Paris;EUR;LU;OUI;ESG ETF art. 8;Euronext;2026-08-04
LU2872292086;AMUETFCFIILCXPAR;LC33;ETF;Euronext Paris;EUR;LU;OUI;ESG ETF art. 8;Euronext;2026-08-04
LU2872292169;AMUETFCFIILCXPAR;LC36;ETF;Euronext Paris;EUR;LU;OUI;ESG ETF art. 8;Euronext;2026-08-04
LU2872292243;AMUETFCFIILCXPAR;LC39;ETF;Euronext Paris;EUR;LU;OUI;ESG ETF art. 8;Euronext;2026-08-04
LU2880762781;UBSETFMDBS25ETFP;MDB5;ETF;ETF Plus;EUR;LU;OUI;ESG ETF art. 9;Euronext;2026-08-04
LU2880762948;UBSETFMDBS25ETFP;MDB5E;ETF;ETF Plus;EUR;LU;OUI;ESG ETF art. 9;Euronext;2026-08-04
LU2881684745;BNPActAEUSEETFP;AEUSE;ETF;ETF Plus | Euronext Paris;EUR;LU;OUI;ESG ETF art. 8;Euronext;2026-08-04
LU2898088419;OSSETFSOEST7ETFP;SNTE;ETF;ETF Plus;EUR;LU;OUI;ESG ETF art. 8;Euronext;2026-08-04
LU2903252349;XTRETFACWEIMETFP;SCWX;ETF;ETF Plus;EUR;LU;OUI;-;Euronext;2026-08-04
LU2914558916;BNPETFEPRACTXPAR;GREAD;ETF;Euronext Paris;EUR;LU;OUI;ESG ETF art. 8;Euronext;2026-08-04
LU2941599081;JANActJCL0ETFP;JCL0;ETF;ETF Plus;EUR;LU;OUI;-;Euronext;2026-08-04
LU2941599164;JANActJCLDETFP;JCLD;ETF;ETF Plus;EUR;LU;OUI;ESG ETF art. 8;Euronext;2026-08-04
LU2951555403;IMGACTDBMFEXPAR;DBMFE;ETF;Euronext Paris;EUR;LU;OUI;-;Euronext;2026-08-04
LU2951555585;IMGACTDBMFXPAR;DBMF;ETF;Euronext Paris - Multi-currency Trading;USD;LU;OUI;-;Euronext;2026-08-04
LU2976311444;YouETFHE7514ETFP;YIUUH;ETF;ETF Plus;EUR;LU;OUI;ESG ETF art. 8;Euronext;2026-08-04
LU2976312335;YouETFNE7007ETFP;YIEUS;ETF;ETF Plus;EUR;LU;OUI;ESG ETF art. 8;Euronext;2026-08-04
LU2976312418;YouETFNE7177ETFP;YICAU;ETF;ETF Plus;EUR;LU;OUI;ESG ETF art. 8;Euronext;2026-08-04
LU2976313655;YouETFHE7514ETFP;YIAUH;ETF;ETF Plus;EUR;LU;OUI;ESG ETF art. 8;Euronext;2026-08-04
LU2976313812;YouETFNE7162ETFP;YIJU;ETF;ETF Plus;EUR;LU;OUI;ESG ETF art. 8;Euronext;2026-08-04
LU2976314208;YouETFHE7514ETFP;YIJUH;ETF;ETF Plus;EUR;LU;OUI;ESG ETF art. 8;Euronext;2026-08-04
LU2976314463;YouETFNE7177ETFP;YIPU;ETF;ETF Plus;EUR;LU;OUI;ESG ETF art. 8;Euronext;2026-08-04
LU2976314620;YouETFHE7514ETFP;YIPUH;ETF;ETF Plus;EUR;LU;OUI;ESG ETF art. 8;Euronext;2026-08-04
LU2976315601;YouETFMXEMEUETFP;YIEMU;ETF;ETF Plus;EUR;LU;OUI;ESG ETF art. 8;Euronext;2026-08-04
LU2976315866;YouETFMXEUEUETFP;YIEUU;ETF;ETF Plus;EUR;LU;OUI;ESG ETF art. 8;Euronext;2026-08-04
LU2976318613;YouETFJNUCITETFP;YIIG3;ETF;ETF Plus;EUR;LU;OUI;-;Euronext;2026-08-04
LU2976318886;YouETFJNUCI2ETFP;YIIG5;ETF;ETF Plus;EUR;LU;OUI;-;Euronext;2026-08-04
LU2976319009;YouETFJNUCITETFP;YII5P;ETF;ETF Plus;EUR;LU;OUI;-;Euronext;2026-08-04
LU2976320437;YouETFJNUC13ETFP;YIEG3;ETF;ETF Plus;EUR;LU;OUI;ESG ETF art. 8;Euronext;2026-08-04
LU2976320601;YouETFJNUC35ETFP;YIEG5;ETF;ETF Plus;EUR;LU;OUI;ESG ETF art. 8;Euronext;2026-08-04
LU2976320866;YouETFJNUC5PETFP;YIE5P;ETF;ETF Plus;EUR;LU;OUI;ESG ETF art. 8;Euronext;2026-08-04
LU2976321161;YouETFJNUC10ETFP;YIE10;ETF;ETF Plus;EUR;LU;OUI;ESG ETF art. 8;Euronext;2026-08-04
LU2976321328;YouETFJNUCEUETFP;YIEG;ETF;ETF Plus;EUR;LU;OUI;ESG ETF art. 8;Euronext;2026-08-04
LU2993390769;BNPETFSP500ETFP;SPTRE;ETF;ETF Plus | Euronext Paris;EUR;LU;OUI;-;Euronext;2026-08-04
LU2993390843;BNPETFSP500XPAR;SPTRH;ETF;Euronext Paris;EUR;LU;OUI;-;Euronext;2026-08-04
LU2993392898;BNPETFGBIEIGETFP;GEU7C;ETF;ETF Plus | Euronext Paris;EUR;LU;OUI;ESG ETF art. 8;Euronext;2026-08-04
LU2993394241;BNPACTQEIGXPAR;QEIG;ETF;Euronext Paris;EUR;LU;OUI;ESG ETF art. 8;Euronext;2026-08-04
LU2993402101;BNPACTQEURXPAR;QEUR;ETF;Euronext Paris;EUR;LU;OUI;ESG ETF art. 8;Euronext;2026-08-04
LU2994521073;JANActJAAEETFP;JAAE;ETF;ETF Plus;EUR;LU;OUI;-;Euronext;2026-08-04
LU2997383372;OSSETFSP500XPAR;0USE;ETF;Euronext Paris;EUR;LU;OUI;-;Euronext;2026-08-04
LU2999653251;YOUNITED FINANCIAL;YOUNI;Action;Euronext Paris;EUR;LU;OUI;;Euronext;2026-08-04
LU2999660207;YOUNITED FIN. WARR;YOUNW;Action;Euronext Paris;EUR;LU;OUI;;Euronext;2026-08-04
LU3000546336;BNPETFBUSCXFXPAR;USCBH;ETF;Euronext Paris;EUR;LU;OUI;ESG ETF art. 8;Euronext;2026-08-04
LU3008629340;AILETFNE7211ETFP;DXEZ;ETF;ETF Plus;EUR;LU;OUI;ESG ETF art. 8;Euronext;2026-08-04
LU3024069877;IMGACTMFA8XPAR;MFA8;ETF;Euronext Paris - Multi-currency Trading;USD;LU;OUI;ESG ETF art. 8;Euronext;2026-08-04
LU3025345516;BNPETFSOESTRETFP;CASHE;ETF;ETF Plus | Euronext Paris;EUR;LU;OUI;-;Euronext;2026-08-04
LU3025346910;BNPETFGBEIGXPAR;GE110;ETF;Euronext Paris;EUR;LU;OUI;ESG ETF art. 8;Euronext;2026-08-04
LU3028243122;UBSActCLOETFP;CLO;ETF;ETF Plus;EUR;LU;OUI;ESG ETF art. 8;Euronext;2026-08-04
LU3038520774;AMUETFSXDCRETFP;DEFS;ETF;ETF Plus | Euronext Paris;EUR;LU;OUI;-;Euronext;2026-08-04
LU3046359165;AMUETFH37162XPAR;EBBU;ETF;Euronext Paris - Multi-currency Trading;USD;LU;OUI;ESG ETF art. 8;Euronext;2026-08-04
LU3046617802;OSSETFCACNRXPAR;0CAC;ETF;Euronext Paris;EUR;LU;OUI;-;Euronext;2026-08-04
LU3046617984;OSSETFMSDEE1XPAR;MEUR;ETF;Euronext Paris;EUR;LU;OUI;-;Euronext;2026-08-04
LU3046618446;OSSETFBXIITIXPAR;SHTE;ETF;Euronext Paris;EUR;LU;OUI;-;Euronext;2026-08-04
LU3047998896;BNPETFBSHIELETFP;GUARD;ETF;ETF Plus | Euronext Paris;EUR;LU;OUI;-;Euronext;2026-08-04
LU3053349364;YouETFM1USESETFP;YIUU2;ETF;ETF Plus;EUR;LU;OUI;ESG ETF art. 8;Euronext;2026-08-04
LU3053349448;YouETFMXNAEUETFP;YINA2;ETF;ETF Plus;EUR;LU;OUI;ESG ETF art. 8;Euronext;2026-08-04
LU3053350024;YouETFNU7610ETFP;YIUGU;ETF;ETF Plus;EUR;LU;OUI;ESG ETF art. 8;Euronext;2026-08-04
LU3053350610;YouETFSESGIMETFP;YIUS2;ETF;ETF Plus;EUR;LU;OUI;ESG ETF art. 8;Euronext;2026-08-04
LU3053351261;YouETFJPMTU1ETFP;YIUG3;ETF;ETF Plus;EUR;LU;OUI;-;Euronext;2026-08-04
LU3053352152;YouETFJNUCEUETFP;YIUGH;ETF;ETF Plus;EUR;LU;OUI;-;Euronext;2026-08-04
LU3061478973;XTRETFSXDSCRETFP;XDEF;ETF;ETF Plus;EUR;LU;OUI;-;Euronext;2026-08-04
LU3065087333;UBSETFMDBS2XETFP;MDB1;ETF;ETF Plus;EUR;LU;OUI;-;Euronext;2026-08-04
LU3065090717;UBSETFMDBE15ETFP;MDB1D;ETF;ETF Plus;EUR;LU;OUI;ESG ETF art. 9;Euronext;2026-08-04
LU3065094974;UBSETFMDBE15ETFP;MDB1E;ETF;ETF Plus;EUR;LU;OUI;-;Euronext;2026-08-04
LU3078637314;OSSETFSEMUIMXPAR;0EMU;ETF;Euronext Paris;EUR;LU;OUI;-;Euronext;2026-08-04
LU3078637660;OSSETFMSTRUSXPAR;0SWE;ETF;Euronext Paris;EUR;LU;OUI;-;Euronext;2026-08-04
LU3079566835;UBSActETYETFP;ETY;ETF;ETF Plus;EUR;LU;OUI;-;Euronext;2026-08-04
LU3079567056;UBSActUTYETFP;UTY;ETF;ETF Plus;EUR;LU;OUI;-;Euronext;2026-08-04
LU3086262709;BNPETFGBIEIGXPAR;GE710;ETF;Euronext Paris;EUR;LU;OUI;ESG ETF art. 8;Euronext;2026-08-04
LU3086268227;BNPACTAEMUSXPAR;AEMUS;ETF;Euronext Paris;EUR;LU;OUI;ESG ETF art. 8;Euronext;2026-08-04
LU3086268573;BNPETFSMEAIMXPAR;UEFA;ETF;Euronext Paris;EUR;LU;OUI;-;Euronext;2026-08-04
LU3086269894;BNPETFMSDEJNXPAR;FUJI;ETF;Euronext Paris;EUR;LU;OUI;-;Euronext;2026-08-04
LU3086388124;AMUETFMXEUSCXPAR;EUSC;ETF;Euronext Paris;EUR;LU;OUI;ESG ETF art. 8;Euronext;2026-08-04
LU3116008346;XTRActXEQ2ETFP;XEQ2;ETF;ETF Plus;EUR;LU;OUI;-;Euronext;2026-08-04
LU3116008429;XTRActXEQ4ETFP;XEQ4;ETF;ETF Plus;EUR;LU;OUI;-;Euronext;2026-08-04
LU3116008692;XTRActXEQ6ETFP;XEQ6;ETF;ETF Plus;EUR;LU;OUI;-;Euronext;2026-08-04
LU3116008775;XTRActXEQ8ETFP;XEQ8;ETF;ETF Plus;EUR;LU;OUI;-;Euronext;2026-08-04
LU3119430067;XTRETFIBXXT1ETFP;XEZ1;ETF;ETF Plus;EUR;LU;OUI;ESG ETF art. 8;Euronext;2026-08-04
LU3119430141;XTRETFIBXXT3ETFP;XEZ3;ETF;ETF Plus;EUR;LU;OUI;ESG ETF art. 8;Euronext;2026-08-04
LU3119430224;XTRETFIBXXT5ETFP;XEZ5;ETF;ETF Plus;EUR;LU;OUI;ESG ETF art. 8;Euronext;2026-08-04
LU3119430497;XTRETFIBXXT7ETFP;XEZ7;ETF;ETF Plus;EUR;LU;OUI;ESG ETF art. 8;Euronext;2026-08-04
LU3119430570;XTRETFIBXXT1ETFP;XZ10;ETF;ETF Plus;EUR;LU;OUI;ESG ETF art. 8;Euronext;2026-08-04
LU3119987140;YouETFMFCOEEETFP;YEICB;ETF;ETF Plus;EUR;LU;OUI;ESG ETF art. 8;Euronext;2026-08-04
LU3119988031;YouETFMFCOEYETFP;YEHCB;ETF;ETF Plus;EUR;LU;OUI;ESG ETF art. 8;Euronext;2026-08-04
LU3120976132;AMUETFCFIIEBXPAR;FM30;ETF;Euronext Paris;EUR;LU;OUI;-;Euronext;2026-08-04
LU3121015138;STAActSEZAETFP;SEZA;ETF;ETF Plus;EUR;LU;OUI;ESG ETF art. 8;Euronext;2026-08-04
LU3121015211;STAActSEMRETFP;SEMR;ETF;ETF Plus;EUR;LU;OUI;ESG ETF art. 8;Euronext;2026-08-04
LU3121015302;STAActSECMETFP;SECM;ETF;ETF Plus;EUR;LU;OUI;ESG ETF art. 8;Euronext;2026-08-04
LU3121015484;STAActSEAPETFP;SEAP;ETF;ETF Plus;EUR;LU;OUI;ESG ETF art. 8;Euronext;2026-08-04
LU3121015567;STAActSEPEETFP;SEPE;ETF;ETF Plus;EUR;LU;OUI;ESG ETF art. 8;Euronext;2026-08-04
LU3121015641;STAActSGBEETFP;SGBE;ETF;ETF Plus;EUR;LU;OUI;ESG ETF art. 8;Euronext;2026-08-04
LU3132432900;AILETFBCMCTGETFP;DXDC;ETF;ETF Plus | Euronext Amsterdam - Multi-currency Trading;EUR;LU;OUI;-;Euronext;2026-08-04
LU3132433031;AILETFBCCTGMETFP;DXDCH;ETF;ETF Plus;EUR;LU;OUI;-;Euronext;2026-08-04
LU3138596146;OSSETFNDDLCAXPAR;0UCA;ETF;Euronext Paris;EUR;LU;OUI;-;Euronext;2026-08-04
LU3138597383;OSSActGLOBXPAR;GLOB;ETF;Euronext Paris;EUR;LU;OUI;ESG ETF art. 8;Euronext;2026-08-04
LU3142893745;MOSActBBLOKXPAR;BBLOK;ETF;Euronext Paris;EUR;LU;OUI;ESG ETF art. 8;Euronext;2026-08-04
LU3147499878;YouETFM1WOESETFP;YIWUU;ETF;ETF Plus;EUR;LU;OUI;ESG ETF art. 8;Euronext;2026-08-04
LU3147499951;YouETFDESGIMETFP;YIWSU;ETF;ETF Plus;EUR;LU;OUI;ESG ETF art. 8;Euronext;2026-08-04
LU3152892546;XTRETFI40158ETFP;XB35;ETF;ETF Plus;EUR;LU;OUI;-;Euronext;2026-08-04
LU3152892629;XTRETFI40157ETFP;XB36;ETF;ETF Plus;EUR;LU;OUI;-;Euronext;2026-08-04
LU3173209654;BNPETFMSTRUSXPAR;GLOEU;ETF;Euronext Paris;EUR;LU;OUI;-;Euronext;2026-08-04
LU3174346000;GLOActOFIEUXPAR;OFIEU;ETF;Euronext Paris;EUR;LU;OUI;ESG ETF art. 8;Euronext;2026-08-04
LU3174346182;GLOActOFIUSXPAR;OFIUS;ETF;Euronext Paris;EUR;LU;OUI;ESG ETF art. 8;Euronext;2026-08-04
LU3180074463;MULETFEUSTAUXPAR;INDEP;ETF;Euronext Paris;EUR;LU;OUI;-;Euronext;2026-08-04
LU3195985372;INDActIEMIDXPAR;IEMID;ETF;Euronext Paris;EUR;LU;OUI;ESG ETF art. 8;Euronext;2026-08-04
LU3215536486;BNPETFM7EMXPAR;EUZON;ETF;Euronext Paris;EUR;LU;OUI;-;Euronext;2026-08-04
LU3215538003;BNPETFGGOVIMXPAR;IGOV;ETF;Euronext Paris;EUR;LU;OUI;-;Euronext;2026-08-04
LU3215539589;BNPETFGBIEIGXPAR;GE01;ETF;Euronext Paris;EUR;LU;OUI;ESG ETF art. 8;Euronext;2026-08-04
LU3215541056;BNPETFSOESTRXPAR;OVNI;ETF;Euronext Paris;EUR;LU;OUI;-;Euronext;2026-08-04
LU3227156927;YOUActYARA2ETFP;YARA2;ETF;ETF Plus;EUR;LU;OUI;ESG ETF art. 8;Euronext;2026-08-04
LU3243907741;BNPETFACWIIMXPAR;ALLCE;ETF;Euronext Paris;EUR;LU;OUI;-;Euronext;2026-08-04
LU3243965608;EXAActEXSEXPAR;EXSE;ETF;Euronext Paris;EUR;LU;OUI;ESG ETF art. 8;Euronext;2026-08-04
LU3243965780;EXAActEXSXPAR;EXS;ETF;Euronext Paris;EUR;LU;OUI;ESG ETF art. 8;Euronext;2026-08-04
LU3249968184;YouETFNNASIUETFP;YINAS;ETF;ETF Plus;EUR;LU;OUI;ESG ETF art. 8;Euronext;2026-08-04
LU3256186639;BNPETFM1WOUXPAR;NOUSA;ETF;Euronext Paris;EUR;LU;OUI;-;Euronext;2026-08-04
LU3257630437;BNPETFM1EFXPAR;BRIX;ETF;Euronext Paris;EUR;LU;OUI;-;Euronext;2026-08-04
LU3281687312;oneETFMXEUEUETFP;CCNA;ETF;ETF Plus;EUR;LU;OUI;ESG ETF art. 8;Euronext;2026-08-04
LU3281687668;oneETFNE7126ETFP;CCNB;ETF;ETF Plus;EUR;LU;OUI;ESG ETF art. 8;Euronext;2026-08-04
LU3281687825;oneETFNE7126ETFP;CCNC;ETF;ETF Plus;EUR;LU;OUI;ESG ETF art. 8;Euronext;2026-08-04
LU3281688120;oneETFNE7126ETFP;CCNE;ETF;ETF Plus;EUR;LU;OUI;ESG ETF art. 8;Euronext;2026-08-04
LU3281688476;oneETFMF7554ETFP;CCNG;ETF;ETF Plus;EUR;LU;OUI;-;Euronext;2026-08-04
LU3281688633;oneETFMFGORTETFP;CCNH;ETF;ETF Plus;EUR;LU;OUI;-;Euronext;2026-08-04
LU3281688807;oneETFMFUNIGETFP;CCNI;ETF;ETF Plus;EUR;LU;OUI;ESG ETF art. 8;Euronext;2026-08-04
LU3299677271;AMUETFSXCCTIXPAR;MSET;ETF;Euronext Paris;EUR;LU;OUI;-;Euronext;2026-08-04
LU3299677438;AMUETFNDXTIIXPAR;NSDT;ETF;Euronext Paris;EUR;LU;OUI;-;Euronext;2026-08-04
LU3307215619;BNPActBFRMXPAR;BFRM;ETF;Euronext Paris;EUR;LU;OUI;-;Euronext;2026-08-04
LU3307218399;BNPActFOLOWXPAR;FOLOW;ETF;Euronext Paris;EUR;LU;OUI;-;Euronext;2026-08-04
LU3307219520;BNPActPRINTXPAR;PRINT;ETF;Euronext Paris;EUR;LU;OUI;-;Euronext;2026-08-04
LU3307220965;BNPActSLEEKXPAR;SLEEK;ETF;Euronext Paris;EUR;LU;OUI;-;Euronext;2026-08-04
LU3322521785;AB ActEBNDETFP;EBND;ETF;ETF Plus;EUR;LU;OUI;ESG ETF art. 8;Euronext;2026-08-04
LU3322522080;AB ActGLIGETFP;GLIG;ETF;ETF Plus;EUR;LU;OUI;ESG ETF art. 8;Euronext;2026-08-04
LU3322522163;AB ActFWDETFP;FWD;ETF;ETF Plus;EUR;LU;OUI;ESG ETF art. 8;Euronext;2026-08-04
LU3322522247;AB ActGLRAETFP;GLRA;ETF;ETF Plus;EUR;LU;OUI;ESG ETF art. 8;Euronext;2026-08-04
LU3322522593;AB ActEYEGETFP;EYEG;ETF;ETF Plus;EUR;LU;OUI;ESG ETF art. 8;Euronext;2026-08-04
LU3333848920;UBSETFMDB15JETFP;MDB1Y;ETF;ETF Plus;EUR;LU;OUI;ESG ETF art. 9;Euronext;2026-08-04
LU3333849068;UBSETFMDB510ETFP;MDB5Y;ETF;ETF Plus;EUR;LU;OUI;ESG ETF art. 9;Euronext;2026-08-04
LU3334220699;IMGActSARFXPAR;SARF;ETF;Euronext Paris;EUR;LU;OUI;ESG ETF art. 8;Euronext;2026-08-04
LU3351069201;BNPETFMXWMTEXPAR;WEXUS;ETF;Euronext Paris;EUR;LU;OUI;-;Euronext;2026-08-04
LU3384730795;IMGActPEHYXPAR;PEHY;ETF;Euronext Paris;EUR;LU;OUI;ESG ETF art. 8;Euronext;2026-08-04
LU3411931689;IMGActITALETFP;ITAL;ETF;ETF Plus;EUR;LU;OUI;-;Euronext;2026-08-04
MA0000011488;MAROC TELECOM;IAM;Action;Euronext Paris;EUR;MA;NON;;Euronext;2026-08-04
MC0000031187;BAINS MER MONACO;BAIN;Action;Euronext Paris;EUR;MC;NON;;Euronext;2026-08-04
MC0010000826;CFM INDOSUEZWEALTH;MLCFM;Action;Euronext Access Paris;EUR;MC;NON;;Euronext;2026-08-04
MHY1096C1093;CAPITAL TANKERS;CAPT;Action;Euronext Growth Oslo;NOK;MH;NON;;Euronext;2026-08-04
MHY641771016;OKEANIS ECO TANKER;OET;Action;Oslo Børs;NOK;MH;NON;;Euronext;2026-08-04
MT0001710103;RIVER TECH;RIVER;Action;Euronext Growth Oslo;NOK;MT;OUI;;Euronext;2026-08-04
MT0003060101;GOLD ROAD INTL;GOLDR;Action;Euronext Growth Oslo;NOK;MT;OUI;;Euronext;2026-08-04
MT7000024006;AQA COLOMBO EXTR R;CXR;OPCVM;ATFund Instruments;EUR;MT;OUI;;Euronext;2026-08-04
MT7000039640;Eq Opp Class B EUR;RIEO1B;OPCVM;ATFund Instruments;EUR;MT;OUI;;Euronext;2026-08-04
NL0000008977;HEINEKEN HOLDING;HEIO;Action;Euronext Amsterdam;EUR;NL;OUI;;Euronext;2026-08-04
NL0000009082;KONINKLIJKE KPN;4KPN;Action;EuroTLX | Trading After Hours | Euronext Amsterdam;EUR;NL;OUI;;Euronext;2026-08-04
NL0000009165;HEINEKEN;4HEIA;Action;EuroTLX | Trading After Hours | Euronext Amsterdam;EUR;NL;OUI;;Euronext;2026-08-04
NL0000009322;PHILIPS BUY BACK;INPHI;Action;Euronext Amsterdam;EUR;NL;OUI;;Euronext;2026-08-04
NL0000009538;PHILIPS;1PHIA;Action;Euronext Global Equity Market | EuroTLX | Trading After Hours | Euronext Amsterdam;EUR;NL;OUI;;Euronext;2026-08-04
NL0000018034;AJAX;AJAX;Action;Euronext Amsterdam;EUR;NL;OUI;;Euronext;2026-08-04
NL0000226223;STMICROELECTRONICS;STMMI;Action;Euronext Milan | Trading After Hours | Euronext Paris;EUR;NL;OUI;;Euronext;2026-08-04
NL0000235190;AIRBUS;2AIR;Action;Trading After Hours | Euronext Global Equity Market | Euronext Paris | EuroTLX;EUR;NL;OUI;;Euronext;2026-08-04
NL0000285278;BEVER HOLDING;BEVER;Action;Euronext Amsterdam;EUR;NL;OUI;;Euronext;2026-08-04
NL0000286045;GS NORTH AMER FD;GSNA;OPCVM;Euronext Amsterdam;EUR;NL;OUI;;Euronext;2026-08-04
NL0000286318;GS EQ INV FD;GSEIF;OPCVM;Euronext Amsterdam;EUR;NL;OUI;;Euronext;2026-08-04
NL0000287084;OPTIMIX INCOM FD C;OPTIN;OPCVM;Euronext Amsterdam;EUR;NL;OUI;;Euronext;2026-08-04
NL0000287100;OPTIMIX MIX FD   E;OPTMF;OPCVM;Euronext Amsterdam;EUR;NL;OUI;;Euronext;2026-08-04
NL0000287126;OPTIMIX EMERG MKTS;OPEMF;OPCVM;Euronext Amsterdam;EUR;NL;OUI;;Euronext;2026-08-04
NL0000288736;ROLINCO CUMPREF;ROLPR;OPCVM;Euronext Amsterdam;EUR;NL;OUI;;Euronext;2026-08-04
NL0000289213;WERELDHAVE;WHA;Action;Euronext Amsterdam;EUR;NL;OUI;;Euronext;2026-08-04
NL0000289627;KEMPEN ORANGE FD;KORAF;OPCVM;Euronext Amsterdam;EUR;NL;OUI;;Euronext;2026-08-04
NL0000289783;Rob GSEF EUR E;ROBA;OPCVM;Euronext Amsterdam;EUR;NL;OUI;;Euronext;2026-08-04
NL0000289817;ROLINCO;ROLA;OPCVM;Euronext Amsterdam;EUR;NL;OUI;;Euronext;2026-08-04
NL0000289858;GS HOOG DIV A FD;GSHDA;OPCVM;Euronext Amsterdam;EUR;NL;OUI;;Euronext;2026-08-04
NL0000292225;GS EMERGING EUR FD;GSEEF;OPCVM;Euronext Amsterdam;EUR;NL;OUI;;Euronext;2026-08-04
NL0000292332;GS EUROPE FD;GSEUF;OPCVM;Euronext Amsterdam;EUR;NL;OUI;;Euronext;2026-08-04
NL0000292746;GS EUR DUUR AAN FD;GSEDA;OPCVM;Euronext Amsterdam;EUR;NL;OUI;;Euronext;2026-08-04
NL0000293140;GS DYN MIX FD I;GSDM1;OPCVM;Euronext Amsterdam;EUR;NL;OUI;;Euronext;2026-08-04
NL0000293157;GS DYN MIX FD II;GSDM2;OPCVM;Euronext Amsterdam;EUR;NL;OUI;;Euronext;2026-08-04
NL0000293165;GS DYN MIX FD III;GSDM3;OPCVM;Euronext Amsterdam;EUR;NL;OUI;;Euronext;2026-08-04
NL0000293173;GS DYN MIX FD IV;GSDM4;OPCVM;Euronext Amsterdam;EUR;NL;OUI;;Euronext;2026-08-04
NL0000293181;GS DYN MIX FD V;GSDM5;OPCVM;Euronext Amsterdam;EUR;NL;OUI;;Euronext;2026-08-04
NL0000293348;KE EUR HGHDV FD N;KEHDF;OPCVM;Euronext Amsterdam;EUR;NL;OUI;;Euronext;2026-08-04
NL0000302636;V LANSCHOT KEMPEN;2VLK;Action;Trading After Hours | Euronext Amsterdam;EUR;NL;OUI;;Euronext;2026-08-04
NL0000313286;ACOMO;ACOMO;Action;Euronext Amsterdam;EUR;NL;OUI;;Euronext;2026-08-04
NL0000334118;ASM INTERNATIONAL;4ASM;Action;EuroTLX | Trading After Hours | Euronext Amsterdam;EUR;NL;OUI;;Euronext;2026-08-04
NL0000336303;PB HOLDING;PBH;Action;Euronext Amsterdam;EUR;NL;OUI;;Euronext;2026-08-04
NL0000337319;BAM GROEP KON;BAMNB;Action;Euronext Amsterdam;EUR;NL;OUI;;Euronext;2026-08-04
NL0000345577;CTAC;CTAC;Action;Euronext Amsterdam;EUR;NL;OUI;;Euronext;2026-08-04
NL0000345627;EASE2PAY NV;EAS2P;Action;Euronext Amsterdam;EUR;NL;OUI;;Euronext;2026-08-04
NL0000360618;SBM OFFSHORE;2SBMO;Action;Trading After Hours | Euronext Amsterdam;EUR;NL;OUI;;Euronext;2026-08-04
NL0000371243;NEDAP;NEDAP;Action;Euronext Amsterdam;EUR;NL;OUI;;Euronext;2026-08-04
NL0000378669;PORCELEYNE FLES;PORF;Action;Euronext Amsterdam;EUR;NL;OUI;;Euronext;2026-08-04
NL0000379121;RANDSTAD NV;RAND;Action;Euronext Amsterdam | Trading After Hours;EUR;NL;OUI;;Euronext;2026-08-04
NL0000395903;WOLTERS KLUWER;2WKL;Action;Trading After Hours | Euronext Amsterdam;EUR;NL;OUI;;Euronext;2026-08-04
NL0000440204;TRIODOS GROENFONDS;TRIGF;OPCVM;Euronext Amsterdam;EUR;NL;OUI;;Euronext;2026-08-04
NL0000440311;HOLLAND COLOURS;HOLCO;Action;Euronext Amsterdam;EUR;NL;OUI;;Euronext;2026-08-04
NL0000440675;KEMPEN ORANJE PART;KORPT;OPCVM;Euronext Amsterdam;EUR;NL;OUI;;Euronext;2026-08-04
NL0000442077;GS WERELD MIX FD;GSMIX;OPCVM;Euronext Amsterdam;EUR;NL;OUI;;Euronext;2026-08-04
NL0000442101;GS EUR RENTE FD;GSLRF;OPCVM;Euronext Amsterdam;EUR;NL;OUI;;Euronext;2026-08-04
NL0000488153;MOPOLI;MOP;Action;Euronext Brussels;EUR;NL;OUI;;Euronext;2026-08-04
NL0000488161;MOPOLI FOND;MOPF;Action;Euronext Brussels;EUR;NL;OUI;;Euronext;2026-08-04
NL0000817179;SLIGRO FOOD GROUP;SLIGR;Action;Euronext Amsterdam;EUR;NL;OUI;;Euronext;2026-08-04
NL0000852523;TKH GROUP;2TWEKA;Action;Trading After Hours | Euronext Amsterdam;EUR;NL;OUI;;Euronext;2026-08-04
NL0000852531;KENDRION;KENDR;Action;Euronext Amsterdam;EUR;NL;OUI;;Euronext;2026-08-04
NL0000852564;AALBERTS NV;AALB;Action;Euronext Amsterdam | Trading After Hours;EUR;NL;OUI;;Euronext;2026-08-04
NL0000888691;AMG;2AMG;Action;Trading After Hours | Euronext Amsterdam;EUR;NL;OUI;;Euronext;2026-08-04
NL0006089229;KEMPEN GBL HDiv N;KGHDF;OPCVM;Euronext Amsterdam;EUR;NL;OUI;;Euronext;2026-08-04
NL0006237562;ARCADIS;2ARCAD;Action;Trading After Hours | Euronext Amsterdam;EUR;NL;OUI;;Euronext;2026-08-04
NL0006238131;ROB AFRIKA FONDS;RAFRI;OPCVM;Euronext Amsterdam;EUR;NL;OUI;;Euronext;2026-08-04
NL0006294092;BNP ESG GPS IND FD;BGPSF;OPCVM;Euronext Amsterdam;EUR;NL;OUI;;Euronext;2026-08-04
NL0006294167;BNP GL IN MF EQ FD;BGHEF;OPCVM;Euronext Amsterdam;EUR;NL;OUI;;Euronext;2026-08-04
NL0006294274;EURONEXT;ENXP;Action;Euronext Lisbon | Trading After Hours | Euronext Paris, Amsterdam, Brussels;EUR;NL;OUI;;Euronext;2026-08-04
NL0006311706;Arcona Property Fd;ARCPF;OPCVM;Euronext Amsterdam;EUR;NL;OUI;;Euronext;2026-08-04
NL0006311730;GS EUR SM CAPS FD;GSESC;OPCVM;Euronext Amsterdam;EUR;NL;OUI;;Euronext;2026-08-04
NL0006311771;GS ENH INDX SUS EM;GSEME;OPCVM;Euronext Amsterdam;EUR;NL;OUI;;Euronext;2026-08-04
NL0006311789;GS DUURZAAM AAN FD;GSDZA;OPCVM;Euronext Amsterdam;EUR;NL;OUI;;Euronext;2026-08-04
NL0006311797;GS EUR OBLIG FD;GSEOF;OPCVM;Euronext Amsterdam;EUR;NL;OUI;;Euronext;2026-08-04
NL0006311805;GS GLOBAL FD;GSGLF;OPCVM;Euronext Amsterdam;EUR;NL;OUI;;Euronext;2026-08-04
NL0006311813;GS GLOB HIYIELD FD;GSGHY;OPCVM;Euronext Amsterdam;EUR;NL;OUI;;Euronext;2026-08-04
NL0006311839;GS GLOB OBL FD;GSGLO;OPCVM;Euronext Amsterdam;EUR;NL;OUI;;Euronext;2026-08-04
NL0006311847;GS GLOB R ESTAT FD;GSGLR;OPCVM;Euronext Amsterdam;EUR;NL;OUI;;Euronext;2026-08-04
NL0006311862;GS LION FD;GSLF;OPCVM;Euronext Amsterdam;EUR;NL;OUI;;Euronext;2026-08-04
NL0009169515;GREEN EARTH GROUP;EARTH;Action;Euronext Amsterdam;EUR;NL;OUI;;Euronext;2026-08-04
NL0009265404;GS GLOB OPPORT FD;GSGOF;OPCVM;Euronext Amsterdam;EUR;NL;OUI;;Euronext;2026-08-04
NL0009269109;HEIJMANS KON;HEIJM;Action;Euronext Amsterdam;EUR;NL;OUI;;Euronext;2026-08-04
NL0009272749;VE AEX;TDT;ETF;Euronext Amsterdam, Brussels;EUR;NL;OUI;-;Euronext;2026-08-04
NL0009272764;VE Conservative;DTM;ETF;Euronext Amsterdam, Brussels;EUR;NL;OUI;ESG ETF art. 8;Euronext;2026-08-04
NL0009272772;VE Balanced;NTM;ETF;Euronext Amsterdam, Brussels;EUR;NL;OUI;ESG ETF art. 8;Euronext;2026-08-04
NL0009272780;VE Growth;TOF;ETF;Euronext Amsterdam, Brussels;EUR;NL;OUI;ESG ETF art. 8;Euronext;2026-08-04
NL0009312842;MKB Nedsense;NEDSE;Action;Euronext Amsterdam;EUR;NL;OUI;;Euronext;2026-08-04
NL0009388743;ADD VALUE FUND;AVFNV;OPCVM;Euronext Amsterdam;EUR;NL;OUI;;Euronext;2026-08-04
NL0009391242;HYDRATEC;HYDRA;Action;Euronext Amsterdam;EUR;NL;OUI;;Euronext;2026-08-04
NL0009432491;VOPAK;VPK;Action;Euronext Amsterdam | Trading After Hours;EUR;NL;OUI;;Euronext;2026-08-04
NL0009434992;LyondellBasell;1LYB;Action;Euronext Global Equity Market;EUR;NL;OUI;;Euronext;2026-08-04
NL0009538784;NXP SEMICONDUCTORS;2NXPI;Action;Trading After Hours | EuroTLX | Euronext Global Equity Market;EUR;NL;OUI;;Euronext;2026-08-04
NL0009690239;VANETFTRETIMETFP;TRET;ETF;ETF Plus | Euronext Amsterdam, Brussels;EUR;NL;OUI;ESG ETF art. 8;Euronext;2026-08-04
NL0009690247;VE Corp Bond;TCBT;ETF;Euronext Amsterdam, Brussels;EUR;NL;OUI;ESG ETF art. 8;Euronext;2026-08-04
NL0009690254;VE Gov Bond;TGBT;ETF;Euronext Amsterdam, Brussels;EUR;NL;OUI;-;Euronext;2026-08-04
NL0009739416;POSTNL;PNL;Action;Euronext Amsterdam;EUR;NL;OUI;;Euronext;2026-08-04
NL0009822014;NEW SOURCES ENERGY;NSE;Action;Euronext Amsterdam;EUR;NL;OUI;;Euronext;2026-08-04
NL0010273215;ASML;2ASML;Action;Trading After Hours | EuroTLX | Euronext Global Equity Market | Euronext Amsterdam;EUR;NL;OUI;;Euronext;2026-08-04
NL0010273694;AMATHEON AGRI;MLAAH;Action;Euronext Access Paris;EUR;NL;OUI;;Euronext;2026-08-04
NL0010273801;VE Gov AAA Bond;TAT;ETF;Euronext Amsterdam, Brussels;EUR;NL;OUI;-;Euronext;2026-08-04
NL0010389508;ER Capital;ERC;Action;Euronext Amsterdam;EUR;NL;OUI;;Euronext;2026-08-04
NL0010391025;PHARMING GROUP;PHARM;Action;Euronext Amsterdam;EUR;NL;OUI;;Euronext;2026-08-04
NL0010407946;TRIODOS BANK;TRIO;Action;Euronext Amsterdam;EUR;NL;OUI;;Euronext;2026-08-04
NL0010408704;VANETFTSWEIMETFP;TSWE;ETF;ETF Plus | Euronext Amsterdam, Brussels;EUR;NL;OUI;ESG ETF art. 8;Euronext;2026-08-04
NL0010545661;CNH INDUSTRIAL;2CNHI;Action;Trading After Hours | Euronext Global Equity Market;EUR;NL;OUI;;Euronext;2026-08-04
NL0010545679;LAVIDE HOLDING;LVIDE;Action;Euronext Amsterdam;EUR;NL;OUI;;Euronext;2026-08-04
NL0010556726;HAWICK DATA NV;HWK;Action;Euronext Amsterdam;EUR;NL;OUI;;Euronext;2026-08-04
NL0010558797;OCI;2OCI;Action;Trading After Hours | Euronext Amsterdam;EUR;NL;OUI;;Euronext;2026-08-04
NL0010558805;OPT EuroRente Fd;OPERF;OPCVM;Euronext Amsterdam;EUR;NL;OUI;;Euronext;2026-08-04
NL0010558813;OPT Wereld Aand Fd;OPWAF;OPCVM;Euronext Amsterdam;EUR;NL;OUI;;Euronext;2026-08-04
NL0010579090;CARDANO EUR CREDIT;AIEC;OPCVM;Euronext Amsterdam;EUR;NL;OUI;;Euronext;2026-08-04
NL0010579124;CARDANO SDG EQ GLO;AVWA;OPCVM;Euronext Amsterdam;EUR;NL;OUI;;Euronext;2026-08-04
NL0010579157;CARDANO MIX DEFENS;AVMD;OPCVM;Euronext Amsterdam;EUR;NL;OUI;;Euronext;2026-08-04
NL0010579165;CARDANO MIX NEUTRA;AVMN;OPCVM;Euronext Amsterdam;EUR;NL;OUI;;Euronext;2026-08-04
NL0010579173;CARDANO MIX OFFENS;AVMO;OPCVM;Euronext Amsterdam;EUR;NL;OUI;;Euronext;2026-08-04
NL0010583399;CORBION;2CRBN;Action;Trading After Hours | Euronext Amsterdam;EUR;NL;OUI;;Euronext;2026-08-04
NL0010619748;US CONSERV HD EQ G;ROBC;OPCVM;Euronext Amsterdam;EUR;NL;OUI;;Euronext;2026-08-04
NL0010623518;SEQUA PETROLEUM NV;MLSEQ;Action;Euronext Access Paris;EUR;NL;OUI;;Euronext;2026-08-04
NL0010661864;VALUE8;VALUE;Action;Euronext Amsterdam;EUR;NL;OUI;;Euronext;2026-08-04
NL0010696704;ALMUNDA PRO NV;AMUND;Action;Euronext Amsterdam;EUR;NL;OUI;;Euronext;2026-08-04
NL0010731816;VanEck Sust EU EW;TEET;ETF;Euronext Amsterdam, Brussels | ETF Plus;EUR;NL;OUI;ESG ETF art. 8;Euronext;2026-08-04
NL0010773842;NN GROUP;4NN;Action;EuroTLX | Trading After Hours | Euronext Amsterdam;EUR;NL;OUI;;Euronext;2026-08-04
NL0010776944;BRUNEL INTERNAT;BRNL;Action;Euronext Amsterdam;EUR;NL;OUI;;Euronext;2026-08-04
NL0010801007;IMCD;IMCD;Action;Euronext Amsterdam | Trading After Hours;EUR;NL;OUI;;Euronext;2026-08-04
NL0010831046;US LARGE CAP EQ G;BOBL;OPCVM;Euronext Amsterdam;EUR;NL;OUI;;Euronext;2026-08-04
NL0010832176;ARGENX SE;ARGX;Action;Euronext Brussels | Trading After Hours;EUR;NL;OUI;;Euronext;2026-08-04
NL0011309349;CARDANO IND GLOBAL;AVIAW;OPCVM;Euronext Amsterdam;EUR;NL;OUI;;Euronext;2026-08-04
NL0011327432;Triodos Mult Impac;TMIF;OPCVM;Euronext Amsterdam;EUR;NL;OUI;;Euronext;2026-08-04
NL0011354865;RG WOCE E G;ROCO;OPCVM;Euronext Amsterdam;EUR;NL;OUI;;Euronext;2026-08-04
NL0011540547;ABN AMRO BANK N.V.;ABN;Action;Euronext Amsterdam;EUR;NL;OUI;;Euronext;2026-08-04
NL0011585146;FERRARI;RACE;Action;Euronext Milan | Trading After Hours;EUR;NL;OUI;;Euronext;2026-08-04
NL0011660485;SIF HOLDING;SIFG;Action;Euronext Amsterdam;EUR;NL;OUI;;Euronext;2026-08-04
NL0011683594;VANETFTDIVIMETFP;TDIV;ETF;ETF Plus | Euronext Paris | Euronext Amsterdam, Brussels;EUR;NL;OUI;ESG ETF art. 8;Euronext;2026-08-04
NL0011794037;AHOLD DEL;4AD;Action;EuroTLX | Euronext Amsterdam, Brussels | Trading After Hours | Euronext Global Equity Market;EUR;NL;OUI;;Euronext;2026-08-04
NL0011821202;ING GROEP;4INGA;Action;EuroTLX | Trading After Hours | Euronext Global Equity Market | Euronext Amsterdam, Brussels;EUR;NL;OUI;;Euronext;2026-08-04
NL0011821392;SIGNIFY NV;2LIGHT;Action;Trading After Hours | Euronext Amsterdam;EUR;NL;OUI;;Euronext;2026-08-04
NL0011832811;FORFARMERS;FFARM;Action;Euronext Amsterdam;EUR;NL;OUI;;Euronext;2026-08-04
NL0011872643;ASR NEDERLAND;2ASRNL;Action;Trading After Hours | Euronext Amsterdam;EUR;NL;OUI;;Euronext;2026-08-04
NL0011872650;BASIC-FIT;2BFIT;Action;Trading After Hours | Euronext Amsterdam;EUR;NL;OUI;;Euronext;2026-08-04
NL0012044739;KGPFN;KGPFN;OPCVM;Euronext Amsterdam;EUR;NL;OUI;;Euronext;2026-08-04
NL0012044747;Redcare Pharma;4SAE;Action;EuroTLX | Euronext Global Equity Market;EUR;NL;OUI;;Euronext;2026-08-04
NL0012059018;EXOR NV;2EXO;Action;Trading After Hours | Euronext Amsterdam;EUR;NL;OUI;;Euronext;2026-08-04
NL0012125736;GS ENH INDX SUS EQ;GSESA;OPCVM;Euronext Amsterdam;EUR;NL;OUI;;Euronext;2026-08-04
NL0012194724;ALUMEXX N.V.;ALX;Action;Euronext Amsterdam;EUR;NL;OUI;;Euronext;2026-08-04
NL0012365084;NSI N.V.;NSI;Action;Euronext Amsterdam;EUR;NL;OUI;;Euronext;2026-08-04
NL0012650535;PARX MATERIALS NV;MLPRX;Action;Euronext Access Paris;EUR;NL;OUI;;Euronext;2026-08-04
NL0012727432;BNP NL;BNPNL;OPCVM;Euronext Amsterdam;EUR;NL;OUI;;Euronext;2026-08-04
NL0012747059;CM.COM;CMCOM;Action;Euronext Amsterdam;EUR;NL;OUI;;Euronext;2026-08-04
NL0012817134;GS EUR DEELN FD;GSED;OPCVM;Euronext Amsterdam;EUR;NL;OUI;;Euronext;2026-08-04
NL0012817175;ALFEN;ALFEN;Action;Euronext Amsterdam | Trading After Hours | EuroTLX;EUR;NL;OUI;;Euronext;2026-08-04
NL0012866412;BE SEMICONDUCTOR;2BESI;Action;Trading After Hours | Euronext Amsterdam;EUR;NL;OUI;;Euronext;2026-08-04
NL0012969182;ADYEN;ADYEN;Action;Euronext Amsterdam | EuroTLX | Trading After Hours;EUR;NL;OUI;;Euronext;2026-08-04
NL0013087968;TRI FAIR SHARE FND;TFSF;OPCVM;Euronext Amsterdam;EUR;NL;OUI;;Euronext;2026-08-04
NL0013267909;AKZO NOBEL;AKZA;Action;Euronext Amsterdam | EuroTLX | Trading After Hours;EUR;NL;OUI;;Euronext;2026-08-04
NL0013332471;TOMTOM;TOM2;Action;Euronext Amsterdam;EUR;NL;OUI;;Euronext;2026-08-04
NL0013654783;PROSUS;2PRX;Action;Trading After Hours | EuroTLX | Euronext Amsterdam;EUR;NL;OUI;;Euronext;2026-08-04
NL0013654809;FASTNED;FAST;Action;Euronext Amsterdam;EUR;NL;OUI;;Euronext;2026-08-04
NL0013689193;MMEQ;BSEQ;OPCVM;Euronext Amsterdam;EUR;NL;OUI;;Euronext;2026-08-04
NL0013689201;MMBAL;BSBAL;OPCVM;Euronext Amsterdam;EUR;NL;OUI;;Euronext;2026-08-04
NL0013689219;DEFBAL;MMDFB;OPCVM;Euronext Amsterdam;EUR;NL;OUI;;Euronext;2026-08-04
NL0013689227;DEF;BSDEF;OPCVM;Euronext Amsterdam;EUR;NL;OUI;;Euronext;2026-08-04
NL0013908692;TRI RENEW EUROP FD;TETEF;OPCVM;Euronext Amsterdam;EUR;NL;OUI;;Euronext;2026-08-04
NL0013995087;CEMENTIR HOLDING;CEM;Action;Euronext Milan;EUR;NL;OUI;;Euronext;2026-08-04
NL0014270209;ASNU OBLIGATIEFOND;ASNOB;OPCVM;Euronext Amsterdam;EUR;NL;OUI;;Euronext;2026-08-04
NL0014270217;ASNU SMALL MIDCAPF;ASN5;OPCVM;Euronext Amsterdam;EUR;NL;OUI;;Euronext;2026-08-04
NL0014270225;ASNU AANDELENFONDS;ASN;OPCVM;Euronext Amsterdam;EUR;NL;OUI;;Euronext;2026-08-04
NL0014270233;ASNU MILIEU WATER;ASNML;OPCVM;Euronext Amsterdam;EUR;NL;OUI;;Euronext;2026-08-04
NL0014270258;ASN Energie&Innov;ASNGF;OPCVM;Euronext Amsterdam;EUR;NL;OUI;;Euronext;2026-08-04
NL0014270266;ASN Microkred. fnd;ASNMF;OPCVM;Euronext Amsterdam;EUR;NL;OUI;;Euronext;2026-08-04
NL0014270274;ASN MIXF ZEER DEF;ASNZD;OPCVM;Euronext Amsterdam;EUR;NL;OUI;;Euronext;2026-08-04
NL0014270282;ASN MIXF DEFENSIEF;ASND;OPCVM;Euronext Amsterdam;EUR;NL;OUI;;Euronext;2026-08-04
NL0014270290;ASN MIXF NEUTRAAL;ASNN;OPCVM;Euronext Amsterdam;EUR;NL;OUI;;Euronext;2026-08-04
NL0014270308;ASN MIXF OFFENSIEF;ASNO;OPCVM;Euronext Amsterdam;EUR;NL;OUI;;Euronext;2026-08-04
NL0014270316;ASN MIXF ZEER OFF;ASNZO;OPCVM;Euronext Amsterdam;EUR;NL;OUI;;Euronext;2026-08-04
NL0014332553;CARDANO IND EUROPE;ADIAE;OPCVM;Euronext Amsterdam;EUR;NL;OUI;;Euronext;2026-08-04
NL0014332561;CARDANO INDEX NA;ADIAN;OPCVM;Euronext Amsterdam;EUR;NL;OUI;;Euronext;2026-08-04
NL0014332579;CARDANO IND PAC;ADIAP;OPCVM;Euronext Amsterdam;EUR;NL;OUI;;Euronext;2026-08-04
NL0014332587;CARDANO INDEX EM;ADIAO;OPCVM;Euronext Amsterdam;EUR;NL;OUI;;Euronext;2026-08-04
NL0014559478;TECHNIP ENERGIES;2TE;Action;Trading After Hours | Euronext Paris;EUR;NL;OUI;;Euronext;2026-08-04
NL0014926404;KEMPEN SUST GHDF N;KSGHD;OPCVM;Euronext Amsterdam;EUR;NL;OUI;;Euronext;2026-08-04
NL00150000S7;CABKA;CABKA;Action;Euronext Amsterdam;EUR;NL;OUI;;Euronext;2026-08-04
NL00150000U3;CABKA EUR 12W;DSCW2;Action;Euronext Amsterdam;EUR;NL;OUI;;Euronext;2026-08-04
NL00150000V1;CABKA EUR 13W;DSCW3;Action;Euronext Amsterdam;EUR;NL;OUI;;Euronext;2026-08-04
NL00150001Q9;STELLANTIS;2STLAM;Action;Trading After Hours | Euronext Milan | Euronext Paris;EUR;NL;OUI;;Euronext;2026-08-04
NL00150001S5;THE KINGFISH COMP;KING;Action;Euronext Growth Oslo;NOK;NL;OUI;;Euronext;2026-08-04
NL00150002Q7;VIVORYON;VVY;Action;Euronext Amsterdam;EUR;NL;OUI;;Euronext;2026-08-04
NL00150002R5;CABKA DSC2 TS;DSC2S;Action;Euronext Amsterdam;EUR;NL;OUI;;Euronext;2026-08-04
NL00150003E1;FUGRO;2FUR;Action;Trading After Hours | Euronext Amsterdam;EUR;NL;OUI;;Euronext;2026-08-04
NL00150006R6;CTP;2CTPNV;Action;Trading After Hours | Euronext Amsterdam;EUR;NL;OUI;;Euronext;2026-08-04
NL00150006Z9;AZERION;AZRN;Action;Euronext Amsterdam;EUR;NL;OUI;;Euronext;2026-08-04
NL00150007A0;AZERION WARRANTS;AZRNW;Action;Euronext Amsterdam;EUR;NL;OUI;;Euronext;2026-08-04
NL0015000CF4;NAI TREAS SHARES;NAITR;Action;Euronext Amsterdam;EUR;NL;OUI;;Euronext;2026-08-04
NL0015000CG2;NAI ORD SHARES;NAI;Action;Euronext Amsterdam;EUR;NL;OUI;;Euronext;2026-08-04
NL0015000CH0;NAI WARRANTS;NAIW;Action;Euronext Amsterdam;EUR;NL;OUI;;Euronext;2026-08-04
NL0015000D50;NX FILTRATION;NXFIL;Action;Euronext Amsterdam;EUR;NL;OUI;;Euronext;2026-08-04
NL0015000GU4;CARDANO IFIF;CIFIF;OPCVM;Euronext Amsterdam;EUR;NL;OUI;;Euronext;2026-08-04
NL0015000GX8;ENVIPCO HOLDING;ENVIP;Action;Oslo Børs | Euronext Amsterdam;NOK;NL;OUI;;Euronext;2026-08-04
NL0015000H56;BANIJAY GROUP WARR;BNJW;Action;Euronext Amsterdam;EUR;NL;OUI;;Euronext;2026-08-04
NL0015000HT4;ONWARD MEDICAL;ONWD;Action;Euronext Brussels, Amsterdam, Paris;EUR;NL;OUI;;Euronext;2026-08-04
NL0015000IY2;UMG;UMG;Action;Euronext Amsterdam | Trading After Hours;EUR;NL;OUI;;Euronext;2026-08-04
NL0015000K93;EUROCOMMERCIAL;2ECMPA;Action;Trading After Hours | Euronext Milan | Euronext Amsterdam, Brussels;EUR;NL;OUI;;Euronext;2026-08-04
NL0015000LU4;IVECO GROUP;2IVG;Action;Trading After Hours | Euronext Milan;EUR;NL;OUI;;Euronext;2026-08-04
NL0015000N33;ARISTON HOLDING;ARIS;Action;Euronext Milan;EUR;NL;OUI;;Euronext;2026-08-04
NL0015000NK1;QEV WARRANTS;QEVW;Action;Euronext Amsterdam;EUR;NL;OUI;;Euronext;2026-08-04
NL0015000NL9;QEV TREAS SHARES;QEVT;Action;Euronext Amsterdam;EUR;NL;OUI;;Euronext;2026-08-04
NL0015000NM7;QEV;QEV;Action;Euronext Amsterdam;EUR;NL;OUI;;Euronext;2026-08-04
NL0015000RT3;NEPI ROCKCASTLE;NRP;Action;Euronext Amsterdam;EUR;NL;OUI;;Euronext;2026-08-04
NL0015000W73;DFIS2;DFIS2;OPCVM;Euronext Amsterdam;EUR;NL;OUI;;Euronext;2026-08-04
NL0015000X07;BANIJAY GROUP;BNJ;Action;Euronext Amsterdam;EUR;NL;OUI;;Euronext;2026-08-04
NL0015000YE1;TME PHARMA;ALTME;Action;Euronext Growth Paris;EUR;NL;OUI;;Euronext;2026-08-04
NL0015001BF4;REFUELS;REFL;Action;Euronext Growth Oslo;NOK;NL;OUI;;Euronext;2026-08-04
NL0015001FS8;FERROVIAL;FER;Action;Euronext Amsterdam;EUR;NL;OUI;;Euronext;2026-08-04
NL0015001HZ9;PET SERVICE;ALPET;Action;Euronext Growth Paris;EUR;NL;OUI;;Euronext;2026-08-04
NL0015001KT6;BREMBO;BRE;Action;Euronext Milan;EUR;NL;OUI;;Euronext;2026-08-04
NL0015001OI1;MFE A;2MFEA;Action;Trading After Hours | Euronext Milan;EUR;NL;OUI;;Euronext;2026-08-04
NL0015001OJ9;MFE B;MFEB;Action;Euronext Milan | Trading After Hours;EUR;NL;OUI;;Euronext;2026-08-04
NL0015001W49;PLUXEE;PLX;Action;Euronext Paris;EUR;NL;OUI;;Euronext;2026-08-04
NL0015002AG2;EBUSCO HOLDING;EBUS;Action;Euronext Amsterdam;EUR;NL;OUI;;Euronext;2026-08-04
NL0015002E73;PRYME;PRYME;Action;Euronext Growth Oslo;NOK;NL;OUI;;Euronext;2026-08-04
NL0015002IE0;AVANTIUM;AVTX;Action;Euronext Amsterdam, Brussels;EUR;NL;OUI;;Euronext;2026-08-04
NL0015002K83;HAVAS;HAVAS;Action;Euronext Amsterdam;EUR;NL;OUI;;Euronext;2026-08-04
NL0015002K91;ADEC INNOVATIONS;MLADE;Action;Euronext Access Brussels;EUR;NL;OUI;;Euronext;2026-08-04
NL0015002MS2;MAGNUM;MICC;Action;Euronext Amsterdam;EUR;NL;OUI;;Euronext;2026-08-04
NL0015002OB4;OBAM N.V.;OBAM;OPCVM;Euronext Amsterdam;EUR;NL;OUI;;Euronext;2026-08-04
NL0015002QB9;IC N-Am Eq ESG Idx;ICINA;OPCVM;Euronext Amsterdam;EUR;NL;OUI;;Euronext;2026-08-04
NL0015002QC7;IC Eur Eq ESG Idx;ICIEU;OPCVM;Euronext Amsterdam;EUR;NL;OUI;;Euronext;2026-08-04
NL0015002SN0;QIAGEN;4QGEN;Action;EuroTLX | Trading After Hours | Euronext Global Equity Market;EUR;NL;OUI;;Euronext;2026-08-04
NL0015063751;Cardano ESGT EMD;CEMD;OPCVM;Euronext Amsterdam;EUR;NL;OUI;;Euronext;2026-08-04
NL0015073TS8;CSG;2CSG;Action;Trading After Hours | Euronext Amsterdam;EUR;NL;OUI;;Euronext;2026-08-04
NL0015073U44;AGHY FUND;AGHY;OPCVM;Euronext Amsterdam;EUR;NL;OUI;;Euronext;2026-08-04
NL0015118803;VALUE8 CUM PREF;PREVA;Action;Euronext Amsterdam;EUR;NL;OUI;;Euronext;2026-08-04
NL0015268814;MPC ENERGY SOLUTIO;MPCES;Action;Euronext Growth Oslo;NOK;NL;OUI;;Euronext;2026-08-04
NL0015435975;CAMPARI;2CPR;Action;Trading After Hours | Euronext Milan;EUR;NL;OUI;;Euronext;2026-08-04
NL0015602392;GS ENH INDX SNA EQ;GSENH;OPCVM;Euronext Amsterdam;EUR;NL;OUI;;Euronext;2026-08-04
NO0003021909;ABG SUNDAL COLLIER;ABG;Action;Oslo Børs;NOK;NO;OUI;;Euronext;2026-08-04
NO0003025009;VOSS VEKSEL OGLAND;VVL;Action;Oslo Børs;NOK;NO;OUI;;Euronext;2026-08-04
NO0003033102;KONGSBERG AUTOMOT;KOA;Action;Oslo Børs;NOK;NO;OUI;;Euronext;2026-08-04
NO0003049405;NEKKAR;NKR;Action;Oslo Børs;NOK;NO;OUI;;Euronext;2026-08-04
NO0003053308;SCANA;SCANA;Action;Oslo Børs;NOK;NO;OUI;;Euronext;2026-08-04
NO0003053605;STOREBRAND;STB;Action;Oslo Børs;NOK;NO;OUI;;Euronext;2026-08-04
NO0003054108;MOWI;MOWI;Action;Oslo Børs;NOK;NO;OUI;;Euronext;2026-08-04
NO0003055501;NORDIC SEMICONDUC;NOD;Action;Oslo Børs;NOK;NO;OUI;;Euronext;2026-08-04
NO0003058109;NORDIC HALIBUT;NOHAL;Action;Euronext Growth Oslo;NOK;NO;OUI;;Euronext;2026-08-04
NO0003067902;HEXAGON COMPOSITES;HEX;Action;Oslo Børs;NOK;NO;OUI;;Euronext;2026-08-04
NO0003078107;AF GRUPPEN;AFG;Action;Oslo Børs;NOK;NO;OUI;;Euronext;2026-08-04
NO0003078800;TGS;TGS;Action;Oslo Børs;NOK;NO;OUI;;Euronext;2026-08-04
NO0003079709;KITRON;KIT;Action;Oslo Børs;NOK;NO;OUI;;Euronext;2026-08-04
NO0003080608;SOLSTAD OFFSHORE;SOFF;Action;Oslo Børs;NOK;NO;OUI;;Euronext;2026-08-04
NO0003087603;BYGGMA;BMA;Action;Euronext Growth Oslo;NOK;NO;OUI;;Euronext;2026-08-04
NO0003096208;LERØY SEAFOOD GP;LSG;Action;Oslo Børs;NOK;NO;OUI;;Euronext;2026-08-04
NO0003097503;AKVA GROUP;AKVA;Action;Oslo Børs;NOK;NO;OUI;;Euronext;2026-08-04
NO0003110603;BONHEUR;BONHR;Action;Oslo Børs;NOK;NO;OUI;;Euronext;2026-08-04
NO0003117202;REACH SUBSEA;REACH;Action;Oslo Børs;NOK;NO;OUI;;Euronext;2026-08-04
NO0003399909;ODFJELL SER. A;ODF;Action;Oslo Børs;NOK;NO;OUI;;Euronext;2026-08-04
NO0003399917;ODFJELL SER. B;ODFB;Action;Oslo Børs;NOK;NO;OUI;;Euronext;2026-08-04
NO0003572802;ARENDALS FOSSEKOMP;AFK;Action;Oslo Børs;NOK;NO;OUI;;Euronext;2026-08-04
NO0003679102;NRC GROUP;NRC;Action;Oslo Børs;NOK;NO;OUI;;Euronext;2026-08-04
NO0003733800;ORKLA;ORK;Action;Oslo Børs;NOK;NO;OUI;;Euronext;2026-08-04
NO0003921009;DNO;DNO;Action;Oslo Børs;NOK;NO;OUI;;Euronext;2026-08-04
NO0004288200;GYLDENDAL;GYL;Action;Oslo Børs;NOK;NO;OUI;;Euronext;2026-08-04
NO0004822503;ATEA;ATEA;Action;Oslo Børs;NOK;NO;OUI;;Euronext;2026-08-04
NO0004913609;GOODTECH;GOD;Action;Oslo Børs;NOK;NO;OUI;;Euronext;2026-08-04
NO0005052605;NORSK HYDRO;NHY;Action;Oslo Børs;NOK;NO;OUI;;Euronext;2026-08-04
NO0005806802;VEIDEKKE;VEI;Action;Oslo Børs;NOK;NO;OUI;;Euronext;2026-08-04
NO0006000603;SOGN SPAREBANK;SOGN;Action;Oslo Børs;NOK;NO;OUI;;Euronext;2026-08-04
NO0006000801;SPBK1 NORD-NORGE;NONG;Action;Oslo Børs;NOK;NO;OUI;;Euronext;2026-08-04
NO0006000900;SPAREBANKEN NORGE;SBNOR;Action;Oslo Børs;NOK;NO;OUI;;Euronext;2026-08-04
NO0006001007;ROGALAND SPAREBANK;ROGS;Action;Oslo Børs;NOK;NO;OUI;;Euronext;2026-08-04
NO0006001601;AURSKOG SPAREBANK;AURG;Action;Oslo Børs;NOK;NO;OUI;;Euronext;2026-08-04
NO0006001809;SKUE SPAREBANK;SKUE;Action;Oslo Børs;NOK;NO;OUI;;Euronext;2026-08-04
NO0006001908;MELHUS SPAREBANK;MELG;Action;Oslo Børs;NOK;NO;OUI;;Euronext;2026-08-04
NO0006222009;SPAREBANKEN ØST;SPOG;Action;Oslo Børs;NOK;NO;OUI;;Euronext;2026-08-04
NO0006390301;SPAREBANK 1 SMN;MING;Action;Oslo Børs;NOK;NO;OUI;;Euronext;2026-08-04
NO0006390400;SPBK1 RINGERIKE;RING;Action;Oslo Børs;NOK;NO;OUI;;Euronext;2026-08-04
NO0010000045;PHOTOCURE;PHO;Action;Oslo Børs;NOK;NO;OUI;;Euronext;2026-08-04
NO0010001118;ITERA;ITERA;Action;Oslo Børs;NOK;NO;OUI;;Euronext;2026-08-04
NO0010012636;HØLAND OG SETSKOG;HSPG;Action;Oslo Børs;NOK;NO;OUI;;Euronext;2026-08-04
NO0010014632;ARCTICZYMES TECHNO;AZT;Action;Oslo Børs;NOK;NO;OUI;;Euronext;2026-08-04
NO0010015175;CYVIZ;CYVIZ;Action;Euronext Growth Oslo;NOK;NO;OUI;;Euronext;2026-08-04
NO0010029804;SPBK1 HELGELAND;HELG;Action;Oslo Børs;NOK;NO;OUI;;Euronext;2026-08-04
NO0010040611;OTELLO CORPORATION;OTEC;Action;Oslo Børs;NOK;NO;OUI;;Euronext;2026-08-04
NO0010063308;TELENOR;TEL;Action;Oslo Børs;NOK;NO;OUI;;Euronext;2026-08-04
NO0010073489;AUSTEVOLL SEAFOOD;AUSS;Action;Oslo Børs;NOK;NO;OUI;;Euronext;2026-08-04
NO0010078850;CAMBI;CAMBI;Action;Euronext Growth Oslo;NOK;NO;OUI;;Euronext;2026-08-04
NO0010081235;NEL;NEL;Action;Oslo Børs;NOK;NO;OUI;;Euronext;2026-08-04
NO0010096985;EQUINOR;EQNR;Action;Oslo Børs;NOK;NO;OUI;;Euronext;2026-08-04
NO0010098247;STRONGPOINT;STRO;Action;Oslo Børs;NOK;NO;OUI;;Euronext;2026-08-04
NO0010159684;MEDISTIM;MEDI;Action;Oslo Børs;NOK;NO;OUI;;Euronext;2026-08-04
NO0010161896;DNB BANK;DNB;Action;Oslo Børs;NOK;NO;OUI;;Euronext;2026-08-04
NO0010187032;MAGNORA;MGN;Action;Oslo Børs;NOK;NO;OUI;;Euronext;2026-08-04
NO0010196140;NORWEGIAN AIR SHUT;NAS;Action;Oslo Børs;NOK;NO;OUI;;Euronext;2026-08-04
NO0010205966;NAVAMEDIC;NAVA;Action;Oslo Børs;NOK;NO;OUI;;Euronext;2026-08-04
NO0010208051;YARA INTERNATIONAL;YAR;Action;Oslo Børs;NOK;NO;OUI;;Euronext;2026-08-04
NO0010209331;PROTECTOR FORSIKRG;PROT;Action;Oslo Børs;NOK;NO;OUI;;Euronext;2026-08-04
NO0010215684;AKASTOR;AKAST;Action;Oslo Børs;NOK;NO;OUI;;Euronext;2026-08-04
NO0010234552;AKER;AKER;Action;Oslo Børs;NOK;NO;OUI;;Euronext;2026-08-04
NO0010257728;HAVILA SHIPPING;HAVI;Action;Oslo Børs;NOK;NO;OUI;;Euronext;2026-08-04
NO0010257801;OBXEDNB;OBXD;ETF;Oslo Børs;NOK;NO;OUI;-;Euronext;2026-08-04
NO0010263023;EIDESVIK OFFSHORE;EIOF;Action;Oslo Børs;NOK;NO;OUI;;Euronext;2026-08-04
NO0010285562;SPBK1 ØSTFOLD AKE;SOAG;Action;Oslo Børs;NOK;NO;OUI;;Euronext;2026-08-04
NO0010310956;SALMAR;SALM;Action;Oslo Børs;NOK;NO;OUI;;Euronext;2026-08-04
NO0010345853;AKER BP;AKRBP;Action;Oslo Børs;NOK;NO;OUI;;Euronext;2026-08-04
NO0010358484;VOIM;VOIM;Action;Oslo Børs;NOK;NO;OUI;;Euronext;2026-08-04
NO0010359433;JÆREN SPAREBANK;JAREN;Action;Oslo Børs;NOK;NO;OUI;;Euronext;2026-08-04
NO0010360019;NORAM DRILLING;NORAM;Action;Euronext Growth Oslo;NOK;NO;OUI;;Euronext;2026-08-04
NO0010360266;BOUVET;BOUV;Action;Oslo Børs;NOK;NO;OUI;;Euronext;2026-08-04
NO0010365521;GRIEG SEAFOOD;GSF;Action;Oslo Børs;NOK;NO;OUI;;Euronext;2026-08-04
NO0010379266;BLUENORD;BNOR;Action;Oslo Børs;NOK;NO;OUI;;Euronext;2026-08-04
NO0010397581;PARETO BANK;PARB;Action;Oslo Børs;NOK;NO;OUI;;Euronext;2026-08-04
NO0010405780;LYTIX BIOPHARMA;LYTIX;Action;Euronext Growth Oslo;NOK;NO;OUI;;Euronext;2026-08-04
NO0010466022;POLARIS MEDIA;POL;Action;Oslo Børs;NOK;NO;OUI;;Euronext;2026-08-04
NO0010536048;INDUCT;INDCT;Action;Euronext Growth Oslo;NOK;NO;OUI;;Euronext;2026-08-04
NO0010550056;NORTH ENERGY;NORTH;Action;Euronext Expand Oslo;NOK;NO;OUI;;Euronext;2026-08-04
NO0010564701;PANORO ENERGY;PEN;Action;Oslo Børs;NOK;NO;OUI;;Euronext;2026-08-04
NO0010571680;WALLENIUS WILHELMS;WAWI;Action;Oslo Børs;NOK;NO;OUI;;Euronext;2026-08-04
NO0010571698;WILH. WILHELMSEN A;WWI;Action;Oslo Børs;NOK;NO;OUI;;Euronext;2026-08-04
NO0010572589;SAGA PURE;SAGA;Action;Oslo Børs;NOK;NO;OUI;;Euronext;2026-08-04
NO0010576010;WILH. WILHELMSEN B;WWIB;Action;Oslo Børs;NOK;NO;OUI;;Euronext;2026-08-04
NO0010582521;GJENSIDIGE FORSIKR;GJF;Action;Oslo Børs;NOK;NO;OUI;;Euronext;2026-08-04
NO0010597883;THOR MEDICAL;TRMED;Action;Oslo Børs;NOK;NO;OUI;;Euronext;2026-08-04
NO0010598683;HOFSETH BIOCARE;HBC;Action;Oslo Børs;NOK;NO;OUI;;Euronext;2026-08-04
NO0010607971;ALNG;ALNG;Action;Euronext Expand Oslo;NOK;NO;OUI;;Euronext;2026-08-04
NO0010609662;WEBSTEP;WSTEP;Action;Oslo Børs;NOK;NO;OUI;;Euronext;2026-08-04
NO0010612450;SELVAAG BOLIG;SBO;Action;Oslo Børs;NOK;NO;OUI;;Euronext;2026-08-04
NO0010631567;SPAREBANK 1 SØR-N;SB1NO;Action;Oslo Børs;NOK;NO;OUI;;Euronext;2026-08-04
NO0010633951;B2 Impact;B2I;Action;Oslo Børs;NOK;NO;OUI;;Euronext;2026-08-04
NO0010636491;GRONG SPAREBANK;GRONG;Action;Euronext Growth Oslo;NOK;NO;OUI;;Euronext;2026-08-04
NO0010657505;BORREGAARD;BRG;Action;Oslo Børs;NOK;NO;OUI;;Euronext;2026-08-04
NO0010672181;AASEN SPAREBANK;AASB;Action;Euronext Growth Oslo;NOK;NO;OUI;;Euronext;2026-08-04
NO0010691660;SPBK 1 NORDMØRE;SNOR;Action;Oslo Børs;NOK;NO;OUI;;Euronext;2026-08-04
NO0010708068;VOW;VOW;Action;Oslo Børs;NOK;NO;OUI;;Euronext;2026-08-04
NO0010708605;EQVA;EQVA;Action;Oslo Børs;NOK;NO;OUI;;Euronext;2026-08-04
NO0010708910;ZALARIS;ZAL;Action;Oslo Børs;NOK;NO;OUI;;Euronext;2026-08-04
NO0010713571;SOILTECH;STECH;Action;Oslo Børs;NOK;NO;OUI;;Euronext;2026-08-04
NO0010713936;ZAPTEC;ZAP;Action;Oslo Børs;NOK;NO;OUI;;Euronext;2026-08-04
NO0010714785;NYKODE THERAPEUTIC;NYKD;Action;Oslo Børs;NOK;NO;OUI;;Euronext;2026-08-04
NO0010715139;SCATEC;SCATC;Action;Oslo Børs;NOK;NO;OUI;;Euronext;2026-08-04
NO0010715394;AQUALIS;AQUA;Action;Oslo Børs;NOK;NO;OUI;;Euronext;2026-08-04
NO0010716418;ENTRA;ENTRA;Action;Oslo Børs;NOK;NO;OUI;;Euronext;2026-08-04
NO0010716582;AKER SOLUTIONS;AKSO;Action;Oslo Børs;NOK;NO;OUI;;Euronext;2026-08-04
NO0010722283;ELLIPTIC LABORATOR;ELABS;Action;Oslo Børs;NOK;NO;OUI;;Euronext;2026-08-04
NO0010724701;ICELANDIC SALMON;ISLAX;Action;Euronext Growth Oslo;NOK;NO;OUI;;Euronext;2026-08-04
NO0010733082;NIDAROS SPAREBANK;NISB;Action;Euronext Growth Oslo;NOK;NO;OUI;;Euronext;2026-08-04
NO0010734122;VISTIN PHARMA;VISTN;Action;Oslo Børs;NOK;NO;OUI;;Euronext;2026-08-04
NO0010734338;MULTICONSULT;MULTI;Action;Oslo Børs;NOK;NO;OUI;;Euronext;2026-08-04
NO0010735343;EUROPRIS;EPR;Action;Oslo Børs;NOK;NO;OUI;;Euronext;2026-08-04
NO0010735681;PIONEER PROPERTY;PPG;Action;Euronext Expand Oslo;NOK;NO;OUI;;Euronext;2026-08-04
NO0010736879;VEND MARKETPLACES;VEND;Action;Oslo Børs;NOK;NO;OUI;;Euronext;2026-08-04
NO0010743545;KID;KID;Action;Oslo Børs;NOK;NO;OUI;;Euronext;2026-08-04
NO0010748866;GENTIAN DIAGNOSTIC;GENT;Action;Oslo Børs;NOK;NO;OUI;;Euronext;2026-08-04
NO0010751910;SPBK 1 ØSTLANDET;SPOL;Action;Oslo Børs;NOK;NO;OUI;;Euronext;2026-08-04
NO0010759988;TINDE SPAREBANK;TINDE;Action;Euronext Growth Oslo;NOK;NO;OUI;;Euronext;2026-08-04
NO0010762792;INSTABANK;INSTA;Action;Euronext Growth Oslo;NOK;NO;OUI;;Euronext;2026-08-04
NO0010764053;HAUGESUND SPB;HGSB;Action;Oslo Børs;NOK;NO;OUI;;Euronext;2026-08-04
NO0010768096;WESTERN BULK CHART;WEST;Action;Euronext Growth Oslo;NOK;NO;OUI;;Euronext;2026-08-04
NO0010788268;TRØNDELAG SPBK;TRSB;Action;Oslo Børs;NOK;NO;OUI;;Euronext;2026-08-04
NO0010791353;MPC CONTAINER SHIP;MPCC;Action;Oslo Børs;NOK;NO;OUI;;Euronext;2026-08-04
NO0010808405;ROMERIKE SPAREBK;ROMER;Action;Euronext Growth Oslo;NOK;NO;OUI;;Euronext;2026-08-04
NO0010810476;BALTIC SEA PROP;BALT;Action;Euronext Growth Oslo;NOK;NO;OUI;;Euronext;2026-08-04
NO0010811961;SOFTOX SOLUTIONS;SOFTX;Action;Euronext Growth Oslo;NOK;NO;OUI;;Euronext;2026-08-04
NO0010815103;KRAFT BANK;KRAB;Action;Euronext Growth Oslo;NOK;NO;OUI;;Euronext;2026-08-04
NO0010815673;ELMERA GROUP;ELMRA;Action;Oslo Børs;NOK;NO;OUI;;Euronext;2026-08-04
NO0010816093;ELKEM;ELK;Action;Oslo Børs;NOK;NO;OUI;;Euronext;2026-08-04
NO0010816895;OKEA;OKEA;Action;Oslo Børs;NOK;NO;OUI;;Euronext;2026-08-04
NO0010829765;ANDFJORD SALMON GR;ANDF;Action;Euronext Growth Oslo;NOK;NO;OUI;;Euronext;2026-08-04
NO0010833262;KLAVENESS COMBINAT;KCC;Action;Oslo Børs;NOK;NO;OUI;;Euronext;2026-08-04
NO0010840507;PEXIP HOLDING;PEXIP;Action;Oslo Børs;NOK;NO;OUI;;Euronext;2026-08-04
NO0010840515;AXACTOR;ACR;Action;Oslo Børs;NOK;NO;OUI;;Euronext;2026-08-04
NO0010852213;EXACT THERAPEUTICS;EXTX;Action;Euronext Growth Oslo;NOK;NO;OUI;;Euronext;2026-08-04
NO0010856511;NORBIT;NORBT;Action;Oslo Børs;NOK;NO;OUI;;Euronext;2026-08-04
NO0010859580;ARCTIC BIOSCIENCE;ABS;Action;Euronext Growth Oslo;NOK;NO;OUI;;Euronext;2026-08-04
NO0010859648;HUDDLESTOCK FINTEC;HUDL;Action;Euronext Growth Oslo;NOK;NO;OUI;;Euronext;2026-08-04
NO0010861115;NORSKE SKOG;NSKOG;Action;Oslo Børs;NOK;NO;OUI;;Euronext;2026-08-04
NO0010861990;PROSAFE;PRS;Action;Oslo Børs;NOK;NO;OUI;;Euronext;2026-08-04
NO0010863285;SATS;SATS;Action;Oslo Børs;NOK;NO;OUI;;Euronext;2026-08-04
NO0010864036;ININ GROUP;ININ;Action;Euronext Growth Oslo;NOK;NO;OUI;;Euronext;2026-08-04
NO0010872468;AGILYX;AGLX;Action;Oslo Børs;NOK;NO;OUI;;Euronext;2026-08-04
NO0010876642;CLOUDBERRY CLEAN;CLOUD;Action;Oslo Børs;NOK;NO;OUI;;Euronext;2026-08-04
NO0010884794;KALDVIK;KLDVK;Action;Euronext Growth Oslo;NOK;NO;OUI;;Euronext;2026-08-04
NO0010886625;AKER BIOMARINE;AKBM;Action;Oslo Børs;NOK;NO;OUI;;Euronext;2026-08-04
NO0010887110;SPARBNK 68 GR NORD;SB68;Action;Euronext Growth Oslo;NOK;NO;OUI;;Euronext;2026-08-04
NO0010887565;OCEAN SUN;OSUN;Action;Euronext Growth Oslo;NOK;NO;OUI;;Euronext;2026-08-04
NO0010890965;BEWI;BEWI;Action;Oslo Børs;NOK;NO;OUI;;Euronext;2026-08-04
NO0010892094;SALMON EVOLUTION;SALME;Action;Oslo Børs;NOK;NO;OUI;;Euronext;2026-08-04
NO0010892359;HYDROGENPRO;HYPRO;Action;Oslo Børs;NOK;NO;OUI;;Euronext;2026-08-04
NO0010892912;NORCOD;NCOD;Action;Euronext Growth Oslo;NOK;NO;OUI;;Euronext;2026-08-04
NO0010893902;PROXIMAR SEAFOOD;PROXI;Action;Euronext Growth Oslo;NOK;NO;OUI;;Euronext;2026-08-04
NO0010894231;LINK MOBILITY GRP;LINK;Action;Oslo Børs;NOK;NO;OUI;;Euronext;2026-08-04
NO0010894512;OMDA;OMDA;Action;Euronext Growth Oslo;NOK;NO;OUI;;Euronext;2026-08-04
NO0010895782;XPLORA TECHNOLOGIE;XPLRA;Action;Euronext Growth Oslo;NOK;NO;OUI;;Euronext;2026-08-04
NO0010907744;GREEN MINERALS;GEM;Action;Euronext Growth Oslo;NOK;NO;OUI;;Euronext;2026-08-04
NO0010911902;ELEKTROIMPORTØREN;ELIMP;Action;Euronext Growth Oslo;NOK;NO;OUI;;Euronext;2026-08-04
NO0010914641;OCEAN GEOLOOP;OCEAN;Action;Euronext Growth Oslo;NOK;NO;OUI;;Euronext;2026-08-04
NO0010917339;NOS NOVA;NOSN;Action;Euronext Growth Oslo;NOK;NO;OUI;;Euronext;2026-08-04
NO0010917719;ARCTIC FISH HOLDIN;AFISH;Action;Euronext Growth Oslo;NOK;NO;OUI;;Euronext;2026-08-04
NO0010920945;HYNION;HYN;Action;Euronext Growth Oslo;NOK;NO;OUI;;Euronext;2026-08-04
NO0010921299;LOKOTECH GROUP;LOKO;Action;Euronext Growth Oslo;NOK;NO;OUI;;Euronext;2026-08-04
NO0010923121;CAPSOL TECHNOLOGI;CAPSL;Action;Oslo Børs;NOK;NO;OUI;;Euronext;2026-08-04
NO0010927288;LUMI EDUCATION GR;LUMI;Action;Euronext Growth Oslo;NOK;NO;OUI;;Euronext;2026-08-04
NO0010931207;SKANDIA GREENPOWER;SKAND;Action;Euronext Growth Oslo;NOK;NO;OUI;;Euronext;2026-08-04
NO0010931918;HAV GROUP;HAV;Action;Euronext Growth Oslo;NOK;NO;OUI;;Euronext;2026-08-04
NO0010950249;BERGEN CARBON SOL;BCS;Action;Euronext Growth Oslo;NOK;NO;OUI;;Euronext;2026-08-04
NO0010951577;TEKNA HOLDING;TEKNA;Action;Oslo Børs;NOK;NO;OUI;;Euronext;2026-08-04
NO0010955917;DEEP VALUE DRILLER;DVD;Action;Euronext Growth Oslo;NOK;NO;OUI;;Euronext;2026-08-04
NO0010963275;DESERT CONTROL;DSRT;Action;Euronext Growth Oslo;NOK;NO;OUI;;Euronext;2026-08-04
NO0010969108;NORSK TITANIUM;NTI;Action;Euronext Growth Oslo;NOK;NO;OUI;;Euronext;2026-08-04
NO0010974983;MÅSØVAL;MAS;Action;Euronext Growth Oslo;NOK;NO;OUI;;Euronext;2026-08-04
NO0010976343;M VEST WATER;MVW;Action;Euronext Growth Oslo;NOK;NO;OUI;;Euronext;2026-08-04
NO0010984966;NORWEGIAN BLOCK EX;NBX;Action;Euronext Growth Oslo;NOK;NO;OUI;;Euronext;2026-08-04
NO0011002586;ELOPAK;ELO;Action;Oslo Børs;NOK;NO;OUI;;Euronext;2026-08-04
NO0011002651;NORDHEALTH A-AKSJE;NORDH;Action;Euronext Growth Oslo;NOK;NO;OUI;;Euronext;2026-08-04
NO0011012502;SMARTOPTICS GROUP;SMOP;Action;Oslo Børs;NOK;NO;OUI;;Euronext;2026-08-04
NO0011013765;GIGANTE SALMON;GIGA;Action;Euronext Growth Oslo;NOK;NO;OUI;;Euronext;2026-08-04
NO0011016040;KOMPLETT;KOMPL;Action;Oslo Børs;NOK;NO;OUI;;Euronext;2026-08-04
NO0011018434;NORDIC TECHNOLOGY;NTG;Action;Euronext Growth Oslo;NOK;NO;OUI;;Euronext;2026-08-04
NO0011082075;HÖEGH AUTOLINERS;HAUTO;Action;Oslo Børs;NOK;NO;OUI;;Euronext;2026-08-04
NO0011202772;VÅR ENERGI;VAR;Action;Oslo Børs;NOK;NO;OUI;;Euronext;2026-08-04
NO0012470089;TOMRA SYSTEMS;TOM;Action;Oslo Børs;NOK;NO;OUI;;Euronext;2026-08-04
NO0012477704;JACKTEL;JACK;Action;Euronext Growth Oslo;NOK;NO;OUI;;Euronext;2026-08-04
NO0012483207;SPAREBANKEN MØRE;MORG;Action;Oslo Børs;NOK;NO;OUI;;Euronext;2026-08-04
NO0012535832;POLIGHT;PLT;Action;Oslo Børs;NOK;NO;OUI;;Euronext;2026-08-04
NO0012555459;ENDÚR;ENDUR;Action;Oslo Børs;NOK;NO;OUI;;Euronext;2026-08-04
NO0012706763;BIEN SPAREBANK;BIEN;Action;Oslo Børs;NOK;NO;OUI;;Euronext;2026-08-04
NO0012780958;STAINLESS TANKERS;STST;Action;Euronext Growth Oslo;NOK;NO;OUI;;Euronext;2026-08-04
NO0012851874;DOF GROUP;DOFG;Action;Oslo Børs;NOK;NO;OUI;;Euronext;2026-08-04
NO0012861683;AYFIE INTERNATIONA;AIX;Action;Euronext Growth Oslo;NOK;NO;OUI;;Euronext;2026-08-04
NO0012885252;NORSE ATLANTIC;NORSE;Action;Euronext Expand Oslo;NOK;NO;OUI;;Euronext;2026-08-04
NO0012916131;TECHSTEP;TECH;Action;Oslo Børs;NOK;NO;OUI;;Euronext;2026-08-04
NO0012928805;NORDIC AQUA PART;NOAP;Action;Euronext Growth Oslo;NOK;NO;OUI;;Euronext;2026-08-04
NO0012942525;PETRONOR E&P;PNOR;Action;Oslo Børs;NOK;NO;OUI;;Euronext;2026-08-04
NO0012953720;HUNTER GROUP;HUNT;Action;Euronext Expand Oslo;NOK;NO;OUI;;Euronext;2026-08-04
NO0013033795;CIRCIO HOLDING;CRNA;Action;Oslo Børs;NOK;NO;OUI;;Euronext;2026-08-04
NO0013036814;BRUTON;BRUT;Action;Euronext Growth Oslo;NOK;NO;OUI;;Euronext;2026-08-04
NO0013052209;NORCONSULT;NORCO;Action;Oslo Børs;NOK;NO;OUI;;Euronext;2026-08-04
NO0013119255;INTEROIL EXPL PROD;IOX;Action;Oslo Børs;NOK;NO;OUI;;Euronext;2026-08-04
NO0013135368;SOLSTAD MARITIME;SOMA;Action;Oslo Børs;NOK;NO;OUI;;Euronext;2026-08-04
NO0013162693;NORDIC MINING;NOM;Action;Oslo Børs;NOK;NO;OUI;;Euronext;2026-08-04
NO0013186460;ENSURGE MICROPOWER;ENSU;Action;Oslo Børs;NOK;NO;OUI;;Euronext;2026-08-04
NO0013209858;FLEKKEFJORD SPAREB;FFSB;Action;Euronext Growth Oslo;NOK;NO;OUI;;Euronext;2026-08-04
NO0013219535;CAVENDISH HYDROGEN;CAVEN;Action;Oslo Børs;NOK;NO;OUI;;Euronext;2026-08-04
NO0013228585;GOLDEN ENERGY OFF;GEOS;Action;Euronext Growth Oslo;NOK;NO;OUI;;Euronext;2026-08-04
NO0013256180;BORGESTAD;BOR;Action;Oslo Børs;NOK;NO;OUI;;Euronext;2026-08-04
NO0013325506;MORELD;MORLD;Action;Oslo Børs;NOK;NO;OUI;;Euronext;2026-08-04
NO0013340802;ATLANTIC SAPPHI TR;ASAS;Action;Oslo Børs;NOK;NO;OUI;;Euronext;2026-08-04
NO0013355859;LIFECARE;LIFE;Action;Oslo Børs;NOK;NO;OUI;;Euronext;2026-08-04
NO0013401380;HERMANA HOLDING;HERMA;Action;Oslo Børs;NOK;NO;OUI;;Euronext;2026-08-04
NO0013457952;OBSERVE MEDICAL;OBSRV;Action;Euronext Expand Oslo;NOK;NO;OUI;;Euronext;2026-08-04
NO0013461350;INTEGRATED WIND SO;IWS;Action;Oslo Børs;NOK;NO;OUI;;Euronext;2026-08-04
NO0013464750;ATLANTIC SAPPHIRE;ASA;Action;Oslo Børs;NOK;NO;OUI;;Euronext;2026-08-04
NO0013470534;HUDDLY;HDLY;Action;Euronext Growth Oslo;NOK;NO;OUI;;Euronext;2026-08-04
NO0013483503;CODELAB CAPITAL;CODE;Action;Euronext Growth Oslo;NOK;NO;OUI;;Euronext;2026-08-04
NO0013524942;ZELLUNA;ZLNA;Action;Oslo Børs;NOK;NO;OUI;;Euronext;2026-08-04
NO0013531616;ACE DIGITAL;ACED;Action;Euronext Growth Oslo;NOK;NO;OUI;;Euronext;2026-08-04
NO0013536078;IDEX BIOMETRICS;IDEX;Action;Oslo Børs;NOK;NO;OUI;;Euronext;2026-08-04
NO0013536151;KONGSBERG GRUPPEN;KOG;Action;Oslo Børs;NOK;NO;OUI;;Euronext;2026-08-04
NO0013573014;SENTIA;SNTIA;Action;Oslo Børs;NOK;NO;OUI;;Euronext;2026-08-04
NO0013597419;CONSTELLATION OIL;COSH;Action;Oslo Børs;NOK;NO;OUI;;Euronext;2026-08-04
NO0013601245;EAM SOLAR;EAM;Action;Euronext Growth Oslo;NOK;NO;OUI;;Euronext;2026-08-04
NO0013647693;FJORD DEFENCE GR;DFENS;Action;Oslo Børs;NOK;NO;OUI;;Euronext;2026-08-04
NO0013682948;ARRIBATEC GROUP;ARR;Action;Oslo Børs;NOK;NO;OUI;;Euronext;2026-08-04
NO0013683409;NORDIC FINANCIALS;NOFIN;Action;Euronext Expand Oslo;NOK;NO;OUI;;Euronext;2026-08-04
NO0013683821;APPEAR;APR;Action;Oslo Børs;NOK;NO;OUI;;Euronext;2026-08-04
NO0013685750;BLACK SEA PROPERTY;BSP;Action;Euronext Growth Oslo;NOK;NO;OUI;;Euronext;2026-08-04
NO0013696799;HAVILA KYSTRUTEN;HKY;Action;Euronext Growth Oslo;NOK;NO;OUI;;Euronext;2026-08-04
NO0013697029;KONGSBERG MARITIME;KMAR;Action;Oslo Børs;NOK;NO;OUI;;Euronext;2026-08-04
NO0013698431;ENERGEIA;ENERG;Action;Euronext Growth Oslo;NOK;NO;OUI;;Euronext;2026-08-04
NO0013711713;ONCOINVENT;ONCIN;Action;Oslo Børs;NOK;NO;OUI;;Euronext;2026-08-04
NO0013711721;BEVEST;BINT;Action;Oslo Børs;NOK;NO;OUI;;Euronext;2026-08-04
NO0013711739;DOLPHIN DRILLING;DDRIL;Action;Euronext Growth Oslo;NOK;NO;OUI;;Euronext;2026-08-04
NO0013713115;GENERAL OCEANS;GENO;Action;Oslo Børs;NOK;NO;OUI;;Euronext;2026-08-04
NO0013721613;OTOVO;OTOVO;Action;Oslo Børs;NOK;NO;OUI;;Euronext;2026-08-04
NO0013735894;AQUA BIO TECHNO;ABTEC;Action;Euronext Expand Oslo;NOK;NO;OUI;;Euronext;2026-08-04
NO0013740142;NEXT BIOMETRICS GP;NEXT;Action;Oslo Børs;NOK;NO;OUI;;Euronext;2026-08-04
NO0013750893;MAGNORA DATA CENTE;MDATA;Action;Euronext Growth Oslo;NOK;NO;OUI;;Euronext;2026-08-04
NO0013751966;HEXAGON PURUS;HPUR;Action;Oslo Børs;NOK;NO;OUI;;Euronext;2026-08-04
NO0013753343;BOHUS;BOHUS;Action;Oslo Børs;NOK;NO;OUI;;Euronext;2026-08-04
NO0013755728;DELLIA GROUP;DELIA;Action;Oslo Børs;NOK;NO;OUI;;Euronext;2026-08-04
NO0013756361;POLAR RESOURCES;POLAR;Action;Euronext Growth Oslo;NOK;NO;OUI;;Euronext;2026-08-04
PTALT0AE0002;ALTRI SGPS;ALTR;Action;Euronext Lisbon | Trading After Hours;EUR;PT;OUI;;Euronext;2026-08-04
PTAZR0AM0006;AZOREAN TECH;MLAAT;Action;Euronext Access Paris;EUR;PT;OUI;;Euronext;2026-08-04
PTBCP0AM0015;B.COM.PORTUGUES;2BCP;Action;Trading After Hours | Euronext Lisbon;EUR;PT;OUI;;Euronext;2026-08-04
PTCAP0AM0017;ARRABIDASHOPPING;MLARR;Action;Euronext Access Lisbon;EUR;PT;OUI;;Euronext;2026-08-04
PTCDU0AE0003;CONDURIL;CDU;Action;Euronext Access Lisbon;EUR;PT;OUI;;Euronext;2026-08-04
PTCOR0AE0006;CORTICEIRA AMORIM;COR;Action;Euronext Lisbon;EUR;PT;OUI;;Euronext;2026-08-04
PTCTT0AM0001;CTT CORREIOS PORT;2CTT;Action;Trading After Hours | Euronext Lisbon;EUR;PT;OUI;;Euronext;2026-08-04
PTDGL0AM0003;SAMBA DIGITAL;ALSMB;Action;Euronext Growth Lisbon;EUR;PT;OUI;;Euronext;2026-08-04
PTEDP0AM0009;EDP;2EDP;Action;Trading After Hours | Euronext Lisbon | EuroTLX;EUR;PT;OUI;;Euronext;2026-08-04
PTESO0AM0000;ESTORIL SOL N;ESON;Action;Euronext Lisbon;EUR;PT;OUI;;Euronext;2026-08-04
PTFCP0AM0008;FUT.CLUBE PORTO;FCP;Action;Euronext Lisbon;EUR;PT;OUI;;Euronext;2026-08-04
PTFNV1AM0002;FARMINVESTE;MLFMV;Action;Euronext Access Lisbon;EUR;PT;OUI;;Euronext;2026-08-04
PTFRV0AE0004;RAMADA;RAM;Action;Euronext Lisbon;EUR;PT;OUI;;Euronext;2026-08-04
PTFXD0AM0018;FLEXDEAL;FLEXD;Action;Euronext Lisbon;EUR;PT;OUI;;Euronext;2026-08-04
PTGAL0AM0009;GALP ENERGIA-NOM;GALP;Action;Euronext Lisbon | Trading After Hours;EUR;PT;OUI;;Euronext;2026-08-04
PTGFIBIM0004;FUNDIESTAMO I;GFIBI;OPCVM;Euronext Lisbon;EUR;PT;OUI;;Euronext;2026-08-04
PTGHP0AM0005;GAIASHOPPING - SIC;MLGSH;Action;Euronext Access Lisbon;EUR;PT;OUI;;Euronext;2026-08-04
PTGMC0AM0003;MEDIA CAPITAL;MCP;Action;Euronext Lisbon;EUR;PT;OUI;;Euronext;2026-08-04
PTGVE1AM0017;GENTLEMENS EQUITY;MLGEQ;Action;Euronext Access Paris;EUR;PT;OUI;;Euronext;2026-08-04
PTIAG0AM0005;CIAGEST - SIGI S.A;MLCIA;Action;Euronext Access Lisbon;EUR;PT;OUI;;Euronext;2026-08-04
PTIBS0AM0008;IBERSOL,SGPS;IBS;Action;Euronext Lisbon;EUR;PT;OUI;;Euronext;2026-08-04
PTIPR0AM0000;IMPRESA,SGPS;IPR;Action;Euronext Lisbon;EUR;PT;OUI;;Euronext;2026-08-04
PTJMT0AE0001;J.MARTINS,SGPS;JMT;Action;Euronext Lisbon | Trading After Hours;EUR;PT;OUI;;Euronext;2026-08-04
PTMEN0AE0005;MOTA ENGIL;2EGL;Action;Trading After Hours | Euronext Lisbon;EUR;PT;OUI;;Euronext;2026-08-04
PTMFR0AM0003;MARTIFER;MAR;Action;Euronext Lisbon;EUR;PT;OUI;;Euronext;2026-08-04
PTMNN0AE0006;MONUMENTAL RES;MLMR;Action;Euronext Access Lisbon;EUR;PT;OUI;;Euronext;2026-08-04
PTNBA0AM0006;NOVABASE,SGPS;NBA;Action;Euronext Lisbon;EUR;PT;OUI;;Euronext;2026-08-04
PTOTP0AM0004;OLIMPO REAL ESTATE;MLORE;Action;Euronext Access Lisbon;EUR;PT;OUI;;Euronext;2026-08-04
PTPAD0AM0007;GLINTT;GLINT;Action;Euronext Lisbon;EUR;PT;OUI;;Euronext;2026-08-04
PTPTC0AM0009;PHAROL;PHR;Action;Euronext Lisbon;EUR;PT;OUI;;Euronext;2026-08-04
PTPTI0AM0006;THE NAVIGATOR COMP;NVG;Action;Euronext Lisbon;EUR;PT;OUI;;Euronext;2026-08-04
PTREL0AM0008;REN;RENE;Action;Euronext Lisbon | Trading After Hours;EUR;PT;OUI;;Euronext;2026-08-04
PTRIZ0AM0009;RAIZE;MLRZE;Action;Euronext Access Lisbon;EUR;PT;OUI;;Euronext;2026-08-04
PTSCB0AM0001;S.CLUBE BRAGA;SCB;Action;Euronext Access Lisbon;EUR;PT;OUI;;Euronext;2026-08-04
PTSCP0AM0001;SPORTING;SCP;Action;Euronext Lisbon;EUR;PT;OUI;;Euronext;2026-08-04
PTSCT0AP0018;TOYOTA CAETANO;SCT;Action;Euronext Lisbon;EUR;PT;OUI;;Euronext;2026-08-04
PTSEM0AM0004;SEMAPA;SEM;Action;Euronext Lisbon | Trading After Hours;EUR;PT;OUI;;Euronext;2026-08-04
PTSLB0AM0010;BENFICA;SLBEN;Action;Euronext Lisbon;EUR;PT;OUI;;Euronext;2026-08-04
PTSNC0AM0006;SONAECOM,SGPS;SNC;Action;Euronext Lisbon;EUR;PT;OUI;;Euronext;2026-08-04
PTSNG0AM0007;SONAGI;SNG;Action;Euronext Access Lisbon;EUR;PT;OUI;;Euronext;2026-08-04
PTSON0AM0001;SONAE;SON;Action;Euronext Lisbon | Trading After Hours;EUR;PT;OUI;;Euronext;2026-08-04
PTTBI0AM0006;ATRIUM BIRE SIGI;MLATR;Action;Euronext Access Lisbon;EUR;PT;OUI;;Euronext;2026-08-04
PTTD10AM0000;TEIXEIRA DUARTE;TDSA;Action;Euronext Lisbon;EUR;PT;OUI;;Euronext;2026-08-04
PTVAA0AM0019;VAA VISTA ALEGRE;VAF;Action;Euronext Lisbon;EUR;PT;OUI;;Euronext;2026-08-04
PTVUO0AM0000;VILA DOS NUMEROS;MLVDN;Action;Euronext Access Lisbon;EUR;PT;OUI;;Euronext;2026-08-04
PTZON0AM0006;NOS, SGPS;2NOS;Action;Trading After Hours | Euronext Lisbon;EUR;PT;OUI;;Euronext;2026-08-04
SE0000106270;Hennes & Mauritz;1HMB;Action;Euronext Global Equity Market;EUR;SE;OUI;;Euronext;2026-08-04
SE0000107203;Industrivarden;1INDU;Action;Euronext Global Equity Market;EUR;SE;OUI;;Euronext;2026-08-04
SE0000108227;SKF;1SKFB;Action;Euronext Global Equity Market;EUR;SE;OUI;;Euronext;2026-08-04
SE0000108656;ERICSSON - CLASS B;2ERICB;Action;Trading After Hours | Euronext Global Equity Market | EuroTLX;EUR;SE;OUI;;Euronext;2026-08-04
SE0000108847;Lundbergforetagen;1LUND;Action;Euronext Global Equity Market;EUR;SE;OUI;;Euronext;2026-08-04
SE0000112724;Svenska Cellulosa;1SCAB;Action;Euronext Global Equity Market;EUR;SE;OUI;;Euronext;2026-08-04
SE0000113250;Skanska;1SKAB;Action;Euronext Global Equity Market;EUR;SE;OUI;;Euronext;2026-08-04
SE0000115446;VOLVO CAR;4VOLVB;Action;EuroTLX | Trading After Hours | Euronext Global Equity Market;EUR;SE;OUI;;Euronext;2026-08-04
SE0000120669;SSAB AB;1SSAB;Action;Euronext Global Equity Market;EUR;SE;OUI;;Euronext;2026-08-04
SE0000148884;SKANDINAVISKA ENSK;4SEBA;Action;EuroTLX | Trading After Hours | Euronext Global Equity Market;EUR;SE;OUI;;Euronext;2026-08-04
SE0000163594;Securitas;1SECU;Action;Euronext Global Equity Market;EUR;SE;OUI;;Euronext;2026-08-04
SE0000163628;Elekta;1EKTA;Action;Euronext Global Equity Market;EUR;SE;OUI;;Euronext;2026-08-04
SE0000202624;Getinge AB;1GETI;Action;Euronext Global Equity Market;EUR;SE;OUI;;Euronext;2026-08-04
SE0000242455;Swedbank AB;1SWED;Action;Euronext Global Equity Market;EUR;SE;OUI;;Euronext;2026-08-04
SE0000379190;Castellum;1CAST;Action;Euronext Global Equity Market;EUR;SE;OUI;;Euronext;2026-08-04
SE0000667891;Sandvik AB;1SAND;Action;Euronext Global Equity Market;EUR;SE;OUI;;Euronext;2026-08-04
SE0000667925;Telia Co AB;1TELI;Action;Euronext Global Equity Market;EUR;SE;OUI;;Euronext;2026-08-04
SE0000695876;Alfa Laval;1ALFA;Action;Euronext Global Equity Market;EUR;SE;OUI;;Euronext;2026-08-04
SE0000872095;Swedish Orphan;1SOBI;Action;Euronext Global Equity Market;EUR;SE;OUI;;Euronext;2026-08-04
SE0001515552;Indutrade;1INDT;Action;Euronext Global Equity Market;EUR;SE;OUI;;Euronext;2026-08-04
SE0001662230;Husqvarna;1HUSQ;Action;Euronext Global Equity Market;EUR;SE;OUI;;Euronext;2026-08-04
SE0005127818;Sagax AB;1SAGA;Action;Euronext Global Equity Market;EUR;SE;OUI;;Euronext;2026-08-04
SE0005190238;Tele2 AB;1TEL;Action;Euronext Global Equity Market;EUR;SE;OUI;;Euronext;2026-08-04
SE0006422390;Thule Group AB;1THUL;Action;Euronext Global Equity Market;EUR;SE;OUI;;Euronext;2026-08-04
SE0006993770;Axfood AB;1AXFO;Action;Euronext Global Equity Market;EUR;SE;OUI;;Euronext;2026-08-04
SE0007074281;Hexpol;1HPOL;Action;Euronext Global Equity Market;EUR;SE;OUI;;Euronext;2026-08-04
SE0007100581;Assa Abloy;1ASSA;Action;Euronext Global Equity Market;EUR;SE;OUI;;Euronext;2026-08-04
SE0007100599;Svenska Hand;1SHBA;Action;Euronext Global Equity Market;EUR;SE;OUI;;Euronext;2026-08-04
SE0009554454;Samhallsby;1SBBB;Action;Euronext Global Equity Market;EUR;SE;OUI;;Euronext;2026-08-04
SE0009806607;Munters Group;1MTRS;Action;Euronext Global Equity Market;EUR;SE;OUI;;Euronext;2026-08-04
SE0009922164;Essity;1ESSI;Action;Euronext Global Equity Market;EUR;SE;OUI;;Euronext;2026-08-04
SE0010100958;Investment Lat;1LATO;Action;Euronext Global Equity Market;EUR;SE;OUI;;Euronext;2026-08-04
SE0011090018;Holmen;1HOLM;Action;Euronext Global Equity Market;EUR;SE;OUI;;Euronext;2026-08-04
SE0011337708;AAK AB;1AAK;Action;Euronext Global Equity Market;EUR;SE;OUI;;Euronext;2026-08-04
SE0012454072;Avanza Bank;1AZA;Action;Euronext Global Equity Market;EUR;SE;OUI;;Euronext;2026-08-04
SE0012673267;Evolution AB;1EVO;Action;Euronext Global Equity Market;EUR;SE;OUI;;Euronext;2026-08-04
SE0012853455;EQT AB;1EQT;Action;Euronext Global Equity Market;EUR;SE;OUI;;Euronext;2026-08-04
SE0014731154;CONTEXTVISION;CONTX;Action;Oslo Børs;NOK;SE;OUI;;Euronext;2026-08-04
SE0014781795;AddTech;1ADDT;Action;Euronext Global Equity Market;EUR;SE;OUI;;Euronext;2026-08-04
SE0014960373;Sweco AB;1SWEC;Action;Euronext Global Equity Market;EUR;SE;OUI;;Euronext;2026-08-04
SE0014990966;Lagercrantz G;1LAGR;Action;Euronext Global Equity Market;EUR;SE;OUI;;Euronext;2026-08-04
SE0015192067;Nordnet publ;1SAVE;Action;Euronext Global Equity Market;EUR;SE;OUI;;Euronext;2026-08-04
SE0015193412;AKOBO MINERALS;AKOBO;Action;Euronext Growth Oslo;NOK;SE;OUI;;Euronext;2026-08-04
SE0015658109;Epiroc;1EPIA;Action;Euronext Global Equity Market;EUR;SE;OUI;;Euronext;2026-08-04
SE0015671995;Hemnet Group;1HEM;Action;Euronext Global Equity Market;EUR;SE;OUI;;Euronext;2026-08-04
SE0015811963;INVESTOR AB CLASS;1INVEB;Action;Euronext Global Equity Market | Trading After Hours | EuroTLX;EUR;SE;OUI;;Euronext;2026-08-04
SE0015949201;Lifco AB;1LIFC;Action;Euronext Global Equity Market;EUR;SE;OUI;;Euronext;2026-08-04
SE0015949748;Beijer Ref AB;1BEIJ;Action;Euronext Global Equity Market;EUR;SE;OUI;;Euronext;2026-08-04
SE0015961909;Hexagon AB;1HEXA;Action;Euronext Global Equity Market;EUR;SE;OUI;;Euronext;2026-08-04
SE0015988019;Nibe Industrier;1NIBE;Action;Euronext Global Equity Market;EUR;SE;OUI;;Euronext;2026-08-04
SE0016101844;Sinch;1SINC;Action;Euronext Global Equity Market;EUR;SE;OUI;;Euronext;2026-08-04
SE0016589188;Electrolux;1ELUX;Action;Euronext Global Equity Market;EUR;SE;OUI;;Euronext;2026-08-04
SE0017486103;INIFY LABORATORIES;INIFY;Action;Euronext Growth Oslo;NOK;SE;OUI;;Euronext;2026-08-04
SE0017486889;Atlas Copco;1ATCA;Action;Euronext Global Equity Market;EUR;SE;OUI;;Euronext;2026-08-04
SE0017486897;Atlas Copco B;1ATCB;Action;Euronext Global Equity Market;EUR;SE;OUI;;Euronext;2026-08-04
SE0017780133;Wallenstam AB;1WALL;Action;Euronext Global Equity Market;EUR;SE;OUI;;Euronext;2026-08-04
SE0017832488;Fastighets Balder;1BALD;Action;Euronext Global Equity Market;EUR;SE;OUI;;Euronext;2026-08-04
SE0018012635;Wihlborgs Fast;1WIHL;Action;Euronext Global Equity Market;EUR;SE;OUI;;Euronext;2026-08-04
SE0020050417;Boliden;1BOL;Action;Euronext Global Equity Market;EUR;SE;OUI;;Euronext;2026-08-04
SE0021309754;VIRETNSOLXAMS;VRTS;ETF;Euronext Amsterdam | Euronext Paris;EUR;SE;OUI;-;Euronext;2026-08-04
SE0021628898;Volvo Car AB;1VOLC;Action;Euronext Global Equity Market;EUR;SE;OUI;;Euronext;2026-08-04
SE0021921269;Saab AB;1SAAB;Action;Euronext Global Equity Market;EUR;SE;OUI;;Euronext;2026-08-04
SE0022060521;Kinnevik AB;1KINV;Action;Euronext Global Equity Market;EUR;SE;OUI;;Euronext;2026-08-04
SE0022419784;Sectra;1SECT;Action;Euronext Global Equity Market;EUR;SE;OUI;;Euronext;2026-08-04
SE0024738389;VIRETNCOIN50XAMS;VRTC;ETF;Euronext Amsterdam - Multi-currency Trading | Euronext Paris;USD;SE;OUI;-;Euronext;2026-08-04
SE0025158629;Mycronic;1MYCR;Action;Euronext Global Equity Market;EUR;SE;OUI;;Euronext;2026-08-04
SE0025159833;VIRETNSUIXPAR;VRTU;ETF;Euronext Paris;EUR;SE;OUI;-;Euronext;2026-08-04
SE0028799411;PPI PUBLIC PROP;PUBLI;Action;Oslo Børs;NOK;SE;OUI;;Euronext;2026-08-04
SGXPZ11CH7U7;SWI CAPITAL;SWICH;Action;Euronext Amsterdam;EUR;SG;NON;;Euronext;2026-08-04
SGXZ33675836;BARRAMUNDI GROUP;BARRA;Action;Euronext Growth Oslo;NOK;SG;NON;;Euronext;2026-08-04
SGXZ53070850;HAFNIA LIMITED;HAFNI;Action;Oslo Børs;NOK;SG;NON;;Euronext;2026-08-04
SGXZ69436764;BW LPG;BWLPG;Action;Oslo Børs;NOK;SG;NON;;Euronext;2026-08-04
SN0000033192;FIN.OUEST AFRICAIN;FOAF;Action;Euronext Paris;EUR;SN;NON;;Euronext;2026-08-04
US0010551028;Aflac Inc;1AFL;Action;Euronext Global Equity Market;EUR;US;NON;;Euronext;2026-08-04
US00108J1097;ACM RESEARCH INC-C;1ACMR;Action;Euronext Global Equity Market;EUR;US;NON;;Euronext;2026-08-04
US00130H1059;AES Corp/The;1AES;Action;Euronext Global Equity Market;EUR;US;NON;;Euronext;2026-08-04
US00165C3025;AMC ENTERTAINMENT;2AMC;Action;Trading After Hours | Euronext Global Equity Market;EUR;US;NON;;Euronext;2026-08-04
US00206R1023;AT&T;4T;Action;EuroTLX | Euronext Global Equity Market | Trading After Hours;EUR;US;NON;;Euronext;2026-08-04
US00217D1000;AST SPACEMOBILE IN;1ASTS;Action;Euronext Global Equity Market;EUR;US;NON;;Euronext;2026-08-04
US0028241000;Abbott LaB;1ABT;Action;Euronext Global Equity Market;EUR;US;NON;;Euronext;2026-08-04
US00287Y1091;ABBVIE;4ABBV;Action;EuroTLX | Euronext Global Equity Market | Trading After Hours;EUR;US;NON;;Euronext;2026-08-04
US0028962076;ABERCROMBIE & FITC;1ANF;Action;Euronext Global Equity Market;EUR;US;NON;;Euronext;2026-08-04
US00404A1097;ACADIA HEALTHCARE;1ACHC;Action;Euronext Global Equity Market;EUR;US;NON;;Euronext;2026-08-04
US00724F1012;ADOBE;2ADBE;Action;Trading After Hours | EuroTLX | Euronext Global Equity Market;EUR;US;NON;;Euronext;2026-08-04
US00774B2088;AERKOMM INC;AKOM;Action;Euronext Paris;EUR;US;NON;;Euronext;2026-08-04
US0079031078;ADVANCED MICRO DEV;1AMD;Action;Euronext Global Equity Market | EuroTLX | Trading After Hours;EUR;US;NON;;Euronext;2026-08-04
US0080731088;AEROVIRONMENT INC;1AVAV;Action;Euronext Global Equity Market;EUR;US;NON;;Euronext;2026-08-04
US00827B1061;AFFIRM HOLDINGS;1AFRM;Action;Euronext Global Equity Market;EUR;US;NON;;Euronext;2026-08-04
US00846U1016;AGILENT TECHNOL;1A;Action;Euronext Global Equity Market | EuroTLX | Trading After Hours;EUR;US;NON;;Euronext;2026-08-04
US0090661010;AIRBNB;4ABNB;Action;EuroTLX | Trading After Hours | Euronext Global Equity Market;EUR;US;NON;;Euronext;2026-08-04
US0091581068;AIR PRODUCTS AND C;2APD;Action;Trading After Hours | Euronext Global Equity Market | EuroTLX;EUR;US;NON;;Euronext;2026-08-04
US00971T1016;AKAMAI TECHNOL;2AKAM;Action;Trading After Hours | Euronext Global Equity Market | EuroTLX;EUR;US;NON;;Euronext;2026-08-04
US0126531013;Albemarle;1ALB;Action;Euronext Global Equity Market;EUR;US;NON;;Euronext;2026-08-04
US0138721065;ALCOA;4AA;Action;EuroTLX | Trading After Hours | Euronext Global Equity Market;EUR;US;NON;;Euronext;2026-08-04
US0162551016;Align Technology;1ALGN;Action;Euronext Global Equity Market;EUR;US;NON;;Euronext;2026-08-04
US0200021014;Allstate Corp;1ALL;Action;Euronext Global Equity Market;EUR;US;NON;;Euronext;2026-08-04
US02043Q1076;ALNYLAM PHARMACEUT;1ALNY;Action;Euronext Global Equity Market;EUR;US;NON;;Euronext;2026-08-04
US02079K1079;ALPHABET CLASSE C;2GOOG;Action;Trading After Hours | EuroTLX | Euronext Global Equity Market;EUR;US;NON;;Euronext;2026-08-04
US02079K3059;ALPHABET CLASSE A;4GOOGL;Action;EuroTLX | Trading After Hours | Euronext Global Equity Market;EUR;US;NON;;Euronext;2026-08-04
US02209S1033;ALTRIA GROUP;1MO;Action;Euronext Global Equity Market | EuroTLX | Trading After Hours;EUR;US;NON;;Euronext;2026-08-04
US0231351067;AMAZON;4AMZN;Action;EuroTLX | Euronext Global Equity Market | Trading After Hours;EUR;US;NON;;Euronext;2026-08-04
US0236081024;Ameren Corp;1AEE;Action;Euronext Global Equity Market;EUR;US;NON;;Euronext;2026-08-04
US02376R1023;AMERICAN AIRLINES;1AAL;Action;Euronext Global Equity Market | Trading After Hours | EuroTLX;EUR;US;NON;;Euronext;2026-08-04
US0239391016;Amentum H;1AMTM;Action;Euronext Global Equity Market;EUR;US;NON;;Euronext;2026-08-04
US0255371017;American Electric;1AEP;Action;Euronext Global Equity Market;EUR;US;NON;;Euronext;2026-08-04
US02553E1064;AMERICAN EAGLE OUT;1AEO;Action;Euronext Global Equity Market;EUR;US;NON;;Euronext;2026-08-04
US0258161092;AMERICAN EXPRESS;2AXP;Action;Trading After Hours | EuroTLX | Euronext Global Equity Market;EUR;US;NON;;Euronext;2026-08-04
US0268747849;AMERICAN INTERN;2AIG;Action;Trading After Hours | EuroTLX | Euronext Global Equity Market;EUR;US;NON;;Euronext;2026-08-04
US0301112076;AMERICAN SUPERCOND;1AMSC;Action;Euronext Global Equity Market;EUR;US;NON;;Euronext;2026-08-04
US03027X1000;AMERICAN TOWER R;2AMT;Action;Trading After Hours | Euronext Global Equity Market | EuroTLX;EUR;US;NON;;Euronext;2026-08-04
US0304201033;AMERICAN WATER WOR;4AWK;Action;EuroTLX | Trading After Hours | Euronext Global Equity Market;EUR;US;NON;;Euronext;2026-08-04
US03073E1055;Cencora Inc;1COR;Action;Euronext Global Equity Market;EUR;US;NON;;Euronext;2026-08-04
US03076C1062;Ameriprise Fin;1AMP;Action;Euronext Global Equity Market;EUR;US;NON;;Euronext;2026-08-04
US0311001004;AMETEK Inc;1AME;Action;Euronext Global Equity Market;EUR;US;NON;;Euronext;2026-08-04
US0311621009;AMGEN;2AMGN;Action;Trading After Hours | EuroTLX | Euronext Global Equity Market;EUR;US;NON;;Euronext;2026-08-04
US0320951017;Amphenol Corp;4APH;Action;EuroTLX | Trading After Hours | Euronext Global Equity Market;EUR;US;NON;;Euronext;2026-08-04
US0326541051;ANALOG DEVICES;4ADI;Action;EuroTLX | Trading After Hours | Euronext Global Equity Market;EUR;US;NON;;Euronext;2026-08-04
US0367521038;ELEVANCE HEALTH;2ANTM;Action;Trading After Hours | EuroTLX | Euronext Global Equity Market;EUR;US;NON;;Euronext;2026-08-04
US03743Q1085;APA Corp;1APA;Action;Euronext Global Equity Market;EUR;US;NON;;Euronext;2026-08-04
US03769M1062;APOLLO GLOBAL MANA;1APO;Action;Euronext Global Equity Market;EUR;US;NON;;Euronext;2026-08-04
US0378331005;APPLE;4AAPL;Action;EuroTLX | Euronext Global Equity Market | Trading After Hours;EUR;US;NON;;Euronext;2026-08-04
US03783C1009;APPFOLIO INC - A;1APPF;Action;Euronext Global Equity Market;EUR;US;NON;;Euronext;2026-08-04
US0381692070;Applied Digital;1APLD;Action;Euronext Global Equity Market;EUR;US;NON;;Euronext;2026-08-04
US0382221051;APPLIED MATERIALS;2AMAT;Action;Trading After Hours | Euronext Global Equity Market | EuroTLX;EUR;US;NON;;Euronext;2026-08-04
US03823U1025;APPLIED OPTOELECTR;1AAOI;Action;Euronext Global Equity Market;EUR;US;NON;;Euronext;2026-08-04
US03831W1080;AppLovin Corp;1APP;Action;Euronext Global Equity Market;EUR;US;NON;;Euronext;2026-08-04
US0394831020;ARCHER-DANIELS-MID;1ADM;Action;Euronext Global Equity Market | Trading After Hours | EuroTLX;EUR;US;NON;;Euronext;2026-08-04
US0404132054;Arista Networks;1ANET;Action;Euronext Global Equity Market;EUR;US;NON;;Euronext;2026-08-04
US04626A1034;ASTERA LABS;1ALAB;Action;Euronext Global Equity Market;EUR;US;NON;;Euronext;2026-08-04
US0464331083;ASTRONICS CORP;1ATRO;Action;Euronext Global Equity Market;EUR;US;NON;;Euronext;2026-08-04
US0494681010;Atlassian Corp;1TEAM;Action;Euronext Global Equity Market;EUR;US;NON;;Euronext;2026-08-04
US0495601058;Atmos Energy;1ATO;Action;Euronext Global Equity Market;EUR;US;NON;;Euronext;2026-08-04
US0527691069;AUTODESK;2ADSK;Action;Trading After Hours | Euronext Global Equity Market | EuroTLX;EUR;US;NON;;Euronext;2026-08-04
US0530151036;AUTOMATIC DATA PRO;4ADP;Action;EuroTLX | Trading After Hours | Euronext Global Equity Market;EUR;US;NON;;Euronext;2026-08-04
US0533321024;AUTOZONE;4AZO;Action;EuroTLX | Trading After Hours | Euronext Global Equity Market;EUR;US;NON;;Euronext;2026-08-04
US0536111091;Avery Den;1AVY;Action;Euronext Global Equity Market;EUR;US;NON;;Euronext;2026-08-04
US0537741052;AVIS BUDGET GROUP;1CAR;Action;Euronext Global Equity Market;EUR;US;NON;;Euronext;2026-08-04
US0545402085;AXCELIS TECHNOLOGI;1ACLS;Action;Euronext Global Equity Market;EUR;US;NON;;Euronext;2026-08-04
US05464C1018;Axon Ent;1AXON;Action;Euronext Global Equity Market;EUR;US;NON;;Euronext;2026-08-04
US05464T1043;AXSOME THERAPEUTIC;1AXSM;Action;Euronext Global Equity Market;EUR;US;NON;;Euronext;2026-08-04
US0584981064;Ball Corp;1BALL;Action;Euronext Global Equity Market;EUR;US;NON;;Euronext;2026-08-04
US0605051046;BANK OF AMERICA;2BAC;Action;Trading After Hours | EuroTLX | Euronext Global Equity Market;EUR;US;NON;;Euronext;2026-08-04
US0640581007;THE BANK OF NY MEL;2BK;Action;Trading After Hours | Euronext Global Equity Market | EuroTLX;EUR;US;NON;;Euronext;2026-08-04
US06417N1037;BANK OZK;1OZK;Action;Euronext Global Equity Market;EUR;US;NON;;Euronext;2026-08-04
US0718131099;BAXTER INTERN;2BAX;Action;Trading After Hours | EuroTLX | Euronext Global Equity Market;EUR;US;NON;;Euronext;2026-08-04
US0758871091;BECTON, DICKINSON;1BDX;Action;Euronext Global Equity Market | Trading After Hours | EuroTLX;EUR;US;NON;;Euronext;2026-08-04
US08265T2087;BENTLEY SYSTEMS IN;1BSY;Action;Euronext Global Equity Market;EUR;US;NON;;Euronext;2026-08-04
US0844231029;W R Berkley Corp;1WRB;Action;Euronext Global Equity Market;EUR;US;NON;;Euronext;2026-08-04
US0846707026;BERKSHIRE HATHAW B;1BRK;Action;Euronext Global Equity Market | EuroTLX | Trading After Hours;EUR;US;NON;;Euronext;2026-08-04
US0865161014;BEST BUY CO;2BBY;Action;Trading After Hours | EuroTLX | Euronext Global Equity Market;EUR;US;NON;;Euronext;2026-08-04
US08862E1091;BEYOND MEAT;1BYND;Action;Euronext Global Equity Market | EuroTLX | Trading After Hours;EUR;US;NON;;Euronext;2026-08-04
US0900431000;BILL HOLDINGS;1BILL;Action;Euronext Global Equity Market;EUR;US;NON;;Euronext;2026-08-04
US09061G1013;BIOMARIN PHARMA;2BMRN;Action;Trading After Hours | Euronext Global Equity Market | EuroTLX;EUR;US;NON;;Euronext;2026-08-04
US09062X1037;BIOGEN;2BIIB;Action;Trading After Hours | EuroTLX | Euronext Global Equity Market;EUR;US;NON;;Euronext;2026-08-04
US09073M1045;Bio-Techne Corp;1TECH;Action;Euronext Global Equity Market;EUR;US;NON;;Euronext;2026-08-04
US09260D1072;Blackstone Inc;1BX;Action;Euronext Global Equity Market;EUR;US;NON;;Euronext;2026-08-04
US09290D1019;BLACKROCK;1BLK;Action;Euronext Global Equity Market | Trading After Hours | EuroTLX;EUR;US;NON;;Euronext;2026-08-04
US0937121079;BLOOM ENERGY A;1BLE;Action;Euronext Global Equity Market;EUR;US;NON;;Euronext;2026-08-04
US09581B1035;BLUE OWL CAPITAL;1OWL;Action;Euronext Global Equity Market;EUR;US;NON;;Euronext;2026-08-04
US0970231058;BOEING;2BA;Action;Trading After Hours | Euronext Global Equity Market | EuroTLX;EUR;US;NON;;Euronext;2026-08-04
US09857L1089;BOOKING HOLDINGS;1BKNG;Action;Euronext Global Equity Market | EuroTLX | Trading After Hours;EUR;US;NON;;Euronext;2026-08-04
US0995021062;BOOZ ALLEN HAMILTO;1BAH;Action;Euronext Global Equity Market;EUR;US;NON;;Euronext;2026-08-04
US0997241064;BorgWarner;1BWA;Action;Euronext Global Equity Market;EUR;US;NON;;Euronext;2026-08-04
US1011371077;BOSTON SCIENTIFIC;4BSX;Action;EuroTLX | Trading After Hours | Euronext Global Equity Market;EUR;US;NON;;Euronext;2026-08-04
US10576N1028;BRAZE INC-A;1BRZE;Action;Euronext Global Equity Market;EUR;US;NON;;Euronext;2026-08-04
US10806X1028;BRIDGEBIO PHARMA I;1BBIO;Action;Euronext Global Equity Market;EUR;US;NON;;Euronext;2026-08-04
US1096411004;BRINKER INTERNATIO;1EAT;Action;Euronext Global Equity Market;EUR;US;NON;;Euronext;2026-08-04
US1101221083;BRISTOL-MYERS SQ;1BMY;Action;Euronext Global Equity Market | EuroTLX | Trading After Hours;EUR;US;NON;;Euronext;2026-08-04
US11135F1012;BROADCOM;4AVGO;Action;EuroTLX | Euronext Global Equity Market | Trading After Hours;EUR;US;NON;;Euronext;2026-08-04
US1152361010;Brown Brown;1BRO;Action;Euronext Global Equity Market;EUR;US;NON;;Euronext;2026-08-04
US1156372096;Brown-Forman;1BFB;Action;Euronext Global Equity Market;EUR;US;NON;;Euronext;2026-08-04
US1167941087;BRUKER CORP;1BRKR;Action;Euronext Global Equity Market;EUR;US;NON;;Euronext;2026-08-04
US12008R1077;Builders FS;1BLDR;Action;Euronext Global Equity Market;EUR;US;NON;;Euronext;2026-08-04
US12468P1049;C3.ai Inc;1C3;Action;Euronext Global Equity Market | Trading After Hours;EUR;US;NON;;Euronext;2026-08-04
US12503M1080;Cboe Global;1CBOE;Action;Euronext Global Equity Market;EUR;US;NON;;Euronext;2026-08-04
US12504L1098;CBRE Group Inc;1CBRE;Action;Euronext Global Equity Market;EUR;US;NON;;Euronext;2026-08-04
US12514G1085;CDW Corp/DE;1CDW;Action;Euronext Global Equity Market;EUR;US;NON;;Euronext;2026-08-04
US1252691001;CF Industries;1CF;Action;Euronext Global Equity Market;EUR;US;NON;;Euronext;2026-08-04
US1255231003;Cigna Group/The;1CI;Action;Euronext Global Equity Market;EUR;US;NON;;Euronext;2026-08-04
US12572Q1058;CME Group Inc;1CME;Action;Euronext Global Equity Market;EUR;US;NON;;Euronext;2026-08-04
US1264081035;CSX Corp;1CSX;Action;Euronext Global Equity Market;EUR;US;NON;;Euronext;2026-08-04
US1266501006;CVS HEALTH;1CVS;Action;Euronext Global Equity Market | Trading After Hours | EuroTLX;EUR;US;NON;;Euronext;2026-08-04
US1273871087;Cadence Design;1CDNS;Action;Euronext Global Equity Market;EUR;US;NON;;Euronext;2026-08-04
US1280302027;CAL-MAINE FOODS IN;1CALM;Action;Euronext Global Equity Market;EUR;US;NON;;Euronext;2026-08-04
US1344291091;The Campbell's C;1CPB;Action;Euronext Global Equity Market;EUR;US;NON;;Euronext;2026-08-04
US14040H1059;Capital One Fin;1COF;Action;Euronext Global Equity Market;EUR;US;NON;;Euronext;2026-08-04
US14149Y1082;Cardinal Health;1CAH;Action;Euronext Global Equity Market;EUR;US;NON;;Euronext;2026-08-04
US14316J1088;CARLYLE GROUP;1CG;Action;Euronext Global Equity Market;EUR;US;NON;;Euronext;2026-08-04
US14448C1045;Carrier Global;1CARR;Action;Euronext Global Equity Market;EUR;US;NON;;Euronext;2026-08-04
US1468691027;CARVANA CO;1CVNA;Action;Euronext Global Equity Market;EUR;US;NON;;Euronext;2026-08-04
US1491231015;CATERPILLAR;1CAT;Action;Euronext Global Equity Market | Trading After Hours;EUR;US;NON;;Euronext;2026-08-04
US1508701034;Celanese Corp;1CE;Action;Euronext Global Equity Market;EUR;US;NON;;Euronext;2026-08-04
US15135B1017;CENTENE;4CNC;Action;EuroTLX | Euronext Global Equity Market | Trading After Hours;EUR;US;NON;;Euronext;2026-08-04
US15189T1079;CenterPoint En;1CNP;Action;Euronext Global Equity Market;EUR;US;NON;;Euronext;2026-08-04
US16119P1084;CHARTER COMM;4CHTR;Action;EuroTLX | Trading After Hours | Euronext Global Equity Market;EUR;US;NON;;Euronext;2026-08-04
US1630721017;CHEESECAKE FACTORY;1CAKE;Action;Euronext Global Equity Market;EUR;US;NON;;Euronext;2026-08-04
US16411R2085;CHENIERE ENERGY IN;1LNG;Action;Euronext Global Equity Market;EUR;US;NON;;Euronext;2026-08-04
US1651677353;EXPAND ENERGY CORP;1EXE;Action;Euronext Global Equity Market;EUR;US;NON;;Euronext;2026-08-04
US1667641005;CHEVRON;1CVX;Action;Euronext Global Equity Market | EuroTLX | Trading After Hours;EUR;US;NON;;Euronext;2026-08-04
US16679L1098;CHEWY CLASS A;1CHWY;Action;Euronext Global Equity Market;EUR;US;NON;;Euronext;2026-08-04
US1696561059;CHIPOTLE MEXICAN;1CMG;Action;Euronext Global Equity Market;EUR;US;NON;;Euronext;2026-08-04
US1713401024;Church & Dwight;1CHD;Action;Euronext Global Equity Market;EUR;US;NON;;Euronext;2026-08-04
US1717793095;CIENA;4CIEN;Action;EuroTLX | Trading After Hours | Euronext Global Equity Market;EUR;US;NON;;Euronext;2026-08-04
US1720621010;Cincinnati Fin;1CINF;Action;Euronext Global Equity Market;EUR;US;NON;;Euronext;2026-08-04
US17253J1060;CIPHER DIGITAL;1CIFR;Action;Euronext Global Equity Market;EUR;US;NON;;Euronext;2026-08-04
US1725731079;CIRCLE INTERNET;1CRCL;Action;Euronext Global Equity Market;EUR;US;NON;;Euronext;2026-08-04
US1727551004;CIRRUS LOGIC INC;1CRUS;Action;Euronext Global Equity Market;EUR;US;NON;;Euronext;2026-08-04
US17275R1023;CISCO SYSTEMS;4CSCO;Action;EuroTLX | Euronext Global Equity Market | Trading After Hours;EUR;US;NON;;Euronext;2026-08-04
US1729674242;CITIGROUP;2C;Action;Trading After Hours | Euronext Global Equity Market | EuroTLX;EUR;US;NON;;Euronext;2026-08-04
US1746101054;Citizens Fin;1CFG;Action;Euronext Global Equity Market;EUR;US;NON;;Euronext;2026-08-04
US18452B2097;Cleanspark Inc;1CLSK;Action;Euronext Global Equity Market;EUR;US;NON;;Euronext;2026-08-04
US1858991011;CLEVELAND-CLIFFS;4CVA;Action;EuroTLX | Trading After Hours | Euronext Global Equity Market;EUR;US;NON;;Euronext;2026-08-04
US1890541097;THE CLOROX COMPANY;1CLX;Action;Euronext Global Equity Market | EuroTLX | Trading After Hours;EUR;US;NON;;Euronext;2026-08-04
US1910981026;COCA-COLA CONSOLID;1COKE;Action;Euronext Global Equity Market;EUR;US;NON;;Euronext;2026-08-04
US1912161007;THE COCA-COLA COMP;4KO;Action;EuroTLX | Trading After Hours | Euronext Global Equity Market;EUR;US;NON;;Euronext;2026-08-04
US1921085049;COEUR MINING;2CDE;Action;Trading After Hours | EuroTLX | Euronext Global Equity Market;EUR;US;NON;;Euronext;2026-08-04
US1924221039;COGNEX CORP;1CGNX;Action;Euronext Global Equity Market;EUR;US;NON;;Euronext;2026-08-04
US1924461023;Cognizant Tech;1CTSH;Action;Euronext Global Equity Market;EUR;US;NON;;Euronext;2026-08-04
US19247G1076;COHERENT CORP;1COHR;Action;Euronext Global Equity Market;EUR;US;NON;;Euronext;2026-08-04
US19260Q1076;COINBASE GLOBAL;1COIN;Action;Euronext Global Equity Market | Trading After Hours | EuroTLX;EUR;US;NON;;Euronext;2026-08-04
US1941621039;COLGATE-PALMOLIVE;4CL;Action;EuroTLX | Trading After Hours | Euronext Global Equity Market;EUR;US;NON;;Euronext;2026-08-04
US1985161066;COLUMBIA SPORTSWEA;1COLM;Action;Euronext Global Equity Market;EUR;US;NON;;Euronext;2026-08-04
US1999081045;COMFORT SYSTEMS;1FIX;Action;Euronext Global Equity Market;EUR;US;NON;;Euronext;2026-08-04
US20030N1019;COMCAST;4CMCSA;Action;EuroTLX | Trading After Hours | Euronext Global Equity Market;EUR;US;NON;;Euronext;2026-08-04
US2058871029;Conagra Brands;1CAG;Action;Euronext Global Equity Market;EUR;US;NON;;Euronext;2026-08-04
US20825C1045;CONOCOPHILLIPS;2COP;Action;Trading After Hours | Euronext Global Equity Market | EuroTLX;EUR;US;NON;;Euronext;2026-08-04
US2091151041;CONSOLIDATED EDIS;2ED;Action;Trading After Hours | EuroTLX | Euronext Global Equity Market;EUR;US;NON;;Euronext;2026-08-04
US21036P1084;CONSTELLATION BR;4STZ;Action;EuroTLX | Euronext Global Equity Market | Trading After Hours;EUR;US;NON;;Euronext;2026-08-04
US21037T1097;Constellation En;1CEG;Action;Euronext Global Equity Market;EUR;US;NON;;Euronext;2026-08-04
US21044C1071;CONSTRUCTION PARTN;1ROAD;Action;Euronext Global Equity Market;EUR;US;NON;;Euronext;2026-08-04
US2166485019;Cooper Cos;1COO;Action;Euronext Global Equity Market;EUR;US;NON;;Euronext;2026-08-04
US2172041061;Copart Inc;1CPRT;Action;Euronext Global Equity Market;EUR;US;NON;;Euronext;2026-08-04
US2183521028;CORCEPT THERAP;1CORT;Action;Euronext Global Equity Market;EUR;US;NON;;Euronext;2026-08-04
US21873S1087;COREWEAVE CL A;1CRWV;Action;Euronext Global Equity Market;EUR;US;NON;;Euronext;2026-08-04
US21874A1060;CORE SCIENTIFIC;1CORZ;Action;Euronext Global Equity Market;EUR;US;NON;;Euronext;2026-08-04
US21874C1027;CORE & MAIN CL A;1CNM;Action;Euronext Global Equity Market;EUR;US;NON;;Euronext;2026-08-04
US2193501051;CORNING;4GLW;Action;EuroTLX | Euronext Global Equity Market | Trading After Hours;EUR;US;NON;;Euronext;2026-08-04
US2199481068;Corpay Inc;1CPAY;Action;Euronext Global Equity Market;EUR;US;NON;;Euronext;2026-08-04
US22052L1044;Corteva Inc;1CTVA;Action;Euronext Global Equity Market;EUR;US;NON;;Euronext;2026-08-04
US22160K1051;COSTCO WHOLESALE;2COST;Action;Trading After Hours | EuroTLX | Euronext Global Equity Market;EUR;US;NON;;Euronext;2026-08-04
US22160N1090;CoStar Group;4CSGP;Action;EuroTLX | Euronext Global Equity Market | Trading After Hours;EUR;US;NON;;Euronext;2026-08-04
US2220702037;COTY;2COTY;Action;Trading After Hours | Euronext Paris | Euronext Global Equity Market;EUR;US;NON;;Euronext;2026-08-04
US22266T1097;COUPANG;1CPNG;Action;Euronext Global Equity Market;EUR;US;NON;;Euronext;2026-08-04
US2270461096;CROCS INC;1CROX;Action;Euronext Global Equity Market;EUR;US;NON;;Euronext;2026-08-04
US22788C1053;Crowdstrike Hold;4CRWD;Action;EuroTLX | Euronext Global Equity Market | Trading After Hours;EUR;US;NON;;Euronext;2026-08-04
US2310211063;Cummins Inc;1CMI;Action;Euronext Global Equity Market;EUR;US;NON;;Euronext;2026-08-04
US23282W6057;CYTOKINETICS INC;1CYTK;Action;Euronext Global Equity Market;EUR;US;NON;;Euronext;2026-08-04
US23331A1097;DR Horton Inc;1DHI;Action;Euronext Global Equity Market;EUR;US;NON;;Euronext;2026-08-04
US2358511028;DANAHER;1DHR;Action;Euronext Global Equity Market | Trading After Hours | EuroTLX;EUR;US;NON;;Euronext;2026-08-04
US2371941053;Darden Restaurants;1DRI;Action;Euronext Global Equity Market;EUR;US;NON;;Euronext;2026-08-04
US23804L1035;Datadog Inc;1DDOG;Action;Euronext Global Equity Market;EUR;US;NON;;Euronext;2026-08-04
US23918K1088;DaVita Inc;1DVA;Action;Euronext Global Equity Market;EUR;US;NON;;Euronext;2026-08-04
US2435371073;Deckers Outdoor;1DECK;Action;Euronext Global Equity Market;EUR;US;NON;;Euronext;2026-08-04
US2441991054;DEERE & CO;1DE;Action;Euronext Global Equity Market | EuroTLX | Trading After Hours;EUR;US;NON;;Euronext;2026-08-04
US24703L2025;Dell Technologies;4DELL;Action;EuroTLX | Euronext Global Equity Market | Trading After Hours;EUR;US;NON;;Euronext;2026-08-04
US2473617023;Delta Air Lines;1DAL;Action;Euronext Global Equity Market;EUR;US;NON;;Euronext;2026-08-04
US24906P1093;DENTSPLY SIRONA;1XRAY;Action;Euronext Global Equity Market | EuroTLX | Trading After Hours;EUR;US;NON;;Euronext;2026-08-04
US25179M1036;DEVON ENERGY;4DY6;Action;EuroTLX | Trading After Hours | Euronext Global Equity Market;EUR;US;NON;;Euronext;2026-08-04
US2521311074;Dexcom Inc;1DXCM;Action;Euronext Global Equity Market;EUR;US;NON;;Euronext;2026-08-04
US25278X1090;Diamondback Energy;1FANG;Action;Euronext Global Equity Market;EUR;US;NON;;Euronext;2026-08-04
US2533931026;DICK'S SPORTING G;1DKS;Action;Euronext Global Equity Market;EUR;US;NON;;Euronext;2026-08-04
US25400W1027;DIGITAL TURBINE IN;1APPS;Action;Euronext Global Equity Market;EUR;US;NON;;Euronext;2026-08-04
US2546871060;THE WALT DISNEY;2DIS;Action;Trading After Hours | EuroTLX | Euronext Global Equity Market;EUR;US;NON;;Euronext;2026-08-04
US2566771059;DOLLAR GENERAL;2DGX;Action;Trading After Hours | EuroTLX | Euronext Global Equity Market;EUR;US;NON;;Euronext;2026-08-04
US2567461080;Dollar Tree Inc;1DLTR;Action;Euronext Global Equity Market;EUR;US;NON;;Euronext;2026-08-04
US25746U1097;DOMINION ENERGY;2D;Action;Trading After Hours | EuroTLX | Euronext Global Equity Market;EUR;US;NON;;Euronext;2026-08-04
US25754A2015;Domino's Pizza;1DPZ;Action;Euronext Global Equity Market;EUR;US;NON;;Euronext;2026-08-04
US25809K1051;DOORDASH;1DASH;Action;Euronext Global Equity Market | EuroTLX | Trading After Hours;EUR;US;NON;;Euronext;2026-08-04
US2600031080;Dover Corp;1DOV;Action;Euronext Global Equity Market;EUR;US;NON;;Euronext;2026-08-04
US2605571031;DOW;1DOW;Action;Euronext Global Equity Market | Trading After Hours | EuroTLX;EUR;US;NON;;Euronext;2026-08-04
US26142V1052;DRAFTKINGS INC A;1DKNG;Action;Euronext Global Equity Market;EUR;US;NON;;Euronext;2026-08-04
US26210C1045;DROPBOX INC-CLASS;1DBX;Action;Euronext Global Equity Market;EUR;US;NON;;Euronext;2026-08-04
US26441C2044;Duke Energy Corp;1DUK;Action;Euronext Global Equity Market;EUR;US;NON;;Euronext;2026-08-04
US26614N2018;DUPONT DE NEMOURS;2DD;Action;Trading After Hours | Euronext Global Equity Market | EuroTLX;EUR;US;NON;;Euronext;2026-08-04
US26740W1099;D-WAVE QUANTUM INC;1QBTS;Action;Euronext Global Equity Market;EUR;US;NON;;Euronext;2026-08-04
US2681501092;DYNATRACE;1DYT;Action;Euronext Global Equity Market;EUR;US;NON;;Euronext;2026-08-04
US26856L1035;ELF BEAUTY;1ELF;Action;Euronext Global Equity Market;EUR;US;NON;;Euronext;2026-08-04
US26875P1012;EOG Resources Inc;1EOG;Action;Euronext Global Equity Market;EUR;US;NON;;Euronext;2026-08-04
US26884L1098;EQT Corp;1EQTC;Action;Euronext Global Equity Market;EUR;US;NON;;Euronext;2026-08-04
US2774321002;Eastman Chemical;1EMN;Action;Euronext Global Equity Market;EUR;US;NON;;Euronext;2026-08-04
US2786421030;EBAY;2EBAY;Action;Trading After Hours | Euronext Global Equity Market | EuroTLX;EUR;US;NON;;Euronext;2026-08-04
US2787681061;ECHOSTAR CORP-A;1ECHO;Action;Euronext Global Equity Market;EUR;US;NON;;Euronext;2026-08-04
US2788651006;ECOLAB;1ECL;Action;Euronext Global Equity Market | EuroTLX | Trading After Hours;EUR;US;NON;;Euronext;2026-08-04
US2810201077;Edison Intern;1EIX;Action;Euronext Global Equity Market;EUR;US;NON;;Euronext;2026-08-04
US28176E1082;EDWARDS LIFESCIENC;4EW;Action;EuroTLX | Trading After Hours | Euronext Global Equity Market;EUR;US;NON;;Euronext;2026-08-04
US2855121099;ELECTRONIC ARTS;4EA;Action;EuroTLX | Trading After Hours | Euronext Global Equity Market;EUR;US;NON;;Euronext;2026-08-04
US29084Q1004;EMCOR GROUP;1EME;Action;Euronext Global Equity Market;EUR;US;NON;;Euronext;2026-08-04
US2910111044;EMERSON ELECTRIC;1EMR;Action;Euronext Global Equity Market | Trading After Hours | EuroTLX;EUR;US;NON;;Euronext;2026-08-04
US29355A1079;Enphase Energy;1ENPH;Action;Euronext Global Equity Market;EUR;US;NON;;Euronext;2026-08-04
US29358P1012;ENSIGN GROUP INC;1ENSG;Action;Euronext Global Equity Market;EUR;US;NON;;Euronext;2026-08-04
US2935941078;ENOVIX CORP;1ENVX;Action;Euronext Global Equity Market;EUR;US;NON;;Euronext;2026-08-04
US29362U1043;ENTEGRIS INC;1ENTG;Action;Euronext Global Equity Market;EUR;US;NON;;Euronext;2026-08-04
US29364G1031;Entergy Corp;1ETR;Action;Euronext Global Equity Market;EUR;US;NON;;Euronext;2026-08-04
US29414B1044;EPAM Systems Inc;1EPAM;Action;Euronext Global Equity Market;EUR;US;NON;;Euronext;2026-08-04
US2944291051;Equifax Inc;1EFX;Action;Euronext Global Equity Market;EUR;US;NON;;Euronext;2026-08-04
US29786A1060;ETSY;2ETSY;Action;Trading After Hours | EuroTLX | Euronext Global Equity Market;EUR;US;NON;;Euronext;2026-08-04
US2987361092;EURONET WORLDWIDE;1EEFT;Action;Euronext Global Equity Market;EUR;US;NON;;Euronext;2026-08-04
US30034W1062;Evergy Inc;1EVRG;Action;Euronext Global Equity Market;EUR;US;NON;;Euronext;2026-08-04
US30040W1080;EVERSOURCE ENERGY;1ES;Action;Euronext Global Equity Market | EuroTLX | Trading After Hours;EUR;US;NON;;Euronext;2026-08-04
US30161N1019;EXELON;4EXC;Action;EuroTLX | Trading After Hours | Euronext Global Equity Market;EUR;US;NON;;Euronext;2026-08-04
US30161Q1040;EXELIXIS INC;1EXEL;Action;Euronext Global Equity Market;EUR;US;NON;;Euronext;2026-08-04
US3020811044;EXLSERVICE HOLDING;1EXLS;Action;Euronext Global Equity Market;EUR;US;NON;;Euronext;2026-08-04
US30212P3038;EXPEDIA GROUP;2EXPE;Action;Trading After Hours | EuroTLX | Euronext Global Equity Market;EUR;US;NON;;Euronext;2026-08-04
US30233Q1085;EXXONMOBIL;2XOM;Action;Trading After Hours | EuroTLX | Euronext Global Equity Market;EUR;US;NON;;Euronext;2026-08-04
US3024913036;FMC Corp;1FMC;Action;Euronext Global Equity Market;EUR;US;NON;;Euronext;2026-08-04
US30303M1027;META PLATFORMS;2META;Action;Trading After Hours | Euronext Global Equity Market | EuroTLX;EUR;US;NON;;Euronext;2026-08-04
US3030751057;FactSet Research;1FDS;Action;Euronext Global Equity Market;EUR;US;NON;;Euronext;2026-08-04
US3032501047;Fair Isaac Corp;1FICO;Action;Euronext Global Equity Market;EUR;US;NON;;Euronext;2026-08-04
US3119001044;Fastenal Co;1FAST;Action;Euronext Global Equity Market;EUR;US;NON;;Euronext;2026-08-04
US31428X1063;FEDEX;2FDX;Action;Trading After Hours | EuroTLX | Euronext Global Equity Market;EUR;US;NON;;Euronext;2026-08-04
US3156161024;F5 Inc;1FFIV;Action;Euronext Global Equity Market;EUR;US;NON;;Euronext;2026-08-04
US31620M1062;Fidelity National;1FIS;Action;Euronext Global Equity Market;EUR;US;NON;;Euronext;2026-08-04
US3167731005;Fifth Third Banc;1FTHB;Action;Euronext Global Equity Market;EUR;US;NON;;Euronext;2026-08-04
US3168411052;FIGMA CL A;1FIG;Action;Euronext Global Equity Market;EUR;US;NON;;Euronext;2026-08-04
US3205171057;FIRST HORIZON CORP;1FHN;Action;Euronext Global Equity Market;EUR;US;NON;;Euronext;2026-08-04
US3364331070;FIRST SOLAR;2FSLR;Action;Trading After Hours | EuroTLX | Euronext Global Equity Market;EUR;US;NON;;Euronext;2026-08-04
US3377381088;FISERV;2FISV;Action;Trading After Hours | EuroTLX | Euronext Global Equity Market;EUR;US;NON;;Euronext;2026-08-04
US3379321074;FirstEnergy Corp;1FEU;Action;Euronext Global Equity Market;EUR;US;NON;;Euronext;2026-08-04
US33829M1018;FIVE BELOW;1FIVE;Action;Euronext Global Equity Market;EUR;US;NON;;Euronext;2026-08-04
US3383071012;FIVE9 INC;1FIVN;Action;Euronext Global Equity Market;EUR;US;NON;;Euronext;2026-08-04
US34379V1035;FLUENCE ENERGY INC;1FLNC;Action;Euronext Global Equity Market;EUR;US;NON;;Euronext;2026-08-04
US3453708600;FORD MOTOR;1F;Action;Euronext Global Equity Market | Trading After Hours | EuroTLX;EUR;US;NON;;Euronext;2026-08-04
US34959E1091;Fortinet Inc;1FTNT;Action;Euronext Global Equity Market;EUR;US;NON;;Euronext;2026-08-04
US34959J1088;Fortive Corp;1FTV;Action;Euronext Global Equity Market;EUR;US;NON;;Euronext;2026-08-04
US35137L1052;Fox Corp;1FOXA;Action;Euronext Global Equity Market;EUR;US;NON;;Euronext;2026-08-04
US35137L2043;Fox Corp B;1FOX;Action;Euronext Global Equity Market;EUR;US;NON;;Euronext;2026-08-04
US3546131018;Franklin;1BEN;Action;Euronext Global Equity Market;EUR;US;NON;;Euronext;2026-08-04
US35671D8570;FREEPORT-MCMORAN;2FCX;Action;Trading After Hours | Euronext Global Equity Market | EuroTLX;EUR;US;NON;;Euronext;2026-08-04
US3580391056;FRESHPET INC;1FRPT;Action;Euronext Global Equity Market;EUR;US;NON;;Euronext;2026-08-04
US3580541049;FRESHWORKS INC-CL;1FRSH;Action;Euronext Global Equity Market;EUR;US;NON;;Euronext;2026-08-04
US35952H7008;FUELCELL ENERGY;2FEY2;Action;Trading After Hours | EuroTLX | Euronext Global Equity Market;EUR;US;NON;;Euronext;2026-08-04
US36266G1076;GE HealthCare T;1GEHC;Action;Euronext Global Equity Market;EUR;US;NON;;Euronext;2026-08-04
US36317J2096;GALAXY DIGITAL A;1GLXY;Action;Euronext Global Equity Market;EUR;US;NON;;Euronext;2026-08-04
US3635761097;Arthur Gallagher;1AJG;Action;Euronext Global Equity Market;EUR;US;NON;;Euronext;2026-08-04
US36467W1099;GAMESTOP CORP;1GME;Action;Euronext Global Equity Market | Trading After Hours;EUR;US;NON;;Euronext;2026-08-04
US3666511072;Gartner Inc;1IT;Action;Euronext Global Equity Market;EUR;US;NON;;Euronext;2026-08-04
US36828A1016;GE Vernova Inc;1GEV;Action;Euronext Global Equity Market;EUR;US;NON;;Euronext;2026-08-04
US3687361044;Generac Hold;1GNRC;Action;Euronext Global Equity Market;EUR;US;NON;;Euronext;2026-08-04
US3695501086;GENERAL DYNAMICS;1GD;Action;Euronext Global Equity Market | EuroTLX | Trading After Hours;EUR;US;NON;;Euronext;2026-08-04
US3696043013;GE AEROSPACE;2GE;Action;Trading After Hours | Euronext Global Equity Market;EUR;US;NON;;Euronext;2026-08-04
US3703341046;General Mills Inc;1GIS;Action;Euronext Global Equity Market;EUR;US;NON;;Euronext;2026-08-04
US37045V1008;GENERAL MOTORS;2GM;Action;Trading After Hours | Euronext Global Equity Market | EuroTLX;EUR;US;NON;;Euronext;2026-08-04
US3724601055;Genuine Parts Co;1GPC;Action;Euronext Global Equity Market;EUR;US;NON;;Euronext;2026-08-04
US3741631036;GERON CORP;1GERN;Action;Euronext Global Equity Market;EUR;US;NON;;Euronext;2026-08-04
US3755581036;GILEAD SCIENCES;4GILD;Action;EuroTLX | Euronext Global Equity Market | Trading After Hours;EUR;US;NON;;Euronext;2026-08-04
US37637K1088;GITLAB INC-CL A;1GTLB;Action;Euronext Global Equity Market;EUR;US;NON;;Euronext;2026-08-04
US37940X1028;GLOBAL PAYMENTS;1GPN;Action;Euronext Global Equity Market | EuroTLX | Trading After Hours;EUR;US;NON;;Euronext;2026-08-04
US3802371076;GoDaddy Inc;1GDDY;Action;Euronext Global Equity Market;EUR;US;NON;;Euronext;2026-08-04
US38141G1040;GOLDMAN SACHS GR;2GSG;Action;Trading After Hours | EuroTLX | Euronext Global Equity Market;EUR;US;NON;;Euronext;2026-08-04
US3825501014;GOODYEAR TIRE & RU;1GT;Action;Euronext Global Equity Market;EUR;US;NON;;Euronext;2026-08-04
US38268T1034;GOPRO - CLASSE A;2GPRO;Action;Trading After Hours | Euronext Global Equity Market | EuroTLX;EUR;US;NON;;Euronext;2026-08-04
US3848021040;WW Grainger Inc;1GWW;Action;Euronext Global Equity Market;EUR;US;NON;;Euronext;2026-08-04
US40131M1099;GUARDANT HEALTH IN;1GH;Action;Euronext Global Equity Market;EUR;US;NON;;Euronext;2026-08-04
US40171V1008;GUIDEWIRE SOFTWARE;1GWRE;Action;Euronext Global Equity Market;EUR;US;NON;;Euronext;2026-08-04
US4039491000;HF SINCLAIR CORP;1DINO;Action;Euronext Global Equity Market;EUR;US;NON;;Euronext;2026-08-04
US40412C1018;HCA-HEALTHCARE;1HCA;Action;Euronext Global Equity Market | EuroTLX | Trading After Hours;EUR;US;NON;;Euronext;2026-08-04
US40434L1052;HP;2HPQ;Action;Trading After Hours | EuroTLX | Euronext Global Equity Market;EUR;US;NON;;Euronext;2026-08-04
US4062161017;HALLIBURTON;4HAL;Action;EuroTLX | Trading After Hours | Euronext Global Equity Market;EUR;US;NON;;Euronext;2026-08-04
US40637H1095;HALOZYME THERAPEUT;1HALO;Action;Euronext Global Equity Market;EUR;US;NON;;Euronext;2026-08-04
US4128221086;HARLEY-DAVIDSON;1HOG;Action;Euronext Global Equity Market | Trading After Hours | EuroTLX;EUR;US;NON;;Euronext;2026-08-04
US4165151048;Hartford Finan;1HIG;Action;Euronext Global Equity Market;EUR;US;NON;;Euronext;2026-08-04
US4180561072;HASBRO;2HAS;Action;Trading After Hours | EuroTLX | Euronext Global Equity Market;EUR;US;NON;;Euronext;2026-08-04
US4227041062;HECLA MINING;2HL;Action;Trading After Hours | EuroTLX | Euronext Global Equity Market;EUR;US;NON;;Euronext;2026-08-04
US4262811015;Jack Henry & Ass;1JKHY;Action;Euronext Global Equity Market;EUR;US;NON;;Euronext;2026-08-04
US4278661081;Hershey Co/The;1HSY;Action;Euronext Global Equity Market;EUR;US;NON;;Euronext;2026-08-04
US42824C1099;HEWLETT PACKARD EN;4HPE;Action;EuroTLX | Euronext Global Equity Market | Trading After Hours;EUR;US;NON;;Euronext;2026-08-04
US43300A2033;HILTON WORLDWIDE H;2HLT;Action;Trading After Hours | EuroTLX | Euronext Global Equity Market;EUR;US;NON;;Euronext;2026-08-04
US4370761029;HOME DEPOT;1HD;Action;Euronext Global Equity Market | Trading After Hours | EuroTLX;EUR;US;NON;;Euronext;2026-08-04
US4385162056;HONEYWELL INTERN;4HON;Action;EuroTLX | Euronext Global Equity Market | Trading After Hours;EUR;US;NON;;Euronext;2026-08-04
US4404521001;Hormel Foods Corp;1HRL;Action;Euronext Global Equity Market;EUR;US;NON;;Euronext;2026-08-04
US4432011082;Howmet Aerospace;1HWM;Action;Euronext Global Equity Market;EUR;US;NON;;Euronext;2026-08-04
US4435731009;HUBSPOT INC;1HUBS;Action;Euronext Global Equity Market;EUR;US;NON;;Euronext;2026-08-04
US4448591028;Humana Inc;1HUM;Action;Euronext Global Equity Market;EUR;US;NON;;Euronext;2026-08-04
US4461501045;HUNTINGTON BANCSH;2HU3;Action;Trading After Hours | Euronext Global Equity Market | EuroTLX;EUR;US;NON;;Euronext;2026-08-04
US4464131063;Huntington Ing;1HII;Action;Euronext Global Equity Market;EUR;US;NON;;Euronext;2026-08-04
US44812J1043;HUT 8 CORP. O.N.;2HUT;Action;Trading After Hours | Euronext Global Equity Market;EUR;US;NON;;Euronext;2026-08-04
US44891N2080;People Inc;1PPLI;Action;Euronext Global Equity Market;EUR;US;NON;;Euronext;2026-08-04
US44951W1062;IES HOLDINGS INC;1IESC;Action;Euronext Global Equity Market;EUR;US;NON;;Euronext;2026-08-04
US45167R1041;IDEX Corp;1IEX;Action;Euronext Global Equity Market;EUR;US;NON;;Euronext;2026-08-04
US45168D1046;IDEXX Lab;1IDXX;Action;Euronext Global Equity Market;EUR;US;NON;;Euronext;2026-08-04
US4523081093;Illinois Tool W;1ITW;Action;Euronext Global Equity Market;EUR;US;NON;;Euronext;2026-08-04
US4523271090;ILLUMINA;4ILMN;Action;EuroTLX | Trading After Hours | Euronext Global Equity Market;EUR;US;NON;;Euronext;2026-08-04
US4532041096;IMPINJ INC;1PI;Action;Euronext Global Equity Market;EUR;US;NON;;Euronext;2026-08-04
US45337C1027;INCYTE;2INCY;Action;Trading After Hours | EuroTLX | Euronext Global Equity Market;EUR;US;NON;;Euronext;2026-08-04
US4576422053;INNODATA INC;1INOD;Action;Euronext Global Equity Market;EUR;US;NON;;Euronext;2026-08-04
US45765U1034;INSIGHT ENTERPRISE;1NSIT;Action;Euronext Global Equity Market;EUR;US;NON;;Euronext;2026-08-04
US4576693075;INSMED INC;1INSM;Action;Euronext Global Equity Market;EUR;US;NON;;Euronext;2026-08-04
US45784P1012;Insulet Corp;1PODD;Action;Euronext Global Equity Market;EUR;US;NON;;Euronext;2026-08-04
US4581401001;INTEL;1INTC;Action;Euronext Global Equity Market | EuroTLX | Trading After Hours;EUR;US;NON;;Euronext;2026-08-04
US45841N1072;Interactive;1IBKR;Action;Euronext Global Equity Market;EUR;US;NON;;Euronext;2026-08-04
US45866F1049;Intercontinental;1ICE;Action;Euronext Global Equity Market;EUR;US;NON;;Euronext;2026-08-04
US45867G1013;INTERDIGITAL INC;1IDCC;Action;Euronext Global Equity Market;EUR;US;NON;;Euronext;2026-08-04
US4592001014;IBM;2IBM;Action;Trading After Hours | Euronext Global Equity Market | EuroTLX;EUR;US;NON;;Euronext;2026-08-04
US4595061015;International F&F;1IFF;Action;Euronext Global Equity Market;EUR;US;NON;;Euronext;2026-08-04
US4601461035;International P;1IP;Action;Euronext Global Equity Market;EUR;US;NON;;Euronext;2026-08-04
US4612021034;INTUIT;2INTU;Action;Trading After Hours | EuroTLX | Euronext Global Equity Market;EUR;US;NON;;Euronext;2026-08-04
US46120E6023;INTUITIVE SURGICAL;4ISRG;Action;EuroTLX | Euronext Global Equity Market | Trading After Hours;EUR;US;NON;;Euronext;2026-08-04
US4622221004;IONIS PHARMACEUTIC;1IONS;Action;Euronext Global Equity Market;EUR;US;NON;;Euronext;2026-08-04
US46222L1089;IONQ INC;1IONQ;Action;Euronext Global Equity Market;EUR;US;NON;;Euronext;2026-08-04
US4622601007;IOVANCE BIOTHERAPE;1IOVA;Action;Euronext Global Equity Market;EUR;US;NON;;Euronext;2026-08-04
US46266C1053;IQVIA H;1IQV;Action;Euronext Global Equity Market;EUR;US;NON;;Euronext;2026-08-04
US46269C1027;IRIDIUM COMMUNICAT;1IRDM;Action;Euronext Global Equity Market;EUR;US;NON;;Euronext;2026-08-04
US4657411066;ITRON INC;1ITRI;Action;Euronext Global Equity Market;EUR;US;NON;;Euronext;2026-08-04
US46625H1005;J.P. MORGAN CHASE;1JPM;Action;Euronext Global Equity Market | Trading After Hours | EuroTLX;EUR;US;NON;;Euronext;2026-08-04
US4663131039;Jabil Inc;1JBL;Action;Euronext Global Equity Market;EUR;US;NON;;Euronext;2026-08-04
US4771431016;JETBLUE AIRWAYS;1JAM;Action;Euronext Global Equity Market | Trading After Hours | EuroTLX;EUR;US;NON;;Euronext;2026-08-04
US4781601046;JOHNSON & JOHNSON;4JNJ;Action;EuroTLX | Euronext Global Equity Market | Trading After Hours;EUR;US;NON;;Euronext;2026-08-04
US4824801009;KLA-TENCOR;4KLAC;Action;EuroTLX | Trading After Hours | Euronext Global Equity Market;EUR;US;NON;;Euronext;2026-08-04
US48251W1045;KKR & Co Inc;1KKR;Action;Euronext Global Equity Market;EUR;US;NON;;Euronext;2026-08-04
US49177J1025;Kenvue Inc;1KVUE;Action;Euronext Global Equity Market;EUR;US;NON;;Euronext;2026-08-04
US49271V1008;KEURIG DR PEPPER;2KDP;Action;Trading After Hours | Euronext Global Equity Market | EuroTLX;EUR;US;NON;;Euronext;2026-08-04
US4932671088;KeyCorp;1KEY;Action;Euronext Global Equity Market;EUR;US;NON;;Euronext;2026-08-04
US49338L1035;Keysight Tech;1KEYS;Action;Euronext Global Equity Market;EUR;US;NON;;Euronext;2026-08-04
US4943681035;Kimberly-Clark;1KMB;Action;Euronext Global Equity Market;EUR;US;NON;;Euronext;2026-08-04
US49456B1017;Kinder Morgan Inc;1KMI;Action;Euronext Global Equity Market;EUR;US;NON;;Euronext;2026-08-04
US5007541064;THE KRAFT HEINZ;2KHC;Action;Trading After Hours | EuroTLX | Euronext Global Equity Market;EUR;US;NON;;Euronext;2026-08-04
US50077B2079;KRATOS DEFENSE & S;1KTOS;Action;Euronext Global Equity Market;EUR;US;NON;;Euronext;2026-08-04
US5010441013;KROGER;1KR;Action;Euronext Global Equity Market | EuroTLX | Trading After Hours;EUR;US;NON;;Euronext;2026-08-04
US5011471027;KRYSTAL BIOTECH IN;1KRYS;Action;Euronext Global Equity Market;EUR;US;NON;;Euronext;2026-08-04
US5018892084;LKQ Corp;1LKQ;Action;Euronext Global Equity Market;EUR;US;NON;;Euronext;2026-08-04
US50212V1008;LPL FINANCIAL HOLD;1LPLA;Action;Euronext Global Equity Market;EUR;US;NON;;Euronext;2026-08-04
US5024311095;L3Harris Tech;1LHX;Action;Euronext Global Equity Market;EUR;US;NON;;Euronext;2026-08-04
US5128073062;LAM RESEARCH;4LRCX;Action;EuroTLX | Trading After Hours | Euronext Global Equity Market;EUR;US;NON;;Euronext;2026-08-04
US5165441032;LANTHEUS HOLDINGS;1LNTH;Action;Euronext Global Equity Market;EUR;US;NON;;Euronext;2026-08-04
US5178341070;Las Vegas Sands;1LVS;Action;Euronext Global Equity Market;EUR;US;NON;;Euronext;2026-08-04
US5184151042;LATTICE SEMICONDUC;1LSCC;Action;Euronext Global Equity Market;EUR;US;NON;;Euronext;2026-08-04
US5184391044;ESTEE LAUDER COMP;2ELX;Action;Trading After Hours | EuroTLX | Euronext Global Equity Market;EUR;US;NON;;Euronext;2026-08-04
US5253271028;Leidos Hold;1LDOS;Action;Euronext Global Equity Market;EUR;US;NON;;Euronext;2026-08-04
US5260571048;Lennar Corp;1LEN;Action;Euronext Global Equity Market;EUR;US;NON;;Euronext;2026-08-04
US5261071071;LENNOX INTERNATION;1LII;Action;Euronext Global Equity Market;EUR;US;NON;;Euronext;2026-08-04
US52736R1023;LEVI STRAUSS & CO;1LEVI;Action;Euronext Global Equity Market | EuroTLX | Trading After Hours;EUR;US;NON;;Euronext;2026-08-04
US5312297550;LIBERTY MEDIA CORP;1FWON;Action;Euronext Global Equity Market;EUR;US;NON;;Euronext;2026-08-04
US5324571083;ELI LILLY & COMP;4LLY;Action;EuroTLX | Euronext Global Equity Market | Trading After Hours;EUR;US;NON;;Euronext;2026-08-04
US5380341090;Live Nation Ent;1LYV;Action;Euronext Global Equity Market;EUR;US;NON;;Euronext;2026-08-04
US5404241086;Loews Corp;1LOE;Action;Euronext Global Equity Market;EUR;US;NON;;Euronext;2026-08-04
US5486611073;LOWES COMPANIES;2LOW;Action;Trading After Hours | Euronext Global Equity Market | EuroTLX;EUR;US;NON;;Euronext;2026-08-04
US5494982029;LUCID GROUP INC;1LCID;Action;Euronext Global Equity Market;EUR;US;NON;;Euronext;2026-08-04
US5500211090;Lululemon Athl;1LUL;Action;Euronext Global Equity Market;EUR;US;NON;;Euronext;2026-08-04
US5502411037;LUMEN TECHNOLOGIES;4CYTH;Action;EuroTLX | Trading After Hours | Euronext Global Equity Market;EUR;US;NON;;Euronext;2026-08-04
US55024U1097;LUMENTUM HOLDINGS;4LITE;Action;EuroTLX | Euronext Global Equity Market | Trading After Hours;EUR;US;NON;;Euronext;2026-08-04
US55087P1049;LYFT;2LYFT;Action;Trading After Hours | Euronext Global Equity Market | EuroTLX;EUR;US;NON;;Euronext;2026-08-04
US5529531015;MGM Resorts Int;1MGM;Action;Euronext Global Equity Market;EUR;US;NON;;Euronext;2026-08-04
US55306N1046;MKS INSTRUMENTS IN;1MKSI;Action;Euronext Global Equity Market;EUR;US;NON;;Euronext;2026-08-04
US5533681012;MP MATERIALS CORP;1MP;Action;Euronext Global Equity Market;EUR;US;NON;;Euronext;2026-08-04
US55354G1004;MSCI Inc;1MSCI;Action;Euronext Global Equity Market;EUR;US;NON;;Euronext;2026-08-04
US55616P1049;MACYS;4FDO;Action;EuroTLX | Trading After Hours | Euronext Global Equity Market;EUR;US;NON;;Euronext;2026-08-04
US5588681057;MADRIGAL PHARMACEU;1MDGL;Action;Euronext Global Equity Market;EUR;US;NON;;Euronext;2026-08-04
US55955D1000;MAGNITE INC;1MGNI;Action;Euronext Global Equity Market;EUR;US;NON;;Euronext;2026-08-04
US5657881067;MARA HOLDINGS;2MARA;Action;Trading After Hours | Euronext Global Equity Market;EUR;US;NON;;Euronext;2026-08-04
US56585A1025;MARATHON PETROLEUM;4MPC;Action;EuroTLX | Trading After Hours | Euronext Global Equity Market;EUR;US;NON;;Euronext;2026-08-04
US5717481023;MARSH;1MMC;Action;Euronext Global Equity Market;EUR;US;NON;;Euronext;2026-08-04
US5719032022;MARRIOTT INTERN;1MAR;Action;Euronext Global Equity Market | EuroTLX | Trading After Hours;EUR;US;NON;;Euronext;2026-08-04
US5732841060;Martin Marietta;1MLM;Action;Euronext Global Equity Market;EUR;US;NON;;Euronext;2026-08-04
US5738741041;MARVELL TECHNOLOGY;49MW;Action;EuroTLX | Trading After Hours | Euronext Global Equity Market;EUR;US;NON;;Euronext;2026-08-04
US5763231090;MASTEC INC;1MTZ;Action;Euronext Global Equity Market;EUR;US;NON;;Euronext;2026-08-04
US57636Q1040;MASTERCARD;1MA;Action;Euronext Global Equity Market | Trading After Hours | EuroTLX;EUR;US;NON;;Euronext;2026-08-04
US57667L1070;Match Group Inc;1MTCH;Action;Euronext Global Equity Market;EUR;US;NON;;Euronext;2026-08-04
US5770811025;MATTEL;2MAT;Action;Trading After Hours | EuroTLX | Euronext Global Equity Market;EUR;US;NON;;Euronext;2026-08-04
US5797802064;McCormick & Co;1MKC;Action;Euronext Global Equity Market;EUR;US;NON;;Euronext;2026-08-04
US5801351017;MCDONALD'S;4MCD;Action;EuroTLX | Euronext Global Equity Market | Trading After Hours;EUR;US;NON;;Euronext;2026-08-04
US58039P3055;MCEWEN;2MUX;Action;Trading After Hours | EuroTLX | Euronext Global Equity Market;EUR;US;NON;;Euronext;2026-08-04
US58155Q1031;McKesson Corp;1MCK;Action;Euronext Global Equity Market;EUR;US;NON;;Euronext;2026-08-04
US58506Q1094;MEDPACE HOLDINGS I;1MEDP;Action;Euronext Global Equity Market;EUR;US;NON;;Euronext;2026-08-04
US58733R1023;MercadoLibre Inc;1MELI;Action;Euronext Global Equity Market;EUR;US;NON;;Euronext;2026-08-04
US58933Y1055;MERCK & CO.;1MRKX;Action;Euronext Global Equity Market | EuroTLX | Trading After Hours;EUR;US;NON;;Euronext;2026-08-04
US59156R1086;MetLife Inc;1MET;Action;Euronext Global Equity Market;EUR;US;NON;;Euronext;2026-08-04
US5926881054;Mettler-Toledo Int;1MTD;Action;Euronext Global Equity Market;EUR;US;NON;;Euronext;2026-08-04
US5949181045;MICROSOFT CORP;4MSFT;Action;EuroTLX | Trading After Hours | Euronext Global Equity Market;EUR;US;NON;;Euronext;2026-08-04
US5949724083;Strategy;2MSTR;Action;Trading After Hours | EuroTLX | Euronext Global Equity Market;EUR;US;NON;;Euronext;2026-08-04
US5950171042;MICROCHIP TECHNOL;4MCHP;Action;EuroTLX | Trading After Hours | Euronext Global Equity Market;EUR;US;NON;;Euronext;2026-08-04
US5951121038;MICRON TECHNOLOGY;2MT;Action;Trading After Hours | Euronext Global Equity Market | EuroTLX;EUR;US;NON;;Euronext;2026-08-04
US60770K1079;MODERNA;4MRNA;Action;EuroTLX | Trading After Hours | Euronext Global Equity Market;EUR;US;NON;;Euronext;2026-08-04
US6078281002;MODINE MANUFACTURI;1MOD;Action;Euronext Global Equity Market;EUR;US;NON;;Euronext;2026-08-04
US6081901042;Mohawk Ind;1MHK;Action;Euronext Global Equity Market;EUR;US;NON;;Euronext;2026-08-04
US60855R1005;Molina Healthcare;1MOH;Action;Euronext Global Equity Market;EUR;US;NON;;Euronext;2026-08-04
US60871R2094;Molson Coors Bev;1TAP;Action;Euronext Global Equity Market;EUR;US;NON;;Euronext;2026-08-04
US6092071058;MONDELEZ INTERN;2MDLZ;Action;Trading After Hours | EuroTLX | Euronext Global Equity Market;EUR;US;NON;;Euronext;2026-08-04
US60937P1066;MongoDB Inc;1MDB;Action;Euronext Global Equity Market;EUR;US;NON;;Euronext;2026-08-04
US6098391054;Monolithic Power;1MPWR;Action;Euronext Global Equity Market;EUR;US;NON;;Euronext;2026-08-04
US61174X1090;Monster Beverage;1MNST;Action;Euronext Global Equity Market;EUR;US;NON;;Euronext;2026-08-04
US6153691059;Moody's Corp;1MCO;Action;Euronext Global Equity Market;EUR;US;NON;;Euronext;2026-08-04
US6174464486;MORGAN STANLEY;1MS;Action;Euronext Global Equity Market | Trading After Hours | EuroTLX;EUR;US;NON;;Euronext;2026-08-04
US61945C1036;Mosaic Co/The;1MOS;Action;Euronext Global Equity Market;EUR;US;NON;;Euronext;2026-08-04
US6200763075;MOTOROLA SOLUTIONS;2MSI;Action;Trading After Hours | EuroTLX | Euronext Global Equity Market;EUR;US;NON;;Euronext;2026-08-04
US6293775085;NRG Energy Inc;1NRG;Action;Euronext Global Equity Market;EUR;US;NON;;Euronext;2026-08-04
US62944T1051;NVR Inc;1NVR;Action;Euronext Global Equity Market;EUR;US;NON;;Euronext;2026-08-04
US6311031081;Nasdaq Inc;1NDAQ;Action;Euronext Global Equity Market;EUR;US;NON;;Euronext;2026-08-04
US64110D1046;NetApp Inc;1NTAP;Action;Euronext Global Equity Market;EUR;US;NON;;Euronext;2026-08-04
US64110L1061;NETFLIX;2NFLX;Action;Trading After Hours | EuroTLX | Euronext Global Equity Market;EUR;US;NON;;Euronext;2026-08-04
US64125C1099;NEUROCRINE BIOSCIE;1NBIX;Action;Euronext Global Equity Market;EUR;US;NON;;Euronext;2026-08-04
US64125S1042;NEUTRON HOLDINGS;2LIME;Action;Trading After Hours | Euronext Global Equity Market;EUR;US;NON;;Euronext;2026-08-04
US6512291062;NEWELL BRANDS INC;1NWL;Action;Euronext Global Equity Market;EUR;US;NON;;Euronext;2026-08-04
US6516391066;NEWMONT;1NEM;Action;Euronext Global Equity Market | Trading After Hours | EuroTLX;EUR;US;NON;;Euronext;2026-08-04
US65249B1098;News Corp;1NWSA;Action;Euronext Global Equity Market;EUR;US;NON;;Euronext;2026-08-04
US65249B2088;News Corp B;1NWS;Action;Euronext Global Equity Market;EUR;US;NON;;Euronext;2026-08-04
US65336K1034;NEXSTAR MEDIA GROU;1NXST;Action;Euronext Global Equity Market;EUR;US;NON;;Euronext;2026-08-04
US65339F1012;NextEra Energy;4NEE;Action;EuroTLX | Trading After Hours | Euronext Global Equity Market;EUR;US;NON;;Euronext;2026-08-04
US6541061031;NIKE;1NKE;Action;Euronext Global Equity Market | EuroTLX | Trading After Hours;EUR;US;NON;;Euronext;2026-08-04
US65473P1057;NiSource Inc;1NIS;Action;Euronext Global Equity Market;EUR;US;NON;;Euronext;2026-08-04
US6556631025;Nordson Corp;1NDSN;Action;Euronext Global Equity Market;EUR;US;NON;;Euronext;2026-08-04
US6658591044;Northern Trust;1NTRS;Action;Euronext Global Equity Market;EUR;US;NON;;Euronext;2026-08-04
US6668071029;NORTHROP GRUMMAN;1NOC;Action;Euronext Global Equity Market | EuroTLX | Trading After Hours;EUR;US;NON;;Euronext;2026-08-04
US6687711084;GEN DIGITAL;1NLOK;Action;Euronext Global Equity Market | EuroTLX | Trading After Hours;EUR;US;NON;;Euronext;2026-08-04
US6703461052;Nucor Corp;1NUE;Action;Euronext Global Equity Market;EUR;US;NON;;Euronext;2026-08-04
US67066G1040;NVIDIA CORP;2NVDA;Action;Trading After Hours | EuroTLX | Euronext Global Equity Market;EUR;US;NON;;Euronext;2026-08-04
US67103H1077;O'Reilly Auto;1ORLY;Action;Euronext Global Equity Market;EUR;US;NON;;Euronext;2026-08-04
US6745991058;OCCIDENTAL PETR;1OXY;Action;Euronext Global Equity Market | Trading After Hours | EuroTLX;EUR;US;NON;;Euronext;2026-08-04
US6792951054;OKTA INC;1OKTA;Action;Euronext Global Equity Market;EUR;US;NON;;Euronext;2026-08-04
US6795801009;Old Dominion;1ODFL;Action;Euronext Global Equity Market;EUR;US;NON;;Euronext;2026-08-04
US6819191064;Omnicom Group Inc;1OMC;Action;Euronext Global Equity Market;EUR;US;NON;;Euronext;2026-08-04
US6821891057;ON Semiconductor;1ON;Action;Euronext Global Equity Market | Trading After Hours;EUR;US;NON;;Euronext;2026-08-04
US68236H2040;Ondas Inc;1ONDS;Action;Euronext Global Equity Market;EUR;US;NON;;Euronext;2026-08-04
US6826801036;ONEOK;1OKE;Action;Euronext Global Equity Market | Trading After Hours | EuroTLX;EUR;US;NON;;Euronext;2026-08-04
US6837121036;OPENDOOR TECHNOLOG;1OPEN;Action;Euronext Global Equity Market;EUR;US;NON;;Euronext;2026-08-04
US68389X1054;ORACLE;1ORCL;Action;Euronext Global Equity Market | Trading After Hours | EuroTLX;EUR;US;NON;;Euronext;2026-08-04
US68404L2016;OPTION CARE HEALTH;1OPCH;Action;Euronext Global Equity Market;EUR;US;NON;;Euronext;2026-08-04
US68622V1061;ORGANON & CO.;1OGN;Action;Euronext Global Equity Market | EuroTLX | Trading After Hours;EUR;US;NON;;Euronext;2026-08-04
US6877931096;OSCAR HEALTH CL A;1OSCR;Action;Euronext Global Equity Market;EUR;US;NON;;Euronext;2026-08-04
US68902V1070;Otis Worldwide;1OTIS;Action;Euronext Global Equity Market;EUR;US;NON;;Euronext;2026-08-04
US6907421019;OWENS CORNING;1OWC;Action;Euronext Global Equity Market;EUR;US;NON;;Euronext;2026-08-04
US69331C1080;PG&E;4PCG;Action;EuroTLX | Trading After Hours | Euronext Global Equity Market;EUR;US;NON;;Euronext;2026-08-04
US6935061076;PPG INDUSTRIES;2PPG;Action;Trading After Hours | Euronext Global Equity Market | EuroTLX;EUR;US;NON;;Euronext;2026-08-04
US69351T1060;PPL;4PPL;Action;EuroTLX | Trading After Hours | Euronext Global Equity Market;EUR;US;NON;;Euronext;2026-08-04
US69355L1098;PPLA European Unit;PPLA;Action;Euronext Amsterdam;EUR;US;NON;;Euronext;2026-08-04
US6937181088;PACCAR Inc;1PCAR;Action;Euronext Global Equity Market;EUR;US;NON;;Euronext;2026-08-04
US6951561090;Packaging;1PKG;Action;Euronext Global Equity Market;EUR;US;NON;;Euronext;2026-08-04
US69608A1088;PALANTIR TECHNOL;2PLTR;Action;Trading After Hours | EuroTLX | Euronext Global Equity Market;EUR;US;NON;;Euronext;2026-08-04
US6974351057;Palo Alto Networks;1PANW;Action;Euronext Global Equity Market | EuroTLX | Trading After Hours;EUR;US;NON;;Euronext;2026-08-04
US6988131024;PAPA JOHN'S INTL I;1PZZA;Action;Euronext Global Equity Market;EUR;US;NON;;Euronext;2026-08-04
US7010941042;PARKER HANNIFIN;2PH;Action;Trading After Hours | Euronext Global Equity Market | EuroTLX;EUR;US;NON;;Euronext;2026-08-04
US7043261079;Paychex Inc;1PAYX;Action;Euronext Global Equity Market;EUR;US;NON;;Euronext;2026-08-04
US70432V1026;Paycom Software;1PAYC;Action;Euronext Global Equity Market;EUR;US;NON;;Euronext;2026-08-04
US70438V1061;PAYLOCITY HOLDING;1PCTY;Action;Euronext Global Equity Market;EUR;US;NON;;Euronext;2026-08-04
US70450Y1038;PAYPAL;1PYPL;Action;Euronext Global Equity Market | EuroTLX | Trading After Hours;EUR;US;NON;;Euronext;2026-08-04
US7055731035;PEGASYSTEMS INC;1PEGA;Action;Euronext Global Equity Market;EUR;US;NON;;Euronext;2026-08-04
US70614W1009;PELOTON INTERACTIV;4PTON;Action;EuroTLX | Trading After Hours | Euronext Global Equity Market;EUR;US;NON;;Euronext;2026-08-04
US7134481081;PEPSICO;4PEP;Action;EuroTLX | Trading After Hours | Euronext Global Equity Market;EUR;US;NON;;Euronext;2026-08-04
US7170811035;PFIZER;4PFE;Action;EuroTLX | Trading After Hours | Euronext Global Equity Market;EUR;US;NON;;Euronext;2026-08-04
US7181721090;PHILIP MORRIS INT;2PM;Action;Trading After Hours | EuroTLX | Euronext Global Equity Market;EUR;US;NON;;Euronext;2026-08-04
US7185461040;PHILLIPS 66;2PSX;Action;Trading After Hours | Euronext Global Equity Market | EuroTLX;EUR;US;NON;;Euronext;2026-08-04
US72147K1088;PILGRIM'S PRIDE CO;1PPC;Action;Euronext Global Equity Market;EUR;US;NON;;Euronext;2026-08-04
US72703X1063;PLANET LABS PBC;1PLL;Action;Euronext Global Equity Market;EUR;US;NON;;Euronext;2026-08-04
US72919P2020;PLUG POWER;2PLUG;Action;Trading After Hours | EuroTLX | Euronext Global Equity Market;EUR;US;NON;;Euronext;2026-08-04
US73278L1052;Pool Corp;1POOL;Action;Euronext Global Equity Market;EUR;US;NON;;Euronext;2026-08-04
US7391281067;POWELL INDUSTRIES;1POWL;Action;Euronext Global Equity Market;EUR;US;NON;;Euronext;2026-08-04
US74144T1088;T ROWE PRICE GROUP;2TROW;Action;Trading After Hours | Euronext Global Equity Market | EuroTLX;EUR;US;NON;;Euronext;2026-08-04
US7427181091;PROCTER & GAMBLE;4PG;Action;EuroTLX | Euronext Global Equity Market | Trading After Hours;EUR;US;NON;;Euronext;2026-08-04
US7433151039;Progressive;1PGR;Action;Euronext Global Equity Market;EUR;US;NON;;Euronext;2026-08-04
US74340W1036;PROLOGIS REIT;2PLD;Action;Trading After Hours | Euronext Global Equity Market | EuroTLX;EUR;US;NON;;Euronext;2026-08-04
US7443201022;PRUDENTIAL FIN;4PRU;Action;EuroTLX | Trading After Hours | Euronext Global Equity Market;EUR;US;NON;;Euronext;2026-08-04
US7445731067;Public Service Ent;1PEG;Action;Euronext Global Equity Market;EUR;US;NON;;Euronext;2026-08-04
US74624M1027;EVERPURE;1PSTG;Action;Euronext Global Equity Market;EUR;US;NON;;Euronext;2026-08-04
US74736K1016;Qorvo Inc;1QRVO;Action;Euronext Global Equity Market;EUR;US;NON;;Euronext;2026-08-04
US7475251036;QUALCOMM;1QCOM;Action;Euronext Global Equity Market | EuroTLX | Trading After Hours;EUR;US;NON;;Euronext;2026-08-04
US74758T3032;QUALYS INC;1QLYS;Action;Euronext Global Equity Market;EUR;US;NON;;Euronext;2026-08-04
US74762E1029;Quanta Services;1PWR;Action;Euronext Global Equity Market;EUR;US;NON;;Euronext;2026-08-04
US74834L1008;Quest Diagnostic;1QDX;Action;Euronext Global Equity Market;EUR;US;NON;;Euronext;2026-08-04
US74967X1037;RH;1RH;Action;Euronext Global Equity Market;EUR;US;NON;;Euronext;2026-08-04
US7509171069;RAMBUS INC;1RMBS;Action;Euronext Global Equity Market;EUR;US;NON;;Euronext;2026-08-04
US7512121010;Ralph Lauren Corp;1RLA;Action;Euronext Global Equity Market;EUR;US;NON;;Euronext;2026-08-04
US7547301090;Raymond James Fin;1RJF;Action;Euronext Global Equity Market;EUR;US;NON;;Euronext;2026-08-04
US75513E1010;RTX Corp;1RTX;Action;Euronext Global Equity Market;EUR;US;NON;;Euronext;2026-08-04
US75644T1007;RED CAT HOLDINGS I;1RCAT;Action;Euronext Global Equity Market;EUR;US;NON;;Euronext;2026-08-04
US75734B1008;Reddit Inc;2RDDT;Action;Trading After Hours | Euronext Global Equity Market;EUR;US;NON;;Euronext;2026-08-04
US75886F1075;REGENERON PHARMA;4REGN;Action;EuroTLX | Euronext Global Equity Market | Trading After Hours;EUR;US;NON;;Euronext;2026-08-04
US7591EP1005;Regions Financial;1RFU;Action;Euronext Global Equity Market;EUR;US;NON;;Euronext;2026-08-04
US7599161095;REPLIGEN CORP;1RGEN;Action;Euronext Global Equity Market;EUR;US;NON;;Euronext;2026-08-04
US7607591002;Republic Services;1RSG;Action;Euronext Global Equity Market;EUR;US;NON;;Euronext;2026-08-04
US7611521078;ResMed Inc;1RMD;Action;Euronext Global Equity Market;EUR;US;NON;;Euronext;2026-08-04
US76155X1000;REVOLUTION MEDICIN;1RVMD;Action;Euronext Global Equity Market;EUR;US;NON;;Euronext;2026-08-04
US76655K1034;RIGETTI COMPUTING;1RGTI;Action;Euronext Global Equity Market;EUR;US;NON;;Euronext;2026-08-04
US7672921050;Riot Platforms;1RIOT;Action;Euronext Global Equity Market;EUR;US;NON;;Euronext;2026-08-04
US76954A1034;RIVIAN AUTOMOTIVE;1RIVN;Action;Euronext Global Equity Market;EUR;US;NON;;Euronext;2026-08-04
US7707001027;ROBINHOOD MARKETS;4HOOD;Action;EuroTLX | Trading After Hours | Euronext Global Equity Market;EUR;US;NON;;Euronext;2026-08-04
US7731211089;ROCKET LAB CORP;1RKLB;Action;Euronext Global Equity Market;EUR;US;NON;;Euronext;2026-08-04
US7739031091;ROCKWELL AUTO;4ROK;Action;EuroTLX | Euronext Global Equity Market | Trading After Hours;EUR;US;NON;;Euronext;2026-08-04
US77543R1023;ROKU;2ROKU;Action;Trading After Hours | Euronext Global Equity Market | EuroTLX;EUR;US;NON;;Euronext;2026-08-04
US7757111049;Rollins Inc;1ROL;Action;Euronext Global Equity Market;EUR;US;NON;;Euronext;2026-08-04
US7766961061;Roper Technologies;1ROP;Action;Euronext Global Equity Market;EUR;US;NON;;Euronext;2026-08-04
US7782961038;Ross Stores Inc;1ROST;Action;Euronext Global Equity Market;EUR;US;NON;;Euronext;2026-08-04
US7802871084;ROYAL GOLD INC;1RGLD;Action;Euronext Global Equity Market;EUR;US;NON;;Euronext;2026-08-04
US7811541090;RUBRIK INC-A;1RBRK;Action;Euronext Global Equity Market;EUR;US;NON;;Euronext;2026-08-04
US78409V1044;S&P Global Inc;1SPGI;Action;Euronext Global Equity Market;EUR;US;NON;;Euronext;2026-08-04
US78435P1057;SEZZLE INC;1SEZL;Action;Euronext Global Equity Market;EUR;US;NON;;Euronext;2026-08-04
US78463M1071;SPS COMMERCE INC;1SPSC;Action;Euronext Global Equity Market;EUR;US;NON;;Euronext;2026-08-04
US78467X1090;SPDR DJIA TRUST;DIA;ETF;Euronext Amsterdam;EUR;US;NON;-;Euronext;2026-08-04
US78574H1041;SABLE OFFSHORE COR;1SOC;Action;Euronext Global Equity Market;EUR;US;NON;;Euronext;2026-08-04
US79466L3024;SALESFORCE;1CRM;Action;Euronext Global Equity Market | Trading After Hours | EuroTLX;EUR;US;NON;;Euronext;2026-08-04
US8036071004;SAREPTA THERAPEUTI;1SRPT;Action;Euronext Global Equity Market;EUR;US;NON;;Euronext;2026-08-04
US8064071025;Henry Schein Inc;1HSIC;Action;Euronext Global Equity Market;EUR;US;NON;;Euronext;2026-08-04
US8085131055;Charles Schwab;1SCHW;Action;Euronext Global Equity Market;EUR;US;NON;;Euronext;2026-08-04
US8168501018;SEMTECH CORP;1SMTC;Action;Euronext Global Equity Market;EUR;US;NON;;Euronext;2026-08-04
US8168511090;Sempra;1SRE;Action;Euronext Global Equity Market;EUR;US;NON;;Euronext;2026-08-04
US81730H1095;SENTINELONE CLASS;1SUS;Action;Euronext Global Equity Market;EUR;US;NON;;Euronext;2026-08-04
US81762P1021;SERVICENOW;2NOW;Action;Trading After Hours | EuroTLX | Euronext Global Equity Market;EUR;US;NON;;Euronext;2026-08-04
US8243481061;SHERWIN-WILLIAMS;4SHW;Action;EuroTLX | Trading After Hours | Euronext Global Equity Market;EUR;US;NON;;Euronext;2026-08-04
US8288061091;SIMON PROPERTY GR;2SPG;Action;Trading After Hours | Euronext Global Equity Market | EuroTLX;EUR;US;NON;;Euronext;2026-08-04
US82935V4068;SINGULARITY FUTURE;2SGLY;Action;Trading After Hours | Euronext Global Equity Market;EUR;US;NON;;Euronext;2026-08-04
US8308791024;SKYWEST INC;1SKYW;Action;Euronext Global Equity Market;EUR;US;NON;;Euronext;2026-08-04
US83088M1027;SKYWORKS SOLUTIONS;1SWKS;Action;Euronext Global Equity Market | EuroTLX | Trading After Hours;EUR;US;NON;;Euronext;2026-08-04
US8326964058;J M Smucker;1SJM;Action;Euronext Global Equity Market;EUR;US;NON;;Euronext;2026-08-04
US8330341012;Snap-on Inc;1SNA;Action;Euronext Global Equity Market;EUR;US;NON;;Euronext;2026-08-04
US83304A1060;SNAP - CLASSE A;1SNAP;Action;Euronext Global Equity Market | EuroTLX | Trading After Hours;EUR;US;NON;;Euronext;2026-08-04
US8334451098;SNOWFLAKE;1SNOW;Action;Euronext Global Equity Market | EuroTLX | Trading After Hours;EUR;US;NON;;Euronext;2026-08-04
US83406F1021;SOFI TECHNOLOGIES;1SOFI;Action;Euronext Global Equity Market;EUR;US;NON;;Euronext;2026-08-04
US83444M1018;Solventum Corp;1SOLV;Action;Euronext Global Equity Market;EUR;US;NON;;Euronext;2026-08-04
US8425871071;THE SOUTHERN COMP;1SO;Action;Euronext Global Equity Market | EuroTLX | Trading After Hours;EUR;US;NON;;Euronext;2026-08-04
US8447411088;Southwest Air;1LUV;Action;Euronext Global Equity Market;EUR;US;NON;;Euronext;2026-08-04
US84615Q1031;SPACE EXPL TECH;1SPCX;Action;Euronext Global Equity Market | Trading After Hours;EUR;US;NON;;Euronext;2026-08-04
US85208M1027;SPROUTS FARMERS MA;1SFM;Action;Euronext Global Equity Market;EUR;US;NON;;Euronext;2026-08-04
US8522341036;BLOCK;2SQ;Action;Trading After Hours | Euronext Global Equity Market | EuroTLX;EUR;US;NON;;Euronext;2026-08-04
US8545021011;Stanley B&D;1SWK;Action;Euronext Global Equity Market;EUR;US;NON;;Euronext;2026-08-04
US8552441094;STARBUCKS CORP;4SBUX;Action;EuroTLX | Euronext Global Equity Market | Trading After Hours;EUR;US;NON;;Euronext;2026-08-04
US8574771031;State Street Corp;1STT;Action;Euronext Global Equity Market;EUR;US;NON;;Euronext;2026-08-04
US8581191009;STEEL DYNAMICS;2STLD;Action;Trading After Hours | Euronext Global Equity Market | EuroTLX;EUR;US;NON;;Euronext;2026-08-04
US8592411016;STERLING INFRASTRU;1STRL;Action;Euronext Global Equity Market;EUR;US;NON;;Euronext;2026-08-04
US8636671013;STRYKER;4SYK;Action;EuroTLX | Euronext Global Equity Market | Trading After Hours;EUR;US;NON;;Euronext;2026-08-04
US86800U3023;Super Micro C;4SMCI;Action;EuroTLX | Trading After Hours | Euronext Global Equity Market;EUR;US;NON;;Euronext;2026-08-04
US87157D1090;SYNAPTICS INC;1SYNA;Action;Euronext Global Equity Market;EUR;US;NON;;Euronext;2026-08-04
US8716071076;Synopsys Inc;1SNPS;Action;Euronext Global Equity Market;EUR;US;NON;;Euronext;2026-08-04
US87165B1035;Synchrony Fin;1SYF;Action;Euronext Global Equity Market;EUR;US;NON;;Euronext;2026-08-04
US8718291078;Sysco Corp;1SYY;Action;Euronext Global Equity Market;EUR;US;NON;;Euronext;2026-08-04
US8725401090;TJX COMPANIES INC;4TJX;Action;EuroTLX | Euronext Global Equity Market | Trading After Hours;EUR;US;NON;;Euronext;2026-08-04
US8725901040;T-MOBILE US;2TMUS;Action;Trading After Hours | Euronext Global Equity Market | EuroTLX;EUR;US;NON;;Euronext;2026-08-04
US8726571016;TPG INC;1TPG;Action;Euronext Global Equity Market;EUR;US;NON;;Euronext;2026-08-04
US8740541094;Take-Two Inter;1TTWO;Action;Euronext Global Equity Market;EUR;US;NON;;Euronext;2026-08-04
US87422Q1094;TALEN ENERGY CORP;1TLN;Action;Euronext Global Equity Market;EUR;US;NON;;Euronext;2026-08-04
US8760301072;Tapestry Inc;1TPR;Action;Euronext Global Equity Market;EUR;US;NON;;Euronext;2026-08-04
US87612E1064;TARGET;2TGT;Action;Trading After Hours | Euronext Global Equity Market | EuroTLX;EUR;US;NON;;Euronext;2026-08-04
US87612G1013;Targa Resources;1TRGP;Action;Euronext Global Equity Market;EUR;US;NON;;Euronext;2026-08-04
US8793601050;Teledyne Tech;1TDY;Action;Euronext Global Equity Market;EUR;US;NON;;Euronext;2026-08-04
US8793691069;Teleflex Inc;1TFX;Action;Euronext Global Equity Market;EUR;US;NON;;Euronext;2026-08-04
US88023B1035;TEMPUS AI INC;1TEM;Action;Euronext Global Equity Market;EUR;US;NON;;Euronext;2026-08-04
US88033G4073;TENET HEALTHCARE C;1THC;Action;Euronext Global Equity Market;EUR;US;NON;;Euronext;2026-08-04
US8807701029;Teradyne Inc;1TER;Action;Euronext Global Equity Market;EUR;US;NON;;Euronext;2026-08-04
US88080T1043;Terawulf Inc;1WULF;Action;Euronext Global Equity Market;EUR;US;NON;;Euronext;2026-08-04
US88160R1014;TESLA;2TSLA;Action;Trading After Hours | Euronext Global Equity Market | EuroTLX;EUR;US;NON;;Euronext;2026-08-04
US88162G1031;TETRA TECH INC;1TTEK;Action;Euronext Global Equity Market;EUR;US;NON;;Euronext;2026-08-04
US8825081040;TEXAS INSTRUMENTS;1TXN;Action;Euronext Global Equity Market | Trading After Hours | EuroTLX;EUR;US;NON;;Euronext;2026-08-04
US8826811098;TEXAS ROADHOUSE IN;1TXRH;Action;Euronext Global Equity Market;EUR;US;NON;;Euronext;2026-08-04
US8832031012;Textron Inc;1TXT;Action;Euronext Global Equity Market;EUR;US;NON;;Euronext;2026-08-04
US88322Q1085;TG THERAPEUTICS IN;1TGTX;Action;Euronext Global Equity Market;EUR;US;NON;;Euronext;2026-08-04
US88339J1051;Trade Desk;1TTD;Action;Euronext Global Equity Market;EUR;US;NON;;Euronext;2026-08-04
US8835561023;THERMO FISHER SC;2TMO;Action;Trading After Hours | EuroTLX | Euronext Global Equity Market;EUR;US;NON;;Euronext;2026-08-04
US88554D2053;3D SYSTEMS CORP;4DDD;Action;EuroTLX | Euronext Global Equity Market | Trading After Hours;EUR;US;NON;;Euronext;2026-08-04
US88579Y1010;3M;4MMM;Action;EuroTLX | Euronext Global Equity Market | Trading After Hours;EUR;US;NON;;Euronext;2026-08-04
US8887871080;TOAST INC-CLASS A;1TOST;Action;Euronext Global Equity Market;EUR;US;NON;;Euronext;2026-08-04
US8894781033;TOLL BROTHERS INC;1TOL;Action;Euronext Global Equity Market;EUR;US;NON;;Euronext;2026-08-04
US8923561067;Tractor Supply Co;1TSCO;Action;Euronext Global Equity Market;EUR;US;NON;;Euronext;2026-08-04
US8936411003;TRANSDIGM GROUP IN;1TDG;Action;Euronext Global Equity Market;EUR;US;NON;;Euronext;2026-08-04
US89377M1099;TRANSMEDICS GROUP;1TMDX;Action;Euronext Global Equity Market;EUR;US;NON;;Euronext;2026-08-04
US89400J1079;TRANSUNION;1TRU;Action;Euronext Global Equity Market;EUR;US;NON;;Euronext;2026-08-04
US89417E1091;THE TRAVELERS COMP;1TRV;Action;Euronext Global Equity Market | Trading After Hours | EuroTLX;EUR;US;NON;;Euronext;2026-08-04
US8962391004;Trimble Inc;1TRMB;Action;Euronext Global Equity Market;EUR;US;NON;;Euronext;2026-08-04
US8969452015;TRIPADVISOR;1TRIP;Action;Euronext Global Equity Market | Trading After Hours | EuroTLX;EUR;US;NON;;Euronext;2026-08-04
US89832Q1094;TRUIST FINL CORP.;4TFC;Action;EuroTLX | Euronext Global Equity Market | Trading After Hours;EUR;US;NON;;Euronext;2026-08-04
US90184D1000;TWIST BIOSCIENCE C;1TWST;Action;Euronext Global Equity Market;EUR;US;NON;;Euronext;2026-08-04
US9022521051;Tyler Technologies;1TYL;Action;Euronext Global Equity Market;EUR;US;NON;;Euronext;2026-08-04
US9024941034;Tyson Foods Inc;1TSN;Action;Euronext Global Equity Market;EUR;US;NON;;Euronext;2026-08-04
US9027881088;UMB FINANCIAL CORP;1UMBF;Action;Euronext Global Equity Market;EUR;US;NON;;Euronext;2026-08-04
US9029733048;US BANCORP;2USB;Action;Trading After Hours | EuroTLX | Euronext Global Equity Market;EUR;US;NON;;Euronext;2026-08-04
US90353T1007;UBER TECHNOLOGIES;2UBER;Action;Trading After Hours | Euronext Global Equity Market | EuroTLX;EUR;US;NON;;Euronext;2026-08-04
US90364P1057;UIPATH INC CLASS A;1PATH;Action;Euronext Global Equity Market;EUR;US;NON;;Euronext;2026-08-04
US90384S3031;Ulta Beauty Inc;1ULTA;Action;Euronext Global Equity Market;EUR;US;NON;;Euronext;2026-08-04
US9043111072;UNDER ARMOUR - CLA;4UAA;Action;EuroTLX | Trading After Hours | Euronext Global Equity Market;EUR;US;NON;;Euronext;2026-08-04
US9078181081;UNION PACIFIC;1UNP;Action;Euronext Global Equity Market | Trading After Hours | EuroTLX;EUR;US;NON;;Euronext;2026-08-04
US9100471096;UNITED AIRLINES H;4UAL;Action;EuroTLX | Euronext Global Equity Market | Trading After Hours;EUR;US;NON;;Euronext;2026-08-04
US9113121068;United Parcel;1UPS;Action;Euronext Global Equity Market;EUR;US;NON;;Euronext;2026-08-04
US9113631090;United Rentals;1URI;Action;Euronext Global Equity Market;EUR;US;NON;;Euronext;2026-08-04
US91324P1021;UNITEDHEALTH GROUP;2UNH;Action;Trading After Hours | EuroTLX | Euronext Global Equity Market;EUR;US;NON;;Euronext;2026-08-04
US91332U1016;UNITY SOFTWARE INC;1USFT;Action;Euronext Global Equity Market;EUR;US;NON;;Euronext;2026-08-04
US91680M1071;UPSTART HOLDINGS I;1UPST;Action;Euronext Global Equity Market;EUR;US;NON;;Euronext;2026-08-04
US91688F1049;UPWORK INC;1UPWK;Action;Euronext Global Equity Market;EUR;US;NON;;Euronext;2026-08-04
US9168961038;URANIUM ENERGY COR;1UEC;Action;Euronext Global Equity Market;EUR;US;NON;;Euronext;2026-08-04
US9182041080;V.F.;2VFC;Action;Trading After Hours | EuroTLX | Euronext Global Equity Market;EUR;US;NON;;Euronext;2026-08-04
US91913Y1001;Valero Energy;1VLO;Action;Euronext Global Equity Market;EUR;US;NON;;Euronext;2026-08-04
US9197941076;VALLEY NATIONAL BA;1VLY;Action;Euronext Global Equity Market;EUR;US;NON;;Euronext;2026-08-04
US9222801022;VARONIS SYSTEMS IN;1VRNS;Action;Euronext Global Equity Market;EUR;US;NON;;Euronext;2026-08-04
US92243G1085;VAXCYTE INC;1PCVX;Action;Euronext Global Equity Market;EUR;US;NON;;Euronext;2026-08-04
US9224751084;VEEVA SYSTEMS INC;1VEEV;Action;Euronext Global Equity Market;EUR;US;NON;;Euronext;2026-08-04
US92338C1036;Veralto Corp;1VLTO;Action;Euronext Global Equity Market;EUR;US;NON;;Euronext;2026-08-04
US92343E1029;VeriSign Inc;1VRSN;Action;Euronext Global Equity Market;EUR;US;NON;;Euronext;2026-08-04
US92343V1044;VERIZON COMMUNICAT;2VZ;Action;Trading After Hours | Euronext Global Equity Market | EuroTLX;EUR;US;NON;;Euronext;2026-08-04
US92345Y1064;Verisk Analytics;1VRSK;Action;Euronext Global Equity Market;EUR;US;NON;;Euronext;2026-08-04
US92532F1003;VERTEX PHARMA;2VRTX;Action;Trading After Hours | Euronext Global Equity Market | EuroTLX;EUR;US;NON;;Euronext;2026-08-04
US92537N1081;VERTIV HOLDINGS CO;1VRT;Action;Euronext Global Equity Market;EUR;US;NON;;Euronext;2026-08-04
US92538J1060;VERTEX INC - CLASS;1VERX;Action;Euronext Global Equity Market;EUR;US;NON;;Euronext;2026-08-04
US92556V1061;VIATRIS INC;2VTRS;Action;Trading After Hours | Euronext Global Equity Market | EuroTLX;EUR;US;NON;;Euronext;2026-08-04
US92686J1060;VIKING THERAPEUTIC;1VKTX;Action;Euronext Global Equity Market;EUR;US;NON;;Euronext;2026-08-04
US92766K4031;VIRGIN GALACTIC HO;1SPCE;Action;Euronext Global Equity Market | Trading After Hours | EuroTLX;EUR;US;NON;;Euronext;2026-08-04
US92826C8394;VISA - CLASSE A;4V;Action;EuroTLX | Trading After Hours | Euronext Global Equity Market;EUR;US;NON;;Euronext;2026-08-04
US92840M1027;Vistra Corp;1VST;Action;Euronext Global Equity Market;EUR;US;NON;;Euronext;2026-08-04
US92847W1036;VITAL FARMS INC;1VITL;Action;Euronext Global Equity Market;EUR;US;NON;;Euronext;2026-08-04
US9291601097;Vulcan Materials;1VMC;Action;Euronext Global Equity Market;EUR;US;NON;;Euronext;2026-08-04
US92939U1060;WEC ENERGY GROUP;1WEC;Action;Euronext Global Equity Market | Trading After Hours | EuroTLX;EUR;US;NON;;Euronext;2026-08-04
US9297401088;Westinghouse Air;1WAB;Action;Euronext Global Equity Market;EUR;US;NON;;Euronext;2026-08-04
US9311421039;WALMART;4WMT;Action;EuroTLX | Trading After Hours | Euronext Global Equity Market;EUR;US;NON;;Euronext;2026-08-04
US9344231041;WARNER BROS DISCOV;2WBDA;Action;Trading After Hours | Euronext Global Equity Market | EuroTLX;EUR;US;NON;;Euronext;2026-08-04
US94106L1098;WASTE MANAGEMENT;2WM;Action;Trading After Hours | Euronext Global Equity Market | EuroTLX;EUR;US;NON;;Euronext;2026-08-04
US9418481035;Waters Corp;1WAT;Action;Euronext Global Equity Market;EUR;US;NON;;Euronext;2026-08-04
US9426222009;WATSCO INC;1WSO;Action;Euronext Global Equity Market;EUR;US;NON;;Euronext;2026-08-04
US94419L1017;WAYFAIR CLASS A;1W;Action;Euronext Global Equity Market;EUR;US;NON;;Euronext;2026-08-04
US9497461015;WELLS FARGO & CO;1WFC;Action;Euronext Global Equity Market | EuroTLX | Trading After Hours;EUR;US;NON;;Euronext;2026-08-04
US95058W1009;WENDY'S CO/THE;1WEN;Action;Euronext Global Equity Market;EUR;US;NON;;Euronext;2026-08-04
US9553061055;West Pharma;1WST;Action;Euronext Global Equity Market;EUR;US;NON;;Euronext;2026-08-04
US9581021055;WESTERN DIGITAL;2WDC;Action;Trading After Hours | EuroTLX | Euronext Global Equity Market;EUR;US;NON;;Euronext;2026-08-04
US9621661043;WEYERHAEUSER;1WY;Action;Euronext Global Equity Market | EuroTLX | Trading After Hours;EUR;US;NON;;Euronext;2026-08-04
US9694571004;Williams Cos;1WMB;Action;Euronext Global Equity Market;EUR;US;NON;;Euronext;2026-08-04
US9699041011;WILLIAMS-SONOMA IN;1WSM;Action;Euronext Global Equity Market;EUR;US;NON;;Euronext;2026-08-04
US9713781048;WILLSCOT HOLDINGS;1WSC;Action;Euronext Global Equity Market;EUR;US;NON;;Euronext;2026-08-04
US98138H1014;WORKDAY;2WDAY;Action;Trading After Hours | Euronext Global Equity Market | EuroTLX;EUR;US;NON;;Euronext;2026-08-04
US9831341071;Wynn Resorts Ltd;1WYNN;Action;Euronext Global Equity Market;EUR;US;NON;;Euronext;2026-08-04
US98389B1008;Xcel Energy Inc;1XEL;Action;Euronext Global Equity Market;EUR;US;NON;;Euronext;2026-08-04
US98419M1009;Xylem Inc/NY;1XYL;Action;Euronext Global Equity Market;EUR;US;NON;;Euronext;2026-08-04
US9884981013;Yum! Brands Inc;1YUM;Action;Euronext Global Equity Market;EUR;US;NON;;Euronext;2026-08-04
US9892071054;Zebra Technologies;1ZBRA;Action;Euronext Global Equity Market;EUR;US;NON;;Euronext;2026-08-04
US98954M1018;ZILLOW GROUP A;1ZGU;Action;Euronext Global Equity Market;EUR;US;NON;;Euronext;2026-08-04
US98954M2008;ZILLOW GROUP C;1ZUS;Action;Euronext Global Equity Market;EUR;US;NON;;Euronext;2026-08-04
US98956P1021;Zimmer Biomet;1ZBH;Action;Euronext Global Equity Market;EUR;US;NON;;Euronext;2026-08-04
US98978V1035;ZOETIS;1ZTS;Action;Euronext Global Equity Market | EuroTLX | Trading After Hours;EUR;US;NON;;Euronext;2026-08-04
US98980F1049;ZOOMINFO TECHNOLOG;1ZI;Action;Euronext Global Equity Market;EUR;US;NON;;Euronext;2026-08-04
US98980G1022;Zscaler Inc;1ZS;Action;Euronext Global Equity Market;EUR;US;NON;;Euronext;2026-08-04
US98980L1017;ZOOM COMMUNICATION;4ZM;Action;EuroTLX | Euronext Global Equity Market | Trading After Hours;EUR;US;NON;;Euronext;2026-08-04
VGG885761301;Agility Capital H;AGIL;Action;Euronext Amsterdam;USD;VG;NON;;Euronext;2026-08-04
XS1101721683;SG ETNEU50S3ETFP;SX5E3S;ETF;ETF Plus;EUR;XS;NON;-;Euronext;2026-08-04
XS1101721923;SG ETNFMSLTRETFP;MIB3L;ETF;ETF Plus;EUR;XS;NON;-;Euronext;2026-08-04
XS1101723622;SG ETNDAXLG3ETFP;DAX3L;ETF;ETF Plus;EUR;XS;NON;-;Euronext;2026-08-04
XS1101724513;SG ETNEU50L3ETFP;SX5E3L;ETF;ETF Plus;EUR;XS;NON;-;Euronext;2026-08-04
XS2115336336;HANETCXGDEIMETFP;RMAU;ETF;ETF Plus | Euronext Paris;EUR;XS;NON;-;Euronext;2026-08-04
XS2183935274;INVETCSGLEIMETFP;SGLE;ETF;ETF Plus;EUR;XS;NON;-;Euronext;2026-08-04
XS2297550308;LS -1X PAYPAL;SPYP;ETF;Euronext Amsterdam;EUR;XS;NON;-;Euronext;2026-08-04
XS2297552932;LS -1X SQUARE;SSQ;ETF;Euronext Amsterdam;EUR;XS;NON;-;Euronext;2026-08-04
XS2297553153;LS -1X GOLDMAN;GSSS;ETF;Euronext Amsterdam;EUR;XS;NON;-;Euronext;2026-08-04
XS2297636107;LS 3X BP;3BP;ETF;Euronext Amsterdam;EUR;XS;NON;-;Euronext;2026-08-04
XS2335553801;3X DIS;3DIS;ETF;Euronext Amsterdam;EUR;XS;NON;-;Euronext;2026-08-04
XS2337085422;-1X SHORT DIS;SDIS;ETF;Euronext Amsterdam;EUR;XS;NON;-;Euronext;2026-08-04
XS2337090422;3X AMD;3AMD;ETF;Euronext Amsterdam | ETF Plus;EUR;XS;NON;-;Euronext;2026-08-04
XS2337090851;3X BABA;3BAB;ETF;Euronext Amsterdam | ETF Plus;EUR;XS;NON;-;Euronext;2026-08-04
XS2337092550;LEVETNISTUBRETFP;3UBR;ETF;ETF Plus;EUR;XS;NON;-;Euronext;2026-08-04
XS2337093798;1X TSLA;TSLA;ETF;Euronext Amsterdam;EUR;XS;NON;-;Euronext;2026-08-04
XS2337100163;1X GOOG;GOOG;ETF;Euronext Amsterdam;EUR;XS;NON;-;Euronext;2026-08-04
XS2337100320;1X MSFT;MSFT;ETF;Euronext Amsterdam;EUR;XS;NON;-;Euronext;2026-08-04
XS2337104231;1X AMZN;AMZN;ETF;Euronext Amsterdam;EUR;XS;NON;-;Euronext;2026-08-04
XS2338070282;1X COIN;COIB;ETF;Euronext Amsterdam;EUR;XS;NON;-;Euronext;2026-08-04
XS2353177293;HANETCCO2IMETFP;CO2;ETF;ETF Plus;EUR;XS;NON;-;Euronext;2026-08-04
XS2399364152;5x Long QQQ;5QQQ;ETF;Euronext Amsterdam | ETF Plus;EUR;XS;NON;-;Euronext;2026-08-04
XS2399364582;5x Long SPY;5SPY;ETF;Euronext Amsterdam | ETF Plus;EUR;XS;NON;-;Euronext;2026-08-04
XS2399365043;3x Long TSM;3TSM;ETF;Euronext Amsterdam;EUR;XS;NON;-;Euronext;2026-08-04
XS2399367254;3x Long Coinbase;3CON;ETF;Euronext Amsterdam | ETF Plus;EUR;XS;NON;-;Euronext;2026-08-04
XS2399367502;3x Semiconduct;3SMH;ETF;Euronext Amsterdam;EUR;XS;NON;-;Euronext;2026-08-04
XS2399368062;ARK GENOMIC 1X;1ARKG;ETF;Euronext Amsterdam;EUR;XS;NON;-;Euronext;2026-08-04
XS2399368575;ARK INTERNET 1X;1ARKW;ETF;Euronext Amsterdam;EUR;XS;NON;-;Euronext;2026-08-04
XS2399369037;ARK INNOVATION 1X;1ARKK;ETF;Euronext Amsterdam;EUR;XS;NON;-;Euronext;2026-08-04
XS2399369110;2x Long Berkshire;2BRK;ETF;Euronext Amsterdam;EUR;XS;NON;-;Euronext;2026-08-04
XS2399369896;3x Gold Miners;3GDX;ETF;Euronext Amsterdam;EUR;XS;NON;-;Euronext;2026-08-04
XS2425312480;SG ETNDAXSH3ETFP;DAX3S;ETF;ETF Plus;EUR;XS;NON;-;Euronext;2026-08-04
XS2425312563;SG ETNUNITAETFP;UNI3L;ETF;ETF Plus;EUR;XS;NON;-;Euronext;2026-08-04
XS2425312720;SG ETNHSCEINETFP;HSC3L;ETF;ETF Plus;EUR;XS;NON;-;Euronext;2026-08-04
XS2425313538;SG ETNHSCETRETFP;HSC3S;ETF;ETF Plus;EUR;XS;NON;-;Euronext;2026-08-04
XS2425314429;SG ETCFNGASETFP;NGA3S;ETF;ETF Plus;EUR;XS;NON;-;Euronext;2026-08-04
XS2425314692;SG ETCFNGASETFP;GAS1S;ETF;ETF Plus;EUR;XS;NON;-;Euronext;2026-08-04
XS2425314858;SG ETCFWTIETFP;WTI2L;ETF;ETF Plus;EUR;XS;NON;-;Euronext;2026-08-04
XS2425314932;SG ETCFWTIETFP;WTI2S;ETF;ETF Plus;EUR;XS;NON;-;Euronext;2026-08-04
XS2425315152;SG ETNNFLAIMETFP;INFLA;ETF;ETF Plus;EUR;XS;NON;-;Euronext;2026-08-04
XS2425315236;SG ETNNA100TETFP;NDQ3L;ETF;ETF Plus;EUR;XS;NON;-;Euronext;2026-08-04
XS2425315665;SG ETCFBRENETFP;BRE2S;ETF;ETF Plus;EUR;XS;NON;-;Euronext;2026-08-04
XS2425315749;SG ETNYDROIMETFP;H1DRO;ETF;ETF Plus;EUR;XS;NON;-;Euronext;2026-08-04
XS2425316044;SG ETNFUTOATETFP;OATS5;ETF;ETF Plus;EUR;XS;NON;-;Euronext;2026-08-04
XS2425316713;SG ETNETAVIMETFP;METAV;ETF;ETF Plus;EUR;XS;NON;-;Euronext;2026-08-04
XS2425316804;SG ETNPX3SIMETFP;SPX3S;ETF;ETF Plus;EUR;XS;NON;-;Euronext;2026-08-04
XS2425317109;SG ETCFWTIETFP;WTIS1;ETF;ETF Plus;EUR;XS;NON;-;Euronext;2026-08-04
XS2425317448;SG ETCFOROETFP;GOL3S;ETF;ETF Plus;EUR;XS;NON;-;Euronext;2026-08-04
XS2425317794;SG ETNMIBESRETFP;MIBESG;ETF;ETF Plus;EUR;XS;NON;-;Euronext;2026-08-04
XS2425317877;SG ETCFBRENETFP;BRE3S;ETF;ETF Plus;EUR;XS;NON;-;Euronext;2026-08-04
XS2425318099;SG ETCFOROETFP;GOL1S;ETF;ETF Plus;EUR;XS;NON;-;Euronext;2026-08-04
XS2425318172;SG ETNFBTPETFP;BTPS5;ETF;ETF Plus;EUR;XS;NON;-;Euronext;2026-08-04
XS2425318339;SG ETCFARGETFP;SIL1S;ETF;ETF Plus;EUR;XS;NON;-;Euronext;2026-08-04
XS2425318412;SG ETCFOROETFP;GOL3L;ETF;ETF Plus;EUR;XS;NON;-;Euronext;2026-08-04
XS2425318685;SG ETCFRAMUKETFP;RAM3S;ETF;ETF Plus;EUR;XS;NON;-;Euronext;2026-08-04
XS2425318768;SG ETCFBRENETFP;BRE3L;ETF;ETF Plus;EUR;XS;NON;-;Euronext;2026-08-04
XS2425318925;SG ETNST5SIMETFP;UST5S;ETF;ETF Plus;EUR;XS;NON;-;Euronext;2026-08-04
XS2425319147;SG ETNST5SIMETFP;UST5L;ETF;ETF Plus;EUR;XS;NON;-;Euronext;2026-08-04
XS2425319493;SG ETCFRAMUKETFP;RAM3L;ETF;ETF Plus;EUR;XS;NON;-;Euronext;2026-08-04
XS2425319659;SG ETCFBRENETFP;BRE2L;ETF;ETF Plus;EUR;XS;NON;-;Euronext;2026-08-04
XS2425319733;SG ETCFNGASETFP;NGA3L;ETF;ETF Plus;EUR;XS;NON;-;Euronext;2026-08-04
XS2425319816;SG ETNFMUSTRETFP;MIB3S;ETF;ETF Plus;EUR;XS;NON;-;Euronext;2026-08-04
XS2425320152;SG ETCFNGASETFP;NGA2L;ETF;ETF Plus;EUR;XS;NON;-;Euronext;2026-08-04
XS2425320236;SG ETNCARSIMETFP;ECARS;ETF;ETF Plus;EUR;XS;NON;-;Euronext;2026-08-04
XS2425320319;SG ETNNA100TETFP;NDQ3S;ETF;ETF Plus;EUR;XS;NON;-;Euronext;2026-08-04
XS2425320400;SG ETCFNGASETFP;GAS2S;ETF;ETF Plus;EUR;XS;NON;-;Euronext;2026-08-04
XS2425320582;SG ETNFBTPETFP;BTPS1;ETF;ETF Plus;EUR;XS;NON;-;Euronext;2026-08-04
XS2425320665;SG ETNFUTOATETFP;OATL5;ETF;ETF Plus;EUR;XS;NON;-;Euronext;2026-08-04
XS2425320749;SG ETNURAMIMETFP;URAM;ETF;ETF Plus;EUR;XS;NON;-;Euronext;2026-08-04
XS2425321390;SG ETNSP500TETFP;SPX3L;ETF;ETF Plus;EUR;XS;NON;-;Euronext;2026-08-04
XS2425321473;SG ETCFBRENETFP;BRES1;ETF;ETF Plus;EUR;XS;NON;-;Euronext;2026-08-04
XS2425321556;SG ETCFWTIETFP;WTI3S;ETF;ETF Plus;EUR;XS;NON;-;Euronext;2026-08-04
XS2425321630;SG ETCFARGETFP;SIL3S;ETF;ETF Plus;EUR;XS;NON;-;Euronext;2026-08-04
XS2425321713;SG ETNBUNDFUETFP;BUNDS5;ETF;ETF Plus;EUR;XS;NON;-;Euronext;2026-08-04
XS2425321804;SG ETCFWTIETFP;WTI3L;ETF;ETF Plus;EUR;XS;NON;-;Euronext;2026-08-04
XS2425321986;SG ETCFARGETFP;SIL3L;ETF;ETF Plus;EUR;XS;NON;-;Euronext;2026-08-04
XS2425322018;SG ETNBUNDFUETFP;BUNDL5;ETF;ETF Plus;EUR;XS;NON;-;Euronext;2026-08-04
XS2425322794;SG ETNFBTPETFP;BTPL5;ETF;ETF Plus;EUR;XS;NON;-;Euronext;2026-08-04
XS2425842106;WISETCWATTIMETFP;WATT;ETF;ETF Plus;EUR;XS;NON;-;Euronext;2026-08-04
XS2425848053;WISETCWENTIMETFP;WENT;ETF;ETF Plus | Euronext Paris;EUR;XS;NON;-;Euronext;2026-08-04
XS2427354985;WISETNMIBNTRETFP;WMIB;ETF;ETF Plus;EUR;XS;NON;-;Euronext;2026-08-04
XS2427355958;WISETNPESGITETFP;WSPX;ETF;ETF Plus;EUR;XS;NON;-;Euronext;2026-08-04
XS2427362145;WISETNWS5XIMETFP;WS5X;ETF;ETF Plus;EUR;XS;NON;-;Euronext;2026-08-04
XS2427363036;WISETNTRVLIMETFP;2TRV;ETF;ETF Plus;EUR;XS;NON;-;Euronext;2026-08-04
XS2427363895;WISETNAUTPIMETFP;2CAR;ETF;ETF Plus;EUR;XS;NON;-;Euronext;2026-08-04
XS2427474023;WISETN2OIGIMETFP;2OIG;ETF;ETF Plus;EUR;XS;NON;-;Euronext;2026-08-04
XS2434891219;FIDETNFIDBTCETFP;FBTC;ETF;ETF Plus;EUR;XS;NON;-;Euronext;2026-08-04
XS2435549261;GRAETN3LPOIMETFP;3LPO;ETF;ETF Plus;EUR;XS;NON;-;Euronext;2026-08-04
XS2435550947;GRAETN3LCRIMETFP;3LCR;ETF;ETF Plus;EUR;XS;NON;-;Euronext;2026-08-04
XS2435551598;GRAETN3LSPIMETFP;3LSP;ETF;ETF Plus;EUR;XS;NON;-;Euronext;2026-08-04
XS2437455608;WISETN2STRIMETFP;2STR;ETF;ETF Plus;EUR;XS;NON;-;Euronext;2026-08-04
XS2497911219;EDR COPG COGLD;COGLD;ETF;Euronext Amsterdam - Multi-currency Trading | Oslo Børs;USD;XS;NON;-;Euronext;2026-08-04
XS2531767502;GRAETNFMLO5XETFP;5MIB;ETF;ETF Plus;EUR;XS;NON;-;Euronext;2026-08-04
XS2531767767;GRAETN5FMIBXETFP;5SIT;ETF;ETF Plus;EUR;XS;NON;-;Euronext;2026-08-04
XS2575914176;GRAETN3LCOIMETFP;3LCO;ETF;ETF Plus;EUR;XS;NON;-;Euronext;2026-08-04
XS2595673190;LEVETNIX3XRAETFP;3RAC;ETF;ETF Plus;EUR;XS;NON;-;Euronext;2026-08-04
XS2595673786;LEVETNIX3IRAETFP;3SRA;ETF;ETF Plus;EUR;XS;NON;-;Euronext;2026-08-04
XS2595675724;LEVETNFAANGTETFP;FAAN;ETF;ETF Plus;EUR;XS;NON;-;Euronext;2026-08-04
XS2596085972;GRAETN3LSQIMETFP;3LSQ;ETF;ETF Plus;EUR;XS;NON;-;Euronext;2026-08-04
XS2596087671;GRAETN3LPPIMETFP;3LPP;ETF;ETF Plus;EUR;XS;NON;-;Euronext;2026-08-04
XS2617255760;GRAETN3LMIIMETFP;3LMI;ETF;ETF Plus;EUR;XS;NON;-;Euronext;2026-08-04
XS2637076568;WISETNSX7EGTETFP;3BAS;ETF;ETF Plus;EUR;XS;NON;-;Euronext;2026-08-04
XS2637077020;WT CAC 40 3x DL;3CAC;ETF;Euronext Paris;EUR;XS;NON;-;Euronext;2026-08-04
XS2637077533;WT CAC 40 3x DS;3CAS;ETF;Euronext Paris;EUR;XS;NON;-;Euronext;2026-08-04
XS2656469561;GRAETN3LFBIMETFP;3LFB;ETF;ETF Plus;EUR;XS;NON;-;Euronext;2026-08-04
XS2656472193;GRAETN3LTSIMETFP;3LTS;ETF;ETF Plus;EUR;XS;NON;-;Euronext;2026-08-04
XS2662640627;GRAETN3LMSIMETFP;3LMS;ETF;ETF Plus;EUR;XS;NON;-;Euronext;2026-08-04
XS2662640973;GRAETN3LUBIMETFP;3LUB;ETF;ETF Plus;EUR;XS;NON;-;Euronext;2026-08-04
XS2662641195;GRAETN3SAPIMETFP;3SAP;ETF;ETF Plus;EUR;XS;NON;-;Euronext;2026-08-04
XS2663694680;3X PLTR;3PLT;ETF;Euronext Amsterdam | ETF Plus;EUR;XS;NON;-;Euronext;2026-08-04
XS2663694847;3x Long ARKK;3ARKK;ETF;Euronext Amsterdam;EUR;XS;NON;-;Euronext;2026-08-04
XS2663695067;LEVETN3PYPIMETFP;3PYP;ETF;ETF Plus | Euronext Amsterdam;EUR;XS;NON;-;Euronext;2026-08-04
XS2671672223;GRAETN3SALIMETFP;3SAL;ETF;ETF Plus;EUR;XS;NON;-;Euronext;2026-08-04
XS2671672819;GRAETN3SFBIMETFP;3SFB;ETF;ETF Plus;EUR;XS;NON;-;Euronext;2026-08-04
XS2671672900;GRAETN3SZNIMETFP;3SZN;ETF;ETF Plus;EUR;XS;NON;-;Euronext;2026-08-04
XS2675292218;GRAETN3LZNIMETFP;3LZN;ETF;ETF Plus;EUR;XS;NON;-;Euronext;2026-08-04
XS2675292309;GRAETN3LALIMETFP;3LAL;ETF;ETF Plus;EUR;XS;NON;-;Euronext;2026-08-04
XS2675718139;LEVETNIX3XSQETFP;3SQ;ETF;ETF Plus | Euronext Amsterdam;EUR;XS;NON;-;Euronext;2026-08-04
XS2675718642;3X JD;3JD;ETF;Euronext Amsterdam;EUR;XS;NON;-;Euronext;2026-08-04
XS2675739135;LEVETNIX3XNFETFP;3NFL;ETF;ETF Plus | Euronext Amsterdam;EUR;XS;NON;-;Euronext;2026-08-04
XS2679084603;GRAETNFANGIMETFP;FANG;ETF;ETF Plus;EUR;XS;NON;-;Euronext;2026-08-04
XS2679090162;GRAETNSFNGIMETFP;SFNG;ETF;ETF Plus;EUR;XS;NON;-;Euronext;2026-08-04
XS2679091996;GRAETN3FNGIMETFP;3FNG;ETF;ETF Plus;EUR;XS;NON;-;Euronext;2026-08-04
XS2691006303;LEVETNIX3XARETFP;ARM3;ETF;ETF Plus;EUR;XS;NON;-;Euronext;2026-08-04
XS2691037282;LEVETCCOILQ4ETFP;BRENT;ETF;ETF Plus;EUR;XS;NON;-;Euronext;2026-08-04
XS2691037878;LEVETCCLN4ETFP;WTI;ETF;ETF Plus;EUR;XS;NON;-;Euronext;2026-08-04
XS2691038843;LEVETCMGN4ETFP;GAS;ETF;ETF Plus;EUR;XS;NON;-;Euronext;2026-08-04
XS2702787875;LEVETCHGN4ETFP;CPER;ETF;ETF Plus;EUR;XS;NON;-;Euronext;2026-08-04
XS2706221277;LS -2X TESLA;2STS;ETF;Euronext Amsterdam;EUR;XS;NON;-;Euronext;2026-08-04
XS2722160707;GRAETN3SMSIMETFP;3SMS;ETF;ETF Plus;EUR;XS;NON;-;Euronext;2026-08-04
XS2722161424;GRAETN3LAPIMETFP;3LAP;ETF;ETF Plus;EUR;XS;NON;-;Euronext;2026-08-04
XS2734938835;GRAETN3LNVIMETFP;3LNV;ETF;ETF Plus;EUR;XS;NON;-;Euronext;2026-08-04
XS2757381400;LEVETN3TSLIMETFP;3TSL;ETF;ETF Plus | Euronext Amsterdam;EUR;XS;NON;-;Euronext;2026-08-04
XS2757381749;LEVETN3BIDIMETFP;3BID;ETF;ETF Plus;EUR;XS;NON;-;Euronext;2026-08-04
XS2771500696;WISETNFTSEMIETFP;5ITL;ETF;ETF Plus;EUR;XS;NON;-;Euronext;2026-08-04
XS2771502718;WISETNSX5GT5ETFP;5EUS;ETF;ETF Plus;EUR;XS;NON;-;Euronext;2026-08-04
XS2771503104;WISETNSX5TDLETFP;5EUL;ETF;ETF Plus;EUR;XS;NON;-;Euronext;2026-08-04
XS2771611840;WISETNBNSXFTETFP;QS5S;ETF;ETF Plus;EUR;XS;NON;-;Euronext;2026-08-04
XS2771642134;WISETNBNSXFTETFP;QS5L;ETF;ETF Plus;EUR;XS;NON;-;Euronext;2026-08-04
XS2771642308;WISETNSPXFPEETFP;5USS;ETF;ETF Plus;EUR;XS;NON;-;Euronext;2026-08-04
XS2771642720;WISETNFTMIBGETFP;5ITS;ETF;ETF Plus;EUR;XS;NON;-;Euronext;2026-08-04
XS2771643025;WISETNSPXFPEETFP;5USL;ETF;ETF Plus;EUR;XS;NON;-;Euronext;2026-08-04
XS2779861082;LEVETNIX4XICETFP;SOXL;ETF;ETF Plus;EUR;XS;NON;-;Euronext;2026-08-04
XS2779861249;LEVETNIX5XSOETFP;MAG7;ETF;ETF Plus;EUR;XS;NON;-;Euronext;2026-08-04
XS2779861595;LEVETNIX3XISETFP;MAGS;ETF;ETF Plus;EUR;XS;NON;-;Euronext;2026-08-04
XS2779861751;LEVETNIX3XSOETFP;GPT3;ETF;ETF Plus;EUR;XS;NON;-;Euronext;2026-08-04
XS2800709128;3x China Tech;3KWE;ETF;Euronext Amsterdam;EUR;XS;NON;-;Euronext;2026-08-04
XS2819843223;WISETC3NGSIMETFP;3NGS;ETF;ETF Plus;EUR;XS;NON;-;Euronext;2026-08-04
XS2819843736;WISETNVIXLIMETFP;VIXL;ETF;ETF Plus | Euronext Paris;EUR;XS;NON;-;Euronext;2026-08-04
XS2819843900;WISETC3NGSIMETFP;3NGL;ETF;ETF Plus;EUR;XS;NON;-;Euronext;2026-08-04
XS2819844031;WISETNFMUSTRETFP;3ITS;ETF;ETF Plus;EUR;XS;NON;-;Euronext;2026-08-04
XS2819844387;WISETC3OILIMETFP;3OIS;ETF;ETF Plus;EUR;XS;NON;-;Euronext;2026-08-04
XS2820604770;LEVETN3NVDIMETFP;3NVD;ETF;ETF Plus | Euronext Amsterdam;EUR;XS;NON;-;Euronext;2026-08-04
XS2820604853;LS 2X NVIDIA;2NVD;ETF;Euronext Amsterdam;EUR;XS;NON;-;Euronext;2026-08-04
XS2820605157;LS 2X APPLE;2AAP;ETF;Euronext Amsterdam;EUR;XS;NON;-;Euronext;2026-08-04
XS2820605314;LS 2X MSFT;2MSF;ETF;Euronext Amsterdam;EUR;XS;NON;-;Euronext;2026-08-04
XS2836701123;GRAETN3SSQIMETFP;3SSQ;ETF;ETF Plus;EUR;XS;NON;-;Euronext;2026-08-04
XS2838543614;GRAETN3SMOIMETFP;3SMO;ETF;ETF Plus;EUR;XS;NON;-;Euronext;2026-08-04
XS2842095320;GRAETN3LAAIMETFP;3LAA;ETF;ETF Plus;EUR;XS;NON;-;Euronext;2026-08-04
XS2842095676;GRAETN3SNVIMETFP;3SNV;ETF;ETF Plus;EUR;XS;NON;-;Euronext;2026-08-04
XS2842095759;GRAETN3SAAIMETFP;3SAA;ETF;ETF Plus;EUR;XS;NON;-;Euronext;2026-08-04
XS2846982663;GRAETN3SCRIMETFP;3SCR;ETF;ETF Plus;EUR;XS;NON;-;Euronext;2026-08-04
XS2846983042;GRAETN3SSPIMETFP;3SSP;ETF;ETF Plus;EUR;XS;NON;-;Euronext;2026-08-04
XS2852999429;LEVETNTSLAXAMS;TSLY;ETF;Euronext Amsterdam;EUR;XS;NON;-;Euronext;2026-08-04
XS2852999692;LEVETNNVDAXAMS;NVDY;ETF;Euronext Amsterdam;EUR;XS;NON;-;Euronext;2026-08-04
XS2852999775;LEVETNXAUUSDXAMS;GLDY;ETF;Euronext Amsterdam;EUR;XS;NON;-;Euronext;2026-08-04
XS2856105833;GRAETN3LPAIMETFP;3LPA;ETF;ETF Plus;EUR;XS;NON;-;Euronext;2026-08-04
XS2856106302;GRAETN3LNFIMETFP;3LNF;ETF;ETF Plus;EUR;XS;NON;-;Euronext;2026-08-04
XS2872232850;WISETNSXRAROETFP;3EDF;ETF;ETF Plus;EUR;XS;NON;-;Euronext;2026-08-04
XS2872233403;WISETCBNPIW0ETFP;TTFW;ETF;ETF Plus;EUR;XS;NON;-;Euronext;2026-08-04
XS2875105608;LEVETNNDXXAMS;QQQY;ETF;Euronext Amsterdam;EUR;XS;NON;-;Euronext;2026-08-04
XS2875106242;LEVETNINXXAMS;SPYY;ETF;Euronext Amsterdam;EUR;XS;NON;-;Euronext;2026-08-04
XS2879867773;KRAETCGLCARBETFP;KRBN;ETF;ETF Plus;EUR;XS;NON;-;Euronext;2026-08-04
XS2892963286;HANETCXGDEIMETFP;RMEH;ETF;ETF Plus;EUR;XS;NON;-;Euronext;2026-08-04
XS2901884408;LEVETNAMZNXAMS;AMZY;ETF;Euronext Amsterdam;EUR;XS;NON;-;Euronext;2026-08-04
XS2901884663;LEVETNAAPLXAMS;AAPY;ETF;Euronext Amsterdam;EUR;XS;NON;-;Euronext;2026-08-04
XS2901885041;LEVETNGOOGXAMS;GOOY;ETF;Euronext Amsterdam;EUR;XS;NON;-;Euronext;2026-08-04
XS2901885553;LEVETNMETAXAMS;METY;ETF;Euronext Amsterdam;EUR;XS;NON;-;Euronext;2026-08-04
XS2901886288;LEVETNMSFTXAMS;MSFY;ETF;Euronext Amsterdam;EUR;XS;NON;-;Euronext;2026-08-04
XS2901886445;LEVETNCOINXAMS;COIY;ETF;Euronext Amsterdam;EUR;XS;NON;-;Euronext;2026-08-04
XS2940466316;iShETNBRRETFP;IB1T;ETF;ETF Plus | Euronext Amsterdam - Multi-currency Trading | Euronext Paris;EUR;XS;NON;-;Euronext;2026-08-04
XS2944874416;LEVETNIS3INVETFP;SNV3;ETF;ETF Plus;EUR;XS;NON;-;Euronext;2026-08-04
XS2944880066;-3x Short TSM;STSM;ETF;Euronext Amsterdam;EUR;XS;NON;-;Euronext;2026-08-04
XS2944886188;LS -1X NVIDIA;SNVD;ETF;Euronext Amsterdam;EUR;XS;NON;-;Euronext;2026-08-04
XS2944886931;LS -1X TESLA;STSL;ETF;Euronext Amsterdam;EUR;XS;NON;-;Euronext;2026-08-04
XS2944889109;LEVETNIX2XSOETFP;SMCI;ETF;ETF Plus;EUR;XS;NON;-;Euronext;2026-08-04
XS2970736307;LEVETNIXE3XSETFP;SMST;ETF;ETF Plus;EUR;XS;NON;-;Euronext;2026-08-04
XS2970736489;3x Long NIO;3NIO;ETF;Euronext Amsterdam | ETF Plus;EUR;XS;NON;-;Euronext;2026-08-04
XS3003323741;WISETNSXGRARETFP;3EDS;ETF;ETF Plus;EUR;XS;NON;-;Euronext;2026-08-04
XS3003324129;WISETNRU2000ETFP;WRTY;ETF;ETF Plus;EUR;XS;NON;-;Euronext;2026-08-04
XS3003325795;WISETNNSDQETFP;WNAS;ETF;ETF Plus;EUR;XS;NON;-;Euronext;2026-08-04
XS3005160091;LEVETN3MRNIMETFP;3MRN;ETF;ETF Plus;EUR;XS;NON;-;Euronext;2026-08-04
XS3022291473;WISETCBNPIF7ETFP;CRRY;ETF;ETF Plus;EUR;XS;NON;-;Euronext;2026-08-04
XS3037640110;LEVETNIX3IBAETFP;SBA3;ETF;ETF Plus;EUR;XS;NON;-;Euronext;2026-08-04
XS3068761710;LEVETNMAGSEVXAMS;MAGY;ETF;Euronext Amsterdam;EUR;XS;NON;-;Euronext;2026-08-04
XS3068771271;LEVETNTLTXAMS;TLTY;ETF;Euronext Amsterdam;EUR;XS;NON;-;Euronext;2026-08-04
XS3068774614;LEVETNXAGUSDXAMS;SLVY;ETF;Euronext Amsterdam;EUR;XS;NON;-;Euronext;2026-08-04
XS3068774887;LEVETNBABAXAMS;BABY;ETF;Euronext Amsterdam;EUR;XS;NON;-;Euronext;2026-08-04
XS3068775009;LEVETNPLTRXAMS;PLTY;ETF;Euronext Amsterdam;EUR;XS;NON;-;Euronext;2026-08-04
XS3068775264;LEVETNMSTRXAMS;MSTI;ETF;Euronext Amsterdam;EUR;XS;NON;-;Euronext;2026-08-04
XS3068775694;LEVETNAMDXAMS;AMDY;ETF;Euronext Amsterdam;EUR;XS;NON;-;Euronext;2026-08-04
XS3068776312;LEVETNAVGOXAMS;AVGY;ETF;Euronext Amsterdam;EUR;XS;NON;-;Euronext;2026-08-04
XS3068786386;LEVETNFTMIBETFP;MIB5;ETF;ETF Plus;EUR;XS;NON;-;Euronext;2026-08-04
XS3068786543;LEVETNFTMIBETFP;MIBS;ETF;ETF Plus;EUR;XS;NON;-;Euronext;2026-08-04
XS3068786626;LEVETNENX3XLETFP;LLY3;ETF;ETF Plus;EUR;XS;NON;-;Euronext;2026-08-04
XS3068786972;LEVETNENX3XSETFP;LLYS;ETF;ETF Plus;EUR;XS;NON;-;Euronext;2026-08-04
XS3068788838;LEVETNENX3XLETFP;INT3;ETF;ETF Plus;EUR;XS;NON;-;Euronext;2026-08-04
XS3068789307;LEVETNENX3XLETFP;AVG3;ETF;ETF Plus;EUR;XS;NON;-;Euronext;2026-08-04
XS3068789562;LEVETNENX3XSETFP;AVOS;ETF;ETF Plus;EUR;XS;NON;-;Euronext;2026-08-04
XS3068789729;LEVETNENX3XLETFP;HOD3;ETF;ETF Plus;EUR;XS;NON;-;Euronext;2026-08-04
XS3068790065;LEVETNENX3XLETFP;ASL3;ETF;ETF Plus;EUR;XS;NON;-;Euronext;2026-08-04
XS3068790222;LEVETNENX3XSETFP;ASMS;ETF;ETF Plus;EUR;XS;NON;-;Euronext;2026-08-04
XS3068790651;LEVETNFAANGTXAMS;FAN3;ETF;Euronext Amsterdam;EUR;XS;NON;-;Euronext;2026-08-04
XS3069873134;GRAETN3SMIIMETFP;3SMI;ETF;ETF Plus;EUR;XS;NON;-;Euronext;2026-08-04
XS3069876582;GRAETN3SPAIMETFP;3SPA;ETF;ETF Plus;EUR;XS;NON;-;Euronext;2026-08-04
XS3069877556;GRAETN3LMOIMETFP;3LMO;ETF;ETF Plus;EUR;XS;NON;-;Euronext;2026-08-04
XS3069879768;GRAETN3SNIIMETFP;3SNI;ETF;ETF Plus;EUR;XS;NON;-;Euronext;2026-08-04
XS3075487044;GRAETN3LNIIMETFP;3LNI;ETF;ETF Plus;EUR;XS;NON;-;Euronext;2026-08-04
XS3075487556;GRAETN3STSIMETFP;3STS;ETF;ETF Plus;EUR;XS;NON;-;Euronext;2026-08-04
XS3075487713;GRAETN3LAMIMETFP;3LAM;ETF;ETF Plus;EUR;XS;NON;-;Euronext;2026-08-04
XS3075487986;GRAETN3SNFIMETFP;3SNF;ETF;ETF Plus;EUR;XS;NON;-;Euronext;2026-08-04
XS3087774306;HANETCMSTYXPAR;MSTY;ETF;Euronext Paris;EUR;XS;NON;-;Euronext;2026-08-04
XS3091646797;WISETNXSOXETFP;SC3S;ETF;ETF Plus;EUR;XS;NON;-;Euronext;2026-08-04
XS3091654114;WISETNWTUSBLETFP;3MG7;ETF;ETF Plus;EUR;XS;NON;-;Euronext;2026-08-04
XS3091657307;WISETNWTUSBTETFP;3M7S;ETF;ETF Plus;EUR;XS;NON;-;Euronext;2026-08-04
XS3091657729;WISETNSOXNTRETFP;3SEM;ETF;ETF Plus;EUR;XS;NON;-;Euronext;2026-08-04
XS3091985815;LEVETNENX3XLETFP;UNH3;ETF;ETF Plus;EUR;XS;NON;-;Euronext;2026-08-04
XS3103698299;LEVETNEN3XLGETFP;RHM3;ETF;ETF Plus;EUR;XS;NON;-;Euronext;2026-08-04
XS3107205695;-3X ARK INNOVATION;SARKK;ETF;Euronext Amsterdam;EUR;XS;NON;-;Euronext;2026-08-04
XS3107206156;LEVETNIX3ICOETFP;S3CO;ETF;ETF Plus;EUR;XS;NON;-;Euronext;2026-08-04
XS3135031279;-3X SHORT TSLA;TSLQ;ETF;Euronext Amsterdam | ETF Plus;EUR;XS;NON;-;Euronext;2026-08-04
XS3142919219;LEVETNINXXAMS;ADPT;ETF;Euronext Amsterdam;EUR;XS;NON;-;Euronext;2026-08-04
XS3151431957;WISETN500HITETFP;WSPE;ETF;ETF Plus;EUR;XS;NON;-;Euronext;2026-08-04
XS3151433813;WISETNBNPIWRETFP;WWRD;ETF;ETF Plus;EUR;XS;NON;-;Euronext;2026-08-04
XS3172423520;-1X SHORT PLTR;SPLR;ETF;Euronext Amsterdam;EUR;XS;NON;-;Euronext;2026-08-04
XS3218061631;HANETCULTYXPAR;ULTE;ETF;Euronext Paris;EUR;XS;NON;-;Euronext;2026-08-04
XS3231939599;LEVETNIX4XIIETFP;SOXS;ETF;ETF Plus;EUR;XS;NON;-;Euronext;2026-08-04
XS3246967098;WISETCBNPIF7ETFP;CRRE;ETF;ETF Plus;EUR;XS;NON;-;Euronext;2026-08-04
XS3299458714;LEVETNUNGETFP;NGL3;ETF;ETF Plus | Euronext Amsterdam;EUR;XS;NON;-;Euronext;2026-08-04
XS3299459951;LEVETNUNGETFP;UNGS;ETF;ETF Plus | Euronext Amsterdam;EUR;XS;NON;-;Euronext;2026-08-04
XS3299460611;LEVETNUSOETFP;WTI3;ETF;ETF Plus | Euronext Amsterdam;EUR;XS;NON;-;Euronext;2026-08-04
XS3299460702;LEVETNUSOETFP;WTOS;ETF;ETF Plus | Euronext Amsterdam;EUR;XS;NON;-;Euronext;2026-08-04
XS3299460884;LEVETNCPERETFP;CUL3;ETF;ETF Plus | Euronext Amsterdam;EUR;XS;NON;-;Euronext;2026-08-04
XS3299460967;LEVETNCPERETFP;CPRS;ETF;ETF Plus | Euronext Amsterdam;EUR;XS;NON;-;Euronext;2026-08-04
XS3299461189;LEVETNGLDXAMS;GLD5;ETF;Euronext Amsterdam;EUR;XS;NON;-;Euronext;2026-08-04
XS3299461262;LEVETNUX1XAMS;URA3;ETF;Euronext Amsterdam;EUR;XS;NON;-;Euronext;2026-08-04
XS3299461346;LEVETNUX1XAMS;URAS;ETF;Euronext Amsterdam;EUR;XS;NON;-;Euronext;2026-08-04
XS3299461692;LEVETNNBISXAMS;NBI3;ETF;Euronext Amsterdam;EUR;XS;NON;-;Euronext;2026-08-04
XS3299462070;LEVETNSNDKXAMS;SND3;ETF;Euronext Amsterdam;EUR;XS;NON;-;Euronext;2026-08-04
XS3299462153;LEVETNQCOMXAMS;QCO3;ETF;Euronext Amsterdam;EUR;XS;NON;-;Euronext;2026-08-04
XS3299463045;LEVETNKLACXAMS;KLA3;ETF;Euronext Amsterdam;EUR;XS;NON;-;Euronext;2026-08-04
XS3299463128;LEVETNADIXAMS;ADI3;ETF;Euronext Amsterdam;EUR;XS;NON;-;Euronext;2026-08-04
XS3299464019;LEVETNIRENXAMS;IRN3;ETF;Euronext Amsterdam;EUR;XS;NON;-;Euronext;2026-08-04
XS3299464100;LEVETNCRCLXAMS;CRC3;ETF;Euronext Amsterdam;EUR;XS;NON;-;Euronext;2026-08-04
XS3299464282;LEVETNCRWVXAMS;CRW3;ETF;Euronext Amsterdam;EUR;XS;NON;-;Euronext;2026-08-04
XS3299464365;LEVETNE3LORXAMS;ORC3;ETF;Euronext Amsterdam;EUR;XS;NON;-;Euronext;2026-08-04
XS3299464795;LEVETNIONQXAMS;ION3;ETF;Euronext Amsterdam;EUR;XS;NON;-;Euronext;2026-08-04
XS3299465172;LEVETNBNMRXAMS;BMNY;ETF;Euronext Amsterdam;EUR;XS;NON;-;Euronext;2026-08-04
XS3299465412;LEVETNSMCIXAMS;SMCY;ETF;Euronext Amsterdam;EUR;XS;NON;-;Euronext;2026-08-04
XS3299465503;LEVETNQCOMXAMS;QCOY;ETF;Euronext Amsterdam;EUR;XS;NON;-;Euronext;2026-08-04
XS3299465768;LEVETNTXNXAMS;TXNY;ETF;Euronext Amsterdam;EUR;XS;NON;-;Euronext;2026-08-04
XS3299466063;LEVETNMRVLXAMS;MRVY;ETF;Euronext Amsterdam;EUR;XS;NON;-;Euronext;2026-08-04
XS3299466147;LEVETNAMATXAMS;AMAY;ETF;Euronext Amsterdam;EUR;XS;NON;-;Euronext;2026-08-04
XS3299466220;LEVETNLRCXXAMS;LRCY;ETF;Euronext Amsterdam;EUR;XS;NON;-;Euronext;2026-08-04
XS3299466493;LEVETNADIXAMS;ADIY;ETF;Euronext Amsterdam;EUR;XS;NON;-;Euronext;2026-08-04
XS3299466816;LEVETNIRENXAMS;IREY;ETF;Euronext Amsterdam;EUR;XS;NON;-;Euronext;2026-08-04
XS3299467897;LEVETNARMHXAMS;YARM;ETF;Euronext Amsterdam;EUR;XS;NON;-;Euronext;2026-08-04
XS3299468515;LEVETNINTCXAMS;INTY;ETF;Euronext Amsterdam;EUR;XS;NON;-;Euronext;2026-08-04
XS3299468788;LEVETNCRWVXAMS;CRWY;ETF;Euronext Amsterdam;EUR;XS;NON;-;Euronext;2026-08-04
XS3299468861;LEVETNCRCLXAMS;CRCY;ETF;Euronext Amsterdam;EUR;XS;NON;-;Euronext;2026-08-04
XS3299468945;LEVETNGLXYXAMS;GLXY;ETF;Euronext Amsterdam;EUR;XS;NON;-;Euronext;2026-08-04
XS3299469083;LEVETNMARAXAMS;MARY;ETF;Euronext Amsterdam;EUR;XS;NON;-;Euronext;2026-08-04
XS3299469166;LEVETNRIOTXAMS;RIOY;ETF;Euronext Amsterdam;EUR;XS;NON;-;Euronext;2026-08-04
XS3299469323;LEVETNASMLXAMS;ASMY;ETF;Euronext Amsterdam;EUR;XS;NON;-;Euronext;2026-08-04
XS3299469679;LEVETNBSKTXAMS;MLTY;ETF;Euronext Amsterdam;EUR;XS;NON;-;Euronext;2026-08-04
XS3299469752;LEVETNBSKTXAMS;SEMY;ETF;Euronext Amsterdam;EUR;XS;NON;-;Euronext;2026-08-04
XS3299469919;LEVETNBSKTXAMS;ARIY;ETF;Euronext Amsterdam;EUR;XS;NON;-;Euronext;2026-08-04
XS3299470099;LEVETNSPVXSTETFP;VIX2;ETF;ETF Plus;EUR;XS;NON;-;Euronext;2026-08-04
XS3299470172;LEVETNSILUSXAMS;SLM3;ETF;Euronext Amsterdam;EUR;XS;NON;-;Euronext;2026-08-04
XS3299470339;LEVETNSIL USXAMS;SLMS;ETF;Euronext Amsterdam;EUR;XS;NON;-;Euronext;2026-08-04
XS3299470503;LEVETNE3LOKXAMS;OKL3;ETF;Euronext Amsterdam;EUR;XS;NON;-;Euronext;2026-08-04
XS3299470768;LEVETNE3LRLXAMS;RKL3;ETF;Euronext Amsterdam;EUR;XS;NON;-;Euronext;2026-08-04
XS3299470842;LEVETNBSKTXAMS;BLC3;ETF;Euronext Amsterdam;EUR;XS;NON;-;Euronext;2026-08-04
XS3302918423;LEVETNBMNR UXAMS;BMN3;ETF;Euronext Amsterdam;EUR;XS;NON;-;Euronext;2026-08-04
XS3304269429;LEVETNIXE3XLETFP;3MST;ETF;ETF Plus;EUR;XS;NON;-;Euronext;2026-08-04
XS3304270351;LEVETNENX3XLETFP;HIM3;ETF;ETF Plus;EUR;XS;NON;-;Euronext;2026-08-04
XS3306516876;WISETC3SILIMETFP;3SIL;ETF;ETF Plus;EUR;XS;NON;-;Euronext;2026-08-04
XS3306516959;WISETC3HCLIMETFP;3HCS;ETF;ETF Plus;EUR;XS;NON;-;Euronext;2026-08-04
XS3306517098;WISETC3BRSIMETFP;3BRS;ETF;ETF Plus;EUR;XS;NON;-;Euronext;2026-08-04
XS3306517338;WISETNDAXSH3ETFP;3DES;ETF;ETF Plus;EUR;XS;NON;-;Euronext;2026-08-04
XS3306517502;WISETNEU50S3ETFP;3EUS;ETF;ETF Plus | Euronext Paris;EUR;XS;NON;-;Euronext;2026-08-04
XS3306517924;WISETC3SILIMETFP;3SIS;ETF;ETF Plus;EUR;XS;NON;-;Euronext;2026-08-04
XS3306518492;WISETNDAXLG3ETFP;3DEL;ETF;ETF Plus;EUR;XS;NON;-;Euronext;2026-08-04
XS3306518658;WISETNEU50L3ETFP;3EUL;ETF;ETF Plus | Euronext Paris;EUR;XS;NON;-;Euronext;2026-08-04
XS3306519201;WISETNFMIBBNETFP;ITBL;ETF;ETF Plus;EUR;XS;NON;-;Euronext;2026-08-04
XS3330165328;WISETNBNPXTUETFP;1PUT;ETF;ETF Plus;EUR;XS;NON;-;Euronext;2026-08-04
XS3332092090;DIGETNBRRXPAR;BTCA;ETF;Euronext Paris | Euronext Paris - Multi-currency Trading;EUR;XS;NON;-;Euronext;2026-08-04
XS3337011384;LEVETNE3LJAXAMS;JOB3;ETF;Euronext Amsterdam;EUR;XS;NON;-;Euronext;2026-08-04
XS3337011541;LEVETNE3LDQXAMS;QBT3;ETF;Euronext Amsterdam;EUR;XS;NON;-;Euronext;2026-08-04
XS3337012515;LEVETNE3LRCXAMS;RGT3;ETF;Euronext Amsterdam;EUR;XS;NON;-;Euronext;2026-08-04
XS3337012861;LEVETNE3LNPXAMS;SMR3;ETF;Euronext Amsterdam;EUR;XS;NON;-;Euronext;2026-08-04
XS3337013166;LEVETNSX5EETFP;5SX5;ETF;ETF Plus;EUR;XS;NON;-;Euronext;2026-08-04
XS3337051174;LEVETNSX5EETFP;ST3S;ETF;ETF Plus;EUR;XS;NON;-;Euronext;2026-08-04
XS3337099884;LEVETNHOODXAMS;HOOY;ETF;Euronext Amsterdam;EUR;XS;NON;-;Euronext;2026-08-04
XS3337164027;LEVETNBERKSXAMS;BRKY;ETF;Euronext Amsterdam;EUR;XS;NON;-;Euronext;2026-08-04
XS3337171154;LEVETNNTFLXXAMS;NFLY;ETF;Euronext Amsterdam;EUR;XS;NON;-;Euronext;2026-08-04
XS3337173440;LEVETNUNITHXAMS;UNHY;ETF;Euronext Amsterdam;EUR;XS;NON;-;Euronext;2026-08-04
XS3337192234;LEVETNORACLXAMS;ORCY;ETF;Euronext Amsterdam;EUR;XS;NON;-;Euronext;2026-08-04
XS3337192408;LEVETNBSKTXAMS;BLCY;ETF;Euronext Amsterdam;EUR;XS;NON;-;Euronext;2026-08-04
XS3337205077;LEVETNTSMXAMS;TSMY;ETF;Euronext Amsterdam;EUR;XS;NON;-;Euronext;2026-08-04
XS3337307741;LEVETNSLVPXAMS;SLMY;ETF;Euronext Amsterdam;EUR;XS;NON;-;Euronext;2026-08-04
XS3337373370;LEVETNAUMIXAMS;GLMY;ETF;Euronext Amsterdam;EUR;XS;NON;-;Euronext;2026-08-04
XS3337373701;LEVETNURAUPXAMS;URNY;ETF;Euronext Amsterdam;EUR;XS;NON;-;Euronext;2026-08-04
XS3337373966;LEVETNUSOXAMS;WTIY;ETF;Euronext Amsterdam;EUR;XS;NON;-;Euronext;2026-08-04
XS3337374261;LEVETNCPERXAMS;CPRY;ETF;Euronext Amsterdam;EUR;XS;NON;-;Euronext;2026-08-04
XS3337374691;LEVETNMICROXAMS;MUIY;ETF;Euronext Amsterdam;EUR;XS;NON;-;Euronext;2026-08-04
XS3337374774;LEVETNBSKTXAMS;GRWY;ETF;Euronext Amsterdam;EUR;XS;NON;-;Euronext;2026-08-04
XS3337375078;LEVETNINVQQQXAMS;SCLE;ETF;Euronext Amsterdam;EUR;XS;NON;-;Euronext;2026-08-04
XS3343238971;LEVETNCSSXXAMS;ESXY;ETF;Euronext Amsterdam;EUR;XS;NON;-;Euronext;2026-08-04
XS3373449761;-5x Short QQQ;SQQQ;ETF;Euronext Amsterdam | ETF Plus;EUR;XS;NON;-;Euronext;2026-08-04
XS3384723154;INVETCGOLDETFP;GLD2;ETF;ETF Plus;EUR;XS;NON;-;Euronext;2026-08-04
XS3388189477;LEVETNSPCXETFP;ELON;ETF;ETF Plus;EUR;XS;NON;-;Euronext;2026-08-04
XS3388190053;LEVETNCBRSETFP;CBR3;ETF;ETF Plus;EUR;XS;NON;-;Euronext;2026-08-04
XS3388190301;LEVETN005930ETFP;SMG3;ETF;ETF Plus;EUR;XS;NON;-;Euronext;2026-08-04
XS3388190996;LEVETN000660ETFP;HNX3;ETF;ETF Plus;EUR;XS;NON;-;Euronext;2026-08-04
XS3388191457;LEVETNDRAMXAMS;DRM3;ETF;Euronext Amsterdam;EUR;XS;NON;-;Euronext;2026-08-04
XS3393942290;LEVETNDRAMXAMS;DRMS;ETF;Euronext Amsterdam;EUR;XS;NON;-;Euronext;2026-08-04
XS3408767419;-5x Short SPY;SSPY;ETF;Euronext Amsterdam | ETF Plus;EUR;XS;NON;-;Euronext;2026-08-04
XS3408769035;LEVETNEN3XLGETFP;FUT3;ETF;ETF Plus;EUR;XS;NON;-;Euronext;2026-08-04
XS3408769977;LEVETNIX3XAIETFP;GPTS;ETF;ETF Plus;EUR;XS;NON;-;Euronext;2026-08-04
XS3410202983;LEVETNENX3XSETFP;INTS;ETF;ETF Plus;EUR;XS;NON;-;Euronext;2026-08-04
XS3415294688;GRAETNSOSPCXETFP;SPX3;ETF;ETF Plus;EUR;XS;NON;-;Euronext;2026-08-04
XS3415294928;GRAETNSOSPCXETFP;SNK3;ETF;ETF Plus;EUR;XS;NON;-;Euronext;2026-08-04
XS3415295149;GRAETNSOSAN2XAMS;SAN2;ETF;Euronext Amsterdam;EUR;XS;NON;-;Euronext;2026-08-04
XS3415295495;GRAETNSOSAN2XAMS;SANS;ETF;Euronext Amsterdam;EUR;XS;NON;-;Euronext;2026-08-04
XS3415295578;GRAETNSOMU3LXAMS;MIC3;ETF;Euronext Amsterdam;EUR;XS;NON;-;Euronext;2026-08-04
XS3415295651;GRAETNSOMAR3XAMS;MAR3;ETF;Euronext Amsterdam;EUR;XS;NON;-;Euronext;2026-08-04
XS3415296899;GRAETNSOMAV3XAMS;MAV3;ETF;Euronext Amsterdam;EUR;XS;NON;-;Euronext;2026-08-04
XS3415297350;GRAETNSOVRT3XAMS;VTV3;ETF;Euronext Amsterdam;EUR;XS;NON;-;Euronext;2026-08-04
XS3415298085;GRAETNSOLUM3XAMS;LUM3;ETF;Euronext Amsterdam;EUR;XS;NON;-;Euronext;2026-08-04
XS3415298242;GRAETNSOLLEOETFP;LEO2;ETF;ETF Plus;EUR;XS;NON;-;Euronext;2026-08-04
XS3415298325;GRAETNSOLLEXETFP;LEOS;ETF;ETF Plus;EUR;XS;NON;-;Euronext;2026-08-04
XS3420364062;LS -1X AMD;SAMD;ETF;Euronext Amsterdam;EUR;XS;NON;-;Euronext;2026-08-04
XS3430764525;LEVETNDRAMXAMS;DRMY;ETF;Euronext Amsterdam;EUR;XS;NON;-;Euronext;2026-08-04
XS3430765092;LEVETNSpaceXXAMS;ELNY;ETF;Euronext Amsterdam;EUR;XS;NON;-;Euronext;2026-08-04
XS3430765258;LEVETNSPCXETFP;SP3S;ETF;ETF Plus;EUR;XS;NON;-;Euronext;2026-08-04
ZM0000000037;ZCCM;MLZAM;Action;Euronext Access Paris;EUR;ZM;NON;;Euronext;2026-08-04
