ISIN;Nom;Type;Volatilite_annualisee_pct;VEV_pct;SRI_estime;SRI_officiel;SRI_retenu;Bande;Methode;Fiabilite;Nb_seances;Source_SRI;Ecart_officiel;Date_MAJ
BE0003893139;IMMO MOURY;Action;25.32;25.32;5;;5;20 – 30 %;volatilite_annualisee;faible;255;calcul PEAFirst;une action n'est pas un PRIIPS : aucun SRI officiel n'existe, l'échelle est appliquée par analogie (255 séances seulement : une période courte peut masquer des phases de forte volatilité);2026-09-05
BE0003898187;SIPEF;Action;20.38;20.38;5;;5;20 – 30 %;volatilite_annualisee;faible;255;calcul PEAFirst;une action n'est pas un PRIIPS : aucun SRI officiel n'existe, l'échelle est appliquée par analogie (255 séances seulement : une période courte peut masquer des phases de forte volatilité);2026-09-05
BE0160342011;COIL;Action;19.66;19.66;4;;4;12 – 20 %;volatilite_annualisee;faible;255;calcul PEAFirst;une action n'est pas un PRIIPS : aucun SRI officiel n'existe, l'échelle est appliquée par analogie (255 séances seulement : une période courte peut masquer des phases de forte volatilité);2026-09-05
BE0165385973;MELEXIS;Action;39.12;39.12;6;;6;30 – 80 %;volatilite_annualisee;faible;255;calcul PEAFirst;une action n'est pas un PRIIPS : aucun SRI officiel n'existe, l'échelle est appliquée par analogie (255 séances seulement : une période courte peut masquer des phases de forte volatilité);2026-09-05
BE0948608451;PHOTONIKE CAPITAL;Action;65.24;65.24;6;;6;30 – 80 %;volatilite_annualisee;faible;255;calcul PEAFirst;une action n'est pas un PRIIPS : aucun SRI officiel n'existe, l'échelle est appliquée par analogie (255 séances seulement : une période courte peut masquer des phases de forte volatilité);2026-09-05
BE0974256852;COLRUYT;Action;20.35;20.35;5;;5;20 – 30 %;volatilite_annualisee;faible;255;calcul PEAFirst;une action n'est pas un PRIIPS : aucun SRI officiel n'existe, l'échelle est appliquée par analogie (255 séances seulement : une période courte peut masquer des phases de forte volatilité);2026-09-05
BE0974258874;BEKAERT;Action;27.72;27.72;5;;5;20 – 30 %;volatilite_annualisee;faible;255;calcul PEAFirst;une action n'est pas un PRIIPS : aucun SRI officiel n'existe, l'échelle est appliquée par analogie (255 séances seulement : une période courte peut masquer des phases de forte volatilité);2026-09-05
BE0974263924;TEXAF;Action;20.50;20.50;5;;5;20 – 30 %;volatilite_annualisee;faible;255;calcul PEAFirst;une action n'est pas un PRIIPS : aucun SRI officiel n'existe, l'échelle est appliquée par analogie (255 séances seulement : une période courte peut masquer des phases de forte volatilité);2026-09-05
BE0974264930;AGEAS;Action;16.21;16.21;4;;4;12 – 20 %;volatilite_annualisee;faible;255;calcul PEAFirst;une action n'est pas un PRIIPS : aucun SRI officiel n'existe, l'échelle est appliquée par analogie (255 séances seulement : une période courte peut masquer des phases de forte volatilité);2026-09-05
BE0974265945;FLUXYS BELGIUM D;Action;28.02;28.02;5;;5;20 – 30 %;volatilite_annualisee;faible;255;calcul PEAFirst;une action n'est pas un PRIIPS : aucun SRI officiel n'existe, l'échelle est appliquée par analogie (255 séances seulement : une période courte peut masquer des phases de forte volatilité);2026-09-05
BE0974268972;BPOST;Action;34.50;34.50;6;;6;30 – 80 %;volatilite_annualisee;faible;255;calcul PEAFirst;une action n'est pas un PRIIPS : aucun SRI officiel n'existe, l'échelle est appliquée par analogie (255 séances seulement : une période courte peut masquer des phases de forte volatilité);2026-09-05
BE0974269012;ADC SIIC;Action;82.06;82.06;7;;7;> 80 %;volatilite_annualisee;faible;255;calcul PEAFirst;une action n'est pas un PRIIPS : aucun SRI officiel n'existe, l'échelle est appliquée par analogie (255 séances seulement : une période courte peut masquer des phases de forte volatilité);2026-09-05
BE0974271034;VIOHALCO;Action;50.67;50.67;6;;6;30 – 80 %;volatilite_annualisee;faible;255;calcul PEAFirst;une action n'est pas un PRIIPS : aucun SRI officiel n'existe, l'échelle est appliquée par analogie (255 séances seulement : une période courte peut masquer des phases de forte volatilité);2026-09-05
BE0974272040;QRF;Action;18.53;18.53;4;;4;12 – 20 %;volatilite_annualisee;faible;253;calcul PEAFirst;une action n'est pas un PRIIPS : aucun SRI officiel n'existe, l'échelle est appliquée par analogie (253 séances seulement : une période courte peut masquer des phases de forte volatilité);2026-09-05
BE0974273055;CARE PROPERTY INV.;Action;19.09;19.09;4;;4;12 – 20 %;volatilite_annualisee;faible;255;calcul PEAFirst;une action n'est pas un PRIIPS : aucun SRI officiel n'existe, l'échelle est appliquée par analogie (255 séances seulement : une période courte peut masquer des phases de forte volatilité);2026-09-05
BE0974274061;KINEPOLIS GROUP;Action;25.21;25.21;5;;5;20 – 30 %;volatilite_annualisee;faible;255;calcul PEAFirst;une action n'est pas un PRIIPS : aucun SRI officiel n'existe, l'échelle est appliquée par analogie (255 séances seulement : une période courte peut masquer des phases de forte volatilité);2026-09-05
BE0974276082;ONTEX GROUP;Action;43.41;43.41;6;;6;30 – 80 %;volatilite_annualisee;faible;255;calcul PEAFirst;une action n'est pas un PRIIPS : aucun SRI officiel n'existe, l'échelle est appliquée par analogie (255 séances seulement : une période courte peut masquer des phases de forte volatilité);2026-09-05
BE0974282148;TINC;Action;11.88;11.88;3;;3;5 – 12 %;volatilite_annualisee;faible;255;calcul PEAFirst;une action n'est pas un PRIIPS : aucun SRI officiel n'existe, l'échelle est appliquée par analogie (255 séances seulement : une période courte peut masquer des phases de forte volatilité);2026-09-05
BE0974287196;IMMO MCC;Action;16.28;16.28;4;;4;12 – 20 %;volatilite_annualisee;faible;255;calcul PEAFirst;une action n'est pas un PRIIPS : aucun SRI officiel n'existe, l'échelle est appliquée par analogie (255 séances seulement : une période courte peut masquer des phases de forte volatilité);2026-09-05
BE0974288202;XIOR;Action;16.04;16.04;4;;4;12 – 20 %;volatilite_annualisee;faible;255;calcul PEAFirst;une action n'est pas un PRIIPS : aucun SRI officiel n'existe, l'échelle est appliquée par analogie (255 séances seulement : une période courte peut masquer des phases de forte volatilité);2026-09-05
BE0974293251;AB INBEV;Action;23.50;23.50;5;;5;20 – 30 %;volatilite_annualisee;faible;255;calcul PEAFirst;une action n'est pas un PRIIPS : aucun SRI officiel n'existe, l'échelle est appliquée par analogie (255 séances seulement : une période courte peut masquer des phases de forte volatilité);2026-09-05
BE0974294267;NYRSTAR;Action;81.98;81.98;7;;7;> 80 %;volatilite_annualisee;faible;255;calcul PEAFirst;une action n'est pas un PRIIPS : aucun SRI officiel n'existe, l'échelle est appliquée par analogie (255 séances seulement : une période courte peut masquer des phases de forte volatilité);2026-09-05
BE0974298300;CANDELA INVEST;Action;204.06;204.06;7;;7;> 80 %;volatilite_annualisee;faible;255;calcul PEAFirst;une action n'est pas un PRIIPS : aucun SRI officiel n'existe, l'échelle est appliquée par analogie (255 séances seulement : une période courte peut masquer des phases de forte volatilité);2026-09-05
BE0974299316;INVIBES ADVERTSING;Action;118.14;118.14;7;;7;> 80 %;volatilite_annualisee;faible;255;calcul PEAFirst;une action n'est pas un PRIIPS : aucun SRI officiel n'existe, l'échelle est appliquée par analogie (255 séances seulement : une période courte peut masquer des phases de forte volatilité);2026-09-05
BE0974303357;CENERGY;Action;48.39;48.39;6;;6;30 – 80 %;volatilite_annualisee;faible;255;calcul PEAFirst;une action n'est pas un PRIIPS : aucun SRI officiel n'existe, l'échelle est appliquée par analogie (255 séances seulement : une période courte peut masquer des phases de forte volatilité);2026-09-05
BE0974310428;X-FAB;Action;72.83;72.83;6;;6;30 – 80 %;volatilite_annualisee;faible;255;calcul PEAFirst;une action n'est pas un PRIIPS : aucun SRI officiel n'existe, l'échelle est appliquée par analogie (255 séances seulement : une période courte peut masquer des phases de forte volatilité);2026-09-05
BE0974313455;ECONOCOM GROUP;Action;32.13;32.13;6;;6;30 – 80 %;volatilite_annualisee;faible;255;calcul PEAFirst;une action n'est pas un PRIIPS : aucun SRI officiel n'existe, l'échelle est appliquée par analogie (255 séances seulement : une période courte peut masquer des phases de forte volatilité);2026-09-05
BE0974314461;BELYSSE GROUP;Action;51.43;51.43;6;;6;30 – 80 %;volatilite_annualisee;faible;246;calcul PEAFirst;une action n'est pas un PRIIPS : aucun SRI officiel n'existe, l'échelle est appliquée par analogie (246 séances seulement : une période courte peut masquer des phases de forte volatilité);2026-09-05
BE0974328602;METRICS IN BALANCE;Action;0.00;;;;;;indisponible;faible;255;calcul PEAFirst;une action n'est pas un PRIIPS : aucun SRI officiel n'existe, l'échelle est appliquée par analogie (255 séances seulement : une période courte peut masquer des phases de forte volatilité);2026-09-05
BE0974340722;SEQUANA MEDICAL;Action;60.21;60.21;6;;6;30 – 80 %;volatilite_annualisee;faible;255;calcul PEAFirst;une action n'est pas un PRIIPS : aucun SRI officiel n'existe, l'échelle est appliquée par analogie (255 séances seulement : une période courte peut masquer des phases de forte volatilité);2026-09-05
BE0974358906;NYXOAH;Action;75.53;75.53;6;;6;30 – 80 %;volatilite_annualisee;faible;255;calcul PEAFirst;une action n'est pas un PRIIPS : aucun SRI officiel n'existe, l'échelle est appliquée par analogie (255 séances seulement : une période courte peut masquer des phases de forte volatilité);2026-09-05
BE0974363955;HYLORIS;Action;46.37;46.37;6;;6;30 – 80 %;volatilite_annualisee;faible;255;calcul PEAFirst;une action n'est pas un PRIIPS : aucun SRI officiel n'existe, l'échelle est appliquée par analogie (255 séances seulement : une période courte peut masquer des phases de forte volatilité);2026-09-05
BE0974371032;BANQUP GROUP;Action;64.39;64.39;6;;6;30 – 80 %;volatilite_annualisee;faible;255;calcul PEAFirst;une action n'est pas un PRIIPS : aucun SRI officiel n'existe, l'échelle est appliquée par analogie (255 séances seulement : une période courte peut masquer des phases de forte volatilité);2026-09-05
BE0974374069;INCLUSIO SA/NV;Action;17.33;17.33;4;;4;12 – 20 %;volatilite_annualisee;faible;254;calcul PEAFirst;une action n'est pas un PRIIPS : aucun SRI officiel n'existe, l'échelle est appliquée par analogie (254 séances seulement : une période courte peut masquer des phases de forte volatilité);2026-09-05
BE0974380124;EKOPAK;Action;56.05;56.05;6;;6;30 – 80 %;volatilite_annualisee;faible;254;calcul PEAFirst;une action n'est pas un PRIIPS : aucun SRI officiel n'existe, l'échelle est appliquée par analogie (254 séances seulement : une période courte peut masquer des phases de forte volatilité);2026-09-05
BE0974386188;BIOTALYS;Action;68.78;68.78;6;;6;30 – 80 %;volatilite_annualisee;faible;254;calcul PEAFirst;une action n'est pas un PRIIPS : aucun SRI officiel n'existe, l'échelle est appliquée par analogie (254 séances seulement : une période courte peut masquer des phases de forte volatilité);2026-09-05
BE0974400328;AZELIS GROUP;Action;38.07;38.07;6;;6;30 – 80 %;volatilite_annualisee;faible;254;calcul PEAFirst;une action n'est pas un PRIIPS : aucun SRI officiel n'existe, l'échelle est appliquée par analogie (254 séances seulement : une période courte peut masquer des phases de forte volatilité);2026-09-05
BE0974401334;WHITESTONE GROUP;Action;34.73;34.73;6;;6;30 – 80 %;volatilite_annualisee;faible;254;calcul PEAFirst;une action n'est pas un PRIIPS : aucun SRI officiel n'existe, l'échelle est appliquée par analogie (254 séances seulement : une période courte peut masquer des phases de forte volatilité);2026-09-05
BE0974409410;HOME INVEST BE.;Action;17.91;17.91;4;;4;12 – 20 %;volatilite_annualisee;faible;254;calcul PEAFirst;une action n'est pas un PRIIPS : aucun SRI officiel n'existe, l'échelle est appliquée par analogie (254 séances seulement : une période courte peut masquer des phases de forte volatilité);2026-09-05
BE0974413453;DEME GROUP;Action;29.22;29.22;5;;5;20 – 30 %;volatilite_annualisee;faible;254;calcul PEAFirst;une action n'est pas un PRIIPS : aucun SRI officiel n'existe, l'échelle est appliquée par analogie (254 séances seulement : une période courte peut masquer des phases de forte volatilité);2026-09-05
BE0974464977;SYENSQO;Action;46.30;46.30;6;;6;30 – 80 %;volatilite_annualisee;faible;254;calcul PEAFirst;une action n'est pas un PRIIPS : aucun SRI officiel n'existe, l'échelle est appliquée par analogie (254 séances seulement : une période courte peut masquer des phases de forte volatilité);2026-09-05
BE0974487192;OXURION;Action;106.35;106.35;7;;7;> 80 %;volatilite_annualisee;faible;254;calcul PEAFirst;une action n'est pas un PRIIPS : aucun SRI officiel n'existe, l'échelle est appliquée par analogie (254 séances seulement : une période courte peut masquer des phases de forte volatilité);2026-09-05
BE0974496284;OPTION;Action;102.85;102.85;7;;7;> 80 %;volatilite_annualisee;faible;254;calcul PEAFirst;une action n'est pas un PRIIPS : aucun SRI officiel n'existe, l'échelle est appliquée par analogie (254 séances seulement : une période courte peut masquer des phases de forte volatilité);2026-09-05
BE0974499312;ENERGYVISION;Action;27.82;27.82;5;;5;20 – 30 %;volatilite_annualisee;faible;254;calcul PEAFirst;une action n'est pas un PRIIPS : aucun SRI officiel n'existe, l'échelle est appliquée par analogie (254 séances seulement : une période courte peut masquer des phases de forte volatilité);2026-09-05
BE0974501331;MATERIALISE;Action;43.91;43.91;6;;6;30 – 80 %;volatilite_annualisee;faible;196;calcul PEAFirst;une action n'est pas un PRIIPS : aucun SRI officiel n'existe, l'échelle est appliquée par analogie (196 séances seulement : une période courte peut masquer des phases de forte volatilité);2026-09-05
BE0974502347;FLORIDIENNE;Action;97.05;97.05;7;;7;> 80 %;volatilite_annualisee;faible;248;calcul PEAFirst;une action n'est pas un PRIIPS : aucun SRI officiel n'existe, l'échelle est appliquée par analogie (248 séances seulement : une période courte peut masquer des phases de forte volatilité);2026-09-05
BE6333353298;BONYF;Action;67.45;67.45;6;;6;30 – 80 %;volatilite_annualisee;faible;254;calcul PEAFirst;une action n'est pas un PRIIPS : aucun SRI officiel n'existe, l'échelle est appliquée par analogie (254 séances seulement : une période courte peut masquer des phases de forte volatilité);2026-09-05
CY0101162119;SED ENERGY HOLDING;Action;27.60;27.60;5;;5;20 – 30 %;volatilite_annualisee;faible;249;calcul PEAFirst;une action n'est pas un PRIIPS : aucun SRI officiel n'existe, l'échelle est appliquée par analogie (249 séances seulement : une période courte peut masquer des phases de forte volatilité);2026-09-05
CY0101550917;S.D. STANDARD ETC;Action;16.50;16.50;4;;4;12 – 20 %;volatilite_annualisee;faible;249;calcul PEAFirst;une action n'est pas un PRIIPS : aucun SRI officiel n'existe, l'échelle est appliquée par analogie (249 séances seulement : une période courte peut masquer des phases de forte volatilité);2026-09-05
CY0102630916;PETROLIA;Action;47.65;47.65;6;;6;30 – 80 %;volatilite_annualisee;faible;247;calcul PEAFirst;une action n'est pas un PRIIPS : aucun SRI officiel n'existe, l'échelle est appliquée par analogie (247 séances seulement : une période courte peut masquer des phases de forte volatilité);2026-09-05
CY0108052115;ADS MARITIME HOLD;Action;59.00;59.00;6;;6;30 – 80 %;volatilite_annualisee;faible;249;calcul PEAFirst;une action n'est pas un PRIIPS : aucun SRI officiel n'existe, l'échelle est appliquée par analogie (249 séances seulement : une période courte peut masquer des phases de forte volatilité);2026-09-05
CY0200352116;FRONTLINE;Action;41.76;41.76;6;;6;30 – 80 %;volatilite_annualisee;faible;249;calcul PEAFirst;une action n'est pas un PRIIPS : aucun SRI officiel n'existe, l'échelle est appliquée par analogie (249 séances seulement : une période courte peut masquer des phases de forte volatilité);2026-09-05
CY0200751713;THEON INTERNAT;Action;50.48;50.48;6;;6;30 – 80 %;volatilite_annualisee;faible;254;calcul PEAFirst;une action n'est pas un PRIIPS : aucun SRI officiel n'existe, l'échelle est appliquée par analogie (254 séances seulement : une période courte peut masquer des phases de forte volatilité);2026-09-05
CY0201332216;PELAGIC CREDIT;Action;39.49;39.49;6;;6;30 – 80 %;volatilite_annualisee;faible;119;calcul PEAFirst;une action n'est pas un PRIIPS : aucun SRI officiel n'existe, l'échelle est appliquée par analogie (119 séances seulement : une période courte peut masquer des phases de forte volatilité);2026-09-05
CY0201461213;PELICAN AQUA HLDNG;Action;41.23;41.23;6;;6;30 – 80 %;volatilite_annualisee;faible;34;calcul PEAFirst;une action n'est pas un PRIIPS : aucun SRI officiel n'existe, l'échelle est appliquée par analogie (34 séances seulement : une période courte peut masquer des phases de forte volatilité);2026-09-05
CZ0009008942;COLT;Action;635.55;635.55;7;;7;> 80 %;volatilite_annualisee;faible;97;calcul PEAFirst;une action n'est pas un PRIIPS : aucun SRI officiel n'existe, l'échelle est appliquée par analogie (97 séances seulement : une période courte peut masquer des phases de forte volatilité);2026-09-05
DE0005933931;BLAETFDAXETFP;ETF;16.38;16.38;4;;4;12 – 20 %;volatilite_annualisee;faible;254;calcul PEAFirst;estimation : CRM non évalué, historique plus court que les cinq ans exigés, asymétrie et aplatissement non corrigés (254 séances seulement : une période courte peut masquer des phases de forte volatilité);2026-09-05
DE000A11Q133;HK;Action;73.27;73.27;6;;6;30 – 80 %;volatilite_annualisee;faible;254;calcul PEAFirst;une action n'est pas un PRIIPS : aucun SRI officiel n'existe, l'échelle est appliquée par analogie (254 séances seulement : une période courte peut masquer des phases de forte volatilité);2026-09-05
DE000A2G8ZX8;PYRUM INNOVATIONS;Action;34.62;34.62;6;;6;30 – 80 %;volatilite_annualisee;faible;249;calcul PEAFirst;une action n'est pas un PRIIPS : aucun SRI officiel n'existe, l'échelle est appliquée par analogie (249 séances seulement : une période courte peut masquer des phases de forte volatilité);2026-09-05
DK0060520450;NAPATECH;Action;71.21;71.21;6;;6;30 – 80 %;volatilite_annualisee;faible;249;calcul PEAFirst;une action n'est pas un PRIIPS : aucun SRI officiel n'existe, l'échelle est appliquée par analogie (249 séances seulement : une période courte peut masquer des phases de forte volatilité);2026-09-05
DK0061412772;CADELER;Action;34.22;34.22;6;;6;30 – 80 %;volatilite_annualisee;faible;249;calcul PEAFirst;une action n'est pas un PRIIPS : aucun SRI officiel n'existe, l'échelle est appliquée par analogie (249 séances seulement : une période courte peut masquer des phases de forte volatilité);2026-09-05
ES0105025003;MERLIN PROPERTIES;Action;29.15;29.15;5;;5;20 – 30 %;volatilite_annualisee;faible;254;calcul PEAFirst;une action n'est pas un PRIIPS : aucun SRI officiel n'existe, l'échelle est appliquée par analogie (254 séances seulement : une période courte peut masquer des phases de forte volatilité);2026-09-05
ES0105029005;FACEPHI;Action;47.46;47.46;6;;6;30 – 80 %;volatilite_annualisee;faible;254;calcul PEAFirst;une action n'est pas un PRIIPS : aucun SRI officiel n'existe, l'échelle est appliquée par analogie (254 séances seulement : une période courte peut masquer des phases de forte volatilité);2026-09-05
ES0105089009;LLEIDA;Action;33.44;33.44;6;;6;30 – 80 %;volatilite_annualisee;faible;254;calcul PEAFirst;une action n'est pas un PRIIPS : aucun SRI officiel n'existe, l'échelle est appliquée par analogie (254 séances seulement : une période courte peut masquer des phases de forte volatilité);2026-09-05
ES0105425005;KOMPUESTOS;Action;18.27;18.27;4;;4;12 – 20 %;volatilite_annualisee;faible;254;calcul PEAFirst;une action n'est pas un PRIIPS : aucun SRI officiel n'existe, l'échelle est appliquée par analogie (254 séances seulement : une période courte peut masquer des phases de forte volatilité);2026-09-05
ES0105463006;MAKING SCIENCE;Action;14.89;14.89;4;;4;12 – 20 %;volatilite_annualisee;faible;254;calcul PEAFirst;une action n'est pas un PRIIPS : aucun SRI officiel n'existe, l'échelle est appliquée par analogie (254 séances seulement : une période courte peut masquer des phases de forte volatilité);2026-09-05
ES0105549002;MONTEPINO LOGISTIC;Action;24.12;24.12;5;;5;20 – 30 %;volatilite_annualisee;faible;89;calcul PEAFirst;une action n'est pas un PRIIPS : aucun SRI officiel n'existe, l'échelle est appliquée par analogie (89 séances seulement : une période courte peut masquer des phases de forte volatilité);2026-09-05
ES0105590006;IMPULSE FITNESS;Action;9.75;9.75;3;;3;5 – 12 %;volatilite_annualisee;faible;254;calcul PEAFirst;une action n'est pas un PRIIPS : aucun SRI officiel n'existe, l'échelle est appliquée par analogie (254 séances seulement : une période courte peut masquer des phases de forte volatilité);2026-09-05
ES0105664009;HOTELES BESTPRICE;Action;89.36;89.36;7;;7;> 80 %;volatilite_annualisee;faible;146;calcul PEAFirst;une action n'est pas un PRIIPS : aucun SRI officiel n'existe, l'échelle est appliquée par analogie (146 séances seulement : une période courte peut masquer des phases de forte volatilité);2026-09-05
ES0105698007;OK PROPERTIES;Action;0.00;;;;;;indisponible;faible;37;calcul PEAFirst;une action n'est pas un PRIIPS : aucun SRI officiel n'existe, l'échelle est appliquée par analogie (37 séances seulement : une période courte peut masquer des phases de forte volatilité);2026-09-05
ES0105704003;VIRTUALWARE;Action;68.52;68.52;6;;6;30 – 80 %;volatilite_annualisee;faible;254;calcul PEAFirst;une action n'est pas un PRIIPS : aucun SRI officiel n'existe, l'échelle est appliquée par analogie (254 séances seulement : une période courte peut masquer des phases de forte volatilité);2026-09-05
ES0105744009;ANDINO GLOBAL;Action;99.62;99.62;7;;7;> 80 %;volatilite_annualisee;faible;253;calcul PEAFirst;une action n'est pas un PRIIPS : aucun SRI officiel n'existe, l'échelle est appliquée par analogie (253 séances seulement : une période courte peut masquer des phases de forte volatilité);2026-09-05
ES0109429037;ISPD;Action;64.67;64.67;6;;6;30 – 80 %;volatilite_annualisee;faible;254;calcul PEAFirst;une action n'est pas un PRIIPS : aucun SRI officiel n'existe, l'échelle est appliquée par analogie (254 séances seulement : une période courte peut masquer des phases de forte volatilité);2026-09-05
FR0000021842;AMUNDI ETF BEL 20;ETF;13.65;13.65;4;;4;12 – 20 %;volatilite_annualisee;faible;254;calcul PEAFirst;estimation : CRM non évalué, historique plus court que les cinq ans exigés, asymétrie et aplatissement non corrigés (254 séances seulement : une période courte peut masquer des phases de forte volatilité);2026-09-05
FR0000030074;MALTERIES FCO-BEL.;Action;23.18;23.18;5;;5;20 – 30 %;volatilite_annualisee;faible;244;calcul PEAFirst;une action n'est pas un PRIIPS : aucun SRI officiel n'existe, l'échelle est appliquée par analogie (244 séances seulement : une période courte peut masquer des phases de forte volatilité);2026-09-05
FR0000030769;PLACOPLATRE;Action;39.06;39.06;6;;6;30 – 80 %;volatilite_annualisee;faible;85;calcul PEAFirst;une action n'est pas un PRIIPS : aucun SRI officiel n'existe, l'échelle est appliquée par analogie (85 séances seulement : une période courte peut masquer des phases de forte volatilité);2026-09-05
FR0000031023;ELEC.STRASBOURG;Action;30.01;30.01;6;;6;30 – 80 %;volatilite_annualisee;faible;254;calcul PEAFirst;une action n'est pas un PRIIPS : aucun SRI officiel n'existe, l'échelle est appliquée par analogie (254 séances seulement : une période courte peut masquer des phases de forte volatilité);2026-09-05
FR0000031106;TROC ILE;Action;42.65;42.65;6;;6;30 – 80 %;volatilite_annualisee;faible;254;calcul PEAFirst;une action n'est pas un PRIIPS : aucun SRI officiel n'existe, l'échelle est appliquée par analogie (254 séances seulement : une période courte peut masquer des phases de forte volatilité);2026-09-05
FR0000031775;VICAT;Action;33.63;33.63;6;;6;30 – 80 %;volatilite_annualisee;faible;254;calcul PEAFirst;une action n'est pas un PRIIPS : aucun SRI officiel n'existe, l'échelle est appliquée par analogie (254 séances seulement : une période courte peut masquer des phases de forte volatilité);2026-09-05
FR0000031973;FSDV;Action;30.58;30.58;6;;6;30 – 80 %;volatilite_annualisee;faible;254;calcul PEAFirst;une action n'est pas un PRIIPS : aucun SRI officiel n'existe, l'échelle est appliquée par analogie (254 séances seulement : une période courte peut masquer des phases de forte volatilité);2026-09-05
FR0000032526;GUERBET;Action;56.03;56.03;6;;6;30 – 80 %;volatilite_annualisee;faible;254;calcul PEAFirst;une action n'est pas un PRIIPS : aucun SRI officiel n'existe, l'échelle est appliquée par analogie (254 séances seulement : une période courte peut masquer des phases de forte volatilité);2026-09-05
FR0000032658;SYNERGIE;Action;22.49;22.49;5;;5;20 – 30 %;volatilite_annualisee;faible;254;calcul PEAFirst;une action n'est pas un PRIIPS : aucun SRI officiel n'existe, l'échelle est appliquée par analogie (254 séances seulement : une période courte peut masquer des phases de forte volatilité);2026-09-05
FR0000033003;TOUAX;Action;26.41;26.41;5;;5;20 – 30 %;volatilite_annualisee;faible;254;calcul PEAFirst;une action n'est pas un PRIIPS : aucun SRI officiel n'existe, l'échelle est appliquée par analogie (254 séances seulement : une période courte peut masquer des phases de forte volatilité);2026-09-05
FR0000033243;IMMOB.DASSAULT;Action;19.04;19.04;4;;4;12 – 20 %;volatilite_annualisee;faible;254;calcul PEAFirst;une action n'est pas un PRIIPS : aucun SRI officiel n'existe, l'échelle est appliquée par analogie (254 séances seulement : une période courte peut masquer des phases de forte volatilité);2026-09-05
FR0000033599;LEXIBOOK LINGUIST.;Action;57.86;57.86;6;;6;30 – 80 %;volatilite_annualisee;faible;254;calcul PEAFirst;une action n'est pas un PRIIPS : aucun SRI officiel n'existe, l'échelle est appliquée par analogie (254 séances seulement : une période courte peut masquer des phases de forte volatilité);2026-09-05
FR0000033888;GEVELOT;Action;28.17;28.17;5;;5;20 – 30 %;volatilite_annualisee;faible;195;calcul PEAFirst;une action n'est pas un PRIIPS : aucun SRI officiel n'existe, l'échelle est appliquée par analogie (195 séances seulement : une période courte peut masquer des phases de forte volatilité);2026-09-05
FR0000033904;JACQUET METALS;Action;32.13;32.13;6;;6;30 – 80 %;volatilite_annualisee;faible;254;calcul PEAFirst;une action n'est pas un PRIIPS : aucun SRI officiel n'existe, l'échelle est appliquée par analogie (254 séances seulement : une période courte peut masquer des phases de forte volatilité);2026-09-05
FR0000034894;GAUMONT;Action;42.60;42.60;6;;6;30 – 80 %;volatilite_annualisee;faible;254;calcul PEAFirst;une action n'est pas un PRIIPS : aucun SRI officiel n'existe, l'échelle est appliquée par analogie (254 séances seulement : une période courte peut masquer des phases de forte volatilité);2026-09-05
FR0000035164;BENETEAU;Action;28.62;28.62;5;;5;20 – 30 %;volatilite_annualisee;faible;254;calcul PEAFirst;une action n'est pas un PRIIPS : aucun SRI officiel n'existe, l'échelle est appliquée par analogie (254 séances seulement : une période courte peut masquer des phases de forte volatilité);2026-09-05
FR0000035370;BASTIDE LE CONFORT;Action;32.83;32.83;6;;6;30 – 80 %;volatilite_annualisee;faible;254;calcul PEAFirst;une action n'est pas un PRIIPS : aucun SRI officiel n'existe, l'échelle est appliquée par analogie (254 séances seulement : une période courte peut masquer des phases de forte volatilité);2026-09-05
FR0000035719;ELECT. MADAGASCAR;Action;71.19;71.19;6;;6;30 – 80 %;volatilite_annualisee;faible;254;calcul PEAFirst;une action n'est pas un PRIIPS : aucun SRI officiel n'existe, l'échelle est appliquée par analogie (254 séances seulement : une période courte peut masquer des phases de forte volatilité);2026-09-05
FR0000035784;EVERGREEN;Action;222.03;222.03;7;;7;> 80 %;volatilite_annualisee;faible;254;calcul PEAFirst;une action n'est pas un PRIIPS : aucun SRI officiel n'existe, l'échelle est appliquée par analogie (254 séances seulement : une période courte peut masquer des phases de forte volatilité);2026-09-05
FR0000036675;GROUPE CRIT;Action;21.02;21.02;5;;5;20 – 30 %;volatilite_annualisee;faible;254;calcul PEAFirst;une action n'est pas un PRIIPS : aucun SRI officiel n'existe, l'échelle est appliquée par analogie (254 séances seulement : une période courte peut masquer des phases de forte volatilité);2026-09-05
FR0000037475;CFI;Action;126.10;126.10;7;;7;> 80 %;volatilite_annualisee;faible;217;calcul PEAFirst;une action n'est pas un PRIIPS : aucun SRI officiel n'existe, l'échelle est appliquée par analogie (217 séances seulement : une période courte peut masquer des phases de forte volatilité);2026-09-05
FR0000037640;ROUGIER S.A.;Action;28.30;28.30;5;;5;20 – 30 %;volatilite_annualisee;faible;254;calcul PEAFirst;une action n'est pas un PRIIPS : aucun SRI officiel n'existe, l'échelle est appliquée par analogie (254 séances seulement : une période courte peut masquer des phases de forte volatilité);2026-09-05
FR0000037871;CH.FER DEPARTEMENT;Action;104.97;104.97;7;;7;> 80 %;volatilite_annualisee;faible;59;calcul PEAFirst;une action n'est pas un PRIIPS : aucun SRI officiel n'existe, l'échelle est appliquée par analogie (59 séances seulement : une période courte peut masquer des phases de forte volatilité);2026-09-05
FR0000038184;FIPP;Action;86.69;86.69;7;;7;> 80 %;volatilite_annualisee;faible;254;calcul PEAFirst;une action n'est pas un PRIIPS : aucun SRI officiel n'existe, l'échelle est appliquée par analogie (254 séances seulement : une période courte peut masquer des phases de forte volatilité);2026-09-05
FR0000038242;LUMIBIRD;Action;41.67;41.67;6;;6;30 – 80 %;volatilite_annualisee;faible;254;calcul PEAFirst;une action n'est pas un PRIIPS : aucun SRI officiel n'existe, l'échelle est appliquée par analogie (254 séances seulement : une période courte peut masquer des phases de forte volatilité);2026-09-05
FR0000038465;PASSAT;Action;30.81;30.81;6;;6;30 – 80 %;volatilite_annualisee;faible;254;calcul PEAFirst;une action n'est pas un PRIIPS : aucun SRI officiel n'existe, l'échelle est appliquée par analogie (254 séances seulement : une période courte peut masquer des phases de forte volatilité);2026-09-05
FR0000038531;HF COMPANY;Action;24.01;24.01;5;;5;20 – 30 %;volatilite_annualisee;faible;254;calcul PEAFirst;une action n'est pas un PRIIPS : aucun SRI officiel n'existe, l'échelle est appliquée par analogie (254 séances seulement : une période courte peut masquer des phases de forte volatilité);2026-09-05
FR0000038606;MANITOU BF;Action;35.68;35.68;6;;6;30 – 80 %;volatilite_annualisee;faible;254;calcul PEAFirst;une action n'est pas un PRIIPS : aucun SRI officiel n'existe, l'échelle est appliquée par analogie (254 séances seulement : une période courte peut masquer des phases de forte volatilité);2026-09-05
FR0000039091;ROBERTET;Action;23.43;23.43;5;;5;20 – 30 %;volatilite_annualisee;faible;254;calcul PEAFirst;une action n'est pas un PRIIPS : aucun SRI officiel n'existe, l'échelle est appliquée par analogie (254 séances seulement : une période courte peut masquer des phases de forte volatilité);2026-09-05
FR0000039109;SECHE ENVIRONNEM.;Action;36.47;36.47;6;;6;30 – 80 %;volatilite_annualisee;faible;254;calcul PEAFirst;une action n'est pas un PRIIPS : aucun SRI officiel n'existe, l'échelle est appliquée par analogie (254 séances seulement : une période courte peut masquer des phases de forte volatilité);2026-09-05
FR0000039216;ALTAREIT;Action;10.94;10.94;3;;3;5 – 12 %;volatilite_annualisee;faible;254;calcul PEAFirst;une action n'est pas un PRIIPS : aucun SRI officiel n'existe, l'échelle est appliquée par analogie (254 séances seulement : une période courte peut masquer des phases de forte volatilité);2026-09-05
FR0000039232;AUREA;Action;32.88;32.88;6;;6;30 – 80 %;volatilite_annualisee;faible;254;calcul PEAFirst;une action n'est pas un PRIIPS : aucun SRI officiel n'existe, l'échelle est appliquée par analogie (254 séances seulement : une période courte peut masquer des phases de forte volatilité);2026-09-05
FR0000044323;CRCAM ALP.PROV.CCI;Action;27.13;27.13;5;;5;20 – 30 %;volatilite_annualisee;faible;254;calcul PEAFirst;une action n'est pas un PRIIPS : aucun SRI officiel n'existe, l'échelle est appliquée par analogie (254 séances seulement : une période courte peut masquer des phases de forte volatilité);2026-09-05
FR0000044364;CRCAM NORM.SEINE;Action;28.34;28.34;5;;5;20 – 30 %;volatilite_annualisee;faible;254;calcul PEAFirst;une action n'est pas un PRIIPS : aucun SRI officiel n'existe, l'échelle est appliquée par analogie (254 séances seulement : une période courte peut masquer des phases de forte volatilité);2026-09-05
FR0000044471;RAMSAY GEN SANTE;Action;25.57;25.57;5;;5;20 – 30 %;volatilite_annualisee;faible;254;calcul PEAFirst;une action n'est pas un PRIIPS : aucun SRI officiel n'existe, l'échelle est appliquée par analogie (254 séances seulement : une période courte peut masquer des phases de forte volatilité);2026-09-05
FR0000044943;LOGIC INSTRUMENT;Action;61.06;61.06;6;;6;30 – 80 %;volatilite_annualisee;faible;254;calcul PEAFirst;une action n'est pas un PRIIPS : aucun SRI officiel n'existe, l'échelle est appliquée par analogie (254 séances seulement : une période courte peut masquer des phases de forte volatilité);2026-09-05
FR0000045213;CRCAM ILLE-VIL.CCI;Action;31.38;31.38;6;;6;30 – 80 %;volatilite_annualisee;faible;254;calcul PEAFirst;une action n'est pas un PRIIPS : aucun SRI officiel n'existe, l'échelle est appliquée par analogie (254 séances seulement : une période courte peut masquer des phases de forte volatilité);2026-09-05
FR0000045239;CRCAM LOIRE HTE L.;Action;35.56;35.56;6;;6;30 – 80 %;volatilite_annualisee;faible;254;calcul PEAFirst;une action n'est pas un PRIIPS : aucun SRI officiel n'existe, l'échelle est appliquée par analogie (254 séances seulement : une période courte peut masquer des phases de forte volatilité);2026-09-05
FR0000045304;CRCAM TOURAINE CCI;Action;35.35;35.35;6;;6;30 – 80 %;volatilite_annualisee;faible;254;calcul PEAFirst;une action n'est pas un PRIIPS : aucun SRI officiel n'existe, l'échelle est appliquée par analogie (254 séances seulement : une période courte peut masquer des phases de forte volatilité);2026-09-05
FR0000045346;CRCAM SUD R.A.CCI;Action;31.26;31.26;6;;6;30 – 80 %;volatilite_annualisee;faible;254;calcul PEAFirst;une action n'est pas un PRIIPS : aucun SRI officiel n'existe, l'échelle est appliquée par analogie (254 séances seulement : une période courte peut masquer des phases de forte volatilité);2026-09-05
FR0000045528;CRCAM PARIS ET IDF;Action;28.75;28.75;5;;5;20 – 30 %;volatilite_annualisee;faible;254;calcul PEAFirst;une action n'est pas un PRIIPS : aucun SRI officiel n'existe, l'échelle est appliquée par analogie (254 séances seulement : une période courte peut masquer des phases de forte volatilité);2026-09-05
FR0000045544;CA TOULOUSE 31 CCI;Action;33.58;33.58;6;;6;30 – 80 %;volatilite_annualisee;faible;254;calcul PEAFirst;une action n'est pas un PRIIPS : aucun SRI officiel n'existe, l'échelle est appliquée par analogie (254 séances seulement : une période courte peut masquer des phases de forte volatilité);2026-09-05
FR0000045551;CRCAM MORBIHAN CCI;Action;41.60;41.60;6;;6;30 – 80 %;volatilite_annualisee;faible;254;calcul PEAFirst;une action n'est pas un PRIIPS : aucun SRI officiel n'existe, l'échelle est appliquée par analogie (254 séances seulement : une période courte peut masquer des phases de forte volatilité);2026-09-05
FR0000050049;VIEL ET COMPAGNIE;Action;24.41;24.41;5;;5;20 – 30 %;volatilite_annualisee;faible;254;calcul PEAFirst;une action n'est pas un PRIIPS : aucun SRI officiel n'existe, l'échelle est appliquée par analogie (254 séances seulement : une période courte peut masquer des phases de forte volatilité);2026-09-05
FR0000050353;LISI;Action;39.00;39.00;6;;6;30 – 80 %;volatilite_annualisee;faible;254;calcul PEAFirst;une action n'est pas un PRIIPS : aucun SRI officiel n'existe, l'échelle est appliquée par analogie (254 séances seulement : une période courte peut masquer des phases de forte volatilité);2026-09-05
FR0000050395;CROSSWOOD;Action;68.75;68.75;6;;6;30 – 80 %;volatilite_annualisee;faible;254;calcul PEAFirst;une action n'est pas un PRIIPS : aucun SRI officiel n'existe, l'échelle est appliquée par analogie (254 séances seulement : une période courte peut masquer des phases de forte volatilité);2026-09-05
FR0000051070;MAUREL ET PROM;Action;42.76;42.76;6;;6;30 – 80 %;volatilite_annualisee;faible;254;calcul PEAFirst;une action n'est pas un PRIIPS : aucun SRI officiel n'existe, l'échelle est appliquée par analogie (254 séances seulement : une période courte peut masquer des phases de forte volatilité);2026-09-05
FR0000051302;HOCHE BAINS L.BAIN;Action;37.07;37.07;6;;6;30 – 80 %;volatilite_annualisee;faible;254;calcul PEAFirst;une action n'est pas un PRIIPS : aucun SRI officiel n'existe, l'échelle est appliquée par analogie (254 séances seulement : une période courte peut masquer des phases de forte volatilité);2026-09-05
FR0000051393;IDI;Action;14.96;14.96;4;;4;12 – 20 %;volatilite_annualisee;faible;254;calcul PEAFirst;une action n'est pas un PRIIPS : aucun SRI officiel n'existe, l'échelle est appliquée par analogie (254 séances seulement : une période courte peut masquer des phases de forte volatilité);2026-09-05
FR0000051807;TELEPERFORMANCE;Action;47.19;47.19;6;;6;30 – 80 %;volatilite_annualisee;faible;254;calcul PEAFirst;une action n'est pas un PRIIPS : aucun SRI officiel n'existe, l'échelle est appliquée par analogie (254 séances seulement : une période courte peut masquer des phases de forte volatilité);2026-09-05
FR0000052680;OENEO;Action;18.31;18.31;4;;4;12 – 20 %;volatilite_annualisee;faible;254;calcul PEAFirst;une action n'est pas un PRIIPS : aucun SRI officiel n'existe, l'échelle est appliquée par analogie (254 séances seulement : une période courte peut masquer des phases de forte volatilité);2026-09-05
FR0000053027;AKWEL;Action;34.99;34.99;6;;6;30 – 80 %;volatilite_annualisee;faible;254;calcul PEAFirst;une action n'est pas un PRIIPS : aucun SRI officiel n'existe, l'échelle est appliquée par analogie (254 séances seulement : une période courte peut masquer des phases de forte volatilité);2026-09-05
FR0000053035;GEA GRENOBL.ELECT.;Action;23.51;23.51;5;;5;20 – 30 %;volatilite_annualisee;faible;254;calcul PEAFirst;une action n'est pas un PRIIPS : aucun SRI officiel n'existe, l'échelle est appliquée par analogie (254 séances seulement : une période courte peut masquer des phases de forte volatilité);2026-09-05
FR0000053043;ADVINI;Action;25.26;25.26;5;;5;20 – 30 %;volatilite_annualisee;faible;254;calcul PEAFirst;une action n'est pas un PRIIPS : aucun SRI officiel n'existe, l'échelle est appliquée par analogie (254 séances seulement : une période courte peut masquer des phases de forte volatilité);2026-09-05
FR0000053225;METROPOLE TV;Action;21.77;21.77;5;;5;20 – 30 %;volatilite_annualisee;faible;254;calcul PEAFirst;une action n'est pas un PRIIPS : aucun SRI officiel n'existe, l'échelle est appliquée par analogie (254 séances seulement : une période courte peut masquer des phases de forte volatilité);2026-09-05
FR0000053324;ALPES (COMPAGNIE);Action;28.31;28.31;5;;5;20 – 30 %;volatilite_annualisee;faible;254;calcul PEAFirst;une action n'est pas un PRIIPS : aucun SRI officiel n'existe, l'échelle est appliquée par analogie (254 séances seulement : une période courte peut masquer des phases de forte volatilité);2026-09-05
FR0000053415;G.A.I.;Action;82.80;82.80;7;;7;> 80 %;volatilite_annualisee;faible;211;calcul PEAFirst;une action n'est pas un PRIIPS : aucun SRI officiel n'existe, l'échelle est appliquée par analogie (211 séances seulement : une période courte peut masquer des phases de forte volatilité);2026-09-05
FR0000053506;CEGEDIM;Action;37.05;37.05;6;;6;30 – 80 %;volatilite_annualisee;faible;254;calcul PEAFirst;une action n'est pas un PRIIPS : aucun SRI officiel n'existe, l'échelle est appliquée par analogie (254 séances seulement : une période courte peut masquer des phases de forte volatilité);2026-09-05
FR0000053738;HOTELIM;Action;101.92;101.92;7;;7;> 80 %;volatilite_annualisee;faible;72;calcul PEAFirst;une action n'est pas un PRIIPS : aucun SRI officiel n'existe, l'échelle est appliquée par analogie (72 séances seulement : une période courte peut masquer des phases de forte volatilité);2026-09-05
FR0000053837;ALTAMIR;Action;21.19;21.19;5;;5;20 – 30 %;volatilite_annualisee;faible;254;calcul PEAFirst;une action n'est pas un PRIIPS : aucun SRI officiel n'existe, l'échelle est appliquée par analogie (254 séances seulement : une période courte peut masquer des phases de forte volatilité);2026-09-05
FR0000053944;FONCIERE VOLTA;Action;62.37;62.37;6;;6;30 – 80 %;volatilite_annualisee;faible;254;calcul PEAFirst;une action n'est pas un PRIIPS : aucun SRI officiel n'existe, l'échelle est appliquée par analogie (254 séances seulement : une période courte peut masquer des phases de forte volatilité);2026-09-05
FR0000054132;DELFINGEN;Action;36.17;36.17;6;;6;30 – 80 %;volatilite_annualisee;faible;254;calcul PEAFirst;une action n'est pas un PRIIPS : aucun SRI officiel n'existe, l'échelle est appliquée par analogie (254 séances seulement : une période courte peut masquer des phases de forte volatilité);2026-09-05
FR0000054199;ST DUPONT;Action;32.48;32.48;6;;6;30 – 80 %;volatilite_annualisee;faible;254;calcul PEAFirst;une action n'est pas un PRIIPS : aucun SRI officiel n'existe, l'échelle est appliquée par analogie (254 séances seulement : une période courte peut masquer des phases de forte volatilité);2026-09-05
FR0000054231;HIGH CO;Action;35.11;35.11;6;;6;30 – 80 %;volatilite_annualisee;faible;254;calcul PEAFirst;une action n'est pas un PRIIPS : aucun SRI officiel n'existe, l'échelle est appliquée par analogie (254 séances seulement : une période courte peut masquer des phases de forte volatilité);2026-09-05
FR0000054322;CIBOX INTER A CTIV;Action;51.03;51.03;6;;6;30 – 80 %;volatilite_annualisee;faible;254;calcul PEAFirst;une action n'est pas un PRIIPS : aucun SRI officiel n'existe, l'échelle est appliquée par analogie (254 séances seulement : une période courte peut masquer des phases de forte volatilité);2026-09-05
FR0000054371;SPEED RABBIT PIZZA;Action;99.05;99.05;7;;7;> 80 %;volatilite_annualisee;faible;254;calcul PEAFirst;une action n'est pas un PRIIPS : aucun SRI officiel n'existe, l'échelle est appliquée par analogie (254 séances seulement : une période courte peut masquer des phases de forte volatilité);2026-09-05
FR0000054421;BOURRELIER GROUP;Action;63.48;63.48;6;;6;30 – 80 %;volatilite_annualisee;faible;253;calcul PEAFirst;une action n'est pas un PRIIPS : aucun SRI officiel n'existe, l'échelle est appliquée par analogie (253 séances seulement : une période courte peut masquer des phases de forte volatilité);2026-09-05
FR0000060071;SAMSE;Action;21.08;21.08;5;;5;20 – 30 %;volatilite_annualisee;faible;253;calcul PEAFirst;une action n'est pas un PRIIPS : aucun SRI officiel n'existe, l'échelle est appliquée par analogie (253 séances seulement : une période courte peut masquer des phases de forte volatilité);2026-09-05
FR0000060121;SAINT JEAN GROUPE;Action;29.94;29.94;5;;5;20 – 30 %;volatilite_annualisee;faible;254;calcul PEAFirst;une action n'est pas un PRIIPS : aucun SRI officiel n'existe, l'échelle est appliquée par analogie (254 séances seulement : une période courte peut masquer des phases de forte volatilité);2026-09-05
FR0000060303;COVIVIO HOTELS;Action;25.20;25.20;5;;5;20 – 30 %;volatilite_annualisee;faible;254;calcul PEAFirst;une action n'est pas un PRIIPS : aucun SRI officiel n'existe, l'échelle est appliquée par analogie (254 séances seulement : une période courte peut masquer des phases de forte volatilité);2026-09-05
FR0000060428;CIE DU MONT BLANC;Action;34.48;34.48;6;;6;30 – 80 %;volatilite_annualisee;faible;253;calcul PEAFirst;une action n'est pas un PRIIPS : aucun SRI officiel n'existe, l'échelle est appliquée par analogie (253 séances seulement : une période courte peut masquer des phases de forte volatilité);2026-09-05
FR0000060451;INSTALLUX;Action;103.63;103.63;7;;7;> 80 %;volatilite_annualisee;faible;124;calcul PEAFirst;une action n'est pas un PRIIPS : aucun SRI officiel n'existe, l'échelle est appliquée par analogie (124 séances seulement : une période courte peut masquer des phases de forte volatilité);2026-09-05
FR0000060535;FIDUCIAL REAL EST.;Action;13.16;13.16;4;;4;12 – 20 %;volatilite_annualisee;faible;254;calcul PEAFirst;une action n'est pas un PRIIPS : aucun SRI officiel n'existe, l'échelle est appliquée par analogie (254 séances seulement : une période courte peut masquer des phases de forte volatilité);2026-09-05
FR0000060790;SIGNAUX GIROD;Action;32.58;32.58;6;;6;30 – 80 %;volatilite_annualisee;faible;254;calcul PEAFirst;une action n'est pas un PRIIPS : aucun SRI officiel n'existe, l'échelle est appliquée par analogie (254 séances seulement : une période courte peut masquer des phases de forte volatilité);2026-09-05
FR0000060824;FINANCIERE MARJOS;Action;114.00;114.00;7;;7;> 80 %;volatilite_annualisee;faible;254;calcul PEAFirst;une action n'est pas un PRIIPS : aucun SRI officiel n'existe, l'échelle est appliquée par analogie (254 séances seulement : une période courte peut masquer des phases de forte volatilité);2026-09-05
FR0000060840;DEVERNOIS;Action;20.40;20.40;5;;5;20 – 30 %;volatilite_annualisee;faible;254;calcul PEAFirst;une action n'est pas un PRIIPS : aucun SRI officiel n'existe, l'échelle est appliquée par analogie (254 séances seulement : une période courte peut masquer des phases de forte volatilité);2026-09-05
FR0000060873;MBWS;Action;23.71;23.71;5;;5;20 – 30 %;volatilite_annualisee;faible;254;calcul PEAFirst;une action n'est pas un PRIIPS : aucun SRI officiel n'existe, l'échelle est appliquée par analogie (254 séances seulement : une période courte peut masquer des phases de forte volatilité);2026-09-05
FR0000061129;BOIRON;Action;32.66;32.66;6;;6;30 – 80 %;volatilite_annualisee;faible;254;calcul PEAFirst;une action n'est pas un PRIIPS : aucun SRI officiel n'existe, l'échelle est appliquée par analogie (254 séances seulement : une période courte peut masquer des phases de forte volatilité);2026-09-05
FR0000061137;BURELLE;Action;26.03;26.03;5;;5;20 – 30 %;volatilite_annualisee;faible;254;calcul PEAFirst;une action n'est pas un PRIIPS : aucun SRI officiel n'existe, l'échelle est appliquée par analogie (254 séances seulement : une période courte peut masquer des phases de forte volatilité);2026-09-05
FR0000061244;ALTHEORA;Action;70.57;70.57;6;;6;30 – 80 %;volatilite_annualisee;faible;254;calcul PEAFirst;une action n'est pas un PRIIPS : aucun SRI officiel n'existe, l'échelle est appliquée par analogie (254 séances seulement : une période courte peut masquer des phases de forte volatilité);2026-09-05
FR0000061418;FIDUCIAL OFF.SOL.;Action;22.54;22.54;5;;5;20 – 30 %;volatilite_annualisee;faible;254;calcul PEAFirst;une action n'est pas un PRIIPS : aucun SRI officiel n'existe, l'échelle est appliquée par analogie (254 séances seulement : une période courte peut masquer des phases de forte volatilité);2026-09-05
FR0000061459;PERRIER (GERARD);Action;15.52;15.52;4;;4;12 – 20 %;volatilite_annualisee;faible;254;calcul PEAFirst;une action n'est pas un PRIIPS : aucun SRI officiel n'existe, l'échelle est appliquée par analogie (254 séances seulement : une période courte peut masquer des phases de forte volatilité);2026-09-05
FR0000061475;EURASIA FONC INV;Action;55.60;55.60;6;;6;30 – 80 %;volatilite_annualisee;faible;254;calcul PEAFirst;une action n'est pas un PRIIPS : aucun SRI officiel n'existe, l'échelle est appliquée par analogie (254 séances seulement : une période courte peut masquer des phases de forte volatilité);2026-09-05
FR0000061608;PISCINES DESJOYAUX;Action;25.67;25.67;5;;5;20 – 30 %;volatilite_annualisee;faible;254;calcul PEAFirst;une action n'est pas un PRIIPS : aucun SRI officiel n'existe, l'échelle est appliquée par analogie (254 séances seulement : une période courte peut masquer des phases de forte volatilité);2026-09-05
FR0000061780;AUGROS COSMETIC;Action;83.59;83.59;7;;7;> 80 %;volatilite_annualisee;faible;254;calcul PEAFirst;une action n'est pas un PRIIPS : aucun SRI officiel n'existe, l'échelle est appliquée par analogie (254 séances seulement : une période courte peut masquer des phases de forte volatilité);2026-09-05
FR0000062101;FERM.CAS.MUN.CANNE;Action;44.14;44.14;6;;6;30 – 80 %;volatilite_annualisee;faible;254;calcul PEAFirst;une action n'est pas un PRIIPS : aucun SRI officiel n'existe, l'échelle est appliquée par analogie (254 séances seulement : une période courte peut masquer des phases de forte volatilité);2026-09-05
FR0000062234;COMPAGNIE ODET;Action;20.52;20.52;5;;5;20 – 30 %;volatilite_annualisee;faible;254;calcul PEAFirst;une action n'est pas un PRIIPS : aucun SRI officiel n'existe, l'échelle est appliquée par analogie (254 séances seulement : une période courte peut masquer des phases de forte volatilité);2026-09-05
FR0000062465;ALAN ALLMAN;Action;66.39;66.39;6;;6;30 – 80 %;volatilite_annualisee;faible;254;calcul PEAFirst;une action n'est pas un PRIIPS : aucun SRI officiel n'existe, l'échelle est appliquée par analogie (254 séances seulement : une période courte peut masquer des phases de forte volatilité);2026-09-05
FR0000062671;EXAIL TECHNOLOGIES;Action;63.63;63.63;6;;6;30 – 80 %;volatilite_annualisee;faible;254;calcul PEAFirst;une action n'est pas un PRIIPS : aucun SRI officiel n'existe, l'échelle est appliquée par analogie (254 séances seulement : une période courte peut masquer des phases de forte volatilité);2026-09-05
FR0000062788;BARBARA BUI;Action;27.75;27.75;5;;5;20 – 30 %;volatilite_annualisee;faible;254;calcul PEAFirst;une action n'est pas un PRIIPS : aucun SRI officiel n'existe, l'échelle est appliquée par analogie (254 séances seulement : une période courte peut masquer des phases de forte volatilité);2026-09-05
FR0000062978;DEKUPLE;Action;30.54;30.54;6;;6;30 – 80 %;volatilite_annualisee;faible;254;calcul PEAFirst;une action n'est pas un PRIIPS : aucun SRI officiel n'existe, l'échelle est appliquée par analogie (254 séances seulement : une période courte peut masquer des phases de forte volatilité);2026-09-05
FR0000063307;TBSO;Action;142.14;142.14;7;;7;> 80 %;volatilite_annualisee;faible;254;calcul PEAFirst;une action n'est pas un PRIIPS : aucun SRI officiel n'existe, l'échelle est appliquée par analogie (254 séances seulement : une période courte peut masquer des phases de forte volatilité);2026-09-05
FR0000063737;AUBAY;Action;31.29;31.29;6;;6;30 – 80 %;volatilite_annualisee;faible;254;calcul PEAFirst;une action n'est pas un PRIIPS : aucun SRI officiel n'existe, l'échelle est appliquée par analogie (254 séances seulement : une période courte peut masquer des phases de forte volatilité);2026-09-05
FR0000063935;BONDUELLE;Action;29.31;29.31;5;;5;20 – 30 %;volatilite_annualisee;faible;254;calcul PEAFirst;une action n'est pas un PRIIPS : aucun SRI officiel n'existe, l'échelle est appliquée par analogie (254 séances seulement : une période courte peut masquer des phases de forte volatilité);2026-09-05
FR0000064164;EXACOMPTA CLAIREF.;Action;24.14;24.14;5;;5;20 – 30 %;volatilite_annualisee;faible;238;calcul PEAFirst;une action n'est pas un PRIIPS : aucun SRI officiel n'existe, l'échelle est appliquée par analogie (238 séances seulement : une période courte peut masquer des phases de forte volatilité);2026-09-05
FR0000064271;STEF;Action;20.79;20.79;5;;5;20 – 30 %;volatilite_annualisee;faible;254;calcul PEAFirst;une action n'est pas un PRIIPS : aucun SRI officiel n'existe, l'échelle est appliquée par analogie (254 séances seulement : une période courte peut masquer des phases de forte volatilité);2026-09-05
FR0000064297;INNELEC MULTIMEDIA;Action;49.20;49.20;6;;6;30 – 80 %;volatilite_annualisee;faible;254;calcul PEAFirst;une action n'est pas un PRIIPS : aucun SRI officiel n'existe, l'échelle est appliquée par analogie (254 séances seulement : une période courte peut masquer des phases de forte volatilité);2026-09-05
FR0000064446;CATERING INTL SCES;Action;33.76;33.76;6;;6;30 – 80 %;volatilite_annualisee;faible;254;calcul PEAFirst;une action n'est pas un PRIIPS : aucun SRI officiel n'existe, l'échelle est appliquée par analogie (254 séances seulement : une période courte peut masquer des phases de forte volatilité);2026-09-05
FR0000064529;NSC GROUPE;Action;67.84;67.84;6;;6;30 – 80 %;volatilite_annualisee;faible;127;calcul PEAFirst;une action n'est pas un PRIIPS : aucun SRI officiel n'existe, l'échelle est appliquée par analogie (127 séances seulement : une période courte peut masquer des phases de forte volatilité);2026-09-05
FR0000064578;COVIVIO;Action;21.88;21.88;5;;5;20 – 30 %;volatilite_annualisee;faible;254;calcul PEAFirst;une action n'est pas un PRIIPS : aucun SRI officiel n'existe, l'échelle est appliquée par analogie (254 séances seulement : une période courte peut masquer des phases de forte volatilité);2026-09-05
FR0000064602;ACANTHE DEV.;Action;37.28;37.28;6;;6;30 – 80 %;volatilite_annualisee;faible;254;calcul PEAFirst;une action n'est pas un PRIIPS : aucun SRI officiel n'existe, l'échelle est appliquée par analogie (254 séances seulement : une période courte peut masquer des phases de forte volatilité);2026-09-05
FR0000064784;PEUGEOT INVEST;Action;22.94;22.94;5;;5;20 – 30 %;volatilite_annualisee;faible;254;calcul PEAFirst;une action n'est pas un PRIIPS : aucun SRI officiel n'existe, l'échelle est appliquée par analogie (254 séances seulement : une période courte peut masquer des phases de forte volatilité);2026-09-05
FR0000065260;DOCK.PETR.AMBES AM;Action;25.88;25.88;5;;5;20 – 30 %;volatilite_annualisee;faible;234;calcul PEAFirst;une action n'est pas un PRIIPS : aucun SRI officiel n'existe, l'échelle est appliquée par analogie (234 séances seulement : une période courte peut masquer des phases de forte volatilité);2026-09-05
FR0000065278;HOPSCOTCH GROUPE;Action;31.85;31.85;6;;6;30 – 80 %;volatilite_annualisee;faible;254;calcul PEAFirst;une action n'est pas un PRIIPS : aucun SRI officiel n'existe, l'échelle est appliquée par analogie (254 séances seulement : une période courte peut masquer des phases de forte volatilité);2026-09-05
FR0000065393;COURTOIS;Action;23.41;23.41;5;;5;20 – 30 %;volatilite_annualisee;faible;254;calcul PEAFirst;une action n'est pas un PRIIPS : aucun SRI officiel n'existe, l'échelle est appliquée par analogie (254 séances seulement : une période courte peut masquer des phases de forte volatilité);2026-09-05
FR0000065484;LECTRA;Action;33.53;33.53;6;;6;30 – 80 %;volatilite_annualisee;faible;254;calcul PEAFirst;une action n'est pas un PRIIPS : aucun SRI officiel n'existe, l'échelle est appliquée par analogie (254 séances seulement : une période courte peut masquer des phases de forte volatilité);2026-09-05
FR0000065773;IMPRIMERIE CHIRAT;Action;18.64;18.64;4;;4;12 – 20 %;volatilite_annualisee;faible;254;calcul PEAFirst;une action n'est pas un PRIIPS : aucun SRI officiel n'existe, l'échelle est appliquée par analogie (254 séances seulement : une période courte peut masquer des phases de forte volatilité);2026-09-05
FR0000065864;SOGECLAIR;Action;40.70;40.70;6;;6;30 – 80 %;volatilite_annualisee;faible;254;calcul PEAFirst;une action n'est pas un PRIIPS : aucun SRI officiel n'existe, l'échelle est appliquée par analogie (254 séances seulement : une période courte peut masquer des phases de forte volatilité);2026-09-05
FR0000065930;FONCIERE 7 INVEST;Action;73.32;73.32;6;;6;30 – 80 %;volatilite_annualisee;faible;254;calcul PEAFirst;une action n'est pas un PRIIPS : aucun SRI officiel n'existe, l'échelle est appliquée par analogie (254 séances seulement : une période courte peut masquer des phases de forte volatilité);2026-09-05
FR0000065971;GRAINES VOLTZ;Action;31.71;31.71;6;;6;30 – 80 %;volatilite_annualisee;faible;254;calcul PEAFirst;une action n'est pas un PRIIPS : aucun SRI officiel n'existe, l'échelle est appliquée par analogie (254 séances seulement : une période courte peut masquer des phases de forte volatilité);2026-09-05
FR0000066441;POUJOULAT;Action;39.30;39.30;6;;6;30 – 80 %;volatilite_annualisee;faible;254;calcul PEAFirst;une action n'est pas un PRIIPS : aucun SRI officiel n'existe, l'échelle est appliquée par analogie (254 séances seulement : une période courte peut masquer des phases de forte volatilité);2026-09-05
FR0000066540;HERIGE;Action;30.39;30.39;6;;6;30 – 80 %;volatilite_annualisee;faible;254;calcul PEAFirst;une action n'est pas un PRIIPS : aucun SRI officiel n'existe, l'échelle est appliquée par analogie (254 séances seulement : une période courte peut masquer des phases de forte volatilité);2026-09-05
FR0000066607;LACROIX GROUP;Action;61.65;61.65;6;;6;30 – 80 %;volatilite_annualisee;faible;254;calcul PEAFirst;une action n'est pas un PRIIPS : aucun SRI officiel n'existe, l'échelle est appliquée par analogie (254 séances seulement : une période courte peut masquer des phases de forte volatilité);2026-09-05
FR0000066672;GL EVENTS;Action;28.07;28.07;5;;5;20 – 30 %;volatilite_annualisee;faible;254;calcul PEAFirst;une action n'est pas un PRIIPS : aucun SRI officiel n'existe, l'échelle est appliquée par analogie (254 séances seulement : une période courte peut masquer des phases de forte volatilité);2026-09-05
FR0000066722;GUILLEMOT;Action;36.61;36.61;6;;6;30 – 80 %;volatilite_annualisee;faible;254;calcul PEAFirst;une action n'est pas un PRIIPS : aucun SRI officiel n'existe, l'échelle est appliquée par analogie (254 séances seulement : une période courte peut masquer des phases de forte volatilité);2026-09-05
FR0000066755;HAULOTTE GROUP;Action;29.63;29.63;5;;5;20 – 30 %;volatilite_annualisee;faible;254;calcul PEAFirst;une action n'est pas un PRIIPS : aucun SRI officiel n'existe, l'échelle est appliquée par analogie (254 séances seulement : une période courte peut masquer des phases de forte volatilité);2026-09-05
FR0000066961;BERNARD LOISEAU;Action;89.95;89.95;7;;7;> 80 %;volatilite_annualisee;faible;254;calcul PEAFirst;une action n'est pas un PRIIPS : aucun SRI officiel n'existe, l'échelle est appliquée par analogie (254 séances seulement : une période courte peut masquer des phases de forte volatilité);2026-09-05
FR0000071797;INFOTEL;Action;30.46;30.46;6;;6;30 – 80 %;volatilite_annualisee;faible;254;calcul PEAFirst;une action n'est pas un PRIIPS : aucun SRI officiel n'existe, l'échelle est appliquée par analogie (254 séances seulement : une période courte peut masquer des phases de forte volatilité);2026-09-05
FR0000072373;EGIDE;Action;107.42;107.42;7;;7;> 80 %;volatilite_annualisee;faible;254;calcul PEAFirst;une action n'est pas un PRIIPS : aucun SRI officiel n'existe, l'échelle est appliquée par analogie (254 séances seulement : une période courte peut masquer des phases de forte volatilité);2026-09-05
FR0000072597;IT LINK;Action;32.34;32.34;6;;6;30 – 80 %;volatilite_annualisee;faible;254;calcul PEAFirst;une action n'est pas un PRIIPS : aucun SRI officiel n'existe, l'échelle est appliquée par analogie (254 séances seulement : une période courte peut masquer des phases de forte volatilité);2026-09-05
FR0000073041;PIERRE VACANCES;Action;28.51;28.51;5;;5;20 – 30 %;volatilite_annualisee;faible;254;calcul PEAFirst;une action n'est pas un PRIIPS : aucun SRI officiel n'existe, l'échelle est appliquée par analogie (254 séances seulement : une période courte peut masquer des phases de forte volatilité);2026-09-05
FR0000074072;BIGBEN INTERACTIVE;Action;112.99;112.99;7;;7;> 80 %;volatilite_annualisee;faible;254;calcul PEAFirst;une action n'est pas un PRIIPS : aucun SRI officiel n'existe, l'échelle est appliquée par analogie (254 séances seulement : une période courte peut masquer des phases de forte volatilité);2026-09-05
FR0000074148;ASSYSTEM;Action;29.59;29.59;5;;5;20 – 30 %;volatilite_annualisee;faible;254;calcul PEAFirst;une action n'est pas un PRIIPS : aucun SRI officiel n'existe, l'échelle est appliquée par analogie (254 séances seulement : une période courte peut masquer des phases de forte volatilité);2026-09-05
FR0000074197;UNION TECH.INFOR.;Action;64.44;64.44;6;;6;30 – 80 %;volatilite_annualisee;faible;254;calcul PEAFirst;une action n'est pas un PRIIPS : aucun SRI officiel n'existe, l'échelle est appliquée par analogie (254 séances seulement : une période courte peut masquer des phases de forte volatilité);2026-09-05
FR0000074254;BOURSE DIRECT;Action;28.02;28.02;5;;5;20 – 30 %;volatilite_annualisee;faible;254;calcul PEAFirst;une action n'est pas un PRIIPS : aucun SRI officiel n'existe, l'échelle est appliquée par analogie (254 séances seulement : une période courte peut masquer des phases de forte volatilité);2026-09-05
FR0000074759;FLEURY MICHON;Action;23.44;23.44;5;;5;20 – 30 %;volatilite_annualisee;faible;254;calcul PEAFirst;une action n'est pas un PRIIPS : aucun SRI officiel n'existe, l'échelle est appliquée par analogie (254 séances seulement : une période courte peut masquer des phases de forte volatilité);2026-09-05
FR0000074775;STRADIM ESPAC.FIN;Action;85.10;85.10;7;;7;> 80 %;volatilite_annualisee;faible;254;calcul PEAFirst;une action n'est pas un PRIIPS : aucun SRI officiel n'existe, l'échelle est appliquée par analogie (254 séances seulement : une période courte peut masquer des phases de forte volatilité);2026-09-05
FR0000074783;ARTMARKET COM;Action;45.79;45.79;6;;6;30 – 80 %;volatilite_annualisee;faible;254;calcul PEAFirst;une action n'est pas un PRIIPS : aucun SRI officiel n'existe, l'échelle est appliquée par analogie (254 séances seulement : une période courte peut masquer des phases de forte volatilité);2026-09-05
FR0000075343;LABO EUROMEDIS;Action;37.52;37.52;6;;6;30 – 80 %;volatilite_annualisee;faible;254;calcul PEAFirst;une action n'est pas un PRIIPS : aucun SRI officiel n'existe, l'échelle est appliquée par analogie (254 séances seulement : une période courte peut masquer des phases de forte volatilité);2026-09-05
FR0000075442;GROUPE LDLC;Action;53.25;53.25;6;;6;30 – 80 %;volatilite_annualisee;faible;254;calcul PEAFirst;une action n'est pas un PRIIPS : aucun SRI officiel n'existe, l'échelle est appliquée par analogie (254 séances seulement : une période courte peut masquer des phases de forte volatilité);2026-09-05
FR0000075954;RIBER;Action;80.02;80.02;7;;7;> 80 %;volatilite_annualisee;faible;254;calcul PEAFirst;une action n'est pas un PRIIPS : aucun SRI officiel n'existe, l'échelle est appliquée par analogie (254 séances seulement : une période courte peut masquer des phases de forte volatilité);2026-09-05
FR0000076655;ACTIA GROUP;Action;37.18;37.18;6;;6;30 – 80 %;volatilite_annualisee;faible;254;calcul PEAFirst;une action n'est pas un PRIIPS : aucun SRI officiel n'existe, l'échelle est appliquée par analogie (254 séances seulement : une période courte peut masquer des phases de forte volatilité);2026-09-05
FR0000076861;ACTEOS;Action;40.89;40.89;6;;6;30 – 80 %;volatilite_annualisee;faible;254;calcul PEAFirst;une action n'est pas un PRIIPS : aucun SRI officiel n'existe, l'échelle est appliquée par analogie (254 séances seulement : une période courte peut masquer des phases de forte volatilité);2026-09-05
FR0000076952;ARTOIS NOM.;Action;31.74;31.74;6;;6;30 – 80 %;volatilite_annualisee;faible;97;calcul PEAFirst;une action n'est pas un PRIIPS : aucun SRI officiel n'existe, l'échelle est appliquée par analogie (97 séances seulement : une période courte peut masquer des phases de forte volatilité);2026-09-05
FR0000076960;GROUPE CARNIVOR;Action;71.44;71.44;6;;6;30 – 80 %;volatilite_annualisee;faible;253;calcul PEAFirst;une action n'est pas un PRIIPS : aucun SRI officiel n'existe, l'échelle est appliquée par analogie (253 séances seulement : une période courte peut masquer des phases de forte volatilité);2026-09-05
FR0000077885;DAMARIS;Action;69.23;69.23;6;;6;30 – 80 %;volatilite_annualisee;faible;253;calcul PEAFirst;une action n'est pas un PRIIPS : aucun SRI officiel n'existe, l'échelle est appliquée par analogie (253 séances seulement : une période courte peut masquer des phases de forte volatilité);2026-09-05
FR0000077992;PACTE NOVATION;Action;27.76;27.76;5;;5;20 – 30 %;volatilite_annualisee;faible;254;calcul PEAFirst;une action n'est pas un PRIIPS : aucun SRI officiel n'existe, l'échelle est appliquée par analogie (254 séances seulement : une période courte peut masquer des phases de forte volatilité);2026-09-05
FR0000078321;SODITECH;Action;65.56;65.56;6;;6;30 – 80 %;volatilite_annualisee;faible;141;calcul PEAFirst;une action n'est pas un PRIIPS : aucun SRI officiel n'existe, l'échelle est appliquée par analogie (141 séances seulement : une période courte peut masquer des phases de forte volatilité);2026-09-05
FR0000079147;U10 CORP;Action;34.63;34.63;6;;6;30 – 80 %;volatilite_annualisee;faible;254;calcul PEAFirst;une action n'est pas un PRIIPS : aucun SRI officiel n'existe, l'échelle est appliquée par analogie (254 séances seulement : une période courte peut masquer des phases de forte volatilité);2026-09-05
FR0000079691;IDS;Action;65.06;65.06;6;;6;30 – 80 %;volatilite_annualisee;faible;253;calcul PEAFirst;une action n'est pas un PRIIPS : aucun SRI officiel n'existe, l'échelle est appliquée par analogie (253 séances seulement : une période courte peut masquer des phases de forte volatilité);2026-09-05
FR0000120073;AIR LIQUIDE;Action;17.34;17.34;4;;4;12 – 20 %;volatilite_annualisee;faible;254;calcul PEAFirst;une action n'est pas un PRIIPS : aucun SRI officiel n'existe, l'échelle est appliquée par analogie (254 séances seulement : une période courte peut masquer des phases de forte volatilité);2026-09-05
FR0000120107;SAVENCIA;Action;25.48;25.48;5;;5;20 – 30 %;volatilite_annualisee;faible;254;calcul PEAFirst;une action n'est pas un PRIIPS : aucun SRI officiel n'existe, l'échelle est appliquée par analogie (254 séances seulement : une période courte peut masquer des phases de forte volatilité);2026-09-05
FR0000120404;ACCOR;Action;28.40;28.40;5;;5;20 – 30 %;volatilite_annualisee;faible;254;calcul PEAFirst;une action n'est pas un PRIIPS : aucun SRI officiel n'existe, l'échelle est appliquée par analogie (254 séances seulement : une période courte peut masquer des phases de forte volatilité);2026-09-05
FR0000120560;QUADIENT;Action;36.87;36.87;6;;6;30 – 80 %;volatilite_annualisee;faible;254;calcul PEAFirst;une action n'est pas un PRIIPS : aucun SRI officiel n'existe, l'échelle est appliquée par analogie (254 séances seulement : une période courte peut masquer des phases de forte volatilité);2026-09-05
FR0000120669;North Atlantic En.;Action;54.58;54.58;6;;6;30 – 80 %;volatilite_annualisee;faible;189;calcul PEAFirst;une action n'est pas un PRIIPS : aucun SRI officiel n'existe, l'échelle est appliquée par analogie (189 séances seulement : une période courte peut masquer des phases de forte volatilité);2026-09-05
FR0000120966;BIC;Action;22.70;22.70;5;;5;20 – 30 %;volatilite_annualisee;faible;254;calcul PEAFirst;une action n'est pas un PRIIPS : aucun SRI officiel n'existe, l'échelle est appliquée par analogie (254 séances seulement : une période courte peut masquer des phases de forte volatilité);2026-09-05
FR0000121295;LEBON;Action;22.30;22.30;5;;5;20 – 30 %;volatilite_annualisee;faible;254;calcul PEAFirst;une action n'est pas un PRIIPS : aucun SRI officiel n'existe, l'échelle est appliquée par analogie (254 séances seulement : une période courte peut masquer des phases de forte volatilité);2026-09-05
FR0000121691;NRJ GROUP;Action;21.10;21.10;5;;5;20 – 30 %;volatilite_annualisee;faible;254;calcul PEAFirst;une action n'est pas un PRIIPS : aucun SRI officiel n'existe, l'échelle est appliquée par analogie (254 séances seulement : une période courte peut masquer des phases de forte volatilité);2026-09-05
FR0000124414;GASCOGNE;Action;59.84;59.84;6;;6;30 – 80 %;volatilite_annualisee;faible;254;calcul PEAFirst;une action n'est pas un PRIIPS : aucun SRI officiel n'existe, l'échelle est appliquée par analogie (254 séances seulement : une période courte peut masquer des phases de forte volatilité);2026-09-05
FR0000124570;OPMOBILITY;Action;33.61;33.61;6;;6;30 – 80 %;volatilite_annualisee;faible;254;calcul PEAFirst;une action n'est pas un PRIIPS : aucun SRI officiel n'existe, l'échelle est appliquée par analogie (254 séances seulement : une période courte peut masquer des phases de forte volatilité);2026-09-05
FR0000130213;LAGARDERE SA;Action;18.78;18.78;4;;4;12 – 20 %;volatilite_annualisee;faible;254;calcul PEAFirst;une action n'est pas un PRIIPS : aucun SRI officiel n'existe, l'échelle est appliquée par analogie (254 séances seulement : une période courte peut masquer des phases de forte volatilité);2026-09-05
FR0000130395;REMY COINTREAU;Action;36.85;36.85;6;;6;30 – 80 %;volatilite_annualisee;faible;254;calcul PEAFirst;une action n'est pas un PRIIPS : aucun SRI officiel n'existe, l'échelle est appliquée par analogie (254 séances seulement : une période courte peut masquer des phases de forte volatilité);2026-09-05
FR0000130403;CHRISTIAN DIOR;Action;30.37;30.37;6;;6;30 – 80 %;volatilite_annualisee;faible;254;calcul PEAFirst;une action n'est pas un PRIIPS : aucun SRI officiel n'existe, l'échelle est appliquée par analogie (254 séances seulement : une période courte peut masquer des phases de forte volatilité);2026-09-05
FR0000130692;CIECHARGEURSINVEST;Action;40.66;40.66;6;;6;30 – 80 %;volatilite_annualisee;faible;254;calcul PEAFirst;une action n'est pas un PRIIPS : aucun SRI officiel n'existe, l'échelle est appliquée par analogie (254 séances seulement : une période courte peut masquer des phases de forte volatilité);2026-09-05
FR0000133308;ORANGE;Action;23.09;23.09;5;;5;20 – 30 %;volatilite_annualisee;faible;254;calcul PEAFirst;une action n'est pas un PRIIPS : aucun SRI officiel n'existe, l'échelle est appliquée par analogie (254 séances seulement : une période courte peut masquer des phases de forte volatilité);2026-09-05
FR0000185423;DAMARTEX;Action;37.00;37.00;6;;6;30 – 80 %;volatilite_annualisee;faible;254;calcul PEAFirst;une action n'est pas un PRIIPS : aucun SRI officiel n'existe, l'échelle est appliquée par analogie (254 séances seulement : une période courte peut masquer des phases de forte volatilité);2026-09-05
FR0000185464;NOVATECH IND.;Action;76.79;76.79;6;;6;30 – 80 %;volatilite_annualisee;faible;254;calcul PEAFirst;une action n'est pas un PRIIPS : aucun SRI officiel n'existe, l'échelle est appliquée par analogie (254 séances seulement : une période courte peut masquer des phases de forte volatilité);2026-09-05
FR0000185506;CRCAM ATL.VEND.CCI;Action;32.30;32.30;6;;6;30 – 80 %;volatilite_annualisee;faible;254;calcul PEAFirst;une action n'est pas un PRIIPS : aucun SRI officiel n'existe, l'échelle est appliquée par analogie (254 séances seulement : une période courte peut masquer des phases de forte volatilité);2026-09-05
FR0000185514;CRCAM NORD CCI;Action;32.26;32.26;6;;6;30 – 80 %;volatilite_annualisee;faible;254;calcul PEAFirst;une action n'est pas un PRIIPS : aucun SRI officiel n'existe, l'échelle est appliquée par analogie (254 séances seulement : une période courte peut masquer des phases de forte volatilité);2026-09-05
FR0004007813;KAUFMAN ET BROAD;Action;22.93;22.93;5;;5;20 – 30 %;volatilite_annualisee;faible;254;calcul PEAFirst;une action n'est pas un PRIIPS : aucun SRI officiel n'existe, l'échelle est appliquée par analogie (254 séances seulement : une période courte peut masquer des phases de forte volatilité);2026-09-05
FR0004010338;GROUPE JAJ;Action;82.12;82.12;7;;7;> 80 %;volatilite_annualisee;faible;254;calcul PEAFirst;une action n'est pas un PRIIPS : aucun SRI officiel n'existe, l'échelle est appliquée par analogie (254 séances seulement : une période courte peut masquer des phases de forte volatilité);2026-09-05
FR0004016699;SMTPC;Action;8.04;8.04;3;;3;5 – 12 %;volatilite_annualisee;faible;254;calcul PEAFirst;une action n'est pas un PRIIPS : aucun SRI officiel n'existe, l'échelle est appliquée par analogie (254 séances seulement : une période courte peut masquer des phases de forte volatilité);2026-09-05
FR0004023208;BASSAC;Action;31.23;31.23;6;;6;30 – 80 %;volatilite_annualisee;faible;254;calcul PEAFirst;une action n'est pas un PRIIPS : aucun SRI officiel n'existe, l'échelle est appliquée par analogie (254 séances seulement : une période courte peut masquer des phases de forte volatilité);2026-09-05
FR0004027068;LANSON-BCC;Action;19.60;19.60;4;;4;12 – 20 %;volatilite_annualisee;faible;254;calcul PEAFirst;une action n'est pas un PRIIPS : aucun SRI officiel n'existe, l'échelle est appliquée par analogie (254 séances seulement : une période courte peut masquer des phases de forte volatilité);2026-09-05
FR0004029411;KEYRUS;Action;29.25;29.25;5;;5;20 – 30 %;volatilite_annualisee;faible;254;calcul PEAFirst;une action n'est pas un PRIIPS : aucun SRI officiel n'existe, l'échelle est appliquée par analogie (254 séances seulement : une période courte peut masquer des phases de forte volatilité);2026-09-05
FR0004030708;ENCRES DUBUIT;Action;39.91;39.91;6;;6;30 – 80 %;volatilite_annualisee;faible;254;calcul PEAFirst;une action n'est pas un PRIIPS : aucun SRI officiel n'existe, l'échelle est appliquée par analogie (254 séances seulement : une période courte peut masquer des phases de forte volatilité);2026-09-05
FR0004031763;COHERIS;Action;56.52;56.52;6;;6;30 – 80 %;volatilite_annualisee;faible;247;calcul PEAFirst;une action n'est pas un PRIIPS : aucun SRI officiel n'existe, l'échelle est appliquée par analogie (247 séances seulement : une période courte peut masquer des phases de forte volatilité);2026-09-05
FR0004034072;XILAM ANIMATION;Action;63.84;63.84;6;;6;30 – 80 %;volatilite_annualisee;faible;254;calcul PEAFirst;une action n'est pas un PRIIPS : aucun SRI officiel n'existe, l'échelle est appliquée par analogie (254 séances seulement : une période courte peut masquer des phases de forte volatilité);2026-09-05
FR0004034320;MR BRICOLAGE;Action;34.06;34.06;6;;6;30 – 80 %;volatilite_annualisee;faible;254;calcul PEAFirst;une action n'est pas un PRIIPS : aucun SRI officiel n'existe, l'échelle est appliquée par analogie (254 séances seulement : une période courte peut masquer des phases de forte volatilité);2026-09-05
FR0004038263;PARROT;Action;71.76;71.76;6;;6;30 – 80 %;volatilite_annualisee;faible;254;calcul PEAFirst;une action n'est pas un PRIIPS : aucun SRI officiel n'existe, l'échelle est appliquée par analogie (254 séances seulement : une période courte peut masquer des phases de forte volatilité);2026-09-05
FR0004040608;ABC ARBITRAGE;Action;18.16;18.16;4;;4;12 – 20 %;volatilite_annualisee;faible;254;calcul PEAFirst;une action n'est pas un PRIIPS : aucun SRI officiel n'existe, l'échelle est appliquée par analogie (254 séances seulement : une période courte peut masquer des phases de forte volatilité);2026-09-05
FR0004044600;PRISMAFLEX INTL;Action;59.43;59.43;6;;6;30 – 80 %;volatilite_annualisee;faible;254;calcul PEAFirst;une action n'est pas un PRIIPS : aucun SRI officiel n'existe, l'échelle est appliquée par analogie (254 séances seulement : une période courte peut masquer des phases de forte volatilité);2026-09-05
FR0004045847;VOYAGEURS DU MONDE;Action;39.46;39.46;6;;6;30 – 80 %;volatilite_annualisee;faible;254;calcul PEAFirst;une action n'est pas un PRIIPS : aucun SRI officiel n'existe, l'échelle est appliquée par analogie (254 séances seulement : une période courte peut masquer des phases de forte volatilité);2026-09-05
FR0004050250;NEURONES;Action;25.81;25.81;5;;5;20 – 30 %;volatilite_annualisee;faible;254;calcul PEAFirst;une action n'est pas un PRIIPS : aucun SRI officiel n'existe, l'échelle est appliquée par analogie (254 séances seulement : une période courte peut masquer des phases de forte volatilité);2026-09-05
FR0004052561;PROACTIS SA;Action;224.51;224.51;7;;7;> 80 %;volatilite_annualisee;faible;254;calcul PEAFirst;une action n'est pas un PRIIPS : aucun SRI officiel n'existe, l'échelle est appliquée par analogie (254 séances seulement : une période courte peut masquer des phases de forte volatilité);2026-09-05
FR0004053510;GENOWAY;Action;41.68;41.68;6;;6;30 – 80 %;volatilite_annualisee;faible;254;calcul PEAFirst;une action n'est pas un PRIIPS : aucun SRI officiel n'existe, l'échelle est appliquée par analogie (254 séances seulement : une période courte peut masquer des phases de forte volatilité);2026-09-05
FR0004065605;MEDINCELL;Action;55.48;55.48;6;;6;30 – 80 %;volatilite_annualisee;faible;254;calcul PEAFirst;une action n'est pas un PRIIPS : aucun SRI officiel n'existe, l'échelle est appliquée par analogie (254 séances seulement : une période courte peut masquer des phases de forte volatilité);2026-09-05
FR0004065639;NSE;Action;37.72;37.72;6;;6;30 – 80 %;volatilite_annualisee;faible;254;calcul PEAFirst;une action n'est pas un PRIIPS : aucun SRI officiel n'existe, l'échelle est appliquée par analogie (254 séances seulement : une période courte peut masquer des phases de forte volatilité);2026-09-05
FR0004153930;ATON;Action;165.47;165.47;7;;7;> 80 %;volatilite_annualisee;faible;254;calcul PEAFirst;une action n'est pas un PRIIPS : aucun SRI officiel n'existe, l'échelle est appliquée par analogie (254 séances seulement : une période courte peut masquer des phases de forte volatilité);2026-09-05
FR0004154060;NETGEM;Action;38.63;38.63;6;;6;30 – 80 %;volatilite_annualisee;faible;254;calcul PEAFirst;une action n'est pas un PRIIPS : aucun SRI officiel n'existe, l'échelle est appliquée par analogie (254 séances seulement : une période courte peut masquer des phases de forte volatilité);2026-09-05
FR0004155000;GROUPE SFPI;Action;34.45;34.45;6;;6;30 – 80 %;volatilite_annualisee;faible;254;calcul PEAFirst;une action n'est pas un PRIIPS : aucun SRI officiel n'existe, l'échelle est appliquée par analogie (254 séances seulement : une période courte peut masquer des phases de forte volatilité);2026-09-05
FR0004155208;LOCASYSTEM INTL;Action;85.24;85.24;7;;7;> 80 %;volatilite_annualisee;faible;254;calcul PEAFirst;une action n'est pas un PRIIPS : aucun SRI officiel n'existe, l'échelle est appliquée par analogie (254 séances seulement : une période courte peut masquer des phases de forte volatilité);2026-09-05
FR0004155687;MASTRAD;Action;191.99;191.99;7;;7;> 80 %;volatilite_annualisee;faible;254;calcul PEAFirst;une action n'est pas un PRIIPS : aucun SRI officiel n'existe, l'échelle est appliquée par analogie (254 séances seulement : une période courte peut masquer des phases de forte volatilité);2026-09-05
FR0004156297;LINEDATA SERVICES;Action;28.30;28.30;5;;5;20 – 30 %;volatilite_annualisee;faible;254;calcul PEAFirst;une action n'est pas un PRIIPS : aucun SRI officiel n'existe, l'échelle est appliquée par analogie (254 séances seulement : une période courte peut masquer des phases de forte volatilité);2026-09-05
FR0004159473;HEXAOM;Action;38.00;38.00;6;;6;30 – 80 %;volatilite_annualisee;faible;254;calcul PEAFirst;une action n'est pas un PRIIPS : aucun SRI officiel n'existe, l'échelle est appliquée par analogie (254 séances seulement : une période courte peut masquer des phases de forte volatilité);2026-09-05
FR0004163111;GENFIT;Action;55.63;55.63;6;;6;30 – 80 %;volatilite_annualisee;faible;254;calcul PEAFirst;une action n'est pas un PRIIPS : aucun SRI officiel n'existe, l'échelle est appliquée par analogie (254 séances seulement : une période courte peut masquer des phases de forte volatilité);2026-09-05
FR0004165801;HOTELS DE PARIS;Action;91.45;91.45;7;;7;> 80 %;volatilite_annualisee;faible;254;calcul PEAFirst;une action n'est pas un PRIIPS : aucun SRI officiel n'existe, l'échelle est appliquée par analogie (254 séances seulement : une période courte peut masquer des phases de forte volatilité);2026-09-05
FR0004170017;LNA SANTE;Action;26.44;26.44;5;;5;20 – 30 %;volatilite_annualisee;faible;254;calcul PEAFirst;une action n'est pas un PRIIPS : aucun SRI officiel n'existe, l'échelle est appliquée par analogie (254 séances seulement : une période courte peut masquer des phases de forte volatilité);2026-09-05
FR0004171346;NEXTEDIA;Action;33.32;33.32;6;;6;30 – 80 %;volatilite_annualisee;faible;254;calcul PEAFirst;une action n'est pas un PRIIPS : aucun SRI officiel n'existe, l'échelle est appliquée par analogie (254 séances seulement : une période courte peut masquer des phases de forte volatilité);2026-09-05
FR0004172450;MINT;Action;31.28;31.28;6;;6;30 – 80 %;volatilite_annualisee;faible;254;calcul PEAFirst;une action n'est pas un PRIIPS : aucun SRI officiel n'existe, l'échelle est appliquée par analogie (254 séances seulement : une période courte peut masquer des phases de forte volatilité);2026-09-05
FR0004174233;BILENDI;Action;42.60;42.60;6;;6;30 – 80 %;volatilite_annualisee;faible;254;calcul PEAFirst;une action n'est pas un PRIIPS : aucun SRI officiel n'existe, l'échelle est appliquée par analogie (254 séances seulement : une période courte peut masquer des phases de forte volatilité);2026-09-05
FR0004174712;ONLINEFORMAPRO;Action;80.84;80.84;7;;7;> 80 %;volatilite_annualisee;faible;254;calcul PEAFirst;une action n'est pas un PRIIPS : aucun SRI officiel n'existe, l'échelle est appliquée par analogie (254 séances seulement : une période courte peut masquer des phases de forte volatilité);2026-09-05
FR0004175842;SELECTIRENTE;Action;9.72;9.72;3;;3;5 – 12 %;volatilite_annualisee;faible;254;calcul PEAFirst;une action n'est pas un PRIIPS : aucun SRI officiel n'existe, l'échelle est appliquée par analogie (254 séances seulement : une période courte peut masquer des phases de forte volatilité);2026-09-05
FR0004180578;SWORD GROUP;Action;25.37;25.37;5;;5;20 – 30 %;volatilite_annualisee;faible;254;calcul PEAFirst;une action n'est pas un PRIIPS : aucun SRI officiel n'existe, l'échelle est appliquée par analogie (254 séances seulement : une période courte peut masquer des phases de forte volatilité);2026-09-05
FR0004186856;VETOQUINOL;Action;25.80;25.80;5;;5;20 – 30 %;volatilite_annualisee;faible;254;calcul PEAFirst;une action n'est pas un PRIIPS : aucun SRI officiel n'existe, l'échelle est appliquée par analogie (254 séances seulement : une période courte peut masquer des phases de forte volatilité);2026-09-05
FR0004187367;FREELANCE.COM;Action;33.78;33.78;6;;6;30 – 80 %;volatilite_annualisee;faible;254;calcul PEAFirst;une action n'est pas un PRIIPS : aucun SRI officiel n'existe, l'échelle est appliquée par analogie (254 séances seulement : une période courte peut masquer des phases de forte volatilité);2026-09-05
FR0004527638;EXEL INDUSTRIES;Action;29.76;29.76;5;;5;20 – 30 %;volatilite_annualisee;faible;254;calcul PEAFirst;une action n'est pas un PRIIPS : aucun SRI officiel n'existe, l'échelle est appliquée par analogie (254 séances seulement : une période courte peut masquer des phases de forte volatilité);2026-09-05
FR0005057635;ARDOIN ST AMAND A;Action;18.00;18.00;4;;4;12 – 20 %;volatilite_annualisee;faible;253;calcul PEAFirst;une action n'est pas un PRIIPS : aucun SRI officiel n'existe, l'échelle est appliquée par analogie (253 séances seulement : une période courte peut masquer des phases de forte volatilité);2026-09-05
FR0005175080;TRANSGENE;Action;48.69;48.69;6;;6;30 – 80 %;volatilite_annualisee;faible;254;calcul PEAFirst;une action n'est pas un PRIIPS : aucun SRI officiel n'existe, l'échelle est appliquée par analogie (254 séances seulement : une période courte peut masquer des phases de forte volatilité);2026-09-05
FR0005691656;TRIGANO;Action;31.62;31.62;6;;6;30 – 80 %;volatilite_annualisee;faible;254;calcul PEAFirst;une action n'est pas un PRIIPS : aucun SRI officiel n'existe, l'échelle est appliquée par analogie (254 séances seulement : une période courte peut masquer des phases de forte volatilité);2026-09-05
FR0005843125;HYDRO-EXPLOIT.;Action;46.87;46.87;6;;6;30 – 80 %;volatilite_annualisee;faible;253;calcul PEAFirst;une action n'est pas un PRIIPS : aucun SRI officiel n'existe, l'échelle est appliquée par analogie (253 séances seulement : une période courte peut masquer des phases de forte volatilité);2026-09-05
FR0005854700;I2S;Action;66.97;66.97;6;;6;30 – 80 %;volatilite_annualisee;faible;151;calcul PEAFirst;une action n'est pas un PRIIPS : aucun SRI officiel n'existe, l'échelle est appliquée par analogie (151 séances seulement : une période courte peut masquer des phases de forte volatilité);2026-09-05
FR0006174348;BUREAU VERITAS;Action;23.14;23.14;5;;5;20 – 30 %;volatilite_annualisee;faible;254;calcul PEAFirst;une action n'est pas un PRIIPS : aucun SRI officiel n'existe, l'échelle est appliquée par analogie (254 séances seulement : une période courte peut masquer des phases de forte volatilité);2026-09-05
FR0006205019;LOMBARD ET MEDOT;Action;74.69;74.69;6;;6;30 – 80 %;volatilite_annualisee;faible;254;calcul PEAFirst;une action n'est pas un PRIIPS : aucun SRI officiel n'existe, l'échelle est appliquée par analogie (254 séances seulement : une période courte peut masquer des phases de forte volatilité);2026-09-05
FR0006239109;SCBSM;Action;23.12;23.12;5;;5;20 – 30 %;volatilite_annualisee;faible;230;calcul PEAFirst;une action n'est pas un PRIIPS : aucun SRI officiel n'existe, l'échelle est appliquée par analogie (230 séances seulement : une période courte peut masquer des phases de forte volatilité);2026-09-05
FR0006563904;HOTL.IMMOB.NICE;Action;34.05;34.05;6;;6;30 – 80 %;volatilite_annualisee;faible;254;calcul PEAFirst;une action n'est pas un PRIIPS : aucun SRI officiel n'existe, l'échelle est appliquée par analogie (254 séances seulement : une période courte peut masquer des phases de forte volatilité);2026-09-05
FR0006864484;LAURENT-PERRIER;Action;22.81;22.81;5;;5;20 – 30 %;volatilite_annualisee;faible;254;calcul PEAFirst;une action n'est pas un PRIIPS : aucun SRI officiel n'existe, l'échelle est appliquée par analogie (254 séances seulement : une période courte peut masquer des phases de forte volatilité);2026-09-05
FR0007052782;AMUNDI ETF CAC 40;ETF;14.01;14.01;4;;4;12 – 20 %;volatilite_annualisee;faible;254;calcul PEAFirst;estimation : CRM non évalué, historique plus court que les cinq ans exigés, asymétrie et aplatissement non corrigés (254 séances seulement : une période courte peut masquer des phases de forte volatilité);2026-09-05
FR0007054358;AMUNDI ESTOXX50;ETF;15.59;15.59;4;;4;12 – 20 %;volatilite_annualisee;faible;254;calcul PEAFirst;estimation : CRM non évalué, historique plus court que les cinq ans exigés, asymétrie et aplatissement non corrigés (254 séances seulement : une période courte peut masquer des phases de forte volatilité);2026-09-05
FR0007080254;LES HOTELS BAVEREZ;Action;37.23;37.23;6;;6;30 – 80 %;volatilite_annualisee;faible;146;calcul PEAFirst;une action n'est pas un PRIIPS : aucun SRI officiel n'existe, l'échelle est appliquée par analogie (146 séances seulement : une période courte peut masquer des phases de forte volatilité);2026-09-05
FR0007200100;EAUX DE ROYAN;Action;43.76;43.76;6;;6;30 – 80 %;volatilite_annualisee;faible;254;calcul PEAFirst;une action n'est pas un PRIIPS : aucun SRI officiel n'existe, l'échelle est appliquée par analogie (254 séances seulement : une période courte peut masquer des phases de forte volatilité);2026-09-05
FR0010010827;AMUNDI FTSE MIB;ETF;15.33;15.33;4;;4;12 – 20 %;volatilite_annualisee;faible;254;calcul PEAFirst;estimation : CRM non évalué, historique plus court que les cinq ans exigés, asymétrie et aplatissement non corrigés (254 séances seulement : une période courte peut masquer des phases de forte volatilité);2026-09-05
FR0010040865;GECINA;Action;18.06;18.06;4;;4;12 – 20 %;volatilite_annualisee;faible;254;calcul PEAFirst;une action n'est pas un PRIIPS : aucun SRI officiel n'existe, l'échelle est appliquée par analogie (254 séances seulement : une période courte peut masquer des phases de forte volatilité);2026-09-05
FR0010086371;IMALLIANCE;Action;105.17;105.17;7;;7;> 80 %;volatilite_annualisee;faible;254;calcul PEAFirst;une action n'est pas un PRIIPS : aucun SRI officiel n'existe, l'échelle est appliquée par analogie (254 séances seulement : une période courte peut masquer des phases de forte volatilité);2026-09-05
FR0010095596;VALERIO TX;Action;157.63;157.63;7;;7;> 80 %;volatilite_annualisee;faible;254;calcul PEAFirst;une action n'est pas un PRIIPS : aucun SRI officiel n'existe, l'échelle est appliquée par analogie (254 séances seulement : une période courte peut masquer des phases de forte volatilité);2026-09-05
FR0010106039;BODY ONE;Action;97.82;97.82;7;;7;> 80 %;volatilite_annualisee;faible;254;calcul PEAFirst;une action n'est pas un PRIIPS : aucun SRI officiel n'existe, l'échelle est appliquée par analogie (254 séances seulement : une période courte peut masquer des phases de forte volatilité);2026-09-05
FR0010120402;THERACLION;Action;86.24;86.24;7;;7;> 80 %;volatilite_annualisee;faible;254;calcul PEAFirst;une action n'est pas un PRIIPS : aucun SRI officiel n'existe, l'échelle est appliquée par analogie (254 séances seulement : une période courte peut masquer des phases de forte volatilité);2026-09-05
FR0010131409;WALLIX;Action;46.65;46.65;6;;6;30 – 80 %;volatilite_annualisee;faible;254;calcul PEAFirst;une action n'est pas un PRIIPS : aucun SRI officiel n'existe, l'échelle est appliquée par analogie (254 séances seulement : une période courte peut masquer des phases de forte volatilité);2026-09-05
FR0010150458;BNPP CAC 40 ESG;ETF;15.48;15.48;4;;4;12 – 20 %;volatilite_annualisee;faible;254;calcul PEAFirst;estimation : CRM non évalué, historique plus court que les cinq ans exigés, asymétrie et aplatissement non corrigés (254 séances seulement : une période courte peut masquer des phases de forte volatilité);2026-09-05
FR0010151589;CAFOM;Action;30.40;30.40;6;;6;30 – 80 %;volatilite_annualisee;faible;254;calcul PEAFirst;une action n'est pas un PRIIPS : aucun SRI officiel n'existe, l'échelle est appliquée par analogie (254 séances seulement : une période courte peut masquer des phases de forte volatilité);2026-09-05
FR0010157115;EUROLAND CORPORATE;Action;56.84;56.84;6;;6;30 – 80 %;volatilite_annualisee;faible;253;calcul PEAFirst;une action n'est pas un PRIIPS : aucun SRI officiel n'existe, l'échelle est appliquée par analogie (253 séances seulement : une période courte peut masquer des phases de forte volatilité);2026-09-05
FR0010169920;PREDILIFE;Action;57.43;57.43;6;;6;30 – 80 %;volatilite_annualisee;faible;254;calcul PEAFirst;une action n'est pas un PRIIPS : aucun SRI officiel n'existe, l'échelle est appliquée par analogie (254 séances seulement : une période courte peut masquer des phases de forte volatilité);2026-09-05
FR0010193052;CATANA GROUP;Action;36.95;36.95;6;;6;30 – 80 %;volatilite_annualisee;faible;254;calcul PEAFirst;une action n'est pas un PRIIPS : aucun SRI officiel n'existe, l'échelle est appliquée par analogie (254 séances seulement : une période courte peut masquer des phases de forte volatilité);2026-09-05
FR0010193979;CBO TERRITORIA;Action;13.33;13.33;4;;4;12 – 20 %;volatilite_annualisee;faible;254;calcul PEAFirst;une action n'est pas un PRIIPS : aucun SRI officiel n'existe, l'échelle est appliquée par analogie (254 séances seulement : une période courte peut masquer des phases de forte volatilité);2026-09-05
FR0010202606;SIDETRADE;Action;45.95;45.95;6;;6;30 – 80 %;volatilite_annualisee;faible;254;calcul PEAFirst;une action n'est pas un PRIIPS : aucun SRI officiel n'existe, l'échelle est appliquée par analogie (254 séances seulement : une période courte peut masquer des phases de forte volatilité);2026-09-05
FR0010204453;MG INTERNATIONAL;Action;63.51;63.51;6;;6;30 – 80 %;volatilite_annualisee;faible;254;calcul PEAFirst;une action n'est pas un PRIIPS : aucun SRI officiel n'existe, l'échelle est appliquée par analogie (254 séances seulement : une période courte peut masquer des phases de forte volatilité);2026-09-05
FR0010209809;SOC FRANC CASINOS;Action;81.55;81.55;7;;7;> 80 %;volatilite_annualisee;faible;254;calcul PEAFirst;une action n'est pas un PRIIPS : aucun SRI officiel n'existe, l'échelle est appliquée par analogie (254 séances seulement : une période courte peut masquer des phases de forte volatilité);2026-09-05
FR0010214064;GPE GROUP PIZZORNO;Action;16.79;16.79;4;;4;12 – 20 %;volatilite_annualisee;faible;254;calcul PEAFirst;une action n'est pas un PRIIPS : aucun SRI officiel n'existe, l'échelle est appliquée par analogie (254 séances seulement : une période courte peut masquer des phases de forte volatilité);2026-09-05
FR0010221234;EUTELSAT COMMUNIC.;Action;67.46;67.46;6;;6;30 – 80 %;volatilite_annualisee;faible;254;calcul PEAFirst;une action n'est pas un PRIIPS : aucun SRI officiel n'existe, l'échelle est appliquée par analogie (254 séances seulement : une période courte peut masquer des phases de forte volatilité);2026-09-05
FR0010241638;MERCIALYS;Action;17.74;17.74;4;;4;12 – 20 %;volatilite_annualisee;faible;254;calcul PEAFirst;une action n'est pas un PRIIPS : aucun SRI officiel n'existe, l'échelle est appliquée par analogie (254 séances seulement : une période courte peut masquer des phases de forte volatilité);2026-09-05
FR0010261198;AMUNDI MSCI EUR;ETF;12.64;12.64;4;;4;12 – 20 %;volatilite_annualisee;faible;254;calcul PEAFirst;estimation : CRM non évalué, historique plus court que les cinq ans exigés, asymétrie et aplatissement non corrigés (254 séances seulement : une période courte peut masquer des phases de forte volatilité);2026-09-05
FR0010263202;PAREF;Action;39.86;39.86;6;;6;30 – 80 %;volatilite_annualisee;faible;254;calcul PEAFirst;une action n'est pas un PRIIPS : aucun SRI officiel n'existe, l'échelle est appliquée par analogie (254 séances seulement : une période courte peut masquer des phases de forte volatilité);2026-09-05
FR0010291245;VERIMATRIX;Action;58.76;58.76;6;;6;30 – 80 %;volatilite_annualisee;faible;254;calcul PEAFirst;une action n'est pas un PRIIPS : aucun SRI officiel n'existe, l'échelle est appliquée par analogie (254 séances seulement : une période courte peut masquer des phases de forte volatilité);2026-09-05
FR0010298620;MEMSCAP REGPT;Action;56.68;56.68;6;;6;30 – 80 %;volatilite_annualisee;faible;254;calcul PEAFirst;une action n'est pas un PRIIPS : aucun SRI officiel n'existe, l'échelle est appliquée par analogie (254 séances seulement : une période courte peut masquer des phases de forte volatilité);2026-09-05
FR0010309096;VITURA;Action;44.78;44.78;6;;6;30 – 80 %;volatilite_annualisee;faible;254;calcul PEAFirst;une action n'est pas un PRIIPS : aucun SRI officiel n'existe, l'échelle est appliquée par analogie (254 séances seulement : une période courte peut masquer des phases de forte volatilité);2026-09-05
FR0010312181;HOPENING;Action;59.47;59.47;6;;6;30 – 80 %;volatilite_annualisee;faible;254;calcul PEAFirst;une action n'est pas un PRIIPS : aucun SRI officiel n'existe, l'échelle est appliquée par analogie (254 séances seulement : une période courte peut masquer des phases de forte volatilité);2026-09-05
FR0010326090;VIALIFE;Action;71.54;71.54;6;;6;30 – 80 %;volatilite_annualisee;faible;254;calcul PEAFirst;une action n'est pas un PRIIPS : aucun SRI officiel n'existe, l'échelle est appliquée par analogie (254 séances seulement : une période courte peut masquer des phases de forte volatilité);2026-09-05
FR0010337865;UPERGY;Action;51.69;51.69;6;;6;30 – 80 %;volatilite_annualisee;faible;232;calcul PEAFirst;une action n'est pas un PRIIPS : aucun SRI officiel n'existe, l'échelle est appliquée par analogie (232 séances seulement : une période courte peut masquer des phases de forte volatilité);2026-09-05
FR0010340711;AQUILA;Action;53.64;53.64;6;;6;30 – 80 %;volatilite_annualisee;faible;197;calcul PEAFirst;une action n'est pas un PRIIPS : aucun SRI officiel n'existe, l'échelle est appliquée par analogie (197 séances seulement : une période courte peut masquer des phases de forte volatilité);2026-09-05
FR0010341032;FONCIERE INEA;Action;14.82;14.82;4;;4;12 – 20 %;volatilite_annualisee;faible;254;calcul PEAFirst;une action n'est pas un PRIIPS : aucun SRI officiel n'existe, l'échelle est appliquée par analogie (254 séances seulement : une période courte peut masquer des phases de forte volatilité);2026-09-05
FR0010353888;MGI DIGITAL GRAPHI;Action;41.86;41.86;6;;6;30 – 80 %;volatilite_annualisee;faible;254;calcul PEAFirst;une action n'est pas un PRIIPS : aucun SRI officiel n'existe, l'échelle est appliquée par analogie (254 séances seulement : une période courte peut masquer des phases de forte volatilité);2026-09-05
FR0010380626;PROLOGUE;Action;38.40;38.40;6;;6;30 – 80 %;volatilite_annualisee;faible;254;calcul PEAFirst;une action n'est pas un PRIIPS : aucun SRI officiel n'existe, l'échelle est appliquée par analogie (254 séances seulement : une période courte peut masquer des phases de forte volatilité);2026-09-05
FR0010396309;HITECHPROS;Action;45.72;45.72;6;;6;30 – 80 %;volatilite_annualisee;faible;210;calcul PEAFirst;une action n'est pas un PRIIPS : aucun SRI officiel n'existe, l'échelle est appliquée par analogie (210 séances seulement : une période courte peut masquer des phases de forte volatilité);2026-09-05
FR0010397232;NOVACYT;Action;105.53;105.53;7;;7;> 80 %;volatilite_annualisee;faible;254;calcul PEAFirst;une action n'est pas un PRIIPS : aucun SRI officiel n'existe, l'échelle est appliquée par analogie (254 séances seulement : une période courte peut masquer des phases de forte volatilité);2026-09-05
FR0010397901;TRILOGIQ;Action;27.19;27.19;5;;5;20 – 30 %;volatilite_annualisee;faible;254;calcul PEAFirst;une action n'est pas un PRIIPS : aucun SRI officiel n'existe, l'échelle est appliquée par analogie (254 séances seulement : une période courte peut masquer des phases de forte volatilité);2026-09-05
FR0010404368;D.L.S.I.;Action;23.35;23.35;5;;5;20 – 30 %;volatilite_annualisee;faible;254;calcul PEAFirst;une action n'est pas un PRIIPS : aucun SRI officiel n'existe, l'échelle est appliquée par analogie (254 séances seulement : une période courte peut masquer des phases de forte volatilité);2026-09-05
FR0010411884;AMUNDI ETF BX4;ETF;27.96;27.96;5;;5;20 – 30 %;volatilite_annualisee;faible;254;calcul PEAFirst;estimation : CRM non évalué, historique plus court que les cinq ans exigés, asymétrie et aplatissement non corrigés (254 séances seulement : une période courte peut masquer des phases de forte volatilité);2026-09-05
FR0010417345;DBV TECHNOLOGIES;Action;72.25;72.25;6;;6;30 – 80 %;volatilite_annualisee;faible;254;calcul PEAFirst;une action n'est pas un PRIIPS : aucun SRI officiel n'existe, l'échelle est appliquée par analogie (254 séances seulement : une période courte peut masquer des phases de forte volatilité);2026-09-05
FR0010424697;ETHERO;Action;86.53;86.53;7;;7;> 80 %;volatilite_annualisee;faible;254;calcul PEAFirst;une action n'est pas un PRIIPS : aucun SRI officiel n'existe, l'échelle est appliquée par analogie (254 séances seulement : une période courte peut masquer des phases de forte volatilité);2026-09-05
FR0010425595;CELLECTIS;Action;78.95;78.95;6;;6;30 – 80 %;volatilite_annualisee;faible;254;calcul PEAFirst;une action n'est pas un PRIIPS : aucun SRI officiel n'existe, l'échelle est appliquée par analogie (254 séances seulement : une période courte peut masquer des phases de forte volatilité);2026-09-05
FR0010428771;EAGLEFOOTBALLGROUP;Action;36.59;36.59;6;;6;30 – 80 %;volatilite_annualisee;faible;254;calcul PEAFirst;une action n'est pas un PRIIPS : aucun SRI officiel n'existe, l'échelle est appliquée par analogie (254 séances seulement : une période courte peut masquer des phases de forte volatilité);2026-09-05
FR0010436584;DNXCORP;Action;44.22;44.22;6;;6;30 – 80 %;volatilite_annualisee;faible;245;calcul PEAFirst;une action n'est pas un PRIIPS : aucun SRI officiel n'existe, l'échelle est appliquée par analogie (245 séances seulement : une période courte peut masquer des phases de forte volatilité);2026-09-05
FR0010447086;CHEOPS TECHNOLOGY;Action;19.20;19.20;4;;4;12 – 20 %;volatilite_annualisee;faible;253;calcul PEAFirst;une action n'est pas un PRIIPS : aucun SRI officiel n'existe, l'échelle est appliquée par analogie (253 séances seulement : une période courte peut masquer des phases de forte volatilité);2026-09-05
FR0010461053;CRCAM LANGUED CCI;Action;29.49;29.49;5;;5;20 – 30 %;volatilite_annualisee;faible;254;calcul PEAFirst;une action n'est pas un PRIIPS : aucun SRI officiel n'existe, l'échelle est appliquée par analogie (254 séances seulement : une période courte peut masquer des phases de forte volatilité);2026-09-05
FR0010465534;EO2;Action;60.23;60.23;6;;6;30 – 80 %;volatilite_annualisee;faible;254;calcul PEAFirst;une action n'est pas un PRIIPS : aucun SRI officiel n'existe, l'échelle est appliquée par analogie (254 séances seulement : une période courte peut masquer des phases de forte volatilité);2026-09-05
FR0010481960;ARGAN;Action;25.21;25.21;5;;5;20 – 30 %;volatilite_annualisee;faible;254;calcul PEAFirst;une action n'est pas un PRIIPS : aucun SRI officiel n'existe, l'échelle est appliquée par analogie (254 séances seulement : une période courte peut masquer des phases de forte volatilité);2026-09-05
FR0010483768;CRCAM BRIE PIC2CCI;Action;28.30;28.30;5;;5;20 – 30 %;volatilite_annualisee;faible;254;calcul PEAFirst;une action n'est pas un PRIIPS : aucun SRI officiel n'existe, l'échelle est appliquée par analogie (254 séances seulement : une période courte peut masquer des phases de forte volatilité);2026-09-05
FR0010485268;FOUNTAINE PAJOT;Action;23.99;23.99;5;;5;20 – 30 %;volatilite_annualisee;faible;254;calcul PEAFirst;une action n'est pas un PRIIPS : aucun SRI officiel n'existe, l'échelle est appliquée par analogie (254 séances seulement : une période courte peut masquer des phases de forte volatilité);2026-09-05
FR0010487272;FINAXO;Action;99.46;99.46;7;;7;> 80 %;volatilite_annualisee;faible;254;calcul PEAFirst;une action n'est pas un PRIIPS : aucun SRI officiel n'existe, l'échelle est appliquée par analogie (254 séances seulement : une période courte peut masquer des phases de forte volatilité);2026-09-05
FR0010490920;EUROPACORP;Action;49.74;49.74;6;;6;30 – 80 %;volatilite_annualisee;faible;254;calcul PEAFirst;une action n'est pas un PRIIPS : aucun SRI officiel n'existe, l'échelle est appliquée par analogie (254 séances seulement : une période courte peut masquer des phases de forte volatilité);2026-09-05
FR0010500363;MIGUET ET ASSOCIES;Action;348.66;348.66;7;;7;> 80 %;volatilite_annualisee;faible;253;calcul PEAFirst;une action n'est pas un PRIIPS : aucun SRI officiel n'existe, l'échelle est appliquée par analogie (253 séances seulement : une période courte peut masquer des phases de forte volatilité);2026-09-05
FR0010523167;ROCTOOL;Action;161.40;161.40;7;;7;> 80 %;volatilite_annualisee;faible;254;calcul PEAFirst;une action n'est pas un PRIIPS : aucun SRI officiel n'existe, l'échelle est appliquée par analogie (254 séances seulement : une période courte peut masquer des phases de forte volatilité);2026-09-05
FR0010528059;STREAMWIDE;Action;34.46;34.46;6;;6;30 – 80 %;volatilite_annualisee;faible;254;calcul PEAFirst;une action n'est pas un PRIIPS : aucun SRI officiel n'existe, l'échelle est appliquée par analogie (254 séances seulement : une période courte peut masquer des phases de forte volatilité);2026-09-05
FR0010557264;AB SCIENCE;Action;74.40;74.40;6;;6;30 – 80 %;volatilite_annualisee;faible;254;calcul PEAFirst;une action n'est pas un PRIIPS : aucun SRI officiel n'existe, l'échelle est appliquée par analogie (254 séances seulement : une période courte peut masquer des phases de forte volatilité);2026-09-05
FR0010588079;FREY;Action;10.46;10.46;3;;3;5 – 12 %;volatilite_annualisee;faible;254;calcul PEAFirst;une action n'est pas un PRIIPS : aucun SRI officiel n'existe, l'échelle est appliquée par analogie (254 séances seulement : une période courte peut masquer des phases de forte volatilité);2026-09-05
FR0010591362;AMUNDI ETF SHT CAC;ETF;14.07;14.07;4;;4;12 – 20 %;volatilite_annualisee;faible;254;calcul PEAFirst;estimation : CRM non évalué, historique plus court que les cinq ans exigés, asymétrie et aplatissement non corrigés (254 séances seulement : une période courte peut masquer des phases de forte volatilité);2026-09-05
FR0010592014;AMUNDI ETF LEV CAC;ETF;27.86;27.86;5;;5;20 – 30 %;volatilite_annualisee;faible;254;calcul PEAFirst;estimation : CRM non évalué, historique plus court que les cinq ans exigés, asymétrie et aplatissement non corrigés (254 séances seulement : une période courte peut masquer des phases de forte volatilité);2026-09-05
FR0010609206;OREGE;Action;59.06;59.06;6;;6;30 – 80 %;volatilite_annualisee;faible;254;calcul PEAFirst;une action n'est pas un PRIIPS : aucun SRI officiel n'existe, l'échelle est appliquée par analogie (254 séances seulement : une période courte peut masquer des phases de forte volatilité);2026-09-05
FR0010609263;MAUNA KEA TECH;Action;75.18;75.18;6;;6;30 – 80 %;volatilite_annualisee;faible;254;calcul PEAFirst;une action n'est pas un PRIIPS : aucun SRI officiel n'existe, l'échelle est appliquée par analogie (254 séances seulement : une période courte peut masquer des phases de forte volatilité);2026-09-05
FR0010641449;AGROGENERATION;Action;86.42;86.42;7;;7;> 80 %;volatilite_annualisee;faible;254;calcul PEAFirst;une action n'est pas un PRIIPS : aucun SRI officiel n'existe, l'échelle est appliquée par analogie (254 séances seulement : une période courte peut masquer des phases de forte volatilité);2026-09-05
FR0010654087;TXCOM;Action;28.61;28.61;5;;5;20 – 30 %;volatilite_annualisee;faible;254;calcul PEAFirst;une action n'est pas un PRIIPS : aucun SRI officiel n'existe, l'échelle est appliquée par analogie (254 séances seulement : une période courte peut masquer des phases de forte volatilité);2026-09-05
FR0010655704;AMUNDI ETF CAC FRA;ETF;16.18;16.18;4;;4;12 – 20 %;volatilite_annualisee;faible;254;calcul PEAFirst;estimation : CRM non évalué, historique plus court que les cinq ans exigés, asymétrie et aplatissement non corrigés (254 séances seulement : une période courte peut masquer des phases de forte volatilité);2026-09-05
FR0010655712;AMUETFDAXETFP;ETF;15.93;15.93;4;;4;12 – 20 %;volatilite_annualisee;faible;254;calcul PEAFirst;estimation : CRM non évalué, historique plus court que les cinq ans exigés, asymétrie et aplatissement non corrigés (254 séances seulement : une période courte peut masquer des phases de forte volatilité);2026-09-05
FR0010655746;AMUNDI ETF MS SPA;ETF;16.55;16.55;4;;4;12 – 20 %;volatilite_annualisee;faible;254;calcul PEAFirst;estimation : CRM non évalué, historique plus court que les cinq ans exigés, asymétrie et aplatissement non corrigés (254 séances seulement : une période courte peut masquer des phases de forte volatilité);2026-09-05
FR0010688465;WEACCESS GROUP;Action;142.10;142.10;7;;7;> 80 %;volatilite_annualisee;faible;254;calcul PEAFirst;une action n'est pas un PRIIPS : aucun SRI officiel n'existe, l'échelle est appliquée par analogie (254 séances seulement : une période courte peut masquer des phases de forte volatilité);2026-09-05
FR0010717090;AMUNDI ETF EMU HDV;ETF;9.99;9.99;3;;3;5 – 12 %;volatilite_annualisee;faible;254;calcul PEAFirst;estimation : CRM non évalué, historique plus court que les cinq ans exigés, asymétrie et aplatissement non corrigés (254 séances seulement : une période courte peut masquer des phases de forte volatilité);2026-09-05
FR0010722819;KALRAY;Action;146.28;146.28;7;;7;> 80 %;volatilite_annualisee;faible;254;calcul PEAFirst;une action n'est pas un PRIIPS : aucun SRI officiel n'existe, l'échelle est appliquée par analogie (254 séances seulement : une période courte peut masquer des phases de forte volatilité);2026-09-05
FR0010755611;AMUNDI ETF LEV USA;ETF;23.00;23.00;5;;5;20 – 30 %;volatilite_annualisee;faible;254;calcul PEAFirst;estimation : CRM non évalué, historique plus court que les cinq ans exigés, asymétrie et aplatissement non corrigés (254 séances seulement : une période courte peut masquer des phases de forte volatilité);2026-09-05
FR0010756114;AMUETFCM9IMETFP;ETF;11.39;11.39;3;;3;5 – 12 %;volatilite_annualisee;faible;254;calcul PEAFirst;estimation : CRM non évalué, historique plus court que les cinq ans exigés, asymétrie et aplatissement non corrigés (254 séances seulement : une période courte peut masquer des phases de forte volatilité);2026-09-05
FR0010766667;VENTE UNIQUE.COM;Action;30.44;30.44;6;;6;30 – 80 %;volatilite_annualisee;faible;254;calcul PEAFirst;une action n'est pas un PRIIPS : aucun SRI officiel n'existe, l'échelle est appliquée par analogie (254 séances seulement : une période courte peut masquer des phases de forte volatilité);2026-09-05
FR0010776617;SAPMER;Action;75.56;75.56;6;;6;30 – 80 %;volatilite_annualisee;faible;253;calcul PEAFirst;une action n'est pas un PRIIPS : aucun SRI officiel n'existe, l'échelle est appliquée par analogie (253 séances seulement : une période courte peut masquer des phases de forte volatilité);2026-09-05
FR0010785790;PLANT ADVANCED;Action;57.24;57.24;6;;6;30 – 80 %;volatilite_annualisee;faible;254;calcul PEAFirst;une action n'est pas un PRIIPS : aucun SRI officiel n'existe, l'échelle est appliquée par analogie (254 séances seulement : une période courte peut masquer des phases de forte volatilité);2026-09-05
FR0010790980;AMUNDI ETF STOXX50;ETF;12.71;12.71;4;;4;12 – 20 %;volatilite_annualisee;faible;254;calcul PEAFirst;estimation : CRM non évalué, historique plus court que les cinq ans exigés, asymétrie et aplatissement non corrigés (254 séances seulement : une période courte peut masquer des phases de forte volatilité);2026-09-05
FR0010821819;AMUNDI ETF EU X EM;ETF;12.88;12.88;4;;4;12 – 20 %;volatilite_annualisee;faible;254;calcul PEAFirst;estimation : CRM non évalué, historique plus court que les cinq ans exigés, asymétrie et aplatissement non corrigés (254 séances seulement : une période courte peut masquer des phases de forte volatilité);2026-09-05
FR0010823724;FRANCE TOURISME;Action;176.25;176.25;7;;7;> 80 %;volatilite_annualisee;faible;254;calcul PEAFirst;une action n'est pas un PRIIPS : aucun SRI officiel n'existe, l'échelle est appliquée par analogie (254 séances seulement : une période courte peut masquer des phases de forte volatilité);2026-09-05
FR0010828137;CARMILA;Action;17.63;17.63;4;;4;12 – 20 %;volatilite_annualisee;faible;254;calcul PEAFirst;une action n'est pas un PRIIPS : aucun SRI officiel n'existe, l'échelle est appliquée par analogie (254 séances seulement : une période courte peut masquer des phases de forte volatilité);2026-09-05
FR0010869495;AMUNDI ETF DAX DS2;ETF;31.81;31.81;6;;6;30 – 80 %;volatilite_annualisee;faible;254;calcul PEAFirst;estimation : CRM non évalué, historique plus court que les cinq ans exigés, asymétrie et aplatissement non corrigés (254 séances seulement : une période courte peut masquer des phases de forte volatilité);2026-09-05
FR0010889386;QWAMPLIFY;Action;69.54;69.54;6;;6;30 – 80 %;volatilite_annualisee;faible;184;calcul PEAFirst;une action n'est pas un PRIIPS : aucun SRI officiel n'existe, l'échelle est appliquée par analogie (184 séances seulement : une période courte peut masquer des phases de forte volatilité);2026-09-05
FR0010908723;INTEGRAGEN;Action;127.48;127.48;7;;7;> 80 %;volatilite_annualisee;faible;254;calcul PEAFirst;une action n'est pas un PRIIPS : aucun SRI officiel n'existe, l'échelle est appliquée par analogie (254 séances seulement : une période courte peut masquer des phases de forte volatilité);2026-09-05
FR0010929125;ID LOGISTICS GROUP;Action;26.98;26.98;5;;5;20 – 30 %;volatilite_annualisee;faible;254;calcul PEAFirst;une action n'est pas un PRIIPS : aucun SRI officiel n'existe, l'échelle est appliquée par analogie (254 séances seulement : une période courte peut masquer des phases de forte volatilité);2026-09-05
FR0010959684;COLIPAYS;Action;111.96;111.96;7;;7;> 80 %;volatilite_annualisee;faible;254;calcul PEAFirst;une action n'est pas un PRIIPS : aucun SRI officiel n'existe, l'échelle est appliquée par analogie (254 séances seulement : une période courte peut masquer des phases de forte volatilité);2026-09-05
FR0011005933;BIOSYNEX;Action;103.60;103.60;7;;7;> 80 %;volatilite_annualisee;faible;254;calcul PEAFirst;une action n'est pas un PRIIPS : aucun SRI officiel n'existe, l'échelle est appliquée par analogie (254 séances seulement : une période courte peut masquer des phases de forte volatilité);2026-09-05
FR0011027135;PATRIMOINE ET COMM;Action;19.14;19.14;4;;4;12 – 20 %;volatilite_annualisee;faible;254;calcul PEAFirst;une action n'est pas un PRIIPS : aucun SRI officiel n'existe, l'échelle est appliquée par analogie (254 séances seulement : une période courte peut masquer des phases de forte volatilité);2026-09-05
FR0011033083;MOULINVEST;Action;29.44;29.44;5;;5;20 – 30 %;volatilite_annualisee;faible;254;calcul PEAFirst;une action n'est pas un PRIIPS : aucun SRI officiel n'existe, l'échelle est appliquée par analogie (254 séances seulement : une période courte peut masquer des phases de forte volatilité);2026-09-05
FR0011038348;KLARSEN;Action;162.51;162.51;7;;7;> 80 %;volatilite_annualisee;faible;254;calcul PEAFirst;une action n'est pas un PRIIPS : aucun SRI officiel n'existe, l'échelle est appliquée par analogie (254 séances seulement : une période courte peut masquer des phases de forte volatilité);2026-09-05
FR0011040500;74SOFTWARE;Action;32.58;32.58;6;;6;30 – 80 %;volatilite_annualisee;faible;254;calcul PEAFirst;une action n'est pas un PRIIPS : aucun SRI officiel n'existe, l'échelle est appliquée par analogie (254 séances seulement : une période courte peut masquer des phases de forte volatilité);2026-09-05
FR0011041011;BLUELINEA;Action;57.07;57.07;6;;6;30 – 80 %;volatilite_annualisee;faible;247;calcul PEAFirst;une action n'est pas un PRIIPS : aucun SRI officiel n'existe, l'échelle est appliquée par analogie (247 séances seulement : une période courte peut masquer des phases de forte volatilité);2026-09-05
FR0011049824;MEDIANTECHNOLOGIES;Action;86.70;86.70;7;;7;> 80 %;volatilite_annualisee;faible;254;calcul PEAFirst;une action n'est pas un PRIIPS : aucun SRI officiel n'existe, l'échelle est appliquée par analogie (254 séances seulement : une période courte peut masquer des phases de forte volatilité);2026-09-05
FR0011051598;AMOEBA;Action;48.33;50.31;6;;6;30 – 80 %;cornish_fisher;faible;255;calcul PEAFirst;une action n'est pas un PRIIPS : aucun SRI officiel n'existe, l'échelle est appliquée par analogie (255 séances seulement : une période courte peut masquer des phases de forte volatilité);2026-09-05
FR0011053636;CAPITAL B;Action;89.66;92.99;7;;7;> 80 %;cornish_fisher;faible;255;calcul PEAFirst;une action n'est pas un PRIIPS : aucun SRI officiel n'existe, l'échelle est appliquée par analogie (255 séances seulement : une période courte peut masquer des phases de forte volatilité);2026-09-05
FR0011071570;COGRA;Action;43.97;32.65;6;;6;30 – 80 %;cornish_fisher;faible;255;calcul PEAFirst;une action n'est pas un PRIIPS : aucun SRI officiel n'existe, l'échelle est appliquée par analogie (255 séances seulement : une période courte peut masquer des phases de forte volatilité);2026-09-05
FR0011100759;GALEO;Action;57.41;54.72;6;;6;30 – 80 %;cornish_fisher;faible;255;calcul PEAFirst;une action n'est pas un PRIIPS : aucun SRI officiel n'existe, l'échelle est appliquée par analogie (255 séances seulement : une période courte peut masquer des phases de forte volatilité);2026-09-05
FR0011131788;SMALTO;Action;157.68;149.27;7;;7;> 80 %;cornish_fisher;faible;255;calcul PEAFirst;une action n'est pas un PRIIPS : aucun SRI officiel n'existe, l'échelle est appliquée par analogie (255 séances seulement : une période courte peut masquer des phases de forte volatilité);2026-09-05
FR0011179886;INTRASENSE;Action;109.31;42.98;6;;6;30 – 80 %;cornish_fisher;faible;255;calcul PEAFirst;une action n'est pas un PRIIPS : aucun SRI officiel n'existe, l'échelle est appliquée par analogie (255 séances seulement : une période courte peut masquer des phases de forte volatilité);2026-09-05
FR0011184241;ADOCIA;Action;69.08;61.47;6;;6;30 – 80 %;cornish_fisher;faible;255;calcul PEAFirst;une action n'est pas un PRIIPS : aucun SRI officiel n'existe, l'échelle est appliquée par analogie (255 séances seulement : une période courte peut masquer des phases de forte volatilité);2026-09-05
FR0011208693;GOLD BY GOLD;Action;89.36;89.14;7;;7;> 80 %;cornish_fisher;faible;254;calcul PEAFirst;une action n'est pas un PRIIPS : aucun SRI officiel n'existe, l'échelle est appliquée par analogie (254 séances seulement : une période courte peut masquer des phases de forte volatilité);2026-09-05
FR0011217710;METHANOR;Action;51.77;50.55;6;;6;30 – 80 %;cornish_fisher;faible;255;calcul PEAFirst;une action n'est pas un PRIIPS : aucun SRI officiel n'existe, l'échelle est appliquée par analogie (255 séances seulement : une période courte peut masquer des phases de forte volatilité);2026-09-05
FR0011271600;FERMENTALG;Action;45.81;42.22;6;;6;30 – 80 %;cornish_fisher;faible;255;calcul PEAFirst;une action n'est pas un PRIIPS : aucun SRI officiel n'existe, l'échelle est appliquée par analogie (255 séances seulement : une période courte peut masquer des phases de forte volatilité);2026-09-05
FR0011341205;NANOBIOTIX;Action;87.52;84.14;7;;7;> 80 %;cornish_fisher;faible;255;calcul PEAFirst;une action n'est pas un PRIIPS : aucun SRI officiel n'existe, l'échelle est appliquée par analogie (255 séances seulement : une période courte peut masquer des phases de forte volatilité);2026-09-05
FR0011365907;BOA CONCEPT;Action;51.19;50.20;6;;6;30 – 80 %;cornish_fisher;faible;255;calcul PEAFirst;une action n'est pas un PRIIPS : aucun SRI officiel n'existe, l'échelle est appliquée par analogie (255 séances seulement : une période courte peut masquer des phases de forte volatilité);2026-09-05
FR0011440478;AMUNDI MSCI EM PEA;ETF;16.88;16.63;4;;4;12 – 20 %;cornish_fisher;faible;255;calcul PEAFirst;estimation : CRM non évalué, historique plus court que les cinq ans exigés (255 séances seulement : une période courte peut masquer des phases de forte volatilité);2026-09-05
FR0011464452;SPINEGUARD;Action;130.83;71.20;6;;6;30 – 80 %;cornish_fisher;faible;255;calcul PEAFirst;une action n'est pas un PRIIPS : aucun SRI officiel n'existe, l'échelle est appliquée par analogie (255 séances seulement : une période courte peut masquer des phases de forte volatilité);2026-09-05
FR0011466069;EKINOPS;Action;78.99;81.76;7;;7;> 80 %;cornish_fisher;faible;255;calcul PEAFirst;une action n'est pas un PRIIPS : aucun SRI officiel n'existe, l'échelle est appliquée par analogie (255 séances seulement : une période courte peut masquer des phases de forte volatilité);2026-09-05
FR0011490648;ECOSLOPS;Action;87.68;80.94;7;;7;> 80 %;cornish_fisher;faible;255;calcul PEAFirst;une action n'est pas un PRIIPS : aucun SRI officiel n'existe, l'échelle est appliquée par analogie (255 séances seulement : une période courte peut masquer des phases de forte volatilité);2026-09-05
