ISIN;Nom;Symbole;Type;Marché(s);Devise;Pays_émission;PEA_indicatif;ESG_classification;Source;Date_MAJ;PEA_eligible;PEA_methode;PEA_source
BE0003736502;KBC BUS.BEL.EQ.-SV;KBCB;OPCVM;Euronext Brussels;EUR;BE;OUI;;Euronext;2026-08-04;A_VERIFIER;NON_DETERMINE;Fonds EEE sur indice non européen : vérifier la liste émetteur
BE0003751659;KBC BUS.EUR.EQ.-SV;KBEE;OPCVM;Euronext Brussels;EUR;BE;OUI;;Euronext;2026-08-04;A_VERIFIER;NON_DETERMINE;Fonds EEE sur indice non européen : vérifier la liste émetteur
CH0445689208;21S HODL;HODL;ETF;Euronext Paris | Euronext Amsterdam - Multi-currency Trading | ETF Plus;EUR;CH;NON;-;Euronext;2026-08-04;NON;HORS_EEE;Domicile hors EEE (art. L221-31 CMF)
CH0454664001;21Shares Bitcoin;ABTC;ETF;Euronext Amsterdam - Multi-currency Trading | Euronext Paris;USD;CH;NON;-;Euronext;2026-08-04;NON;HORS_EEE;Domicile hors EEE (art. L221-31 CMF)
CH0454664027;21Shares Ethereum;AETH;ETF;Euronext Paris | Euronext Amsterdam - Multi-currency Trading;EUR;CH;NON;-;Euronext;2026-08-04;NON;HORS_EEE;Domicile hors EEE (art. L221-31 CMF)
CH0454664043;21S XRP;AXRP;ETF;Euronext Amsterdam - Multi-currency Trading | Euronext Paris | ETF Plus;USD;CH;NON;-;Euronext;2026-08-04;NON;HORS_EEE;Domicile hors EEE (art. L221-31 CMF)
CH0475552201;21S Bitcoin Cash;ABCH;ETF;Euronext Amsterdam - Multi-currency Trading | Euronext Paris | ETF Plus;USD;CH;NON;-;Euronext;2026-08-04;NON;HORS_EEE;Domicile hors EEE (art. L221-31 CMF)
CH0491507486;21S Tezos;AXTZ;ETF;Euronext Paris | Euronext Amsterdam - Multi-currency Trading;EUR;CH;NON;-;Euronext;2026-08-04;NON;HORS_EEE;Domicile hors EEE (art. L221-31 CMF)
CH0496454155;21S Binance Coin;BNBA;ETF;Euronext Amsterdam - Multi-currency Trading | Euronext Paris | ETF Plus;USD;CH;NON;-;Euronext;2026-08-04;NON;HORS_EEE;Domicile hors EEE (art. L221-31 CMF)
CH0558875933;SEBA BTC ETP;SBTCU;ETF;Euronext Paris | Euronext Amsterdam - Multi-currency Trading;EUR;CH;NON;-;Euronext;2026-08-04;NON;HORS_EEE;Domicile hors EEE (art. L221-31 CMF)
CH0568452707;AMINAX ETP;AMINA;ETF;Euronext Amsterdam - Multi-currency Trading | Euronext Paris;USD;CH;NON;-;Euronext;2026-08-04;NON;HORS_EEE;Domicile hors EEE (art. L221-31 CMF)
CH0573883474;VALOUR BTC ZERO;BTC0E;ETF;Euronext Amsterdam | Euronext Paris;EUR;CH;NON;-;Euronext;2026-08-04;NON;HORS_EEE;Domicile hors EEE (art. L221-31 CMF)
CH0585378752;VALOUR ETH ZERO;ETH0E;ETF;Euronext Amsterdam | Euronext Paris;EUR;CH;NON;-;Euronext;2026-08-04;NON;HORS_EEE;Domicile hors EEE (art. L221-31 CMF)
CH0587418630;SEBA ETH ETP;SETH;ETF;Euronext Amsterdam - Multi-currency Trading | Euronext Paris;USD;CH;NON;-;Euronext;2026-08-04;NON;HORS_EEE;Domicile hors EEE (art. L221-31 CMF)
CH0593331561;21S Polkadot;ADOT;ETF;Euronext Amsterdam - Multi-currency Trading | Euronext Paris | ETF Plus;USD;CH;NON;-;Euronext;2026-08-04;NON;HORS_EEE;Domicile hors EEE (art. L221-31 CMF)
CH1100083471;21S LINK;ALINK;ETF;Euronext Amsterdam - Multi-currency Trading | Euronext Paris | ETF Plus;USD;CH;NON;-;Euronext;2026-08-04;NON;HORS_EEE;Domicile hors EEE (art. L221-31 CMF)
CH1102728750;21S AADA;AADA;ETF;Euronext Amsterdam - Multi-currency Trading | Euronext Paris | ETF Plus;USD;CH;NON;-;Euronext;2026-08-04;NON;HORS_EEE;Domicile hors EEE (art. L221-31 CMF)
CH1109575535;21S Stellar;AXLM;ETF;Euronext Paris | Euronext Amsterdam - Multi-currency Trading | ETF Plus;EUR;CH;NON;-;Euronext;2026-08-04;NON;HORS_EEE;Domicile hors EEE (art. L221-31 CMF)
CH1113516871;SEBA DOT ETP;SDOT;ETF;Euronext Amsterdam - Multi-currency Trading | Euronext Paris;USD;CH;NON;-;Euronext;2026-08-04;NON;HORS_EEE;Domicile hors EEE (art. L221-31 CMF)
CH1114178812;VALOUR POLKADOT;DOTVE;ETF;Euronext Amsterdam | Euronext Paris;EUR;CH;NON;-;Euronext;2026-08-04;NON;HORS_EEE;Domicile hors EEE (art. L221-31 CMF)
CH1114178820;VALOUR CARDANO;ADAVE;ETF;Euronext Amsterdam | Euronext Paris;EUR;CH;NON;-;Euronext;2026-08-04;NON;HORS_EEE;Domicile hors EEE (art. L221-31 CMF)
CH1114178838;VALOUR SOLANA;SOLVE;ETF;Euronext Paris | Euronext Amsterdam;EUR;CH;NON;-;Euronext;2026-08-04;NON;HORS_EEE;Domicile hors EEE (art. L221-31 CMF)
CH1114873776;21S Solana;ASOL;ETF;Euronext Amsterdam - Multi-currency Trading | Euronext Paris;USD;CH;NON;-;Euronext;2026-08-04;NON;HORS_EEE;Domicile hors EEE (art. L221-31 CMF)
CH1129538448;21S Polygon;POLY;ETF;Euronext Amsterdam - Multi-currency Trading | Euronext Paris | ETF Plus;USD;CH;NON;-;Euronext;2026-08-04;NON;HORS_EEE;Domicile hors EEE (art. L221-31 CMF)
CH1130675676;21S ALTS;ALTS;ETF;Euronext Amsterdam - Multi-currency Trading | Euronext Paris | ETF Plus;USD;CH;NON;-;Euronext;2026-08-04;NON;HORS_EEE;Domicile hors EEE (art. L221-31 CMF)
CH1135202088;21SETNCCAVAXETFP;AVAX;ETF;ETF Plus | Euronext Paris | Euronext Amsterdam - Multi-currency Trading;EUR;CH;NON;-;Euronext;2026-08-04;NON;HORS_EEE;Domicile hors EEE (art. L221-31 CMF)
CH1135202096;21S AUNI;AUNI;ETF;Euronext Paris | Euronext Amsterdam - Multi-currency Trading | ETF Plus;EUR;CH;NON;-;Euronext;2026-08-04;NON;HORS_EEE;Domicile hors EEE (art. L221-31 CMF)
CH1135202120;21S AAVE;AAVE;ETF;Euronext Paris | Euronext Amsterdam - Multi-currency Trading | ETF Plus;EUR;CH;NON;-;Euronext;2026-08-04;NON;HORS_EEE;Domicile hors EEE (art. L221-31 CMF)
CH1135202161;21S HODLV;HODLV;ETF;Euronext Amsterdam - Multi-currency Trading | Euronext Paris;USD;CH;NON;-;Euronext;2026-08-04;NON;HORS_EEE;Domicile hors EEE (art. L221-31 CMF)
CH1135202179;21S HODLX;HODLX;ETF;Euronext Paris | Euronext Amsterdam - Multi-currency Trading | ETF Plus;EUR;CH;NON;-;Euronext;2026-08-04;NON;HORS_EEE;Domicile hors EEE (art. L221-31 CMF)
CH1146882308;21S BOLD;BOLD;ETF;Euronext Amsterdam - Multi-currency Trading | Euronext Paris | ETF Plus;USD;CH;NON;-;Euronext;2026-08-04;NON;HORS_EEE;Domicile hors EEE (art. L221-31 CMF)
CH1146882316;21S ALGO;ALGO;ETF;Euronext Paris | Euronext Amsterdam - Multi-currency Trading;EUR;CH;NON;-;Euronext;2026-08-04;NON;HORS_EEE;Domicile hors EEE (art. L221-31 CMF)
CH1162108893;21SETNCCNEARXAMS;NEAR;ETF;Euronext Amsterdam - Multi-currency Trading | Euronext Paris;USD;CH;NON;-;Euronext;2026-08-04;NON;HORS_EEE;Domicile hors EEE (art. L221-31 CMF)
CH1184151731;HASH;HASH;ETF;Euronext Amsterdam - Multi-currency Trading | Euronext Paris;USD;CH;NON;-;Euronext;2026-08-04;NON;HORS_EEE;Domicile hors EEE (art. L221-31 CMF)
CH1199067674;21S CBTC;CBTC;ETF;Euronext Amsterdam - Multi-currency Trading | Euronext Paris | ETF Plus;USD;CH;NON;-;Euronext;2026-08-04;NON;HORS_EEE;Domicile hors EEE (art. L221-31 CMF)
CH1209763130;21S CETH;ETHC;ETF;Euronext Paris | Euronext Amsterdam - Multi-currency Trading | ETF Plus;EUR;CH;NON;-;Euronext;2026-08-04;NON;HORS_EEE;Domicile hors EEE (art. L221-31 CMF)
CH1218734544;HAMO;HAMO;ETF;Euronext Paris | Euronext Amsterdam - Multi-currency Trading;EUR;CH;NON;-;Euronext;2026-08-04;NON;HORS_EEE;Domicile hors EEE (art. L221-31 CMF)
CH1258969042;21S ASTX;ASTX;ETF;Euronext Paris | Euronext Amsterdam - Multi-currency Trading;EUR;CH;NON;-;Euronext;2026-08-04;NON;HORS_EEE;Domicile hors EEE (art. L221-31 CMF)
CH1275043318;21S LIDO;LIDO;ETF;Euronext Amsterdam - Multi-currency Trading | Euronext Paris | ETF Plus;USD;CH;NON;-;Euronext;2026-08-04;NON;HORS_EEE;Domicile hors EEE (art. L221-31 CMF)
CH1297762812;21S GRAM;GRAM;ETF;Euronext Paris | Euronext Amsterdam - Multi-currency Trading;EUR;CH;NON;-;Euronext;2026-08-04;NON;HORS_EEE;Domicile hors EEE (art. L221-31 CMF)
CH1304867455;21S AOPT;AOPT;ETF;Euronext Paris | Euronext Amsterdam - Multi-currency Trading;EUR;CH;NON;-;Euronext;2026-08-04;NON;HORS_EEE;Domicile hors EEE (art. L221-31 CMF)
CH1304867463;21S AARB;AARB;ETF;Euronext Paris | Euronext Amsterdam - Multi-currency Trading;EUR;CH;NON;-;Euronext;2026-08-04;NON;HORS_EEE;Domicile hors EEE (art. L221-31 CMF)
CH1326116832;21S ATIA;ATIA;ETF;Euronext Amsterdam - Multi-currency Trading | Euronext Paris;USD;CH;NON;-;Euronext;2026-08-04;NON;HORS_EEE;Domicile hors EEE (art. L221-31 CMF)
CH1360612134;21SETNINJXAMS;AINJ;ETF;Euronext Amsterdam - Multi-currency Trading | Euronext Paris;USD;CH;NON;-;Euronext;2026-08-04;NON;HORS_EEE;Domicile hors EEE (art. L221-31 CMF)
CH1360612159;21SETNSUIETFP;ASUI;ETF;ETF Plus | Euronext Amsterdam - Multi-currency Trading | Euronext Paris;EUR;CH;NON;-;Euronext;2026-08-04;NON;HORS_EEE;Domicile hors EEE (art. L221-31 CMF)
CH1382892102;21SETN21FOCXAMS;FUTR;ETF;Euronext Amsterdam - Multi-currency Trading | Euronext Paris;USD;CH;NON;-;Euronext;2026-08-04;NON;HORS_EEE;Domicile hors EEE (art. L221-31 CMF)
CH1385084384;21SETNCCSOLETFP;CSOL;ETF;ETF Plus;EUR;CH;NON;-;Euronext;2026-08-04;NON;HORS_EEE;Domicile hors EEE (art. L221-31 CMF)
CH1396281391;21SETNCCAPTXAMS;APTOS;ETF;Euronext Amsterdam - Multi-currency Trading | Euronext Paris;USD;CH;NON;-;Euronext;2026-08-04;NON;HORS_EEE;Domicile hors EEE (art. L221-31 CMF)
CH1396343266;21SETNCCRNDRXAMS;RNDR;ETF;Euronext Amsterdam - Multi-currency Trading | Euronext Paris;USD;CH;NON;-;Euronext;2026-08-04;NON;HORS_EEE;Domicile hors EEE (art. L221-31 CMF)
CH1396389921;21SETNCCONDOETFP;ONDO;ETF;ETF Plus | Euronext Amsterdam - Multi-currency Trading | Euronext Paris;EUR;CH;NON;-;Euronext;2026-08-04;NON;HORS_EEE;Domicile hors EEE (art. L221-31 CMF)
CH1396389939;21SETNCCPYTHXAMS;PYTH;ETF;Euronext Amsterdam - Multi-currency Trading | Euronext Paris;USD;CH;NON;-;Euronext;2026-08-04;NON;HORS_EEE;Domicile hors EEE (art. L221-31 CMF)
CH1443364232;21SETNCCCROXAMS;CRON;ETF;Euronext Amsterdam - Multi-currency Trading | Euronext Paris;USD;CH;NON;-;Euronext;2026-08-04;NON;HORS_EEE;Domicile hors EEE (art. L221-31 CMF)
CH1456607683;21SETNCCHBARETFP;HDRA;ETF;ETF Plus | Euronext Amsterdam - Multi-currency Trading | Euronext Paris;EUR;CH;NON;-;Euronext;2026-08-04;NON;HORS_EEE;Domicile hors EEE (art. L221-31 CMF)
CH1464217285;21SETNCCXDCXAMS;XDCN;ETF;Euronext Amsterdam - Multi-currency Trading | Euronext Paris;USD;CH;NON;-;Euronext;2026-08-04;NON;HORS_EEE;Domicile hors EEE (art. L221-31 CMF)
CH1480821375;21SETNCFETEETFP;AFET;ETF;ETF Plus | Euronext Amsterdam - Multi-currency Trading | Euronext Paris;EUR;CH;NON;-;Euronext;2026-08-04;NON;HORS_EEE;Domicile hors EEE (art. L221-31 CMF)
CH1495416971;21SETNCTAOE ETFP;ATAO;ETF;ETF Plus | Euronext Amsterdam - Multi-currency Trading | Euronext Paris;EUR;CH;NON;-;Euronext;2026-08-04;NON;HORS_EEE;Domicile hors EEE (art. L221-31 CMF)
CH1495416989;21SETNCSYRUPETFP;SYRUP;ETF;ETF Plus | Euronext Amsterdam - Multi-currency Trading | Euronext Paris;EUR;CH;NON;-;Euronext;2026-08-04;NON;HORS_EEE;Domicile hors EEE (art. L221-31 CMF)
CH1503127917;21SETNKKCCETFP;CANTN;ETF;ETF Plus | Euronext Amsterdam - Multi-currency Trading | Euronext Paris;EUR;CH;NON;-;Euronext;2026-08-04;NON;HORS_EEE;Domicile hors EEE (art. L221-31 CMF)
CH1506167027;21SETNCMOREETFP;MORPH;ETF;ETF Plus | Euronext Amsterdam - Multi-currency Trading | Euronext Paris;EUR;CH;NON;-;Euronext;2026-08-04;NON;HORS_EEE;Domicile hors EEE (art. L221-31 CMF)
CH1521714696;21SETNCJITRXAMC;JSOL;ETF;Euronext Amsterdam - Multi-currency Trading | Euronext Paris;USD;CH;NON;-;Euronext;2026-08-04;NON;HORS_EEE;Domicile hors EEE (art. L221-31 CMF)
CH1528107811;21SETNSTRCXAMC;STRC;ETF;Euronext Amsterdam - Multi-currency Trading | Euronext Paris;USD;CH;NON;-;Euronext;2026-08-04;NON;HORS_EEE;Domicile hors EEE (art. L221-31 CMF)
DE0002635299;BLAETFSD3PETFP;EXSH;ETF;ETF Plus;EUR;DE;OUI;-;Euronext;2026-08-04;PROBABLE;INDICE_EUROPEEN;Indice actions européen — quota 75 % actions UE respecté de fait
DE0002635307;BLAETFSEU600ETFP;EXSA;ETF;ETF Plus;EUR;DE;OUI;-;Euronext;2026-08-04;A_VERIFIER;NON_DETERMINE;Fonds EEE sur indice non européen : vérifier la liste émetteur
DE0005933931;BLAETFDAXETFP;EXS1;ETF;ETF Plus | Euronext Amsterdam;EUR;DE;OUI;-;Euronext;2026-08-04;PROBABLE;INDICE_EUROPEEN;Indice actions européen — quota 75 % actions UE respecté de fait
DE000A0D8Q07;BLAETFEURSTXETFP;EXSI;ETF;ETF Plus;EUR;DE;OUI;-;Euronext;2026-08-04;PROBABLE;INDICE_EUROPEEN;Indice actions européen — quota 75 % actions UE respecté de fait
DE000A0D8Q49;BLAETFDJDVPETFP;EXX5;ETF;ETF Plus;EUR;DE;OUI;-;Euronext;2026-08-04;A_VERIFIER;NON_DETERMINE;Fonds EEE sur indice non européen : vérifier la liste émetteur
DE000A0H0728;BLAETFBLOCOMETFP;EXXY;ETF;ETF Plus | Euronext Amsterdam - Multi-currency Trading | Euronext Paris;EUR;DE;OUI;-;Euronext;2026-08-04;A_VERIFIER;NON_DETERMINE;Fonds EEE sur indice non européen : vérifier la liste émetteur
DE000A0Q4R85;BLAETFXMBRIMETFP;4BRZ;ETF;ETF Plus;EUR;DE;OUI;-;Euronext;2026-08-04;A_VERIFIER;NON_DETERMINE;Fonds EEE sur indice non européen : vérifier la liste émetteur
DE000A0Q4RZ9;BLAETFEXVMIMETFP;EXVM;ETF;ETF Plus;EUR;DE;OUI;-;Euronext;2026-08-04;A_VERIFIER;NON_DETERMINE;Fonds EEE sur indice non européen : vérifier la liste émetteur
DE000A1E0HR8;DB ETCSGLEIMETFP;XAD5;ETF;ETF Plus;EUR;DE;OUI;-;Euronext;2026-08-04;NON;CLASSE_ACTIFS;Obligataire/monétaire/crypto/matières premières sans montage PEA
DE000A1E0HS6;DB ETCPHAGIMETFP;XAD6;ETF;ETF Plus;EUR;DE;OUI;-;Euronext;2026-08-04;NON;CLASSE_ACTIFS;Obligataire/monétaire/crypto/matières premières sans montage PEA
DE000A1EK0G3;DB ETCSGLEIMETFP;XAD1;ETF;ETF Plus;EUR;DE;OUI;-;Euronext;2026-08-04;NON;CLASSE_ACTIFS;Obligataire/monétaire/crypto/matières premières sans montage PEA
DE000A1EK0H1;DB ETCXAD3IMETFP;XAD3;ETF;ETF Plus;EUR;DE;OUI;-;Euronext;2026-08-04;A_VERIFIER;NON_DETERMINE;Fonds EEE sur indice non européen : vérifier la liste émetteur
DE000A1EK0J7;DB ETCPHAGIMETFP;XAD2;ETF;ETF Plus;EUR;DE;OUI;-;Euronext;2026-08-04;A_VERIFIER;NON_DETERMINE;Fonds EEE sur indice non européen : vérifier la liste émetteur
DE000A27Z304;BITETNXBTUSDETFP;BTCE;ETF;ETF Plus | Euronext Amsterdam - Multi-currency Trading | Euronext Paris;EUR;DE;OUI;-;Euronext;2026-08-04;NON;CLASSE_ACTIFS;Obligataire/monétaire/crypto/matières premières sans montage PEA
DE000A28M8D0;VanEck Bitcoin;VBTC;ETF;Euronext Amsterdam - Multi-currency Trading | Euronext Paris;USD;DE;OUI;-;Euronext;2026-08-04;NON;CLASSE_ACTIFS;Obligataire/monétaire/crypto/matières premières sans montage PEA
DE000A2QP372;ESTX Bk 30-15 EU A;EXA1;ETF;Euronext Amsterdam;EUR;DE;OUI;-;Euronext;2026-08-04;A_VERIFIER;NON_DETERMINE;Fonds EEE sur indice non européen : vérifier la liste émetteur
DE000A2QP380;ESTX Div 30 EU A;IDVA;ETF;Euronext Amsterdam;EUR;DE;OUI;-;Euronext;2026-08-04;A_VERIFIER;NON_DETERMINE;Fonds EEE sur indice non européen : vérifier la liste émetteur
DE000A2QP398;ISH STX 600 Tch EU;STEC;ETF;Euronext Amsterdam;EUR;DE;OUI;-;Euronext;2026-08-04;A_VERIFIER;NON_DETERMINE;Fonds EEE sur indice non européen : vérifier la liste émetteur
DE000A2QP4A8;ISH STX 600 A&P EU;SAOT;ETF;Euronext Amsterdam;EUR;DE;OUI;-;Euronext;2026-08-04;A_VERIFIER;NON_DETERMINE;Fonds EEE sur indice non européen : vérifier la liste émetteur
DE000A2QP4D2;INVETFJPEIBRXAMS;BLNT;ETF;Euronext Amsterdam | Euronext Amsterdam - Multi-currency Trading;EUR;DE;OUI;-;Euronext;2026-08-04;A_VERIFIER;NON_DETERMINE;Fonds EEE sur indice non européen : vérifier la liste émetteur
DE000A2T0VS9;XTRETCXSLRIMETFP;XSLR;ETF;ETF Plus;EUR;DE;OUI;-;Euronext;2026-08-04;NON;CLASSE_ACTIFS;Obligataire/monétaire/crypto/matières premières sans montage PEA
DE000A2T0VU5;XTRETCXGDEIMETFP;XGDU;ETF;ETF Plus;EUR;DE;OUI;-;Euronext;2026-08-04;NON;CLASSE_ACTIFS;Obligataire/monétaire/crypto/matières premières sans montage PEA
DE000A2T5DZ1;XTRETCXGDEIMETFP;XGDE;ETF;ETF Plus;EUR;DE;OUI;-;Euronext;2026-08-04;NON;CLASSE_ACTIFS;Obligataire/monétaire/crypto/matières premières sans montage PEA
DE000A2UDH55;XTRETCXSLRIMETFP;XSLE;ETF;ETF Plus;EUR;DE;OUI;-;Euronext;2026-08-04;NON;CLASSE_ACTIFS;Obligataire/monétaire/crypto/matières premières sans montage PEA
DE000A2UDH63;XTRETCXPPEIMETFP;XPPE;ETF;ETF Plus;EUR;DE;OUI;-;Euronext;2026-08-04;A_VERIFIER;NON_DETERMINE;Fonds EEE sur indice non européen : vérifier la liste émetteur
DE000A3G3ZL3;BITETNMXGSDAETFP;DA20;ETF;ETF Plus | Euronext Paris;EUR;DE;OUI;-;Euronext;2026-08-04;NON;CLASSE_ACTIFS;Obligataire/monétaire/crypto/matières premières sans montage PEA
DE000A3G90G9;BITETNETHTR9XPAR;ET32;ETF;Euronext Paris;EUR;DE;OUI;-;Euronext;2026-08-04;NON;CLASSE_ACTIFS;Obligataire/monétaire/crypto/matières premières sans montage PEA
DE000A3G9SE0;DDAETNDDAMACXPAR;BMAC;ETF;Euronext Paris;EUR;DE;OUI;-;Euronext;2026-08-04;NON;CLASSE_ACTIFS;Obligataire/monétaire/crypto/matières premières sans montage PEA
DE000A3GK2N1;DDA Ph Bitcoin ETP;XBTI;ETF;Euronext Amsterdam | Euronext Paris;EUR;DE;OUI;-;Euronext;2026-08-04;NON;CLASSE_ACTIFS;Obligataire/monétaire/crypto/matières premières sans montage PEA
DE000A3GMKD7;BITETNXETUSDETFP;ZETH;ETF;ETF Plus | Euronext Amsterdam - Multi-currency Trading | Euronext Paris;EUR;DE;OUI;-;Euronext;2026-08-04;NON;CLASSE_ACTIFS;Obligataire/monétaire/crypto/matières premières sans montage PEA
DE000A3GN5J9;LTCetc EUR;ELTC;ETF;Euronext Paris | Euronext Amsterdam - Multi-currency Trading;EUR;DE;OUI;-;Euronext;2026-08-04;A_VERIFIER;NON_DETERMINE;Fonds EEE sur indice non européen : vérifier la liste émetteur
DE000A3GPSP7;VanEck Ethereum;VETH;ETF;Euronext Amsterdam - Multi-currency Trading | Euronext Paris;USD;DE;OUI;-;Euronext;2026-08-04;NON;CLASSE_ACTIFS;Obligataire/monétaire/crypto/matières premières sans montage PEA
DE000A3GSUC5;VanEck Polkadot;VDOT;ETF;Euronext Amsterdam - Multi-currency Trading | Euronext Paris;USD;DE;OUI;-;Euronext;2026-08-04;A_VERIFIER;NON_DETERMINE;Fonds EEE sur indice non européen : vérifier la liste émetteur
DE000A3GSUD3;VanEck Solana;VSOL;ETF;Euronext Amsterdam - Multi-currency Trading | Euronext Paris;USD;DE;OUI;-;Euronext;2026-08-04;NON;CLASSE_ACTIFS;Obligataire/monétaire/crypto/matières premières sans montage PEA
DE000A3GSUE1;VanEck TRON;VTRX;ETF;Euronext Amsterdam - Multi-currency Trading | Euronext Paris;USD;DE;OUI;-;Euronext;2026-08-04;A_VERIFIER;NON_DETERMINE;Fonds EEE sur indice non européen : vérifier la liste émetteur
DE000A3GYNB0;BITETNXRPUSDXPAR;GXRP;ETF;Euronext Paris;EUR;DE;OUI;-;Euronext;2026-08-04;NON;CLASSE_ACTIFS;Obligataire/monétaire/crypto/matières premières sans montage PEA
DE000A4A59D2;BITETNSOLTRMXPAR;BSOL;ETF;Euronext Paris;EUR;DE;OUI;-;Euronext;2026-08-04;NON;CLASSE_ACTIFS;Obligataire/monétaire/crypto/matières premières sans montage PEA
DE000A4A5Z07;VANETNMVPYTHXAMS;VPYT;ETF;Euronext Amsterdam | Euronext Paris - Multi-currency Trading;EUR;DE;OUI;-;Euronext;2026-08-04;A_VERIFIER;NON_DETERMINE;Fonds EEE sur indice non européen : vérifier la liste émetteur
DE000A4A5Z72;VANETNMVSUIVXAMS;VSUI;ETF;Euronext Amsterdam | Euronext Paris - Multi-currency Trading;EUR;DE;OUI;-;Euronext;2026-08-04;A_VERIFIER;NON_DETERMINE;Fonds EEE sur indice non européen : vérifier la liste émetteur
DE000A4AER62;BITETNBRRETFP;BTC1;ETF;ETF Plus | Euronext Amsterdam - Multi-currency Trading | Euronext Paris;EUR;DE;OUI;-;Euronext;2026-08-04;NON;CLASSE_ACTIFS;Obligataire/monétaire/crypto/matières premières sans montage PEA
DE000A4AKW34;BITETCBTCGXAMS;BTCG;ETF;Euronext Amsterdam - Multi-currency Trading | Euronext Paris | ETF Plus;USD;DE;OUI;-;Euronext;2026-08-04;NON;CLASSE_ACTIFS;Obligataire/monétaire/crypto/matières premières sans montage PEA
DE000A4AKZB4;VANETNMVTIAVXAMS;VTIA;ETF;Euronext Amsterdam | Euronext Paris - Multi-currency Trading;EUR;DE;OUI;-;Euronext;2026-08-04;A_VERIFIER;NON_DETERMINE;Fonds EEE sur indice non européen : vérifier la liste émetteur
DE000A4APQY4;DDAETNKKSTAOXPAR;STAO;ETF;Euronext Paris;EUR;DE;OUI;-;Euronext;2026-08-04;A_VERIFIER;NON_DETERMINE;Fonds EEE sur indice non européen : vérifier la liste émetteur
DE000A4APRP0;BITETNKBSTIAXPAR;TIAB;ETF;Euronext Paris;EUR;DE;OUI;-;Euronext;2026-08-04;NON;CLASSE_ACTIFS;Obligataire/monétaire/crypto/matières premières sans montage PEA
FR0000021842;AMUNDI ETF BEL 20;BEL;ETF;Euronext Brussels;EUR;FR;OUI;-;Euronext;2026-08-04;PROBABLE;INDICE_EUROPEEN;Indice actions européen — quota 75 % actions UE respecté de fait
FR0007052782;AMUNDI ETF CAC 40;CAC;ETF;Euronext Paris;EUR;FR;OUI;-;Euronext;2026-08-04;PROBABLE;INDICE_EUROPEEN;Indice actions européen — quota 75 % actions UE respecté de fait
FR0007054358;AMUNDI ESTOXX50;MSE;ETF;Euronext Paris | ETF Plus;EUR;FR;OUI;-;Euronext;2026-08-04;PROBABLE;INDICE_EUROPEEN;Indice actions européen — quota 75 % actions UE respecté de fait
FR0007056841;AMUETFDJEIMETFP;DJE;ETF;ETF Plus | Euronext Paris;EUR;FR;OUI;-;Euronext;2026-08-04;A_VERIFIER;NON_DETERMINE;Fonds EEE sur indice non européen : vérifier la liste émetteur
FR0007075494;LYXOR ETF DJ GT50;MGT;ETF;Euronext Paris | ETF Plus;EUR;FR;OUI;-;Euronext;2026-08-04;A_VERIFIER;NON_DETERMINE;Fonds EEE sur indice non européen : vérifier la liste émetteur
FR0010010827;AMUNDI FTSE MIB;MIB;ETF;Euronext Paris | ETF Plus;EUR;FR;OUI;-;Euronext;2026-08-04;PROBABLE;INDICE_EUROPEEN;Indice actions européen — quota 75 % actions UE respecté de fait
FR0010150458;BNPP CAC 40 ESG;E40;ETF;Euronext Paris;EUR;FR;OUI;ESG ETF art. 8;Euronext;2026-08-04;PROBABLE;INDICE_EUROPEEN;Indice actions européen — quota 75 % actions UE respecté de fait
FR0010245514;AMUNDI ETF TOPIX;JPN;ETF;Euronext Paris | ETF Plus;EUR;FR;OUI;-;Euronext;2026-08-04;A_VERIFIER;NON_DETERMINE;Fonds EEE sur indice non européen : vérifier la liste émetteur
FR0010261198;AMUNDI MSCI EUR;MEU;ETF;Euronext Paris | ETF Plus;EUR;FR;OUI;-;Euronext;2026-08-04;PROBABLE;INDICE_EUROPEEN;Indice actions européen — quota 75 % actions UE respecté de fait
FR0010315770;AMUNDI MSCI WOR;WLD;ETF;Euronext Paris | ETF Plus;EUR;FR;OUI;-;Euronext;2026-08-04;A_VERIFIER;NON_DETERMINE;Fonds EEE sur indice non européen : vérifier la liste émetteur
FR0010342592;Amundi NSDQ LEV;LQQ;ETF;Euronext Paris | ETF Plus;EUR;FR;OUI;-;Euronext;2026-08-04;A_VERIFIER;NON_DETERMINE;Fonds EEE sur indice non européen : vérifier la liste émetteur
FR0010361683;AMUNDI ETF INDIA;INR;ETF;Euronext Paris | ETF Plus;EUR;FR;OUI;-;Euronext;2026-08-04;A_VERIFIER;NON_DETERMINE;Fonds EEE sur indice non européen : vérifier la liste émetteur
FR0010405431;AMUNDI MSCI GREECE;GRE;ETF;Euronext Paris | ETF Plus;EUR;FR;OUI;-;Euronext;2026-08-04;A_VERIFIER;NON_DETERMINE;Fonds EEE sur indice non européen : vérifier la liste émetteur
FR0010411884;AMUNDI ETF BX4;BX4;ETF;Euronext Paris;EUR;FR;OUI;-;Euronext;2026-08-04;PROBABLE;INDICE_EUROPEEN;Indice actions européen — quota 75 % actions UE respecté de fait
FR0010424135;AMUNDI ETF SX50 DS;BSX;ETF;Euronext Paris | ETF Plus;EUR;FR;OUI;-;Euronext;2026-08-04;A_VERIFIER;NON_DETERMINE;Fonds EEE sur indice non européen : vérifier la liste émetteur
FR0010424143;AMUNDI SX50 DDS;BXX;ETF;Euronext Paris | ETF Plus;EUR;FR;OUI;-;Euronext;2026-08-04;A_VERIFIER;NON_DETERMINE;Fonds EEE sur indice non européen : vérifier la liste émetteur
FR0010429068;AMUNDI ETF MSCI EM;LEM;ETF;Euronext Paris | ETF Plus;EUR;FR;OUI;-;Euronext;2026-08-04;A_VERIFIER;NON_DETERMINE;Fonds EEE sur indice non européen : vérifier la liste émetteur
FR0010446146;MULSTRRTIBITETFP;BERMIB;ETF;ETF Plus;EUR;FR;OUI;-;Euronext;2026-08-04;PROBABLE;INDICE_EUROPEEN;Indice actions européen — quota 75 % actions UE respecté de fait
FR0010446658;MULSTRVMIBIMETFP;LEVMIB;ETF;ETF Plus;EUR;FR;OUI;-;Euronext;2026-08-04;PROBABLE;INDICE_EUROPEEN;Indice actions européen — quota 75 % actions UE respecté de fait
FR0010446666;MULSTRRMIBIMETFP;XBRMIB;ETF;ETF Plus;EUR;FR;OUI;-;Euronext;2026-08-04;PROBABLE;INDICE_EUROPEEN;Indice actions européen — quota 75 % actions UE respecté de fait
FR0010468983;AMUNDI ETF SX50 DL;LVE;ETF;Euronext Paris | ETF Plus;EUR;FR;OUI;-;Euronext;2026-08-04;A_VERIFIER;NON_DETERMINE;Fonds EEE sur indice non européen : vérifier la liste émetteur
FR0010510800;AMUNDI EUR CASH;CSH;ETF;Euronext Paris | ETF Plus;EUR;FR;OUI;-;Euronext;2026-08-04;NON;CLASSE_ACTIFS;Obligataire/monétaire/crypto/matières premières sans montage PEA
FR0010524777;AMUNDI NEW ENER;NRJ;ETF;Euronext Paris | ETF Plus;EUR;FR;OUI;ESG ETF art. 8;Euronext;2026-08-04;A_VERIFIER;NON_DETERMINE;Fonds EEE sur indice non européen : vérifier la liste émetteur
FR0010527275;AMUNDI ETF W WATER;WAT;ETF;Euronext Paris | ETF Plus;EUR;FR;OUI;ESG ETF art. 8;Euronext;2026-08-04;A_VERIFIER;NON_DETERMINE;Fonds EEE sur indice non européen : vérifier la liste émetteur
FR0010591362;AMUNDI ETF SHT CAC;SHC;ETF;Euronext Paris;EUR;FR;OUI;-;Euronext;2026-08-04;PROBABLE;INDICE_EUROPEEN;Indice actions européen — quota 75 % actions UE respecté de fait
FR0010592014;AMUNDI ETF LEV CAC;LVC;ETF;Euronext Paris;EUR;FR;OUI;-;Euronext;2026-08-04;PROBABLE;INDICE_EUROPEEN;Indice actions européen — quota 75 % actions UE respecté de fait
FR0010655704;AMUNDI ETF CAC FRA;CF1;ETF;Euronext Paris;EUR;FR;OUI;-;Euronext;2026-08-04;PROBABLE;INDICE_EUROPEEN;Indice actions européen — quota 75 % actions UE respecté de fait
FR0010655712;AMUETFDAXETFP;CG1;ETF;ETF Plus | Euronext Paris;EUR;FR;OUI;-;Euronext;2026-08-04;PROBABLE;INDICE_EUROPEEN;Indice actions européen — quota 75 % actions UE respecté de fait
FR0010655746;AMUNDI ETF MS SPA;CS1;ETF;Euronext Paris;EUR;FR;OUI;-;Euronext;2026-08-04;PROBABLE;INDICE_EUROPEEN;Indice actions européen — quota 75 % actions UE respecté de fait
FR0010717090;AMUNDI ETF EMU HDV;CD8;ETF;Euronext Paris;EUR;FR;OUI;-;Euronext;2026-08-04;PROBABLE;INDICE_EUROPEEN;Indice actions européen — quota 75 % actions UE respecté de fait
FR0010754200;AMUETFC3MIMETFP;C3M;ETF;ETF Plus | Euronext Paris;EUR;FR;OUI;-;Euronext;2026-08-04;NON;CLASSE_ACTIFS;Obligataire/monétaire/crypto/matières premières sans montage PEA
FR0010755611;AMUNDI ETF LEV USA;CL2;ETF;Euronext Paris | ETF Plus;EUR;FR;OUI;-;Euronext;2026-08-04;A_VERIFIER;NON_DETERMINE;Fonds EEE sur indice non européen : vérifier la liste émetteur
FR0010756114;AMUETFCM9IMETFP;CM9;ETF;ETF Plus | Euronext Paris;EUR;FR;OUI;-;Euronext;2026-08-04;PROBABLE;INDICE_EUROPEEN;Indice actions européen — quota 75 % actions UE respecté de fait
FR0010790980;AMUNDI ETF STOXX50;C5E;ETF;Euronext Paris;EUR;FR;OUI;-;Euronext;2026-08-04;PROBABLE;INDICE_EUROPEEN;Indice actions européen — quota 75 % actions UE respecté de fait
FR0010821819;AMUNDI ETF EU X EM;CU9;ETF;Euronext Paris;EUR;FR;OUI;-;Euronext;2026-08-04;PROBABLE;INDICE_EUROPEEN;Indice actions européen — quota 75 % actions UE respecté de fait
FR0010869495;AMUNDI ETF DAX DS2;DSD;ETF;Euronext Paris | ETF Plus;EUR;FR;OUI;-;Euronext;2026-08-04;PROBABLE;INDICE_EUROPEEN;Indice actions européen — quota 75 % actions UE respecté de fait
FR0010869578;AMUNDI BUND DDS;DSB;ETF;Euronext Paris | ETF Plus;EUR;FR;OUI;-;Euronext;2026-08-04;A_VERIFIER;NON_DETERMINE;Fonds EEE sur indice non européen : vérifier la liste émetteur
FR0010930644;AMUNDI ETF MS E EN;ANRJ;ETF;Euronext Paris;EUR;FR;OUI;ESG ETF art. 8;Euronext;2026-08-04;A_VERIFIER;NON_DETERMINE;Fonds EEE sur indice non européen : vérifier la liste émetteur
FR0011023621;MULSTRTP2SIMETFP;BTP2S;ETF;ETF Plus | Euronext Paris;EUR;FR;OUI;-;Euronext;2026-08-04;A_VERIFIER;NON_DETERMINE;Fonds EEE sur indice non européen : vérifier la liste émetteur
FR0011440478;AMUNDI MSCI EM PEA;PLEM;ETF;Euronext Paris;EUR;FR;OUI;ESG ETF art. 8;Euronext;2026-08-04;OUI;NOM_PEA;Marquage « PEA » dans le nom émetteur
FR0011475078;AMUNDI TOPIX DH;JPNH;ETF;Euronext Paris | ETF Plus;EUR;FR;OUI;-;Euronext;2026-08-04;A_VERIFIER;NON_DETERMINE;Fonds EEE sur indice non européen : vérifier la liste émetteur
FR0011550177;BNPP SP500 USD C;ESD;ETF;Euronext Paris - Multi-currency Trading;USD;FR;OUI;-;Euronext;2026-08-04;A_VERIFIER;NON_DETERMINE;Fonds EEE sur indice non européen : vérifier la liste émetteur
FR0011550185;BNPETFSP500TETFP;ESEE;ETF;ETF Plus | Euronext Paris;EUR;FR;OUI;-;Euronext;2026-08-04;OUI;LISTE_EMETTEUR;Documentation émetteur BNP Paribas Easy — réplication synthétique éligible PEA
FR0011550193;BNPP Stoxx 600C;ETZ;ETF;Euronext Paris;EUR;FR;OUI;-;Euronext;2026-08-04;OUI;LISTE_EMETTEUR;Documentation émetteur BNP Paribas Easy — réplication synthétique éligible PEA
FR0011550672;BNPP Stoxx 600CD;ETZD;ETF;Euronext Paris;EUR;FR;OUI;-;Euronext;2026-08-04;PROBABLE;INDICE_EUROPEEN;Indice actions européen — quota 75 % actions UE respecté de fait
FR0011550680;BNPP SP500 USD CD;ESDD;ETF;Euronext Paris - Multi-currency Trading;USD;FR;OUI;-;Euronext;2026-08-04;A_VERIFIER;NON_DETERMINE;Fonds EEE sur indice non européen : vérifier la liste émetteur
FR0011660927;AMUNDI MSCI WDH;WLDH;ETF;Euronext Paris | ETF Plus;EUR;FR;OUI;-;Euronext;2026-08-04;A_VERIFIER;NON_DETERMINE;Fonds EEE sur indice non européen : vérifier la liste émetteur
FR0011720911;MULETFCNAAIMETFP;CNAA;ETF;ETF Plus | Euronext Paris;EUR;FR;OUI;-;Euronext;2026-08-04;A_VERIFIER;NON_DETERMINE;Fonds EEE sur indice non européen : vérifier la liste émetteur
FR0011758085;MULETFAMIDIMETFP;ITAMID;ETF;ETF Plus;EUR;FR;OUI;-;Euronext;2026-08-04;A_VERIFIER;NON_DETERMINE;Fonds EEE sur indice non européen : vérifier la liste émetteur
FR0011857234;MULETFMDAXNRXPAR;MDX;ETF;Euronext Paris;EUR;FR;OUI;-;Euronext;2026-08-04;PROBABLE;INDICE_EUROPEEN;Indice actions européen — quota 75 % actions UE respecté de fait
FR0011869270;AMUNDI DJIA PEA;PDJE;ETF;Euronext Paris;EUR;FR;OUI;ESG ETF art. 8;Euronext;2026-08-04;OUI;NOM_PEA;Marquage « PEA » dans le nom émetteur
FR0011869304;AM IMMO EUR PEA;PMEH;ETF;Euronext Paris;EUR;FR;OUI;-;Euronext;2026-08-04;OUI;NOM_PEA;Marquage « PEA » dans le nom émetteur
FR0011869312;AM ASIP EXJ PEA;PAEJ;ETF;Euronext Paris;EUR;FR;OUI;-;Euronext;2026-08-04;OUI;NOM_PEA;Marquage « PEA » dans le nom émetteur
FR0011869320;AMUNDI INDIA PEA;PINR;ETF;Euronext Paris;EUR;FR;OUI;-;Euronext;2026-08-04;OUI;NOM_PEA;Marquage « PEA » dans le nom émetteur
FR0011871078;AMUNDI Chine PEA;PASI;ETF;Euronext Paris;EUR;FR;OUI;ESG ETF art. 8;Euronext;2026-08-04;OUI;NOM_PEA;Marquage « PEA » dans le nom émetteur
FR0011871110;AM NSDQ 100 PEA;PUST;ETF;Euronext Paris;EUR;FR;OUI;-;Euronext;2026-08-04;OUI;NOM_PEA;Marquage « PEA » dans le nom émetteur
FR0011871128;AMUNDI SP500 PEA;PSP5;ETF;Euronext Paris;EUR;FR;OUI;-;Euronext;2026-08-04;OUI;NOM_PEA;Marquage « PEA » dans le nom émetteur
FR0011871136;AM PEA SP5H EUR;PSPH;ETF;Euronext Paris;EUR;FR;OUI;-;Euronext;2026-08-04;OUI;NOM_PEA;Marquage « PEA » dans le nom émetteur
FR0011882364;AMUNDI W WATER PEA;AWAT;ETF;Euronext Paris;EUR;FR;OUI;-;Euronext;2026-08-04;OUI;NOM_PEA;Marquage « PEA » dans le nom émetteur
FR0012739431;BNPP EUROSTOXX50 C;ETDD;ETF;Euronext Paris;EUR;FR;OUI;-;Euronext;2026-08-04;PROBABLE;INDICE_EUROPEEN;Indice actions européen — quota 75 % actions UE respecté de fait
FR0012740983;BNPP EURSTOX50 C/D;ETBB;ETF;Euronext Paris;EUR;FR;OUI;-;Euronext;2026-08-04;PROBABLE;INDICE_EUROPEEN;Indice actions européen — quota 75 % actions UE respecté de fait
FR0013041530;BNPETFSP500TETFP;ESEH;ETF;ETF Plus | Euronext Paris;EUR;FR;OUI;-;Euronext;2026-08-04;A_VERIFIER;NON_DETERMINE;Fonds EEE sur indice non européen : vérifier la liste émetteur
FR0013209921;MULETFWLDXIMETFP;WLDX;ETF;ETF Plus;EUR;FR;OUI;ESG ETF art. 8;Euronext;2026-08-04;A_VERIFIER;NON_DETERMINE;Fonds EEE sur indice non européen : vérifier la liste émetteur
FR0013346681;AMUNDI PEA OBLI;OBLI;ETF;Euronext Paris;EUR;FR;OUI;-;Euronext;2026-08-04;OUI;NOM_PEA;Marquage « PEA » dans le nom émetteur
FR0013380607;AMUNDI CAC40 ACC;CACC;ETF;Euronext Paris;EUR;FR;OUI;-;Euronext;2026-08-04;PROBABLE;INDICE_EUROPEEN;Indice actions européen — quota 75 % actions UE respecté de fait
FR0013411980;AMUNDI PEA TOPIX;PTPXE;ETF;Euronext Paris;EUR;FR;OUI;-;Euronext;2026-08-04;OUI;NOM_PEA;Marquage « PEA » dans le nom émetteur
FR0013411998;AMUNDI PEA TOPIX H;PTPXH;ETF;Euronext Paris;EUR;FR;OUI;-;Euronext;2026-08-04;OUI;NOM_PEA;Marquage « PEA » dans le nom émetteur
FR0013412004;AMUNDI PEA EM ALAT;PALAT;ETF;Euronext Paris;EUR;FR;OUI;ESG ETF art. 8;Euronext;2026-08-04;OUI;NOM_PEA;Marquage « PEA » dans le nom émetteur
FR0013412012;AMUNDI PEA EM ASIA;PAASI;ETF;Euronext Paris;EUR;FR;OUI;ESG ETF art. 8;Euronext;2026-08-04;OUI;NOM_PEA;Marquage « PEA » dans le nom émetteur
FR0013412020;AMUNDI PEA MSCI EM;PAEEM;ETF;Euronext Paris;EUR;FR;OUI;ESG ETF art. 8;Euronext;2026-08-04;OUI;NOM_PEA;Marquage « PEA » dans le nom émetteur
FR0013412038;AMUNDI PEA EUROPE;PCEU;ETF;Euronext Paris;EUR;FR;OUI;-;Euronext;2026-08-04;OUI;NOM_PEA;Marquage « PEA » dans le nom émetteur
FR0013412269;AMUNDI PEA NASDAQ;PANX;ETF;Euronext Paris;EUR;FR;OUI;ESG ETF art. 8;Euronext;2026-08-04;OUI;NOM_PEA;Marquage « PEA » dans le nom émetteur
FR0013412285;AMUNDI PEA SP500;PE500;ETF;Euronext Paris;EUR;FR;OUI;ESG ETF art. 8;Euronext;2026-08-04;OUI;NOM_PEA;Marquage « PEA » dans le nom émetteur
FR0013412293;AMUNDI PEA SP500 H;P500H;ETF;Euronext Paris;EUR;FR;OUI;ESG ETF art. 8;Euronext;2026-08-04;OUI;NOM_PEA;Marquage « PEA » dans le nom émetteur
FR0013416716;AMUETCOROETFP;GOLD;ETF;ETF Plus | Euronext Amsterdam - Multi-currency Trading | Euronext Paris;EUR;FR;OUI;-;Euronext;2026-08-04;NON;CLASSE_ACTIFS;Obligataire/monétaire/crypto/matières premières sans montage PEA
FR0014002CG3;Amundi MSCI Energy;NRJC;ETF;Euronext Paris | ETF Plus;EUR;FR;OUI;ESG ETF art. 8;Euronext;2026-08-04;A_VERIFIER;NON_DETERMINE;Fonds EEE sur indice non européen : vérifier la liste émetteur
FR0014002CH1;Amundi MSCI Water;WATC;ETF;Euronext Paris | ETF Plus;EUR;FR;OUI;ESG ETF art. 8;Euronext;2026-08-04;A_VERIFIER;NON_DETERMINE;Fonds EEE sur indice non européen : vérifier la liste émetteur
FR0014002H76;MULETFMIBNTRETFP;MIBA;ETF;ETF Plus;EUR;FR;OUI;-;Euronext;2026-08-04;PROBABLE;INDICE_EUROPEEN;Indice actions européen — quota 75 % actions UE respecté de fait
FR0014002IH8;BITCOIN ETF EUR;BTC;ETF;Euronext Paris | Euronext Amsterdam | ETF Plus;EUR;FR;OUI;-;Euronext;2026-08-04;NON;CLASSE_ACTIFS;Obligataire/monétaire/crypto/matières premières sans montage PEA
FR0014003IY1;Amundi MSCI W II;WLDC;ETF;Euronext Paris | ETF Plus;EUR;FR;OUI;-;Euronext;2026-08-04;A_VERIFIER;NON_DETERMINE;Fonds EEE sur indice non européen : vérifier la liste émetteur
FR0014003N93;MULTI MSCI WdHEUR;WLDHC;ETF;Euronext Paris;EUR;FR;OUI;-;Euronext;2026-08-04;A_VERIFIER;NON_DETERMINE;Fonds EEE sur indice non européen : vérifier la liste émetteur
FR001400KE06;Am PEA US ConsStpl;COSE;ETF;Euronext Paris;EUR;FR;OUI;ESG ETF art. 8;Euronext;2026-08-04;OUI;NOM_PEA;Marquage « PEA » dans le nom émetteur
FR001400KH45;AM PEA USA Value;USVE;ETF;Euronext Paris;EUR;FR;OUI;ESG ETF art. 8;Euronext;2026-08-04;OUI;NOM_PEA;Marquage « PEA » dans le nom émetteur
FR001400S9V0;AMUETFGLUXIMXPAR;MLUX;ETF;Euronext Paris;EUR;FR;OUI;-;Euronext;2026-08-04;OUI;NOM_PEA;Marquage « PEA » dans le nom émetteur
FR001400SDI8;AMUACTISRAXPAR;ISRA;ETF;Euronext Paris;EUR;FR;OUI;ESG ETF art. 8;Euronext;2026-08-04;A_VERIFIER;NON_DETERMINE;Fonds EEE sur indice non européen : vérifier la liste émetteur
FR001400SDJ6;AMUACTISRJXPAR;ISRJ;ETF;Euronext Paris;EUR;FR;OUI;ESG ETF art. 8;Euronext;2026-08-04;A_VERIFIER;NON_DETERMINE;Fonds EEE sur indice non européen : vérifier la liste émetteur
FR001400SDK4;AMUACTISJHXPAR;ISJH;ETF;Euronext Paris;EUR;FR;OUI;ESG ETF art. 8;Euronext;2026-08-04;A_VERIFIER;NON_DETERMINE;Fonds EEE sur indice non européen : vérifier la liste émetteur
FR001400SDL2;AMUETFGEASIMXPAR;ISRG;ETF;Euronext Paris;EUR;FR;OUI;ESG ETF art. 8;Euronext;2026-08-04;A_VERIFIER;NON_DETERMINE;Fonds EEE sur indice non européen : vérifier la liste émetteur
FR001400SDM0;AMUACTISRMXPAR;ISRM;ETF;Euronext Paris;EUR;FR;OUI;ESG ETF art. 8;Euronext;2026-08-04;A_VERIFIER;NON_DETERMINE;Fonds EEE sur indice non européen : vérifier la liste émetteur
FR001400SDN8;AMUACTISRUXPAR;ISRU;ETF;Euronext Paris;EUR;FR;OUI;ESG ETF art. 8;Euronext;2026-08-04;A_VERIFIER;NON_DETERMINE;Fonds EEE sur indice non européen : vérifier la liste émetteur
FR001400SDO6;AMUACTISUHXPAR;ISUH;ETF;Euronext Paris;EUR;FR;OUI;ESG ETF art. 8;Euronext;2026-08-04;A_VERIFIER;NON_DETERMINE;Fonds EEE sur indice non européen : vérifier la liste émetteur
FR001400SDP3;AMUACTISRCXPAR;ISRC;ETF;Euronext Paris;EUR;FR;OUI;ESG ETF art. 8;Euronext;2026-08-04;A_VERIFIER;NON_DETERMINE;Fonds EEE sur indice non européen : vérifier la liste émetteur
FR001400SDQ1;AMUACTISRDXPAR;ISRD;ETF;Euronext Paris;EUR;FR;OUI;ESG ETF art. 8;Euronext;2026-08-04;A_VERIFIER;NON_DETERMINE;Fonds EEE sur indice non européen : vérifier la liste émetteur
FR001400SQV3;AMUACTISCHXPAR;ISCH;ETF;Euronext Paris;EUR;FR;OUI;ESG ETF art. 8;Euronext;2026-08-04;A_VERIFIER;NON_DETERMINE;Fonds EEE sur indice non européen : vérifier la liste émetteur
FR001400U5Q4;AMUETFMSDEWIXPAR;DCAM;ETF;Euronext Paris;EUR;FR;OUI;-;Euronext;2026-08-04;OUI;NOM_PEA;Marquage « PEA » dans le nom émetteur
FR001400XS96;CMAETFSX5TXPAR;CM5E;ETF;Euronext Paris;EUR;FR;OUI;-;Euronext;2026-08-04;PROBABLE;INDICE_EUROPEEN;Indice actions européen — quota 75 % actions UE respecté de fait
FR001400ZGO4;AMUETFMXEECCXPAR;PEMS;ETF;Euronext Paris;EUR;FR;OUI;ESG ETF art. 8;Euronext;2026-08-04;OUI;NOM_PEA;Marquage « PEA » dans le nom émetteur
FR001400ZGP1;MULETFSX5TXPAR;MSES;ETF;Euronext Paris;EUR;FR;OUI;-;Euronext;2026-08-04;A_VERIFIER;NON_DETERMINE;Fonds EEE sur indice non européen : vérifier la liste émetteur
FR001400ZGQ9;MULETFC40TRIXPAR;CA40;ETF;Euronext Paris;EUR;FR;OUI;-;Euronext;2026-08-04;PROBABLE;INDICE_EUROPEEN;Indice actions européen — quota 75 % actions UE respecté de fait
FR001400ZGR7;AMUETFNSDQXPAR;PNAS;ETF;Euronext Paris;EUR;FR;OUI;-;Euronext;2026-08-04;OUI;NOM_PEA;Marquage « PEA » dans le nom émetteur
FR001400ZGS5;AMUETFSPXESAXPAR;PSPS;ETF;Euronext Paris;EUR;FR;OUI;ESG ETF art. 8;Euronext;2026-08-04;OUI;NOM_PEA;Marquage « PEA » dans le nom émetteur
FR0014010HV4;MULStrMXWOLDXPAR;LWLD;ETF;Euronext Paris;EUR;FR;OUI;-;Euronext;2026-08-04;A_VERIFIER;NON_DETERMINE;Fonds EEE sur indice non européen : vérifier la liste émetteur
FR0014017NX3;AMUETFNDEEWNXPAR;GPEA;ETF;Euronext Paris;EUR;FR;OUI;-;Euronext;2026-08-04;OUI;LISTE_EMETTEUR;Documentation émetteur Amundi — gamme PEA
FR0014018UB2;CMAETFSP500XPAR;CMSP;ETF;Euronext Paris;EUR;FR;OUI;-;Euronext;2026-08-04;A_VERIFIER;NON_DETERMINE;Fonds EEE sur indice non européen : vérifier la liste émetteur
GB00B00FHZ82;GOLD BULLION SEC;GBS;ETF;Euronext Paris, Brussels | ETF Plus;EUR;GB;NON;-;Euronext;2026-08-04;NON;HORS_EEE;Domicile hors EEE (art. L221-31 CMF)
GB00B15KXN58;WISETCALUMIMETFP;ALUM;ETF;ETF Plus;EUR;GB;NON;-;Euronext;2026-08-04;NON;HORS_EEE;Domicile hors EEE (art. L221-31 CMF)
GB00B15KXQ89;WISETCCOPAIMETFP;COPA;ETF;ETF Plus | Euronext Paris;EUR;GB;NON;-;Euronext;2026-08-04;NON;HORS_EEE;Domicile hors EEE (art. L221-31 CMF)
GB00B15KXT11;WISETCCOTNIMETFP;COTN;ETF;ETF Plus;EUR;GB;NON;-;Euronext;2026-08-04;NON;HORS_EEE;Domicile hors EEE (art. L221-31 CMF)
GB00B15KXV33;WISETCCRUDIMETFP;CRUD;ETF;ETF Plus | Euronext Paris;EUR;GB;NON;-;Euronext;2026-08-04;NON;HORS_EEE;Domicile hors EEE (art. L221-31 CMF)
GB00B15KXW40;WISETCUGASIMETFP;UGAS;ETF;ETF Plus;EUR;GB;NON;-;Euronext;2026-08-04;NON;HORS_EEE;Domicile hors EEE (art. L221-31 CMF)
GB00B15KXX56;WISETCSBULIMETFP;BULL;ETF;ETF Plus | Euronext Paris;EUR;GB;NON;-;Euronext;2026-08-04;NON;HORS_EEE;Domicile hors EEE (art. L221-31 CMF)
GB00B15KY211;WISETCNICKIMETFP;NICK;ETF;ETF Plus;EUR;GB;NON;-;Euronext;2026-08-04;NON;HORS_EEE;Domicile hors EEE (art. L221-31 CMF)
GB00B15KY328;WISETCSLVRIMETFP;SLVR;ETF;ETF Plus | Euronext Paris;EUR;GB;NON;-;Euronext;2026-08-04;NON;HORS_EEE;Domicile hors EEE (art. L221-31 CMF)
GB00B15KY435;WISETCSOYOIMETFP;SOYO;ETF;ETF Plus;EUR;GB;NON;-;Euronext;2026-08-04;NON;HORS_EEE;Domicile hors EEE (art. L221-31 CMF)
GB00B15KY542;WISETCSOYBIMETFP;SOYB;ETF;ETF Plus;EUR;GB;NON;-;Euronext;2026-08-04;NON;HORS_EEE;Domicile hors EEE (art. L221-31 CMF)
GB00B15KY658;WISETCSUGAIMETFP;SUGA;ETF;ETF Plus;EUR;GB;NON;-;Euronext;2026-08-04;NON;HORS_EEE;Domicile hors EEE (art. L221-31 CMF)
GB00B15KY872;WISETCZINCIMETFP;ZINC;ETF;ETF Plus;EUR;GB;NON;-;Euronext;2026-08-04;NON;HORS_EEE;Domicile hors EEE (art. L221-31 CMF)
GB00B15KY989;WISETCBLOCOMETFP;AIGC;ETF;ETF Plus | Euronext Paris;EUR;GB;NON;-;Euronext;2026-08-04;NON;HORS_EEE;Domicile hors EEE (art. L221-31 CMF)
GB00B15KYB02;WISETCBLOENEETFP;AIGE;ETF;ETF Plus;EUR;GB;NON;-;Euronext;2026-08-04;NON;HORS_EEE;Domicile hors EEE (art. L221-31 CMF)
GB00B15KYC19;WISETCAIGOIMETFP;AIGO;ETF;ETF Plus;EUR;GB;NON;-;Euronext;2026-08-04;NON;HORS_EEE;Domicile hors EEE (art. L221-31 CMF)
GB00B15KYF40;WISETCAIGPIMETFP;AIGP;ETF;ETF Plus | Euronext Paris;EUR;GB;NON;-;Euronext;2026-08-04;NON;HORS_EEE;Domicile hors EEE (art. L221-31 CMF)
GB00B15KYG56;WISETCSIMTIMETFP;AIGI;ETF;ETF Plus | Euronext Paris;EUR;GB;NON;-;Euronext;2026-08-04;NON;HORS_EEE;Domicile hors EEE (art. L221-31 CMF)
GB00B15KYH63;WISETCBLOAGRETFP;AIGA;ETF;ETF Plus | Euronext Paris;EUR;GB;NON;-;Euronext;2026-08-04;NON;HORS_EEE;Domicile hors EEE (art. L221-31 CMF)
GB00B15KYJ87;WISETCAIGSIMETFP;AIGS;ETF;ETF Plus;EUR;GB;NON;-;Euronext;2026-08-04;NON;HORS_EEE;Domicile hors EEE (art. L221-31 CMF)
GB00B15KYK92;WISETCAIGLIMETFP;AIGL;ETF;ETF Plus;EUR;GB;NON;-;Euronext;2026-08-04;NON;HORS_EEE;Domicile hors EEE (art. L221-31 CMF)
GB00B15KYL00;WISETCAIGGIMETFP;AIGG;ETF;ETF Plus;EUR;GB;NON;-;Euronext;2026-08-04;NON;HORS_EEE;Domicile hors EEE (art. L221-31 CMF)
GB00BJYDH287;WisdomTree Bitcoin;WBTC;ETF;Euronext Paris | Euronext Amsterdam - Multi-currency Trading | ETF Plus;EUR;GB;NON;-;Euronext;2026-08-04;NON;HORS_EEE;Domicile hors EEE (art. L221-31 CMF)
GB00BJYDH394;WisdomTree Ether.;ETHW;ETF;Euronext Amsterdam - Multi-currency Trading | Euronext Paris | ETF Plus;USD;GB;NON;-;Euronext;2026-08-04;NON;HORS_EEE;Domicile hors EEE (art. L221-31 CMF)
GB00BLD4ZL17;COIETNCCRIBTETFP;BITC;ETF;ETF Plus | Euronext Amsterdam | Euronext Paris;EUR;GB;NON;-;Euronext;2026-08-04;NON;HORS_EEE;Domicile hors EEE (art. L221-31 CMF)
GB00BLD4ZM24;COIETNCCRIETETFP;ETHE;ETF;ETF Plus | Euronext Amsterdam | Euronext Paris;EUR;GB;NON;-;Euronext;2026-08-04;NON;HORS_EEE;Domicile hors EEE (art. L221-31 CMF)
GB00BLD4ZN31;COIETNCCRIXRXPAR;XRPL;ETF;Euronext Paris;EUR;GB;NON;-;Euronext;2026-08-04;NON;HORS_EEE;Domicile hors EEE (art. L221-31 CMF)
GB00BMTP1519;WISETNCD10CXETFP;ALTC;ETF;ETF Plus | Euronext Amsterdam - Multi-currency Trading | Euronext Paris;EUR;GB;NON;-;Euronext;2026-08-04;NON;HORS_EEE;Domicile hors EEE (art. L221-31 CMF)
GB00BMTP1626;WT Crypto Market;BLOC;ETF;Euronext Paris | Euronext Amsterdam - Multi-currency Trading;EUR;GB;NON;-;Euronext;2026-08-04;NON;HORS_EEE;Domicile hors EEE (art. L221-31 CMF)
GB00BMTP1733;WT Crypto Mega Cap;MEGA;ETF;Euronext Amsterdam - Multi-currency Trading | Euronext Paris;USD;GB;NON;-;Euronext;2026-08-04;NON;HORS_EEE;Domicile hors EEE (art. L221-31 CMF)
GB00BN474G19;WISETNCD20LNETFP;WCRX;ETF;ETF Plus | Euronext Amsterdam - Multi-currency Trading | Euronext Paris;EUR;GB;NON;-;Euronext;2026-08-04;NON;HORS_EEE;Domicile hors EEE (art. L221-31 CMF)
GB00BN6NHH92;WISETNCSTEEVETFP;LSTE;ETF;ETF Plus | Euronext Amsterdam - Multi-currency Trading | Euronext Paris;EUR;GB;NON;-;Euronext;2026-08-04;NON;HORS_EEE;Domicile hors EEE (art. L221-31 CMF)
GB00BN7K9C82;WISETNCXLMRVETFP;WXLM;ETF;ETF Plus | Euronext Amsterdam - Multi-currency Trading | Euronext Paris;EUR;GB;NON;-;Euronext;2026-08-04;NON;HORS_EEE;Domicile hors EEE (art. L221-31 CMF)
GB00BNGJ9G01;WisdomTree Solana;SOLW;ETF;Euronext Paris | Euronext Amsterdam - Multi-currency Trading | ETF Plus;EUR;GB;NON;-;Euronext;2026-08-04;NON;HORS_EEE;Domicile hors EEE (art. L221-31 CMF)
GB00BNGJ9H18;WisdomTree DOT;WDOT;ETF;Euronext Amsterdam - Multi-currency Trading | Euronext Paris;USD;GB;NON;-;Euronext;2026-08-04;NON;HORS_EEE;Domicile hors EEE (art. L221-31 CMF)
GB00BNGJ9J32;WisdomTree Cardano;WADA;ETF;Euronext Amsterdam - Multi-currency Trading | Euronext Paris;USD;GB;NON;-;Euronext;2026-08-04;NON;HORS_EEE;Domicile hors EEE (art. L221-31 CMF)
GB00BNRRF659;COIETNCCRIADXPAR;CSDA;ETF;Euronext Paris;EUR;GB;NON;-;Euronext;2026-08-04;NON;HORS_EEE;Domicile hors EEE (art. L221-31 CMF)
GB00BNRRFY34;COIETNCCRISOETFP;SLNC;ETF;ETF Plus | Euronext Paris;EUR;GB;NON;-;Euronext;2026-08-04;NON;HORS_EEE;Domicile hors EEE (art. L221-31 CMF)
GB00BRC6JM96;VALETNHBARXAMS;HBAR;ETF;Euronext Amsterdam;EUR;GB;NON;-;Euronext;2026-08-04;NON;HORS_EEE;Domicile hors EEE (art. L221-31 CMF)
GB00BRXHQ425;WISETNCCRIXRXAMS;XRPW;ETF;Euronext Amsterdam - Multi-currency Trading | Euronext Paris | ETF Plus;USD;GB;NON;-;Euronext;2026-08-04;NON;HORS_EEE;Domicile hors EEE (art. L221-31 CMF)
IE00000EF730;ISHActEUEEETFP;EUEE;ETF;ETF Plus | Euronext Amsterdam - Multi-currency Trading;EUR;IE;OUI;ESG ETF art. 8;Euronext;2026-08-04;A_VERIFIER;NON_DETERMINE;Fonds EEE sur indice non européen : vérifier la liste émetteur
IE000017NMH7;WISETFWTADEFETFP;WDAF;ETF;ETF Plus | Euronext Paris;EUR;IE;OUI;-;Euronext;2026-08-04;A_VERIFIER;NON_DETERMINE;Fonds EEE sur indice non européen : vérifier la liste émetteur
IE00002QW7P5;ISHETFI40426XAMC;37ID;ETF;Euronext Amsterdam - Multi-currency Trading;USD;IE;OUI;ESG ETF art. 8;Euronext;2026-08-04;A_VERIFIER;NON_DETERMINE;Fonds EEE sur indice non européen : vérifier la liste émetteur
IE00002ZKAP0;XTRActXEEEETFP;XEEE;ETF;ETF Plus;EUR;IE;OUI;ESG ETF art. 8;Euronext;2026-08-04;PROBABLE;INDICE_EUROPEEN;Indice actions européen — quota 75 % actions UE respecté de fait
IE00004OA765;ISHETFI40426XAMC;ID37;ETF;Euronext Amsterdam - Multi-currency Trading | Euronext Paris;USD;IE;OUI;ESG ETF art. 8;Euronext;2026-08-04;A_VERIFIER;NON_DETERMINE;Fonds EEE sur indice non européen : vérifier la liste émetteur
IE00004PGEY9;JPMACTJREZETFP;JREZ;ETF;ETF Plus;EUR;IE;OUI;ESG ETF art. 8;Euronext;2026-08-04;PROBABLE;INDICE_EUROPEEN;Indice actions européen — quota 75 % actions UE respecté de fait
IE00004S2680;VANETFGOVSIMXAMS;VSGF;ETF;Euronext Amsterdam | ETF Plus;EUR;IE;OUI;-;Euronext;2026-08-04;A_VERIFIER;NON_DETERMINE;Fonds EEE sur indice non européen : vérifier la liste émetteur
IE0000902GT6;WISETFWSMGDXETFP;WMGT;ETF;ETF Plus | Euronext Paris;EUR;IE;OUI;ESG ETF art. 8;Euronext;2026-08-04;A_VERIFIER;NON_DETERMINE;Fonds EEE sur indice non européen : vérifier la liste émetteur
IE0000BNORX6;JPMActJEEAETFP;JEEA;ETF;ETF Plus;EUR;IE;OUI;-;Euronext;2026-08-04;PROBABLE;INDICE_EUROPEEN;Indice actions européen — quota 75 % actions UE respecté de fait
IE0000EAPBT6;JPMActJEIAETFP;JEIA;ETF;ETF Plus;EUR;IE;OUI;-;Euronext;2026-08-04;A_VERIFIER;NON_DETERMINE;Fonds EEE sur indice non européen : vérifier la liste émetteur
IE0000FA5GB7;AXAActAIGUETFP;AIGU;ETF;ETF Plus;EUR;IE;OUI;ESG ETF art. 8;Euronext;2026-08-04;A_VERIFIER;NON_DETERMINE;Fonds EEE sur indice non européen : vérifier la liste émetteur
IE0000FCGYF9;INVETFC500IMETFP;C500;ETF;ETF Plus;EUR;IE;OUI;-;Euronext;2026-08-04;A_VERIFIER;NON_DETERMINE;Fonds EEE sur indice non européen : vérifier la liste émetteur
IE0000H445G8;VANETFCNEWIMETFP;CNEW;ETF;ETF Plus;EUR;IE;OUI;ESG ETF art. 8;Euronext;2026-08-04;A_VERIFIER;NON_DETERMINE;Fonds EEE sur indice non européen : vérifier la liste émetteur
IE0000J0F3C5;JPMACTJRUEETFP;JRUE;ETF;ETF Plus;EUR;IE;OUI;-;Euronext;2026-08-04;A_VERIFIER;NON_DETERMINE;Fonds EEE sur indice non européen : vérifier la liste émetteur
IE0000JVOLK2;FAMETFMUSSIMETFP;FAMUSS;ETF;ETF Plus;EUR;IE;OUI;ESG ETF art. 8;Euronext;2026-08-04;A_VERIFIER;NON_DETERMINE;Fonds EEE sur indice non européen : vérifier la liste émetteur
IE0000KA1ZX3;HSBETFXBLCIMETFP;HECB;ETF;ETF Plus;EUR;IE;OUI;-;Euronext;2026-08-04;NON;CLASSE_ACTIFS;Obligataire/monétaire/crypto/matières premières sans montage PEA
IE0000LTAD82;ROBActRHYEETFP;RHYE;ETF;ETF Plus;EUR;IE;OUI;-;Euronext;2026-08-04;A_VERIFIER;NON_DETERMINE;Fonds EEE sur indice non européen : vérifier la liste émetteur
IE0000LVTJ08;BNPActAUSSEETFP;AUSSE;ETF;ETF Plus | Euronext Paris;EUR;IE;OUI;ESG ETF art. 8;Euronext;2026-08-04;A_VERIFIER;NON_DETERMINE;Fonds EEE sur indice non européen : vérifier la liste émetteur
IE0000M28B94;ISHActCLUHXAMC;CLUH;ETF;Euronext Amsterdam - Multi-currency Trading;USD;IE;OUI;-;Euronext;2026-08-04;A_VERIFIER;NON_DETERMINE;Fonds EEE sur indice non européen : vérifier la liste émetteur
IE0000MK7GG1;GOLActGEURETFP;GEUR;ETF;ETF Plus;EUR;IE;OUI;ESG ETF art. 8;Euronext;2026-08-04;NON;CLASSE_ACTIFS;Obligataire/monétaire/crypto/matières premières sans montage PEA
IE0000MMQ5M5;XTRETFXZMUIMETFP;XZME;ETF;ETF Plus;EUR;IE;OUI;ESG ETF art. 8;Euronext;2026-08-04;A_VERIFIER;NON_DETERMINE;Fonds EEE sur indice non européen : vérifier la liste émetteur
IE0000N55FP4;ISHETFM7EUSCXAMS;ESCE;ETF;Euronext Amsterdam;EUR;IE;OUI;-;Euronext;2026-08-04;PROBABLE;INDICE_EUROPEEN;Indice actions européen — quota 75 % actions UE respecté de fait
IE0000P0RPE6;ISH WD EQ HINC ACC;WINA;ETF;Euronext Amsterdam - Multi-currency Trading | ETF Plus;USD;IE;OUI;ESG ETF art. 8;Euronext;2026-08-04;A_VERIFIER;NON_DETERMINE;Fonds EEE sur indice non européen : vérifier la liste émetteur
IE0000SS94R1;BNPACTAJASRXPAR;AJASR;ETF;Euronext Paris;EUR;IE;OUI;ESG ETF art. 8;Euronext;2026-08-04;A_VERIFIER;NON_DETERMINE;Fonds EEE sur indice non européen : vérifier la liste émetteur
IE0000TZZ2B2;INVETFSPXEWTETFP;RSPS;ETF;ETF Plus;EUR;IE;OUI;-;Euronext;2026-08-04;A_VERIFIER;NON_DETERMINE;Fonds EEE sur indice non européen : vérifier la liste émetteur
IE0000U1XBZ0;AXAActASAEETFP;ASAE;ETF;ETF Plus;EUR;IE;OUI;ESG ETF art. 8;Euronext;2026-08-04;A_VERIFIER;NON_DETERMINE;Fonds EEE sur indice non européen : vérifier la liste émetteur
IE0000U24AJ9;AMUETFMXUSSXETFP;USRIH;ETF;ETF Plus;EUR;IE;OUI;ESG ETF art. 8;Euronext;2026-08-04;A_VERIFIER;NON_DETERMINE;Fonds EEE sur indice non européen : vérifier la liste émetteur
IE0000UJ3480;iSh iBD28 US Ac PR;28ID;ETF;Euronext Paris;EUR;IE;OUI;ESG ETF art. 8;Euronext;2026-08-04;NON;CLASSE_ACTIFS;Obligataire/monétaire/crypto/matières premières sans montage PEA
IE0000UW95D6;JPMACTJRGEETFP;JRGE;ETF;ETF Plus;EUR;IE;OUI;ESG ETF art. 8;Euronext;2026-08-04;A_VERIFIER;NON_DETERMINE;Fonds EEE sur indice non européen : vérifier la liste émetteur
IE0000VKUF67;FIDActFEIAETFP;FEIA;ETF;ETF Plus;EUR;IE;OUI;ESG ETF art. 9;Euronext;2026-08-04;A_VERIFIER;NON_DETERMINE;Fonds EEE sur indice non européen : vérifier la liste émetteur
IE0000VX9GN7;BNPP SP500 ESG USD;SPEUS;ETF;Euronext Paris - Multi-currency Trading;USD;IE;OUI;ESG ETF art. 8;Euronext;2026-08-04;A_VERIFIER;NON_DETERMINE;Fonds EEE sur indice non européen : vérifier la liste émetteur
IE0000XTDDA8;GLOETFIAIQV2ETFP;AIQE;ETF;ETF Plus;EUR;IE;OUI;-;Euronext;2026-08-04;A_VERIFIER;NON_DETERMINE;Fonds EEE sur indice non européen : vérifier la liste émetteur
IE0000ZL1RD2;GLOETFMACHPXETFP;CHPX;ETF;ETF Plus;EUR;IE;OUI;-;Euronext;2026-08-04;A_VERIFIER;NON_DETERMINE;Fonds EEE sur indice non européen : vérifier la liste émetteur
IE000128BSS1;VANETFUS37IMXAMS;VITD;ETF;Euronext Amsterdam;EUR;IE;OUI;-;Euronext;2026-08-04;A_VERIFIER;NON_DETERMINE;Fonds EEE sur indice non européen : vérifier la liste émetteur
IE000130VPV5;BNPACTAUSSDXPAR;AUSSD;ETF;Euronext Paris - Multi-currency Trading;USD;IE;OUI;ESG ETF art. 8;Euronext;2026-08-04;A_VERIFIER;NON_DETERMINE;Fonds EEE sur indice non européen : vérifier la liste émetteur
IE00013A2XD6;ISH ACWI USD DIS;SAWI;ETF;Euronext Amsterdam - Multi-currency Trading;USD;IE;OUI;ESG ETF art. 8;Euronext;2026-08-04;A_VERIFIER;NON_DETERMINE;Fonds EEE sur indice non européen : vérifier la liste émetteur
IE00016PSX47;AMUETFSGWOIMETFP;ESGWO;ETF;ETF Plus;EUR;IE;OUI;ESG ETF art. 8;Euronext;2026-08-04;A_VERIFIER;NON_DETERMINE;Fonds EEE sur indice non européen : vérifier la liste émetteur
IE00018LB0D8;INVETFDKRHFIETFP;WDFE;ETF;ETF Plus;EUR;IE;OUI;ESG ETF art. 8;Euronext;2026-08-04;A_VERIFIER;NON_DETERMINE;Fonds EEE sur indice non européen : vérifier la liste émetteur
IE00018U4PN8;AXAETFEMCBPAETFP;AICU;ETF;ETF Plus;EUR;IE;OUI;ESG ETF art. 8;Euronext;2026-08-04;A_VERIFIER;NON_DETERMINE;Fonds EEE sur indice non européen : vérifier la liste émetteur
IE000191HKF0;SSGETFI15682ETFP;TRA5;ETF;ETF Plus;EUR;IE;OUI;-;Euronext;2026-08-04;A_VERIFIER;NON_DETERMINE;Fonds EEE sur indice non européen : vérifier la liste émetteur
IE0001GSQ2O9;AMUETFMXWOEBETFP;LWCR;ETF;ETF Plus | Euronext Paris;EUR;IE;OUI;ESG ETF art. 8;Euronext;2026-08-04;A_VERIFIER;NON_DETERMINE;Fonds EEE sur indice non européen : vérifier la liste émetteur
IE0001J5A2T9;VANETFMVICIRETFP;REUS;ETF;ETF Plus;EUR;IE;OUI;ESG ETF art. 9;Euronext;2026-08-04;A_VERIFIER;NON_DETERMINE;Fonds EEE sur indice non européen : vérifier la liste émetteur
IE0001JABD69;JPMActJRWEETFP;JRWE;ETF;ETF Plus;EUR;IE;OUI;ESG ETF art. 8;Euronext;2026-08-04;A_VERIFIER;NON_DETERMINE;Fonds EEE sur indice non européen : vérifier la liste émetteur
IE0001JH5CB4;XTRETFXEPAIMETFP;XEPA;ETF;ETF Plus;EUR;IE;OUI;ESG ETF art. 8;Euronext;2026-08-04;PROBABLE;INDICE_EUROPEEN;Indice actions européen — quota 75 % actions UE respecté de fait
IE0001KK9B39;ISHETFNU7476XAMC;WSNI;ETF;Euronext Amsterdam - Multi-currency Trading;USD;IE;OUI;ESG ETF art. 8;Euronext;2026-08-04;A_VERIFIER;NON_DETERMINE;Fonds EEE sur indice non européen : vérifier la liste émetteur
IE0001KPAXU3;INVETFIBXXEYETFP;EYLD;ETF;ETF Plus;EUR;IE;OUI;-;Euronext;2026-08-04;NON;CLASSE_ACTIFS;Obligataire/monétaire/crypto/matières premières sans montage PEA
IE0001O9L5K4;HANActOBGEXPAR;OBGE;ETF;Euronext Paris;EUR;IE;OUI;ESG ETF art. 8;Euronext;2026-08-04;A_VERIFIER;NON_DETERMINE;Fonds EEE sur indice non européen : vérifier la liste émetteur
IE0001PY6688;FRAActEBONDETFP;EBOND;ETF;ETF Plus;EUR;IE;OUI;ESG ETF art. 8;Euronext;2026-08-04;NON;CLASSE_ACTIFS;Obligataire/monétaire/crypto/matières premières sans montage PEA
IE0001QF56M0;KRAETFCHINIMETFP;CHIN;ETF;ETF Plus;EUR;IE;OUI;-;Euronext;2026-08-04;A_VERIFIER;NON_DETERMINE;Fonds EEE sur indice non européen : vérifier la liste émetteur
IE0001R850E1;FIRETFNQDVSMETFP;SDVY;ETF;ETF Plus;EUR;IE;OUI;-;Euronext;2026-08-04;A_VERIFIER;NON_DETERMINE;Fonds EEE sur indice non européen : vérifier la liste émetteur
IE0001T0BHM5;FRAActUSINCETFP;USINC;ETF;ETF Plus;EUR;IE;OUI;-;Euronext;2026-08-04;A_VERIFIER;NON_DETERMINE;Fonds EEE sur indice non européen : vérifier la liste émetteur
IE0001UQQ933;LG ETFSOLGERETFP;GERD;ETF;ETF Plus;EUR;IE;OUI;ESG ETF art. 8;Euronext;2026-08-04;A_VERIFIER;NON_DETERMINE;Fonds EEE sur indice non européen : vérifier la liste émetteur
IE0001VXZTV7;VANETFV3MLIMETFP;V3ML;ETF;ETF Plus | Euronext Amsterdam, Paris;EUR;IE;OUI;ESG ETF art. 8;Euronext;2026-08-04;A_VERIFIER;NON_DETERMINE;Fonds EEE sur indice non européen : vérifier la liste émetteur
IE0001W4ZVM2;FIDACTFUSEETFP;FUSE;ETF;ETF Plus;EUR;IE;OUI;ESG ETF art. 8;Euronext;2026-08-04;A_VERIFIER;NON_DETERMINE;Fonds EEE sur indice non européen : vérifier la liste émetteur
IE0001XCFC82;H MSCI JP IS ESG;HIJS;ETF;Euronext Paris;EUR;IE;OUI;ESG ETF art. 8;Euronext;2026-08-04;A_VERIFIER;NON_DETERMINE;Fonds EEE sur indice non européen : vérifier la liste émetteur
IE0001YGXFO5;ISHETF756290XAMS;WCTA;ETF;Euronext Amsterdam - Multi-currency Trading;USD;IE;OUI;ESG ETF art. 8;Euronext;2026-08-04;A_VERIFIER;NON_DETERMINE;Fonds EEE sur indice non européen : vérifier la liste émetteur
IE0001ZFMLN7;ISHETFNASDAQXAMS;NAQS;ETF;Euronext Amsterdam | Euronext Amsterdam - Multi-currency Trading;EUR;IE;OUI;-;Euronext;2026-08-04;A_VERIFIER;NON_DETERMINE;Fonds EEE sur indice non européen : vérifier la liste émetteur
IE00021E4FE3;INVACTECMAETFP;ECMA;ETF;ETF Plus;EUR;IE;OUI;ESG ETF art. 8;Euronext;2026-08-04;NON;CLASSE_ACTIFS;Obligataire/monétaire/crypto/matières premières sans montage PEA
IE00022GJEG1;LG ETFENCOIMETFP;ECEH;ETF;ETF Plus;EUR;IE;OUI;-;Euronext;2026-08-04;A_VERIFIER;NON_DETERMINE;Fonds EEE sur indice non européen : vérifier la liste émetteur
IE00023EZQ82;ISH DIG EN & ED US;DGGE;ETF;Euronext Paris | Euronext Amsterdam - Multi-currency Trading;EUR;IE;OUI;ESG ETF art. 8;Euronext;2026-08-04;A_VERIFIER;NON_DETERMINE;Fonds EEE sur indice non européen : vérifier la liste émetteur
IE000264WWY0;ISHETFI37617ETFP;IB28;ETF;ETF Plus;EUR;IE;OUI;ESG ETF art. 8;Euronext;2026-08-04;NON;CLASSE_ACTIFS;Obligataire/monétaire/crypto/matières premières sans montage PEA
IE0002A3VE77;TABActJCEUETFP;JCEU;ETF;ETF Plus;EUR;IE;OUI;ESG ETF art. 8;Euronext;2026-08-04;PROBABLE;INDICE_EUROPEEN;Indice actions européen — quota 75 % actions UE respecté de fait
IE0002DC0IL1;InvETFSP500ETFP;AQUIL;ETF;ETF Plus;EUR;IE;OUI;-;Euronext;2026-08-04;A_VERIFIER;NON_DETERMINE;Fonds EEE sur indice non européen : vérifier la liste émetteur
IE0002DDYPW4;BNPACTQGLOEXPAR;QGLOE;ETF;Euronext Paris;EUR;IE;OUI;ESG ETF art. 8;Euronext;2026-08-04;A_VERIFIER;NON_DETERMINE;Fonds EEE sur indice non européen : vérifier la liste émetteur
IE0002EI5AG0;XTRETFXDEWIMETFP;XDEE;ETF;ETF Plus;EUR;IE;OUI;-;Euronext;2026-08-04;A_VERIFIER;NON_DETERMINE;Fonds EEE sur indice non européen : vérifier la liste émetteur
IE0002EKOXU6;iSh Rusl 1000 Vl A;R1VL;ETF;Euronext Amsterdam - Multi-currency Trading;USD;IE;OUI;-;Euronext;2026-08-04;A_VERIFIER;NON_DETERMINE;Fonds EEE sur indice non européen : vérifier la liste émetteur
IE0002FCUS29;ISHETFACWEIMXAMS;ISDA;ETF;Euronext Amsterdam - Multi-currency Trading;USD;IE;OUI;-;Euronext;2026-08-04;A_VERIFIER;NON_DETERMINE;Fonds EEE sur indice non européen : vérifier la liste émetteur
IE0002FPYN09;AXAActASHEETFP;ASHE;ETF;ETF Plus;EUR;IE;OUI;ESG ETF art. 8;Euronext;2026-08-04;A_VERIFIER;NON_DETERMINE;Fonds EEE sur indice non européen : vérifier la liste émetteur
IE0002G3KSC2;GOLActGCAPETFP;GCAP;ETF;ETF Plus;EUR;IE;OUI;ESG ETF art. 8;Euronext;2026-08-04;NON;CLASSE_ACTIFS;Obligataire/monétaire/crypto/matières premières sans montage PEA
IE0002HWPU75;HANETFSOLJURETFP;JURY;ETF;ETF Plus;EUR;IE;OUI;ESG ETF art. 8;Euronext;2026-08-04;A_VERIFIER;NON_DETERMINE;Fonds EEE sur indice non européen : vérifier la liste émetteur
IE0002L5QB31;GLOStrBXMUETFP;XYLE;ETF;ETF Plus;EUR;IE;OUI;-;Euronext;2026-08-04;A_VERIFIER;NON_DETERMINE;Fonds EEE sur indice non européen : vérifier la liste émetteur
IE0002LUYGW0;INVETFM1NAETFP;INAS;ETF;ETF Plus;EUR;IE;OUI;-;Euronext;2026-08-04;A_VERIFIER;NON_DETERMINE;Fonds EEE sur indice non européen : vérifier la liste émetteur
IE0002OP0LA0;SSGETFJNKEIMXPAR;JNKA;ETF;Euronext Paris;EUR;IE;OUI;-;Euronext;2026-08-04;A_VERIFIER;NON_DETERMINE;Fonds EEE sur indice non européen : vérifier la liste émetteur
IE0002PG6CA6;VANETFREMXIMETFP;REMX;ETF;ETF Plus | Euronext Paris;EUR;IE;OUI;-;Euronext;2026-08-04;A_VERIFIER;NON_DETERMINE;Fonds EEE sur indice non européen : vérifier la liste émetteur
IE0002PGSLZ5;XTRActXEEUETFP;XEEU;ETF;ETF Plus;EUR;IE;OUI;ESG ETF art. 8;Euronext;2026-08-04;A_VERIFIER;NON_DETERMINE;Fonds EEE sur indice non européen : vérifier la liste émetteur
IE0002RPS3K2;GLOETFHYGNIMETFP;HYGN;ETF;ETF Plus;EUR;IE;OUI;ESG ETF art. 8;Euronext;2026-08-04;A_VERIFIER;NON_DETERMINE;Fonds EEE sur indice non européen : vérifier la liste émetteur
IE0002U1PIC8;SchActSICEETFP;SICE;ETF;ETF Plus;EUR;IE;OUI;ESG ETF art. 8;Euronext;2026-08-04;A_VERIFIER;NON_DETERMINE;Fonds EEE sur indice non européen : vérifier la liste émetteur
IE0002VEN3U3;ISHETFMSTRUSETFP;WPEE;ETF;ETF Plus;EUR;IE;OUI;-;Euronext;2026-08-04;A_VERIFIER;NON_DETERMINE;Fonds EEE sur indice non européen : vérifier la liste émetteur
IE0002VU15G5;JPMActJPAWETFP;JPAW;ETF;ETF Plus;EUR;IE;OUI;ESG ETF art. 8;Euronext;2026-08-04;A_VERIFIER;NON_DETERMINE;Fonds EEE sur indice non européen : vérifier la liste émetteur
IE0002W8NB38;ISH USA SWAP ACC;MUSD;ETF;Euronext Amsterdam - Multi-currency Trading | Euronext Paris;USD;IE;OUI;-;Euronext;2026-08-04;A_VERIFIER;NON_DETERMINE;Fonds EEE sur indice non européen : vérifier la liste émetteur
IE0002XFS025;FIDETFFIDGLQETFP;FGLV;ETF;ETF Plus;EUR;IE;OUI;ESG ETF art. 8;Euronext;2026-08-04;A_VERIFIER;NON_DETERMINE;Fonds EEE sur indice non européen : vérifier la liste émetteur
IE0002XZSHO1;iSh Wld Swp PEA EU;WPEA;ETF;Euronext Paris;EUR;IE;OUI;-;Euronext;2026-08-04;OUI;LISTE_EMETTEUR;Documentation émetteur iShares — gamme Swap PEA
IE0002Y8CX98;WISETFWTEUDEETFP;WDEF;ETF;ETF Plus | Euronext Paris;EUR;IE;OUI;-;Euronext;2026-08-04;PROBABLE;INDICE_EUROPEEN;Indice actions européen — quota 75 % actions UE respecté de fait
IE0002Z12PN9;ROBActREM3ETFP;REM3;ETF;ETF Plus;EUR;IE;OUI;ESG ETF art. 8;Euronext;2026-08-04;A_VERIFIER;NON_DETERMINE;Fonds EEE sur indice non européen : vérifier la liste émetteur
IE0002ZM3JI1;XTRETFXNUSIMETFP;XNUS;ETF;ETF Plus;EUR;IE;OUI;ESG ETF art. 8;Euronext;2026-08-04;A_VERIFIER;NON_DETERMINE;Fonds EEE sur indice non européen : vérifier la liste émetteur
IE00030Y2P41;WT Gl QDG-USD INST;GGRI;ETF;Euronext Paris;EUR;IE;OUI;ESG ETF art. 8;Euronext;2026-08-04;A_VERIFIER;NON_DETERMINE;Fonds EEE sur indice non européen : vérifier la liste émetteur
IE00032L0R44;ISHETFI38443XAMS;35ID;ETF;Euronext Amsterdam - Multi-currency Trading;USD;IE;OUI;ESG ETF art. 8;Euronext;2026-08-04;A_VERIFIER;NON_DETERMINE;Fonds EEE sur indice non européen : vérifier la liste émetteur
IE00032YLFR3;BNPACTQUSAEXPAR;QUSAE;ETF;Euronext Paris;EUR;IE;OUI;ESG ETF art. 8;Euronext;2026-08-04;A_VERIFIER;NON_DETERMINE;Fonds EEE sur indice non européen : vérifier la liste émetteur
IE00036F4K40;XTRETF3GHWBEETFP;XDG3;ETF;ETF Plus;EUR;IE;OUI;ESG ETF art. 8;Euronext;2026-08-04;A_VERIFIER;NON_DETERMINE;Fonds EEE sur indice non européen : vérifier la liste émetteur
IE000389GTC0;HSBETFH36244ETFP;HSGE;ETF;ETF Plus;EUR;IE;OUI;ESG ETF art. 8;Euronext;2026-08-04;NON;CLASSE_ACTIFS;Obligataire/monétaire/crypto/matières premières sans montage PEA
IE0003A512E4;ARKActARKIETFP;ARKI;ETF;ETF Plus;EUR;IE;OUI;-;Euronext;2026-08-04;A_VERIFIER;NON_DETERMINE;Fonds EEE sur indice non européen : vérifier la liste émetteur
IE0003B4BV34;UBSETFCSYUIMETFP;USTEC;ETF;ETF Plus;EUR;IE;OUI;ESG ETF art. 8;Euronext;2026-08-04;A_VERIFIER;NON_DETERMINE;Fonds EEE sur indice non européen : vérifier la liste émetteur
IE0003B9KF87;INVActESTAETFP;ESTA;ETF;ETF Plus;EUR;IE;OUI;ESG ETF art. 8;Euronext;2026-08-04;A_VERIFIER;NON_DETERMINE;Fonds EEE sur indice non européen : vérifier la liste émetteur
IE0003BJ2JS4;WISETFWTNCLRETFP;NCLR;ETF;ETF Plus | Euronext Paris;EUR;IE;OUI;-;Euronext;2026-08-04;NON;CLASSE_ACTIFS;Obligataire/monétaire/crypto/matières premières sans montage PEA
IE0003HUCA83;VANETFH38855ETFP;VGGE;ETF;ETF Plus | Euronext Amsterdam;EUR;IE;OUI;-;Euronext;2026-08-04;A_VERIFIER;NON_DETERMINE;Fonds EEE sur indice non européen : vérifier la liste émetteur
IE0003HV7CS6;ISHETFI39488ETFP;IX28;ETF;ETF Plus | Euronext Paris;EUR;IE;OUI;ESG ETF art. 8;Euronext;2026-08-04;A_VERIFIER;NON_DETERMINE;Fonds EEE sur indice non européen : vérifier la liste émetteur
IE0003LGI4Z6;ISHETFVUCEIMXAMS;ICBD;ETF;Euronext Amsterdam - Multi-currency Trading;USD;IE;OUI;-;Euronext;2026-08-04;NON;CLASSE_ACTIFS;Obligataire/monétaire/crypto/matières premières sans montage PEA
IE0003NQ0IY5;XTRETFNU7520ETFP;XWEQ;ETF;ETF Plus;EUR;IE;OUI;ESG ETF art. 8;Euronext;2026-08-04;A_VERIFIER;NON_DETERMINE;Fonds EEE sur indice non européen : vérifier la liste émetteur
IE0003OZJ573;SchActSEUSETFP;SEUS;ETF;ETF Plus;EUR;IE;OUI;ESG ETF art. 8;Euronext;2026-08-04;A_VERIFIER;NON_DETERMINE;Fonds EEE sur indice non européen : vérifier la liste émetteur
IE0003UN5CT1;JPMActJSEEETFP;JSEE;ETF;ETF Plus;EUR;IE;OUI;ESG ETF art. 9;Euronext;2026-08-04;A_VERIFIER;NON_DETERMINE;Fonds EEE sur indice non européen : vérifier la liste émetteur
IE0003UVYC20;JPMActJEPGETFP;JEPG;ETF;ETF Plus;EUR;IE;OUI;-;Euronext;2026-08-04;A_VERIFIER;NON_DETERMINE;Fonds EEE sur indice non européen : vérifier la liste émetteur
IE0003W9O921;XTRETFXGBUIMETFP;XGBU;ETF;ETF Plus;EUR;IE;OUI;ESG ETF art. 9;Euronext;2026-08-04;NON;CLASSE_ACTIFS;Obligataire/monétaire/crypto/matières premières sans montage PEA
IE0003WEWAX4;FRAETFFOHWIVXPAR;FOHW;ETF;Euronext Paris | ETF Plus;EUR;IE;OUI;ESG ETF art. 8;Euronext;2026-08-04;A_VERIFIER;NON_DETERMINE;Fonds EEE sur indice non européen : vérifier la liste émetteur
IE0003XJA0J9;AMUETFSGMLMCETFP;WEBN;ETF;ETF Plus;EUR;IE;OUI;-;Euronext;2026-08-04;A_VERIFIER;NON_DETERMINE;Fonds EEE sur indice non européen : vérifier la liste émetteur
IE0003XW12I8;HANETFDRONESETFP;DRON;ETF;ETF Plus;EUR;IE;OUI;-;Euronext;2026-08-04;A_VERIFIER;NON_DETERMINE;Fonds EEE sur indice non européen : vérifier la liste émetteur
IE0003Z9E2Y3;GLOETFCOPXIMETFP;COPX;ETF;ETF Plus;EUR;IE;OUI;-;Euronext;2026-08-04;A_VERIFIER;NON_DETERMINE;Fonds EEE sur indice non européen : vérifier la liste émetteur
IE0003ZXNJY5;iS Glo Timber Acc;WOOE;ETF;Euronext Amsterdam;EUR;IE;OUI;ESG ETF art. 8;Euronext;2026-08-04;A_VERIFIER;NON_DETERMINE;Fonds EEE sur indice non européen : vérifier la liste émetteur
IE00041H4WT9;HANETFNATEEUETFP;NATE;ETF;ETF Plus;EUR;IE;OUI;ESG ETF art. 8;Euronext;2026-08-04;A_VERIFIER;NON_DETERMINE;Fonds EEE sur indice non européen : vérifier la liste émetteur
IE00043CMIN7;ISHETFSP9BKCXAMS;BNEH;ETF;Euronext Amsterdam;EUR;IE;OUI;-;Euronext;2026-08-04;A_VERIFIER;NON_DETERMINE;Fonds EEE sur indice non européen : vérifier la liste émetteur
IE00043ZI3D8;PicActPDWDETFP;PDWD;ETF;ETF Plus;EUR;IE;OUI;ESG ETF art. 8;Euronext;2026-08-04;A_VERIFIER;NON_DETERMINE;Fonds EEE sur indice non européen : vérifier la liste émetteur
IE000472H9T4;XTRETFNSDQETFP;XNDQ;ETF;ETF Plus;EUR;IE;OUI;-;Euronext;2026-08-04;A_VERIFIER;NON_DETERMINE;Fonds EEE sur indice non européen : vérifier la liste émetteur
IE00048C5NZ0;JPMActJEIGETFP;JEIG;ETF;ETF Plus;EUR;IE;OUI;ESG ETF art. 8;Euronext;2026-08-04;NON;CLASSE_ACTIFS;Obligataire/monétaire/crypto/matières premières sans montage PEA
IE00049LEBV0;ISHETFI38735XAMS;32ID;ETF;Euronext Amsterdam - Multi-currency Trading;USD;IE;OUI;-;Euronext;2026-08-04;NON;CLASSE_ACTIFS;Obligataire/monétaire/crypto/matières premières sans montage PEA
IE00049TNTV6;JPMActJEAAETFP;JEAA;ETF;ETF Plus;EUR;IE;OUI;ESG ETF art. 8;Euronext;2026-08-04;NON;CLASSE_ACTIFS;Obligataire/monétaire/crypto/matières premières sans montage PEA
IE0004CIQ1O4;AMUETFMXWEL5XPAR;MWOS;ETF;Euronext Paris;EUR;IE;OUI;ESG ETF art. 8;Euronext;2026-08-04;A_VERIFIER;NON_DETERMINE;Fonds EEE sur indice non européen : vérifier la liste émetteur
IE0004D7VJE6;AXAActAFDUETFP;AFDU;ETF;ETF Plus;EUR;IE;OUI;ESG ETF art. 8;Euronext;2026-08-04;A_VERIFIER;NON_DETERMINE;Fonds EEE sur indice non européen : vérifier la liste émetteur
IE0004HBJKG0;BNP ACWI SRI ETF;PAACE;ETF;Euronext Paris | ETF Plus;EUR;IE;OUI;ESG ETF art. 8;Euronext;2026-08-04;A_VERIFIER;NON_DETERMINE;Fonds EEE sur indice non européen : vérifier la liste émetteur
IE0004HE5624;SSGETFDC3MQEETFP;COME;ETF;ETF Plus;EUR;IE;OUI;-;Euronext;2026-08-04;NON;CLASSE_ACTIFS;Obligataire/monétaire/crypto/matières premières sans montage PEA
IE0004HMINW0;AXAActAEAEETFP;AEAE;ETF;ETF Plus;EUR;IE;OUI;ESG ETF art. 8;Euronext;2026-08-04;A_VERIFIER;NON_DETERMINE;Fonds EEE sur indice non européen : vérifier la liste émetteur
IE0004I037N4;FRAETFEMGMIVXPAR;EMERG;ETF;Euronext Paris | ETF Plus;EUR;IE;OUI;-;Euronext;2026-08-04;A_VERIFIER;NON_DETERMINE;Fonds EEE sur indice non européen : vérifier la liste émetteur
IE0004J37T45;BNPETFS500ESETFP;SPEEU;ETF;ETF Plus | Euronext Paris;EUR;IE;OUI;ESG ETF art. 8;Euronext;2026-08-04;A_VERIFIER;NON_DETERMINE;Fonds EEE sur indice non européen : vérifier la liste émetteur
IE0004J6PFL7;ISH CORE UK GLT US;GLUH;ETF;Euronext Amsterdam - Multi-currency Trading;USD;IE;OUI;-;Euronext;2026-08-04;A_VERIFIER;NON_DETERMINE;Fonds EEE sur indice non européen : vérifier la liste émetteur
IE0004L7EQG2;HSBActHEURETFP;HEUR;ETF;ETF Plus;EUR;IE;OUI;ESG ETF art. 8;Euronext;2026-08-04;A_VERIFIER;NON_DETERMINE;Fonds EEE sur indice non européen : vérifier la liste émetteur
IE0004L9EID2;iSh India INR Dis;INGB;ETF;Euronext Amsterdam - Multi-currency Trading;USD;IE;OUI;-;Euronext;2026-08-04;NON;CLASSE_ACTIFS;Obligataire/monétaire/crypto/matières premières sans montage PEA
IE0004LCA3I5;ISHETFLETSTRETFP;SPGA;ETF;ETF Plus;EUR;IE;OUI;-;Euronext;2026-08-04;NON;CLASSE_ACTIFS;Obligataire/monétaire/crypto/matières premières sans montage PEA
IE0004MFRED4;XTRETFSEQESGETFP;XZEW;ETF;ETF Plus;EUR;IE;OUI;ESG ETF art. 8;Euronext;2026-08-04;A_VERIFIER;NON_DETERMINE;Fonds EEE sur indice non européen : vérifier la liste émetteur
IE0004MXQ328;GOLActGIGHETFP;GIGH;ETF;ETF Plus;EUR;IE;OUI;ESG ETF art. 8;Euronext;2026-08-04;NON;CLASSE_ACTIFS;Obligataire/monétaire/crypto/matières premières sans montage PEA
IE0004QLESG4;ISHETFNU7470XAMC;WSMT;ETF;Euronext Amsterdam - Multi-currency Trading;USD;IE;OUI;ESG ETF art. 8;Euronext;2026-08-04;A_VERIFIER;NON_DETERMINE;Fonds EEE sur indice non européen : vérifier la liste émetteur
IE0004U3TX15;L&GETFMTVSIMETFP;MTVS;ETF;ETF Plus;EUR;IE;OUI;ESG ETF art. 8;Euronext;2026-08-04;A_VERIFIER;NON_DETERMINE;Fonds EEE sur indice non européen : vérifier la liste émetteur
IE0005042456;ISHARES FTSE 100;ISFA;ETF;Euronext Amsterdam | ETF Plus;EUR;IE;OUI;-;Euronext;2026-08-04;A_VERIFIER;NON_DETERMINE;Fonds EEE sur indice non européen : vérifier la liste émetteur
IE00050J4789;BNPETFMXUSFTETFP;USSM;ETF;ETF Plus | Euronext Paris;EUR;IE;OUI;ESG ETF art. 8;Euronext;2026-08-04;A_VERIFIER;NON_DETERMINE;Fonds EEE sur indice non européen : vérifier la liste émetteur
IE000519M2U5;ALLActAZEQETFP;AZEQ;ETF;ETF Plus;EUR;IE;OUI;-;Euronext;2026-08-04;A_VERIFIER;NON_DETERMINE;Fonds EEE sur indice non européen : vérifier la liste émetteur
IE00051W3PF2;BLUETFTFEUIMXAMC;BEEH;ETF;Euronext Amsterdam - Multi-currency Trading;HUF;IE;OUI;-;Euronext;2026-08-04;A_VERIFIER;NON_DETERMINE;Fonds EEE sur indice non européen : vérifier la liste émetteur
IE00053HJRU7;AXAActAIDEETFP;AIDE;ETF;ETF Plus;EUR;IE;OUI;ESG ETF art. 8;Euronext;2026-08-04;A_VERIFIER;NON_DETERMINE;Fonds EEE sur indice non européen : vérifier la liste émetteur
IE00053WDH64;INVETFHYDEIMETFP;HYDE;ETF;ETF Plus;EUR;IE;OUI;ESG ETF art. 9;Euronext;2026-08-04;A_VERIFIER;NON_DETERMINE;Fonds EEE sur indice non européen : vérifier la liste émetteur
IE00055B2JD3;ISHETFMSDEWIXPAR;WPEH;ETF;Euronext Paris;EUR;IE;OUI;-;Euronext;2026-08-04;OUI;NOM_PEA;Marquage « PEA » dans le nom émetteur
IE00056AT4A2;ISHETFI38292XAMS;JGBD;ETF;Euronext Amsterdam - Multi-currency Trading;USD;IE;OUI;-;Euronext;2026-08-04;NON;CLASSE_ACTIFS;Obligataire/monétaire/crypto/matières premières sans montage PEA
IE000578J297;ISHETFIGLTIMXAMS;IGLU;ETF;Euronext Amsterdam - Multi-currency Trading;USD;IE;OUI;-;Euronext;2026-08-04;A_VERIFIER;NON_DETERMINE;Fonds EEE sur indice non européen : vérifier la liste émetteur
IE000589MF42;ISHETFIITBIMETFP;IITA;ETF;ETF Plus;EUR;IE;OUI;-;Euronext;2026-08-04;A_VERIFIER;NON_DETERMINE;Fonds EEE sur indice non européen : vérifier la liste émetteur
IE00058B19U6;AmSP500 NetZH;PABH;ETF;Euronext Paris;EUR;IE;OUI;ESG ETF art. 8;Euronext;2026-08-04;A_VERIFIER;NON_DETERMINE;Fonds EEE sur indice non européen : vérifier la liste émetteur
IE00058MW3M8;AMUETFSPXEHAETFP;S500H;ETF;ETF Plus | Euronext Paris;EUR;IE;OUI;ESG ETF art. 8;Euronext;2026-08-04;A_VERIFIER;NON_DETERMINE;Fonds EEE sur indice non européen : vérifier la liste émetteur
IE0005AJA0P1;LG ETFGDXDGQETFP;LDGL;ETF;ETF Plus;EUR;IE;OUI;ESG ETF art. 8;Euronext;2026-08-04;A_VERIFIER;NON_DETERMINE;Fonds EEE sur indice non européen : vérifier la liste émetteur
IE0005B8WVT6;VANETFVEGIIMETFP;VEGI;ETF;ETF Plus;EUR;IE;OUI;ESG ETF art. 9;Euronext;2026-08-04;A_VERIFIER;NON_DETERMINE;Fonds EEE sur indice non européen : vérifier la liste émetteur
IE0005CH3U28;JPMActJGROETFP;JGRO;ETF;ETF Plus;EUR;IE;OUI;ESG ETF art. 8;Euronext;2026-08-04;A_VERIFIER;NON_DETERMINE;Fonds EEE sur indice non européen : vérifier la liste émetteur
IE0005E47AH7;XTRETFSD9NVFETFP;SDG9;ETF;ETF Plus;EUR;IE;OUI;ESG ETF art. 8;Euronext;2026-08-04;A_VERIFIER;NON_DETERMINE;Fonds EEE sur indice non européen : vérifier la liste émetteur
IE0005F2R613;INVETFIBXXEYETFP;EYLA;ETF;ETF Plus;EUR;IE;OUI;-;Euronext;2026-08-04;NON;CLASSE_ACTIFS;Obligataire/monétaire/crypto/matières premières sans montage PEA
IE0005HNE843;WISETFWTVALEETFP;WTVE;ETF;ETF Plus;EUR;IE;OUI;ESG ETF art. 8;Euronext;2026-08-04;PROBABLE;INDICE_EUROPEEN;Indice actions européen — quota 75 % actions UE respecté de fait
IE0005MWBFR7;JPMActJGIEETFP;JGIE;ETF;ETF Plus;EUR;IE;OUI;ESG ETF art. 8;Euronext;2026-08-04;A_VERIFIER;NON_DETERMINE;Fonds EEE sur indice non européen : vérifier la liste émetteur
IE0005PGDJ30;FAMETFSOEST1ETFP;MONEY;ETF;ETF Plus;EUR;IE;OUI;-;Euronext;2026-08-04;A_VERIFIER;NON_DETERMINE;Fonds EEE sur indice non européen : vérifier la liste émetteur
IE0005TF96I9;VANETFMVIBIOETFP;CYBO;ETF;ETF Plus;EUR;IE;OUI;ESG ETF art. 9;Euronext;2026-08-04;A_VERIFIER;NON_DETERMINE;Fonds EEE sur indice non européen : vérifier la liste émetteur
IE0005YI2492;UTIETFSBINFAXAMC;UIGBH;ETF;Euronext Amsterdam - Multi-currency Trading;USD;IE;OUI;-;Euronext;2026-08-04;A_VERIFIER;NON_DETERMINE;Fonds EEE sur indice non européen : vérifier la liste émetteur
IE0005YK6564;HANETFU3O8IMETFP;U3O8;ETF;ETF Plus;EUR;IE;OUI;-;Euronext;2026-08-04;NON;CLASSE_ACTIFS;Obligataire/monétaire/crypto/matières premières sans montage PEA
IE00063FT9K6;Ish Cop Min US Acc;COPM;ETF;Euronext Amsterdam - Multi-currency Trading | ETF Plus;USD;IE;OUI;-;Euronext;2026-08-04;A_VERIFIER;NON_DETERMINE;Fonds EEE sur indice non européen : vérifier la liste émetteur
IE00063GNWK1;UBSETFSESGIMETFP;USESG;ETF;ETF Plus;EUR;IE;OUI;ESG ETF art. 8;Euronext;2026-08-04;A_VERIFIER;NON_DETERMINE;Fonds EEE sur indice non européen : vérifier la liste émetteur
IE00063SATO1;JPMActJPAEETFP;JPAE;ETF;ETF Plus;EUR;IE;OUI;ESG ETF art. 8;Euronext;2026-08-04;A_VERIFIER;NON_DETERMINE;Fonds EEE sur indice non européen : vérifier la liste émetteur
IE00064N5UY4;XTRETFEG05ETFP;XEZG;ETF;ETF Plus;EUR;IE;OUI;-;Euronext;2026-08-04;NON;CLASSE_ACTIFS;Obligataire/monétaire/crypto/matières premières sans montage PEA
IE00064TWYK9;JPMActJEPEETFP;JEPE;ETF;ETF Plus;EUR;IE;OUI;-;Euronext;2026-08-04;PROBABLE;INDICE_EUROPEEN;Indice actions européen — quota 75 % actions UE respecté de fait
IE000650M1V4;VANETFRUMCN3XAMS;VRMA;ETF;Euronext Amsterdam;EUR;IE;OUI;-;Euronext;2026-08-04;A_VERIFIER;NON_DETERMINE;Fonds EEE sur indice non européen : vérifier la liste émetteur
IE00066KZ5B5;HSBETFGOVAIMETFP;HEGB;ETF;ETF Plus;EUR;IE;OUI;-;Euronext;2026-08-04;NON;CLASSE_ACTIFS;Obligataire/monétaire/crypto/matières premières sans montage PEA
IE00066L6LB9;AXAETFEMCBPAETFP;AQDU;ETF;ETF Plus;EUR;IE;OUI;ESG ETF art. 8;Euronext;2026-08-04;A_VERIFIER;NON_DETERMINE;Fonds EEE sur indice non européen : vérifier la liste émetteur
IE00067X7JX0;INVETFSX5EWTETFP;SXEW;ETF;ETF Plus;EUR;IE;OUI;-;Euronext;2026-08-04;PROBABLE;INDICE_EUROPEEN;Indice actions européen — quota 75 % actions UE respecté de fait
IE00069H3LK0;VANETFSCDEUNETFP;VESC;ETF;ETF Plus | Euronext Amsterdam;EUR;IE;OUI;-;Euronext;2026-08-04;A_VERIFIER;NON_DETERMINE;Fonds EEE sur indice non européen : vérifier la liste émetteur
IE00069JGT58;JPMACTJSEUETFP;JSEU;ETF;ETF Plus;EUR;IE;OUI;ESG ETF art. 9;Euronext;2026-08-04;A_VERIFIER;NON_DETERMINE;Fonds EEE sur indice non européen : vérifier la liste émetteur
IE00069MGEE1;AXAActAIHUETFP;AIHU;ETF;ETF Plus;EUR;IE;OUI;ESG ETF art. 8;Euronext;2026-08-04;A_VERIFIER;NON_DETERMINE;Fonds EEE sur indice non européen : vérifier la liste émetteur
IE00069Q7MY9;ISHETFSOLSFRXAMC;DCSH;ETF;Euronext Amsterdam - Multi-currency Trading;USD;IE;OUI;-;Euronext;2026-08-04;A_VERIFIER;NON_DETERMINE;Fonds EEE sur indice non européen : vérifier la liste émetteur
IE0006B9CPY7;GOLActGSHYETFP;GSHY;ETF;ETF Plus;EUR;IE;OUI;ESG ETF art. 8;Euronext;2026-08-04;NON;CLASSE_ACTIFS;Obligataire/monétaire/crypto/matières premières sans montage PEA
IE0006BDZN36;UBSETFSOLESTETFP;OVER;ETF;ETF Plus;EUR;IE;OUI;-;Euronext;2026-08-04;A_VERIFIER;NON_DETERMINE;Fonds EEE sur indice non européen : vérifier la liste émetteur
IE0006CHRED6;HSBETFLEGATRETFP;HGAE;ETF;ETF Plus;EUR;IE;OUI;-;Euronext;2026-08-04;NON;CLASSE_ACTIFS;Obligataire/monétaire/crypto/matières premières sans montage PEA
IE0006CJGQR9;JPMActJQPDETFP;JQPD;ETF;ETF Plus;EUR;IE;OUI;-;Euronext;2026-08-04;A_VERIFIER;NON_DETERMINE;Fonds EEE sur indice non européen : vérifier la liste émetteur
IE0006D3PGW3;FRAETFAWALEXETFP;EXCN;ETF;ETF Plus | Euronext Paris;EUR;IE;OUI;-;Euronext;2026-08-04;A_VERIFIER;NON_DETERMINE;Fonds EEE sur indice non européen : vérifier la liste émetteur
IE0006FAD976;FRAETFSP5XSGETFP;US500;ETF;ETF Plus | Euronext Paris;EUR;IE;OUI;ESG ETF art. 8;Euronext;2026-08-04;A_VERIFIER;NON_DETERMINE;Fonds EEE sur indice non européen : vérifier la liste émetteur
IE0006FBEDB6;JPMActJXUSETFP;JXUS;ETF;ETF Plus;EUR;IE;OUI;ESG ETF art. 8;Euronext;2026-08-04;A_VERIFIER;NON_DETERMINE;Fonds EEE sur indice non européen : vérifier la liste émetteur
IE0006FFX5U1;XTRETFXNNVIMETFP;XNNV;ETF;ETF Plus;EUR;IE;OUI;ESG ETF art. 8;Euronext;2026-08-04;A_VERIFIER;NON_DETERMINE;Fonds EEE sur indice non européen : vérifier la liste émetteur
IE0006FIW9Z0;JPMActJEQEETFP;JEQE;ETF;ETF Plus;EUR;IE;OUI;-;Euronext;2026-08-04;A_VERIFIER;NON_DETERMINE;Fonds EEE sur indice non européen : vérifier la liste émetteur
IE0006FM6MI8;AMUETFSPDSEHXPAR;GLHL;ETF;Euronext Paris;EUR;IE;OUI;ESG ETF art. 8;Euronext;2026-08-04;A_VERIFIER;NON_DETERMINE;Fonds EEE sur indice non européen : vérifier la liste émetteur
IE0006GNB732;XTRETFXZHEIMETFP;XZHE;ETF;ETF Plus;EUR;IE;OUI;ESG ETF art. 8;Euronext;2026-08-04;NON;CLASSE_ACTIFS;Obligataire/monétaire/crypto/matières premières sans montage PEA
IE0006GUEKQ7;INVACTLINXCETFP;LINXC;ETF;ETF Plus;EUR;IE;OUI;-;Euronext;2026-08-04;A_VERIFIER;NON_DETERMINE;Fonds EEE sur indice non européen : vérifier la liste émetteur
IE0006HIE7H2;SSGETFDJCI3METFP;SCOM;ETF;ETF Plus;EUR;IE;OUI;-;Euronext;2026-08-04;NON;CLASSE_ACTIFS;Obligataire/monétaire/crypto/matières premières sans montage PEA
IE0006HMLPV6;JPMACTJSHEETFP;JSHE;ETF;ETF Plus;EUR;IE;OUI;ESG ETF art. 9;Euronext;2026-08-04;A_VERIFIER;NON_DETERMINE;Fonds EEE sur indice non européen : vérifier la liste émetteur
IE0006IP4XZ8;AmUSA Climate;USAC;ETF;Euronext Paris;EUR;IE;OUI;ESG ETF art. 8;Euronext;2026-08-04;A_VERIFIER;NON_DETERMINE;Fonds EEE sur indice non européen : vérifier la liste émetteur
IE0006K7DEL9;FRAACTGCORETFP;GCOR;ETF;ETF Plus;EUR;IE;OUI;ESG ETF art. 9;Euronext;2026-08-04;A_VERIFIER;NON_DETERMINE;Fonds EEE sur indice non européen : vérifier la liste émetteur
IE0006KNOFD1;FIDACTFFGEETFP;FFGE;ETF;ETF Plus;EUR;IE;OUI;ESG ETF art. 9;Euronext;2026-08-04;A_VERIFIER;NON_DETERMINE;Fonds EEE sur indice non européen : vérifier la liste émetteur
IE0006LBEDV2;INVACTECMFETFP;ECMF;ETF;ETF Plus;EUR;IE;OUI;ESG ETF art. 8;Euronext;2026-08-04;NON;CLASSE_ACTIFS;Obligataire/monétaire/crypto/matières premières sans montage PEA
IE0006MM8VN6;JPMACTJAGAETFP;JAGA;ETF;ETF Plus;EUR;IE;OUI;ESG ETF art. 8;Euronext;2026-08-04;NON;CLASSE_ACTIFS;Obligataire/monétaire/crypto/matières premières sans montage PEA
IE0006NCFSW9;HSBETFSBWGCETFP;HGVU;ETF;ETF Plus;EUR;IE;OUI;-;Euronext;2026-08-04;A_VERIFIER;NON_DETERMINE;Fonds EEE sur indice non européen : vérifier la liste émetteur
IE0006O3TTP9;BNPP Infra ESG ETF;ENGUS;ETF;Euronext Paris - Multi-currency Trading;USD;IE;OUI;ESG ETF art. 8;Euronext;2026-08-04;A_VERIFIER;NON_DETERMINE;Fonds EEE sur indice non européen : vérifier la liste émetteur
IE0006OIQXE9;FIDACTFGHYETFP;FGHY;ETF;ETF Plus;EUR;IE;OUI;ESG ETF art. 9;Euronext;2026-08-04;A_VERIFIER;NON_DETERMINE;Fonds EEE sur indice non européen : vérifier la liste émetteur
IE0006PHYNG8;BLUETFUST100XAMC;BSTH;ETF;Euronext Amsterdam - Multi-currency Trading;HUF;IE;OUI;-;Euronext;2026-08-04;A_VERIFIER;NON_DETERMINE;Fonds EEE sur indice non européen : vérifier la liste émetteur
IE0006QCIHM0;FIDACTFSMEETFP;FSME;ETF;ETF Plus;EUR;IE;OUI;ESG ETF art. 9;Euronext;2026-08-04;A_VERIFIER;NON_DETERMINE;Fonds EEE sur indice non européen : vérifier la liste émetteur
IE0006QX3Y11;Os Blm CA (EUR);OP8E;ETF;Euronext Paris;EUR;IE;OUI;ESG ETF art. 9;Euronext;2026-08-04;A_VERIFIER;NON_DETERMINE;Fonds EEE sur indice non européen : vérifier la liste émetteur
IE0006RFB3X2;HSBCMSCIJAPNUSDACC;HMJS;ETF;Euronext Paris;EUR;IE;OUI;-;Euronext;2026-08-04;A_VERIFIER;NON_DETERMINE;Fonds EEE sur indice non européen : vérifier la liste émetteur
IE0006SEWKA2;JPMActJEMEETFP;JEME;ETF;ETF Plus;EUR;IE;OUI;ESG ETF art. 8;Euronext;2026-08-04;A_VERIFIER;NON_DETERMINE;Fonds EEE sur indice non européen : vérifier la liste émetteur
IE0006UGU3X3;IBD Dec27 $ TR Dis;27IT;ETF;Euronext Amsterdam - Multi-currency Trading | Euronext Paris;USD;IE;OUI;-;Euronext;2026-08-04;NON;CLASSE_ACTIFS;Obligataire/monétaire/crypto/matières premières sans montage PEA
IE0006VDD4K1;INVETFVWCEIMETFP;FWEA;ETF;ETF Plus;EUR;IE;OUI;-;Euronext;2026-08-04;A_VERIFIER;NON_DETERMINE;Fonds EEE sur indice non européen : vérifier la liste émetteur
IE0006WOV4I9;FRAETFSPWRSGETFP;GLOBE;ETF;ETF Plus | Euronext Paris;EUR;IE;OUI;ESG ETF art. 8;Euronext;2026-08-04;A_VERIFIER;NON_DETERMINE;Fonds EEE sur indice non européen : vérifier la liste émetteur
IE0006WPPA00;HANETFNUKZXETFP;NUKZ;ETF;ETF Plus;EUR;IE;OUI;-;Euronext;2026-08-04;A_VERIFIER;NON_DETERMINE;Fonds EEE sur indice non européen : vérifier la liste émetteur
IE0006WW1TQ4;XTRETFM1WOUETFP;EXUS;ETF;ETF Plus;EUR;IE;OUI;-;Euronext;2026-08-04;A_VERIFIER;NON_DETERMINE;Fonds EEE sur indice non européen : vérifier la liste émetteur
IE0006XQ3YX3;FAMETFMWCSIMETFP;FAMWCS;ETF;ETF Plus;EUR;IE;OUI;ESG ETF art. 8;Euronext;2026-08-04;A_VERIFIER;NON_DETERMINE;Fonds EEE sur indice non européen : vérifier la liste émetteur
IE0006YCYW06;JPMActJEIEETFP;JEIE;ETF;ETF Plus;EUR;IE;OUI;-;Euronext;2026-08-04;A_VERIFIER;NON_DETERMINE;Fonds EEE sur indice non européen : vérifier la liste émetteur
IE0006YM7D84;XTRETFXZHYIMETFP;XZHY;ETF;ETF Plus;EUR;IE;OUI;ESG ETF art. 8;Euronext;2026-08-04;NON;CLASSE_ACTIFS;Obligataire/monétaire/crypto/matières premières sans montage PEA
IE00070SLDT6;GLOETFMAZAPUETFP;ZAPP;ETF;ETF Plus;EUR;IE;OUI;-;Euronext;2026-08-04;A_VERIFIER;NON_DETERMINE;Fonds EEE sur indice non européen : vérifier la liste émetteur
IE000716YHJ7;INVETFVWCEIMETFP;FWRA;ETF;ETF Plus;EUR;IE;OUI;-;Euronext;2026-08-04;A_VERIFIER;NON_DETERMINE;Fonds EEE sur indice non européen : vérifier la liste émetteur
IE00072RHT03;INVETFKGCYSNETFP;ICBR;ETF;ETF Plus;EUR;IE;OUI;ESG ETF art. 8;Euronext;2026-08-04;A_VERIFIER;NON_DETERMINE;Fonds EEE sur indice non européen : vérifier la liste émetteur
IE00074JLU02;XTRETFXNJPIMETFP;XNJP;ETF;ETF Plus;EUR;IE;OUI;ESG ETF art. 8;Euronext;2026-08-04;A_VERIFIER;NON_DETERMINE;Fonds EEE sur indice non européen : vérifier la liste émetteur
IE00074JV7J1;ISHETFNASDQXAMS;N1UD;ETF;Euronext Amsterdam - Multi-currency Trading;USD;IE;OUI;-;Euronext;2026-08-04;A_VERIFIER;NON_DETERMINE;Fonds EEE sur indice non européen : vérifier la liste émetteur
IE00075IVKF9;HANETFNSURNJETFP;URNJ;ETF;ETF Plus;EUR;IE;OUI;-;Euronext;2026-08-04;A_VERIFIER;NON_DETERMINE;Fonds EEE sur indice non européen : vérifier la liste émetteur
IE00076HZIP3;IBD Dec29 $ TR Dis;29IT;ETF;Euronext Amsterdam - Multi-currency Trading | Euronext Paris;USD;IE;OUI;-;Euronext;2026-08-04;NON;CLASSE_ACTIFS;Obligataire/monétaire/crypto/matières premières sans montage PEA
IE00077FRP95;GLOETFSDIVIMETFP;SDIV;ETF;ETF Plus;EUR;IE;OUI;-;Euronext;2026-08-04;A_VERIFIER;NON_DETERMINE;Fonds EEE sur indice non européen : vérifier la liste émetteur
IE00077IIPQ8;WISETFWTNTSGETFP;NTSG;ETF;ETF Plus | Euronext Paris;EUR;IE;OUI;ESG ETF art. 8;Euronext;2026-08-04;A_VERIFIER;NON_DETERMINE;Fonds EEE sur indice non européen : vérifier la liste émetteur
IE00078SFIQ6;ISHETFSXEFORXAMS;EUFG;ETF;Euronext Amsterdam;EUR;IE;OUI;-;Euronext;2026-08-04;PROBABLE;INDICE_EUROPEEN;Indice actions européen — quota 75 % actions UE respecté de fait
IE0007FM00T9;ISH US EQ HINC ACC;INCI;ETF;Euronext Amsterdam - Multi-currency Trading | ETF Plus;USD;IE;OUI;ESG ETF art. 8;Euronext;2026-08-04;A_VERIFIER;NON_DETERMINE;Fonds EEE sur indice non européen : vérifier la liste émetteur
IE0007G78AC4;$Asia IG Corp US A;ASIG;ETF;Euronext Amsterdam - Multi-currency Trading;USD;IE;OUI;ESG ETF art. 8;Euronext;2026-08-04;NON;CLASSE_ACTIFS;Obligataire/monétaire/crypto/matières premières sans montage PEA
IE0007HKA9K1;LG ETFSOLARBETFP;LABL;ETF;ETF Plus;EUR;IE;OUI;-;Euronext;2026-08-04;A_VERIFIER;NON_DETERMINE;Fonds EEE sur indice non européen : vérifier la liste émetteur
IE0007I99HX7;VANETFMWMFNETFP;MOTU;ETF;ETF Plus | Euronext Paris;EUR;IE;OUI;-;Euronext;2026-08-04;A_VERIFIER;NON_DETERMINE;Fonds EEE sur indice non européen : vérifier la liste émetteur
IE0007LAQ4A1;ISHETFIDCOT3XAMS;CUEB;ETF;Euronext Amsterdam;EUR;IE;OUI;-;Euronext;2026-08-04;NON;CLASSE_ACTIFS;Obligataire/monétaire/crypto/matières premières sans montage PEA
IE0007M3MLF3;WISETFWTDDGTETFP;GGRE;ETF;ETF Plus;EUR;IE;OUI;ESG ETF art. 8;Euronext;2026-08-04;A_VERIFIER;NON_DETERMINE;Fonds EEE sur indice non européen : vérifier la liste émetteur
IE0007O06KL9;ISHETFRU2000XAMS;RU2K;ETF;Euronext Amsterdam - Multi-currency Trading;USD;IE;OUI;-;Euronext;2026-08-04;A_VERIFIER;NON_DETERMINE;Fonds EEE sur indice non européen : vérifier la liste émetteur
IE0007P4PBU1;HSBETFHMCHIMETFP;HCHA;ETF;ETF Plus;EUR;IE;OUI;-;Euronext;2026-08-04;A_VERIFIER;NON_DETERMINE;Fonds EEE sur indice non européen : vérifier la liste émetteur
IE0007QB4QS2;BNPActAWDSEETFP;AWDSE;ETF;ETF Plus | Euronext Paris;EUR;IE;OUI;ESG ETF art. 8;Euronext;2026-08-04;A_VERIFIER;NON_DETERMINE;Fonds EEE sur indice non européen : vérifier la liste émetteur
IE0007SRI1C7;ISHETFI40423ETFP;IB37;ETF;ETF Plus | Euronext Paris;EUR;IE;OUI;ESG ETF art. 8;Euronext;2026-08-04;A_VERIFIER;NON_DETERMINE;Fonds EEE sur indice non européen : vérifier la liste émetteur
IE0007UE04X9;WISETFWTETMUETFP;WENU;ETF;ETF Plus | Euronext Paris;EUR;IE;OUI;ESG ETF art. 8;Euronext;2026-08-04;A_VERIFIER;NON_DETERMINE;Fonds EEE sur indice non européen : vérifier la liste émetteur
IE0007ULOZS8;XTRETFPESGITETFP;XZSP;ETF;ETF Plus;EUR;IE;OUI;ESG ETF art. 8;Euronext;2026-08-04;A_VERIFIER;NON_DETERMINE;Fonds EEE sur indice non européen : vérifier la liste émetteur
IE0007WJ6B10;XTRETF6CWATSETFP;XDG6;ETF;ETF Plus;EUR;IE;OUI;ESG ETF art. 8;Euronext;2026-08-04;A_VERIFIER;NON_DETERMINE;Fonds EEE sur indice non européen : vérifier la liste émetteur
IE0007WLHX89;ROBAct3D3DETFP;3D3D;ETF;ETF Plus;EUR;IE;OUI;ESG ETF art. 8;Euronext;2026-08-04;A_VERIFIER;NON_DETERMINE;Fonds EEE sur indice non européen : vérifier la liste émetteur
IE0007WMHDE3;HANETFSGIXEGXPAR;GR8;ETF;Euronext Paris;EUR;IE;OUI;ESG ETF art. 8;Euronext;2026-08-04;PROBABLE;INDICE_EUROPEEN;Indice actions européen — quota 75 % actions UE respecté de fait
IE0007Y8Y157;VANETFMVQTMLETFP;QNTM;ETF;ETF Plus;EUR;IE;OUI;-;Euronext;2026-08-04;A_VERIFIER;NON_DETERMINE;Fonds EEE sur indice non européen : vérifier la liste émetteur
IE0007YP0PL1;BNPETFGDGRIMETFP;GRCTB;ETF;ETF Plus | Euronext Paris;EUR;IE;OUI;ESG ETF art. 8;Euronext;2026-08-04;A_VERIFIER;NON_DETERMINE;Fonds EEE sur indice non européen : vérifier la liste émetteur
IE0007YZZZN7;INVActQQIAETFP;QQIA;ETF;ETF Plus;EUR;IE;OUI;-;Euronext;2026-08-04;A_VERIFIER;NON_DETERMINE;Fonds EEE sur indice non européen : vérifier la liste émetteur
IE0007Z19996;PicActPQEDETFP;PQED;ETF;ETF Plus;EUR;IE;OUI;ESG ETF art. 8;Euronext;2026-08-04;A_VERIFIER;NON_DETERMINE;Fonds EEE sur indice non européen : vérifier la liste émetteur
IE0007Z28IJ7;WISETFWTTMTUETFP;TMGT;ETF;ETF Plus | Euronext Paris;EUR;IE;OUI;-;Euronext;2026-08-04;A_VERIFIER;NON_DETERMINE;Fonds EEE sur indice non européen : vérifier la liste émetteur
IE0008119MO8;HSBETFSPINTEETFP;HITC;ETF;ETF Plus;EUR;IE;OUI;-;Euronext;2026-08-04;A_VERIFIER;NON_DETERMINE;Fonds EEE sur indice non européen : vérifier la liste émetteur
IE00082MOBL9;GLOETFSEUSDIETFP;EUSD;ETF;ETF Plus;EUR;IE;OUI;-;Euronext;2026-08-04;A_VERIFIER;NON_DETERMINE;Fonds EEE sur indice non européen : vérifier la liste émetteur
IE000845MQC5;HSBETFLUACTRETFP;HUCB;ETF;ETF Plus;EUR;IE;OUI;-;Euronext;2026-08-04;NON;CLASSE_ACTIFS;Obligataire/monétaire/crypto/matières premières sans montage PEA
IE0008470928;ISHETFSEU50ETFP;EUN;ETF;ETF Plus;EUR;IE;OUI;-;Euronext;2026-08-04;PROBABLE;INDICE_EUROPEEN;Indice actions européen — quota 75 % actions UE respecté de fait
IE0008471009;ISHARES EURO STX50;EUEA;ETF;Euronext Amsterdam | ETF Plus;EUR;IE;OUI;-;Euronext;2026-08-04;PROBABLE;INDICE_EUROPEEN;Indice actions européen — quota 75 % actions UE respecté de fait
IE00087GRUR0;AXAETFG0QAETFP;A01U;ETF;ETF Plus;EUR;IE;OUI;-;Euronext;2026-08-04;A_VERIFIER;NON_DETERMINE;Fonds EEE sur indice non européen : vérifier la liste émetteur
IE0008BA4TY1;HANActCEGIETFP;CEGI;ETF;ETF Plus;EUR;IE;OUI;-;Euronext;2026-08-04;A_VERIFIER;NON_DETERMINE;Fonds EEE sur indice non européen : vérifier la liste émetteur
IE0008BU0XC3;HSBETFI38895ETFP;H10E;ETF;ETF Plus;EUR;IE;OUI;ESG ETF art. 8;Euronext;2026-08-04;NON;CLASSE_ACTIFS;Obligataire/monétaire/crypto/matières premières sans montage PEA
IE0008D0AIU9;BNPETFNU7600ETFP;WEWEU;ETF;ETF Plus | Euronext Paris;EUR;IE;OUI;ESG ETF art. 8;Euronext;2026-08-04;A_VERIFIER;NON_DETERMINE;Fonds EEE sur indice non européen : vérifier la liste émetteur
IE0008DO91F6;JPMActJXUEETFP;JXUE;ETF;ETF Plus;EUR;IE;OUI;ESG ETF art. 8;Euronext;2026-08-04;A_VERIFIER;NON_DETERMINE;Fonds EEE sur indice non européen : vérifier la liste émetteur
IE0008EMOWT3;JPMActJLOEETFP;JLOE;ETF;ETF Plus;EUR;IE;OUI;ESG ETF art. 8;Euronext;2026-08-04;NON;CLASSE_ACTIFS;Obligataire/monétaire/crypto/matières premières sans montage PEA
IE0008FB2WZ1;BNPP World ESG ETF;WEMTE;ETF;Euronext Paris - Multi-currency Trading;USD;IE;OUI;ESG ETF art. 8;Euronext;2026-08-04;A_VERIFIER;NON_DETERMINE;Fonds EEE sur indice non européen : vérifier la liste émetteur
IE0008GO35B5;INVActICLUETFP;ICLU;ETF;ETF Plus;EUR;IE;OUI;-;Euronext;2026-08-04;A_VERIFIER;NON_DETERMINE;Fonds EEE sur indice non européen : vérifier la liste émetteur
IE0008JXFQK8;HSBActHQUSETFP;HQUS;ETF;ETF Plus;EUR;IE;OUI;-;Euronext;2026-08-04;A_VERIFIER;NON_DETERMINE;Fonds EEE sur indice non européen : vérifier la liste émetteur
IE0008LRGGP4;HANActPFFIETFP;PFFI;ETF;ETF Plus;EUR;IE;OUI;-;Euronext;2026-08-04;A_VERIFIER;NON_DETERMINE;Fonds EEE sur indice non européen : vérifier la liste émetteur
IE0008M1R3N4;FRAETFSUSM10ETFP;US100;ETF;ETF Plus | Euronext Paris;EUR;IE;OUI;-;Euronext;2026-08-04;A_VERIFIER;NON_DETERMINE;Fonds EEE sur indice non européen : vérifier la liste émetteur
IE0008P6LL15;JPMActJGEVETFP;JGEV;ETF;ETF Plus;EUR;IE;OUI;ESG ETF art. 8;Euronext;2026-08-04;A_VERIFIER;NON_DETERMINE;Fonds EEE sur indice non européen : vérifier la liste émetteur
IE0008RSSHT4;HANActUKITETFP;UKIT;ETF;ETF Plus;EUR;IE;OUI;-;Euronext;2026-08-04;A_VERIFIER;NON_DETERMINE;Fonds EEE sur indice non européen : vérifier la liste émetteur
IE0008RX29L5;INVETFWNDEIMETFP;WNDE;ETF;ETF Plus;EUR;IE;OUI;ESG ETF art. 9;Euronext;2026-08-04;A_VERIFIER;NON_DETERMINE;Fonds EEE sur indice non européen : vérifier la liste émetteur
IE0008SEV3B2;INVACTEGTDETFP;EGTD;ETF;ETF Plus;EUR;IE;OUI;ESG ETF art. 8;Euronext;2026-08-04;A_VERIFIER;NON_DETERMINE;Fonds EEE sur indice non européen : vérifier la liste émetteur
IE0008T6IUX0;VANETFV3PLIMETFP;V3PL;ETF;ETF Plus | Euronext Amsterdam, Paris;EUR;IE;OUI;ESG ETF art. 8;Euronext;2026-08-04;A_VERIFIER;NON_DETERMINE;Fonds EEE sur indice non européen : vérifier la liste émetteur
IE0008TKP6O7;AMUETFUESGITETFP;UESG;ETF;ETF Plus;EUR;IE;OUI;ESG ETF art. 8;Euronext;2026-08-04;A_VERIFIER;NON_DETERMINE;Fonds EEE sur indice non européen : vérifier la liste émetteur
IE0008U15456;ISHETFGOVAIMETFP;IEGS;ETF;ETF Plus;EUR;IE;OUI;-;Euronext;2026-08-04;NON;CLASSE_ACTIFS;Obligataire/monétaire/crypto/matières premières sans montage PEA
IE0008UEVOE0;iBds D28 Term E Ac;B28A;ETF;Euronext Paris | ETF Plus;EUR;IE;OUI;ESG ETF art. 8;Euronext;2026-08-04;NON;CLASSE_ACTIFS;Obligataire/monétaire/crypto/matières premières sans montage PEA
IE0008V9P2F7;FAMActAGE40ETFP;AGE40;ETF;ETF Plus;EUR;IE;OUI;-;Euronext;2026-08-04;A_VERIFIER;NON_DETERMINE;Fonds EEE sur indice non européen : vérifier la liste émetteur
IE0008WICO06;HANETFNSLVRUETFP;SLVM;ETF;ETF Plus;EUR;IE;OUI;-;Euronext;2026-08-04;NON;CLASSE_ACTIFS;Obligataire/monétaire/crypto/matières premières sans montage PEA
IE0008YN55P8;INVACTIQSDETFP;IQSD;ETF;ETF Plus;EUR;IE;OUI;ESG ETF art. 8;Euronext;2026-08-04;A_VERIFIER;NON_DETERMINE;Fonds EEE sur indice non européen : vérifier la liste émetteur
IE0008YWAFL1;ISHETFI40152XAMS;IU28;ETF;Euronext Amsterdam - Multi-currency Trading | Euronext Paris;USD;IE;OUI;ESG ETF art. 8;Euronext;2026-08-04;A_VERIFIER;NON_DETERMINE;Fonds EEE sur indice non européen : vérifier la liste émetteur
IE0008ZGI5C1;Flex Priv Equity;FLPE;ETF;Euronext Amsterdam;EUR;IE;OUI;-;Euronext;2026-08-04;A_VERIFIER;NON_DETERMINE;Fonds EEE sur indice non européen : vérifier la liste émetteur
IE00090GHHQ4;SSGETFTIPSIMETFP;TIPA;ETF;ETF Plus;EUR;IE;OUI;-;Euronext;2026-08-04;A_VERIFIER;NON_DETERMINE;Fonds EEE sur indice non européen : vérifier la liste émetteur
IE000929U2U9;iSh $ Sukuk Dist;SKUK;ETF;Euronext Amsterdam - Multi-currency Trading;USD;IE;OUI;-;Euronext;2026-08-04;A_VERIFIER;NON_DETERMINE;Fonds EEE sur indice non européen : vérifier la liste émetteur
IE00093GOJ04;ISH C EUR CB US H;IEAU;ETF;Euronext Amsterdam - Multi-currency Trading;USD;IE;OUI;-;Euronext;2026-08-04;A_VERIFIER;NON_DETERMINE;Fonds EEE sur indice non européen : vérifier la liste émetteur
IE000940RNE6;WISETFWBLKIMETFP;WBLK;ETF;ETF Plus | Euronext Paris;EUR;IE;OUI;ESG ETF art. 8;Euronext;2026-08-04;A_VERIFIER;NON_DETERMINE;Fonds EEE sur indice non européen : vérifier la liste émetteur
IE00094AECT1;AXAActAEJEETFP;AEJE;ETF;ETF Plus;EUR;IE;OUI;ESG ETF art. 8;Euronext;2026-08-04;A_VERIFIER;NON_DETERMINE;Fonds EEE sur indice non européen : vérifier la liste émetteur
IE00094FRAA6;GLOETFCAUTIMETFP;CAUT;ETF;ETF Plus;EUR;IE;OUI;-;Euronext;2026-08-04;A_VERIFIER;NON_DETERMINE;Fonds EEE sur indice non européen : vérifier la liste émetteur
IE00094GSCQ4;XTRActXEEWETFP;XEEW;ETF;ETF Plus;EUR;IE;OUI;ESG ETF art. 8;Euronext;2026-08-04;A_VERIFIER;NON_DETERMINE;Fonds EEE sur indice non européen : vérifier la liste émetteur
IE00094KNQN4;ISHETFI40153XAMS;IU29;ETF;Euronext Amsterdam - Multi-currency Trading | Euronext Paris;USD;IE;OUI;ESG ETF art. 8;Euronext;2026-08-04;NON;CLASSE_ACTIFS;Obligataire/monétaire/crypto/matières premières sans montage PEA
IE000953I6Z4;ColActQRUSETFP;QRUS;ETF;ETF Plus;EUR;IE;OUI;-;Euronext;2026-08-04;A_VERIFIER;NON_DETERMINE;Fonds EEE sur indice non européen : vérifier la liste émetteur
IE00095FLAP4;ISHActIFUHXAMC;IFUH;ETF;Euronext Amsterdam - Multi-currency Trading;USD;IE;OUI;-;Euronext;2026-08-04;A_VERIFIER;NON_DETERMINE;Fonds EEE sur indice non européen : vérifier la liste émetteur
IE00096S6AV7;HSBETFENGLPAETFP;HPNA;ETF;ETF Plus;EUR;IE;OUI;ESG ETF art. 8;Euronext;2026-08-04;A_VERIFIER;NON_DETERMINE;Fonds EEE sur indice non européen : vérifier la liste émetteur
IE00097WZHZ9;ISHETFAWNT01XAMC;FTAW;ETF;Euronext Amsterdam - Multi-currency Trading;USD;IE;OUI;-;Euronext;2026-08-04;A_VERIFIER;NON_DETERMINE;Fonds EEE sur indice non européen : vérifier la liste émetteur
IE00098G6RH2;ISHETFHUC0XAMS;HYCB;ETF;Euronext Amsterdam - Multi-currency Trading;USD;IE;OUI;-;Euronext;2026-08-04;NON;CLASSE_ACTIFS;Obligataire/monétaire/crypto/matières premières sans montage PEA
IE00099GAJC6;ISHETFCNYEIMETFP;CNYE;ETF;ETF Plus;EUR;IE;OUI;-;Euronext;2026-08-04;A_VERIFIER;NON_DETERMINE;Fonds EEE sur indice non européen : vérifier la liste émetteur
IE0009BC6K22;HSBC MSCI EMIS;HIES;ETF;Euronext Paris;EUR;IE;OUI;ESG ETF art. 8;Euronext;2026-08-04;A_VERIFIER;NON_DETERMINE;Fonds EEE sur indice non européen : vérifier la liste émetteur
IE0009BM62P2;GLOStrSPBFAETFP;SPAB;ETF;ETF Plus;EUR;IE;OUI;-;Euronext;2026-08-04;A_VERIFIER;NON_DETERMINE;Fonds EEE sur indice non européen : vérifier la liste émetteur
IE0009EDBBS3;GOLActGIGEETFP;GIGE;ETF;ETF Plus;EUR;IE;OUI;ESG ETF art. 8;Euronext;2026-08-04;NON;CLASSE_ACTIFS;Obligataire/monétaire/crypto/matières premières sans montage PEA
IE0009EGAHL0;INVActIQUAETFP;IQUA;ETF;ETF Plus;EUR;IE;OUI;-;Euronext;2026-08-04;A_VERIFIER;NON_DETERMINE;Fonds EEE sur indice non européen : vérifier la liste émetteur
IE0009EQZP90;ISHETFI38466XAMS;31ID;ETF;Euronext Amsterdam - Multi-currency Trading;USD;IE;OUI;-;Euronext;2026-08-04;A_VERIFIER;NON_DETERMINE;Fonds EEE sur indice non européen : vérifier la liste émetteur
IE0009F7UB30;FIRETFCAPSGEETFP;FTEG;ETF;ETF Plus;EUR;IE;OUI;ESG ETF art. 8;Euronext;2026-08-04;A_VERIFIER;NON_DETERMINE;Fonds EEE sur indice non européen : vérifier la liste émetteur
IE0009IAUUI1;INVETFIBXXUYETFP;UYLD;ETF;ETF Plus;EUR;IE;OUI;-;Euronext;2026-08-04;A_VERIFIER;NON_DETERMINE;Fonds EEE sur indice non européen : vérifier la liste émetteur
IE0009OCO2W4;JPMActJGLEETFP;JGLE;ETF;ETF Plus;EUR;IE;OUI;ESG ETF art. 8;Euronext;2026-08-04;A_VERIFIER;NON_DETERMINE;Fonds EEE sur indice non européen : vérifier la liste émetteur
IE0009QS7W62;MSCI Wld Hlth US A;WHCA;ETF;Euronext Amsterdam;EUR;IE;OUI;ESG ETF art. 8;Euronext;2026-08-04;A_VERIFIER;NON_DETERMINE;Fonds EEE sur indice non européen : vérifier la liste émetteur
IE0009RE6PA1;FAMActACT20ETFP;ACT20;ETF;ETF Plus;EUR;IE;OUI;-;Euronext;2026-08-04;A_VERIFIER;NON_DETERMINE;Fonds EEE sur indice non européen : vérifier la liste émetteur
IE0009RW4WA0;FAMActACT60ETFP;ACT60;ETF;ETF Plus;EUR;IE;OUI;-;Euronext;2026-08-04;A_VERIFIER;NON_DETERMINE;Fonds EEE sur indice non européen : vérifier la liste émetteur
IE0009TJ5T70;JPMETFJPCEIMETFP;JPEC;ETF;ETF Plus;EUR;IE;OUI;ESG ETF art. 9;Euronext;2026-08-04;A_VERIFIER;NON_DETERMINE;Fonds EEE sur indice non européen : vérifier la liste émetteur
IE0009VWHAE6;ISHActUSEEETFP;USEE;ETF;ETF Plus | Euronext Amsterdam - Multi-currency Trading;EUR;IE;OUI;ESG ETF art. 8;Euronext;2026-08-04;A_VERIFIER;NON_DETERMINE;Fonds EEE sur indice non européen : vérifier la liste émetteur
IE0009W21NT4;UBSETFESGEIMETFP;WDESGE;ETF;ETF Plus;EUR;IE;OUI;ESG ETF art. 8;Euronext;2026-08-04;A_VERIFIER;NON_DETERMINE;Fonds EEE sur indice non européen : vérifier la liste émetteur
IE0009WMIIC0;HSBETFI38894ETFP;H13E;ETF;ETF Plus;EUR;IE;OUI;ESG ETF art. 8;Euronext;2026-08-04;NON;CLASSE_ACTIFS;Obligataire/monétaire/crypto/matières premières sans montage PEA
IE0009XKZC98;EU CBd 1-5 US H Di;IE1C;ETF;Euronext Amsterdam - Multi-currency Trading;USD;IE;OUI;ESG ETF art. 8;Euronext;2026-08-04;NON;CLASSE_ACTIFS;Obligataire/monétaire/crypto/matières premières sans montage PEA
IE0009Y1MQJ2;ISHActFACTXAMS;FACT;ETF;Euronext Amsterdam - Multi-currency Trading;USD;IE;OUI;ESG ETF art. 8;Euronext;2026-08-04;A_VERIFIER;NON_DETERMINE;Fonds EEE sur indice non européen : vérifier la liste émetteur
IE000A0GH076;BNPETFMSTRUSETFP;WETFE;ETF;ETF Plus | Euronext Paris;EUR;IE;OUI;-;Euronext;2026-08-04;A_VERIFIER;NON_DETERMINE;Fonds EEE sur indice non européen : vérifier la liste émetteur
IE000A0RC215;INVETFI38673ETFP;BS28;ETF;ETF Plus;EUR;IE;OUI;ESG ETF art. 8;Euronext;2026-08-04;A_VERIFIER;NON_DETERMINE;Fonds EEE sur indice non européen : vérifier la liste émetteur
IE000A7N3IV0;JPMActJRAWETFP;JRAW;ETF;ETF Plus;EUR;IE;OUI;ESG ETF art. 8;Euronext;2026-08-04;A_VERIFIER;NON_DETERMINE;Fonds EEE sur indice non européen : vérifier la liste émetteur
IE000A89Y2G7;ISHETF747668XAMS;WUTS;ETF;Euronext Amsterdam - Multi-currency Trading;USD;IE;OUI;ESG ETF art. 8;Euronext;2026-08-04;A_VERIFIER;NON_DETERMINE;Fonds EEE sur indice non européen : vérifier la liste émetteur
IE000A9G9R73;ISHETFSTARXVXAMC;STAR;ETF;Euronext Amsterdam - Multi-currency Trading | Euronext Paris;USD;IE;OUI;-;Euronext;2026-08-04;A_VERIFIER;NON_DETERMINE;Fonds EEE sur indice non européen : vérifier la liste émetteur
IE000A9QV382;ISH FR GV BD US HD;IFRD;ETF;Euronext Amsterdam - Multi-currency Trading;USD;IE;OUI;-;Euronext;2026-08-04;A_VERIFIER;NON_DETERMINE;Fonds EEE sur indice non européen : vérifier la liste émetteur
IE000AD2AYN2;ISHETFI40431ETFP;IB36;ETF;ETF Plus | Euronext Paris;EUR;IE;OUI;ESG ETF art. 8;Euronext;2026-08-04;NON;CLASSE_ACTIFS;Obligataire/monétaire/crypto/matières premières sans montage PEA
IE000AEM1K78;M&GActMGMXETFP;MGMX;ETF;ETF Plus;EUR;IE;OUI;-;Euronext;2026-08-04;A_VERIFIER;NON_DETERMINE;Fonds EEE sur indice non européen : vérifier la liste émetteur
IE000AFVKJZ0;VANActVCASHETFP;VCASH;ETF;ETF Plus | Euronext Amsterdam;EUR;IE;OUI;-;Euronext;2026-08-04;NON;CLASSE_ACTIFS;Obligataire/monétaire/crypto/matières premières sans montage PEA
IE000AFVONT7;WISETFWTEUBLETFP;WBLD;ETF;ETF Plus | Euronext Paris;EUR;IE;OUI;ESG ETF art. 8;Euronext;2026-08-04;A_VERIFIER;NON_DETERMINE;Fonds EEE sur indice non européen : vérifier la liste émetteur
IE000AGFZM58;HSBC MSCI EU IS;HIPS;ETF;Euronext Paris;EUR;IE;OUI;ESG ETF art. 8;Euronext;2026-08-04;A_VERIFIER;NON_DETERMINE;Fonds EEE sur indice non européen : vérifier la liste émetteur
IE000AIFGRB9;INVETFDKRHGYETFP;WDEE;ETF;ETF Plus;EUR;IE;OUI;ESG ETF art. 8;Euronext;2026-08-04;A_VERIFIER;NON_DETERMINE;Fonds EEE sur indice non européen : vérifier la liste émetteur
IE000AK4O3W6;ISHETFSUSEIMETFP;IE3E;ETF;ETF Plus;EUR;IE;OUI;ESG ETF art. 8;Euronext;2026-08-04;NON;CLASSE_ACTIFS;Obligataire/monétaire/crypto/matières premières sans montage PEA
IE000AN258G4;ISHETFDJAPSDXAMS;IAPU;ETF;Euronext Amsterdam - Multi-currency Trading;USD;IE;OUI;-;Euronext;2026-08-04;A_VERIFIER;NON_DETERMINE;Fonds EEE sur indice non européen : vérifier la liste émetteur
IE000AN3AFZ1;HANActJOGSETFP;JOGS;ETF;ETF Plus;EUR;IE;OUI;ESG ETF art. 8;Euronext;2026-08-04;A_VERIFIER;NON_DETERMINE;Fonds EEE sur indice non européen : vérifier la liste émetteur
IE000ANHU3J3;JPMActJSEMETFP;JSEM;ETF;ETF Plus;EUR;IE;OUI;ESG ETF art. 9;Euronext;2026-08-04;A_VERIFIER;NON_DETERMINE;Fonds EEE sur indice non européen : vérifier la liste émetteur
IE000ANMCD25;FirETFBSPENETFP;ORBT;ETF;ETF Plus;EUR;IE;OUI;-;Euronext;2026-08-04;A_VERIFIER;NON_DETERMINE;Fonds EEE sur indice non européen : vérifier la liste émetteur
IE000AON7ET1;ARKActARKXETFP;ARKX;ETF;ETF Plus;EUR;IE;OUI;ESG ETF art. 8;Euronext;2026-08-04;A_VERIFIER;NON_DETERMINE;Fonds EEE sur indice non européen : vérifier la liste émetteur
IE000AP27VA7;JPMActJGPDETFP;JGPD;ETF;ETF Plus;EUR;IE;OUI;-;Euronext;2026-08-04;A_VERIFIER;NON_DETERMINE;Fonds EEE sur indice non européen : vérifier la liste émetteur
IE000APK27S2;ISHETFI36429ETFP;AEGE;ETF;ETF Plus;EUR;IE;OUI;ESG ETF art. 8;Euronext;2026-08-04;A_VERIFIER;NON_DETERMINE;Fonds EEE sur indice non européen : vérifier la liste émetteur
IE000ATQR3N3;BNPActAWDSHXPAR;AWDSH;ETF;Euronext Paris;EUR;IE;OUI;ESG ETF art. 8;Euronext;2026-08-04;A_VERIFIER;NON_DETERMINE;Fonds EEE sur indice non européen : vérifier la liste émetteur
IE000AWRDWI7;INVETFCNT50UETFP;CN50;ETF;ETF Plus;EUR;IE;OUI;-;Euronext;2026-08-04;A_VERIFIER;NON_DETERMINE;Fonds EEE sur indice non européen : vérifier la liste émetteur
IE000AXIKJM8;AXAETFHPAUIMETFP;AIUU;ETF;ETF Plus;EUR;IE;OUI;ESG ETF art. 8;Euronext;2026-08-04;A_VERIFIER;NON_DETERMINE;Fonds EEE sur indice non européen : vérifier la liste émetteur
IE000AY2ERH5;ISHActTENMETFP;TENM;ETF;ETF Plus | Euronext Amsterdam - Multi-currency Trading;EUR;IE;OUI;-;Euronext;2026-08-04;A_VERIFIER;NON_DETERMINE;Fonds EEE sur indice non européen : vérifier la liste émetteur
IE000AY6KP29;ISHETFSPXCW3XAMS;SPC3;ETF;Euronext Amsterdam - Multi-currency Trading;USD;IE;OUI;-;Euronext;2026-08-04;A_VERIFIER;NON_DETERMINE;Fonds EEE sur indice non européen : vérifier la liste émetteur
IE000AYEFBK6;ISHETFI40152XAMS;28IU;ETF;Euronext Amsterdam - Multi-currency Trading;USD;IE;OUI;ESG ETF art. 8;Euronext;2026-08-04;A_VERIFIER;NON_DETERMINE;Fonds EEE sur indice non européen : vérifier la liste émetteur
IE000AYJ75E5;INVETFI38679ETFP;BE26;ETF;ETF Plus;EUR;IE;OUI;ESG ETF art. 8;Euronext;2026-08-04;A_VERIFIER;NON_DETERMINE;Fonds EEE sur indice non européen : vérifier la liste émetteur
IE000AZ0ORF1;BLUETFUS500NXAMC;BSUC;ETF;Euronext Amsterdam - Multi-currency Trading;CZK;IE;OUI;-;Euronext;2026-08-04;A_VERIFIER;NON_DETERMINE;Fonds EEE sur indice non européen : vérifier la liste émetteur
IE000AZ2HZ31;UBSETFNCUDWIETFP;WRDSC;ETF;ETF Plus;EUR;IE;OUI;-;Euronext;2026-08-04;A_VERIFIER;NON_DETERMINE;Fonds EEE sur indice non européen : vérifier la liste émetteur
IE000AZOUN82;FRAETFFLXAIVXPAR;FAITH;ETF;Euronext Paris | ETF Plus;EUR;IE;OUI;ESG ETF art. 8;Euronext;2026-08-04;A_VERIFIER;NON_DETERMINE;Fonds EEE sur indice non européen : vérifier la liste émetteur
IE000B1A2798;VANETFH38855ETFP;VGGF;ETF;ETF Plus | Euronext Amsterdam;EUR;IE;OUI;-;Euronext;2026-08-04;A_VERIFIER;NON_DETERMINE;Fonds EEE sur indice non européen : vérifier la liste émetteur
IE000B9PQW54;VANETFCUREIMETFP;CURE;ETF;ETF Plus;EUR;IE;OUI;ESG ETF art. 9;Euronext;2026-08-04;A_VERIFIER;NON_DETERMINE;Fonds EEE sur indice non européen : vérifier la liste émetteur
IE000BAF6X29;UBSETFPEXEIMETFP;PEXE;ETF;ETF Plus;EUR;IE;OUI;ESG ETF art. 8;Euronext;2026-08-04;A_VERIFIER;NON_DETERMINE;Fonds EEE sur indice non européen : vérifier la liste émetteur
IE000BHH6TY7;JPMActJGHEETFP;JGHE;ETF;ETF Plus;EUR;IE;OUI;ESG ETF art. 8;Euronext;2026-08-04;A_VERIFIER;NON_DETERMINE;Fonds EEE sur indice non européen : vérifier la liste émetteur
IE000BI8OT95;AMUETFMSTRUSETFP;MWRD;ETF;ETF Plus | Euronext Paris | Euronext Amsterdam - Multi-currency Trading;EUR;IE;OUI;-;Euronext;2026-08-04;A_VERIFIER;NON_DETERMINE;Fonds EEE sur indice non européen : vérifier la liste émetteur
IE000BKMMHF9;UBSETFPEXIMETFP;PEX;ETF;ETF Plus;EUR;IE;OUI;ESG ETF art. 8;Euronext;2026-08-04;A_VERIFIER;NON_DETERMINE;Fonds EEE sur indice non européen : vérifier la liste émetteur
IE000BLN64M9;LG ETFSOLENTETFP;ENTR;ETF;ETF Plus;EUR;IE;OUI;ESG ETF art. 8;Euronext;2026-08-04;NON;CLASSE_ACTIFS;Obligataire/monétaire/crypto/matières premières sans montage PEA
IE000BMDG046;INVETFI38675ETFP;BS27;ETF;ETF Plus;EUR;IE;OUI;ESG ETF art. 8;Euronext;2026-08-04;A_VERIFIER;NON_DETERMINE;Fonds EEE sur indice non européen : vérifier la liste émetteur
IE000BMJPF23;ISHETFNU7476XAMC;WSSC;ETF;Euronext Amsterdam - Multi-currency Trading;USD;IE;OUI;ESG ETF art. 8;Euronext;2026-08-04;A_VERIFIER;NON_DETERMINE;Fonds EEE sur indice non européen : vérifier la liste émetteur
IE000BMP9YJ5;ISHActMAXJETFP;MAXJ;ETF;ETF Plus | Euronext Amsterdam - Multi-currency Trading;EUR;IE;OUI;-;Euronext;2026-08-04;A_VERIFIER;NON_DETERMINE;Fonds EEE sur indice non européen : vérifier la liste émetteur
IE000BMZP0I6;ISHETFSTXNEUXAMS;NUUR;ETF;Euronext Amsterdam - Multi-currency Trading;USD;IE;OUI;-;Euronext;2026-08-04;A_VERIFIER;NON_DETERMINE;Fonds EEE sur indice non européen : vérifier la liste émetteur
IE000BNLRWE6;SCHActSAGEETFP;SAGE;ETF;ETF Plus;EUR;IE;OUI;ESG ETF art. 8;Euronext;2026-08-04;A_VERIFIER;NON_DETERMINE;Fonds EEE sur indice non européen : vérifier la liste émetteur
IE000BRM9046;INVETFKGDFNETFP;IVDF;ETF;ETF Plus;EUR;IE;OUI;-;Euronext;2026-08-04;A_VERIFIER;NON_DETERMINE;Fonds EEE sur indice non européen : vérifier la liste émetteur
IE000BRX9DZ0;SSGActSAWEETFP;SAWE;ETF;ETF Plus;EUR;IE;OUI;ESG ETF art. 8;Euronext;2026-08-04;A_VERIFIER;NON_DETERMINE;Fonds EEE sur indice non européen : vérifier la liste émetteur
IE000BUIVY49;ISHActEUEBETFP;EUEB;ETF;ETF Plus;EUR;IE;OUI;ESG ETF art. 8;Euronext;2026-08-04;A_VERIFIER;NON_DETERMINE;Fonds EEE sur indice non européen : vérifier la liste émetteur
IE000BW2B3J3;FIRETFBFANGXETFP;SCAR;ETF;ETF Plus;EUR;IE;OUI;-;Euronext;2026-08-04;A_VERIFIER;NON_DETERMINE;Fonds EEE sur indice non européen : vérifier la liste émetteur
IE000BWITBP9;iSh iBD26 US Ac PR;26ID;ETF;Euronext Paris;EUR;IE;OUI;ESG ETF art. 8;Euronext;2026-08-04;NON;CLASSE_ACTIFS;Obligataire/monétaire/crypto/matières premières sans montage PEA
IE000BWKUES1;GLOETFAQWAIMETFP;AQWA;ETF;ETF Plus;EUR;IE;OUI;ESG ETF art. 8;Euronext;2026-08-04;A_VERIFIER;NON_DETERMINE;Fonds EEE sur indice non européen : vérifier la liste émetteur
IE000BXC49I6;JPMACTJSEGETFP;JSEG;ETF;ETF Plus;EUR;IE;OUI;ESG ETF art. 9;Euronext;2026-08-04;A_VERIFIER;NON_DETERMINE;Fonds EEE sur indice non européen : vérifier la liste émetteur
IE000BZ1HVL2;SSGETFM0WOHEETFP;SWRE;ETF;ETF Plus;EUR;IE;OUI;-;Euronext;2026-08-04;A_VERIFIER;NON_DETERMINE;Fonds EEE sur indice non européen : vérifier la liste émetteur
IE000BZFW5H7;JPMActJUSHETFP;JUSH;ETF;ETF Plus;EUR;IE;OUI;ESG ETF art. 8;Euronext;2026-08-04;A_VERIFIER;NON_DETERMINE;Fonds EEE sur indice non européen : vérifier la liste émetteur
IE000BZXJJ24;iSh iBd Dc30 $ Dst;30ID;ETF;Euronext Amsterdam - Multi-currency Trading | Euronext Paris;USD;IE;OUI;ESG ETF art. 8;Euronext;2026-08-04;A_VERIFIER;NON_DETERMINE;Fonds EEE sur indice non européen : vérifier la liste émetteur
IE000C5Q64P6;INVETFI38672ETFP;BS29;ETF;ETF Plus;EUR;IE;OUI;ESG ETF art. 8;Euronext;2026-08-04;A_VERIFIER;NON_DETERMINE;Fonds EEE sur indice non européen : vérifier la liste émetteur
IE000C5YJ791;ISHETFNU7585XAMS;USLD;ETF;Euronext Amsterdam - Multi-currency Trading;USD;IE;OUI;ESG ETF art. 8;Euronext;2026-08-04;A_VERIFIER;NON_DETERMINE;Fonds EEE sur indice non européen : vérifier la liste émetteur
IE000C692SN6;HSBCMSCIWLDSCAPESG;HWSS;ETF;Euronext Paris;EUR;IE;OUI;ESG ETF art. 8;Euronext;2026-08-04;A_VERIFIER;NON_DETERMINE;Fonds EEE sur indice non européen : vérifier la liste émetteur
IE000C6ITGC8;ISHETFSTXQNTXAMC;QANT;ETF;Euronext Amsterdam - Multi-currency Trading;USD;IE;OUI;-;Euronext;2026-08-04;A_VERIFIER;NON_DETERMINE;Fonds EEE sur indice non européen : vérifier la liste émetteur
IE000C7DDDX4;FRAETFFLXSIVXPAR;SAUDI;ETF;Euronext Paris | ETF Plus;EUR;IE;OUI;-;Euronext;2026-08-04;A_VERIFIER;NON_DETERMINE;Fonds EEE sur indice non européen : vérifier la liste émetteur
IE000C7EUDG1;HANETFIPDEFNETFP;QUAD;ETF;ETF Plus;EUR;IE;OUI;-;Euronext;2026-08-04;A_VERIFIER;NON_DETERMINE;Fonds EEE sur indice non européen : vérifier la liste émetteur
IE000C87OS21;FAMETFMMWSIMETFP;FAMMWS;ETF;ETF Plus;EUR;IE;OUI;-;Euronext;2026-08-04;A_VERIFIER;NON_DETERMINE;Fonds EEE sur indice non européen : vérifier la liste émetteur
IE000CB2BST9;FAMActACTEQETFP;ACTEQ;ETF;ETF Plus;EUR;IE;OUI;-;Euronext;2026-08-04;A_VERIFIER;NON_DETERMINE;Fonds EEE sur indice non européen : vérifier la liste émetteur
IE000CBYU7J5;LG ETFFXBYSCETFP;RIEM;ETF;ETF Plus;EUR;IE;OUI;ESG ETF art. 9;Euronext;2026-08-04;A_VERIFIER;NON_DETERMINE;Fonds EEE sur indice non européen : vérifier la liste émetteur
IE000CCQKON9;TABActJHESETFP;JHES;ETF;ETF Plus;EUR;IE;OUI;ESG ETF art. 8;Euronext;2026-08-04;A_VERIFIER;NON_DETERMINE;Fonds EEE sur indice non européen : vérifier la liste émetteur
IE000CEUZ052;HANETFIDGSMCETFP;DRAM;ETF;ETF Plus | Euronext Paris;EUR;IE;OUI;-;Euronext;2026-08-04;A_VERIFIER;NON_DETERMINE;Fonds EEE sur indice non européen : vérifier la liste émetteur
IE000CFH1JX2;Gbl Water USD A;H2OA;ETF;Euronext Amsterdam;EUR;IE;OUI;ESG ETF art. 8;Euronext;2026-08-04;A_VERIFIER;NON_DETERMINE;Fonds EEE sur indice non européen : vérifier la liste émetteur
IE000CH3OQ51;INVETFHE7217ETFP;MXUE;ETF;ETF Plus;EUR;IE;OUI;-;Euronext;2026-08-04;A_VERIFIER;NON_DETERMINE;Fonds EEE sur indice non européen : vérifier la liste émetteur
IE000CL68Z69;AMUETFMXWCPFETFP;PABWD;ETF;ETF Plus | Euronext Paris;EUR;IE;OUI;ESG ETF art. 8;Euronext;2026-08-04;A_VERIFIER;NON_DETERMINE;Fonds EEE sur indice non européen : vérifier la liste émetteur
IE000CM02H85;FRAETFFLXTIMETFP;FLXT;ETF;ETF Plus | Euronext Paris;EUR;IE;OUI;-;Euronext;2026-08-04;A_VERIFIER;NON_DETERMINE;Fonds EEE sur indice non européen : vérifier la liste émetteur
IE000CN8T855;JPMACTJUHEETFP;JUHE;ETF;ETF Plus;EUR;IE;OUI;ESG ETF art. 8;Euronext;2026-08-04;A_VERIFIER;NON_DETERMINE;Fonds EEE sur indice non européen : vérifier la liste émetteur
IE000CO3P697;FIRActMJUNETFP;MJUN;ETF;ETF Plus;EUR;IE;OUI;-;Euronext;2026-08-04;A_VERIFIER;NON_DETERMINE;Fonds EEE sur indice non européen : vérifier la liste émetteur
IE000CO65C82;WISETFWTGDHYETFP;DIVW;ETF;ETF Plus;EUR;IE;OUI;ESG ETF art. 8;Euronext;2026-08-04;A_VERIFIER;NON_DETERMINE;Fonds EEE sur indice non européen : vérifier la liste émetteur
IE000COQKPO9;INVETFNESGITETFP;NESG;ETF;ETF Plus;EUR;IE;OUI;ESG ETF art. 8;Euronext;2026-08-04;A_VERIFIER;NON_DETERMINE;Fonds EEE sur indice non européen : vérifier la liste émetteur
IE000CPG9HG3;FIRETFNQVRDEETFP;EDVY;ETF;ETF Plus;EUR;IE;OUI;ESG ETF art. 8;Euronext;2026-08-04;A_VERIFIER;NON_DETERMINE;Fonds EEE sur indice non européen : vérifier la liste émetteur
IE000CQQ22C8;JPMActJAVEETFP;JAVE;ETF;ETF Plus;EUR;IE;OUI;ESG ETF art. 8;Euronext;2026-08-04;A_VERIFIER;NON_DETERMINE;Fonds EEE sur indice non européen : vérifier la liste émetteur
IE000CV0WWL4;TABActJCPNETFP;JCPN;ETF;ETF Plus;EUR;IE;OUI;ESG ETF art. 8;Euronext;2026-08-04;A_VERIFIER;NON_DETERMINE;Fonds EEE sur indice non européen : vérifier la liste émetteur
IE000CVOSY02;FRAETFDWLDIVXPAR;WORLD;ETF;Euronext Paris | ETF Plus;EUR;IE;OUI;-;Euronext;2026-08-04;A_VERIFIER;NON_DETERMINE;Fonds EEE sur indice non européen : vérifier la liste émetteur
IE000CWS09Q9;LG ETFJPEIGKETFP;XBNK;ETF;ETF Plus;EUR;IE;OUI;ESG ETF art. 8;Euronext;2026-08-04;A_VERIFIER;NON_DETERMINE;Fonds EEE sur indice non européen : vérifier la liste émetteur
IE000CWUZKZ9;FAMActAGE60ETFP;AGE60;ETF;ETF Plus;EUR;IE;OUI;-;Euronext;2026-08-04;A_VERIFIER;NON_DETERMINE;Fonds EEE sur indice non européen : vérifier la liste émetteur
IE000CXVOXQ1;WISETFWTDGNHETFP;DGRE;ETF;ETF Plus;EUR;IE;OUI;ESG ETF art. 8;Euronext;2026-08-04;A_VERIFIER;NON_DETERMINE;Fonds EEE sur indice non européen : vérifier la liste émetteur
IE000CYC2B65;ISHETFACWEIMETFP;ACSW;ETF;ETF Plus | Euronext Amsterdam - Multi-currency Trading;EUR;IE;OUI;-;Euronext;2026-08-04;A_VERIFIER;NON_DETERMINE;Fonds EEE sur indice non européen : vérifier la liste émetteur
IE000CYTPBT0;INVETFBCOMCAETFP;CMOC;ETF;ETF Plus;EUR;IE;OUI;ESG ETF art. 8;Euronext;2026-08-04;A_VERIFIER;NON_DETERMINE;Fonds EEE sur indice non européen : vérifier la liste émetteur
IE000CZJPCH1;ISHActEHEBXAMS;EHEB;ETF;Euronext Amsterdam;EUR;IE;OUI;-;Euronext;2026-08-04;NON;CLASSE_ACTIFS;Obligataire/monétaire/crypto/matières premières sans montage PEA
IE000CZQJXB8;ISHActTENJETFP;TENJ;ETF;ETF Plus | Euronext Amsterdam - Multi-currency Trading;EUR;IE;OUI;-;Euronext;2026-08-04;A_VERIFIER;NON_DETERMINE;Fonds EEE sur indice non européen : vérifier la liste émetteur
IE000CZU3JH0;FRAActUSENETFP;USEN;ETF;ETF Plus;EUR;IE;OUI;ESG ETF art. 8;Euronext;2026-08-04;A_VERIFIER;NON_DETERMINE;Fonds EEE sur indice non européen : vérifier la liste émetteur
IE000D0T0BO1;FRAETFFLXJIVXPAR;JAPAN;ETF;Euronext Paris | ETF Plus | Euronext Amsterdam - Multi-currency Trading;EUR;IE;OUI;-;Euronext;2026-08-04;A_VERIFIER;NON_DETERMINE;Fonds EEE sur indice non européen : vérifier la liste émetteur
IE000D1017N2;WISETFWTVALGETFP;WTVG;ETF;ETF Plus;EUR;IE;OUI;ESG ETF art. 8;Euronext;2026-08-04;A_VERIFIER;NON_DETERMINE;Fonds EEE sur indice non européen : vérifier la liste émetteur
IE000D1DAPO5;ROBActRCEGXAMS;RCEG;ETF;Euronext Amsterdam;EUR;IE;OUI;ESG ETF art. 8;Euronext;2026-08-04;NON;CLASSE_ACTIFS;Obligataire/monétaire/crypto/matières premières sans montage PEA
IE000D2UDLG6;HSBETFTRSYIMETFP;HUST;ETF;ETF Plus;EUR;IE;OUI;-;Euronext;2026-08-04;NON;CLASSE_ACTIFS;Obligataire/monétaire/crypto/matières premières sans montage PEA
IE000D3BWBR2;ISH S&P 500 SWP US;I50D;ETF;Euronext Amsterdam - Multi-currency Trading;USD;IE;OUI;-;Euronext;2026-08-04;A_VERIFIER;NON_DETERMINE;Fonds EEE sur indice non européen : vérifier la liste émetteur
IE000D3E0G47;GOLActGSINETFP;GSIN;ETF;ETF Plus;EUR;IE;OUI;ESG ETF art. 8;Euronext;2026-08-04;NON;CLASSE_ACTIFS;Obligataire/monétaire/crypto/matières premières sans montage PEA
IE000D5R9C23;ISHActAXEEETFP;AXEE;ETF;ETF Plus | Euronext Amsterdam - Multi-currency Trading;EUR;IE;OUI;ESG ETF art. 8;Euronext;2026-08-04;A_VERIFIER;NON_DETERMINE;Fonds EEE sur indice non européen : vérifier la liste émetteur
IE000D6810F1;ISHETFNU7484XAMS;QDIA;ETF;Euronext Amsterdam - Multi-currency Trading;USD;IE;OUI;ESG ETF art. 8;Euronext;2026-08-04;A_VERIFIER;NON_DETERMINE;Fonds EEE sur indice non européen : vérifier la liste émetteur
IE000D8FCSD8;Lstd Priv Eq USD A;IPRA;ETF;Euronext Amsterdam - Multi-currency Trading;USD;IE;OUI;-;Euronext;2026-08-04;A_VERIFIER;NON_DETERMINE;Fonds EEE sur indice non européen : vérifier la liste émetteur
IE000D8XC064;ISHActWOEEETFP;WOEE;ETF;ETF Plus | Euronext Amsterdam - Multi-currency Trading;EUR;IE;OUI;ESG ETF art. 8;Euronext;2026-08-04;A_VERIFIER;NON_DETERMINE;Fonds EEE sur indice non européen : vérifier la liste émetteur
IE000D9S4LT3;ISHActISOVXAMC;ISOV;ETF;Euronext Amsterdam - Multi-currency Trading;USD;IE;OUI;ESG ETF art. 8;Euronext;2026-08-04;A_VERIFIER;NON_DETERMINE;Fonds EEE sur indice non européen : vérifier la liste émetteur
IE000D9WMGF0;ISHETFI38442ETFP;IG31;ETF;ETF Plus | Euronext Amsterdam;EUR;IE;OUI;ESG ETF art. 8;Euronext;2026-08-04;NON;CLASSE_ACTIFS;Obligataire/monétaire/crypto/matières premières sans montage PEA
IE000DOZYQJ7;TABETFTAEHIMETFP;TAEH;ETF;ETF Plus;EUR;IE;OUI;ESG ETF art. 8;Euronext;2026-08-04;A_VERIFIER;NON_DETERMINE;Fonds EEE sur indice non européen : vérifier la liste émetteur
IE000DPO6LM8;LG ETFM1WOMCETFP;MIDS;ETF;ETF Plus;EUR;IE;OUI;-;Euronext;2026-08-04;A_VERIFIER;NON_DETERMINE;Fonds EEE sur indice non européen : vérifier la liste émetteur
IE000DQLYVB9;ISHETFSP500XPAR;SPEA;ETF;Euronext Paris;EUR;IE;OUI;-;Euronext;2026-08-04;OUI;LISTE_EMETTEUR;Documentation émetteur iShares — gamme Swap PEA
IE000DQNQS25;FAMActPRIMJETFP;PRIMJ;ETF;ETF Plus;EUR;IE;OUI;-;Euronext;2026-08-04;PROBABLE;INDICE_EUROPEEN;Indice actions européen — quota 75 % actions UE respecté de fait
IE000DR59CI3;ISHETFSTXEGSXAMS;STOR;ETF;Euronext Amsterdam - Multi-currency Trading;USD;IE;OUI;ESG ETF art. 8;Euronext;2026-08-04;A_VERIFIER;NON_DETERMINE;Fonds EEE sur indice non européen : vérifier la liste émetteur
IE000DWHL026;PicActPQUSETFP;PQUS;ETF;ETF Plus;EUR;IE;OUI;ESG ETF art. 8;Euronext;2026-08-04;A_VERIFIER;NON_DETERMINE;Fonds EEE sur indice non européen : vérifier la liste émetteur
IE000DYQE2Q3;ISHActBAT1ETFP;BAT1;ETF;ETF Plus;EUR;IE;OUI;ESG ETF art. 8;Euronext;2026-08-04;NON;CLASSE_ACTIFS;Obligataire/monétaire/crypto/matières premières sans montage PEA
IE000E02WFD5;FRAETFLT12TRETFP;FLUSA;ETF;ETF Plus | Euronext Paris;EUR;IE;OUI;-;Euronext;2026-08-04;A_VERIFIER;NON_DETERMINE;Fonds EEE sur indice non européen : vérifier la liste émetteur
IE000E4BATC9;XTRETFXZWEIMETFP;XZWD;ETF;ETF Plus;EUR;IE;OUI;ESG ETF art. 8;Euronext;2026-08-04;A_VERIFIER;NON_DETERMINE;Fonds EEE sur indice non européen : vérifier la liste émetteur
IE000E6TPCH9;INVETFSPXQUNETFP;SPQA;ETF;ETF Plus;EUR;IE;OUI;-;Euronext;2026-08-04;A_VERIFIER;NON_DETERMINE;Fonds EEE sur indice non européen : vérifier la liste émetteur
IE000E7EI9P0;AMUETFSPDSETXPAR;GLIT;ETF;Euronext Paris;EUR;IE;OUI;ESG ETF art. 8;Euronext;2026-08-04;A_VERIFIER;NON_DETERMINE;Fonds EEE sur indice non européen : vérifier la liste émetteur
IE000E8WZD37;HSBETFSBKUXPAR;HBKS;ETF;Euronext Paris;EUR;IE;OUI;-;Euronext;2026-08-04;A_VERIFIER;NON_DETERMINE;Fonds EEE sur indice non européen : vérifier la liste émetteur
IE000E909O74;PCR GCOW UCITS ETF;GCOW;ETF;Euronext Amsterdam - Multi-currency Trading;USD;IE;OUI;-;Euronext;2026-08-04;NON;CLASSE_ACTIFS;Obligataire/monétaire/crypto/matières premières sans montage PEA
IE000E9W0ID3;ISHETFNU7548ETFP;TLCO;ETF;ETF Plus | Euronext Amsterdam - Multi-currency Trading;EUR;IE;OUI;-;Euronext;2026-08-04;A_VERIFIER;NON_DETERMINE;Fonds EEE sur indice non européen : vérifier la liste émetteur
IE000EA7I2N5;SSGETFJPEIA2ETFP;SAUE;ETF;ETF Plus;EUR;IE;OUI;-;Euronext;2026-08-04;NON;CLASSE_ACTIFS;Obligataire/monétaire/crypto/matières premières sans montage PEA
IE000EBFYWX3;GLOETFCROPIMETFP;CROP;ETF;ETF Plus;EUR;IE;OUI;-;Euronext;2026-08-04;A_VERIFIER;NON_DETERMINE;Fonds EEE sur indice non européen : vérifier la liste émetteur
IE000EBPC0Z7;FRAETFFRCPIMETFP;FRCP;ETF;ETF Plus | Euronext Paris;EUR;IE;OUI;ESG ETF art. 8;Euronext;2026-08-04;A_VERIFIER;NON_DETERMINE;Fonds EEE sur indice non européen : vérifier la liste émetteur
IE000EC86C06;GOLActGEMSETFP;GEMS;ETF;ETF Plus;EUR;IE;OUI;ESG ETF art. 8;Euronext;2026-08-04;A_VERIFIER;NON_DETERMINE;Fonds EEE sur indice non européen : vérifier la liste émetteur
IE000EDOZV89;INVActWITAETFP;WITA;ETF;ETF Plus;EUR;IE;OUI;-;Euronext;2026-08-04;A_VERIFIER;NON_DETERMINE;Fonds EEE sur indice non européen : vérifier la liste émetteur
IE000EE3Q489;FAMETFMAMWIMETFP;FAMAMW;ETF;ETF Plus;EUR;IE;OUI;-;Euronext;2026-08-04;A_VERIFIER;NON_DETERMINE;Fonds EEE sur indice non européen : vérifier la liste émetteur
IE000EETFH77;BNPACTAUSSHXPAR;AUSSH;ETF;Euronext Paris;EUR;IE;OUI;ESG ETF art. 8;Euronext;2026-08-04;A_VERIFIER;NON_DETERMINE;Fonds EEE sur indice non européen : vérifier la liste émetteur
IE000EFHIFG3;AMUETFSPDSECETFP;TELEW;ETF;ETF Plus | Euronext Paris;EUR;IE;OUI;ESG ETF art. 8;Euronext;2026-08-04;A_VERIFIER;NON_DETERMINE;Fonds EEE sur indice non européen : vérifier la liste émetteur
IE000EHPAS96;BNPETFMSCIWMXPAR;WEMTH;ETF;Euronext Paris;EUR;IE;OUI;ESG ETF art. 8;Euronext;2026-08-04;A_VERIFIER;NON_DETERMINE;Fonds EEE sur indice non européen : vérifier la liste émetteur
IE000EJ2EHO7;UBSETFDMVOIMETFP;WDMVO;ETF;ETF Plus;EUR;IE;OUI;ESG ETF art. 8;Euronext;2026-08-04;A_VERIFIER;NON_DETERMINE;Fonds EEE sur indice non européen : vérifier la liste émetteur
IE000EKG45L0;SSGETFTIPEIMETFP;ETIP;ETF;ETF Plus;EUR;IE;OUI;-;Euronext;2026-08-04;A_VERIFIER;NON_DETERMINE;Fonds EEE sur indice non européen : vérifier la liste émetteur
IE000EOFR2K5;ISHActUSDBETFP;USDB;ETF;ETF Plus | Euronext Amsterdam - Multi-currency Trading;EUR;IE;OUI;-;Euronext;2026-08-04;A_VERIFIER;NON_DETERMINE;Fonds EEE sur indice non européen : vérifier la liste émetteur
IE000EPIJ442;UBSETFSOLGSMETFP;GSM;ETF;ETF Plus;EUR;IE;OUI;-;Euronext;2026-08-04;A_VERIFIER;NON_DETERMINE;Fonds EEE sur indice non européen : vérifier la liste émetteur
IE000EPX8KB7;GLOSTRETFP;SPQH;ETF;ETF Plus;EUR;IE;OUI;-;Euronext;2026-08-04;A_VERIFIER;NON_DETERMINE;Fonds EEE sur indice non européen : vérifier la liste émetteur
IE000EQGURT5;FRAETFSPSVITETFP;USIT;ETF;ETF Plus;EUR;IE;OUI;-;Euronext;2026-08-04;A_VERIFIER;NON_DETERMINE;Fonds EEE sur indice non européen : vérifier la liste émetteur
IE000F04HGE5;XTRActXFLNETFP;XFLN;ETF;ETF Plus;EUR;IE;OUI;-;Euronext;2026-08-04;A_VERIFIER;NON_DETERMINE;Fonds EEE sur indice non européen : vérifier la liste émetteur
IE000F215NJ2;M&GActMNGAETFP;MNGA;ETF;ETF Plus;EUR;IE;OUI;-;Euronext;2026-08-04;A_VERIFIER;NON_DETERMINE;Fonds EEE sur indice non européen : vérifier la liste émetteur
IE000F2IX674;SSGActSWSCETFP;SWSC;ETF;ETF Plus;EUR;IE;OUI;ESG ETF art. 8;Euronext;2026-08-04;A_VERIFIER;NON_DETERMINE;Fonds EEE sur indice non européen : vérifier la liste émetteur
IE000F354Q61;XTRETFNCUDWIETFP;XSWC;ETF;ETF Plus;EUR;IE;OUI;-;Euronext;2026-08-04;A_VERIFIER;NON_DETERMINE;Fonds EEE sur indice non européen : vérifier la liste émetteur
IE000F37PGZ3;VANETFI349EUETFP;V3RF;ETF;ETF Plus | Euronext Amsterdam, Paris;EUR;IE;OUI;ESG ETF art. 8;Euronext;2026-08-04;A_VERIFIER;NON_DETERMINE;Fonds EEE sur indice non européen : vérifier la liste émetteur
IE000F3AQVD2;InvETFMSTRUSETFP;OMNIS;ETF;ETF Plus;EUR;IE;OUI;-;Euronext;2026-08-04;A_VERIFIER;NON_DETERMINE;Fonds EEE sur indice non européen : vérifier la liste émetteur
IE000F4FFLL6;BLUETFUS500NXAMC;BSUH;ETF;Euronext Amsterdam - Multi-currency Trading;HUF;IE;OUI;-;Euronext;2026-08-04;A_VERIFIER;NON_DETERMINE;Fonds EEE sur indice non européen : vérifier la liste émetteur
IE000F60HVH9;AMUETFMXUSSCXPAR;USAS;ETF;Euronext Paris;EUR;IE;OUI;ESG ETF art. 8;Euronext;2026-08-04;A_VERIFIER;NON_DETERMINE;Fonds EEE sur indice non européen : vérifier la liste émetteur
IE000F6XDNZ5;ISHETFITPSIMETFP;ITPD;ETF;ETF Plus;EUR;IE;OUI;-;Euronext;2026-08-04;A_VERIFIER;NON_DETERMINE;Fonds EEE sur indice non européen : vérifier la liste émetteur
IE000F9AQNW6;WISETFWTVALUETFP;WTVU;ETF;ETF Plus;EUR;IE;OUI;ESG ETF art. 8;Euronext;2026-08-04;A_VERIFIER;NON_DETERMINE;Fonds EEE sur indice non européen : vérifier la liste émetteur
IE000F9IDGB5;ISHETFM1WOETFP;IWDS;ETF;ETF Plus | Euronext Paris | Euronext Amsterdam - Multi-currency Trading;EUR;IE;OUI;-;Euronext;2026-08-04;A_VERIFIER;NON_DETERMINE;Fonds EEE sur indice non européen : vérifier la liste émetteur
IE000FASRFS4;JPMActJMACETFP;JMAC;ETF;ETF Plus;EUR;IE;OUI;ESG ETF art. 8;Euronext;2026-08-04;A_VERIFIER;NON_DETERMINE;Fonds EEE sur indice non européen : vérifier la liste émetteur
IE000FCGBU62;AMUETFSPDSEMETFP;MATW;ETF;ETF Plus | Euronext Paris;EUR;IE;OUI;ESG ETF art. 8;Euronext;2026-08-04;A_VERIFIER;NON_DETERMINE;Fonds EEE sur indice non européen : vérifier la liste émetteur
IE000FDU4IY8;PIMActLDIGETFP;LDIG;ETF;ETF Plus;EUR;IE;OUI;ESG ETF art. 8;Euronext;2026-08-04;A_VERIFIER;NON_DETERMINE;Fonds EEE sur indice non européen : vérifier la liste émetteur
IE000FF2EBQ8;BNPETFEENGIMETFP;EENG;ETF;ETF Plus | Euronext Paris;EUR;IE;OUI;ESG ETF art. 8;Euronext;2026-08-04;A_VERIFIER;NON_DETERMINE;Fonds EEE sur indice non européen : vérifier la liste émetteur
IE000FG3UNB8;INVETFIBXXCAETFP;EATA;ETF;ETF Plus;EUR;IE;OUI;ESG ETF art. 8;Euronext;2026-08-04;NON;CLASSE_ACTIFS;Obligataire/monétaire/crypto/matières premières sans montage PEA
IE000FHBZDZ8;iSh Cr Glb Ag Bd;AGAC;ETF;Euronext Amsterdam - Multi-currency Trading;USD;IE;OUI;-;Euronext;2026-08-04;NON;CLASSE_ACTIFS;Obligataire/monétaire/crypto/matières premières sans montage PEA
IE000FMF9DG3;M&GActAAAMETFP;AAAM;ETF;ETF Plus;EUR;IE;OUI;-;Euronext;2026-08-04;A_VERIFIER;NON_DETERMINE;Fonds EEE sur indice non européen : vérifier la liste émetteur
IE000FO1A5D1;XTRETFXDEWIMETFP;XEQW;ETF;ETF Plus;EUR;IE;OUI;-;Euronext;2026-08-04;A_VERIFIER;NON_DETERMINE;Fonds EEE sur indice non européen : vérifier la liste émetteur
IE000FOSCLU1;MSCI EMU Prs-Alg D;MPAB;ETF;Euronext Amsterdam;EUR;IE;OUI;ESG ETF art. 9;Euronext;2026-08-04;PROBABLE;INDICE_EUROPEEN;Indice actions européen — quota 75 % actions UE respecté de fait
IE000FP52WM7;GLOETFDMATIMETFP;DMAT;ETF;ETF Plus;EUR;IE;OUI;-;Euronext;2026-08-04;A_VERIFIER;NON_DETERMINE;Fonds EEE sur indice non européen : vérifier la liste émetteur
IE000FRX67F3;GOLActGEVTETFP;GEVT;ETF;ETF Plus;EUR;IE;OUI;ESG ETF art. 8;Euronext;2026-08-04;NON;CLASSE_ACTIFS;Obligataire/monétaire/crypto/matières premières sans montage PEA
IE000FS24HM1;BLUETFFGLOIMXAMC;BSWH;ETF;Euronext Amsterdam - Multi-currency Trading;HUF;IE;OUI;-;Euronext;2026-08-04;A_VERIFIER;NON_DETERMINE;Fonds EEE sur indice non européen : vérifier la liste émetteur
IE000FSN19U2;AMUETFCSUSIMETFP;WEBH;ETF;ETF Plus;EUR;IE;OUI;-;Euronext;2026-08-04;A_VERIFIER;NON_DETERMINE;Fonds EEE sur indice non européen : vérifier la liste émetteur
IE000FVQW7E7;INVETFI38470ETFP;GCBE;ETF;ETF Plus;EUR;IE;OUI;ESG ETF art. 8;Euronext;2026-08-04;A_VERIFIER;NON_DETERMINE;Fonds EEE sur indice non européen : vérifier la liste émetteur
IE000FVYOWC4;HANActPTEUETFP;PTEU;ETF;ETF Plus;EUR;IE;OUI;-;Euronext;2026-08-04;A_VERIFIER;NON_DETERMINE;Fonds EEE sur indice non européen : vérifier la liste émetteur
IE000FW9A4J6;PLURIMA APUANO BON;PLAFBL;OPCVM;ATFund Instruments;EUR;IE;OUI;;Euronext;2026-08-04;A_VERIFIER;NON_DETERMINE;Fonds EEE sur indice non européen : vérifier la liste émetteur
IE000FXHG8D6;INVETFTRUDIMETFP;TRUD;ETF;ETF Plus;EUR;IE;OUI;-;Euronext;2026-08-04;A_VERIFIER;NON_DETERMINE;Fonds EEE sur indice non européen : vérifier la liste émetteur
IE000G0E83X3;ISHActIARTETFP;IART;ETF;ETF Plus | Euronext Amsterdam - Multi-currency Trading | Euronext Paris;EUR;IE;OUI;ESG ETF art. 8;Euronext;2026-08-04;A_VERIFIER;NON_DETERMINE;Fonds EEE sur indice non européen : vérifier la liste émetteur
IE000G2LIHG9;ISHETFSAUAIMETFP;SAUA;ETF;ETF Plus;EUR;IE;OUI;ESG ETF art. 8;Euronext;2026-08-04;A_VERIFIER;NON_DETERMINE;Fonds EEE sur indice non européen : vérifier la liste émetteur
IE000G4ONBO6;FIDETFSOLGOPETFP;FFGC;ETF;ETF Plus;EUR;IE;OUI;ESG ETF art. 8;Euronext;2026-08-04;A_VERIFIER;NON_DETERMINE;Fonds EEE sur indice non européen : vérifier la liste émetteur
IE000G6CY1T7;ISHETFI26UETFP;26TA;ETF;ETF Plus;EUR;IE;OUI;-;Euronext;2026-08-04;NON;CLASSE_ACTIFS;Obligataire/monétaire/crypto/matières premières sans montage PEA
IE000GA3D489;ARKActARKKETFP;ARKK;ETF;ETF Plus;EUR;IE;OUI;-;Euronext;2026-08-04;A_VERIFIER;NON_DETERMINE;Fonds EEE sur indice non européen : vérifier la liste émetteur
IE000GA7JQV8;AMUETFSOLGDCXPAR;DATAC;ETF;Euronext Paris;EUR;IE;OUI;-;Euronext;2026-08-04;A_VERIFIER;NON_DETERMINE;Fonds EEE sur indice non européen : vérifier la liste émetteur
IE000GB2EQ90;INVETFI38671ETFP;BS30;ETF;ETF Plus;EUR;IE;OUI;ESG ETF art. 8;Euronext;2026-08-04;A_VERIFIER;NON_DETERMINE;Fonds EEE sur indice non européen : vérifier la liste émetteur
IE000GBYNAU4;AXAETFICET25ETFP;ADLU;ETF;ETF Plus;EUR;IE;OUI;-;Euronext;2026-08-04;A_VERIFIER;NON_DETERMINE;Fonds EEE sur indice non européen : vérifier la liste émetteur
IE000GDU4WA8;HANActGOVEETFP;GOVE;ETF;ETF Plus;EUR;IE;OUI;-;Euronext;2026-08-04;NON;CLASSE_ACTIFS;Obligataire/monétaire/crypto/matières premières sans montage PEA
IE000GE2BEZ9;EU HgYd CoBd US H;HISD;ETF;Euronext Amsterdam - Multi-currency Trading;USD;IE;OUI;ESG ETF art. 8;Euronext;2026-08-04;NON;CLASSE_ACTIFS;Obligataire/monétaire/crypto/matières premières sans montage PEA
IE000GNOSM10;GOLETFMXWOPEETFP;GSPE;ETF;ETF Plus | Euronext Paris;EUR;IE;OUI;ESG ETF art. 8;Euronext;2026-08-04;A_VERIFIER;NON_DETERMINE;Fonds EEE sur indice non européen : vérifier la liste émetteur
IE000GOJO2A3;VANETFV3PLIMETFP;V3PA;ETF;ETF Plus | Euronext Amsterdam, Paris;EUR;IE;OUI;ESG ETF art. 8;Euronext;2026-08-04;A_VERIFIER;NON_DETERMINE;Fonds EEE sur indice non européen : vérifier la liste émetteur
IE000GSIFIB0;GLOETFSOLTBIETFP;CLIP;ETF;ETF Plus;EUR;IE;OUI;-;Euronext;2026-08-04;A_VERIFIER;NON_DETERMINE;Fonds EEE sur indice non européen : vérifier la liste émetteur
IE000GTBEXG4;VANETFRU2000ETFP;VRSA;ETF;ETF Plus | Euronext Amsterdam;EUR;IE;OUI;-;Euronext;2026-08-04;A_VERIFIER;NON_DETERMINE;Fonds EEE sur indice non européen : vérifier la liste émetteur
IE000GTJ2I49;ISHETF756294XAMS;JCTD;ETF;Euronext Amsterdam - Multi-currency Trading;USD;IE;OUI;ESG ETF art. 8;Euronext;2026-08-04;A_VERIFIER;NON_DETERMINE;Fonds EEE sur indice non européen : vérifier la liste émetteur
IE000GU6MFI0;VANETF1EUAITXAMS;VUDY;ETF;Euronext Amsterdam;EUR;IE;OUI;-;Euronext;2026-08-04;A_VERIFIER;NON_DETERMINE;Fonds EEE sur indice non européen : vérifier la liste émetteur
IE000GUIUCJ1;LG ETFNU7547ETFP;GEDI;ETF;ETF Plus;EUR;IE;OUI;ESG ETF art. 8;Euronext;2026-08-04;A_VERIFIER;NON_DETERMINE;Fonds EEE sur indice non européen : vérifier la liste émetteur
IE000GW790Q8;ISHACTCLORXPAR;CLOR;ETF;Euronext Paris - Multi-currency Trading;USD;IE;OUI;-;Euronext;2026-08-04;A_VERIFIER;NON_DETERMINE;Fonds EEE sur indice non européen : vérifier la liste émetteur
IE000H0TSO96;FRAACTSCORETFP;SCOR;ETF;ETF Plus;EUR;IE;OUI;ESG ETF art. 8;Euronext;2026-08-04;A_VERIFIER;NON_DETERMINE;Fonds EEE sur indice non européen : vérifier la liste émetteur
IE000H1H16W5;MSCI Wld Val USD A;IWVE;ETF;Euronext Amsterdam - Multi-currency Trading;USD;IE;OUI;ESG ETF art. 8;Euronext;2026-08-04;A_VERIFIER;NON_DETERMINE;Fonds EEE sur indice non européen : vérifier la liste émetteur
IE000H3AH951;UBSETFREITIMETFP;GREIT;ETF;ETF Plus;EUR;IE;OUI;ESG ETF art. 8;Euronext;2026-08-04;A_VERIFIER;NON_DETERMINE;Fonds EEE sur indice non européen : vérifier la liste émetteur
IE000H3Q3AF6;VANETF1EUAITETFP;VUDS;ETF;ETF Plus | Euronext Amsterdam;EUR;IE;OUI;-;Euronext;2026-08-04;A_VERIFIER;NON_DETERMINE;Fonds EEE sur indice non européen : vérifier la liste émetteur
IE000H444PH5;ISHETFSPY4IMXAMS;SP4S;ETF;Euronext Amsterdam - Multi-currency Trading;USD;IE;OUI;-;Euronext;2026-08-04;A_VERIFIER;NON_DETERMINE;Fonds EEE sur indice non européen : vérifier la liste émetteur
IE000H5X52W8;iSh iBd Dc27 E Dst;IBE7;ETF;Euronext Paris | ETF Plus;EUR;IE;OUI;ESG ETF art. 8;Euronext;2026-08-04;NON;CLASSE_ACTIFS;Obligataire/monétaire/crypto/matières premières sans montage PEA
IE000H92C4B8;ISHETFI38113ETFP;HYEP;ETF;ETF Plus;EUR;IE;OUI;ESG ETF art. 8;Euronext;2026-08-04;A_VERIFIER;NON_DETERMINE;Fonds EEE sur indice non européen : vérifier la liste émetteur
IE000HA0OM03;FAMETFMVMETVETFP;METAJ;ETF;ETF Plus;EUR;IE;OUI;ESG ETF art. 8;Euronext;2026-08-04;A_VERIFIER;NON_DETERMINE;Fonds EEE sur indice non européen : vérifier la liste émetteur
IE000HARFTG3;VANETFGOVSIMXAMS;VSGE;ETF;Euronext Amsterdam | ETF Plus;EUR;IE;OUI;-;Euronext;2026-08-04;A_VERIFIER;NON_DETERMINE;Fonds EEE sur indice non européen : vérifier la liste émetteur
IE000HDEYKM3;FIDActFYEIETFP;FYEI;ETF;ETF Plus;EUR;IE;OUI;ESG ETF art. 9;Euronext;2026-08-04;A_VERIFIER;NON_DETERMINE;Fonds EEE sur indice non européen : vérifier la liste émetteur
IE000HDPAH09;PIMActEUGOETFP;EUGO;ETF;ETF Plus;EUR;IE;OUI;ESG ETF art. 8;Euronext;2026-08-04;NON;CLASSE_ACTIFS;Obligataire/monétaire/crypto/matières premières sans montage PEA
IE000HEA19Q3;FAMActFORTEETFP;FORTE;ETF;ETF Plus;EUR;IE;OUI;-;Euronext;2026-08-04;A_VERIFIER;NON_DETERMINE;Fonds EEE sur indice non européen : vérifier la liste émetteur
IE000HF69TA9;HANActFEPIETFP;FEPI;ETF;ETF Plus;EUR;IE;OUI;-;Euronext;2026-08-04;A_VERIFIER;NON_DETERMINE;Fonds EEE sur indice non européen : vérifier la liste émetteur
IE000HGH8PV2;GLOStrSPBSAETFP;SPAH;ETF;ETF Plus;EUR;IE;OUI;-;Euronext;2026-08-04;A_VERIFIER;NON_DETERMINE;Fonds EEE sur indice non européen : vérifier la liste émetteur
IE000HH3SU50;MSCI E Prs-Alg D;EPAD;ETF;Euronext Amsterdam;EUR;IE;OUI;ESG ETF art. 9;Euronext;2026-08-04;PROBABLE;INDICE_EUROPEEN;Indice actions européen — quota 75 % actions UE respecté de fait
IE000HIHKYJ1;ISHETFSPXT2CXAMS;S2P0;ETF;Euronext Amsterdam - Multi-currency Trading;USD;IE;OUI;-;Euronext;2026-08-04;A_VERIFIER;NON_DETERMINE;Fonds EEE sur indice non européen : vérifier la liste émetteur
IE000HJ3ZIR8;BLUETFUS500NXAMS;BSUE;ETF;Euronext Amsterdam;EUR;IE;OUI;-;Euronext;2026-08-04;A_VERIFIER;NON_DETERMINE;Fonds EEE sur indice non européen : vérifier la liste émetteur
IE000HQY8R78;ISH GB AG BD US HD;AGGD;ETF;Euronext Amsterdam - Multi-currency Trading;USD;IE;OUI;ESG ETF art. 8;Euronext;2026-08-04;A_VERIFIER;NON_DETERMINE;Fonds EEE sur indice non européen : vérifier la liste émetteur
IE000HSER094;FRAETFMSUDESETFP;USDVD;ETF;ETF Plus;EUR;IE;OUI;-;Euronext;2026-08-04;A_VERIFIER;NON_DETERMINE;Fonds EEE sur indice non européen : vérifier la liste émetteur
IE000HT8JEW8;ISHETFDJJPSDXAMC;JPDV;ETF;Euronext Amsterdam - Multi-currency Trading;USD;IE;OUI;-;Euronext;2026-08-04;A_VERIFIER;NON_DETERMINE;Fonds EEE sur indice non européen : vérifier la liste émetteur
IE000HY30YW6;XTRETFSP500ETFP;X500;ETF;ETF Plus;EUR;IE;OUI;-;Euronext;2026-08-04;A_VERIFIER;NON_DETERMINE;Fonds EEE sur indice non européen : vérifier la liste émetteur
IE000HYFO765;GOLActGQUSETFP;GQUS;ETF;ETF Plus | Euronext Paris;EUR;IE;OUI;ESG ETF art. 8;Euronext;2026-08-04;NON;CLASSE_ACTIFS;Obligataire/monétaire/crypto/matières premières sans montage PEA
IE000I0U8OO3;ISHETFLGTRTRXAMS;IGBD;ETF;Euronext Amsterdam - Multi-currency Trading;USD;IE;OUI;-;Euronext;2026-08-04;A_VERIFIER;NON_DETERMINE;Fonds EEE sur indice non européen : vérifier la liste émetteur
IE000I1D7D10;iBds D27 Term $ Ac;DI27;ETF;Euronext Paris;EUR;IE;OUI;ESG ETF art. 8;Euronext;2026-08-04;NON;CLASSE_ACTIFS;Obligataire/monétaire/crypto/matières premières sans montage PEA
IE000I1Q42S9;ISHETFI37984XAMC;BD27;ETF;Euronext Amsterdam - Multi-currency Trading;USD;IE;OUI;-;Euronext;2026-08-04;A_VERIFIER;NON_DETERMINE;Fonds EEE sur indice non européen : vérifier la liste émetteur
IE000I4R3252;ISHETFSEST85XPAR;EPEA;ETF;Euronext Paris;EUR;IE;OUI;-;Euronext;2026-08-04;OUI;NOM_PEA;Marquage « PEA » dans le nom émetteur
IE000I5NV504;HSBC MSCI USA IS;HIUS;ETF;Euronext Paris;EUR;IE;OUI;ESG ETF art. 8;Euronext;2026-08-04;A_VERIFIER;NON_DETERMINE;Fonds EEE sur indice non européen : vérifier la liste émetteur
IE000I660ZF8;ISHETFI38743ETFP;IG32;ETF;ETF Plus | Euronext Amsterdam;EUR;IE;OUI;ESG ETF art. 8;Euronext;2026-08-04;A_VERIFIER;NON_DETERMINE;Fonds EEE sur indice non européen : vérifier la liste émetteur
IE000I7E6HL0;HANETFARMYNETFP;ARMI;ETF;ETF Plus | Euronext Paris;EUR;IE;OUI;ESG ETF art. 8;Euronext;2026-08-04;A_VERIFIER;NON_DETERMINE;Fonds EEE sur indice non européen : vérifier la liste émetteur
IE000I8IKC59;INVETFPAJPIMETFP;PAJP;ETF;ETF Plus;EUR;IE;OUI;ESG ETF art. 8;Euronext;2026-08-04;A_VERIFIER;NON_DETERMINE;Fonds EEE sur indice non européen : vérifier la liste émetteur
IE000I8KRLL9;iS Glo Semi Acc;SEME;ETF;Euronext Paris | ETF Plus | Euronext Amsterdam - Multi-currency Trading;EUR;IE;OUI;ESG ETF art. 8;Euronext;2026-08-04;A_VERIFIER;NON_DETERMINE;Fonds EEE sur indice non européen : vérifier la liste émetteur
IE000I93LGG9;FAMActHEDGYETFP;HEDGY;ETF;ETF Plus;EUR;IE;OUI;-;Euronext;2026-08-04;A_VERIFIER;NON_DETERMINE;Fonds EEE sur indice non européen : vérifier la liste émetteur
IE000I9HGDZ3;XTRETFXDWYIMETFP;XWSC;ETF;ETF Plus;EUR;IE;OUI;ESG ETF art. 8;Euronext;2026-08-04;A_VERIFIER;NON_DETERMINE;Fonds EEE sur indice non européen : vérifier la liste émetteur
IE000IAPH329;AXA US HY ACC;AHYU;ETF;Euronext Paris - Multi-currency Trading | ETF Plus;USD;IE;OUI;ESG ETF art. 8;Euronext;2026-08-04;A_VERIFIER;NON_DETERMINE;Fonds EEE sur indice non européen : vérifier la liste émetteur
IE000IAXNM41;ISHETFSWEUTDXAMS;DFEU;ETF;Euronext Amsterdam;EUR;IE;OUI;-;Euronext;2026-08-04;PROBABLE;INDICE_EUROPEEN;Indice actions européen — quota 75 % actions UE respecté de fait
IE000IDLWOL4;XTRETFSEQESGETFP;XEWE;ETF;ETF Plus;EUR;IE;OUI;ESG ETF art. 8;Euronext;2026-08-04;A_VERIFIER;NON_DETERMINE;Fonds EEE sur indice non européen : vérifier la liste émetteur
IE000IEGVMH6;AMUETFFUSAIMETFP;ETFUSA;ETF;ETF Plus;EUR;IE;OUI;-;Euronext;2026-08-04;A_VERIFIER;NON_DETERMINE;Fonds EEE sur indice non européen : vérifier la liste émetteur
IE000IEOQSJ3;JPMActJEHYETFP;JEHY;ETF;ETF Plus;EUR;IE;OUI;ESG ETF art. 8;Euronext;2026-08-04;NON;CLASSE_ACTIFS;Obligataire/monétaire/crypto/matières premières sans montage PEA
IE000IF0HTJ9;FIDETFETFP;FGGB;ETF;ETF Plus;EUR;IE;OUI;ESG ETF art. 8;Euronext;2026-08-04;A_VERIFIER;NON_DETERMINE;Fonds EEE sur indice non européen : vérifier la liste émetteur
IE000IHURBR0;ISHETFI38444ETFP;29GI;ETF;ETF Plus | Euronext Paris;EUR;IE;OUI;ESG ETF art. 8;Euronext;2026-08-04;A_VERIFIER;NON_DETERMINE;Fonds EEE sur indice non européen : vérifier la liste émetteur
IE000IIED424;Os Blm US (Eur);OP7E;ETF;Euronext Paris;EUR;IE;OUI;ESG ETF art. 9;Euronext;2026-08-04;A_VERIFIER;NON_DETERMINE;Fonds EEE sur indice non européen : vérifier la liste émetteur
IE000IIHLZL0;LG ETFBCCFBTETFP;COMN;ETF;ETF Plus;EUR;IE;OUI;-;Euronext;2026-08-04;A_VERIFIER;NON_DETERMINE;Fonds EEE sur indice non européen : vérifier la liste émetteur
IE000IKMJDQ6;ISHETFXDEWIMXAMS;EWSD;ETF;Euronext Amsterdam - Multi-currency Trading;USD;IE;OUI;-;Euronext;2026-08-04;A_VERIFIER;NON_DETERMINE;Fonds EEE sur indice non européen : vérifier la liste émetteur
IE000IL7PZ05;PCR COWZ UCITS ETF;COWZ;ETF;Euronext Amsterdam - Multi-currency Trading;USD;IE;OUI;-;Euronext;2026-08-04;NON;CLASSE_ACTIFS;Obligataire/monétaire/crypto/matières premières sans montage PEA
IE000IM4K4K2;FRAETFFLRAIVXPAR;METE;ETF;Euronext Paris | ETF Plus;EUR;IE;OUI;-;Euronext;2026-08-04;A_VERIFIER;NON_DETERMINE;Fonds EEE sur indice non européen : vérifier la liste émetteur
IE000IMGE5W5;FRAETFFLXDIMETFP;DIVA;ETF;ETF Plus | Euronext Paris;EUR;IE;OUI;-;Euronext;2026-08-04;A_VERIFIER;NON_DETERMINE;Fonds EEE sur indice non européen : vérifier la liste émetteur
IE000INTB8Q8;ISHActMAXMETFP;MAXM;ETF;ETF Plus | Euronext Amsterdam - Multi-currency Trading;EUR;IE;OUI;-;Euronext;2026-08-04;A_VERIFIER;NON_DETERMINE;Fonds EEE sur indice non européen : vérifier la liste émetteur
IE000IP0UC52;AMUETFHE7322XPAR;USAL;ETF;Euronext Paris;EUR;IE;OUI;ESG ETF art. 8;Euronext;2026-08-04;A_VERIFIER;NON_DETERMINE;Fonds EEE sur indice non européen : vérifier la liste émetteur
IE000IQQEL77;HANETFNSCOPEETFP;COPR;ETF;ETF Plus;EUR;IE;OUI;ESG ETF art. 8;Euronext;2026-08-04;A_VERIFIER;NON_DETERMINE;Fonds EEE sur indice non européen : vérifier la liste émetteur
IE000IVQPCG4;OSSETFDMPABNXPAR;OP9E;ETF;Euronext Paris;EUR;IE;OUI;ESG ETF art. 9;Euronext;2026-08-04;A_VERIFIER;NON_DETERMINE;Fonds EEE sur indice non européen : vérifier la liste émetteur
IE000IY9QFN9;FIDActFFLCETFP;FFLC;ETF;ETF Plus;EUR;IE;OUI;ESG ETF art. 8;Euronext;2026-08-04;A_VERIFIER;NON_DETERMINE;Fonds EEE sur indice non européen : vérifier la liste émetteur
IE000J0JU6M8;ISHETFI40425XAMC;36ID;ETF;Euronext Amsterdam - Multi-currency Trading;USD;IE;OUI;ESG ETF art. 8;Euronext;2026-08-04;A_VERIFIER;NON_DETERMINE;Fonds EEE sur indice non européen : vérifier la liste émetteur
IE000J0LN0R5;AMUETFSPDSEEETFP;ENERW;ETF;ETF Plus | Euronext Paris;EUR;IE;OUI;ESG ETF art. 8;Euronext;2026-08-04;A_VERIFIER;NON_DETERMINE;Fonds EEE sur indice non européen : vérifier la liste émetteur
IE000J3F4J90;HSBCJAPNSUSUSDDIST;HSJA;ETF;Euronext Paris;EUR;IE;OUI;ESG ETF art. 8;Euronext;2026-08-04;A_VERIFIER;NON_DETERMINE;Fonds EEE sur indice non européen : vérifier la liste émetteur
IE000J4FE268;AXAActACPIETFP;ACPI;ETF;ETF Plus;EUR;IE;OUI;ESG ETF art. 8;Euronext;2026-08-04;A_VERIFIER;NON_DETERMINE;Fonds EEE sur indice non européen : vérifier la liste émetteur
IE000J5PESP7;FIRETFBNUKESETFP;RCTR;ETF;ETF Plus;EUR;IE;OUI;-;Euronext;2026-08-04;A_VERIFIER;NON_DETERMINE;Fonds EEE sur indice non européen : vérifier la liste émetteur
IE000J6CHW80;VANETFH0CFETFP;USFA;ETF;ETF Plus | Euronext Paris;EUR;IE;OUI;-;Euronext;2026-08-04;A_VERIFIER;NON_DETERMINE;Fonds EEE sur indice non européen : vérifier la liste émetteur
IE000J7AY5Y3;VANETFRU1GN3ETFP;VRGU;ETF;ETF Plus | Euronext Amsterdam;EUR;IE;OUI;-;Euronext;2026-08-04;A_VERIFIER;NON_DETERMINE;Fonds EEE sur indice non européen : vérifier la liste émetteur
IE000J80JTL1;FIRETFGRIDIMETFP;GRID;ETF;ETF Plus;EUR;IE;OUI;-;Euronext;2026-08-04;A_VERIFIER;NON_DETERMINE;Fonds EEE sur indice non européen : vérifier la liste émetteur
IE000J8VOMQ9;FAMETFMVAITRETFP;AI4UJ;ETF;ETF Plus;EUR;IE;OUI;ESG ETF art. 8;Euronext;2026-08-04;A_VERIFIER;NON_DETERMINE;Fonds EEE sur indice non européen : vérifier la liste émetteur
IE000J8Z5N74;ISHETFLGTRTRXAMS;IGBG;ETF;Euronext Amsterdam - Multi-currency Trading;USD;IE;OUI;-;Euronext;2026-08-04;NON;CLASSE_ACTIFS;Obligataire/monétaire/crypto/matières premières sans montage PEA
IE000JBB8CR7;AXA EUR IG ACC;AIPE;ETF;Euronext Paris | ETF Plus;EUR;IE;OUI;ESG ETF art. 8;Euronext;2026-08-04;A_VERIFIER;NON_DETERMINE;Fonds EEE sur indice non européen : vérifier la liste émetteur
IE000JBZXFH0;PicActPQWDETFP;PQWD;ETF;ETF Plus;EUR;IE;OUI;ESG ETF art. 8;Euronext;2026-08-04;A_VERIFIER;NON_DETERMINE;Fonds EEE sur indice non européen : vérifier la liste émetteur
IE000JCGTOP1;Os Blm US (HGD);OP7H;ETF;Euronext Paris;EUR;IE;OUI;ESG ETF art. 9;Euronext;2026-08-04;A_VERIFIER;NON_DETERMINE;Fonds EEE sur indice non européen : vérifier la liste émetteur
IE000JCW3DZ3;GLOETFMASHLDETFP;ARMR;ETF;ETF Plus;EUR;IE;OUI;-;Euronext;2026-08-04;A_VERIFIER;NON_DETERMINE;Fonds EEE sur indice non européen : vérifier la liste émetteur
IE000JEHORH6;ISHETFLUICTRXAMS;ICEH;ETF;Euronext Amsterdam;EUR;IE;OUI;-;Euronext;2026-08-04;A_VERIFIER;NON_DETERMINE;Fonds EEE sur indice non européen : vérifier la liste émetteur
IE000JEXZJT1;FIDActFBIEETFP;FBIE;ETF;ETF Plus;EUR;IE;OUI;ESG ETF art. 8;Euronext;2026-08-04;A_VERIFIER;NON_DETERMINE;Fonds EEE sur indice non européen : vérifier la liste émetteur
IE000JF2FLH9;FAMActHEDGJETFP;HEDGJ;ETF;ETF Plus;EUR;IE;OUI;-;Euronext;2026-08-04;A_VERIFIER;NON_DETERMINE;Fonds EEE sur indice non européen : vérifier la liste émetteur
IE000JHMFVN7;ISHETFI28UETFP;28IA;ETF;ETF Plus;EUR;IE;OUI;-;Euronext;2026-08-04;NON;CLASSE_ACTIFS;Obligataire/monétaire/crypto/matières premières sans montage PEA
IE000JHYO4T6;UBSETFJPEIMETFP;JPE;ETF;ETF Plus;EUR;IE;OUI;ESG ETF art. 9;Euronext;2026-08-04;A_VERIFIER;NON_DETERMINE;Fonds EEE sur indice non européen : vérifier la liste émetteur
IE000JIPY1U8;JPMActHEQQETFP;HEQQ;ETF;ETF Plus;EUR;IE;OUI;-;Euronext;2026-08-04;A_VERIFIER;NON_DETERMINE;Fonds EEE sur indice non européen : vérifier la liste émetteur
IE000JJMOWY0;ROBAct3DCGETFP;3DCG;ETF;ETF Plus;EUR;IE;OUI;ESG ETF art. 8;Euronext;2026-08-04;A_VERIFIER;NON_DETERMINE;Fonds EEE sur indice non européen : vérifier la liste émetteur
IE000JJPY166;ISHActYCSHETFP;YCSH;ETF;ETF Plus | Euronext Amsterdam;EUR;IE;OUI;ESG ETF art. 8;Euronext;2026-08-04;NON;CLASSE_ACTIFS;Obligataire/monétaire/crypto/matières premières sans montage PEA
IE000JMMZAP4;LG ETFNU7547ETFP;GEDE;ETF;ETF Plus;EUR;IE;OUI;ESG ETF art. 8;Euronext;2026-08-04;A_VERIFIER;NON_DETERMINE;Fonds EEE sur indice non européen : vérifier la liste émetteur
IE000JNHCBM6;GLOETFWNDYIMETFP;WNDY;ETF;ETF Plus;EUR;IE;OUI;ESG ETF art. 8;Euronext;2026-08-04;A_VERIFIER;NON_DETERMINE;Fonds EEE sur indice non européen : vérifier la liste émetteur
IE000JNKVS10;JP ETFBBSCIMETFP;BBSC;ETF;ETF Plus;EUR;IE;OUI;-;Euronext;2026-08-04;A_VERIFIER;NON_DETERMINE;Fonds EEE sur indice non européen : vérifier la liste émetteur
IE000JQ1PF28;FRAETFSUSM10ETFP;UH100;ETF;ETF Plus;EUR;IE;OUI;-;Euronext;2026-08-04;A_VERIFIER;NON_DETERMINE;Fonds EEE sur indice non européen : vérifier la liste émetteur
IE000JQ2IJD3;UBSETFSPHDVAETFP;SPDA;ETF;ETF Plus;EUR;IE;OUI;ESG ETF art. 8;Euronext;2026-08-04;A_VERIFIER;NON_DETERMINE;Fonds EEE sur indice non européen : vérifier la liste émetteur
IE000JR51TI1;VANETFVDTAIMETFP;VDTD;ETF;ETF Plus;EUR;IE;OUI;-;Euronext;2026-08-04;NON;CLASSE_ACTIFS;Obligataire/monétaire/crypto/matières premières sans montage PEA
IE000JS0HUM5;HORActINFEAXAMS;INFEA;ETF;Euronext Amsterdam;EUR;IE;OUI;-;Euronext;2026-08-04;A_VERIFIER;NON_DETERMINE;Fonds EEE sur indice non européen : vérifier la liste émetteur
IE000JS4ANL9;JPMActJGOVETFP;JGOV;ETF;ETF Plus;EUR;IE;OUI;ESG ETF art. 8;Euronext;2026-08-04;A_VERIFIER;NON_DETERMINE;Fonds EEE sur indice non européen : vérifier la liste émetteur
IE000JUREXG2;JPMActJEUGETFP;JEUG;ETF;ETF Plus;EUR;IE;OUI;ESG ETF art. 8;Euronext;2026-08-04;NON;CLASSE_ACTIFS;Obligataire/monétaire/crypto/matières premières sans montage PEA
IE000JXFRNI0;ISH $ TIPS 0-5 USD;TI5A;ETF;Euronext Amsterdam - Multi-currency Trading;USD;IE;OUI;-;Euronext;2026-08-04;A_VERIFIER;NON_DETERMINE;Fonds EEE sur indice non européen : vérifier la liste émetteur
IE000JZ473P7;HSBETFSP500ETFP;HSPA;ETF;ETF Plus;EUR;IE;OUI;-;Euronext;2026-08-04;A_VERIFIER;NON_DETERMINE;Fonds EEE sur indice non européen : vérifier la liste émetteur
IE000JZYIUN0;XTRETF7RNWCEETFP;XDG7;ETF;ETF Plus;EUR;IE;OUI;ESG ETF art. 8;Euronext;2026-08-04;A_VERIFIER;NON_DETERMINE;Fonds EEE sur indice non européen : vérifier la liste émetteur
IE000K1P4V37;Am MSCI W SRI PAB;WESE;ETF;Euronext Paris | ETF Plus;EUR;IE;OUI;ESG ETF art. 8;Euronext;2026-08-04;A_VERIFIER;NON_DETERMINE;Fonds EEE sur indice non européen : vérifier la liste émetteur
IE000K22VCJ6;SSGETFI00058ETFP;TRAX;ETF;ETF Plus;EUR;IE;OUI;-;Euronext;2026-08-04;A_VERIFIER;NON_DETERMINE;Fonds EEE sur indice non européen : vérifier la liste émetteur
IE000K3YPA16;KRAETFKWEBIMETFP;KWEH;ETF;ETF Plus;EUR;IE;OUI;-;Euronext;2026-08-04;A_VERIFIER;NON_DETERMINE;Fonds EEE sur indice non européen : vérifier la liste émetteur
IE000K48NTA1;BNPACTAWDSRXPAR;AWDSR;ETF;Euronext Paris;EUR;IE;OUI;ESG ETF art. 8;Euronext;2026-08-04;A_VERIFIER;NON_DETERMINE;Fonds EEE sur indice non européen : vérifier la liste émetteur
IE000K5F6EL4;FIRETFNQDVRIXAMS;RDVY;ETF;Euronext Amsterdam - Multi-currency Trading;USD;IE;OUI;-;Euronext;2026-08-04;A_VERIFIER;NON_DETERMINE;Fonds EEE sur indice non européen : vérifier la liste émetteur
IE000K5XQD29;BLUETFTFEUIMXAMC;BEEC;ETF;Euronext Amsterdam - Multi-currency Trading;CZK;IE;OUI;-;Euronext;2026-08-04;A_VERIFIER;NON_DETERMINE;Fonds EEE sur indice non européen : vérifier la liste émetteur
IE000K7PC2G4;VANETFSCDEUNXAMS;VESD;ETF;Euronext Amsterdam;EUR;IE;OUI;-;Euronext;2026-08-04;A_VERIFIER;NON_DETERMINE;Fonds EEE sur indice non européen : vérifier la liste émetteur
IE000K9Z3SF5;INVETFC300IMETFP;C300;ETF;ETF Plus;EUR;IE;OUI;-;Euronext;2026-08-04;A_VERIFIER;NON_DETERMINE;Fonds EEE sur indice non européen : vérifier la liste émetteur
IE000KB8X7I9;ISHETFHYLDIMXAMS;HYLH;ETF;Euronext Amsterdam - Multi-currency Trading;USD;IE;OUI;-;Euronext;2026-08-04;NON;CLASSE_ACTIFS;Obligataire/monétaire/crypto/matières premières sans montage PEA
IE000KCS7J59;HSBCMSCIEMUSDACC;HEMA;ETF;Euronext Paris | ETF Plus;EUR;IE;OUI;-;Euronext;2026-08-04;A_VERIFIER;NON_DETERMINE;Fonds EEE sur indice non européen : vérifier la liste émetteur
IE000KD0BZ68;XTRETFXGENIMETFP;XGEN;ETF;ETF Plus;EUR;IE;OUI;ESG ETF art. 8;Euronext;2026-08-04;A_VERIFIER;NON_DETERMINE;Fonds EEE sur indice non européen : vérifier la liste émetteur
IE000KDY10O3;HANETFMETRIMETFP;GIJO;ETF;ETF Plus | Euronext Paris;EUR;IE;OUI;ESG ETF art. 8;Euronext;2026-08-04;A_VERIFIER;NON_DETERMINE;Fonds EEE sur indice non européen : vérifier la liste émetteur
IE000KEFZYE7;GOLActGQEMETFP;GQEM;ETF;ETF Plus | Euronext Paris;EUR;IE;OUI;ESG ETF art. 8;Euronext;2026-08-04;NON;CLASSE_ACTIFS;Obligataire/monétaire/crypto/matières premières sans montage PEA
IE000KF370H3;WISETFWUSEFFETFP;NTSX;ETF;ETF Plus;EUR;IE;OUI;ESG ETF art. 8;Euronext;2026-08-04;A_VERIFIER;NON_DETERMINE;Fonds EEE sur indice non européen : vérifier la liste émetteur
IE000KG7KXI7;FRAETFSPSVFNETFP;USFIN;ETF;ETF Plus;EUR;IE;OUI;-;Euronext;2026-08-04;A_VERIFIER;NON_DETERMINE;Fonds EEE sur indice non européen : vérifier la liste émetteur
IE000KHX9DX6;WISETFWTMRARETFP;RARE;ETF;ETF Plus | Euronext Paris;EUR;IE;OUI;ESG ETF art. 8;Euronext;2026-08-04;A_VERIFIER;NON_DETERMINE;Fonds EEE sur indice non européen : vérifier la liste émetteur
IE000KJPDY61;ISH WD EQ HINC DIS;WINC;ETF;Euronext Amsterdam - Multi-currency Trading;USD;IE;OUI;ESG ETF art. 8;Euronext;2026-08-04;A_VERIFIER;NON_DETERMINE;Fonds EEE sur indice non européen : vérifier la liste émetteur
IE000KL4O2Z8;HSBActHQIWETFP;HQIW;ETF;ETF Plus;EUR;IE;OUI;-;Euronext;2026-08-04;A_VERIFIER;NON_DETERMINE;Fonds EEE sur indice non européen : vérifier la liste émetteur
IE000KLC2EN9;WISETFWTGDEFETFP;WDGF;ETF;ETF Plus | Euronext Paris;EUR;IE;OUI;-;Euronext;2026-08-04;A_VERIFIER;NON_DETERMINE;Fonds EEE sur indice non européen : vérifier la liste émetteur
IE000KPJJWM6;VANETFV3MLIMETFP;V3MA;ETF;ETF Plus | Euronext Amsterdam, Paris;EUR;IE;OUI;ESG ETF art. 8;Euronext;2026-08-04;A_VERIFIER;NON_DETERMINE;Fonds EEE sur indice non européen : vérifier la liste émetteur
IE000KR2IEH1;PIMActSPLUETFP;SPLU;ETF;ETF Plus;EUR;IE;OUI;-;Euronext;2026-08-04;A_VERIFIER;NON_DETERMINE;Fonds EEE sur indice non européen : vérifier la liste émetteur
IE000KXCEXR3;AMUETFSPXESAETFP;S500;ETF;ETF Plus | Euronext Paris | Euronext Amsterdam - Multi-currency Trading;EUR;IE;OUI;ESG ETF art. 8;Euronext;2026-08-04;A_VERIFIER;NON_DETERMINE;Fonds EEE sur indice non européen : vérifier la liste émetteur
IE000KYX7IP4;AMUETFSPDSEFXPAR;GLFI;ETF;Euronext Paris;EUR;IE;OUI;ESG ETF art. 8;Euronext;2026-08-04;A_VERIFIER;NON_DETERMINE;Fonds EEE sur indice non européen : vérifier la liste émetteur
IE000L0X6L81;GOLETFSOLESGETFP;GSGR;ETF;ETF Plus;EUR;IE;OUI;ESG ETF art. 9;Euronext;2026-08-04;NON;CLASSE_ACTIFS;Obligataire/monétaire/crypto/matières premières sans montage PEA
IE000L2SA8K5;INVETFNETRNNETFP;IEWQ;ETF;ETF Plus;EUR;IE;OUI;-;Euronext;2026-08-04;A_VERIFIER;NON_DETERMINE;Fonds EEE sur indice non européen : vérifier la liste émetteur
IE000L2TO2T2;ISHETFSUOEIMETFP;SUA0;ETF;ETF Plus;EUR;IE;OUI;ESG ETF art. 8;Euronext;2026-08-04;A_VERIFIER;NON_DETERMINE;Fonds EEE sur indice non européen : vérifier la liste émetteur
IE000L2ZNB07;VANETFV3NAIMETFP;V3NL;ETF;ETF Plus | Euronext Amsterdam, Paris;EUR;IE;OUI;ESG ETF art. 8;Euronext;2026-08-04;A_VERIFIER;NON_DETERMINE;Fonds EEE sur indice non européen : vérifier la liste émetteur
IE000L4EH2K5;INVETFSPDKLEETFP;WDHE;ETF;ETF Plus;EUR;IE;OUI;ESG ETF art. 8;Euronext;2026-08-04;A_VERIFIER;NON_DETERMINE;Fonds EEE sur indice non européen : vérifier la liste émetteur
IE000L5NW549;MSCI Wld Mom USD A;IWME;ETF;Euronext Amsterdam - Multi-currency Trading;USD;IE;OUI;ESG ETF art. 8;Euronext;2026-08-04;A_VERIFIER;NON_DETERMINE;Fonds EEE sur indice non européen : vérifier la liste émetteur
IE000L6ZMMC4;XTRETFCSUSIMETFP;ALLW;ETF;ETF Plus;EUR;IE;OUI;-;Euronext;2026-08-04;A_VERIFIER;NON_DETERMINE;Fonds EEE sur indice non européen : vérifier la liste émetteur
IE000LAP5Z18;AMUETFSPXELSETFP;WELE;ETF;ETF Plus;EUR;IE;OUI;ESG ETF art. 8;Euronext;2026-08-04;A_VERIFIER;NON_DETERMINE;Fonds EEE sur indice non européen : vérifier la liste émetteur
IE000LAUZQT6;XTRETFNU7520ETFP;XWEV;ETF;ETF Plus;EUR;IE;OUI;ESG ETF art. 8;Euronext;2026-08-04;A_VERIFIER;NON_DETERMINE;Fonds EEE sur indice non européen : vérifier la liste émetteur
IE000LCKJ888;WISETFWTPAIUETFP;WPAI;ETF;ETF Plus | Euronext Paris;EUR;IE;OUI;-;Euronext;2026-08-04;A_VERIFIER;NON_DETERMINE;Fonds EEE sur indice non européen : vérifier la liste émetteur
IE000LETV955;ISHETFI38734XAMS;33ID;ETF;Euronext Amsterdam - Multi-currency Trading;USD;IE;OUI;-;Euronext;2026-08-04;NON;CLASSE_ACTIFS;Obligataire/monétaire/crypto/matières premières sans montage PEA
IE000LG8P349;UTI ISB UCITS ETF;UIGB;ETF;Euronext Amsterdam - Multi-currency Trading | ETF Plus;USD;IE;OUI;-;Euronext;2026-08-04;A_VERIFIER;NON_DETERMINE;Fonds EEE sur indice non européen : vérifier la liste émetteur
IE000LGWDNE5;INVETFKGAIESETFP;IVAI;ETF;ETF Plus;EUR;IE;OUI;ESG ETF art. 8;Euronext;2026-08-04;A_VERIFIER;NON_DETERMINE;Fonds EEE sur indice non européen : vérifier la liste émetteur
IE000LIYGB49;BNPACTAUSSRXPAR;AUSSR;ETF;Euronext Paris;EUR;IE;OUI;ESG ETF art. 8;Euronext;2026-08-04;A_VERIFIER;NON_DETERMINE;Fonds EEE sur indice non européen : vérifier la liste émetteur
IE000LKGEZQ6;INVETFI38681ETFP;BE28;ETF;ETF Plus;EUR;IE;OUI;ESG ETF art. 8;Euronext;2026-08-04;A_VERIFIER;NON_DETERMINE;Fonds EEE sur indice non européen : vérifier la liste émetteur
IE000LSRKCB4;GLOSTRETFP;SPQB;ETF;ETF Plus;EUR;IE;OUI;-;Euronext;2026-08-04;A_VERIFIER;NON_DETERMINE;Fonds EEE sur indice non européen : vérifier la liste émetteur
IE000LST78X7;ALLActAZUQETFP;AZUQ;ETF;ETF Plus;EUR;IE;OUI;-;Euronext;2026-08-04;A_VERIFIER;NON_DETERMINE;Fonds EEE sur indice non européen : vérifier la liste émetteur
IE000LTA2082;AMUETFSPDSEIETFP;INDGW;ETF;ETF Plus | Euronext Paris;EUR;IE;OUI;ESG ETF art. 8;Euronext;2026-08-04;A_VERIFIER;NON_DETERMINE;Fonds EEE sur indice non européen : vérifier la liste émetteur
IE000LUZJNI7;INVETFM7EUEWETFP;MEEQ;ETF;ETF Plus;EUR;IE;OUI;-;Euronext;2026-08-04;PROBABLE;INDICE_EUROPEEN;Indice actions européen — quota 75 % actions UE respecté de fait
IE000LW5CCQ4;ROBActRHYGETFP;RHYG;ETF;ETF Plus;EUR;IE;OUI;-;Euronext;2026-08-04;A_VERIFIER;NON_DETERMINE;Fonds EEE sur indice non européen : vérifier la liste émetteur
IE000LX17BP9;ISHETFI38443ETFP;30IG;ETF;ETF Plus | Euronext Paris;EUR;IE;OUI;ESG ETF art. 8;Euronext;2026-08-04;A_VERIFIER;NON_DETERMINE;Fonds EEE sur indice non européen : vérifier la liste émetteur
IE000LYBU7X5;HSBETFHWVLIMETFP;HWVL;ETF;ETF Plus;EUR;IE;OUI;ESG ETF art. 8;Euronext;2026-08-04;A_VERIFIER;NON_DETERMINE;Fonds EEE sur indice non européen : vérifier la liste émetteur
IE000LZ7BZW8;ISHETFI26UETFP;26TP;ETF;ETF Plus | Euronext Paris;EUR;IE;OUI;-;Euronext;2026-08-04;A_VERIFIER;NON_DETERMINE;Fonds EEE sur indice non européen : vérifier la liste émetteur
IE000LZI2UH4;JPMActJPHYETFP;JPHY;ETF;ETF Plus;EUR;IE;OUI;ESG ETF art. 8;Euronext;2026-08-04;NON;CLASSE_ACTIFS;Obligataire/monétaire/crypto/matières premières sans montage PEA
IE000M02BVY5;GOLActEUHYETFP;EUHY;ETF;ETF Plus;EUR;IE;OUI;ESG ETF art. 8;Euronext;2026-08-04;NON;CLASSE_ACTIFS;Obligataire/monétaire/crypto/matières premières sans montage PEA
IE000M284BG0;INVActEUTAETFP;EUTA;ETF;ETF Plus;EUR;IE;OUI;ESG ETF art. 8;Euronext;2026-08-04;NON;CLASSE_ACTIFS;Obligataire/monétaire/crypto/matières premières sans montage PEA
IE000M46QA27;BNPETFCSUSIMXPAR;BIGUS;ETF;Euronext Paris;EUR;IE;OUI;-;Euronext;2026-08-04;A_VERIFIER;NON_DETERMINE;Fonds EEE sur indice non européen : vérifier la liste émetteur
IE000M6STPW4;VANETF1EUAITETFP;VUDP;ETF;ETF Plus | Euronext Amsterdam;EUR;IE;OUI;-;Euronext;2026-08-04;A_VERIFIER;NON_DETERMINE;Fonds EEE sur indice non européen : vérifier la liste émetteur
IE000M7V94E1;VANETFMVNLRTETFP;NUCL;ETF;ETF Plus | Euronext Paris;EUR;IE;OUI;-;Euronext;2026-08-04;NON;CLASSE_ACTIFS;Obligataire/monétaire/crypto/matières premières sans montage PEA
IE000M86QRT4;AMUETFSPXXEHXPAR;MWOQ;ETF;Euronext Paris;EUR;IE;OUI;ESG ETF art. 8;Euronext;2026-08-04;A_VERIFIER;NON_DETERMINE;Fonds EEE sur indice non européen : vérifier la liste émetteur
IE000M8F3JA6;XTRActXGLAETFP;XGLA;ETF;ETF Plus;EUR;IE;OUI;-;Euronext;2026-08-04;A_VERIFIER;NON_DETERMINE;Fonds EEE sur indice non européen : vérifier la liste émetteur
IE000MCVFK47;XTRETFXGBEIMETFP;XGBE;ETF;ETF Plus;EUR;IE;OUI;ESG ETF art. 9;Euronext;2026-08-04;NON;CLASSE_ACTIFS;Obligataire/monétaire/crypto/matières premières sans montage PEA
IE000MELAE65;ISHETFNU7476ETFP;WENE;ETF;ETF Plus | Euronext Amsterdam - Multi-currency Trading;EUR;IE;OUI;ESG ETF art. 8;Euronext;2026-08-04;A_VERIFIER;NON_DETERMINE;Fonds EEE sur indice non européen : vérifier la liste émetteur
IE000MGAVJV3;ISHETF756292XAMS;UCTA;ETF;Euronext Amsterdam - Multi-currency Trading;USD;IE;OUI;ESG ETF art. 8;Euronext;2026-08-04;A_VERIFIER;NON_DETERMINE;Fonds EEE sur indice non européen : vérifier la liste émetteur
IE000MINO564;L&GETFEMD5IMETFP;EMGH;ETF;ETF Plus;EUR;IE;OUI;ESG ETF art. 8;Euronext;2026-08-04;A_VERIFIER;NON_DETERMINE;Fonds EEE sur indice non européen : vérifier la liste émetteur
IE000MKIH0W7;FIDETFFIDUSQETFP;FUSV;ETF;ETF Plus;EUR;IE;OUI;ESG ETF art. 8;Euronext;2026-08-04;A_VERIFIER;NON_DETERMINE;Fonds EEE sur indice non européen : vérifier la liste émetteur
IE000MLMNYS0;ISH S&P EQ WGHT US;EWSP;ETF;Euronext Amsterdam - Multi-currency Trading | ETF Plus | Euronext Paris;USD;IE;OUI;-;Euronext;2026-08-04;A_VERIFIER;NON_DETERMINE;Fonds EEE sur indice non européen : vérifier la liste émetteur
IE000MMRLY96;HANActYMAGETFP;YMAG;ETF;ETF Plus;EUR;IE;OUI;-;Euronext;2026-08-04;A_VERIFIER;NON_DETERMINE;Fonds EEE sur indice non européen : vérifier la liste émetteur
IE000MO2MB07;WISETFWTREIMETFP;WTRE;ETF;ETF Plus;EUR;IE;OUI;ESG ETF art. 8;Euronext;2026-08-04;A_VERIFIER;NON_DETERMINE;Fonds EEE sur indice non européen : vérifier la liste émetteur
IE000MQ5XEW1;LG ETFBCC4C4ETFP;XAGZ;ETF;ETF Plus;EUR;IE;OUI;-;Euronext;2026-08-04;A_VERIFIER;NON_DETERMINE;Fonds EEE sur indice non européen : vérifier la liste émetteur
IE000MRIQ479;LG ETFGDXDGQETFP;LDGA;ETF;ETF Plus;EUR;IE;OUI;ESG ETF art. 8;Euronext;2026-08-04;A_VERIFIER;NON_DETERMINE;Fonds EEE sur indice non européen : vérifier la liste émetteur
IE000MS76E73;PicActPQWXETFP;PQWX;ETF;ETF Plus;EUR;IE;OUI;ESG ETF art. 8;Euronext;2026-08-04;A_VERIFIER;NON_DETERMINE;Fonds EEE sur indice non européen : vérifier la liste émetteur
IE000MTYM4K8;JPMActJGAEETFP;JGAE;ETF;ETF Plus;EUR;IE;OUI;ESG ETF art. 8;Euronext;2026-08-04;A_VERIFIER;NON_DETERMINE;Fonds EEE sur indice non européen : vérifier la liste émetteur
IE000MU0FDZ8;LG ETFSPTRN1ETFP;SP1;ETF;ETF Plus;EUR;IE;OUI;-;Euronext;2026-08-04;A_VERIFIER;NON_DETERMINE;Fonds EEE sur indice non européen : vérifier la liste émetteur
IE000MUAJIF4;INVACTECMDETFP;ECMD;ETF;ETF Plus;EUR;IE;OUI;ESG ETF art. 8;Euronext;2026-08-04;NON;CLASSE_ACTIFS;Obligataire/monétaire/crypto/matières premières sans montage PEA
IE000MVWFDH1;JPMActJMAGETFP;JMAG;ETF;ETF Plus;EUR;IE;OUI;ESG ETF art. 8;Euronext;2026-08-04;A_VERIFIER;NON_DETERMINE;Fonds EEE sur indice non européen : vérifier la liste émetteur
IE000MW6GT38;ISHETF756294XAMS;JCTA;ETF;Euronext Amsterdam - Multi-currency Trading;USD;IE;OUI;ESG ETF art. 8;Euronext;2026-08-04;A_VERIFIER;NON_DETERMINE;Fonds EEE sur indice non européen : vérifier la liste émetteur
IE000MWUQBJ0;HSBETFEUS50ETFP;H50A;ETF;ETF Plus;EUR;IE;OUI;-;Euronext;2026-08-04;PROBABLE;INDICE_EUROPEEN;Indice actions européen — quota 75 % actions UE respecté de fait
IE000MYCJA42;AMUETFNRAMIMETFP;NRAM;ETF;ETF Plus | Euronext Paris | Euronext Amsterdam - Multi-currency Trading;EUR;IE;OUI;ESG ETF art. 8;Euronext;2026-08-04;A_VERIFIER;NON_DETERMINE;Fonds EEE sur indice non européen : vérifier la liste émetteur
IE000MZFIJ99;UBSETFNU7541ETFP;INDE;ETF;ETF Plus;EUR;IE;OUI;ESG ETF art. 8;Euronext;2026-08-04;A_VERIFIER;NON_DETERMINE;Fonds EEE sur indice non européen : vérifier la liste émetteur
IE000N0TTJQ9;AXA USD IG ACC;AIPU;ETF;Euronext Paris - Multi-currency Trading | ETF Plus;USD;IE;OUI;ESG ETF art. 8;Euronext;2026-08-04;A_VERIFIER;NON_DETERMINE;Fonds EEE sur indice non européen : vérifier la liste émetteur
IE000N1ZEIG9;INVETFSPXCBPETFP;SCTB;ETF;ETF Plus;EUR;IE;OUI;ESG ETF art. 8;Euronext;2026-08-04;A_VERIFIER;NON_DETERMINE;Fonds EEE sur indice non européen : vérifier la liste émetteur
IE000N3TZN02;AXAActASHUETFP;ASHU;ETF;ETF Plus;EUR;IE;OUI;ESG ETF art. 8;Euronext;2026-08-04;A_VERIFIER;NON_DETERMINE;Fonds EEE sur indice non européen : vérifier la liste émetteur
IE000N42HDP2;INVACTLVLCETFP;LVLC;ETF;ETF Plus;EUR;IE;OUI;ESG ETF art. 8;Euronext;2026-08-04;A_VERIFIER;NON_DETERMINE;Fonds EEE sur indice non européen : vérifier la liste émetteur
IE000N4E8XZ6;ISHETFI40153XAMS;29IU;ETF;Euronext Amsterdam - Multi-currency Trading;USD;IE;OUI;ESG ETF art. 8;Euronext;2026-08-04;NON;CLASSE_ACTIFS;Obligataire/monétaire/crypto/matières premières sans montage PEA
IE000N6I8IU2;JPMActJEQAETFP;JEQA;ETF;ETF Plus;EUR;IE;OUI;-;Euronext;2026-08-04;A_VERIFIER;NON_DETERMINE;Fonds EEE sur indice non européen : vérifier la liste émetteur
IE000N70F6V6;UBSETFCI2IMETFP;INDIA;ETF;ETF Plus;EUR;IE;OUI;-;Euronext;2026-08-04;A_VERIFIER;NON_DETERMINE;Fonds EEE sur indice non européen : vérifier la liste émetteur
IE000N7ES011;BLUETFFGLOIMXAMS;BSWE;ETF;Euronext Amsterdam;EUR;IE;OUI;-;Euronext;2026-08-04;A_VERIFIER;NON_DETERMINE;Fonds EEE sur indice non européen : vérifier la liste émetteur
IE000N852182;iSCB0-5USD Hdgd D;IS16;ETF;Euronext Amsterdam - Multi-currency Trading;USD;IE;OUI;-;Euronext;2026-08-04;NON;CLASSE_ACTIFS;Obligataire/monétaire/crypto/matières premières sans montage PEA
IE000NBRE3P7;ISHETFIBXXEUETFP;EUES;ETF;ETF Plus;EUR;IE;OUI;ESG ETF art. 8;Euronext;2026-08-04;A_VERIFIER;NON_DETERMINE;Fonds EEE sur indice non européen : vérifier la liste émetteur
IE000NDWFGA5;GLOETFURNUIMETFP;URNU;ETF;ETF Plus;EUR;IE;OUI;-;Euronext;2026-08-04;NON;CLASSE_ACTIFS;Obligataire/monétaire/crypto/matières premières sans montage PEA
IE000NFR7C63;iS China T Acc;CTEC;ETF;Euronext Amsterdam - Multi-currency Trading;USD;IE;OUI;ESG ETF art. 8;Euronext;2026-08-04;A_VERIFIER;NON_DETERMINE;Fonds EEE sur indice non européen : vérifier la liste émetteur
IE000NHAIBN0;ISHActIFLXETFP;IFLX;ETF;ETF Plus | Euronext Amsterdam;EUR;IE;OUI;ESG ETF art. 8;Euronext;2026-08-04;A_VERIFIER;NON_DETERMINE;Fonds EEE sur indice non européen : vérifier la liste émetteur
IE000NITTFF2;iSh Rusl 1000 Gr A;R1GR;ETF;Euronext Amsterdam - Multi-currency Trading;USD;IE;OUI;-;Euronext;2026-08-04;A_VERIFIER;NON_DETERMINE;Fonds EEE sur indice non européen : vérifier la liste émetteur
IE000NKC01D0;INVETFLGTRTRETFP;GGBD;ETF;ETF Plus;EUR;IE;OUI;-;Euronext;2026-08-04;A_VERIFIER;NON_DETERMINE;Fonds EEE sur indice non européen : vérifier la liste émetteur
IE000NL12KM9;ISHActUSHBXAMS;USHB;ETF;Euronext Amsterdam;EUR;IE;OUI;-;Euronext;2026-08-04;NON;CLASSE_ACTIFS;Obligataire/monétaire/crypto/matières premières sans montage PEA
IE000NM0ALX6;AMUETFSPDSEDETFP;DISW;ETF;ETF Plus | Euronext Paris;EUR;IE;OUI;ESG ETF art. 8;Euronext;2026-08-04;A_VERIFIER;NON_DETERMINE;Fonds EEE sur indice non européen : vérifier la liste émetteur
IE000NPK2VI6;FAMETFMSFFIMETFP;FAMSFF;ETF;ETF Plus;EUR;IE;OUI;ESG ETF art. 8;Euronext;2026-08-04;A_VERIFIER;NON_DETERMINE;Fonds EEE sur indice non européen : vérifier la liste émetteur
IE000NRGX9M3;VANETFV3EAIMETFP;V3EL;ETF;ETF Plus | Euronext Amsterdam, Paris;EUR;IE;OUI;ESG ETF art. 8;Euronext;2026-08-04;A_VERIFIER;NON_DETERMINE;Fonds EEE sur indice non européen : vérifier la liste émetteur
IE000NS5HRY9;XTRETFNU7533ETFP;XZDW;ETF;ETF Plus;EUR;IE;OUI;ESG ETF art. 8;Euronext;2026-08-04;A_VERIFIER;NON_DETERMINE;Fonds EEE sur indice non européen : vérifier la liste émetteur
IE000NXF88S1;VANETFMVKO10ETFP;OIH;ETF;ETF Plus | Euronext Paris;EUR;IE;OUI;-;Euronext;2026-08-04;NON;CLASSE_ACTIFS;Obligataire/monétaire/crypto/matières premières sans montage PEA
IE000NZURBQ4;ALLActAZGQETFP;AZGQ;ETF;ETF Plus;EUR;IE;OUI;-;Euronext;2026-08-04;A_VERIFIER;NON_DETERMINE;Fonds EEE sur indice non européen : vérifier la liste émetteur
IE000O1FWAW6;ISHETFI40143ETFP;IG35;ETF;ETF Plus | Euronext Paris;EUR;IE;OUI;ESG ETF art. 8;Euronext;2026-08-04;A_VERIFIER;NON_DETERMINE;Fonds EEE sur indice non européen : vérifier la liste émetteur
IE000O2G7VL0;FAMETFMEUSIMETFP;FAMEUS;ETF;ETF Plus;EUR;IE;OUI;ESG ETF art. 8;Euronext;2026-08-04;A_VERIFIER;NON_DETERMINE;Fonds EEE sur indice non européen : vérifier la liste émetteur
IE000O2QIHN4;AXAActAGYUETFP;AGYU;ETF;ETF Plus;EUR;IE;OUI;ESG ETF art. 8;Euronext;2026-08-04;A_VERIFIER;NON_DETERMINE;Fonds EEE sur indice non européen : vérifier la liste émetteur
IE000O359D06;FAMETFM1WDHDETFP;HIDIJ;ETF;ETF Plus;EUR;IE;OUI;-;Euronext;2026-08-04;A_VERIFIER;NON_DETERMINE;Fonds EEE sur indice non européen : vérifier la liste émetteur
IE000O36LOH8;INVETFI38674ETFP;BS26;ETF;ETF Plus;EUR;IE;OUI;ESG ETF art. 8;Euronext;2026-08-04;A_VERIFIER;NON_DETERMINE;Fonds EEE sur indice non européen : vérifier la liste émetteur
IE000O50THD5;ISHActTHRWXAMC;THRW;ETF;Euronext Amsterdam - Multi-currency Trading;USD;IE;OUI;ESG ETF art. 8;Euronext;2026-08-04;A_VERIFIER;NON_DETERMINE;Fonds EEE sur indice non européen : vérifier la liste émetteur
IE000O58J820;VANETFV3NAIMETFP;V3NA;ETF;ETF Plus | Euronext Amsterdam, Paris;EUR;IE;OUI;ESG ETF art. 8;Euronext;2026-08-04;A_VERIFIER;NON_DETERMINE;Fonds EEE sur indice non européen : vérifier la liste émetteur
IE000O5FBC47;AmSP500 NetZero;PABU;ETF;Euronext Paris | ETF Plus;EUR;IE;OUI;ESG ETF art. 8;Euronext;2026-08-04;A_VERIFIER;NON_DETERMINE;Fonds EEE sur indice non européen : vérifier la liste émetteur
IE000O5M6XO1;ARKActARKGETFP;ARKG;ETF;ETF Plus;EUR;IE;OUI;-;Euronext;2026-08-04;A_VERIFIER;NON_DETERMINE;Fonds EEE sur indice non européen : vérifier la liste émetteur
IE000O6GI299;GOLActGIGXXPAR;GIGX;ETF;Euronext Paris;EUR;IE;OUI;ESG ETF art. 8;Euronext;2026-08-04;NON;CLASSE_ACTIFS;Obligataire/monétaire/crypto/matières premières sans montage PEA
IE000O6Z73N7;KRAETFKOIDTRETFP;KOID;ETF;ETF Plus;EUR;IE;OUI;-;Euronext;2026-08-04;A_VERIFIER;NON_DETERMINE;Fonds EEE sur indice non européen : vérifier la liste émetteur
IE000O7Q2E56;XTRETFVWCEIMETFP;WIRE;ETF;ETF Plus;EUR;IE;OUI;-;Euronext;2026-08-04;A_VERIFIER;NON_DETERMINE;Fonds EEE sur indice non européen : vérifier la liste émetteur
IE000O8KMPM1;WISETFWDNAIMETFP;WDNA;ETF;ETF Plus;EUR;IE;OUI;ESG ETF art. 8;Euronext;2026-08-04;A_VERIFIER;NON_DETERMINE;Fonds EEE sur indice non européen : vérifier la liste émetteur
IE000O8S1EX4;JPMACTTEMPETFP;TEMP;ETF;ETF Plus;EUR;IE;OUI;ESG ETF art. 9;Euronext;2026-08-04;A_VERIFIER;NON_DETERMINE;Fonds EEE sur indice non européen : vérifier la liste émetteur
IE000OBK3UE0;HANActFEGIETFP;FEGI;ETF;ETF Plus;EUR;IE;OUI;-;Euronext;2026-08-04;A_VERIFIER;NON_DETERMINE;Fonds EEE sur indice non européen : vérifier la liste émetteur
IE000OEF25S1;INVETFM1WOEWETFP;MWEQ;ETF;ETF Plus;EUR;IE;OUI;-;Euronext;2026-08-04;A_VERIFIER;NON_DETERMINE;Fonds EEE sur indice non européen : vérifier la liste émetteur
IE000OHEH5Y9;INVActIQGEETFP;IQGE;ETF;ETF Plus;EUR;IE;OUI;-;Euronext;2026-08-04;A_VERIFIER;NON_DETERMINE;Fonds EEE sur indice non européen : vérifier la liste émetteur
IE000OHHIBC6;iSh Cor MSCI Wd US;IWDD;ETF;Euronext Amsterdam - Multi-currency Trading;USD;IE;OUI;-;Euronext;2026-08-04;A_VERIFIER;NON_DETERMINE;Fonds EEE sur indice non européen : vérifier la liste émetteur
IE000OHXGWO8;ROBActRGSCETFP;RGSC;ETF;ETF Plus;EUR;IE;OUI;ESG ETF art. 8;Euronext;2026-08-04;A_VERIFIER;NON_DETERMINE;Fonds EEE sur indice non européen : vérifier la liste émetteur
IE000OJ31JQ4;FIRActGNOVETFP;GNOV;ETF;ETF Plus;EUR;IE;OUI;-;Euronext;2026-08-04;A_VERIFIER;NON_DETERMINE;Fonds EEE sur indice non européen : vérifier la liste émetteur
IE000OJ5TQP4;HANETFNATONTETFP;NATO;ETF;ETF Plus | Euronext Paris;EUR;IE;OUI;-;Euronext;2026-08-04;A_VERIFIER;NON_DETERMINE;Fonds EEE sur indice non européen : vérifier la liste émetteur
IE000OKVTDF7;IS USVAL ESG $A;IUVE;ETF;Euronext Amsterdam - Multi-currency Trading;USD;IE;OUI;ESG ETF art. 8;Euronext;2026-08-04;A_VERIFIER;NON_DETERMINE;Fonds EEE sur indice non européen : vérifier la liste émetteur
IE000OLIUP21;ISHActJAEEXAMC;JAEE;ETF;Euronext Amsterdam - Multi-currency Trading;USD;IE;OUI;ESG ETF art. 8;Euronext;2026-08-04;A_VERIFIER;NON_DETERMINE;Fonds EEE sur indice non européen : vérifier la liste émetteur
IE000ON9GR24;ISHActMAXSETFP;MAXS;ETF;ETF Plus | Euronext Amsterdam - Multi-currency Trading;EUR;IE;OUI;-;Euronext;2026-08-04;A_VERIFIER;NON_DETERMINE;Fonds EEE sur indice non européen : vérifier la liste émetteur
IE000OPODKS3;ISHETFCSUSIMXAMS;MSUD;ETF;Euronext Amsterdam - Multi-currency Trading;USD;IE;OUI;-;Euronext;2026-08-04;A_VERIFIER;NON_DETERMINE;Fonds EEE sur indice non européen : vérifier la liste émetteur
IE000OQGOX00;HANActGRNYETFP;GRNY;ETF;ETF Plus;EUR;IE;OUI;-;Euronext;2026-08-04;A_VERIFIER;NON_DETERMINE;Fonds EEE sur indice non européen : vérifier la liste émetteur
IE000OULL4R4;UBSETFCSUSIMETFP;CMXUS;ETF;ETF Plus;EUR;IE;OUI;-;Euronext;2026-08-04;A_VERIFIER;NON_DETERMINE;Fonds EEE sur indice non européen : vérifier la liste émetteur
IE000OV4XWA3;WISETFWTNTSZETFP;NTSZ;ETF;ETF Plus | Euronext Paris;EUR;IE;OUI;ESG ETF art. 8;Euronext;2026-08-04;A_VERIFIER;NON_DETERMINE;Fonds EEE sur indice non européen : vérifier la liste émetteur
IE000OVF8Q66;ISHActEMEEETFP;EMEE;ETF;ETF Plus | Euronext Amsterdam - Multi-currency Trading;EUR;IE;OUI;ESG ETF art. 8;Euronext;2026-08-04;A_VERIFIER;NON_DETERMINE;Fonds EEE sur indice non européen : vérifier la liste émetteur
IE000OY7BDY9;ISHETFINAAIMXAMC;NOAM;ETF;Euronext Amsterdam - Multi-currency Trading;USD;IE;OUI;-;Euronext;2026-08-04;A_VERIFIER;NON_DETERMINE;Fonds EEE sur indice non européen : vérifier la liste émetteur
IE000OYABFQ2;ISHETFRU20INETFP;RU2E;ETF;ETF Plus;EUR;IE;OUI;-;Euronext;2026-08-04;A_VERIFIER;NON_DETERMINE;Fonds EEE sur indice non européen : vérifier la liste émetteur
IE000P0AMD16;AXAActASLUETFP;ASLU;ETF;ETF Plus;EUR;IE;OUI;ESG ETF art. 8;Euronext;2026-08-04;A_VERIFIER;NON_DETERMINE;Fonds EEE sur indice non européen : vérifier la liste émetteur
IE000P0FL8E3;FIRActGMAYETFP;GMAY;ETF;ETF Plus;EUR;IE;OUI;-;Euronext;2026-08-04;A_VERIFIER;NON_DETERMINE;Fonds EEE sur indice non européen : vérifier la liste émetteur
IE000P0R7WK6;FRAACTGSOVETFP;GSOV;ETF;ETF Plus;EUR;IE;OUI;ESG ETF art. 9;Euronext;2026-08-04;A_VERIFIER;NON_DETERMINE;Fonds EEE sur indice non européen : vérifier la liste émetteur
IE000P16KP52;FT CBR EUR HDG;CBEU;ETF;Euronext Amsterdam;EUR;IE;OUI;-;Euronext;2026-08-04;A_VERIFIER;NON_DETERMINE;Fonds EEE sur indice non européen : vérifier la liste émetteur
IE000P1G9TM6;HANActMCTETFP;MCT;ETF;ETF Plus;EUR;IE;OUI;-;Euronext;2026-08-04;A_VERIFIER;NON_DETERMINE;Fonds EEE sur indice non européen : vérifier la liste émetteur
IE000P1IQS65;ISHActWOEHETFP;WOEH;ETF;ETF Plus;EUR;IE;OUI;ESG ETF art. 8;Euronext;2026-08-04;A_VERIFIER;NON_DETERMINE;Fonds EEE sur indice non européen : vérifier la liste émetteur
IE000P2CI9P3;ISHETFSXEDOMXAMS;EURP;ETF;Euronext Amsterdam;EUR;IE;OUI;-;Euronext;2026-08-04;PROBABLE;INDICE_EUROPEEN;Indice actions européen — quota 75 % actions UE respecté de fait
IE000P3D0W60;WISETFWTRENEETFP;WRNW;ETF;ETF Plus;EUR;IE;OUI;ESG ETF art. 9;Euronext;2026-08-04;A_VERIFIER;NON_DETERMINE;Fonds EEE sur indice non européen : vérifier la liste émetteur
IE000PA766T7;INVACTECMSETFP;ECMS;ETF;ETF Plus;EUR;IE;OUI;ESG ETF art. 8;Euronext;2026-08-04;NON;CLASSE_ACTIFS;Obligataire/monétaire/crypto/matières premières sans montage PEA
IE000PAW6X57;BLUETFUST100XAMS;BSTE;ETF;Euronext Amsterdam;EUR;IE;OUI;-;Euronext;2026-08-04;A_VERIFIER;NON_DETERMINE;Fonds EEE sur indice non européen : vérifier la liste émetteur
IE000PB4LRO2;AmMSCIWorld ESG;CLWD;ETF;Euronext Paris | ETF Plus;EUR;IE;OUI;ESG ETF art. 8;Euronext;2026-08-04;A_VERIFIER;NON_DETERMINE;Fonds EEE sur indice non européen : vérifier la liste émetteur
IE000PBKBK34;ISHETFGTBSXAMS;US03;ETF;Euronext Amsterdam - Multi-currency Trading;USD;IE;OUI;-;Euronext;2026-08-04;NON;CLASSE_ACTIFS;Obligataire/monétaire/crypto/matières premières sans montage PEA
IE000PCF9772;SSGETFH00054ETFP;TREY;ETF;ETF Plus;EUR;IE;OUI;-;Euronext;2026-08-04;NON;CLASSE_ACTIFS;Obligataire/monétaire/crypto/matières premières sans montage PEA
IE000PDUVTF3;XTRETFAWXUSNETFP;XIUS;ETF;ETF Plus;EUR;IE;OUI;-;Euronext;2026-08-04;A_VERIFIER;NON_DETERMINE;Fonds EEE sur indice non européen : vérifier la liste émetteur
IE000PEAJOT0;AMUETFGUSAIMETFP;ESGUSA;ETF;ETF Plus | Euronext Paris - Multi-currency Trading;EUR;IE;OUI;ESG ETF art. 8;Euronext;2026-08-04;A_VERIFIER;NON_DETERMINE;Fonds EEE sur indice non européen : vérifier la liste émetteur
IE000PEYL7P5;FRAETFSPSVCDETFP;USDIS;ETF;ETF Plus;EUR;IE;OUI;-;Euronext;2026-08-04;A_VERIFIER;NON_DETERMINE;Fonds EEE sur indice non européen : vérifier la liste émetteur
IE000PHR51Q6;ISHActEMMEXAMS;EMME;ETF;Euronext Amsterdam - Multi-currency Trading;USD;IE;OUI;-;Euronext;2026-08-04;A_VERIFIER;NON_DETERMINE;Fonds EEE sur indice non européen : vérifier la liste émetteur
IE000PJL7R74;INVETFPAEMIMETFP;PAEM;ETF;ETF Plus;EUR;IE;OUI;ESG ETF art. 8;Euronext;2026-08-04;A_VERIFIER;NON_DETERMINE;Fonds EEE sur indice non européen : vérifier la liste émetteur
IE000PKN5N58;INVActICLOETFP;ICLO;ETF;ETF Plus;EUR;IE;OUI;-;Euronext;2026-08-04;A_VERIFIER;NON_DETERMINE;Fonds EEE sur indice non européen : vérifier la liste émetteur
IE000PL3UFC3;ISHETFFENGLCXAMS;GRET;ETF;Euronext Amsterdam - Multi-currency Trading;USD;IE;OUI;ESG ETF art. 8;Euronext;2026-08-04;A_VERIFIER;NON_DETERMINE;Fonds EEE sur indice non européen : vérifier la liste émetteur
IE000PMX0MW6;AMUETFSPDSEUETFP;UTIW;ETF;ETF Plus;EUR;IE;OUI;ESG ETF art. 8;Euronext;2026-08-04;A_VERIFIER;NON_DETERMINE;Fonds EEE sur indice non européen : vérifier la liste émetteur
IE000PN3F926;FAMETFMVCETTETFP;EMOVE;ETF;ETF Plus;EUR;IE;OUI;ESG ETF art. 8;Euronext;2026-08-04;A_VERIFIER;NON_DETERMINE;Fonds EEE sur indice non européen : vérifier la liste émetteur
IE000PNL0242;FIDActFFSMETFP;FFSM;ETF;ETF Plus;EUR;IE;OUI;ESG ETF art. 8;Euronext;2026-08-04;A_VERIFIER;NON_DETERMINE;Fonds EEE sur indice non européen : vérifier la liste émetteur
IE000PPEL1I4;INVACTLINXBETFP;LINXB;ETF;ETF Plus;EUR;IE;OUI;-;Euronext;2026-08-04;A_VERIFIER;NON_DETERMINE;Fonds EEE sur indice non européen : vérifier la liste émetteur
IE000PQQLZM7;JPMACTJAGEETFP;JAGE;ETF;ETF Plus;EUR;IE;OUI;ESG ETF art. 8;Euronext;2026-08-04;NON;CLASSE_ACTIFS;Obligataire/monétaire/crypto/matières premières sans montage PEA
IE000PS0J481;GLOETFMAEUIDETFP;BRIJ;ETF;ETF Plus;EUR;IE;OUI;-;Euronext;2026-08-04;A_VERIFIER;NON_DETERMINE;Fonds EEE sur indice non européen : vérifier la liste émetteur
IE000PSF3A70;XTRETFSIMPATETFP;XDGI;ETF;ETF Plus;EUR;IE;OUI;ESG ETF art. 8;Euronext;2026-08-04;A_VERIFIER;NON_DETERMINE;Fonds EEE sur indice non européen : vérifier la liste émetteur
IE000PTMIE90;ISHETFSWEBRXAMC;BLDR;ETF;Euronext Amsterdam - Multi-currency Trading | Euronext Paris;USD;IE;OUI;-;Euronext;2026-08-04;PROBABLE;INDICE_EUROPEEN;Indice actions européen — quota 75 % actions UE respecté de fait
IE000PUAKZP8;ROBAct3DCEETFP;3DCE;ETF;ETF Plus;EUR;IE;OUI;ESG ETF art. 8;Euronext;2026-08-04;A_VERIFIER;NON_DETERMINE;Fonds EEE sur indice non européen : vérifier la liste émetteur
IE000PY7F8J9;ARKETFFXBYLUETFP;VITU;ETF;ETF Plus;EUR;IE;OUI;ESG ETF art. 9;Euronext;2026-08-04;A_VERIFIER;NON_DETERMINE;Fonds EEE sur indice non européen : vérifier la liste émetteur
IE000PZW9KB1;FAMETFM1WDHDETFP;HIDIV;ETF;ETF Plus;EUR;IE;OUI;-;Euronext;2026-08-04;A_VERIFIER;NON_DETERMINE;Fonds EEE sur indice non européen : vérifier la liste émetteur
IE000Q0CAPZ0;WISETFWTGDHYETFP;WDIV;ETF;ETF Plus;EUR;IE;OUI;ESG ETF art. 8;Euronext;2026-08-04;A_VERIFIER;NON_DETERMINE;Fonds EEE sur indice non européen : vérifier la liste émetteur
IE000Q0IU5T1;INVETFMSUSKLETFP;WDTE;ETF;ETF Plus;EUR;IE;OUI;ESG ETF art. 8;Euronext;2026-08-04;A_VERIFIER;NON_DETERMINE;Fonds EEE sur indice non européen : vérifier la liste émetteur
IE000Q1M7HB8;WISETFWTTRUEETFP;WEM;ETF;ETF Plus | Euronext Paris;EUR;IE;OUI;-;Euronext;2026-08-04;A_VERIFIER;NON_DETERMINE;Fonds EEE sur indice non européen : vérifier la liste émetteur
IE000Q2EQ5K8;ISHETFI28UETFP;28IY;ETF;ETF Plus | Euronext Paris;EUR;IE;OUI;-;Euronext;2026-08-04;NON;CLASSE_ACTIFS;Obligataire/monétaire/crypto/matières premières sans montage PEA
IE000Q4EBR54;SSGETFSPMESLXAMS;400X;ETF;Euronext Amsterdam - Multi-currency Trading;USD;IE;OUI;-;Euronext;2026-08-04;A_VERIFIER;NON_DETERMINE;Fonds EEE sur indice non européen : vérifier la liste émetteur
IE000Q4J3CW6;VANETFAWNT07ETFP;VEZU;ETF;ETF Plus | Euronext Amsterdam;EUR;IE;OUI;-;Euronext;2026-08-04;A_VERIFIER;NON_DETERMINE;Fonds EEE sur indice non européen : vérifier la liste émetteur
IE000Q6C8036;BNPP SP500 ESG EUH;SPEUH;ETF;Euronext Paris;EUR;IE;OUI;ESG ETF art. 8;Euronext;2026-08-04;A_VERIFIER;NON_DETERMINE;Fonds EEE sur indice non européen : vérifier la liste émetteur
IE000Q7NR6I3;iSCB0-5USD Hdgd A;IS17;ETF;Euronext Amsterdam - Multi-currency Trading;USD;IE;OUI;-;Euronext;2026-08-04;NON;CLASSE_ACTIFS;Obligataire/monétaire/crypto/matières premières sans montage PEA
IE000Q8F0M81;FIRETFGHHONETFP;H2O;ETF;ETF Plus | Euronext Amsterdam - Multi-currency Trading;EUR;IE;OUI;ESG ETF art. 8;Euronext;2026-08-04;A_VERIFIER;NON_DETERMINE;Fonds EEE sur indice non européen : vérifier la liste émetteur
IE000Q8N7WY1;ROBAct3DGLETFP;3DGL;ETF;ETF Plus;EUR;IE;OUI;ESG ETF art. 8;Euronext;2026-08-04;A_VERIFIER;NON_DETERMINE;Fonds EEE sur indice non européen : vérifier la liste émetteur
IE000Q9IHH10;ISHActEUCLETFP;EUCL;ETF;ETF Plus;EUR;IE;OUI;ESG ETF art. 8;Euronext;2026-08-04;A_VERIFIER;NON_DETERMINE;Fonds EEE sur indice non européen : vérifier la liste émetteur
IE000Q9W2IR3;ISHETFSTXAIAETFP;AIAA;ETF;ETF Plus | Euronext Amsterdam - Multi-currency Trading | Euronext Paris;EUR;IE;OUI;ESG ETF art. 8;Euronext;2026-08-04;A_VERIFIER;NON_DETERMINE;Fonds EEE sur indice non européen : vérifier la liste émetteur
IE000QADMYA3;VANETFI349EUETFP;V3RE;ETF;ETF Plus | Euronext Amsterdam, Paris;EUR;IE;OUI;ESG ETF art. 8;Euronext;2026-08-04;A_VERIFIER;NON_DETERMINE;Fonds EEE sur indice non européen : vérifier la liste émetteur
IE000QB5HJC8;SSGETFI00054ETFP;TRAY;ETF;ETF Plus;EUR;IE;OUI;-;Euronext;2026-08-04;A_VERIFIER;NON_DETERMINE;Fonds EEE sur indice non européen : vérifier la liste émetteur
IE000QCDDND5;FAMETFMVJPNQETFP;JPMQ;ETF;ETF Plus;EUR;IE;OUI;ESG ETF art. 8;Euronext;2026-08-04;A_VERIFIER;NON_DETERMINE;Fonds EEE sur indice non européen : vérifier la liste émetteur
IE000QDFFK00;AXAETFNA100TETFP;ANAU;ETF;ETF Plus | Euronext Paris;EUR;IE;OUI;-;Euronext;2026-08-04;A_VERIFIER;NON_DETERMINE;Fonds EEE sur indice non européen : vérifier la liste émetteur
IE000QF66PE6;INVETFS500ESETFP;5ESE;ETF;ETF Plus;EUR;IE;OUI;ESG ETF art. 8;Euronext;2026-08-04;A_VERIFIER;NON_DETERMINE;Fonds EEE sur indice non européen : vérifier la liste émetteur
IE000QGWZZO0;JPMACTJJEHETFP;JJEH;ETF;ETF Plus;EUR;IE;OUI;ESG ETF art. 8;Euronext;2026-08-04;A_VERIFIER;NON_DETERMINE;Fonds EEE sur indice non européen : vérifier la liste émetteur
IE000QIF5N15;AMUETFFGLOIMETFP;ETFGLO;ETF;ETF Plus;EUR;IE;OUI;-;Euronext;2026-08-04;A_VERIFIER;NON_DETERMINE;Fonds EEE sur indice non européen : vérifier la liste émetteur
IE000QLV3SY5;FRAETFEMKTPRETFP;FREP;ETF;ETF Plus | Euronext Paris;EUR;IE;OUI;ESG ETF art. 8;Euronext;2026-08-04;A_VERIFIER;NON_DETERMINE;Fonds EEE sur indice non européen : vérifier la liste émetteur
IE000QMIHY81;HSBETFMXWOETFP;HWDE;ETF;ETF Plus;EUR;IE;OUI;-;Euronext;2026-08-04;A_VERIFIER;NON_DETERMINE;Fonds EEE sur indice non européen : vérifier la liste émetteur
IE000QNT40T5;GARETF1EUAITXAMS;GUS3;ETF;Euronext Amsterdam - Multi-currency Trading;USD;IE;OUI;-;Euronext;2026-08-04;NON;CLASSE_ACTIFS;Obligataire/monétaire/crypto/matières premières sans montage PEA
IE000QOU09J7;China Lg Cap USD A;FXAC;ETF;Euronext Amsterdam;EUR;IE;OUI;-;Euronext;2026-08-04;A_VERIFIER;NON_DETERMINE;Fonds EEE sur indice non européen : vérifier la liste émetteur
IE000QQ8Z0D8;AMUETFLUSAIMETFP;LUSA;ETF;ETF Plus | Euronext Paris;EUR;IE;OUI;ESG ETF art. 8;Euronext;2026-08-04;A_VERIFIER;NON_DETERMINE;Fonds EEE sur indice non européen : vérifier la liste émetteur
IE000QRDCYW2;SSGETFJPEIAGETFP;SAUB;ETF;ETF Plus;EUR;IE;OUI;-;Euronext;2026-08-04;NON;CLASSE_ACTIFS;Obligataire/monétaire/crypto/matières premières sans montage PEA
IE000QRUKAG2;BLUETFTFEUIMXAMS;BSEU;ETF;Euronext Amsterdam;EUR;IE;OUI;-;Euronext;2026-08-04;A_VERIFIER;NON_DETERMINE;Fonds EEE sur indice non européen : vérifier la liste émetteur
IE000QU8JEH5;FAMETFMVAITRETFP;AI4U;ETF;ETF Plus;EUR;IE;OUI;ESG ETF art. 8;Euronext;2026-08-04;A_VERIFIER;NON_DETERMINE;Fonds EEE sur indice non européen : vérifier la liste émetteur
IE000QUCVEN9;ARKETFFXBYNFETFP;NFRA;ETF;ETF Plus;EUR;IE;OUI;ESG ETF art. 9;Euronext;2026-08-04;A_VERIFIER;NON_DETERMINE;Fonds EEE sur indice non européen : vérifier la liste émetteur
IE000QUOSE01;VANETFV3EAIMETFP;V3EA;ETF;ETF Plus | Euronext Amsterdam, Paris;EUR;IE;OUI;ESG ETF art. 8;Euronext;2026-08-04;A_VERIFIER;NON_DETERMINE;Fonds EEE sur indice non européen : vérifier la liste émetteur
IE000QVYFUT7;XTRETFTIGRIMETFP;XIGB;ETF;ETF Plus;EUR;IE;OUI;-;Euronext;2026-08-04;NON;CLASSE_ACTIFS;Obligataire/monétaire/crypto/matières premières sans montage PEA
IE000QWCYQT0;AMUETFMXWOSCXPAR;WLSC;ETF;Euronext Paris;EUR;IE;OUI;ESG ETF art. 8;Euronext;2026-08-04;A_VERIFIER;NON_DETERMINE;Fonds EEE sur indice non européen : vérifier la liste émetteur
IE000QYDXKV5;VANETFMSDMXLETFP;TDVX;ETF;ETF Plus;EUR;IE;OUI;ESG ETF art. 8;Euronext;2026-08-04;A_VERIFIER;NON_DETERMINE;Fonds EEE sur indice non européen : vérifier la liste émetteur
IE000QZF7EX2;ISHETFM1CXNNXAMC;LAMT;ETF;Euronext Amsterdam - Multi-currency Trading;USD;IE;OUI;-;Euronext;2026-08-04;A_VERIFIER;NON_DETERMINE;Fonds EEE sur indice non européen : vérifier la liste émetteur
IE000R4ZNTN3;ISHETFNDDUWXETFP;XUSE;ETF;ETF Plus | Euronext Amsterdam - Multi-currency Trading;EUR;IE;OUI;-;Euronext;2026-08-04;A_VERIFIER;NON_DETERMINE;Fonds EEE sur indice non européen : vérifier la liste émetteur
IE000R7DCW45;JPMActJPYEETFP;JPYE;ETF;ETF Plus;EUR;IE;OUI;ESG ETF art. 8;Euronext;2026-08-04;NON;CLASSE_ACTIFS;Obligataire/monétaire/crypto/matières premières sans montage PEA
IE000R7HJVO6;ISHActUSEHETFP;USEH;ETF;ETF Plus;EUR;IE;OUI;ESG ETF art. 8;Euronext;2026-08-04;A_VERIFIER;NON_DETERMINE;Fonds EEE sur indice non européen : vérifier la liste émetteur
IE000R7KKFN3;ISHActIFXLXAMS;IFXL;ETF;Euronext Amsterdam;EUR;IE;OUI;ESG ETF art. 8;Euronext;2026-08-04;A_VERIFIER;NON_DETERMINE;Fonds EEE sur indice non européen : vérifier la liste émetteur
IE000R85HL30;AMUETFSRIHIMETFP;USRI;ETF;ETF Plus | Euronext Paris | Euronext Amsterdam - Multi-currency Trading;EUR;IE;OUI;ESG ETF art. 8;Euronext;2026-08-04;A_VERIFIER;NON_DETERMINE;Fonds EEE sur indice non européen : vérifier la liste émetteur
IE000R8PO127;HANETFRBUAETFP;UKRN;ETF;ETF Plus;EUR;IE;OUI;-;Euronext;2026-08-04;A_VERIFIER;NON_DETERMINE;Fonds EEE sur indice non européen : vérifier la liste émetteur
IE000R9FA4A0;ISH S&P 500 ESG US;ESPX;ETF;Euronext Amsterdam - Multi-currency Trading;USD;IE;OUI;ESG ETF art. 8;Euronext;2026-08-04;A_VERIFIER;NON_DETERMINE;Fonds EEE sur indice non européen : vérifier la liste émetteur
IE000R9RIBW8;NJ INDO SMALL SDG;NJINDO;OPCVM;ATFund Instruments;EUR;IE;OUI;;Euronext;2026-08-04;A_VERIFIER;NON_DETERMINE;Fonds EEE sur indice non européen : vérifier la liste émetteur
IE000RBFCPY3;INVETFLGTRTRETFP;GGED;ETF;ETF Plus;EUR;IE;OUI;-;Euronext;2026-08-04;A_VERIFIER;NON_DETERMINE;Fonds EEE sur indice non européen : vérifier la liste émetteur
IE000RDRMSD1;ISH BLOCKCHAIN USD;BLKC;ETF;Euronext Amsterdam - Multi-currency Trading | ETF Plus;USD;IE;OUI;-;Euronext;2026-08-04;A_VERIFIER;NON_DETERMINE;Fonds EEE sur indice non européen : vérifier la liste émetteur
IE000RE0SQM6;JPMActJIPDETFP;JIPD;ETF;ETF Plus;EUR;IE;OUI;-;Euronext;2026-08-04;A_VERIFIER;NON_DETERMINE;Fonds EEE sur indice non européen : vérifier la liste émetteur
IE000REC8UF0;ISHETFI40425XAMC;ID36;ETF;Euronext Amsterdam - Multi-currency Trading | Euronext Paris;USD;IE;OUI;ESG ETF art. 8;Euronext;2026-08-04;A_VERIFIER;NON_DETERMINE;Fonds EEE sur indice non européen : vérifier la liste émetteur
IE000RITWOD4;GOLActGQEUETFP;GQEU;ETF;ETF Plus | Euronext Paris;EUR;IE;OUI;ESG ETF art. 8;Euronext;2026-08-04;NON;CLASSE_ACTIFS;Obligataire/monétaire/crypto/matières premières sans montage PEA
IE000RJL5A30;ISHActUSEBXAMS;USEB;ETF;Euronext Amsterdam - Multi-currency Trading;USD;IE;OUI;ESG ETF art. 8;Euronext;2026-08-04;A_VERIFIER;NON_DETERMINE;Fonds EEE sur indice non européen : vérifier la liste émetteur
IE000RKSAPB9;ISHETFHEC0XAMS;EH1H;ETF;Euronext Amsterdam - Multi-currency Trading;USD;IE;OUI;-;Euronext;2026-08-04;A_VERIFIER;NON_DETERMINE;Fonds EEE sur indice non européen : vérifier la liste émetteur
IE000RLUE8E9;INVETFPAUSIMETFP;PAUS;ETF;ETF Plus;EUR;IE;OUI;ESG ETF art. 8;Euronext;2026-08-04;A_VERIFIER;NON_DETERMINE;Fonds EEE sur indice non européen : vérifier la liste émetteur
IE000RLUVMR2;ISHETFIDCOT1XAMS;I20T;ETF;Euronext Amsterdam - Multi-currency Trading;USD;IE;OUI;-;Euronext;2026-08-04;A_VERIFIER;NON_DETERMINE;Fonds EEE sur indice non européen : vérifier la liste émetteur
IE000RN58M26;ISH METAVERSE USD;MTAV;ETF;Euronext Amsterdam - Multi-currency Trading;USD;IE;OUI;ESG ETF art. 8;Euronext;2026-08-04;A_VERIFIER;NON_DETERMINE;Fonds EEE sur indice non européen : vérifier la liste émetteur
IE000ROCQO77;NICHEJUNGLE KOREA;NJKOR;OPCVM;ATFund Instruments;EUR;IE;OUI;;Euronext;2026-08-04;A_VERIFIER;NON_DETERMINE;Fonds EEE sur indice non européen : vérifier la liste émetteur
IE000ROSD5J6;ISH ESS MTL US ACC;METL;ETF;Euronext Amsterdam - Multi-currency Trading | ETF Plus;USD;IE;OUI;-;Euronext;2026-08-04;A_VERIFIER;NON_DETERMINE;Fonds EEE sur indice non européen : vérifier la liste émetteur
IE000RRCJI06;GOLActGIGUETFP;GIGU;ETF;ETF Plus;EUR;IE;OUI;ESG ETF art. 8;Euronext;2026-08-04;NON;CLASSE_ACTIFS;Obligataire/monétaire/crypto/matières premières sans montage PEA
IE000RSCXLM4;JPMActJUSEETFP;JUSE;ETF;ETF Plus;EUR;IE;OUI;ESG ETF art. 8;Euronext;2026-08-04;A_VERIFIER;NON_DETERMINE;Fonds EEE sur indice non européen : vérifier la liste émetteur
IE000RSD1ZW2;FAMActACTIJETFP;ACTIJ;ETF;ETF Plus;EUR;IE;OUI;-;Euronext;2026-08-04;A_VERIFIER;NON_DETERMINE;Fonds EEE sur indice non européen : vérifier la liste émetteur
IE000RUEGGK5;ISHETFI32561XAMS;CYUH;ETF;Euronext Amsterdam - Multi-currency Trading;USD;IE;OUI;-;Euronext;2026-08-04;NON;CLASSE_ACTIFS;Obligataire/monétaire/crypto/matières premières sans montage PEA
IE000RW7V8Q4;UBSETFSOLEUEETFP;SHORT;ETF;ETF Plus;EUR;IE;OUI;ESG ETF art. 8;Euronext;2026-08-04;A_VERIFIER;NON_DETERMINE;Fonds EEE sur indice non européen : vérifier la liste émetteur
IE000RWFQT12;FAMETFMVBIOPETFP;BTECH;ETF;ETF Plus;EUR;IE;OUI;ESG ETF art. 8;Euronext;2026-08-04;A_VERIFIER;NON_DETERMINE;Fonds EEE sur indice non européen : vérifier la liste émetteur
IE000RYWBSX8;PicActPDWXETFP;PDWX;ETF;ETF Plus;EUR;IE;OUI;ESG ETF art. 8;Euronext;2026-08-04;A_VERIFIER;NON_DETERMINE;Fonds EEE sur indice non européen : vérifier la liste émetteur
IE000S2QZKI8;JPMActJIGGETFP;JIGG;ETF;ETF Plus;EUR;IE;OUI;ESG ETF art. 8;Euronext;2026-08-04;NON;CLASSE_ACTIFS;Obligataire/monétaire/crypto/matières premières sans montage PEA
IE000S3N6R34;ISHETFGEASIMETFP;ESWP;ETF;ETF Plus | Euronext Amsterdam - Multi-currency Trading;EUR;IE;OUI;-;Euronext;2026-08-04;A_VERIFIER;NON_DETERMINE;Fonds EEE sur indice non européen : vérifier la liste émetteur
IE000S6476U8;UBSETFSPHHENETFP;SPDE;ETF;ETF Plus;EUR;IE;OUI;ESG ETF art. 8;Euronext;2026-08-04;A_VERIFIER;NON_DETERMINE;Fonds EEE sur indice non européen : vérifier la liste émetteur
IE000SA19OL0;ColActQREUETFP;QREU;ETF;ETF Plus;EUR;IE;OUI;-;Euronext;2026-08-04;A_VERIFIER;NON_DETERMINE;Fonds EEE sur indice non européen : vérifier la liste émetteur
IE000SACNHU2;FAMETFMTELIMETFP;FAMTEL;ETF;ETF Plus;EUR;IE;OUI;ESG ETF art. 8;Euronext;2026-08-04;A_VERIFIER;NON_DETERMINE;Fonds EEE sur indice non européen : vérifier la liste émetteur
IE000SAXJ1M1;GLOStrSX5ECCETFP;SYLD;ETF;ETF Plus;EUR;IE;OUI;-;Euronext;2026-08-04;A_VERIFIER;NON_DETERMINE;Fonds EEE sur indice non européen : vérifier la liste émetteur
IE000SBU19F7;VANETFMSUMMFETFP;SMOT;ETF;ETF Plus | Euronext Paris;EUR;IE;OUI;-;Euronext;2026-08-04;A_VERIFIER;NON_DETERMINE;Fonds EEE sur indice non européen : vérifier la liste émetteur
IE000SCAG5Q1;FIDActFBIHETFP;FBIH;ETF;ETF Plus;EUR;IE;OUI;ESG ETF art. 8;Euronext;2026-08-04;A_VERIFIER;NON_DETERMINE;Fonds EEE sur indice non européen : vérifier la liste émetteur
IE000SE6KPV2;ISHETF36928ETFP;IPAB;ETF;ETF Plus;EUR;IE;OUI;ESG ETF art. 8;Euronext;2026-08-04;NON;CLASSE_ACTIFS;Obligataire/monétaire/crypto/matières premières sans montage PEA
IE000SIZJ2B2;ISHETFI37615ETFP;IB26;ETF;ETF Plus;EUR;IE;OUI;ESG ETF art. 8;Euronext;2026-08-04;NON;CLASSE_ACTIFS;Obligataire/monétaire/crypto/matières premières sans montage PEA
IE000SM6I1K9;FAMETFMVJPNQETFP;JPMQJ;ETF;ETF Plus;EUR;IE;OUI;ESG ETF art. 8;Euronext;2026-08-04;A_VERIFIER;NON_DETERMINE;Fonds EEE sur indice non européen : vérifier la liste émetteur
IE000SN2VKB0;ISHETFWINGIMETFP;WNGA;ETF;ETF Plus;EUR;IE;OUI;-;Euronext;2026-08-04;A_VERIFIER;NON_DETERMINE;Fonds EEE sur indice non européen : vérifier la liste émetteur
IE000SNCKVM9;INVETFSPXQUNETFP;SPQD;ETF;ETF Plus;EUR;IE;OUI;-;Euronext;2026-08-04;A_VERIFIER;NON_DETERMINE;Fonds EEE sur indice non européen : vérifier la liste émetteur
IE000SNLFDR7;ISHETFI38444ETFP;29GA;ETF;ETF Plus;EUR;IE;OUI;ESG ETF art. 8;Euronext;2026-08-04;A_VERIFIER;NON_DETERMINE;Fonds EEE sur indice non européen : vérifier la liste émetteur
IE000SNMGYT5;FirETFSPATIETFP;KNG;ETF;ETF Plus;EUR;IE;OUI;-;Euronext;2026-08-04;A_VERIFIER;NON_DETERMINE;Fonds EEE sur indice non européen : vérifier la liste émetteur
IE000SNWS0L0;ISHETFNU7223XAMS;SAAI;ETF;Euronext Amsterdam - Multi-currency Trading;USD;IE;OUI;ESG ETF art. 8;Euronext;2026-08-04;A_VERIFIER;NON_DETERMINE;Fonds EEE sur indice non européen : vérifier la liste émetteur
IE000SOORXS0;VANActVCSHAETFP;VCSHA;ETF;ETF Plus | Euronext Amsterdam;EUR;IE;OUI;-;Euronext;2026-08-04;NON;CLASSE_ACTIFS;Obligataire/monétaire/crypto/matières premières sans montage PEA
IE000ST40PX8;L&GETFESPYIMETFP;ESPY;ETF;ETF Plus;EUR;IE;OUI;ESG ETF art. 8;Euronext;2026-08-04;A_VERIFIER;NON_DETERMINE;Fonds EEE sur indice non européen : vérifier la liste émetteur
IE000STIHQB2;FRAACTFLESAETFP;FLESA;ETF;ETF Plus;EUR;IE;OUI;ESG ETF art. 8;Euronext;2026-08-04;A_VERIFIER;NON_DETERMINE;Fonds EEE sur indice non européen : vérifier la liste émetteur
IE000STJ19F2;AXAETFNA100TETFP;ANAE;ETF;ETF Plus;EUR;IE;OUI;-;Euronext;2026-08-04;A_VERIFIER;NON_DETERMINE;Fonds EEE sur indice non européen : vérifier la liste émetteur
IE000SU7USQ3;AXAETFHPAWIMETFP;AWDU;ETF;ETF Plus;EUR;IE;OUI;ESG ETF art. 8;Euronext;2026-08-04;A_VERIFIER;NON_DETERMINE;Fonds EEE sur indice non européen : vérifier la liste émetteur
IE000SVXJH05;ISHETFNDX70UETFP;QNXT;ETF;ETF Plus | Euronext Amsterdam - Multi-currency Trading | Euronext Paris;EUR;IE;OUI;-;Euronext;2026-08-04;A_VERIFIER;NON_DETERMINE;Fonds EEE sur indice non européen : vérifier la liste émetteur
IE000SWSI2U4;UBSETFHE7227ETFP;USESGE;ETF;ETF Plus;EUR;IE;OUI;ESG ETF art. 8;Euronext;2026-08-04;A_VERIFIER;NON_DETERMINE;Fonds EEE sur indice non européen : vérifier la liste émetteur
IE000T369T05;BNPACTAJASHXPAR;AJASH;ETF;Euronext Paris;EUR;IE;OUI;ESG ETF art. 8;Euronext;2026-08-04;A_VERIFIER;NON_DETERMINE;Fonds EEE sur indice non européen : vérifier la liste émetteur
IE000T8E6SX8;ISHETFIDCOT2XAMS;DTEH;ETF;Euronext Amsterdam;EUR;IE;OUI;-;Euronext;2026-08-04;A_VERIFIER;NON_DETERMINE;Fonds EEE sur indice non européen : vérifier la liste émetteur
IE000T8QD852;HANActCHPYETFP;CHPY;ETF;ETF Plus;EUR;IE;OUI;-;Euronext;2026-08-04;A_VERIFIER;NON_DETERMINE;Fonds EEE sur indice non européen : vérifier la liste émetteur
IE000T9EOCL3;iS Wor ESG En Acc;EWSA;ETF;Euronext Amsterdam - Multi-currency Trading;USD;IE;OUI;ESG ETF art. 9;Euronext;2026-08-04;A_VERIFIER;NON_DETERMINE;Fonds EEE sur indice non européen : vérifier la liste émetteur
IE000T9NSP89;ISHActUHEBXAMC;UHEB;ETF;Euronext Amsterdam - Multi-currency Trading;USD;IE;OUI;-;Euronext;2026-08-04;NON;CLASSE_ACTIFS;Obligataire/monétaire/crypto/matières premières sans montage PEA
IE000TAA0GK0;HANActNATYETFP;NATY;ETF;ETF Plus;EUR;IE;OUI;-;Euronext;2026-08-04;A_VERIFIER;NON_DETERMINE;Fonds EEE sur indice non européen : vérifier la liste émetteur
IE000TAV7246;VANETF1EUAITETFP;VUDE;ETF;ETF Plus | Euronext Amsterdam;EUR;IE;OUI;-;Euronext;2026-08-04;A_VERIFIER;NON_DETERMINE;Fonds EEE sur indice non européen : vérifier la liste émetteur
IE000TB15RC6;UBSETFIWDEIMETFP;WRDE;ETF;ETF Plus;EUR;IE;OUI;-;Euronext;2026-08-04;A_VERIFIER;NON_DETERMINE;Fonds EEE sur indice non européen : vérifier la liste émetteur
IE000TD32PU3;HANActRMBSETFP;RMBS;ETF;ETF Plus;EUR;IE;OUI;-;Euronext;2026-08-04;A_VERIFIER;NON_DETERMINE;Fonds EEE sur indice non européen : vérifier la liste émetteur
IE000TD3TI26;JPMActJAVAETFP;JAVA;ETF;ETF Plus;EUR;IE;OUI;ESG ETF art. 8;Euronext;2026-08-04;A_VERIFIER;NON_DETERMINE;Fonds EEE sur indice non européen : vérifier la liste émetteur
IE000TG1LGI4;UBSETFDESGIMETFP;WDESG;ETF;ETF Plus;EUR;IE;OUI;ESG ETF art. 8;Euronext;2026-08-04;A_VERIFIER;NON_DETERMINE;Fonds EEE sur indice non européen : vérifier la liste émetteur
IE000TGCBXG8;JPMActJLOCETFP;JLOC;ETF;ETF Plus;EUR;IE;OUI;ESG ETF art. 8;Euronext;2026-08-04;NON;CLASSE_ACTIFS;Obligataire/monétaire/crypto/matières premières sans montage PEA
IE000TI21P14;INVETFPAEUIMETFP;PAEU;ETF;ETF Plus;EUR;IE;OUI;ESG ETF art. 8;Euronext;2026-08-04;PROBABLE;INDICE_EUROPEEN;Indice actions européen — quota 75 % actions UE respecté de fait
IE000TIZ5AP4;FIRETFIEURIIETFP;FTEI;ETF;ETF Plus;EUR;IE;OUI;-;Euronext;2026-08-04;PROBABLE;INDICE_EUROPEEN;Indice actions européen — quota 75 % actions UE respecté de fait
IE000TMJDGV1;FRAETFSPSVCNETFP;USTEL;ETF;ETF Plus;EUR;IE;OUI;-;Euronext;2026-08-04;A_VERIFIER;NON_DETERMINE;Fonds EEE sur indice non européen : vérifier la liste émetteur
IE000TSML5I8;XTRETFXRSMIMETFP;XRME;ETF;ETF Plus;EUR;IE;OUI;ESG ETF art. 8;Euronext;2026-08-04;A_VERIFIER;NON_DETERMINE;Fonds EEE sur indice non européen : vérifier la liste émetteur
IE000TSRT9O5;FAMActFORTJETFP;FORTJ;ETF;ETF Plus;EUR;IE;OUI;-;Euronext;2026-08-04;A_VERIFIER;NON_DETERMINE;Fonds EEE sur indice non européen : vérifier la liste émetteur
IE000TSWWSM5;InvETFDJTOTETFP;EUROS;ETF;ETF Plus;EUR;IE;OUI;-;Euronext;2026-08-04;A_VERIFIER;NON_DETERMINE;Fonds EEE sur indice non européen : vérifier la liste émetteur
IE000TT7HZ88;AXAETFHPAWIMETFP;AWDE;ETF;ETF Plus;EUR;IE;OUI;ESG ETF art. 8;Euronext;2026-08-04;A_VERIFIER;NON_DETERMINE;Fonds EEE sur indice non européen : vérifier la liste émetteur
IE000TVZKNN6;ISHETFNU7476XAMC;WNEN;ETF;Euronext Amsterdam - Multi-currency Trading;USD;IE;OUI;ESG ETF art. 8;Euronext;2026-08-04;A_VERIFIER;NON_DETERMINE;Fonds EEE sur indice non européen : vérifier la liste émetteur
IE000TWAN2K7;JPMActJMAMETFP;JMAM;ETF;ETF Plus;EUR;IE;OUI;ESG ETF art. 8;Euronext;2026-08-04;A_VERIFIER;NON_DETERMINE;Fonds EEE sur indice non européen : vérifier la liste émetteur
IE000TZ4SIN6;INVActIQGAETFP;IQGA;ETF;ETF Plus;EUR;IE;OUI;-;Euronext;2026-08-04;A_VERIFIER;NON_DETERMINE;Fonds EEE sur indice non européen : vérifier la liste émetteur
IE000TZT8TI0;XTRETFSIZEROETFP;XEMN;ETF;ETF Plus;EUR;IE;OUI;ESG ETF art. 8;Euronext;2026-08-04;A_VERIFIER;NON_DETERMINE;Fonds EEE sur indice non européen : vérifier la liste émetteur
IE000U07IGB1;INVActIQMAETFP;IQMA;ETF;ETF Plus;EUR;IE;OUI;-;Euronext;2026-08-04;A_VERIFIER;NON_DETERMINE;Fonds EEE sur indice non européen : vérifier la liste émetteur
IE000U1MQKJ2;ISH WLD QLT ESG US;IWQE;ETF;Euronext Amsterdam - Multi-currency Trading | ETF Plus;USD;IE;OUI;ESG ETF art. 8;Euronext;2026-08-04;A_VERIFIER;NON_DETERMINE;Fonds EEE sur indice non européen : vérifier la liste émetteur
IE000U58J0M1;Gbl Cln Enrgy US A;INRE;ETF;Euronext Paris | Euronext Amsterdam - Multi-currency Trading;EUR;IE;OUI;ESG ETF art. 9;Euronext;2026-08-04;A_VERIFIER;NON_DETERMINE;Fonds EEE sur indice non européen : vérifier la liste émetteur
IE000U5MJOZ6;JPMActJEPIETFP;JEPI;ETF;ETF Plus;EUR;IE;OUI;-;Euronext;2026-08-04;A_VERIFIER;NON_DETERMINE;Fonds EEE sur indice non européen : vérifier la liste émetteur
IE000U679IT9;HSBETFENGLIRXPAR;HINS;ETF;Euronext Paris;EUR;IE;OUI;-;Euronext;2026-08-04;A_VERIFIER;NON_DETERMINE;Fonds EEE sur indice non européen : vérifier la liste émetteur
IE000U6ABUJ7;FIRETFRBAAIRXAMS;AIRR;ETF;Euronext Amsterdam - Multi-currency Trading;USD;IE;OUI;-;Euronext;2026-08-04;A_VERIFIER;NON_DETERMINE;Fonds EEE sur indice non européen : vérifier la liste émetteur
IE000U6US1Q0;Glb Agg Bd ESG D;AGGE;ETF;Euronext Amsterdam - Multi-currency Trading;USD;IE;OUI;ESG ETF art. 8;Euronext;2026-08-04;NON;CLASSE_ACTIFS;Obligataire/monétaire/crypto/matières premières sans montage PEA
IE000U7LIXH5;INVActCLODETFP;CLOD;ETF;ETF Plus;EUR;IE;OUI;-;Euronext;2026-08-04;A_VERIFIER;NON_DETERMINE;Fonds EEE sur indice non européen : vérifier la liste émetteur
IE000U882CN5;VANETFTRSXIMXAMS;VLDP;ETF;Euronext Amsterdam;EUR;IE;OUI;-;Euronext;2026-08-04;A_VERIFIER;NON_DETERMINE;Fonds EEE sur indice non européen : vérifier la liste émetteur
IE000U9J8HX9;JPMActJEPQETFP;JEPQ;ETF;ETF Plus;EUR;IE;OUI;-;Euronext;2026-08-04;A_VERIFIER;NON_DETERMINE;Fonds EEE sur indice non européen : vérifier la liste émetteur
IE000U9ODG19;ISHETFSPDBADETFP;DFND;ETF;ETF Plus | Euronext Paris;EUR;IE;OUI;-;Euronext;2026-08-04;A_VERIFIER;NON_DETERMINE;Fonds EEE sur indice non européen : vérifier la liste émetteur
IE000UCFZI88;ISH C GBP CB US H;SLXU;ETF;Euronext Amsterdam - Multi-currency Trading;USD;IE;OUI;-;Euronext;2026-08-04;NON;CLASSE_ACTIFS;Obligataire/monétaire/crypto/matières premières sans montage PEA
IE000UD0O069;PCR ICOW UCITS ETF;ICOW;ETF;Euronext Amsterdam - Multi-currency Trading;USD;IE;OUI;-;Euronext;2026-08-04;A_VERIFIER;NON_DETERMINE;Fonds EEE sur indice non européen : vérifier la liste émetteur
IE000UDFKE13;FIRETFIGFEMIETFP;MINR;ETF;ETF Plus;EUR;IE;OUI;-;Euronext;2026-08-04;A_VERIFIER;NON_DETERMINE;Fonds EEE sur indice non européen : vérifier la liste émetteur
IE000UDUSCI9;PIMActGOVBETFP;GOVB;ETF;ETF Plus;EUR;IE;OUI;ESG ETF art. 8;Euronext;2026-08-04;NON;CLASSE_ACTIFS;Obligataire/monétaire/crypto/matières premières sans montage PEA
IE000UESO8H8;FAMActAVEREETFP;AVERE;ETF;ETF Plus;EUR;IE;OUI;-;Euronext;2026-08-04;A_VERIFIER;NON_DETERMINE;Fonds EEE sur indice non européen : vérifier la liste émetteur
IE000UFAX9L6;GOLActGQWDETFP;GQWD;ETF;ETF Plus | Euronext Paris;EUR;IE;OUI;ESG ETF art. 8;Euronext;2026-08-04;NON;CLASSE_ACTIFS;Obligataire/monétaire/crypto/matières premières sans montage PEA
IE000UJSC3C9;ISHETFI39487ETFP;IX29;ETF;ETF Plus | Euronext Paris;EUR;IE;OUI;ESG ETF art. 8;Euronext;2026-08-04;A_VERIFIER;NON_DETERMINE;Fonds EEE sur indice non européen : vérifier la liste émetteur
IE000UL6CLP7;GLOETFSILVIMETFP;SILV;ETF;ETF Plus;EUR;IE;OUI;-;Euronext;2026-08-04;A_VERIFIER;NON_DETERMINE;Fonds EEE sur indice non européen : vérifier la liste émetteur
IE000UQND7H4;HSBETFMXWOETFP;HMWA;ETF;ETF Plus;EUR;IE;OUI;-;Euronext;2026-08-04;A_VERIFIER;NON_DETERMINE;Fonds EEE sur indice non européen : vérifier la liste émetteur
IE000US24HF4;VANETFRU1VN3ETFP;VRVA;ETF;ETF Plus | Euronext Amsterdam;EUR;IE;OUI;-;Euronext;2026-08-04;A_VERIFIER;NON_DETERMINE;Fonds EEE sur indice non européen : vérifier la liste émetteur
IE000UWJUW87;HANActCATBETFP;CATB;ETF;ETF Plus;EUR;IE;OUI;-;Euronext;2026-08-04;NON;CLASSE_ACTIFS;Obligataire/monétaire/crypto/matières premières sans montage PEA
IE000UX5WPU4;XTRETFXDEPIMETFP;XYPL;ETF;ETF Plus;EUR;IE;OUI;-;Euronext;2026-08-04;NON;CLASSE_ACTIFS;Obligataire/monétaire/crypto/matières premières sans montage PEA
IE000UXDT343;VANETFTRSXIMETFP;VLDS;ETF;ETF Plus | Euronext Amsterdam;EUR;IE;OUI;-;Euronext;2026-08-04;A_VERIFIER;NON_DETERMINE;Fonds EEE sur indice non européen : vérifier la liste émetteur
IE000UXH6733;FAMActAGE50ETFP;AGE50;ETF;ETF Plus;EUR;IE;OUI;-;Euronext;2026-08-04;A_VERIFIER;NON_DETERMINE;Fonds EEE sur indice non européen : vérifier la liste émetteur
IE000UXI85C0;HANActOBAAXPAR;OBAA;ETF;Euronext Paris;EUR;IE;OUI;-;Euronext;2026-08-04;A_VERIFIER;NON_DETERMINE;Fonds EEE sur indice non européen : vérifier la liste émetteur
IE000UY6XF65;ISHETFI38741ETFP;IG34;ETF;ETF Plus | Euronext Amsterdam;EUR;IE;OUI;ESG ETF art. 8;Euronext;2026-08-04;NON;CLASSE_ACTIFS;Obligataire/monétaire/crypto/matières premières sans montage PEA
IE000UZCJS58;XTRETFXNZWIMETFP;XNZW;ETF;ETF Plus;EUR;IE;OUI;ESG ETF art. 8;Euronext;2026-08-04;A_VERIFIER;NON_DETERMINE;Fonds EEE sur indice non européen : vérifier la liste émetteur
IE000UZIKD07;JPMACTJGSEETFP;JGSE;ETF;ETF Plus;EUR;IE;OUI;ESG ETF art. 9;Euronext;2026-08-04;A_VERIFIER;NON_DETERMINE;Fonds EEE sur indice non européen : vérifier la liste émetteur
IE000UZO4IC7;GOLActGEMEETFP;GEME;ETF;ETF Plus;EUR;IE;OUI;ESG ETF art. 8;Euronext;2026-08-04;NON;CLASSE_ACTIFS;Obligataire/monétaire/crypto/matières premières sans montage PEA
IE000UZQCBX5;FAMActACTIOETFP;ACTIO;ETF;ETF Plus;EUR;IE;OUI;-;Euronext;2026-08-04;A_VERIFIER;NON_DETERMINE;Fonds EEE sur indice non européen : vérifier la liste émetteur
IE000UZZ5SU2;JPMActJGEHETFP;JGEH;ETF;ETF Plus;EUR;IE;OUI;ESG ETF art. 8;Euronext;2026-08-04;A_VERIFIER;NON_DETERMINE;Fonds EEE sur indice non européen : vérifier la liste émetteur
IE000V0GDVU7;XTRETFS11CTCETFP;XG11;ETF;ETF Plus;EUR;IE;OUI;ESG ETF art. 8;Euronext;2026-08-04;A_VERIFIER;NON_DETERMINE;Fonds EEE sur indice non européen : vérifier la liste émetteur
IE000V0Q8BV4;HANActOBBAXPAR;OBBA;ETF;Euronext Paris;EUR;IE;OUI;-;Euronext;2026-08-04;A_VERIFIER;NON_DETERMINE;Fonds EEE sur indice non européen : vérifier la liste émetteur
IE000V93BNU0;INVETFPAWDIMETFP;PAWD;ETF;ETF Plus;EUR;IE;OUI;ESG ETF art. 8;Euronext;2026-08-04;A_VERIFIER;NON_DETERMINE;Fonds EEE sur indice non européen : vérifier la liste émetteur
IE000VA628D5;ISHETFSPXT2CETFP;SP20;ETF;ETF Plus | Euronext Amsterdam - Multi-currency Trading | Euronext Paris;EUR;IE;OUI;-;Euronext;2026-08-04;A_VERIFIER;NON_DETERMINE;Fonds EEE sur indice non européen : vérifier la liste émetteur
IE000VAKCHT4;FAMETFMVCETTETFP;EMOVJ;ETF;ETF Plus;EUR;IE;OUI;ESG ETF art. 8;Euronext;2026-08-04;A_VERIFIER;NON_DETERMINE;Fonds EEE sur indice non européen : vérifier la liste émetteur
IE000VAZZYM3;JPMActHELOETFP;HELO;ETF;ETF Plus;EUR;IE;OUI;-;Euronext;2026-08-04;A_VERIFIER;NON_DETERMINE;Fonds EEE sur indice non européen : vérifier la liste émetteur
IE000VCBWFL8;XTRETFNE7533ETFP;XZDZ;ETF;ETF Plus;EUR;IE;OUI;ESG ETF art. 8;Euronext;2026-08-04;PROBABLE;INDICE_EUROPEEN;Indice actions européen — quota 75 % actions UE respecté de fait
IE000VCYXLY9;WISETFWTINDUETFP;EPI;ETF;ETF Plus;EUR;IE;OUI;-;Euronext;2026-08-04;A_VERIFIER;NON_DETERMINE;Fonds EEE sur indice non européen : vérifier la liste émetteur
IE000VDH1PG3;WISETFWTSPCUETFP;WSPC;ETF;ETF Plus | Euronext Paris;EUR;IE;OUI;-;Euronext;2026-08-04;A_VERIFIER;NON_DETERMINE;Fonds EEE sur indice non européen : vérifier la liste émetteur
IE000VDP6OY8;FAMETFMMWFIMETFP;FAMMWF;ETF;ETF Plus;EUR;IE;OUI;ESG ETF art. 8;Euronext;2026-08-04;A_VERIFIER;NON_DETERMINE;Fonds EEE sur indice non européen : vérifier la liste émetteur
IE000VG2WCW5;ROBActRDYNETFP;RDYN;ETF;ETF Plus;EUR;IE;OUI;ESG ETF art. 8;Euronext;2026-08-04;A_VERIFIER;NON_DETERMINE;Fonds EEE sur indice non européen : vérifier la liste émetteur
IE000VH3JSL8;VANETFAWNT07XAMS;VEZI;ETF;Euronext Amsterdam;EUR;IE;OUI;-;Euronext;2026-08-04;A_VERIFIER;NON_DETERMINE;Fonds EEE sur indice non européen : vérifier la liste émetteur
IE000VMQ8IH9;ISHETFSBG7UXAMC;SGLH;ETF;Euronext Amsterdam - Multi-currency Trading;USD;IE;OUI;-;Euronext;2026-08-04;A_VERIFIER;NON_DETERMINE;Fonds EEE sur indice non européen : vérifier la liste émetteur
IE000VU9AUN9;SSGActECLOETFP;ECLO;ETF;ETF Plus;EUR;IE;OUI;-;Euronext;2026-08-04;A_VERIFIER;NON_DETERMINE;Fonds EEE sur indice non européen : vérifier la liste émetteur
IE000VVBM1F6;ISHETFI38733XAMS;34ID;ETF;Euronext Amsterdam - Multi-currency Trading;USD;IE;OUI;-;Euronext;2026-08-04;A_VERIFIER;NON_DETERMINE;Fonds EEE sur indice non européen : vérifier la liste émetteur
IE000VVC8KW9;INVETFIBXXCAETFP;EAT1;ETF;ETF Plus;EUR;IE;OUI;ESG ETF art. 8;Euronext;2026-08-04;NON;CLASSE_ACTIFS;Obligataire/monétaire/crypto/matières premières sans montage PEA
IE000VXC51U5;XTRETFXMAWIMETFP;XMAE;ETF;ETF Plus;EUR;IE;OUI;ESG ETF art. 8;Euronext;2026-08-04;A_VERIFIER;NON_DETERMINE;Fonds EEE sur indice non européen : vérifier la liste émetteur
IE000VYO9NT0;FAMETFMMAIIMETFP;FAMMAI;ETF;ETF Plus;EUR;IE;OUI;-;Euronext;2026-08-04;A_VERIFIER;NON_DETERMINE;Fonds EEE sur indice non européen : vérifier la liste émetteur
IE000VZ8BBU9;VANETFUS37IMETFP;VITS;ETF;ETF Plus | Euronext Amsterdam;EUR;IE;OUI;-;Euronext;2026-08-04;A_VERIFIER;NON_DETERMINE;Fonds EEE sur indice non européen : vérifier la liste émetteur
IE000VZO6W35;FAMETFSOEST1ETFP;MONEJ;ETF;ETF Plus;EUR;IE;OUI;-;Euronext;2026-08-04;A_VERIFIER;NON_DETERMINE;Fonds EEE sur indice non européen : vérifier la liste émetteur
IE000W1AURU9;iSh $ Hyld CBd Dst;HYDP;ETF;Euronext Amsterdam - Multi-currency Trading;USD;IE;OUI;ESG ETF art. 8;Euronext;2026-08-04;A_VERIFIER;NON_DETERMINE;Fonds EEE sur indice non européen : vérifier la liste émetteur
IE000W1S2PT6;HANETFIDGPINETFP;PHOT;ETF;ETF Plus;EUR;IE;OUI;-;Euronext;2026-08-04;A_VERIFIER;NON_DETERMINE;Fonds EEE sur indice non européen : vérifier la liste émetteur
IE000W1W8IY2;BLUETFUST100XAMC;BSTC;ETF;Euronext Amsterdam - Multi-currency Trading;CZK;IE;OUI;-;Euronext;2026-08-04;A_VERIFIER;NON_DETERMINE;Fonds EEE sur indice non européen : vérifier la liste émetteur
IE000W24OG76;FIDActFBIUETFP;FBIU;ETF;ETF Plus;EUR;IE;OUI;ESG ETF art. 8;Euronext;2026-08-04;A_VERIFIER;NON_DETERMINE;Fonds EEE sur indice non européen : vérifier la liste émetteur
IE000W6YTDH7;INVETFI38678ETFP;BE30;ETF;ETF Plus;EUR;IE;OUI;ESG ETF art. 8;Euronext;2026-08-04;A_VERIFIER;NON_DETERMINE;Fonds EEE sur indice non européen : vérifier la liste émetteur
IE000W6ZFH20;FAMETFMSF3IMETFP;FAMSF3;ETF;ETF Plus;EUR;IE;OUI;ESG ETF art. 8;Euronext;2026-08-04;A_VERIFIER;NON_DETERMINE;Fonds EEE sur indice non européen : vérifier la liste émetteur
IE000W7N50J7;PACETFCALFNTXAMS;CALF;ETF;Euronext Amsterdam - Multi-currency Trading;USD;IE;OUI;-;Euronext;2026-08-04;A_VERIFIER;NON_DETERMINE;Fonds EEE sur indice non européen : vérifier la liste émetteur
IE000W85O7M4;JPMActJUIEETFP;JUIE;ETF;ETF Plus;EUR;IE;OUI;ESG ETF art. 8;Euronext;2026-08-04;A_VERIFIER;NON_DETERMINE;Fonds EEE sur indice non européen : vérifier la liste émetteur
IE000W8HP9L8;BNPETFMSCIWMETFP;WEMT2;ETF;ETF Plus | Euronext Paris;EUR;IE;OUI;ESG ETF art. 8;Euronext;2026-08-04;A_VERIFIER;NON_DETERMINE;Fonds EEE sur indice non européen : vérifier la liste émetteur
IE000W8RYVC0;iSh Ex-Chn US Dist;EXCD;ETF;Euronext Amsterdam - Multi-currency Trading;USD;IE;OUI;-;Euronext;2026-08-04;A_VERIFIER;NON_DETERMINE;Fonds EEE sur indice non européen : vérifier la liste émetteur
IE000W8WMSL2;WISETFWTQTNMETFP;WQTM;ETF;ETF Plus | Euronext Paris;EUR;IE;OUI;-;Euronext;2026-08-04;A_VERIFIER;NON_DETERMINE;Fonds EEE sur indice non européen : vérifier la liste émetteur
IE000W95TAE6;JP ETFJPCEIMETFP;JPCE;ETF;ETF Plus;EUR;IE;OUI;ESG ETF art. 9;Euronext;2026-08-04;A_VERIFIER;NON_DETERMINE;Fonds EEE sur indice non européen : vérifier la liste émetteur
IE000WA6L436;iBds D26 Term E Ac;B26A;ETF;Euronext Paris | ETF Plus;EUR;IE;OUI;ESG ETF art. 8;Euronext;2026-08-04;NON;CLASSE_ACTIFS;Obligataire/monétaire/crypto/matières premières sans montage PEA
IE000WCPJOV4;FAMETFMVMETVETFP;METAA;ETF;ETF Plus;EUR;IE;OUI;ESG ETF art. 8;Euronext;2026-08-04;A_VERIFIER;NON_DETERMINE;Fonds EEE sur indice non européen : vérifier la liste émetteur
IE000WDG5795;ISH Lth Btt US ACC;LITM;ETF;Euronext Amsterdam - Multi-currency Trading | ETF Plus;USD;IE;OUI;-;Euronext;2026-08-04;A_VERIFIER;NON_DETERMINE;Fonds EEE sur indice non européen : vérifier la liste émetteur
IE000WFBC0W4;SSGETFR2NHEUXPAR;R2EH;ETF;Euronext Paris;EUR;IE;OUI;-;Euronext;2026-08-04;A_VERIFIER;NON_DETERMINE;Fonds EEE sur indice non européen : vérifier la liste émetteur
IE000WHL2ZK1;ISH US EQ HINC DIS;INCU;ETF;Euronext Amsterdam - Multi-currency Trading;USD;IE;OUI;ESG ETF art. 8;Euronext;2026-08-04;A_VERIFIER;NON_DETERMINE;Fonds EEE sur indice non européen : vérifier la liste émetteur
IE000WMJVNE9;FAMETFMLSSIMETFP;FAMLSS;ETF;ETF Plus;EUR;IE;OUI;ESG ETF art. 8;Euronext;2026-08-04;A_VERIFIER;NON_DETERMINE;Fonds EEE sur indice non européen : vérifier la liste émetteur
IE000WOBV8X1;HANActUGOVETFP;UGOV;ETF;ETF Plus;EUR;IE;OUI;-;Euronext;2026-08-04;NON;CLASSE_ACTIFS;Obligataire/monétaire/crypto/matières premières sans montage PEA
IE000WQ5O293;BNP ACWI SRI ETF;PAACU;ETF;Euronext Paris - Multi-currency Trading;USD;IE;OUI;ESG ETF art. 8;Euronext;2026-08-04;A_VERIFIER;NON_DETERMINE;Fonds EEE sur indice non européen : vérifier la liste émetteur
IE000WRQ9RR1;GLOETFMAEUSHETFP;EDEF;ETF;ETF Plus;EUR;IE;OUI;-;Euronext;2026-08-04;PROBABLE;INDICE_EUROPEEN;Indice actions européen — quota 75 % actions UE respecté de fait
IE000WUTBLT5;HANETFMVDAIPETFP;AIPO;ETF;ETF Plus;EUR;IE;OUI;-;Euronext;2026-08-04;A_VERIFIER;NON_DETERMINE;Fonds EEE sur indice non européen : vérifier la liste émetteur
IE000WX7BVB0;JPMActJEGAETFP;JEGA;ETF;ETF Plus;EUR;IE;OUI;-;Euronext;2026-08-04;A_VERIFIER;NON_DETERMINE;Fonds EEE sur indice non européen : vérifier la liste émetteur
IE000WXLHR76;TABETFSOLES0ETFP;TUCP;ETF;ETF Plus;EUR;IE;OUI;ESG ETF art. 9;Euronext;2026-08-04;A_VERIFIER;NON_DETERMINE;Fonds EEE sur indice non européen : vérifier la liste émetteur
IE000WYTQSF9;HANETFINQQETETFP;INQQ;ETF;ETF Plus;EUR;IE;OUI;ESG ETF art. 8;Euronext;2026-08-04;A_VERIFIER;NON_DETERMINE;Fonds EEE sur indice non européen : vérifier la liste émetteur
IE000WYX67F4;Core EU CoBd US Hd;IUAC;ETF;Euronext Amsterdam - Multi-currency Trading;USD;IE;OUI;ESG ETF art. 8;Euronext;2026-08-04;A_VERIFIER;NON_DETERMINE;Fonds EEE sur indice non européen : vérifier la liste émetteur
IE000X1GW0A7;XTRETFM1WOIMETFP;WIMI;ETF;ETF Plus;EUR;IE;OUI;-;Euronext;2026-08-04;A_VERIFIER;NON_DETERMINE;Fonds EEE sur indice non européen : vérifier la liste émetteur
IE000X3D1YS5;PicActPQWHETFP;PQWH;ETF;ETF Plus;EUR;IE;OUI;ESG ETF art. 8;Euronext;2026-08-04;A_VERIFIER;NON_DETERMINE;Fonds EEE sur indice non européen : vérifier la liste émetteur
IE000X4A4GV2;XTRActXTAXETFP;XTAX;ETF;ETF Plus;EUR;IE;OUI;-;Euronext;2026-08-04;A_VERIFIER;NON_DETERMINE;Fonds EEE sur indice non européen : vérifier la liste émetteur
IE000X59ZHE2;ISHETFSTXAINETFP;AINF;ETF;ETF Plus | Euronext Amsterdam - Multi-currency Trading | Euronext Paris;EUR;IE;OUI;ESG ETF art. 8;Euronext;2026-08-04;A_VERIFIER;NON_DETERMINE;Fonds EEE sur indice non européen : vérifier la liste émetteur
IE000X5OD4M3;HANActPTAMETFP;PTAM;ETF;ETF Plus;EUR;IE;OUI;-;Euronext;2026-08-04;NON;CLASSE_ACTIFS;Obligataire/monétaire/crypto/matières premières sans montage PEA
IE000X7DRW38;WISETFWTGXUDETFP;XUSA;ETF;ETF Plus | Euronext Paris;EUR;IE;OUI;ESG ETF art. 8;Euronext;2026-08-04;A_VERIFIER;NON_DETERMINE;Fonds EEE sur indice non européen : vérifier la liste émetteur
IE000X9FTI22;HSBC MSCI WLD IS;HIWS;ETF;Euronext Paris;EUR;IE;OUI;ESG ETF art. 8;Euronext;2026-08-04;A_VERIFIER;NON_DETERMINE;Fonds EEE sur indice non européen : vérifier la liste émetteur
IE000X9TLGN8;WISETFWTREIMETFP;WNER;ETF;ETF Plus;EUR;IE;OUI;ESG ETF art. 8;Euronext;2026-08-04;A_VERIFIER;NON_DETERMINE;Fonds EEE sur indice non européen : vérifier la liste émetteur
IE000XAGSCY5;GLOETFBKCHIMETFP;BKCH;ETF;ETF Plus;EUR;IE;OUI;-;Euronext;2026-08-04;A_VERIFIER;NON_DETERMINE;Fonds EEE sur indice non européen : vérifier la liste émetteur
IE000XD7KCJ7;GLOETFRAYZIMETFP;RAYZ;ETF;ETF Plus;EUR;IE;OUI;ESG ETF art. 8;Euronext;2026-08-04;A_VERIFIER;NON_DETERMINE;Fonds EEE sur indice non européen : vérifier la liste émetteur
IE000XE5BZ07;INVActESTDETFP;ESTD;ETF;ETF Plus;EUR;IE;OUI;ESG ETF art. 8;Euronext;2026-08-04;A_VERIFIER;NON_DETERMINE;Fonds EEE sur indice non européen : vérifier la liste émetteur
IE000XERHYF0;ROBAct3DUSETFP;3DUS;ETF;ETF Plus;EUR;IE;OUI;ESG ETF art. 8;Euronext;2026-08-04;A_VERIFIER;NON_DETERMINE;Fonds EEE sur indice non européen : vérifier la liste émetteur
IE000XF8EOQ6;HORActINFUAXAMS;INFUA;ETF;Euronext Amsterdam - Multi-currency Trading;USD;IE;OUI;-;Euronext;2026-08-04;A_VERIFIER;NON_DETERMINE;Fonds EEE sur indice non européen : vérifier la liste émetteur
IE000XFCOS45;EU CBd 1-5 US H Ac;IE1U;ETF;Euronext Amsterdam - Multi-currency Trading;USD;IE;OUI;ESG ETF art. 8;Euronext;2026-08-04;NON;CLASSE_ACTIFS;Obligataire/monétaire/crypto/matières premières sans montage PEA
IE000XFUFRR4;PicActPQEUETFP;PQEU;ETF;ETF Plus;EUR;IE;OUI;ESG ETF art. 8;Euronext;2026-08-04;A_VERIFIER;NON_DETERMINE;Fonds EEE sur indice non européen : vérifier la liste émetteur
IE000XFXBGR0;UBSETFCSUSIMETFP;USSMC;ETF;ETF Plus;EUR;IE;OUI;ESG ETF art. 8;Euronext;2026-08-04;A_VERIFIER;NON_DETERMINE;Fonds EEE sur indice non européen : vérifier la liste émetteur
IE000XG0ZRI7;INVETFYHIGWHETFP;GBHE;ETF;ETF Plus;EUR;IE;OUI;ESG ETF art. 8;Euronext;2026-08-04;A_VERIFIER;NON_DETERMINE;Fonds EEE sur indice non européen : vérifier la liste émetteur
IE000XGNMWE1;HSBETFHAGGIMETFP;HAGG;ETF;ETF Plus;EUR;IE;OUI;ESG ETF art. 8;Euronext;2026-08-04;A_VERIFIER;NON_DETERMINE;Fonds EEE sur indice non européen : vérifier la liste émetteur
IE000XHZP7D3;WISETFWTAGIUETFP;WAGI;ETF;ETF Plus;EUR;IE;OUI;-;Euronext;2026-08-04;A_VERIFIER;NON_DETERMINE;Fonds EEE sur indice non européen : vérifier la liste émetteur
IE000XIBT2R7;INVACTLVLEETFP;LVLE;ETF;ETF Plus;EUR;IE;OUI;ESG ETF art. 8;Euronext;2026-08-04;A_VERIFIER;NON_DETERMINE;Fonds EEE sur indice non européen : vérifier la liste émetteur
IE000XJA2OU4;FRAActUSMIDETFP;USMID;ETF;ETF Plus | Euronext Paris;EUR;IE;OUI;-;Euronext;2026-08-04;A_VERIFIER;NON_DETERMINE;Fonds EEE sur indice non européen : vérifier la liste émetteur
IE000XL4IXU1;AMUETFMXUSEMETFP;XMGA;ETF;ETF Plus;EUR;IE;OUI;-;Euronext;2026-08-04;A_VERIFIER;NON_DETERMINE;Fonds EEE sur indice non européen : vérifier la liste émetteur
IE000XNILW20;WISETFSOLWTGETFP;WSDG;ETF;ETF Plus;EUR;IE;OUI;ESG ETF art. 9;Euronext;2026-08-04;A_VERIFIER;NON_DETERMINE;Fonds EEE sur indice non européen : vérifier la liste émetteur
IE000XOQ9TK4;XTRETFXNGIIMETFP;XNGI;ETF;ETF Plus;EUR;IE;OUI;ESG ETF art. 8;Euronext;2026-08-04;A_VERIFIER;NON_DETERMINE;Fonds EEE sur indice non européen : vérifier la liste émetteur
IE000XOS4OJ6;INVETFI38680ETFP;BE27;ETF;ETF Plus;EUR;IE;OUI;ESG ETF art. 8;Euronext;2026-08-04;A_VERIFIER;NON_DETERMINE;Fonds EEE sur indice non européen : vérifier la liste émetteur
IE000XRBP9E3;ISHETFIBGLIMXAMS;IGBY;ETF;Euronext Amsterdam;EUR;IE;OUI;-;Euronext;2026-08-04;NON;CLASSE_ACTIFS;Obligataire/monétaire/crypto/matières premières sans montage PEA
IE000XU8HDM2;ISHETFLUICTRXAMS;IDCB;ETF;Euronext Amsterdam - Multi-currency Trading;USD;IE;OUI;-;Euronext;2026-08-04;A_VERIFIER;NON_DETERMINE;Fonds EEE sur indice non européen : vérifier la liste émetteur
IE000XZSV718;SPDR S&P 500 UCITS;SPYL;ETF;Euronext Amsterdam | ETF Plus;EUR;IE;OUI;-;Euronext;2026-08-04;A_VERIFIER;NON_DETERMINE;Fonds EEE sur indice non européen : vérifier la liste émetteur
IE000Y1595P8;ISHActMAXDETFP;MAXD;ETF;ETF Plus | Euronext Amsterdam - Multi-currency Trading;EUR;IE;OUI;-;Euronext;2026-08-04;A_VERIFIER;NON_DETERMINE;Fonds EEE sur indice non européen : vérifier la liste émetteur
IE000Y247W99;iSh iBd Dc29 $ Dst;29ID;ETF;Euronext Amsterdam - Multi-currency Trading | Euronext Paris;USD;IE;OUI;ESG ETF art. 8;Euronext;2026-08-04;A_VERIFIER;NON_DETERMINE;Fonds EEE sur indice non européen : vérifier la liste émetteur
IE000Y2BJVK9;ISHETFI38443ETFP;30IA;ETF;ETF Plus;EUR;IE;OUI;ESG ETF art. 8;Euronext;2026-08-04;A_VERIFIER;NON_DETERMINE;Fonds EEE sur indice non européen : vérifier la liste émetteur
IE000Y2JPPS4;INVActCLOAETFP;CLOA;ETF;ETF Plus;EUR;IE;OUI;-;Euronext;2026-08-04;A_VERIFIER;NON_DETERMINE;Fonds EEE sur indice non européen : vérifier la liste émetteur
IE000Y3FZEN4;JanActJGBLETFP;JGBL;ETF;ETF Plus;EUR;IE;OUI;ESG ETF art. 8;Euronext;2026-08-04;A_VERIFIER;NON_DETERMINE;Fonds EEE sur indice non européen : vérifier la liste émetteur
IE000Y3ON470;ISHActECLUXAMS;ECLU;ETF;Euronext Amsterdam;EUR;IE;OUI;-;Euronext;2026-08-04;A_VERIFIER;NON_DETERMINE;Fonds EEE sur indice non européen : vérifier la liste émetteur
IE000Y50XF14;NICHEJUNGLE JAPAN;NJJAP;OPCVM;ATFund Instruments;EUR;IE;OUI;;Euronext;2026-08-04;A_VERIFIER;NON_DETERMINE;Fonds EEE sur indice non européen : vérifier la liste émetteur
IE000Y6L6LE6;XTRETFXNZEIMETFP;XNZE;ETF;ETF Plus;EUR;IE;OUI;ESG ETF art. 8;Euronext;2026-08-04;PROBABLE;INDICE_EUROPEEN;Indice actions européen — quota 75 % actions UE respecté de fait
IE000Y6ZXZ48;XTRETFS12RCPETFP;XG12;ETF;ETF Plus;EUR;IE;OUI;ESG ETF art. 8;Euronext;2026-08-04;A_VERIFIER;NON_DETERMINE;Fonds EEE sur indice non européen : vérifier la liste émetteur
IE000Y77LGG9;Am Wrld Cli Net 0;WSRI;ETF;Euronext Paris | Euronext Amsterdam - Multi-currency Trading | ETF Plus;EUR;IE;OUI;ESG ETF art. 8;Euronext;2026-08-04;A_VERIFIER;NON_DETERMINE;Fonds EEE sur indice non européen : vérifier la liste émetteur
IE000Y7V5EW2;ISHETFSP500XAMS;CSPEH;ETF;Euronext Amsterdam;EUR;IE;OUI;-;Euronext;2026-08-04;A_VERIFIER;NON_DETERMINE;Fonds EEE sur indice non européen : vérifier la liste émetteur
IE000Y83YZ44;WISETFWTGQGRETFP;WGRO;ETF;ETF Plus;EUR;IE;OUI;-;Euronext;2026-08-04;A_VERIFIER;NON_DETERMINE;Fonds EEE sur indice non européen : vérifier la liste émetteur
IE000Y9XFN19;ISHETFI38443XAMS;DI35;ETF;Euronext Amsterdam - Multi-currency Trading | Euronext Paris;USD;IE;OUI;ESG ETF art. 8;Euronext;2026-08-04;A_VERIFIER;NON_DETERMINE;Fonds EEE sur indice non européen : vérifier la liste émetteur
IE000YARBD10;BNPActAJASEETFP;AJASE;ETF;ETF Plus | Euronext Paris;EUR;IE;OUI;ESG ETF art. 8;Euronext;2026-08-04;A_VERIFIER;NON_DETERMINE;Fonds EEE sur indice non européen : vérifier la liste émetteur
IE000YASIPS3;AXAETFHPAEIMETFP;AIME;ETF;ETF Plus;EUR;IE;OUI;ESG ETF art. 8;Euronext;2026-08-04;A_VERIFIER;NON_DETERMINE;Fonds EEE sur indice non européen : vérifier la liste émetteur
IE000YC7FPB6;BLUETFFGLOIMXAMC;BSWC;ETF;Euronext Amsterdam - Multi-currency Trading;CZK;IE;OUI;-;Euronext;2026-08-04;A_VERIFIER;NON_DETERMINE;Fonds EEE sur indice non européen : vérifier la liste émetteur
IE000YDOORK7;XTRETFXFNTIMETFP;XFNT;ETF;ETF Plus;EUR;IE;OUI;ESG ETF art. 8;Euronext;2026-08-04;A_VERIFIER;NON_DETERMINE;Fonds EEE sur indice non européen : vérifier la liste émetteur
IE000YDZG487;HSBETFHNSCIMETFP;HNSC;ETF;ETF Plus;EUR;IE;OUI;-;Euronext;2026-08-04;A_VERIFIER;NON_DETERMINE;Fonds EEE sur indice non européen : vérifier la liste émetteur
IE000YELA4E3;LG ETFSPOEXEETFP;SP1E;ETF;ETF Plus;EUR;IE;OUI;-;Euronext;2026-08-04;A_VERIFIER;NON_DETERMINE;Fonds EEE sur indice non européen : vérifier la liste émetteur
IE000YG82CF0;ISHETF756292XAMS;UCTD;ETF;Euronext Amsterdam - Multi-currency Trading;USD;IE;OUI;ESG ETF art. 8;Euronext;2026-08-04;A_VERIFIER;NON_DETERMINE;Fonds EEE sur indice non européen : vérifier la liste émetteur
IE000YGEAK03;WISETFWTQGRWETFP;QGRW;ETF;ETF Plus;EUR;IE;OUI;ESG ETF art. 8;Euronext;2026-08-04;A_VERIFIER;NON_DETERMINE;Fonds EEE sur indice non européen : vérifier la liste émetteur
IE000YIQZ0H6;FIRETFBAISNETFP;FTAI;ETF;ETF Plus;EUR;IE;OUI;ESG ETF art. 8;Euronext;2026-08-04;A_VERIFIER;NON_DETERMINE;Fonds EEE sur indice non européen : vérifier la liste émetteur
IE000YIXESS9;ISHETFSPXCW3XAMS;SP3C;ETF;Euronext Amsterdam - Multi-currency Trading;USD;IE;OUI;-;Euronext;2026-08-04;A_VERIFIER;NON_DETERMINE;Fonds EEE sur indice non européen : vérifier la liste émetteur
IE000YK1TO74;JPMACTJYEHETFP;JYEH;ETF;ETF Plus;EUR;IE;OUI;-;Euronext;2026-08-04;A_VERIFIER;NON_DETERMINE;Fonds EEE sur indice non européen : vérifier la liste émetteur
IE000YKHGYN2;XTRETFNQGETSETFP;AWEX;ETF;ETF Plus;EUR;IE;OUI;-;Euronext;2026-08-04;A_VERIFIER;NON_DETERMINE;Fonds EEE sur indice non européen : vérifier la liste émetteur
IE000YMQ2SC9;LG ETFJPEIGKETFP;XBHE;ETF;ETF Plus;EUR;IE;OUI;ESG ETF art. 8;Euronext;2026-08-04;A_VERIFIER;NON_DETERMINE;Fonds EEE sur indice non européen : vérifier la liste émetteur
IE000YNE6S57;ISHETF756290XAMS;WCTD;ETF;Euronext Amsterdam - Multi-currency Trading;USD;IE;OUI;ESG ETF art. 8;Euronext;2026-08-04;A_VERIFIER;NON_DETERMINE;Fonds EEE sur indice non européen : vérifier la liste émetteur
IE000YNVI4W4;INVActIQEAETFP;IQEA;ETF;ETF Plus;EUR;IE;OUI;ESG ETF art. 8;Euronext;2026-08-04;PROBABLE;INDICE_EUROPEEN;Indice actions européen — quota 75 % actions UE respecté de fait
IE000YPOHA39;INVETFSOESTRETFP;EONS;ETF;ETF Plus;EUR;IE;OUI;-;Euronext;2026-08-04;NON;CLASSE_ACTIFS;Obligataire/monétaire/crypto/matières premières sans montage PEA
IE000YR7N5U8;HANActOBUSXPAR;OBUS;ETF;Euronext Paris;EUR;IE;OUI;ESG ETF art. 8;Euronext;2026-08-04;A_VERIFIER;NON_DETERMINE;Fonds EEE sur indice non européen : vérifier la liste émetteur
IE000YS5XL05;GLOETFMATOCNETFP;TKNX;ETF;ETF Plus;EUR;IE;OUI;-;Euronext;2026-08-04;A_VERIFIER;NON_DETERMINE;Fonds EEE sur indice non européen : vérifier la liste émetteur
IE000YSUEJ32;LG ETFTIGRIMETFP;TIGA;ETF;ETF Plus;EUR;IE;OUI;-;Euronext;2026-08-04;NON;CLASSE_ACTIFS;Obligataire/monétaire/crypto/matières premières sans montage PEA
IE000YU9K6K2;VANETFJEDIIMETFP;JEDI;ETF;ETF Plus | Euronext Paris;EUR;IE;OUI;ESG ETF art. 8;Euronext;2026-08-04;A_VERIFIER;NON_DETERMINE;Fonds EEE sur indice non européen : vérifier la liste émetteur
IE000YUTMIU2;FIDETFFGEUIMETFP;FGEA;ETF;ETF Plus;EUR;IE;OUI;ESG ETF art. 8;Euronext;2026-08-04;A_VERIFIER;NON_DETERMINE;Fonds EEE sur indice non européen : vérifier la liste émetteur
IE000YXUZAN8;FAMETFMVBIOPETFP;BTECJ;ETF;ETF Plus;EUR;IE;OUI;ESG ETF art. 8;Euronext;2026-08-04;A_VERIFIER;NON_DETERMINE;Fonds EEE sur indice non européen : vérifier la liste émetteur
IE000YYE6WK5;VANETFMVKGDFETFP;DFNS;ETF;ETF Plus | Euronext Paris;EUR;IE;OUI;-;Euronext;2026-08-04;A_VERIFIER;NON_DETERMINE;Fonds EEE sur indice non européen : vérifier la liste émetteur
IE000YYVSM16;VANETFMVELECETFP;PIKA;ETF;ETF Plus;EUR;IE;OUI;-;Euronext;2026-08-04;A_VERIFIER;NON_DETERMINE;Fonds EEE sur indice non européen : vérifier la liste émetteur
IE000YZIVX22;FRAETFTHEMIMETFP;CATHEM;ETF;ETF Plus;EUR;IE;OUI;ESG ETF art. 8;Euronext;2026-08-04;A_VERIFIER;NON_DETERMINE;Fonds EEE sur indice non européen : vérifier la liste émetteur
IE000Z1PCR88;ISHETFNU7620XAMS;WEQW;ETF;Euronext Amsterdam - Multi-currency Trading;USD;IE;OUI;-;Euronext;2026-08-04;A_VERIFIER;NON_DETERMINE;Fonds EEE sur indice non européen : vérifier la liste émetteur
IE000Z3S26J2;ISHETFSP500ETFP;CEB7;ETF;ETF Plus;EUR;IE;OUI;-;Euronext;2026-08-04;A_VERIFIER;NON_DETERMINE;Fonds EEE sur indice non européen : vérifier la liste émetteur
IE000Z4OBQK4;FRAETFMSUDESETFP;USDIV;ETF;ETF Plus | Euronext Paris;EUR;IE;OUI;-;Euronext;2026-08-04;A_VERIFIER;NON_DETERMINE;Fonds EEE sur indice non européen : vérifier la liste émetteur
IE000Z4OYPZ6;HSBCMSCICNAUSDACC;HCAS;ETF;Euronext Paris;EUR;IE;OUI;-;Euronext;2026-08-04;A_VERIFIER;NON_DETERMINE;Fonds EEE sur indice non européen : vérifier la liste émetteur
IE000Z5YU8X3;ISHActTENDETFP;TEND;ETF;ETF Plus | Euronext Amsterdam - Multi-currency Trading;EUR;IE;OUI;-;Euronext;2026-08-04;A_VERIFIER;NON_DETERMINE;Fonds EEE sur indice non européen : vérifier la liste émetteur
IE000Z6C4D62;INVActEUTDETFP;EUTD;ETF;ETF Plus;EUR;IE;OUI;ESG ETF art. 8;Euronext;2026-08-04;NON;CLASSE_ACTIFS;Obligataire/monétaire/crypto/matières premières sans montage PEA
IE000Z7ELYY2;HK INFBN ETF;INFBN;ETF;Euronext Amsterdam - Multi-currency Trading;USD;IE;OUI;-;Euronext;2026-08-04;A_VERIFIER;NON_DETERMINE;Fonds EEE sur indice non européen : vérifier la liste émetteur
IE000Z7P04F4;ISHETFNDX30UETFP;QTOP;ETF;ETF Plus | Euronext Amsterdam - Multi-currency Trading | Euronext Paris;EUR;IE;OUI;-;Euronext;2026-08-04;A_VERIFIER;NON_DETERMINE;Fonds EEE sur indice non européen : vérifier la liste émetteur
IE000Z9SJA06;XTRETFSP500ETFP;XDPU;ETF;ETF Plus;EUR;IE;OUI;-;Euronext;2026-08-04;A_VERIFIER;NON_DETERMINE;Fonds EEE sur indice non européen : vérifier la liste émetteur
IE000ZAJ6XQ2;JPMActJRINETFP;JRIN;ETF;ETF Plus;EUR;IE;OUI;ESG ETF art. 8;Euronext;2026-08-04;A_VERIFIER;NON_DETERMINE;Fonds EEE sur indice non européen : vérifier la liste émetteur
IE000ZBGZQM8;ISHETFI38742ETFP;IG33;ETF;ETF Plus | Euronext Amsterdam;EUR;IE;OUI;ESG ETF art. 8;Euronext;2026-08-04;A_VERIFIER;NON_DETERMINE;Fonds EEE sur indice non européen : vérifier la liste émetteur
IE000ZC4C5Q1;INVETFI38676ETFP;BE29;ETF;ETF Plus;EUR;IE;OUI;ESG ETF art. 8;Euronext;2026-08-04;A_VERIFIER;NON_DETERMINE;Fonds EEE sur indice non européen : vérifier la liste émetteur
IE000ZDDJWZ5;ISHETFM1WOUXAMC;XUES;ETF;Euronext Amsterdam - Multi-currency Trading;USD;IE;OUI;-;Euronext;2026-08-04;A_VERIFIER;NON_DETERMINE;Fonds EEE sur indice non européen : vérifier la liste émetteur
IE000ZEOCR03;SSGETFSPEQFAETFP;QPEU;ETF;ETF Plus;EUR;IE;OUI;-;Euronext;2026-08-04;A_VERIFIER;NON_DETERMINE;Fonds EEE sur indice non européen : vérifier la liste émetteur
IE000ZHBBSR2;FAMActPRIMOETFP;PRIMO;ETF;ETF Plus;EUR;IE;OUI;-;Euronext;2026-08-04;PROBABLE;INDICE_EUROPEEN;Indice actions européen — quota 75 % actions UE respecté de fait
IE000ZIJ5B20;AMUETFSPDSESETFP;STAW;ETF;ETF Plus | Euronext Paris;EUR;IE;OUI;ESG ETF art. 8;Euronext;2026-08-04;A_VERIFIER;NON_DETERMINE;Fonds EEE sur indice non européen : vérifier la liste émetteur
IE000ZMFFPP4;SSGETFI00055ETFP;TRA3;ETF;ETF Plus;EUR;IE;OUI;-;Euronext;2026-08-04;A_VERIFIER;NON_DETERMINE;Fonds EEE sur indice non européen : vérifier la liste émetteur
IE000ZO4CUT7;LG ETFEMUSIMETFP;EMMH;ETF;ETF Plus;EUR;IE;OUI;ESG ETF art. 8;Euronext;2026-08-04;A_VERIFIER;NON_DETERMINE;Fonds EEE sur indice non européen : vérifier la liste émetteur
IE000ZOI8OK5;iBds D27 Term E Ac;IB27;ETF;Euronext Paris | ETF Plus;EUR;IE;OUI;ESG ETF art. 8;Euronext;2026-08-04;NON;CLASSE_ACTIFS;Obligataire/monétaire/crypto/matières premières sans montage PEA
IE000ZOKLHY7;FRAETFFOFDIVXPAR;FOFD;ETF;Euronext Paris | ETF Plus;EUR;IE;OUI;ESG ETF art. 8;Euronext;2026-08-04;A_VERIFIER;NON_DETERMINE;Fonds EEE sur indice non européen : vérifier la liste émetteur
IE000ZPUEP93;ISHARES SP B $ D;BNKT;ETF;Euronext Amsterdam - Multi-currency Trading;USD;IE;OUI;-;Euronext;2026-08-04;A_VERIFIER;NON_DETERMINE;Fonds EEE sur indice non européen : vérifier la liste émetteur
IE000ZQOIPB1;HSBCMSCIEUROEURACC;HMES;ETF;Euronext Paris;EUR;IE;OUI;-;Euronext;2026-08-04;A_VERIFIER;NON_DETERMINE;Fonds EEE sur indice non européen : vérifier la liste émetteur
IE000ZURGSV2;HSBActHQWAETFP;HQWA;ETF;ETF Plus;EUR;IE;OUI;-;Euronext;2026-08-04;A_VERIFIER;NON_DETERMINE;Fonds EEE sur indice non européen : vérifier la liste émetteur
IE000ZUTO1I5;GOLActGQJYETFP;GQJY;ETF;ETF Plus | Euronext Paris;EUR;IE;OUI;ESG ETF art. 8;Euronext;2026-08-04;NON;CLASSE_ACTIFS;Obligataire/monétaire/crypto/matières premières sans montage PEA
IE000ZWSN3F7;INVETFYHIGWHETFP;GBHY;ETF;ETF Plus;EUR;IE;OUI;ESG ETF art. 8;Euronext;2026-08-04;A_VERIFIER;NON_DETERMINE;Fonds EEE sur indice non européen : vérifier la liste émetteur
IE000ZZJ48Q0;FRAETFFLQD71ETFP;DIVO;ETF;ETF Plus;EUR;IE;OUI;-;Euronext;2026-08-04;A_VERIFIER;NON_DETERMINE;Fonds EEE sur indice non européen : vérifier la liste émetteur
IE0031442068;ISHARES S&P 500;IUSA;ETF;Euronext Amsterdam | ETF Plus;EUR;IE;OUI;-;Euronext;2026-08-04;A_VERIFIER;NON_DETERMINE;Fonds EEE sur indice non européen : vérifier la liste émetteur
IE0032077012;INVETFND100ETFP;EQQQ;ETF;ETF Plus | Euronext Paris;EUR;IE;OUI;-;Euronext;2026-08-04;A_VERIFIER;NON_DETERMINE;Fonds EEE sur indice non européen : vérifier la liste émetteur
IE0032523478;ISHARES E CORP BD;IBCX;ETF;Euronext Amsterdam | ETF Plus;EUR;IE;OUI;-;Euronext;2026-08-04;NON;CLASSE_ACTIFS;Obligataire/monétaire/crypto/matières premières sans montage PEA
IE0032895942;ISHARES USD CRP BD;LQDA;ETF;Euronext Amsterdam | ETF Plus;EUR;IE;OUI;-;Euronext;2026-08-04;NON;CLASSE_ACTIFS;Obligataire/monétaire/crypto/matières premières sans montage PEA
IE00B02KXH56;ISHARES JAPAN;IJPN;ETF;Euronext Amsterdam | ETF Plus;EUR;IE;OUI;-;Euronext;2026-08-04;A_VERIFIER;NON_DETERMINE;Fonds EEE sur indice non européen : vérifier la liste émetteur
IE00B02KXK85;ISHARES CHINA 50;FXC;ETF;Euronext Amsterdam | ETF Plus;EUR;IE;OUI;-;Euronext;2026-08-04;A_VERIFIER;NON_DETERMINE;Fonds EEE sur indice non européen : vérifier la liste émetteur
IE00B02KXL92;ISHARES ESTOXX MID;DJMC;ETF;Euronext Amsterdam;EUR;IE;OUI;-;Euronext;2026-08-04;PROBABLE;INDICE_EUROPEEN;Indice actions européen — quota 75 % actions UE respecté de fait
IE00B02KXM00;ISHARES ESTOXX SML;DJSC;ETF;Euronext Amsterdam | ETF Plus;EUR;IE;OUI;-;Euronext;2026-08-04;PROBABLE;INDICE_EUROPEEN;Indice actions européen — quota 75 % actions UE respecté de fait
IE00B0M62Q58;ISHARES WORLD;IWRD;ETF;Euronext Amsterdam | ETF Plus;EUR;IE;OUI;-;Euronext;2026-08-04;A_VERIFIER;NON_DETERMINE;Fonds EEE sur indice non européen : vérifier la liste émetteur
IE00B0M62S72;ISHARES ESTOXX DIV;IDVY;ETF;Euronext Amsterdam | ETF Plus;EUR;IE;OUI;-;Euronext;2026-08-04;PROBABLE;INDICE_EUROPEEN;Indice actions européen — quota 75 % actions UE respecté de fait
IE00B0M62V02;ISHARES ESTOXX GRO;IDJG;ETF;Euronext Amsterdam;EUR;IE;OUI;-;Euronext;2026-08-04;PROBABLE;INDICE_EUROPEEN;Indice actions européen — quota 75 % actions UE respecté de fait
IE00B0M62X26;ISHARES E INF-LINK;IBCI;ETF;Euronext Amsterdam | ETF Plus;EUR;IE;OUI;-;Euronext;2026-08-04;NON;CLASSE_ACTIFS;Obligataire/monétaire/crypto/matières premières sans montage PEA
IE00B0M62Y33;ISHARES AEX;IAEX;ETF;Euronext Amsterdam;EUR;IE;OUI;-;Euronext;2026-08-04;PROBABLE;INDICE_EUROPEEN;Indice actions européen — quota 75 % actions UE respecté de fait
IE00B0M63060;ISHETFIUKDIMETFP;IUKD;ETF;ETF Plus;EUR;IE;OUI;-;Euronext;2026-08-04;A_VERIFIER;NON_DETERMINE;Fonds EEE sur indice non européen : vérifier la liste émetteur
IE00B0M63177;ISHARES EM MARKETS;IEMM;ETF;Euronext Amsterdam | ETF Plus;EUR;IE;OUI;-;Euronext;2026-08-04;A_VERIFIER;NON_DETERMINE;Fonds EEE sur indice non européen : vérifier la liste émetteur
IE00B0M63284;ISHARES PROP EURO;IPRP;ETF;Euronext Amsterdam;EUR;IE;OUI;-;Euronext;2026-08-04;PROBABLE;INDICE_EUROPEEN;Indice actions européen — quota 75 % actions UE respecté de fait
IE00B0M63391;ISHARES KOREA;IKRA;ETF;Euronext Amsterdam;EUR;IE;OUI;-;Euronext;2026-08-04;A_VERIFIER;NON_DETERMINE;Fonds EEE sur indice non européen : vérifier la liste émetteur
IE00B0M63516;ISHARES BRAZIL;IBZL;ETF;Euronext Amsterdam | ETF Plus;EUR;IE;OUI;-;Euronext;2026-08-04;A_VERIFIER;NON_DETERMINE;Fonds EEE sur indice non européen : vérifier la liste émetteur
IE00B0M63623;ISHARES TAIWAN;ITWN;ETF;Euronext Amsterdam | ETF Plus;EUR;IE;OUI;-;Euronext;2026-08-04;A_VERIFIER;NON_DETERMINE;Fonds EEE sur indice non européen : vérifier la liste émetteur
IE00B0M63730;ISHARES EAST EX-JP;IFFF;ETF;Euronext Amsterdam;EUR;IE;OUI;-;Euronext;2026-08-04;A_VERIFIER;NON_DETERMINE;Fonds EEE sur indice non européen : vérifier la liste émetteur
IE00B14X4M10;ISHARES N-AMERICA;INAA;ETF;Euronext Amsterdam | ETF Plus;EUR;IE;OUI;-;Euronext;2026-08-04;A_VERIFIER;NON_DETERMINE;Fonds EEE sur indice non européen : vérifier la liste émetteur
IE00B14X4N27;ISHARES EUROP EXUK;IEUX;ETF;Euronext Amsterdam | ETF Plus;EUR;IE;OUI;-;Euronext;2026-08-04;PROBABLE;INDICE_EUROPEEN;Indice actions européen — quota 75 % actions UE respecté de fait
IE00B14X4Q57;ISHARES E GOV1-3;IBGS;ETF;Euronext Amsterdam | ETF Plus;EUR;IE;OUI;-;Euronext;2026-08-04;NON;CLASSE_ACTIFS;Obligataire/monétaire/crypto/matières premières sans montage PEA
IE00B14X4S71;ISHARES US T 1-3;IBTS;ETF;Euronext Amsterdam | ETF Plus;EUR;IE;OUI;-;Euronext;2026-08-04;A_VERIFIER;NON_DETERMINE;Fonds EEE sur indice non européen : vérifier la liste émetteur
IE00B14X4T88;ISHETFIAPDIMETFP;IAPD;ETF;ETF Plus;EUR;IE;OUI;-;Euronext;2026-08-04;A_VERIFIER;NON_DETERMINE;Fonds EEE sur indice non européen : vérifier la liste émetteur
IE00B1FZS244;ISHARES PROP ASIA;IASP;ETF;Euronext Amsterdam;EUR;IE;OUI;-;Euronext;2026-08-04;A_VERIFIER;NON_DETERMINE;Fonds EEE sur indice non européen : vérifier la liste émetteur
IE00B1FZS350;ISHARES PROP GLO;IWDP;ETF;Euronext Amsterdam | ETF Plus;EUR;IE;OUI;-;Euronext;2026-08-04;A_VERIFIER;NON_DETERMINE;Fonds EEE sur indice non européen : vérifier la liste émetteur
IE00B1FZS467;ISHARES INFRA GLO;INFR;ETF;Euronext Amsterdam | ETF Plus;EUR;IE;OUI;-;Euronext;2026-08-04;A_VERIFIER;NON_DETERMINE;Fonds EEE sur indice non européen : vérifier la liste émetteur
IE00B1FZS574;ISHARES TURKEY;ITKY;ETF;Euronext Amsterdam;EUR;IE;OUI;-;Euronext;2026-08-04;A_VERIFIER;NON_DETERMINE;Fonds EEE sur indice non européen : vérifier la liste émetteur
IE00B1FZS681;ISHARES E GOV3-5;IBGX;ETF;Euronext Amsterdam | ETF Plus;EUR;IE;OUI;-;Euronext;2026-08-04;NON;CLASSE_ACTIFS;Obligataire/monétaire/crypto/matières premières sans montage PEA
IE00B1FZS798;ISHARES US T 7-10;BTMA;ETF;Euronext Amsterdam | ETF Plus;EUR;IE;OUI;-;Euronext;2026-08-04;NON;CLASSE_ACTIFS;Obligataire/monétaire/crypto/matières premières sans montage PEA
IE00B1FZS806;ISHARES E GOV7-10;IBGM;ETF;Euronext Amsterdam | ETF Plus;EUR;IE;OUI;-;Euronext;2026-08-04;NON;CLASSE_ACTIFS;Obligataire/monétaire/crypto/matières premières sans montage PEA
IE00B1FZS913;ISHARES E GOV15-30;IBGL;ETF;Euronext Amsterdam | ETF Plus;EUR;IE;OUI;-;Euronext;2026-08-04;NON;CLASSE_ACTIFS;Obligataire/monétaire/crypto/matières premières sans montage PEA
IE00B1FZSB30;ISHETFIGLTIMETFP;IGLT;ETF;ETF Plus;EUR;IE;OUI;-;Euronext;2026-08-04;A_VERIFIER;NON_DETERMINE;Fonds EEE sur indice non européen : vérifier la liste émetteur
IE00B1FZSC47;ISHARES US TIPS;TPSA;ETF;Euronext Amsterdam | ETF Plus;EUR;IE;OUI;-;Euronext;2026-08-04;A_VERIFIER;NON_DETERMINE;Fonds EEE sur indice non européen : vérifier la liste émetteur
IE00B1FZSD53;ISHETFINXGIMETFP;INXG;ETF;ETF Plus;EUR;IE;OUI;-;Euronext;2026-08-04;A_VERIFIER;NON_DETERMINE;Fonds EEE sur indice non européen : vérifier la liste émetteur
IE00B1FZSF77;ISHARES PROP US;IUSP;ETF;Euronext Amsterdam | ETF Plus;EUR;IE;OUI;-;Euronext;2026-08-04;A_VERIFIER;NON_DETERMINE;Fonds EEE sur indice non européen : vérifier la liste émetteur
IE00B1TXHL60;ISHARES PRIVATE EQ;IPRV;ETF;Euronext Amsterdam;EUR;IE;OUI;-;Euronext;2026-08-04;A_VERIFIER;NON_DETERMINE;Fonds EEE sur indice non européen : vérifier la liste émetteur
IE00B1TXK627;ISHETFSPGWETFP;IH2O;ETF;ETF Plus;EUR;IE;OUI;-;Euronext;2026-08-04;A_VERIFIER;NON_DETERMINE;Fonds EEE sur indice non européen : vérifier la liste émetteur
IE00B1TXLS18;ISHETFIUKPIMETFP;IUKP;ETF;ETF Plus;EUR;IE;OUI;-;Euronext;2026-08-04;A_VERIFIER;NON_DETERMINE;Fonds EEE sur indice non européen : vérifier la liste émetteur
IE00B1W57M07;ISHARES BIC 50;BRIC;ETF;Euronext Amsterdam;EUR;IE;OUI;-;Euronext;2026-08-04;A_VERIFIER;NON_DETERMINE;Fonds EEE sur indice non européen : vérifier la liste émetteur
IE00B1XNH568;ISHETFFTMIBETFP;IMIB;ETF;ETF Plus;EUR;IE;OUI;-;Euronext;2026-08-04;PROBABLE;INDICE_EUROPEEN;Indice actions européen — quota 75 % actions UE respecté de fait
IE00B1XNHC34;ISHETFSPGCLETFP;INRG;ETF;ETF Plus;EUR;IE;OUI;ESG ETF art. 8;Euronext;2026-08-04;A_VERIFIER;NON_DETERMINE;Fonds EEE sur indice non européen : vérifier la liste émetteur
IE00B1YZSC51;ISHARES EUROPE;IMEU;ETF;Euronext Amsterdam | ETF Plus;EUR;IE;OUI;-;Euronext;2026-08-04;PROBABLE;INDICE_EUROPEEN;Indice actions européen — quota 75 % actions UE respecté de fait
IE00B23D8S39;INVETFPFTIMETFP;PFT;ETF;ETF Plus | Euronext Paris;EUR;IE;OUI;-;Euronext;2026-08-04;A_VERIFIER;NON_DETERMINE;Fonds EEE sur indice non européen : vérifier la liste émetteur
IE00B23D8X81;INVETFPEFIMETFP;PEF;ETF;ETF Plus;EUR;IE;OUI;-;Euronext;2026-08-04;A_VERIFIER;NON_DETERMINE;Fonds EEE sur indice non européen : vérifier la liste émetteur
IE00B23D9570;INVETFPEHIMETFP;PEH;ETF;ETF Plus;EUR;IE;OUI;-;Euronext;2026-08-04;A_VERIFIER;NON_DETERMINE;Fonds EEE sur indice non européen : vérifier la liste émetteur
IE00B23LNQ02;INVETFPSRWIMETFP;PSRW;ETF;ETF Plus;EUR;IE;OUI;-;Euronext;2026-08-04;A_VERIFIER;NON_DETERMINE;Fonds EEE sur indice non européen : vérifier la liste émetteur
IE00B27YCK28;ISHARES LATIN AM;LTAM;ETF;Euronext Amsterdam | ETF Plus;EUR;IE;OUI;-;Euronext;2026-08-04;A_VERIFIER;NON_DETERMINE;Fonds EEE sur indice non européen : vérifier la liste émetteur
IE00B2NPKV68;ISHETFJPEMIETFP;IEMB;ETF;ETF Plus;EUR;IE;OUI;-;Euronext;2026-08-04;A_VERIFIER;NON_DETERMINE;Fonds EEE sur indice non européen : vérifier la liste émetteur
IE00B2QWDY88;ISHETFISJPIMETFP;ISJP;ETF;ETF Plus;EUR;IE;OUI;-;Euronext;2026-08-04;A_VERIFIER;NON_DETERMINE;Fonds EEE sur indice non européen : vérifier la liste émetteur
IE00B3B8Q275;ISHARES E COV BOND;ICOV;ETF;Euronext Amsterdam | ETF Plus;EUR;IE;OUI;-;Euronext;2026-08-04;NON;CLASSE_ACTIFS;Obligataire/monétaire/crypto/matières premières sans montage PEA
IE00B3BPCH51;INVETFPEUIMETFP;PEU;ETF;ETF Plus | Euronext Paris;EUR;IE;OUI;-;Euronext;2026-08-04;NON;CLASSE_ACTIFS;Obligataire/monétaire/crypto/matières premières sans montage PEA
IE00B3CNHG25;L&G Gold Mining;AUCO;ETF;Euronext Amsterdam | ETF Plus;EUR;IE;OUI;-;Euronext;2026-08-04;A_VERIFIER;NON_DETERMINE;Fonds EEE sur indice non européen : vérifier la liste émetteur
IE00B3CNHJ55;L&G Russell 2000;RTWO;ETF;Euronext Amsterdam | ETF Plus;EUR;IE;OUI;-;Euronext;2026-08-04;A_VERIFIER;NON_DETERMINE;Fonds EEE sur indice non européen : vérifier la liste émetteur
IE00B3DKXQ41;ISHARES B E AGG;IEAG;ETF;Euronext Amsterdam | ETF Plus;EUR;IE;OUI;ESG ETF art. 8;Euronext;2026-08-04;NON;CLASSE_ACTIFS;Obligataire/monétaire/crypto/matières premières sans montage PEA
IE00B3DWVS88;INVETFGEASIMETFP;MXFS;ETF;ETF Plus;EUR;IE;OUI;-;Euronext;2026-08-04;A_VERIFIER;NON_DETERMINE;Fonds EEE sur indice non européen : vérifier la liste émetteur
IE00B3F81R35;ISHARES B E CORP;IEAC;ETF;Euronext Amsterdam | ETF Plus;EUR;IE;OUI;-;Euronext;2026-08-04;NON;CLASSE_ACTIFS;Obligataire/monétaire/crypto/matières premières sans montage PEA
IE00B3FH7618;ISHARES B E TR 0-1;IEGE;ETF;Euronext Amsterdam | ETF Plus;EUR;IE;OUI;-;Euronext;2026-08-04;NON;CLASSE_ACTIFS;Obligataire/monétaire/crypto/matières premières sans montage PEA
IE00B3RBWM25;VANETFVWCEIMETFP;VWRL;ETF;ETF Plus | Euronext Amsterdam, Paris;EUR;IE;OUI;-;Euronext;2026-08-04;A_VERIFIER;NON_DETERMINE;Fonds EEE sur indice non européen : vérifier la liste émetteur
IE00B3S1J086;HSBETFHTWNIMETFP;HTWN;ETF;ETF Plus;EUR;IE;OUI;-;Euronext;2026-08-04;A_VERIFIER;NON_DETERMINE;Fonds EEE sur indice non européen : vérifier la liste émetteur
IE00B3S5XW04;SSGETFGOVAIMETFP;GOVY;ETF;ETF Plus;EUR;IE;OUI;-;Euronext;2026-08-04;A_VERIFIER;NON_DETERMINE;Fonds EEE sur indice non européen : vérifier la liste émetteur
IE00B3T9LM79;SSGETFXBLCIMETFP;EUCO;ETF;ETF Plus;EUR;IE;OUI;-;Euronext;2026-08-04;A_VERIFIER;NON_DETERMINE;Fonds EEE sur indice non européen : vérifier la liste émetteur
IE00B3VPKB53;INVETFXLUSIMETFP;XLUS;ETF;ETF Plus;EUR;IE;OUI;-;Euronext;2026-08-04;A_VERIFIER;NON_DETERMINE;Fonds EEE sur indice non européen : vérifier la liste émetteur
IE00B3VSSL01;INVETFXLKSIMETFP;XLKS;ETF;ETF Plus;EUR;IE;OUI;-;Euronext;2026-08-04;A_VERIFIER;NON_DETERMINE;Fonds EEE sur indice non européen : vérifier la liste émetteur
IE00B3VTMJ91;ISHETFIBGSIMETFP;CSBGE3;ETF;ETF Plus;EUR;IE;OUI;-;Euronext;2026-08-04;NON;CLASSE_ACTIFS;Obligataire/monétaire/crypto/matières premières sans montage PEA
IE00B3VTML14;ISHETFBGE7IMETFP;CSBGE7;ETF;ETF Plus | Euronext Amsterdam;EUR;IE;OUI;-;Euronext;2026-08-04;NON;CLASSE_ACTIFS;Obligataire/monétaire/crypto/matières premières sans montage PEA
IE00B3VTN290;ISHETFIBGMIMETFP;SXRQ;ETF;ETF Plus;EUR;IE;OUI;-;Euronext;2026-08-04;NON;CLASSE_ACTIFS;Obligataire/monétaire/crypto/matières premières sans montage PEA
IE00B3VVMM84;VANETFVFEAIMETFP;VFEM;ETF;ETF Plus | Euronext Amsterdam, Paris;EUR;IE;OUI;-;Euronext;2026-08-04;A_VERIFIER;NON_DETERMINE;Fonds EEE sur indice non européen : vérifier la liste émetteur
IE00B3VWM098;ISHETFSUSSIMETFP;CSUSS;ETF;ETF Plus;EUR;IE;OUI;ESG ETF art. 8;Euronext;2026-08-04;A_VERIFIER;NON_DETERMINE;Fonds EEE sur indice non européen : vérifier la liste émetteur
IE00B3VWMM18;ISHETFETUSITETFP;CSEMUS;ETF;ETF Plus;EUR;IE;OUI;-;Euronext;2026-08-04;PROBABLE;INDICE_EUROPEEN;Indice actions européen — quota 75 % actions UE respecté de fait
IE00B3VWN179;ISHETFBGU3IMETFP;CSBGU3;ETF;ETF Plus;EUR;IE;OUI;-;Euronext;2026-08-04;A_VERIFIER;NON_DETERMINE;Fonds EEE sur indice non européen : vérifier la liste émetteur
IE00B3VWN393;ISHETFBGU7IMETFP;CSBGU7;ETF;ETF Plus | Euronext Amsterdam;EUR;IE;OUI;-;Euronext;2026-08-04;NON;CLASSE_ACTIFS;Obligataire/monétaire/crypto/matières premières sans montage PEA
IE00B3WMTH43;INVETFXLVSIMETFP;XLVS;ETF;ETF Plus;EUR;IE;OUI;-;Euronext;2026-08-04;A_VERIFIER;NON_DETERMINE;Fonds EEE sur indice non européen : vérifier la liste émetteur
IE00B3XM3R14;INVETFXLBSIMETFP;XLBS;ETF;ETF Plus;EUR;IE;OUI;-;Euronext;2026-08-04;A_VERIFIER;NON_DETERMINE;Fonds EEE sur indice non européen : vérifier la liste émetteur
IE00B3XXRP09;VANETFSP500TETFP;VUSA;ETF;ETF Plus | Euronext Amsterdam, Paris;EUR;IE;OUI;-;Euronext;2026-08-04;A_VERIFIER;NON_DETERMINE;Fonds EEE sur indice non européen : vérifier la liste émetteur
IE00B3Y8D011;XTRACTXS7WETFP;XS7W;ETF;ETF Plus;EUR;IE;OUI;-;Euronext;2026-08-04;A_VERIFIER;NON_DETERMINE;Fonds EEE sur indice non européen : vérifier la liste émetteur
IE00B3YC1100;INVETFXLISIMETFP;XLIS;ETF;ETF Plus;EUR;IE;OUI;-;Euronext;2026-08-04;A_VERIFIER;NON_DETERMINE;Fonds EEE sur indice non européen : vérifier la liste émetteur
IE00B3YCGJ38;INVETFSP500TETFP;SPXS;ETF;ETF Plus | Euronext Amsterdam;EUR;IE;OUI;-;Euronext;2026-08-04;A_VERIFIER;NON_DETERMINE;Fonds EEE sur indice non européen : vérifier la liste émetteur
IE00B3YLTY66;SPDR ACWI IMI;IMIE;ETF;Euronext Paris | ETF Plus;EUR;IE;OUI;-;Euronext;2026-08-04;A_VERIFIER;NON_DETERMINE;Fonds EEE sur indice non européen : vérifier la liste émetteur
IE00B3Z0X395;HSBETFHKORIMETFP;HKOR;ETF;ETF Plus;EUR;IE;OUI;-;Euronext;2026-08-04;A_VERIFIER;NON_DETERMINE;Fonds EEE sur indice non européen : vérifier la liste émetteur
IE00B3Z3FS74;UBSETFGEASIMETFP;EMGEAS;ETF;ETF Plus;EUR;IE;OUI;-;Euronext;2026-08-04;A_VERIFIER;NON_DETERMINE;Fonds EEE sur indice non européen : vérifier la liste émetteur
IE00B3ZW0K18;ISHETFIUSEIMETFP;IUSE;ETF;ETF Plus | Euronext Amsterdam;EUR;IE;OUI;-;Euronext;2026-08-04;A_VERIFIER;NON_DETERMINE;Fonds EEE sur indice non européen : vérifier la liste émetteur
IE00B42Q4896;INVETFXLFSIMETFP;XLFS;ETF;ETF Plus;EUR;IE;OUI;-;Euronext;2026-08-04;A_VERIFIER;NON_DETERMINE;Fonds EEE sur indice non européen : vérifier la liste émetteur
IE00B42TW061;HSBC FTSE 100 ETF;UKX;ETF;Euronext Paris;EUR;IE;OUI;-;Euronext;2026-08-04;A_VERIFIER;NON_DETERMINE;Fonds EEE sur indice non européen : vérifier la liste émetteur
IE00B42Z5J44;ISHETFIJPEIMETFP;IJPE;ETF;ETF Plus | Euronext Amsterdam;EUR;IE;OUI;-;Euronext;2026-08-04;A_VERIFIER;NON_DETERMINE;Fonds EEE sur indice non européen : vérifier la liste émetteur
IE00B435BG20;INVETFXLPSIMETFP;XLPS;ETF;ETF Plus;EUR;IE;OUI;-;Euronext;2026-08-04;A_VERIFIER;NON_DETERMINE;Fonds EEE sur indice non européen : vérifier la liste émetteur
IE00B435CG94;INVETFXLESIMETFP;XLES;ETF;ETF Plus;EUR;IE;OUI;-;Euronext;2026-08-04;A_VERIFIER;NON_DETERMINE;Fonds EEE sur indice non européen : vérifier la liste émetteur
IE00B43QJJ40;SSGETFGLAGIMETFP;GLAG;ETF;ETF Plus;EUR;IE;OUI;-;Euronext;2026-08-04;A_VERIFIER;NON_DETERMINE;Fonds EEE sur indice non européen : vérifier la liste émetteur
IE00B43VDT70;INVETCSILVEETFP;SSLV;ETF;ETF Plus;EUR;IE;OUI;-;Euronext;2026-08-04;NON;CLASSE_ACTIFS;Obligataire/monétaire/crypto/matières premières sans montage PEA
IE00B441G979;ISHETFIWDEIMETFP;IWDE;ETF;ETF Plus | Euronext Amsterdam;EUR;IE;OUI;-;Euronext;2026-08-04;A_VERIFIER;NON_DETERMINE;Fonds EEE sur indice non européen : vérifier la liste émetteur
IE00B449XP68;INVETFXLYSIMETFP;XLYS;ETF;ETF Plus;EUR;IE;OUI;-;Euronext;2026-08-04;A_VERIFIER;NON_DETERMINE;Fonds EEE sur indice non européen : vérifier la liste émetteur
IE00B44CND37;SSGETFTRSYIMETFP;TRSY;ETF;ETF Plus;EUR;IE;OUI;-;Euronext;2026-08-04;A_VERIFIER;NON_DETERMINE;Fonds EEE sur indice non européen : vérifier la liste émetteur
IE00B44T3H88;HSBC MSCI CHINA;CNY;ETF;Euronext Paris | ETF Plus;EUR;IE;OUI;-;Euronext;2026-08-04;A_VERIFIER;NON_DETERMINE;Fonds EEE sur indice non européen : vérifier la liste émetteur
IE00B44Z5B48;SPDR ACWI;ACWE;ETF;Euronext Paris | ETF Plus;EUR;IE;OUI;-;Euronext;2026-08-04;A_VERIFIER;NON_DETERMINE;Fonds EEE sur indice non européen : vérifier la liste émetteur
IE00B4556L06;iShETCPLDMLNETFP;SPDM;ETF;ETF Plus;EUR;IE;OUI;-;Euronext;2026-08-04;NON;CLASSE_ACTIFS;Obligataire/monétaire/crypto/matières premières sans montage PEA
IE00B4613386;SSGETFEMLAIMETFP;EMLD;ETF;ETF Plus;EUR;IE;OUI;-;Euronext;2026-08-04;A_VERIFIER;NON_DETERMINE;Fonds EEE sur indice non européen : vérifier la liste émetteur
IE00B466KX20;SSGETFEMAEIMETFP;EMAE;ETF;ETF Plus;EUR;IE;OUI;-;Euronext;2026-08-04;A_VERIFIER;NON_DETERMINE;Fonds EEE sur indice non européen : vérifier la liste émetteur
IE00B469F816;SSGETFGEASIMETFP;EMRG;ETF;ETF Plus;EUR;IE;OUI;-;Euronext;2026-08-04;A_VERIFIER;NON_DETERMINE;Fonds EEE sur indice non européen : vérifier la liste émetteur
IE00B46G8275;HSBETFXMINIMETFP;HIDD;ETF;ETF Plus;EUR;IE;OUI;-;Euronext;2026-08-04;A_VERIFIER;NON_DETERMINE;Fonds EEE sur indice non européen : vérifier la liste émetteur
IE00B4K48X80;ISHARES MSCI EUR A;IMAE;ETF;Euronext Amsterdam | ETF Plus;EUR;IE;OUI;-;Euronext;2026-08-04;PROBABLE;INDICE_EUROPEEN;Indice actions européen — quota 75 % actions UE respecté de fait
IE00B4K6B022;HSBC EUROSTX50 ETF;50E;ETF;Euronext Paris | ETF Plus;EUR;IE;OUI;-;Euronext;2026-08-04;PROBABLE;INDICE_EUROPEEN;Indice actions européen — quota 75 % actions UE respecté de fait
IE00B4L5Y983;ISHARES MSCI WOR A;IWDA;ETF;Euronext Amsterdam | ETF Plus;EUR;IE;OUI;-;Euronext;2026-08-04;A_VERIFIER;NON_DETERMINE;Fonds EEE sur indice non européen : vérifier la liste émetteur
IE00B4L5YC18;ISHARES MSCI EM A;IEMA;ETF;Euronext Amsterdam | ETF Plus;EUR;IE;OUI;-;Euronext;2026-08-04;A_VERIFIER;NON_DETERMINE;Fonds EEE sur indice non européen : vérifier la liste émetteur
IE00B4L5YX21;ISHARES MSCI JAP A;IJPA;ETF;Euronext Amsterdam | ETF Plus;EUR;IE;OUI;-;Euronext;2026-08-04;A_VERIFIER;NON_DETERMINE;Fonds EEE sur indice non européen : vérifier la liste émetteur
IE00B4L5ZG21;ISHETFIEXFIMETFP;IEXF;ETF;ETF Plus;EUR;IE;OUI;-;Euronext;2026-08-04;NON;CLASSE_ACTIFS;Obligataire/monétaire/crypto/matières premières sans montage PEA
IE00B4L60045;ISHETFSE15IMETFP;SE15;ETF;ETF Plus;EUR;IE;OUI;-;Euronext;2026-08-04;NON;CLASSE_ACTIFS;Obligataire/monétaire/crypto/matières premières sans montage PEA
IE00B4LHWP62;iShETCXPPEIMETFP;SPLT;ETF;ETF Plus;EUR;IE;OUI;-;Euronext;2026-08-04;NON;CLASSE_ACTIFS;Obligataire/monétaire/crypto/matières premières sans montage PEA
IE00B4NCWG09;iShETCXSLRIMETFP;SSLN;ETF;ETF Plus;EUR;IE;OUI;-;Euronext;2026-08-04;NON;CLASSE_ACTIFS;Obligataire/monétaire/crypto/matières premières sans montage PEA
IE00B4ND3602;iShETCXGDEIMETFP;SGLN;ETF;ETF Plus;EUR;IE;OUI;-;Euronext;2026-08-04;NON;CLASSE_ACTIFS;Obligataire/monétaire/crypto/matières premières sans montage PEA
IE00B4P11460;PIMETFEMLIIMETFP;EMLB;ETF;ETF Plus;EUR;IE;OUI;-;Euronext;2026-08-04;A_VERIFIER;NON_DETERMINE;Fonds EEE sur indice non européen : vérifier la liste émetteur
IE00B4PY7Y77;ISHETFIHYUIMETFP;IHYU;ETF;ETF Plus;EUR;IE;OUI;-;Euronext;2026-08-04;NON;CLASSE_ACTIFS;Obligataire/monétaire/crypto/matières premières sans montage PEA
IE00B4QNHH68;L&GSTRDEL2IMETFP;DEL2;ETF;ETF Plus;EUR;IE;OUI;-;Euronext;2026-08-04;PROBABLE;INDICE_EUROPEEN;Indice actions européen — quota 75 % actions UE respecté de fait
IE00B4QNHZ41;L&GSTRDES2IMETFP;DES2;ETF;ETF Plus;EUR;IE;OUI;-;Euronext;2026-08-04;PROBABLE;INDICE_EUROPEEN;Indice actions européen — quota 75 % actions UE respecté de fait
IE00B4WPHX27;L&G Lg Dat Commod;COMF;ETF;Euronext Amsterdam | ETF Plus;EUR;IE;OUI;-;Euronext;2026-08-04;NON;CLASSE_ACTIFS;Obligataire/monétaire/crypto/matières premières sans montage PEA
IE00B4WXJD03;ISHETFMSPAJAETFP;SPXJ;ETF;ETF Plus;EUR;IE;OUI;-;Euronext;2026-08-04;A_VERIFIER;NON_DETERMINE;Fonds EEE sur indice non européen : vérifier la liste émetteur
IE00B4WXJG34;ISHARES EG 5-7;IEGY;ETF;Euronext Amsterdam | ETF Plus;EUR;IE;OUI;-;Euronext;2026-08-04;NON;CLASSE_ACTIFS;Obligataire/monétaire/crypto/matières premières sans montage PEA
IE00B4WXJH41;ISHARES EG 10-15;IEGZ;ETF;Euronext Amsterdam | ETF Plus;EUR;IE;OUI;-;Euronext;2026-08-04;NON;CLASSE_ACTIFS;Obligataire/monétaire/crypto/matières premières sans montage PEA
IE00B4WXJJ64;ISHARES IEGA;IEGA;ETF;Euronext Amsterdam | ETF Plus;EUR;IE;OUI;-;Euronext;2026-08-04;NON;CLASSE_ACTIFS;Obligataire/monétaire/crypto/matières premières sans montage PEA
IE00B4X9L533;HSBC MSCI WORLD;WRD;ETF;Euronext Paris | ETF Plus;EUR;IE;OUI;-;Euronext;2026-08-04;A_VERIFIER;NON_DETERMINE;Fonds EEE sur indice non européen : vérifier la liste émetteur
IE00B4YBJ215;SPDR S&P 400 MID;SPY4;ETF;Euronext Paris | ETF Plus;EUR;IE;OUI;-;Euronext;2026-08-04;A_VERIFIER;NON_DETERMINE;Fonds EEE sur indice non européen : vérifier la liste émetteur
IE00B51B7Z02;HSBC MSCI CANADA;HCAN;ETF;Euronext Paris;EUR;IE;OUI;-;Euronext;2026-08-04;A_VERIFIER;NON_DETERMINE;Fonds EEE sur indice non européen : vérifier la liste émetteur
IE00B52MJD48;ISHETFN225ETFP;CSNKY;ETF;ETF Plus;EUR;IE;OUI;-;Euronext;2026-08-04;A_VERIFIER;NON_DETERMINE;Fonds EEE sur indice non européen : vérifier la liste émetteur
IE00B52MJY50;ISHETFMSPAJAETFP;CSPXJ;ETF;ETF Plus | Euronext Amsterdam;EUR;IE;OUI;-;Euronext;2026-08-04;A_VERIFIER;NON_DETERMINE;Fonds EEE sur indice non européen : vérifier la liste émetteur
IE00B52SF786;ISHETFMSCAETFP;CSCA;ETF;ETF Plus | Euronext Amsterdam;EUR;IE;OUI;-;Euronext;2026-08-04;A_VERIFIER;NON_DETERMINE;Fonds EEE sur indice non européen : vérifier la liste émetteur
IE00B52SFT06;ISHETFCSUSIMETFP;CSUS;ETF;ETF Plus | Euronext Amsterdam;EUR;IE;OUI;-;Euronext;2026-08-04;A_VERIFIER;NON_DETERMINE;Fonds EEE sur indice non européen : vérifier la liste émetteur
IE00B52VJ196;IS MSCI EUR SRI;IESE;ETF;Euronext Amsterdam | ETF Plus;EUR;IE;OUI;ESG ETF art. 8;Euronext;2026-08-04;PROBABLE;INDICE_EUROPEEN;Indice actions européen — quota 75 % actions UE respecté de fait
IE00B52XQP83;ISHETFIRSAIMETFP;SRSA;ETF;ETF Plus;EUR;IE;OUI;-;Euronext;2026-08-04;A_VERIFIER;NON_DETERMINE;Fonds EEE sur indice non européen : vérifier la liste émetteur
IE00B5377D42;ISHETFSAUSIMETFP;SAUS;ETF;ETF Plus;EUR;IE;OUI;-;Euronext;2026-08-04;A_VERIFIER;NON_DETERMINE;Fonds EEE sur indice non européen : vérifier la liste émetteur
IE00B539F030;ISHETFMSCUKXAMC;CSUK;ETF;Euronext Amsterdam - Multi-currency Trading;USD;IE;OUI;-;Euronext;2026-08-04;A_VERIFIER;NON_DETERMINE;Fonds EEE sur indice non européen : vérifier la liste émetteur
IE00B53H0131;UBSETFUSASIMETFP;CCUSAS;ETF;ETF Plus;EUR;IE;OUI;-;Euronext;2026-08-04;A_VERIFIER;NON_DETERMINE;Fonds EEE sur indice non européen : vérifier la liste émetteur
IE00B53L3W79;ISHETFEUSX5ETFP;CSSX5E;ETF;ETF Plus | Euronext Amsterdam;EUR;IE;OUI;-;Euronext;2026-08-04;PROBABLE;INDICE_EUROPEEN;Indice actions européen — quota 75 % actions UE respecté de fait
IE00B53L4X51;ISHETFSMIBIMETFP;CSMIB;ETF;ETF Plus;EUR;IE;OUI;-;Euronext;2026-08-04;PROBABLE;INDICE_EUROPEEN;Indice actions européen — quota 75 % actions UE respecté de fait
IE00B53QDK08;ISHETFCSJPIMETFP;CSJP;ETF;ETF Plus | Euronext Amsterdam;EUR;IE;OUI;-;Euronext;2026-08-04;A_VERIFIER;NON_DETERMINE;Fonds EEE sur indice non européen : vérifier la liste émetteur
IE00B53QG562;ISHETFSEMUIMETFP;CSEMU;ETF;ETF Plus | Euronext Amsterdam;EUR;IE;OUI;-;Euronext;2026-08-04;PROBABLE;INDICE_EUROPEEN;Indice actions européen — quota 75 % actions UE respecté de fait
IE00B53SZB19;ISHETFND100ETFP;CSNDX;ETF;ETF Plus | Euronext Amsterdam;EUR;IE;OUI;-;Euronext;2026-08-04;A_VERIFIER;NON_DETERMINE;Fonds EEE sur indice non européen : vérifier la liste émetteur
IE00B579F325;Inve Phys Gold ETC;SGLD;ETF;Euronext Amsterdam | ETF Plus;EUR;IE;OUI;-;Euronext;2026-08-04;NON;CLASSE_ACTIFS;Obligataire/monétaire/crypto/matières premières sans montage PEA
IE00B57X3V84;ISHARES DJ GLO SUS;IGSG;ETF;Euronext Amsterdam;EUR;IE;OUI;ESG ETF art. 8;Euronext;2026-08-04;A_VERIFIER;NON_DETERMINE;Fonds EEE sur indice non européen : vérifier la liste émetteur
IE00B58HMN42;UBSETFEUASIMETFP;CCEUAS;ETF;ETF Plus;EUR;IE;OUI;-;Euronext;2026-08-04;A_VERIFIER;NON_DETERMINE;Fonds EEE sur indice non européen : vérifier la liste émetteur
IE00B5B5TG76;INVETFEUS50ETFP;SDJE5D;ETF;ETF Plus;EUR;IE;OUI;-;Euronext;2026-08-04;PROBABLE;INDICE_EUROPEEN;Indice actions européen — quota 75 % actions UE respecté de fait
IE00B5BD5K76;HSBC MSCI EUR ETF;HEU;ETF;Euronext Paris | ETF Plus;EUR;IE;OUI;-;Euronext;2026-08-04;PROBABLE;INDICE_EUROPEEN;Indice actions européen — quota 75 % actions UE respecté de fait
IE00B5BMR087;ISHETFSP500TETFP;CSSPX;ETF;ETF Plus | Euronext Amsterdam;EUR;IE;OUI;-;Euronext;2026-08-04;A_VERIFIER;NON_DETERMINE;Fonds EEE sur indice non européen : vérifier la liste émetteur
IE00B5KQNG97;HSBC SP 500 ETF;HHH;ETF;Euronext Paris | ETF Plus;EUR;IE;OUI;-;Euronext;2026-08-04;A_VERIFIER;NON_DETERMINE;Fonds EEE sur indice non européen : vérifier la liste émetteur
IE00B5L01S80;HSBETFEWLDIMETFP;HPRD;ETF;ETF Plus;EUR;IE;OUI;-;Euronext;2026-08-04;A_VERIFIER;NON_DETERMINE;Fonds EEE sur indice non européen : vérifier la liste émetteur
IE00B5L8K969;ISHETFEMAEIMETFP;CSEMAS;ETF;ETF Plus;EUR;IE;OUI;-;Euronext;2026-08-04;A_VERIFIER;NON_DETERMINE;Fonds EEE sur indice non européen : vérifier la liste émetteur
IE00B5M1WJ87;SPDR EUR DIV ARIST;EUDV;ETF;Euronext Paris | ETF Plus;EUR;IE;OUI;-;Euronext;2026-08-04;A_VERIFIER;NON_DETERMINE;Fonds EEE sur indice non européen : vérifier la liste émetteur
IE00B5M4WH52;ISHETFSEMLIMETFP;SEML;ETF;ETF Plus;EUR;IE;OUI;-;Euronext;2026-08-04;A_VERIFIER;NON_DETERMINE;Fonds EEE sur indice non européen : vérifier la liste émetteur
IE00B5MTWD60;INVETFX7PSIMETFP;X7PS;ETF;ETF Plus;EUR;IE;OUI;-;Euronext;2026-08-04;A_VERIFIER;NON_DETERMINE;Fonds EEE sur indice non européen : vérifier la liste émetteur
IE00B5SG8Z57;HSBETFMSPAJAETFP;HMXJ;ETF;ETF Plus;EUR;IE;OUI;-;Euronext;2026-08-04;A_VERIFIER;NON_DETERMINE;Fonds EEE sur indice non européen : vérifier la liste émetteur
IE00B5SSQT16;HSBETFGEASIMETFP;HMEM;ETF;ETF Plus;EUR;IE;OUI;-;Euronext;2026-08-04;A_VERIFIER;NON_DETERMINE;Fonds EEE sur indice non européen : vérifier la liste émetteur
IE00B5VX7566;HSBC MSCIJAPAN ETF;MJP;ETF;Euronext Paris | ETF Plus;EUR;IE;OUI;-;Euronext;2026-08-04;A_VERIFIER;NON_DETERMINE;Fonds EEE sur indice non européen : vérifier la liste émetteur
IE00B5W4TY14;ISHETFCSKRIMETFP;CSKR;ETF;ETF Plus;EUR;IE;OUI;-;Euronext;2026-08-04;A_VERIFIER;NON_DETERMINE;Fonds EEE sur indice non européen : vérifier la liste émetteur
IE00B5WFQ436;HSBC MSCI USA ETF;MUS;ETF;Euronext Paris;EUR;IE;OUI;-;Euronext;2026-08-04;A_VERIFIER;NON_DETERMINE;Fonds EEE sur indice non européen : vérifier la liste émetteur
IE00B5WHFQ43;iSHR Mexico Cap;CMEX;ETF;Euronext Amsterdam;EUR;IE;OUI;-;Euronext;2026-08-04;A_VERIFIER;NON_DETERMINE;Fonds EEE sur indice non européen : vérifier la liste émetteur
IE00B5ZR2157;PIMACTPJS1ETFP;PJS1;ETF;ETF Plus;EUR;IE;OUI;-;Euronext;2026-08-04;A_VERIFIER;NON_DETERMINE;Fonds EEE sur indice non européen : vérifier la liste émetteur
IE00B60SWW18;INVETFJ600IMETFP;SDJ600;ETF;ETF Plus;EUR;IE;OUI;-;Euronext;2026-08-04;PROBABLE;INDICE_EUROPEEN;Indice actions européen — quota 75 % actions UE respecté de fait
IE00B60SWX25;INVETFEUSX5ETFP;SDJE50;ETF;ETF Plus;EUR;IE;OUI;-;Euronext;2026-08-04;PROBABLE;INDICE_EUROPEEN;Indice actions européen — quota 75 % actions UE respecté de fait
IE00B60SWY32;INVETFSMEAIMETFP;SMSEUR;ETF;ETF Plus;EUR;IE;OUI;-;Euronext;2026-08-04;PROBABLE;INDICE_EUROPEEN;Indice actions européen — quota 75 % actions UE respecté de fait
IE00B60SX170;INVETFMXUSIMETFP;MXUS;ETF;ETF Plus;EUR;IE;OUI;-;Euronext;2026-08-04;A_VERIFIER;NON_DETERMINE;Fonds EEE sur indice non européen : vérifier la liste émetteur
IE00B60SX287;INVETFCSJPIMETFP;SMSJPN;ETF;ETF Plus;EUR;IE;OUI;-;Euronext;2026-08-04;A_VERIFIER;NON_DETERMINE;Fonds EEE sur indice non européen : vérifier la liste émetteur
IE00B60SX394;INVETFMSTRUSETFP;SMSWLD;ETF;ETF Plus;EUR;IE;OUI;-;Euronext;2026-08-04;A_VERIFIER;NON_DETERMINE;Fonds EEE sur indice non européen : vérifier la liste émetteur
IE00B60SX402;INVETFRU2000ETFP;SR2000;ETF;ETF Plus;EUR;IE;OUI;-;Euronext;2026-08-04;A_VERIFIER;NON_DETERMINE;Fonds EEE sur indice non européen : vérifier la liste émetteur
IE00B66F4759;ISHETFIHYGIMETFP;IHYG;ETF;ETF Plus;EUR;IE;OUI;-;Euronext;2026-08-04;NON;CLASSE_ACTIFS;Obligataire/monétaire/crypto/matières premières sans montage PEA
IE00B67B7N93;PIMACTMINTETFP;MINT;ETF;ETF Plus;EUR;IE;OUI;-;Euronext;2026-08-04;A_VERIFIER;NON_DETERMINE;Fonds EEE sur indice non européen : vérifier la liste émetteur
IE00B6R51Z18;OilGas Ex Prd A;IOGP;ETF;Euronext Amsterdam;EUR;IE;OUI;-;Euronext;2026-08-04;NON;CLASSE_ACTIFS;Obligataire/monétaire/crypto/matières premières sans montage PEA
IE00B6R52036;iS Gold Pro Acc;ISOE;ETF;Euronext Amsterdam;EUR;IE;OUI;-;Euronext;2026-08-04;NON;CLASSE_ACTIFS;Obligataire/monétaire/crypto/matières premières sans montage PEA
IE00B6R52143;iS Agri bus Acc;ISAE;ETF;Euronext Amsterdam | ETF Plus;EUR;IE;OUI;-;Euronext;2026-08-04;A_VERIFIER;NON_DETERMINE;Fonds EEE sur indice non européen : vérifier la liste émetteur
IE00B6R52259;iS MSCI ACWI Acc;SSAC;ETF;Euronext Amsterdam | ETF Plus;EUR;IE;OUI;-;Euronext;2026-08-04;A_VERIFIER;NON_DETERMINE;Fonds EEE sur indice non européen : vérifier la liste émetteur
IE00B6SPMN59;ISHETFMVUSIMETFP;MVUS;ETF;ETF Plus;EUR;IE;OUI;-;Euronext;2026-08-04;A_VERIFIER;NON_DETERMINE;Fonds EEE sur indice non européen : vérifier la liste émetteur
IE00B6TLBW47;ISHETFEMCRIMETFP;EMCR;ETF;ETF Plus;EUR;IE;OUI;-;Euronext;2026-08-04;NON;CLASSE_ACTIFS;Obligataire/monétaire/crypto/matières premières sans montage PEA
IE00B6X2VY59;ISH NLD BD HEDGED;IRCP;ETF;Euronext Amsterdam;EUR;IE;OUI;ESG ETF art. 8;Euronext;2026-08-04;A_VERIFIER;NON_DETERMINE;Fonds EEE sur indice non européen : vérifier la liste émetteur
IE00B6X4BP29;WISETC3GOSIMETFP;3GOS;ETF;ETF Plus;EUR;IE;OUI;-;Euronext;2026-08-04;NON;CLASSE_ACTIFS;Obligataire/monétaire/crypto/matières premières sans montage PEA
IE00B6YX5B26;SSGETFEMDVIMETFP;EMDV;ETF;ETF Plus;EUR;IE;OUI;-;Euronext;2026-08-04;A_VERIFIER;NON_DETERMINE;Fonds EEE sur indice non européen : vérifier la liste émetteur
IE00B6YX5C33;SPDR S&P 500;SPY5;ETF;Euronext Paris | ETF Plus;EUR;IE;OUI;-;Euronext;2026-08-04;A_VERIFIER;NON_DETERMINE;Fonds EEE sur indice non européen : vérifier la liste émetteur
IE00B6YX5D40;SSGETFUSDVIMETFP;USDV;ETF;ETF Plus;EUR;IE;OUI;-;Euronext;2026-08-04;A_VERIFIER;NON_DETERMINE;Fonds EEE sur indice non européen : vérifier la liste émetteur
IE00B6YX5F63;SSGETFGOVSIMETFP;GOVS;ETF;ETF Plus;EUR;IE;OUI;-;Euronext;2026-08-04;A_VERIFIER;NON_DETERMINE;Fonds EEE sur indice non européen : vérifier la liste émetteur
IE00B6YX5H87;SSGETFSESRIMETFP;SESR;ETF;ETF Plus;EUR;IE;OUI;ESG ETF art. 8;Euronext;2026-08-04;A_VERIFIER;NON_DETERMINE;Fonds EEE sur indice non européen : vérifier la liste émetteur
IE00B6YX5M31;SSGETFJNKEIMETFP;JNKE;ETF;ETF Plus;EUR;IE;OUI;-;Euronext;2026-08-04;A_VERIFIER;NON_DETERMINE;Fonds EEE sur indice non européen : vérifier la liste émetteur
IE00B74DQ490;ISHETFHYLDIMETFP;HYLD;ETF;ETF Plus;EUR;IE;OUI;-;Euronext;2026-08-04;NON;CLASSE_ACTIFS;Obligataire/monétaire/crypto/matières premières sans montage PEA
IE00B77D4428;UBS IRL USAUSY;UBU3;ETF;Euronext Amsterdam | ETF Plus;EUR;IE;OUI;-;Euronext;2026-08-04;A_VERIFIER;NON_DETERMINE;Fonds EEE sur indice non européen : vérifier la liste émetteur
IE00B78JSG98;UBSETFVEUYIMETFP;USVEUY;ETF;ETF Plus;EUR;IE;OUI;-;Euronext;2026-08-04;A_VERIFIER;NON_DETERMINE;Fonds EEE sur indice non européen : vérifier la liste émetteur
IE00B7J7TB45;ISHETFCORPIMETFP;CORP;ETF;ETF Plus;EUR;IE;OUI;-;Euronext;2026-08-04;NON;CLASSE_ACTIFS;Obligataire/monétaire/crypto/matières premières sans montage PEA
IE00B7K93397;UBS IRL SP5USY;UBU9;ETF;Euronext Amsterdam | ETF Plus;EUR;IE;OUI;-;Euronext;2026-08-04;A_VERIFIER;NON_DETERMINE;Fonds EEE sur indice non européen : vérifier la liste émetteur
IE00B7KMNP07;UBSETFSOLGLPETFP;GOM;ETF;ETF Plus;EUR;IE;OUI;-;Euronext;2026-08-04;NON;CLASSE_ACTIFS;Obligataire/monétaire/crypto/matières premières sans montage PEA
IE00B7KQ7B66;UBS IRL WRDUSY;UBU7;ETF;Euronext Amsterdam;EUR;IE;OUI;-;Euronext;2026-08-04;A_VERIFIER;NON_DETERMINE;Fonds EEE sur indice non européen : vérifier la liste émetteur
IE00B7LGZ558;ISH FR TREAS BD;IFRB;ETF;Euronext Amsterdam;EUR;IE;OUI;-;Euronext;2026-08-04;NON;CLASSE_ACTIFS;Obligataire/monétaire/crypto/matières premières sans montage PEA
IE00B7LW6Y90;ISHETFIITBIMETFP;IITB;ETF;ETF Plus;EUR;IE;OUI;-;Euronext;2026-08-04;NON;CLASSE_ACTIFS;Obligataire/monétaire/crypto/matières premières sans montage PEA
IE00B7N3YW49;PIMETFSTHYIMETFP;STHY;ETF;ETF Plus;EUR;IE;OUI;-;Euronext;2026-08-04;A_VERIFIER;NON_DETERMINE;Fonds EEE sur indice non européen : vérifier la liste émetteur
IE00B7WK2W23;UBSETFMSASTRETFP;AJEUAS;ETF;ETF Plus;EUR;IE;OUI;-;Euronext;2026-08-04;A_VERIFIER;NON_DETERMINE;Fonds EEE sur indice non européen : vérifier la liste émetteur
IE00B7Y34M31;WISETNSP500TETFP;3USL;ETF;ETF Plus | Euronext Paris;EUR;IE;OUI;-;Euronext;2026-08-04;A_VERIFIER;NON_DETERMINE;Fonds EEE sur indice non européen : vérifier la liste émetteur
IE00B802KR88;SSGETFLOWVIMETFP;LOWV;ETF;ETF Plus;EUR;IE;OUI;-;Euronext;2026-08-04;A_VERIFIER;NON_DETERMINE;Fonds EEE sur indice non européen : vérifier la liste émetteur
IE00B810Q511;VANETFS100IMETFP;VUKE;ETF;ETF Plus;EUR;IE;OUI;-;Euronext;2026-08-04;A_VERIFIER;NON_DETERMINE;Fonds EEE sur indice non européen : vérifier la liste émetteur
IE00B86MWN23;ISHETFMVEUIMETFP;MVEU;ETF;ETF Plus;EUR;IE;OUI;-;Euronext;2026-08-04;A_VERIFIER;NON_DETERMINE;Fonds EEE sur indice non européen : vérifier la liste émetteur
IE00B8CJW150;INVETFMLPDIMETFP;MLPD;ETF;ETF Plus;EUR;IE;OUI;-;Euronext;2026-08-04;A_VERIFIER;NON_DETERMINE;Fonds EEE sur indice non européen : vérifier la liste émetteur
IE00B8FHGS14;ISHETFMVOLIMETFP;MVOL;ETF;ETF Plus;EUR;IE;OUI;-;Euronext;2026-08-04;A_VERIFIER;NON_DETERMINE;Fonds EEE sur indice non européen : vérifier la liste émetteur
IE00B8GKDB10;VANETFVHYLIMETFP;VHYL;ETF;ETF Plus | Euronext Amsterdam, Paris;EUR;IE;OUI;-;Euronext;2026-08-04;A_VERIFIER;NON_DETERMINE;Fonds EEE sur indice non européen : vérifier la liste émetteur
IE00B8HGT870;WISETC3GOSIMETFP;3GOL;ETF;ETF Plus;EUR;IE;OUI;-;Euronext;2026-08-04;NON;CLASSE_ACTIFS;Obligataire/monétaire/crypto/matières premières sans montage PEA
IE00B8JVMZ80;WISETC3HCLIMETFP;3HCL;ETF;ETF Plus;EUR;IE;OUI;-;Euronext;2026-08-04;NON;CLASSE_ACTIFS;Obligataire/monétaire/crypto/matières premières sans montage PEA
IE00B8K7KM88;WISETNSP500TETFP;3USS;ETF;ETF Plus | Euronext Paris;EUR;IE;OUI;-;Euronext;2026-08-04;A_VERIFIER;NON_DETERMINE;Fonds EEE sur indice non européen : vérifier la liste émetteur
IE00B8KGV557;ISHETFEMVIMETFP;EMV;ETF;ETF Plus;EUR;IE;OUI;-;Euronext;2026-08-04;A_VERIFIER;NON_DETERMINE;Fonds EEE sur indice non européen : vérifier la liste émetteur
IE00B8NB3063;WISETNFMSLTRETFP;3ITL;ETF;ETF Plus;EUR;IE;OUI;-;Euronext;2026-08-04;PROBABLE;INDICE_EUROPEEN;Indice actions européen — quota 75 % actions UE respecté de fait
IE00B8X9NY41;FIRETFFEUZIMETFP;FEUZ;ETF;ETF Plus | Euronext Amsterdam;EUR;IE;OUI;-;Euronext;2026-08-04;PROBABLE;INDICE_EUROPEEN;Indice actions européen — quota 75 % actions UE respecté de fait
IE00B910VR50;SSGETFSEMUIMETFP;EURO;ETF;ETF Plus;EUR;IE;OUI;-;Euronext;2026-08-04;PROBABLE;INDICE_EUROPEEN;Indice actions européen — quota 75 % actions UE respecté de fait
IE00B945VV12;VANETFVWCGIMETFP;VEUR;ETF;ETF Plus | Euronext Amsterdam, Paris;EUR;IE;OUI;-;Euronext;2026-08-04;A_VERIFIER;NON_DETERMINE;Fonds EEE sur indice non européen : vérifier la liste émetteur
IE00B94QLN63;WISETC2PALIMETFP;2PAL;ETF;ETF Plus;EUR;IE;OUI;-;Euronext;2026-08-04;NON;CLASSE_ACTIFS;Obligataire/monétaire/crypto/matières premières sans montage PEA
IE00B94QLR02;WISETC2PALIMETFP;1PAS;ETF;ETF Plus;EUR;IE;OUI;-;Euronext;2026-08-04;NON;CLASSE_ACTIFS;Obligataire/monétaire/crypto/matières premières sans montage PEA
IE00B94ZB998;INVETFMLPDIMETFP;MLPS;ETF;ETF Plus;EUR;IE;OUI;-;Euronext;2026-08-04;A_VERIFIER;NON_DETERMINE;Fonds EEE sur indice non européen : vérifier la liste émetteur
IE00B95PGT31;VANETFVJPAIMETFP;VJPN;ETF;ETF Plus | Euronext Amsterdam, Paris;EUR;IE;OUI;-;Euronext;2026-08-04;A_VERIFIER;NON_DETERMINE;Fonds EEE sur indice non européen : vérifier la liste émetteur
IE00B979GK47;SSGETFUSDEIMETFP;USDE;ETF;ETF Plus;EUR;IE;OUI;-;Euronext;2026-08-04;A_VERIFIER;NON_DETERMINE;Fonds EEE sur indice non européen : vérifier la liste émetteur
IE00B99FL386;SSGETFSJNKIMETFP;SJNK;ETF;ETF Plus;EUR;IE;OUI;ESG ETF art. 8;Euronext;2026-08-04;NON;CLASSE_ACTIFS;Obligataire/monétaire/crypto/matières premières sans montage PEA
IE00B9CQXS71;SSGETFGLDVIMETFP;GLDV;ETF;ETF Plus;EUR;IE;OUI;-;Euronext;2026-08-04;A_VERIFIER;NON_DETERMINE;Fonds EEE sur indice non européen : vérifier la liste émetteur
IE00B9F5YL18;VANETFVAPXIMETFP;VAPX;ETF;ETF Plus | Euronext Amsterdam, Paris;EUR;IE;OUI;-;Euronext;2026-08-04;A_VERIFIER;NON_DETERMINE;Fonds EEE sur indice non européen : vérifier la liste émetteur
IE00B9KNR336;SSGETFPADVIMETFP;PADV;ETF;ETF Plus;EUR;IE;OUI;-;Euronext;2026-08-04;A_VERIFIER;NON_DETERMINE;Fonds EEE sur indice non européen : vérifier la liste émetteur
IE00B9M6RS56;ISHETFEMBEIMETFP;EMBE;ETF;ETF Plus;EUR;IE;OUI;-;Euronext;2026-08-04;A_VERIFIER;NON_DETERMINE;Fonds EEE sur indice non européen : vérifier la liste émetteur
IE00BC7GZJ81;SSGETFTRS3IMETFP;TRS3;ETF;ETF Plus;EUR;IE;OUI;-;Euronext;2026-08-04;A_VERIFIER;NON_DETERMINE;Fonds EEE sur indice non européen : vérifier la liste émetteur
IE00BC7GZW19;SSGETFSEUCIMETFP;SEUC;ETF;ETF Plus;EUR;IE;OUI;-;Euronext;2026-08-04;A_VERIFIER;NON_DETERMINE;Fonds EEE sur indice non européen : vérifier la liste émetteur
IE00BC7GZX26;SSGETFSUSCIMETFP;SUSC;ETF;ETF Plus;EUR;IE;OUI;-;Euronext;2026-08-04;A_VERIFIER;NON_DETERMINE;Fonds EEE sur indice non européen : vérifier la liste émetteur
IE00BCHWNQ94;XTRETFXDWYIMETFP;XDWY;ETF;ETF Plus;EUR;IE;OUI;ESG ETF art. 8;Euronext;2026-08-04;A_VERIFIER;NON_DETERMINE;Fonds EEE sur indice non européen : vérifier la liste émetteur
IE00BCLWRB83;IS USD HEDGED CB;LQDH;ETF;Euronext Amsterdam;EUR;IE;OUI;-;Euronext;2026-08-04;NON;CLASSE_ACTIFS;Obligataire/monétaire/crypto/matières premières sans montage PEA
IE00BCLWRF22;ISHETFEMULIMETFP;EMUL;ETF;ETF Plus;EUR;IE;OUI;-;Euronext;2026-08-04;PROBABLE;INDICE_EUROPEEN;Indice actions européen — quota 75 % actions UE respecté de fait
IE00BCRY6003;IS USD SHORT HY CB;SDHY;ETF;Euronext Amsterdam | ETF Plus;EUR;IE;OUI;-;Euronext;2026-08-04;A_VERIFIER;NON_DETERMINE;Fonds EEE sur indice non européen : vérifier la liste émetteur
IE00BCRY6557;IS EURO ULTRASHORT;ERNE;ETF;Euronext Amsterdam | ETF Plus;EUR;IE;OUI;-;Euronext;2026-08-04;NON;CLASSE_ACTIFS;Obligataire/monétaire/crypto/matières premières sans montage PEA
IE00BD09ZV33;LS 2X VISA;2VIS;ETF;Euronext Amsterdam;EUR;IE;OUI;-;Euronext;2026-08-04;A_VERIFIER;NON_DETERMINE;Fonds EEE sur indice non européen : vérifier la liste émetteur
IE00BD09ZW40;LS 2X NETFLIX;2NFL;ETF;Euronext Amsterdam;EUR;IE;OUI;-;Euronext;2026-08-04;A_VERIFIER;NON_DETERMINE;Fonds EEE sur indice non européen : vérifier la liste émetteur
IE00BD0Q9673;INVETFHYFAIMETFP;HYFA;ETF;ETF Plus | Euronext Paris;EUR;IE;OUI;-;Euronext;2026-08-04;A_VERIFIER;NON_DETERMINE;Fonds EEE sur indice non européen : vérifier la liste émetteur
IE00BD4DX952;XTRETFXQUAIMETFP;XQUA;ETF;ETF Plus;EUR;IE;OUI;ESG ETF art. 8;Euronext;2026-08-04;A_VERIFIER;NON_DETERMINE;Fonds EEE sur indice non européen : vérifier la liste émetteur
IE00BD4DXB77;XTRETFXQUAIMETFP;XQUE;ETF;ETF Plus;EUR;IE;OUI;ESG ETF art. 8;Euronext;2026-08-04;A_VERIFIER;NON_DETERMINE;Fonds EEE sur indice non européen : vérifier la liste émetteur
IE00BD4TXS21;UBSETFCSUSIMETFP;USAUSW;ETF;ETF Plus;EUR;IE;OUI;-;Euronext;2026-08-04;A_VERIFIER;NON_DETERMINE;Fonds EEE sur indice non européen : vérifier la liste émetteur
IE00BD4TXV59;UBSETFMSTRUSETFP;WRDA;ETF;ETF Plus;EUR;IE;OUI;-;Euronext;2026-08-04;A_VERIFIER;NON_DETERMINE;Fonds EEE sur indice non européen : vérifier la liste émetteur
IE00BD4TXW66;UBSETFSP500ETFP;UBSPX;ETF;ETF Plus;EUR;IE;OUI;-;Euronext;2026-08-04;A_VERIFIER;NON_DETERMINE;Fonds EEE sur indice non européen : vérifier la liste émetteur
IE00BD4TY451;UBSETFSAUSIMETFP;AUSAUW;ETF;ETF Plus;EUR;IE;OUI;-;Euronext;2026-08-04;A_VERIFIER;NON_DETERMINE;Fonds EEE sur indice non européen : vérifier la liste émetteur
IE00BD4TYF66;UBS IRL USEUYH;UE31;ETF;Euronext Amsterdam;EUR;IE;OUI;-;Euronext;2026-08-04;A_VERIFIER;NON_DETERMINE;Fonds EEE sur indice non européen : vérifier la liste émetteur
IE00BD4TYG73;UBSETFEUWHIMETFP;USEUWH;ETF;ETF Plus;EUR;IE;OUI;-;Euronext;2026-08-04;A_VERIFIER;NON_DETERMINE;Fonds EEE sur indice non européen : vérifier la liste émetteur
IE00BD5HBS12;FT FACTOR FX EUR;FXEU;ETF;Euronext Amsterdam;EUR;IE;OUI;-;Euronext;2026-08-04;A_VERIFIER;NON_DETERMINE;Fonds EEE sur indice non européen : vérifier la liste émetteur
IE00BD6FTQ80;INVETFBLOCOMETFP;CMOD;ETF;ETF Plus;EUR;IE;OUI;-;Euronext;2026-08-04;NON;CLASSE_ACTIFS;Obligataire/monétaire/crypto/matières premières sans montage PEA
IE00BD6GCF16;FIRETFUNCAIMETFP;UNCA;ETF;ETF Plus;EUR;IE;OUI;-;Euronext;2026-08-04;A_VERIFIER;NON_DETERMINE;Fonds EEE sur indice non européen : vérifier la liste émetteur
IE00BD6RZT93;WISETFDHSAIMETFP;DHSA;ETF;ETF Plus;EUR;IE;OUI;ESG ETF art. 8;Euronext;2026-08-04;A_VERIFIER;NON_DETERMINE;Fonds EEE sur indice non européen : vérifier la liste émetteur
IE00BD6RZW23;WISETFDHSFIMETFP;DHSF;ETF;ETF Plus;EUR;IE;OUI;ESG ETF art. 8;Euronext;2026-08-04;A_VERIFIER;NON_DETERMINE;Fonds EEE sur indice non européen : vérifier la liste émetteur
IE00BD842Y21;FIRETFNQGIHEXAMS;GINC;ETF;Euronext Amsterdam;EUR;IE;OUI;-;Euronext;2026-08-04;A_VERIFIER;NON_DETERMINE;Fonds EEE sur indice non européen : vérifier la liste émetteur
IE00BD8D5G25;PIMActEUHAETFP;EUHA;ETF;ETF Plus;EUR;IE;OUI;ESG ETF art. 8;Euronext;2026-08-04;A_VERIFIER;NON_DETERMINE;Fonds EEE sur indice non européen : vérifier la liste émetteur
IE00BD8D5H32;PIMActEUHIETFP;EUHI;ETF;ETF Plus;EUR;IE;OUI;-;Euronext;2026-08-04;A_VERIFIER;NON_DETERMINE;Fonds EEE sur indice non européen : vérifier la liste émetteur
IE00BD9MMD49;JP ETFJU13IMETFP;JU13;ETF;ETF Plus;EUR;IE;OUI;-;Euronext;2026-08-04;A_VERIFIER;NON_DETERMINE;Fonds EEE sur indice non européen : vérifier la liste émetteur
IE00BD9MMF62;JPMACTJESTETFP;JEST;ETF;ETF Plus;EUR;IE;OUI;ESG ETF art. 8;Euronext;2026-08-04;A_VERIFIER;NON_DETERMINE;Fonds EEE sur indice non européen : vérifier la liste émetteur
IE00BDBRDM35;ISHARES CORAG E H;AGGH;ETF;Euronext Amsterdam | ETF Plus;EUR;IE;OUI;-;Euronext;2026-08-04;NON;CLASSE_ACTIFS;Obligataire/monétaire/crypto/matières premières sans montage PEA
IE00BDBRT036;FT CLN EDG GRN NRG;QCLN;ETF;Euronext Amsterdam;EUR;IE;OUI;-;Euronext;2026-08-04;A_VERIFIER;NON_DETERMINE;Fonds EEE sur indice non européen : vérifier la liste émetteur
IE00BDD48R20;VANETFVDCAIMETFP;VUSC;ETF;ETF Plus;EUR;IE;OUI;-;Euronext;2026-08-04;A_VERIFIER;NON_DETERMINE;Fonds EEE sur indice non européen : vérifier la liste émetteur
IE00BDD48S37;VANETFI04352ETFP;VSCE;ETF;ETF Plus | Euronext Amsterdam;EUR;IE;OUI;-;Euronext;2026-08-04;NON;CLASSE_ACTIFS;Obligataire/monétaire/crypto/matières premières sans montage PEA
IE00BDDRDY39;JP ETFJMBEIMETFP;JMBE;ETF;ETF Plus;EUR;IE;OUI;-;Euronext;2026-08-04;A_VERIFIER;NON_DETERMINE;Fonds EEE sur indice non européen : vérifier la liste émetteur
IE00BDDRF700;HANETFITEKIMETFP;ITEK;ETF;ETF Plus;EUR;IE;OUI;-;Euronext;2026-08-04;A_VERIFIER;NON_DETERMINE;Fonds EEE sur indice non européen : vérifier la liste émetteur
IE00BDF12W49;WISETFDEMRIMETFP;DEMR;ETF;ETF Plus;EUR;IE;OUI;ESG ETF art. 8;Euronext;2026-08-04;A_VERIFIER;NON_DETERMINE;Fonds EEE sur indice non européen : vérifier la liste émetteur
IE00BDF16007;WISETFEEIAIMETFP;EEIA;ETF;ETF Plus;EUR;IE;OUI;ESG ETF art. 8;Euronext;2026-08-04;A_VERIFIER;NON_DETERMINE;Fonds EEE sur indice non européen : vérifier la liste émetteur
IE00BDF16114;WISETFDFEAIMETFP;DFEA;ETF;ETF Plus;EUR;IE;OUI;ESG ETF art. 8;Euronext;2026-08-04;A_VERIFIER;NON_DETERMINE;Fonds EEE sur indice non européen : vérifier la liste émetteur
IE00BDFBTQ78;VANETFGDIGIMETFP;GDIG;ETF;ETF Plus | Euronext Paris;EUR;IE;OUI;-;Euronext;2026-08-04;A_VERIFIER;NON_DETERMINE;Fonds EEE sur indice non européen : vérifier la liste émetteur
IE00BDFC6G93;JP ETFJMBEIMETFP;JPMB;ETF;ETF Plus;EUR;IE;OUI;-;Euronext;2026-08-04;A_VERIFIER;NON_DETERMINE;Fonds EEE sur indice non européen : vérifier la liste émetteur
IE00BDFC6Q91;JPMACTJPSTETFP;JPST;ETF;ETF Plus;EUR;IE;OUI;ESG ETF art. 8;Euronext;2026-08-04;A_VERIFIER;NON_DETERMINE;Fonds EEE sur indice non européen : vérifier la liste émetteur
IE00BDGN9Z19;XTRETFXMVEIMETFP;XMVE;ETF;ETF Plus;EUR;IE;OUI;ESG ETF art. 8;Euronext;2026-08-04;PROBABLE;INDICE_EUROPEEN;Indice actions européen — quota 75 % actions UE respecté de fait
IE00BDGV0308;UBSETFSFMDIMETFP;USFMD;ETF;ETF Plus;EUR;IE;OUI;-;Euronext;2026-08-04;A_VERIFIER;NON_DETERMINE;Fonds EEE sur indice non européen : vérifier la liste émetteur
IE00BDGV0746;UBSETFMUFEIMETFP;USMUFE;ETF;ETF Plus;EUR;IE;OUI;-;Euronext;2026-08-04;A_VERIFIER;NON_DETERMINE;Fonds EEE sur indice non européen : vérifier la liste émetteur
IE00BDQZMX67;UBSETFWESGIMETFP;AWESG;ETF;ETF Plus;EUR;IE;OUI;ESG ETF art. 8;Euronext;2026-08-04;A_VERIFIER;NON_DETERMINE;Fonds EEE sur indice non européen : vérifier la liste émetteur
IE00BDR55471;UBSETFSRIAIMETFP;AWSRIA;ETF;ETF Plus;EUR;IE;OUI;ESG ETF art. 8;Euronext;2026-08-04;A_VERIFIER;NON_DETERMINE;Fonds EEE sur indice non européen : vérifier la liste émetteur
IE00BDR55927;UBS ETF AWSR;AWSR;ETF;Euronext Amsterdam | ETF Plus;EUR;IE;OUI;ESG ETF art. 8;Euronext;2026-08-04;A_VERIFIER;NON_DETERMINE;Fonds EEE sur indice non européen : vérifier la liste émetteur
IE00BDR5GT91;UBSETFNDEDIMETFP;GENDED;ETF;ETF Plus;EUR;IE;OUI;ESG ETF art. 8;Euronext;2026-08-04;A_VERIFIER;NON_DETERMINE;Fonds EEE sur indice non européen : vérifier la liste émetteur
IE00BDR5H073;UBSETFNDEEIMETFP;GENDEE;ETF;ETF Plus;EUR;IE;OUI;ESG ETF art. 8;Euronext;2026-08-04;A_VERIFIER;NON_DETERMINE;Fonds EEE sur indice non européen : vérifier la liste émetteur
IE00BDR5HM97;XTRETFXUHYIMETFP;XUHY;ETF;ETF Plus;EUR;IE;OUI;-;Euronext;2026-08-04;NON;CLASSE_ACTIFS;Obligataire/monétaire/crypto/matières premières sans montage PEA
IE00BDS67326;VANETFEMLCIMETFP;EMLC;ETF;ETF Plus | Euronext Paris;EUR;IE;OUI;-;Euronext;2026-08-04;A_VERIFIER;NON_DETERMINE;Fonds EEE sur indice non européen : vérifier la liste émetteur
IE00BDT6FP91;SSGETFGCVEIMETFP;GCVE;ETF;ETF Plus;EUR;IE;OUI;-;Euronext;2026-08-04;A_VERIFIER;NON_DETERMINE;Fonds EEE sur indice non européen : vérifier la liste émetteur
IE00BDT8V027;INVETFPRFEIMETFP;PRFE;ETF;ETF Plus;EUR;IE;OUI;-;Euronext;2026-08-04;A_VERIFIER;NON_DETERMINE;Fonds EEE sur indice non européen : vérifier la liste émetteur
IE00BDVJF675;INVETFPRFEIMETFP;PRFD;ETF;ETF Plus;EUR;IE;OUI;-;Euronext;2026-08-04;A_VERIFIER;NON_DETERMINE;Fonds EEE sur indice non européen : vérifier la liste émetteur
IE00BDVPNG13;WISETFWTAIIMETFP;WTAI;ETF;ETF Plus | Euronext Paris;EUR;IE;OUI;ESG ETF art. 8;Euronext;2026-08-04;A_VERIFIER;NON_DETERMINE;Fonds EEE sur indice non européen : vérifier la liste émetteur
IE00BDZCKK11;INVETFPQVMIMETFP;PQVM;ETF;ETF Plus;EUR;IE;OUI;-;Euronext;2026-08-04;A_VERIFIER;NON_DETERMINE;Fonds EEE sur indice non européen : vérifier la liste émetteur
IE00BF01VY89;LS 2X ALPHABET;2GOO;ETF;Euronext Amsterdam;EUR;IE;OUI;-;Euronext;2026-08-04;A_VERIFIER;NON_DETERMINE;Fonds EEE sur indice non européen : vérifier la liste émetteur
IE00BF03XH11;LS 2X AMAZON;2AMZ;ETF;Euronext Amsterdam;EUR;IE;OUI;-;Euronext;2026-08-04;A_VERIFIER;NON_DETERMINE;Fonds EEE sur indice non européen : vérifier la liste émetteur
IE00BF03XP94;LS 2X FACEBOOK;2FB;ETF;Euronext Amsterdam;EUR;IE;OUI;-;Euronext;2026-08-04;A_VERIFIER;NON_DETERMINE;Fonds EEE sur indice non européen : vérifier la liste émetteur
IE00BF03XR19;LS 2X GOLDMAN;2GS;ETF;Euronext Amsterdam;EUR;IE;OUI;-;Euronext;2026-08-04;NON;CLASSE_ACTIFS;Obligataire/monétaire/crypto/matières premières sans montage PEA
IE00BF0H7608;L&G Pharma Breakth;BIOT;ETF;Euronext Amsterdam | ETF Plus;EUR;IE;OUI;-;Euronext;2026-08-04;A_VERIFIER;NON_DETERMINE;Fonds EEE sur indice non européen : vérifier la liste émetteur
IE00BF0M2Z96;L&G Battery Value;BATT;ETF;Euronext Amsterdam | ETF Plus;EUR;IE;OUI;ESG ETF art. 8;Euronext;2026-08-04;A_VERIFIER;NON_DETERMINE;Fonds EEE sur indice non européen : vérifier la liste émetteur
IE00BF0M6N54;L&G Ecommerce;ECOM;ETF;Euronext Amsterdam | ETF Plus;EUR;IE;OUI;-;Euronext;2026-08-04;A_VERIFIER;NON_DETERMINE;Fonds EEE sur indice non européen : vérifier la liste émetteur
IE00BF11F458;ISHETFFLOEIMETFP;FLOE;ETF;ETF Plus;EUR;IE;OUI;-;Euronext;2026-08-04;NON;CLASSE_ACTIFS;Obligataire/monétaire/crypto/matières premières sans montage PEA
IE00BF11F565;ISHETFXBLCIMETFP;IEAA;ETF;ETF Plus;EUR;IE;OUI;-;Euronext;2026-08-04;NON;CLASSE_ACTIFS;Obligataire/monétaire/crypto/matières premières sans montage PEA
IE00BF16M727;FIRETFCIBRIMETFP;CIBR;ETF;ETF Plus;EUR;IE;OUI;-;Euronext;2026-08-04;A_VERIFIER;NON_DETERMINE;Fonds EEE sur indice non européen : vérifier la liste émetteur
IE00BF1B7389;SSGETFEACWIMETFP;EACW;ETF;ETF Plus;EUR;IE;OUI;-;Euronext;2026-08-04;A_VERIFIER;NON_DETERMINE;Fonds EEE sur indice non européen : vérifier la liste émetteur
IE00BF1QPL78;SSGETFGLAEIMETFP;GLAE;ETF;ETF Plus;EUR;IE;OUI;-;Euronext;2026-08-04;A_VERIFIER;NON_DETERMINE;Fonds EEE sur indice non européen : vérifier la liste émetteur
IE00BF2B0K52;FRAETFFLXEIMETFP;FLXE;ETF;ETF Plus;EUR;IE;OUI;-;Euronext;2026-08-04;A_VERIFIER;NON_DETERMINE;Fonds EEE sur indice non européen : vérifier la liste émetteur
IE00BF2B0L69;FRAETFFLXDIMETFP;FLXD;ETF;ETF Plus;EUR;IE;OUI;-;Euronext;2026-08-04;A_VERIFIER;NON_DETERMINE;Fonds EEE sur indice non européen : vérifier la liste émetteur
IE00BF2B0M76;FRAETFFLXXIMETFP;FLXX;ETF;ETF Plus;EUR;IE;OUI;-;Euronext;2026-08-04;A_VERIFIER;NON_DETERMINE;Fonds EEE sur indice non européen : vérifier la liste émetteur
IE00BF2B0P08;FRAETFFLXUIMETFP;FLXU;ETF;ETF Plus | Euronext Paris;EUR;IE;OUI;-;Euronext;2026-08-04;A_VERIFIER;NON_DETERMINE;Fonds EEE sur indice non européen : vérifier la liste émetteur
IE00BF2FN646;INVETF7EUAIMETFP;TREX;ETF;ETF Plus;EUR;IE;OUI;-;Euronext;2026-08-04;A_VERIFIER;NON_DETERMINE;Fonds EEE sur indice non européen : vérifier la liste émetteur
IE00BF2FN869;INVETF7EUAIMETFP;TRXE;ETF;ETF Plus;EUR;IE;OUI;-;Euronext;2026-08-04;A_VERIFIER;NON_DETERMINE;Fonds EEE sur indice non européen : vérifier la liste émetteur
IE00BF2FNG46;INVETF1EUAITETFP;TRE3;ETF;ETF Plus;EUR;IE;OUI;-;Euronext;2026-08-04;A_VERIFIER;NON_DETERMINE;Fonds EEE sur indice non européen : vérifier la liste émetteur
IE00BF2FNQ44;INVETFTRE7IMETFP;TRE7;ETF;ETF Plus;EUR;IE;OUI;-;Euronext;2026-08-04;A_VERIFIER;NON_DETERMINE;Fonds EEE sur indice non européen : vérifier la liste émetteur
IE00BF2GFH28;INVETFTRESIMETFP;TRES;ETF;ETF Plus;EUR;IE;OUI;-;Euronext;2026-08-04;NON;CLASSE_ACTIFS;Obligataire/monétaire/crypto/matières premières sans montage PEA
IE00BF3N7094;ISHETFIHYGIMXAMS;HIGH;ETF;Euronext Amsterdam;EUR;IE;OUI;-;Euronext;2026-08-04;NON;CLASSE_ACTIFS;Obligataire/monétaire/crypto/matières premières sans montage PEA
IE00BF3N7102;ISHETFIHYUIMETFP;IHYE;ETF;ETF Plus;EUR;IE;OUI;-;Euronext;2026-08-04;NON;CLASSE_ACTIFS;Obligataire/monétaire/crypto/matières premières sans montage PEA
IE00BF4G6Y48;JPMACTJREGETFP;JREG;ETF;ETF Plus;EUR;IE;OUI;ESG ETF art. 8;Euronext;2026-08-04;A_VERIFIER;NON_DETERMINE;Fonds EEE sur indice non européen : vérifier la liste émetteur
IE00BF4G6Z54;JPMACTJREMETFP;JREM;ETF;ETF Plus;EUR;IE;OUI;ESG ETF art. 8;Euronext;2026-08-04;A_VERIFIER;NON_DETERMINE;Fonds EEE sur indice non européen : vérifier la liste émetteur
IE00BF4G7076;JPMACTJREUETFP;JREU;ETF;ETF Plus;EUR;IE;OUI;ESG ETF art. 8;Euronext;2026-08-04;A_VERIFIER;NON_DETERMINE;Fonds EEE sur indice non européen : vérifier la liste émetteur
IE00BF4G7183;JPMACTJREEETFP;JREE;ETF;ETF Plus;EUR;IE;OUI;ESG ETF art. 8;Euronext;2026-08-04;PROBABLE;INDICE_EUROPEEN;Indice actions européen — quota 75 % actions UE respecté de fait
IE00BF4J0300;INVETFBLOCOMETFP;CMOE;ETF;ETF Plus;EUR;IE;OUI;-;Euronext;2026-08-04;NON;CLASSE_ACTIFS;Obligataire/monétaire/crypto/matières premières sans montage PEA
IE00BF4NQ904;HSBETFCNYEIMETFP;HMCA;ETF;ETF Plus;EUR;IE;OUI;-;Euronext;2026-08-04;A_VERIFIER;NON_DETERMINE;Fonds EEE sur indice non européen : vérifier la liste émetteur
IE00BF4TW453;WISETN3UBSIMETFP;3UBS;ETF;ETF Plus;EUR;IE;OUI;-;Euronext;2026-08-04;A_VERIFIER;NON_DETERMINE;Fonds EEE sur indice non européen : vérifier la liste émetteur
IE00BF4TW784;WISETNUL3SIMETFP;UL3S;ETF;ETF Plus;EUR;IE;OUI;-;Euronext;2026-08-04;A_VERIFIER;NON_DETERMINE;Fonds EEE sur indice non européen : vérifier la liste émetteur
IE00BF4TWC33;WISETCMETAIMETFP;META;ETF;ETF Plus;EUR;IE;OUI;-;Euronext;2026-08-04;A_VERIFIER;NON_DETERMINE;Fonds EEE sur indice non européen : vérifier la liste émetteur
IE00BF4TWF63;WISETCBENEIMETFP;BENE;ETF;ETF Plus;EUR;IE;OUI;-;Euronext;2026-08-04;A_VERIFIER;NON_DETERMINE;Fonds EEE sur indice non européen : vérifier la liste émetteur
IE00BF51K025;INVETFPUIGIMETFP;PUIG;ETF;ETF Plus;EUR;IE;OUI;ESG ETF art. 8;Euronext;2026-08-04;A_VERIFIER;NON_DETERMINE;Fonds EEE sur indice non européen : vérifier la liste émetteur
IE00BF51K132;INVETFPEMDIMETFP;PEMD;ETF;ETF Plus;EUR;IE;OUI;-;Euronext;2026-08-04;NON;CLASSE_ACTIFS;Obligataire/monétaire/crypto/matières premières sans montage PEA
IE00BF51K249;INVETFPSFEIMETFP;PSFE;ETF;ETF Plus;EUR;IE;OUI;ESG ETF art. 8;Euronext;2026-08-04;A_VERIFIER;NON_DETERMINE;Fonds EEE sur indice non européen : vérifier la liste émetteur
IE00BF540Z61;VANETFGFAIMETFP;GFA;ETF;ETF Plus | Euronext Paris;EUR;IE;OUI;-;Euronext;2026-08-04;A_VERIFIER;NON_DETERMINE;Fonds EEE sur indice non européen : vérifier la liste émetteur
IE00BF541080;VANETFHYEMIMETFP;HYEM;ETF;ETF Plus | Euronext Paris;EUR;IE;OUI;-;Euronext;2026-08-04;A_VERIFIER;NON_DETERMINE;Fonds EEE sur indice non européen : vérifier la liste émetteur
IE00BF553838;ISHARES JPMESG;EMSA;ETF;Euronext Amsterdam | ETF Plus;EUR;IE;OUI;ESG ETF art. 8;Euronext;2026-08-04;A_VERIFIER;NON_DETERMINE;Fonds EEE sur indice non européen : vérifier la liste émetteur
IE00BF59RV63;JPMACTJRUBETFP;JRUB;ETF;ETF Plus;EUR;IE;OUI;ESG ETF art. 8;Euronext;2026-08-04;NON;CLASSE_ACTIFS;Obligataire/monétaire/crypto/matières premières sans montage PEA
IE00BF59RW70;JPMACTJR15ETFP;JR15;ETF;ETF Plus;EUR;IE;OUI;ESG ETF art. 8;Euronext;2026-08-04;NON;CLASSE_ACTIFS;Obligataire/monétaire/crypto/matières premières sans montage PEA
IE00BF59RX87;JPMACTJREBETFP;JREB;ETF;ETF Plus;EUR;IE;OUI;ESG ETF art. 8;Euronext;2026-08-04;NON;CLASSE_ACTIFS;Obligataire/monétaire/crypto/matières premières sans montage PEA
IE00BF5DXP42;FIRETFBLOKIMETFP;BLOK;ETF;ETF Plus;EUR;IE;OUI;-;Euronext;2026-08-04;A_VERIFIER;NON_DETERMINE;Fonds EEE sur indice non européen : vérifier la liste émetteur
IE00BF8HV600;PIMETFSTHEIMETFP;STHE;ETF;ETF Plus;EUR;IE;OUI;-;Euronext;2026-08-04;A_VERIFIER;NON_DETERMINE;Fonds EEE sur indice non européen : vérifier la liste émetteur
IE00BF8J5974;XTRETFXYLDIMETFP;XYLD;ETF;ETF Plus;EUR;IE;OUI;ESG ETF art. 8;Euronext;2026-08-04;NON;CLASSE_ACTIFS;Obligataire/monétaire/crypto/matières premières sans montage PEA
IE00BF92J153;L&GETFDPAYIMETFP;DPAY;ETF;ETF Plus;EUR;IE;OUI;ESG ETF art. 8;Euronext;2026-08-04;A_VERIFIER;NON_DETERMINE;Fonds EEE sur indice non européen : vérifier la liste émetteur
IE00BF92LV92;OSSACT5HEEETFP;5HEE;ETF;ETF Plus;EUR;IE;OUI;ESG ETF art. 8;Euronext;2026-08-04;A_VERIFIER;NON_DETERMINE;Fonds EEE sur indice non européen : vérifier la liste émetteur
IE00BFD26097;FIRETFEFPXIMETFP;EFPX;ETF;ETF Plus;EUR;IE;OUI;-;Euronext;2026-08-04;PROBABLE;INDICE_EUROPEEN;Indice actions européen — quota 75 % actions UE respecté de fait
IE00BFD2H405;FIRETFFSKYIMETFP;FSKY;ETF;ETF Plus | Euronext Amsterdam;EUR;IE;OUI;-;Euronext;2026-08-04;A_VERIFIER;NON_DETERMINE;Fonds EEE sur indice non européen : vérifier la liste émetteur
IE00BFM15T99;ISHARES JAPAN IMI;SJPD;ETF;Euronext Amsterdam - Multi-currency Trading;USD;IE;OUI;ESG ETF art. 8;Euronext;2026-08-04;A_VERIFIER;NON_DETERMINE;Fonds EEE sur indice non européen : vérifier la liste émetteur
IE00BFM6TB42;ISHETFCORPIMETFP;CRPA;ETF;ETF Plus;EUR;IE;OUI;-;Euronext;2026-08-04;NON;CLASSE_ACTIFS;Obligataire/monétaire/crypto/matières premières sans montage PEA
IE00BFMNHK08;XTRETFXZEUIMETFP;XZEU;ETF;ETF Plus;EUR;IE;OUI;ESG ETF art. 8;Euronext;2026-08-04;A_VERIFIER;NON_DETERMINE;Fonds EEE sur indice non européen : vérifier la liste émetteur
IE00BFMNPS42;XTRETFXZMUIMETFP;XZMU;ETF;ETF Plus;EUR;IE;OUI;ESG ETF art. 8;Euronext;2026-08-04;A_VERIFIER;NON_DETERMINE;Fonds EEE sur indice non européen : vérifier la liste émetteur
IE00BFMXVQ44;VANETFMXNUKETFP;VMIG;ETF;ETF Plus;EUR;IE;OUI;-;Euronext;2026-08-04;A_VERIFIER;NON_DETERMINE;Fonds EEE sur indice non européen : vérifier la liste émetteur
IE00BFMXXD54;VANETFSP500ETFP;VUAA;ETF;ETF Plus;EUR;IE;OUI;-;Euronext;2026-08-04;A_VERIFIER;NON_DETERMINE;Fonds EEE sur indice non européen : vérifier la liste émetteur
IE00BFMXYX26;VANETFVJPAIMETFP;VJPA;ETF;ETF Plus;EUR;IE;OUI;-;Euronext;2026-08-04;A_VERIFIER;NON_DETERMINE;Fonds EEE sur indice non européen : vérifier la liste émetteur
IE00BFMXYY33;VANETFVJPEIMETFP;VJPE;ETF;ETF Plus;EUR;IE;OUI;-;Euronext;2026-08-04;A_VERIFIER;NON_DETERMINE;Fonds EEE sur indice non européen : vérifier la liste émetteur
IE00BFNM3J75;ISHETFSAWDIMETFP;SAWD;ETF;ETF Plus;EUR;IE;OUI;ESG ETF art. 8;Euronext;2026-08-04;A_VERIFIER;NON_DETERMINE;Fonds EEE sur indice non européen : vérifier la liste émetteur
IE00BFNNN236;WISETFCOBOIMETFP;COBO;ETF;ETF Plus;EUR;IE;OUI;ESG ETF art. 8;Euronext;2026-08-04;A_VERIFIER;NON_DETERMINE;Fonds EEE sur indice non européen : vérifier la liste émetteur
IE00BFNNN343;WISETFCOBOIMETFP;COBA;ETF;ETF Plus;EUR;IE;OUI;ESG ETF art. 8;Euronext;2026-08-04;A_VERIFIER;NON_DETERMINE;Fonds EEE sur indice non européen : vérifier la liste émetteur
IE00BFWFPX50;SPDR US COMMS;SXLC;ETF;Euronext Amsterdam | ETF Plus;EUR;IE;OUI;-;Euronext;2026-08-04;A_VERIFIER;NON_DETERMINE;Fonds EEE sur indice non européen : vérifier la liste émetteur
IE00BFWFPY67;SSGETFEMLAIMETFP;EMLA;ETF;ETF Plus;EUR;IE;OUI;-;Euronext;2026-08-04;A_VERIFIER;NON_DETERMINE;Fonds EEE sur indice non européen : vérifier la liste émetteur
IE00BFWXDV39;FRAETFFLQAIMETFP;FLQA;ETF;ETF Plus | Euronext Paris;EUR;IE;OUI;-;Euronext;2026-08-04;A_VERIFIER;NON_DETERMINE;Fonds EEE sur indice non européen : vérifier la liste émetteur
IE00BFWXDX52;FRAACTFLUCETFP;FLUC;ETF;ETF Plus;EUR;IE;OUI;-;Euronext;2026-08-04;A_VERIFIER;NON_DETERMINE;Fonds EEE sur indice non européen : vérifier la liste émetteur
IE00BFWXDY69;FRAACTFLESETFP;FLES;ETF;ETF Plus;EUR;IE;OUI;ESG ETF art. 8;Euronext;2026-08-04;A_VERIFIER;NON_DETERMINE;Fonds EEE sur indice non européen : vérifier la liste émetteur
IE00BFXR5Q31;L&G Core US Eq.;LGUS;ETF;Euronext Amsterdam | ETF Plus;EUR;IE;OUI;-;Euronext;2026-08-04;A_VERIFIER;NON_DETERMINE;Fonds EEE sur indice non européen : vérifier la liste émetteur
IE00BFXR5S54;L&G Global Eq.;LGGL;ETF;Euronext Amsterdam | ETF Plus;EUR;IE;OUI;-;Euronext;2026-08-04;A_VERIFIER;NON_DETERMINE;Fonds EEE sur indice non européen : vérifier la liste émetteur
IE00BFXR5T61;L&G Core Japan Eq.;LGJP;ETF;Euronext Amsterdam | ETF Plus;EUR;IE;OUI;-;Euronext;2026-08-04;A_VERIFIER;NON_DETERMINE;Fonds EEE sur indice non européen : vérifier la liste émetteur
IE00BFXR5V83;L&G EU x UK Eq.;LGEU;ETF;Euronext Amsterdam | ETF Plus;EUR;IE;OUI;-;Euronext;2026-08-04;PROBABLE;INDICE_EUROPEEN;Indice actions européen — quota 75 % actions UE respecté de fait
IE00BFXR5W90;L&G APAC x JP Eq.;LGAP;ETF;Euronext Amsterdam | ETF Plus;EUR;IE;OUI;-;Euronext;2026-08-04;A_VERIFIER;NON_DETERMINE;Fonds EEE sur indice non européen : vérifier la liste émetteur
IE00BFXR6159;L&GETFENCOIMETFP;ENCO;ETF;ETF Plus;EUR;IE;OUI;-;Euronext;2026-08-04;A_VERIFIER;NON_DETERMINE;Fonds EEE sur indice non européen : vérifier la liste émetteur
IE00BFXR7892;KRANE CSI INTERNET;KWEB;ETF;Euronext Amsterdam - Multi-currency Trading;USD;IE;OUI;-;Euronext;2026-08-04;A_VERIFIER;NON_DETERMINE;Fonds EEE sur indice non européen : vérifier la liste émetteur
IE00BFXR7900;KRAETFKWEBIMETFP;KWBE;ETF;ETF Plus;EUR;IE;OUI;-;Euronext;2026-08-04;A_VERIFIER;NON_DETERMINE;Fonds EEE sur indice non européen : vérifier la liste émetteur
IE00BFXYHY63;iSh $TR BD 3-7yr;OM3M;ETF;Euronext Amsterdam - Multi-currency Trading;USD;IE;OUI;-;Euronext;2026-08-04;A_VERIFIER;NON_DETERMINE;Fonds EEE sur indice non européen : vérifier la liste émetteur
IE00BFY0GT14;SPDR WORLD;SWRD;ETF;Euronext Amsterdam | ETF Plus;EUR;IE;OUI;-;Euronext;2026-08-04;A_VERIFIER;NON_DETERMINE;Fonds EEE sur indice non européen : vérifier la liste émetteur
IE00BFY0GV36;SPDR BB SB USCorEH;USCE;ETF;Euronext Amsterdam;EUR;IE;OUI;ESG ETF art. 8;Euronext;2026-08-04;A_VERIFIER;NON_DETERMINE;Fonds EEE sur indice non européen : vérifier la liste émetteur
IE00BFYN8Y92;EMQQ-INTRNTECOMM;EMQQ;ETF;Euronext Paris | ETF Plus;EUR;IE;OUI;ESG ETF art. 8;Euronext;2026-08-04;A_VERIFIER;NON_DETERMINE;Fonds EEE sur indice non européen : vérifier la liste émetteur
IE00BFZPF322;INVETFAT1IMETFP;AT1;ETF;ETF Plus;EUR;IE;OUI;ESG ETF art. 8;Euronext;2026-08-04;A_VERIFIER;NON_DETERMINE;Fonds EEE sur indice non européen : vérifier la liste émetteur
IE00BFZPF439;INVETFAT1IMETFP;XAT1;ETF;ETF Plus;EUR;IE;OUI;ESG ETF art. 8;Euronext;2026-08-04;A_VERIFIER;NON_DETERMINE;Fonds EEE sur indice non européen : vérifier la liste émetteur
IE00BFZPF546;ISHETFGBIE10XPAR;EMGA;ETF;Euronext Paris;EUR;IE;OUI;-;Euronext;2026-08-04;A_VERIFIER;NON_DETERMINE;Fonds EEE sur indice non européen : vérifier la liste émetteur
IE00BFZXGZ54;INVETFND100ETFP;EQAC;ETF;ETF Plus;EUR;IE;OUI;-;Euronext;2026-08-04;A_VERIFIER;NON_DETERMINE;Fonds EEE sur indice non européen : vérifier la liste émetteur
IE00BG04M077;XTRETFCSUSIMETFP;XD9E;ETF;ETF Plus;EUR;IE;OUI;-;Euronext;2026-08-04;A_VERIFIER;NON_DETERMINE;Fonds EEE sur indice non européen : vérifier la liste émetteur
IE00BG0J4C88;Digital Sec Acc;LOCK;ETF;Euronext Amsterdam | ETF Plus;EUR;IE;OUI;ESG ETF art. 8;Euronext;2026-08-04;A_VERIFIER;NON_DETERMINE;Fonds EEE sur indice non européen : vérifier la liste émetteur
IE00BG0NY640;INVETFICFPIMETFP;ICFP;ETF;ETF Plus;EUR;IE;OUI;ESG ETF art. 8;Euronext;2026-08-04;PROBABLE;INDICE_EUROPEEN;Indice actions européen — quota 75 % actions UE respecté de fait
IE00BG0SSC32;FT DJ Internet;FDNE;ETF;Euronext Amsterdam;EUR;IE;OUI;-;Euronext;2026-08-04;A_VERIFIER;NON_DETERMINE;Fonds EEE sur indice non européen : vérifier la liste émetteur
IE00BG0TQB18;INVETFAT1IMETFP;AT1D;ETF;ETF Plus;EUR;IE;OUI;ESG ETF art. 8;Euronext;2026-08-04;A_VERIFIER;NON_DETERMINE;Fonds EEE sur indice non européen : vérifier la liste émetteur
IE00BG21M733;INVETFVRPSIMETFP;VRPS;ETF;ETF Plus;EUR;IE;OUI;-;Euronext;2026-08-04;A_VERIFIER;NON_DETERMINE;Fonds EEE sur indice non européen : vérifier la liste émetteur
IE00BG36TC12;XTRETFXZMJIMETFP;XZMJ;ETF;ETF Plus;EUR;IE;OUI;ESG ETF art. 8;Euronext;2026-08-04;A_VERIFIER;NON_DETERMINE;Fonds EEE sur indice non européen : vérifier la liste émetteur
IE00BG370F43;XTRETFXZEMIMETFP;XZEM;ETF;ETF Plus;EUR;IE;OUI;ESG ETF art. 8;Euronext;2026-08-04;A_VERIFIER;NON_DETERMINE;Fonds EEE sur indice non européen : vérifier la liste émetteur
IE00BG47KH54;VANETFVAGFIMETFP;VAGF;ETF;ETF Plus;EUR;IE;OUI;-;Euronext;2026-08-04;NON;CLASSE_ACTIFS;Obligataire/monétaire/crypto/matières premières sans montage PEA
IE00BG5QQ390;ISHETFIU0EIMETFP;IU0E;ETF;ETF Plus;EUR;IE;OUI;ESG ETF art. 8;Euronext;2026-08-04;NON;CLASSE_ACTIFS;Obligataire/monétaire/crypto/matières premières sans montage PEA
IE00BG7PP820;INVETFXLCSIMETFP;XLCS;ETF;ETF Plus;EUR;IE;OUI;-;Euronext;2026-08-04;A_VERIFIER;NON_DETERMINE;Fonds EEE sur indice non européen : vérifier la liste émetteur
IE00BG88WG77;WISETFWCOEIMETFP;WCOE;ETF;ETF Plus;EUR;IE;OUI;-;Euronext;2026-08-04;A_VERIFIER;NON_DETERMINE;Fonds EEE sur indice non européen : vérifier la liste émetteur
IE00BG8BCY43;JPMACTJPSAETFP;JPSA;ETF;ETF Plus;EUR;IE;OUI;-;Euronext;2026-08-04;A_VERIFIER;NON_DETERMINE;Fonds EEE sur indice non européen : vérifier la liste émetteur
IE00BGBN6P67;INVETFBCHNIMETFP;BCHN;ETF;ETF Plus;EUR;IE;OUI;-;Euronext;2026-08-04;A_VERIFIER;NON_DETERMINE;Fonds EEE sur indice non européen : vérifier la liste émetteur
IE00BGDPWW94;ISHARES EUROPE SRI;ISED;ETF;Euronext Amsterdam;EUR;IE;OUI;ESG ETF art. 8;Euronext;2026-08-04;PROBABLE;INDICE_EUROPEEN;Indice actions européen — quota 75 % actions UE respecté de fait
IE00BGDQ0T50;ISHARES EM SRI USD;SEMD;ETF;Euronext Amsterdam - Multi-currency Trading;USD;IE;OUI;ESG ETF art. 8;Euronext;2026-08-04;A_VERIFIER;NON_DETERMINE;Fonds EEE sur indice non européen : vérifier la liste émetteur
IE00BGDQ0V72;ISHARES JAPAN SRI;SUJD;ETF;Euronext Amsterdam - Multi-currency Trading;USD;IE;OUI;ESG ETF art. 8;Euronext;2026-08-04;A_VERIFIER;NON_DETERMINE;Fonds EEE sur indice non européen : vérifier la liste émetteur
IE00BGHQ0G80;XTRETFXMAWIMETFP;XMAW;ETF;ETF Plus;EUR;IE;OUI;ESG ETF art. 8;Euronext;2026-08-04;A_VERIFIER;NON_DETERMINE;Fonds EEE sur indice non européen : vérifier la liste émetteur
IE00BGJWWT11;INVETFEIB7IMETFP;EIB7;ETF;ETF Plus;EUR;IE;OUI;-;Euronext;2026-08-04;NON;CLASSE_ACTIFS;Obligataire/monétaire/crypto/matières premières sans montage PEA
IE00BGJWWV33;INVETFEIB5IMETFP;EIB5;ETF;ETF Plus;EUR;IE;OUI;-;Euronext;2026-08-04;NON;CLASSE_ACTIFS;Obligataire/monétaire/crypto/matières premières sans montage PEA
IE00BGJWWW40;INVETFEIBXIMETFP;EIBX;ETF;ETF Plus;EUR;IE;OUI;-;Euronext;2026-08-04;NON;CLASSE_ACTIFS;Obligataire/monétaire/crypto/matières premières sans montage PEA
IE00BGJWWX56;INVETFEIBBIMETFP;EIBB;ETF;ETF Plus;EUR;IE;OUI;-;Euronext;2026-08-04;NON;CLASSE_ACTIFS;Obligataire/monétaire/crypto/matières premières sans montage PEA
IE00BGJWWY63;INVETFEIB3IMETFP;EIB3;ETF;ETF Plus;EUR;IE;OUI;-;Euronext;2026-08-04;NON;CLASSE_ACTIFS;Obligataire/monétaire/crypto/matières premières sans montage PEA
IE00BGL86Z12;El Vcls Drng Tch A;ECAR;ETF;Euronext Amsterdam | ETF Plus;EUR;IE;OUI;ESG ETF art. 8;Euronext;2026-08-04;A_VERIFIER;NON_DETERMINE;Fonds EEE sur indice non européen : vérifier la liste émetteur
IE00BGQYRS42;XTRETFXUTCIMETFP;XUTC;ETF;ETF Plus;EUR;IE;OUI;-;Euronext;2026-08-04;A_VERIFIER;NON_DETERMINE;Fonds EEE sur indice non européen : vérifier la liste émetteur
IE00BGV5VN51;XTRETFXAIXIMETFP;XAIX;ETF;ETF Plus;EUR;IE;OUI;-;Euronext;2026-08-04;A_VERIFIER;NON_DETERMINE;Fonds EEE sur indice non européen : vérifier la liste émetteur
IE00BGV5VR99;XTRETFXMOVIMETFP;XMOV;ETF;ETF Plus;EUR;IE;OUI;-;Euronext;2026-08-04;A_VERIFIER;NON_DETERMINE;Fonds EEE sur indice non européen : vérifier la liste émetteur
IE00BGYWCB81;VANETFVDEAIMETFP;VDEA;ETF;ETF Plus;EUR;IE;OUI;-;Euronext;2026-08-04;A_VERIFIER;NON_DETERMINE;Fonds EEE sur indice non européen : vérifier la liste émetteur
IE00BGYWFK87;VANETFVUCEIMETFP;VUCE;ETF;ETF Plus;EUR;IE;OUI;-;Euronext;2026-08-04;A_VERIFIER;NON_DETERMINE;Fonds EEE sur indice non européen : vérifier la liste émetteur
IE00BGYWFL94;VANETFVDCEIMETFP;VDCE;ETF;ETF Plus;EUR;IE;OUI;-;Euronext;2026-08-04;A_VERIFIER;NON_DETERMINE;Fonds EEE sur indice non européen : vérifier la liste émetteur
IE00BGYWFS63;VANETFVDTAIMETFP;VDTA;ETF;ETF Plus;EUR;IE;OUI;-;Euronext;2026-08-04;A_VERIFIER;NON_DETERMINE;Fonds EEE sur indice non européen : vérifier la liste émetteur
IE00BGYWSV06;VANETFVDCAIMETFP;VDCA;ETF;ETF Plus;EUR;IE;OUI;-;Euronext;2026-08-04;A_VERIFIER;NON_DETERMINE;Fonds EEE sur indice non européen : vérifier la liste émetteur
IE00BGYWSW13;VANETFH33680ETFP;VCDE;ETF;ETF Plus;EUR;IE;OUI;-;Euronext;2026-08-04;A_VERIFIER;NON_DETERMINE;Fonds EEE sur indice non européen : vérifier la liste émetteur
IE00BGYWT403;VANETFVECAIMETFP;VECA;ETF;ETF Plus;EUR;IE;OUI;-;Euronext;2026-08-04;A_VERIFIER;NON_DETERMINE;Fonds EEE sur indice non européen : vérifier la liste émetteur
IE00BH04FZ00;VANETFI04352ETFP;VSCF;ETF;ETF Plus | Euronext Amsterdam;EUR;IE;OUI;-;Euronext;2026-08-04;NON;CLASSE_ACTIFS;Obligataire/monétaire/crypto/matières premières sans montage PEA
IE00BH04GL39;VANETFVGEAIMETFP;VGEA;ETF;ETF Plus;EUR;IE;OUI;-;Euronext;2026-08-04;A_VERIFIER;NON_DETERMINE;Fonds EEE sur indice non européen : vérifier la liste émetteur
IE00BH3X8336;PIMETFEMLIIMETFP;EMLI;ETF;ETF Plus;EUR;IE;OUI;-;Euronext;2026-08-04;A_VERIFIER;NON_DETERMINE;Fonds EEE sur indice non européen : vérifier la liste émetteur
IE00BH4GPZ28;SPDR SP 500 Acc;500X;ETF;Euronext Amsterdam | ETF Plus;EUR;IE;OUI;ESG ETF art. 8;Euronext;2026-08-04;A_VERIFIER;NON_DETERMINE;Fonds EEE sur indice non européen : vérifier la liste émetteur
IE00BHJYDV33;INVETFMDAXETFP;MDAX;ETF;ETF Plus;EUR;IE;OUI;-;Euronext;2026-08-04;PROBABLE;INDICE_EUROPEEN;Indice actions européen — quota 75 % actions UE respecté de fait
IE00BHXMHL11;UBSETFPESGITETFP;SPESG;ETF;ETF Plus;EUR;IE;OUI;ESG ETF art. 8;Euronext;2026-08-04;A_VERIFIER;NON_DETERMINE;Fonds EEE sur indice non européen : vérifier la liste émetteur
IE00BHXMHQ65;UBSETF500HIMETFP;5ESGE;ETF;ETF Plus;EUR;IE;OUI;ESG ETF art. 8;Euronext;2026-08-04;A_VERIFIER;NON_DETERMINE;Fonds EEE sur indice non européen : vérifier la liste émetteur
IE00BHZPJ015;ISHETFENMUIMETFP;ENMU;ETF;ETF Plus;EUR;IE;OUI;ESG ETF art. 8;Euronext;2026-08-04;A_VERIFIER;NON_DETERMINE;Fonds EEE sur indice non européen : vérifier la liste émetteur
IE00BHZPJ239;ISHETFEMEGIMETFP;EMEG;ETF;ETF Plus;EUR;IE;OUI;ESG ETF art. 8;Euronext;2026-08-04;A_VERIFIER;NON_DETERMINE;Fonds EEE sur indice non européen : vérifier la liste émetteur
IE00BHZPJ452;ISHETFEJPYIMETFP;EJPY;ETF;ETF Plus;EUR;IE;OUI;ESG ETF art. 8;Euronext;2026-08-04;A_VERIFIER;NON_DETERMINE;Fonds EEE sur indice non européen : vérifier la liste émetteur
IE00BHZPJ569;ISHETFENWDIMETFP;ENWD;ETF;ETF Plus;EUR;IE;OUI;ESG ETF art. 8;Euronext;2026-08-04;A_VERIFIER;NON_DETERMINE;Fonds EEE sur indice non européen : vérifier la liste émetteur
IE00BHZPJ783;ISHETFESEGIMETFP;ESEG;ETF;ETF Plus;EUR;IE;OUI;ESG ETF art. 8;Euronext;2026-08-04;A_VERIFIER;NON_DETERMINE;Fonds EEE sur indice non européen : vérifier la liste émetteur
IE00BHZPJ908;ISHETFEDMEIMETFP;EDME;ETF;ETF Plus;EUR;IE;OUI;ESG ETF art. 8;Euronext;2026-08-04;A_VERIFIER;NON_DETERMINE;Fonds EEE sur indice non européen : vérifier la liste émetteur
IE00BHZRQY00;FRAETFFLXBIMETFP;FLXB;ETF;ETF Plus | Euronext Amsterdam;EUR;IE;OUI;-;Euronext;2026-08-04;A_VERIFIER;NON_DETERMINE;Fonds EEE sur indice non européen : vérifier la liste émetteur
IE00BHZRQZ17;FRAETFFLXIIMETFP;FLXI;ETF;ETF Plus | Euronext Amsterdam;EUR;IE;OUI;-;Euronext;2026-08-04;A_VERIFIER;NON_DETERMINE;Fonds EEE sur indice non européen : vérifier la liste émetteur
IE00BHZRR030;FRAETFFLXKIMETFP;FLXK;ETF;ETF Plus | Euronext Amsterdam;EUR;IE;OUI;-;Euronext;2026-08-04;A_VERIFIER;NON_DETERMINE;Fonds EEE sur indice non européen : vérifier la liste émetteur
IE00BHZRR147;FRAETFFLXCIMETFP;FLXC;ETF;ETF Plus | Euronext Amsterdam;EUR;IE;OUI;-;Euronext;2026-08-04;A_VERIFIER;NON_DETERMINE;Fonds EEE sur indice non européen : vérifier la liste émetteur
IE00BHZRR253;FRAACTFLRGETFP;FLRG;ETF;ETF Plus | Euronext Amsterdam;EUR;IE;OUI;ESG ETF art. 9;Euronext;2026-08-04;A_VERIFIER;NON_DETERMINE;Fonds EEE sur indice non européen : vérifier la liste émetteur
IE00BJ06C937;JP ETFJMBEIMETFP;JMBA;ETF;ETF Plus;EUR;IE;OUI;-;Euronext;2026-08-04;A_VERIFIER;NON_DETERMINE;Fonds EEE sur indice non européen : vérifier la liste émetteur
IE00BJ0KDQ92;XTRETFMSTRUSETFP;XDWD;ETF;ETF Plus;EUR;IE;OUI;-;Euronext;2026-08-04;A_VERIFIER;NON_DETERMINE;Fonds EEE sur indice non européen : vérifier la liste émetteur
IE00BJ0KDR00;XTRETFCSUSIMETFP;XD9U;ETF;ETF Plus;EUR;IE;OUI;-;Euronext;2026-08-04;A_VERIFIER;NON_DETERMINE;Fonds EEE sur indice non européen : vérifier la liste émetteur
IE00BJ38QD84;SPDR RUSSELL 2K;R2US;ETF;Euronext Paris | ETF Plus;EUR;IE;OUI;-;Euronext;2026-08-04;A_VERIFIER;NON_DETERMINE;Fonds EEE sur indice non européen : vérifier la liste émetteur
IE00BJ5CNR11;GOLETFGSLCIMETFP;GSLC;ETF;ETF Plus;EUR;IE;OUI;ESG ETF art. 9;Euronext;2026-08-04;NON;CLASSE_ACTIFS;Obligataire/monétaire/crypto/matières premières sans montage PEA
IE00BJ5JNY98;ISHARES WITS;WITS;ETF;Euronext Amsterdam - Multi-currency Trading | ETF Plus;USD;IE;OUI;ESG ETF art. 8;Euronext;2026-08-04;A_VERIFIER;NON_DETERMINE;Fonds EEE sur indice non européen : vérifier la liste émetteur
IE00BJ5JNZ06;ISHARES WHCS;WHCS;ETF;Euronext Amsterdam - Multi-currency Trading | ETF Plus;USD;IE;OUI;ESG ETF art. 8;Euronext;2026-08-04;A_VERIFIER;NON_DETERMINE;Fonds EEE sur indice non européen : vérifier la liste émetteur
IE00BJ5JP097;IS MS WORLD FIN $D;WFNS;ETF;Euronext Amsterdam - Multi-currency Trading;USD;IE;OUI;ESG ETF art. 8;Euronext;2026-08-04;A_VERIFIER;NON_DETERMINE;Fonds EEE sur indice non européen : vérifier la liste émetteur
IE00BJ5JP105;ISHARES WENS;WENS;ETF;Euronext Amsterdam - Multi-currency Trading;USD;IE;OUI;-;Euronext;2026-08-04;A_VERIFIER;NON_DETERMINE;Fonds EEE sur indice non européen : vérifier la liste émetteur
IE00BJ5JP212;ISHARES WCDS;WCDS;ETF;Euronext Amsterdam - Multi-currency Trading;USD;IE;OUI;-;Euronext;2026-08-04;A_VERIFIER;NON_DETERMINE;Fonds EEE sur indice non européen : vérifier la liste émetteur
IE00BJ5JP329;ISHARES WCSS;WCSS;ETF;Euronext Amsterdam - Multi-currency Trading;USD;IE;OUI;-;Euronext;2026-08-04;A_VERIFIER;NON_DETERMINE;Fonds EEE sur indice non européen : vérifier la liste émetteur
IE00BJ5JP436;MSCI Wd Com ESG US;WCMS;ETF;Euronext Amsterdam - Multi-currency Trading;USD;IE;OUI;ESG ETF art. 8;Euronext;2026-08-04;A_VERIFIER;NON_DETERMINE;Fonds EEE sur indice non européen : vérifier la liste émetteur
IE00BJ5JP659;MSCI Wd Ind ESG US;WINS;ETF;Euronext Amsterdam - Multi-currency Trading;USD;IE;OUI;ESG ETF art. 8;Euronext;2026-08-04;A_VERIFIER;NON_DETERMINE;Fonds EEE sur indice non européen : vérifier la liste émetteur
IE00BJ5JP766;ISHETFNU7470ETFP;WMTS;ETF;ETF Plus | Euronext Amsterdam - Multi-currency Trading;EUR;IE;OUI;ESG ETF art. 8;Euronext;2026-08-04;A_VERIFIER;NON_DETERMINE;Fonds EEE sur indice non européen : vérifier la liste émetteur
IE00BJ5JPG56;ISHARES CHINA U A;ICHN;ETF;Euronext Amsterdam - Multi-currency Trading;USD;IE;OUI;-;Euronext;2026-08-04;A_VERIFIER;NON_DETERMINE;Fonds EEE sur indice non européen : vérifier la liste émetteur
IE00BJGWQN72;WISETFEMCLOUETFP;WCLD;ETF;ETF Plus | Euronext Paris;EUR;IE;OUI;ESG ETF art. 8;Euronext;2026-08-04;A_VERIFIER;NON_DETERMINE;Fonds EEE sur indice non européen : vérifier la liste émetteur
IE00BJJPVP04;ISHARES CBUG;CBUG;ETF;Euronext Amsterdam - Multi-currency Trading;GBP;IE;OUI;-;Euronext;2026-08-04;A_VERIFIER;NON_DETERMINE;Fonds EEE sur indice non européen : vérifier la liste émetteur
IE00BJJYYX67;WISETFTFRNIMETFP;TFRN;ETF;ETF Plus;EUR;IE;OUI;-;Euronext;2026-08-04;A_VERIFIER;NON_DETERMINE;Fonds EEE sur indice non européen : vérifier la liste émetteur
IE00BJK3WF00;JP ETFBBILIMETFP;BBIL;ETF;ETF Plus;EUR;IE;OUI;-;Euronext;2026-08-04;A_VERIFIER;NON_DETERMINE;Fonds EEE sur indice non européen : vérifier la liste émetteur
IE00BJK55B31;ISHARES UHY ESG A;DHYE;ETF;Euronext Amsterdam;EUR;IE;OUI;ESG ETF art. 8;Euronext;2026-08-04;NON;CLASSE_ACTIFS;Obligataire/monétaire/crypto/matières premières sans montage PEA
IE00BJK55C48;ISHARES EHY ESG A;EHYA;ETF;Euronext Amsterdam | ETF Plus;EUR;IE;OUI;ESG ETF art. 8;Euronext;2026-08-04;NON;CLASSE_ACTIFS;Obligataire/monétaire/crypto/matières premières sans montage PEA
IE00BJK9H753;JP ETFBBUSIMETFP;BBUS;ETF;ETF Plus;EUR;IE;OUI;-;Euronext;2026-08-04;A_VERIFIER;NON_DETERMINE;Fonds EEE sur indice non européen : vérifier la liste émetteur
IE00BJK9HD13;JP ETFBBEGIMETFP;BBEG;ETF;ETF Plus;EUR;IE;OUI;-;Euronext;2026-08-04;NON;CLASSE_ACTIFS;Obligataire/monétaire/crypto/matières premières sans montage PEA
IE00BJK9HH50;JP ETFBBTRIMETFP;BBTR;ETF;ETF Plus;EUR;IE;OUI;-;Euronext;2026-08-04;A_VERIFIER;NON_DETERMINE;Fonds EEE sur indice non européen : vérifier la liste émetteur
IE00BJL36X53;SSGETFEMHEIMETFP;EMHE;ETF;ETF Plus;EUR;IE;OUI;-;Euronext;2026-08-04;A_VERIFIER;NON_DETERMINE;Fonds EEE sur indice non européen : vérifier la liste émetteur
IE00BJLKK341;ISHARES EUSR ACC;SMUA;ETF;Euronext Amsterdam;EUR;IE;OUI;ESG ETF art. 8;Euronext;2026-08-04;PROBABLE;INDICE_EUROPEEN;Indice actions européen — quota 75 % actions UE respecté de fait
IE00BJP26C72;ISHARES $USBE DIST;UEDD;ETF;Euronext Amsterdam - Multi-currency Trading;USD;IE;OUI;ESG ETF art. 8;Euronext;2026-08-04;NON;CLASSE_ACTIFS;Obligataire/monétaire/crypto/matières premières sans montage PEA
IE00BJQRDK83;INVETFESGWIMETFP;ESGW;ETF;ETF Plus;EUR;IE;OUI;ESG ETF art. 8;Euronext;2026-08-04;A_VERIFIER;NON_DETERMINE;Fonds EEE sur indice non européen : vérifier la liste émetteur
IE00BJQRDL90;INVETFEEURIMETFP;EEUR;ETF;ETF Plus;EUR;IE;OUI;ESG ETF art. 8;Euronext;2026-08-04;PROBABLE;INDICE_EUROPEEN;Indice actions européen — quota 75 % actions UE respecté de fait
IE00BJQRDM08;INVETFESGUIMETFP;ESGU;ETF;ETF Plus;EUR;IE;OUI;ESG ETF art. 8;Euronext;2026-08-04;A_VERIFIER;NON_DETERMINE;Fonds EEE sur indice non européen : vérifier la liste émetteur
IE00BJQRDN15;INVACTIQSAETFP;IQSA;ETF;ETF Plus;EUR;IE;OUI;ESG ETF art. 8;Euronext;2026-08-04;A_VERIFIER;NON_DETERMINE;Fonds EEE sur indice non européen : vérifier la liste émetteur
IE00BJQRDP39;INVACTIQSEETFP;IQSE;ETF;ETF Plus;EUR;IE;OUI;ESG ETF art. 8;Euronext;2026-08-04;A_VERIFIER;NON_DETERMINE;Fonds EEE sur indice non européen : vérifier la liste émetteur
IE00BJQTJ848;HAN HLTH EQL WT;WELL;ETF;Euronext Paris | ETF Plus;EUR;IE;OUI;-;Euronext;2026-08-04;A_VERIFIER;NON_DETERMINE;Fonds EEE sur indice non européen : vérifier la liste émetteur
IE00BJRCLL96;JP ETFJPGLIMETFP;JPGL;ETF;ETF Plus;EUR;IE;OUI;-;Euronext;2026-08-04;A_VERIFIER;NON_DETERMINE;Fonds EEE sur indice non européen : vérifier la liste émetteur
IE00BJSBCS90;GOLETFCBNDIMETFP;CBND;ETF;ETF Plus;EUR;IE;OUI;-;Euronext;2026-08-04;NON;CLASSE_ACTIFS;Obligataire/monétaire/crypto/matières premières sans montage PEA
IE00BJXRT813;SPDR MSCI WLD VAL;WVAL;ETF;Euronext Amsterdam;EUR;IE;OUI;-;Euronext;2026-08-04;A_VERIFIER;NON_DETERMINE;Fonds EEE sur indice non européen : vérifier la liste émetteur
IE00BJXRZJ40;RIZETFCYBRIMETFP;CYBR;ETF;ETF Plus | Euronext Amsterdam;EUR;IE;OUI;ESG ETF art. 8;Euronext;2026-08-04;A_VERIFIER;NON_DETERMINE;Fonds EEE sur indice non européen : vérifier la liste émetteur
IE00BJXT3C94;UBSETFSSRIIMETFP;USSRI;ETF;ETF Plus;EUR;IE;OUI;ESG ETF art. 8;Euronext;2026-08-04;A_VERIFIER;NON_DETERMINE;Fonds EEE sur indice non européen : vérifier la liste émetteur
IE00BJXT3G33;UBSETFSRIEITETFP;USSRIE;ETF;ETF Plus;EUR;IE;OUI;ESG ETF art. 8;Euronext;2026-08-04;A_VERIFIER;NON_DETERMINE;Fonds EEE sur indice non européen : vérifier la liste émetteur
IE00BJZ2DC62;XTRETFXRSMIMETFP;XRSM;ETF;ETF Plus;EUR;IE;OUI;ESG ETF art. 8;Euronext;2026-08-04;A_VERIFIER;NON_DETERMINE;Fonds EEE sur indice non européen : vérifier la liste émetteur
IE00BJZ2DD79;XTRETFRU2000ETFP;XRS2;ETF;ETF Plus;EUR;IE;OUI;-;Euronext;2026-08-04;A_VERIFIER;NON_DETERMINE;Fonds EEE sur indice non européen : vérifier la liste émetteur
IE00BK4W7N32;ISHARES $CPESG DST;SUOU;ETF;Euronext Amsterdam - Multi-currency Trading;USD;IE;OUI;ESG ETF art. 8;Euronext;2026-08-04;A_VERIFIER;NON_DETERMINE;Fonds EEE sur indice non européen : vérifier la liste émetteur
IE00BK5BC677;L&GETFDOCTIMETFP;DOCT;ETF;ETF Plus;EUR;IE;OUI;-;Euronext;2026-08-04;A_VERIFIER;NON_DETERMINE;Fonds EEE sur indice non européen : vérifier la liste émetteur
IE00BK5BC891;L&GETFGLUGIMETFP;GLUG;ETF;ETF Plus;EUR;IE;OUI;ESG ETF art. 9;Euronext;2026-08-04;A_VERIFIER;NON_DETERMINE;Fonds EEE sur indice non européen : vérifier la liste émetteur
IE00BK5BCD43;L&GETFAIAIIMETFP;AIAI;ETF;ETF Plus;EUR;IE;OUI;-;Euronext;2026-08-04;A_VERIFIER;NON_DETERMINE;Fonds EEE sur indice non européen : vérifier la liste émetteur
IE00BK5BCH80;L&GETFRENWIMETFP;RENW;ETF;ETF Plus;EUR;IE;OUI;ESG ETF art. 9;Euronext;2026-08-04;A_VERIFIER;NON_DETERMINE;Fonds EEE sur indice non européen : vérifier la liste émetteur
IE00BK5BQT80;VANETFVWCEIMETFP;VWCE;ETF;ETF Plus | Euronext Amsterdam;EUR;IE;OUI;-;Euronext;2026-08-04;A_VERIFIER;NON_DETERMINE;Fonds EEE sur indice non européen : vérifier la liste émetteur
IE00BK5BQV03;VANETFVHVEIMETFP;VHVE;ETF;ETF Plus;EUR;IE;OUI;-;Euronext;2026-08-04;A_VERIFIER;NON_DETERMINE;Fonds EEE sur indice non européen : vérifier la liste émetteur
IE00BK5BQW10;VANETFVNRAIMETFP;VNRA;ETF;ETF Plus;EUR;IE;OUI;-;Euronext;2026-08-04;A_VERIFIER;NON_DETERMINE;Fonds EEE sur indice non européen : vérifier la liste émetteur
IE00BK5BQX27;VANETFVWCGIMETFP;VWCG;ETF;ETF Plus | Euronext Amsterdam;EUR;IE;OUI;-;Euronext;2026-08-04;A_VERIFIER;NON_DETERMINE;Fonds EEE sur indice non européen : vérifier la liste émetteur
IE00BK5BQY34;VANETFVEREIMETFP;VERE;ETF;ETF Plus;EUR;IE;OUI;-;Euronext;2026-08-04;A_VERIFIER;NON_DETERMINE;Fonds EEE sur indice non européen : vérifier la liste émetteur
IE00BK5BR626;VANETFVHYLIMETFP;VHYA;ETF;ETF Plus | Euronext Amsterdam;EUR;IE;OUI;-;Euronext;2026-08-04;A_VERIFIER;NON_DETERMINE;Fonds EEE sur indice non européen : vérifier la liste émetteur
IE00BK5BR733;VANETFVFEAIMETFP;VFEA;ETF;ETF Plus;EUR;IE;OUI;-;Euronext;2026-08-04;A_VERIFIER;NON_DETERMINE;Fonds EEE sur indice non européen : vérifier la liste émetteur
IE00BK5BZQ82;LEVETN3AMZIMETFP;3AMZ;ETF;ETF Plus | Euronext Amsterdam;EUR;IE;OUI;-;Euronext;2026-08-04;A_VERIFIER;NON_DETERMINE;Fonds EEE sur indice non européen : vérifier la liste émetteur
IE00BK5BZS07;LEVETN3AAPIMETFP;3AAP;ETF;ETF Plus | Euronext Amsterdam;EUR;IE;OUI;-;Euronext;2026-08-04;A_VERIFIER;NON_DETERMINE;Fonds EEE sur indice non européen : vérifier la liste émetteur
IE00BK5BZT14;LS 3X CRM;3CRM;ETF;Euronext Amsterdam;EUR;IE;OUI;-;Euronext;2026-08-04;A_VERIFIER;NON_DETERMINE;Fonds EEE sur indice non européen : vérifier la liste émetteur
IE00BK5BZV36;LEVETN3MSFIMETFP;3MSF;ETF;ETF Plus | Euronext Amsterdam;EUR;IE;OUI;-;Euronext;2026-08-04;A_VERIFIER;NON_DETERMINE;Fonds EEE sur indice non européen : vérifier la liste émetteur
IE00BK5BZX59;LEVETN3GOOIMETFP;3GOO;ETF;ETF Plus | Euronext Amsterdam;EUR;IE;OUI;-;Euronext;2026-08-04;A_VERIFIER;NON_DETERMINE;Fonds EEE sur indice non européen : vérifier la liste émetteur
IE00BK5BZY66;LS 2X TESLA;2TSL;ETF;Euronext Amsterdam;EUR;IE;OUI;-;Euronext;2026-08-04;A_VERIFIER;NON_DETERMINE;Fonds EEE sur indice non européen : vérifier la liste émetteur
IE00BK5C1B80;LEVETN3FBIMETFP;3FB;ETF;ETF Plus | Euronext Amsterdam;EUR;IE;OUI;-;Euronext;2026-08-04;A_VERIFIER;NON_DETERMINE;Fonds EEE sur indice non européen : vérifier la liste émetteur
IE00BK5C1C97;LS 2X ALIBABA;2BAB;ETF;Euronext Amsterdam;EUR;IE;OUI;-;Euronext;2026-08-04;A_VERIFIER;NON_DETERMINE;Fonds EEE sur indice non européen : vérifier la liste émetteur
IE00BK5H8015;SPDR STOXX ESG;600X;ETF;Euronext Amsterdam | ETF Plus;EUR;IE;OUI;ESG ETF art. 8;Euronext;2026-08-04;A_VERIFIER;NON_DETERMINE;Fonds EEE sur indice non européen : vérifier la liste émetteur
IE00BK5LYT47;INVETFMXUSIMETFP;MXUD;ETF;ETF Plus;EUR;IE;OUI;-;Euronext;2026-08-04;A_VERIFIER;NON_DETERMINE;Fonds EEE sur indice non européen : vérifier la liste émetteur
IE00BK72HJ67;UBSETFSRIAITETFP;WSRIA;ETF;ETF Plus;EUR;IE;OUI;ESG ETF art. 8;Euronext;2026-08-04;A_VERIFIER;NON_DETERMINE;Fonds EEE sur indice non européen : vérifier la liste émetteur
IE00BK72HM96;UBSETFSRIEIMETFP;WSRIE;ETF;ETF Plus;EUR;IE;OUI;ESG ETF art. 8;Euronext;2026-08-04;A_VERIFIER;NON_DETERMINE;Fonds EEE sur indice non européen : vérifier la liste émetteur
IE00BK7Y2P34;ISHARES GVT BOND $;SGLU;ETF;Euronext Amsterdam - Multi-currency Trading;USD;IE;OUI;-;Euronext;2026-08-04;NON;CLASSE_ACTIFS;Obligataire/monétaire/crypto/matières premières sans montage PEA
IE00BK80XL30;INVETFMCHNIMETFP;MCHN;ETF;ETF Plus;EUR;IE;OUI;-;Euronext;2026-08-04;A_VERIFIER;NON_DETERMINE;Fonds EEE sur indice non européen : vérifier la liste émetteur
IE00BK8JH525;SSGETFEMDEIMETFP;EMDE;ETF;ETF Plus;EUR;IE;OUI;-;Euronext;2026-08-04;A_VERIFIER;NON_DETERMINE;Fonds EEE sur indice non européen : vérifier la liste émetteur
IE00BK95B138;ISHARES USD GOV;GOVT;ETF;Euronext Amsterdam - Multi-currency Trading;USD;IE;OUI;-;Euronext;2026-08-04;NON;CLASSE_ACTIFS;Obligataire/monétaire/crypto/matières premières sans montage PEA
IE00BKBF6616;ISHARES EMU USD H;CEUU;ETF;Euronext Amsterdam - Multi-currency Trading;USD;IE;OUI;-;Euronext;2026-08-04;PROBABLE;INDICE_EUROPEEN;Indice actions européen — quota 75 % actions UE respecté de fait
IE00BKF09C98;ISHARES UHY ESG D;DHYD;ETF;Euronext Amsterdam - Multi-currency Trading;USD;IE;OUI;ESG ETF art. 8;Euronext;2026-08-04;NON;CLASSE_ACTIFS;Obligataire/monétaire/crypto/matières premières sans montage PEA
IE00BKFB6K94;UBSETFHINAIMETFP;CHINA;ETF;ETF Plus;EUR;IE;OUI;-;Euronext;2026-08-04;A_VERIFIER;NON_DETERMINE;Fonds EEE sur indice non européen : vérifier la liste émetteur
IE00BKKCKJ46;JPMACTJGHYETFP;JGHY;ETF;ETF Plus;EUR;IE;OUI;-;Euronext;2026-08-04;A_VERIFIER;NON_DETERMINE;Fonds EEE sur indice non européen : vérifier la liste émetteur
IE00BKKKWJ26;ISHARES $CPESG ACC;SUOA;ETF;Euronext Amsterdam - Multi-currency Trading;USD;IE;OUI;ESG ETF art. 8;Euronext;2026-08-04;NON;CLASSE_ACTIFS;Obligataire/monétaire/crypto/matières premières sans montage PEA
IE00BKLC5874;ISHARES EHY ESG D;EHYD;ETF;Euronext Amsterdam;EUR;IE;OUI;ESG ETF art. 8;Euronext;2026-08-04;NON;CLASSE_ACTIFS;Obligataire/monétaire/crypto/matières premières sans montage PEA
IE00BKLF1R75;WISETFVOLTIMETFP;VOLT;ETF;ETF Plus | Euronext Paris;EUR;IE;OUI;ESG ETF art. 8;Euronext;2026-08-04;A_VERIFIER;NON_DETERMINE;Fonds EEE sur indice non européen : vérifier la liste émetteur
IE00BKLTRN76;L&GETFRIEUIMETFP;RIEU;ETF;ETF Plus;EUR;IE;OUI;ESG ETF art. 8;Euronext;2026-08-04;PROBABLE;INDICE_EUROPEEN;Indice actions européen — quota 75 % actions UE respecté de fait
IE00BKLWY790;L&GETFRIUSIMETFP;RIUS;ETF;ETF Plus;EUR;IE;OUI;ESG ETF art. 9;Euronext;2026-08-04;A_VERIFIER;NON_DETERMINE;Fonds EEE sur indice non européen : vérifier la liste émetteur
IE00BKM4GZ66;ISHARES EMIM;EMIM;ETF;Euronext Amsterdam | ETF Plus;EUR;IE;OUI;-;Euronext;2026-08-04;A_VERIFIER;NON_DETERMINE;Fonds EEE sur indice non européen : vérifier la liste émetteur
IE00BKM4H197;MSCI EM CGrwth A;CEMG;ETF;Euronext Amsterdam;EUR;IE;OUI;-;Euronext;2026-08-04;A_VERIFIER;NON_DETERMINE;Fonds EEE sur indice non européen : vérifier la liste émetteur
IE00BKP5L409;iSHARES US MBS A;IMBE;ETF;Euronext Amsterdam;EUR;IE;OUI;-;Euronext;2026-08-04;A_VERIFIER;NON_DETERMINE;Fonds EEE sur indice non européen : vérifier la liste émetteur
IE00BKPJY541;KRAETFKSTRIMETFP;KSTR;ETF;ETF Plus;EUR;IE;OUI;-;Euronext;2026-08-04;A_VERIFIER;NON_DETERMINE;Fonds EEE sur indice non européen : vérifier la liste émetteur
IE00BKPSFC54;iS MSCI W QDV $A;WQDA;ETF;Euronext Amsterdam - Multi-currency Trading;USD;IE;OUI;ESG ETF art. 8;Euronext;2026-08-04;A_VERIFIER;NON_DETERMINE;Fonds EEE sur indice non européen : vérifier la liste émetteur
IE00BKPSFD61;iS China Bond Acc;CYEA;ETF;Euronext Paris | Euronext Amsterdam - Multi-currency Trading;EUR;IE;OUI;-;Euronext;2026-08-04;NON;CLASSE_ACTIFS;Obligataire/monétaire/crypto/matières premières sans montage PEA
IE00BKPSPT20;FT GCS ESG L;FCSG;ETF;Euronext Amsterdam;EUR;IE;OUI;ESG ETF art. 8;Euronext;2026-08-04;A_VERIFIER;NON_DETERMINE;Fonds EEE sur indice non européen : vérifier la liste émetteur
IE00BKPT2R27;ISHETFIUSPIMXAMS;IUSI;ETF;Euronext Amsterdam - Multi-currency Trading;USD;IE;OUI;-;Euronext;2026-08-04;A_VERIFIER;NON_DETERMINE;Fonds EEE sur indice non européen : vérifier la liste émetteur
IE00BKPT2T41;iS JP$ EM IG B $ A;IGAE;ETF;Euronext Amsterdam - Multi-currency Trading;USD;IE;OUI;-;Euronext;2026-08-04;A_VERIFIER;NON_DETERMINE;Fonds EEE sur indice non européen : vérifier la liste émetteur
IE00BKPTXQ89;HANETFMMLPIMETFP;MMLP;ETF;ETF Plus;EUR;IE;OUI;-;Euronext;2026-08-04;A_VERIFIER;NON_DETERMINE;Fonds EEE sur indice non européen : vérifier la liste émetteur
IE00BKPX3K41;i MSCI FE exJP $A;IFFI;ETF;Euronext Amsterdam - Multi-currency Trading;USD;IE;OUI;-;Euronext;2026-08-04;A_VERIFIER;NON_DETERMINE;Fonds EEE sur indice non européen : vérifier la liste émetteur
IE00BKRWN659;ISHARES UDBB A;DDBB;ETF;Euronext Amsterdam - Multi-currency Trading;USD;IE;OUI;ESG ETF art. 8;Euronext;2026-08-04;A_VERIFIER;NON_DETERMINE;Fonds EEE sur indice non européen : vérifier la liste émetteur
IE00BKS2X317;FT LDGG Bond;FSOV;ETF;Euronext Amsterdam;EUR;IE;OUI;-;Euronext;2026-08-04;NON;CLASSE_ACTIFS;Obligataire/monétaire/crypto/matières premières sans montage PEA
IE00BKS7L097;INVETFPESGITETFP;5ESG;ETF;ETF Plus;EUR;IE;OUI;ESG ETF art. 8;Euronext;2026-08-04;A_VERIFIER;NON_DETERMINE;Fonds EEE sur indice non européen : vérifier la liste émetteur
IE00BKS8QM96;WISETN3BTSIMETFP;3BTS;ETF;ETF Plus;EUR;IE;OUI;-;Euronext;2026-08-04;A_VERIFIER;NON_DETERMINE;Fonds EEE sur indice non européen : vérifier la liste émetteur
IE00BKS8QN04;WISETN3BUSIMETFP;3BUS;ETF;ETF Plus;EUR;IE;OUI;-;Euronext;2026-08-04;A_VERIFIER;NON_DETERMINE;Fonds EEE sur indice non européen : vérifier la liste émetteur
IE00BKS8QT65;WISETN3TYSIMETFP;3TYS;ETF;ETF Plus;EUR;IE;OUI;-;Euronext;2026-08-04;A_VERIFIER;NON_DETERMINE;Fonds EEE sur indice non européen : vérifier la liste émetteur
IE00BKSBGS44;FIDACTFUSRETFP;FUSR;ETF;ETF Plus;EUR;IE;OUI;ESG ETF art. 8;Euronext;2026-08-04;A_VERIFIER;NON_DETERMINE;Fonds EEE sur indice non européen : vérifier la liste émetteur
IE00BKSBGT50;FIDACTFEURETFP;FEUR;ETF;ETF Plus;EUR;IE;OUI;ESG ETF art. 8;Euronext;2026-08-04;A_VERIFIER;NON_DETERMINE;Fonds EEE sur indice non européen : vérifier la liste émetteur
IE00BKSBGV72;FIDACTFGLRETFP;FGLR;ETF;ETF Plus;EUR;IE;OUI;ESG ETF art. 8;Euronext;2026-08-04;A_VERIFIER;NON_DETERMINE;Fonds EEE sur indice non européen : vérifier la liste émetteur
IE00BKSCBX74;UBSETFWSCIMETFP;WSC;ETF;ETF Plus;EUR;IE;OUI;ESG ETF art. 8;Euronext;2026-08-04;A_VERIFIER;NON_DETERMINE;Fonds EEE sur indice non européen : vérifier la liste émetteur
IE00BKT09032;WISETN3TYSIMETFP;3TYL;ETF;ETF Plus;EUR;IE;OUI;-;Euronext;2026-08-04;A_VERIFIER;NON_DETERMINE;Fonds EEE sur indice non européen : vérifier la liste émetteur
IE00BKT09149;WISETN3BTSIMETFP;3BTL;ETF;ETF Plus;EUR;IE;OUI;-;Euronext;2026-08-04;A_VERIFIER;NON_DETERMINE;Fonds EEE sur indice non européen : vérifier la liste émetteur
IE00BKT09255;WISETN3BUSIMETFP;3BUL;ETF;ETF Plus;EUR;IE;OUI;-;Euronext;2026-08-04;A_VERIFIER;NON_DETERMINE;Fonds EEE sur indice non européen : vérifier la liste émetteur
IE00BKT66R79;LS -1X UBER;SUBR;ETF;Euronext Amsterdam;EUR;IE;OUI;-;Euronext;2026-08-04;A_VERIFIER;NON_DETERMINE;Fonds EEE sur indice non européen : vérifier la liste émetteur
IE00BKT6BH25;ISHARES ECP XFIN;IX5A;ETF;Euronext Amsterdam;EUR;IE;OUI;ESG ETF art. 8;Euronext;2026-08-04;NON;CLASSE_ACTIFS;Obligataire/monétaire/crypto/matières premières sans montage PEA
IE00BKT6FT27;ISHARES GBL GV EH;IGLE;ETF;Euronext Amsterdam;EUR;IE;OUI;-;Euronext;2026-08-04;A_VERIFIER;NON_DETERMINE;Fonds EEE sur indice non européen : vérifier la liste émetteur
IE00BKT6FV49;ISHARES MSCI JAPEH;SJPE;ETF;Euronext Amsterdam | ETF Plus;EUR;IE;OUI;-;Euronext;2026-08-04;A_VERIFIER;NON_DETERMINE;Fonds EEE sur indice non européen : vérifier la liste émetteur
IE00BKT6RT64;ISHARES CNY BD USH;CYBU;ETF;Euronext Amsterdam - Multi-currency Trading;USD;IE;OUI;-;Euronext;2026-08-04;NON;CLASSE_ACTIFS;Obligataire/monétaire/crypto/matières premières sans montage PEA
IE00BKT6VQ12;ISHARES CNYB EHA;CYBE;ETF;Euronext Amsterdam;EUR;IE;OUI;-;Euronext;2026-08-04;NON;CLASSE_ACTIFS;Obligataire/monétaire/crypto/matières premières sans montage PEA
IE00BKT6ZG93;LS 2X AMD;2AMD;ETF;Euronext Amsterdam;EUR;IE;OUI;-;Euronext;2026-08-04;A_VERIFIER;NON_DETERMINE;Fonds EEE sur indice non européen : vérifier la liste émetteur
IE00BKTLJB70;ISHARES SCYIF DIST;CT2B;ETF;Euronext Amsterdam - Multi-currency Trading;USD;IE;OUI;ESG ETF art. 9;Euronext;2026-08-04;A_VERIFIER;NON_DETERMINE;Fonds EEE sur indice non européen : vérifier la liste émetteur
IE00BKTLJC87;IS SMRT CY IN ACC;CITY;ETF;Euronext Paris | Euronext Amsterdam - Multi-currency Trading | ETF Plus;EUR;IE;OUI;ESG ETF art. 8;Euronext;2026-08-04;A_VERIFIER;NON_DETERMINE;Fonds EEE sur indice non européen : vérifier la liste émetteur
IE00BKTWZ451;LS -1X APPLE;SAPL;ETF;Euronext Amsterdam;EUR;IE;OUI;-;Euronext;2026-08-04;A_VERIFIER;NON_DETERMINE;Fonds EEE sur indice non européen : vérifier la liste émetteur
IE00BKTWZ782;LS -1X NETFLIX;SNFL;ETF;Euronext Amsterdam;EUR;IE;OUI;-;Euronext;2026-08-04;A_VERIFIER;NON_DETERMINE;Fonds EEE sur indice non européen : vérifier la liste émetteur
IE00BKVL7331;ISHARES UMVE ACC;MVEA;ETF;Euronext Amsterdam - Multi-currency Trading;USD;IE;OUI;ESG ETF art. 8;Euronext;2026-08-04;A_VERIFIER;NON_DETERMINE;Fonds EEE sur indice non européen : vérifier la liste émetteur
IE00BKVL7778;ISHARES WMVE ACC;MVEW;ETF;Euronext Amsterdam - Multi-currency Trading;USD;IE;OUI;ESG ETF art. 8;Euronext;2026-08-04;A_VERIFIER;NON_DETERMINE;Fonds EEE sur indice non européen : vérifier la liste émetteur
IE00BKW9SX35;INVETFSPLWIMETFP;SPLW;ETF;ETF Plus;EUR;IE;OUI;-;Euronext;2026-08-04;A_VERIFIER;NON_DETERMINE;Fonds EEE sur indice non européen : vérifier la liste émetteur
IE00BKWD3743;INVETFTRUDIMETFP;TREL;ETF;ETF Plus;EUR;IE;OUI;-;Euronext;2026-08-04;A_VERIFIER;NON_DETERMINE;Fonds EEE sur indice non européen : vérifier la liste émetteur
IE00BKWD3966;INVETFEHBAIMETFP;EHYB;ETF;ETF Plus;EUR;IE;OUI;-;Euronext;2026-08-04;NON;CLASSE_ACTIFS;Obligataire/monétaire/crypto/matières premières sans montage PEA
IE00BKWD3B81;INVETFEHBAIMETFP;EHBA;ETF;ETF Plus;EUR;IE;OUI;-;Euronext;2026-08-04;NON;CLASSE_ACTIFS;Obligataire/monétaire/crypto/matières premières sans montage PEA
IE00BKWD3C98;INVETFTREIIMETFP;TREI;ETF;ETF Plus;EUR;IE;OUI;-;Euronext;2026-08-04;A_VERIFIER;NON_DETERMINE;Fonds EEE sur indice non européen : vérifier la liste émetteur
IE00BKWQ0C77;SPDR MSCI CO.DI;STR;ETF;Euronext Paris | ETF Plus;EUR;IE;OUI;-;Euronext;2026-08-04;A_VERIFIER;NON_DETERMINE;Fonds EEE sur indice non européen : vérifier la liste émetteur
IE00BKWQ0D84;SPDR MSCI CO.ST;STS;ETF;Euronext Paris | ETF Plus;EUR;IE;OUI;-;Euronext;2026-08-04;A_VERIFIER;NON_DETERMINE;Fonds EEE sur indice non européen : vérifier la liste émetteur
IE00BKWQ0F09;SPDR MSCI ENERGY;STN;ETF;Euronext Paris | ETF Plus;EUR;IE;OUI;-;Euronext;2026-08-04;A_VERIFIER;NON_DETERMINE;Fonds EEE sur indice non européen : vérifier la liste émetteur
IE00BKWQ0G16;SPDR MSCI FINANC;STZ;ETF;Euronext Paris | ETF Plus;EUR;IE;OUI;-;Euronext;2026-08-04;A_VERIFIER;NON_DETERMINE;Fonds EEE sur indice non européen : vérifier la liste émetteur
IE00BKWQ0H23;SPDR MSCI HLT;STW;ETF;Euronext Paris | ETF Plus;EUR;IE;OUI;-;Euronext;2026-08-04;A_VERIFIER;NON_DETERMINE;Fonds EEE sur indice non européen : vérifier la liste émetteur
IE00BKWQ0J47;SPDR MSCI INDUST;STQ;ETF;Euronext Paris | ETF Plus;EUR;IE;OUI;-;Euronext;2026-08-04;PROBABLE;INDICE_EUROPEEN;Indice actions européen — quota 75 % actions UE respecté de fait
IE00BKWQ0K51;SPDR MSCI TECHNO;STK;ETF;Euronext Paris | ETF Plus;EUR;IE;OUI;-;Euronext;2026-08-04;A_VERIFIER;NON_DETERMINE;Fonds EEE sur indice non européen : vérifier la liste émetteur
IE00BKWQ0L68;SPDR MSCI MAT;STP;ETF;Euronext Paris | ETF Plus;EUR;IE;OUI;-;Euronext;2026-08-04;PROBABLE;INDICE_EUROPEEN;Indice actions européen — quota 75 % actions UE respecté de fait
IE00BKWQ0M75;SPDR EU SM.CAP;SMC;ETF;Euronext Paris | ETF Plus;EUR;IE;OUI;-;Euronext;2026-08-04;PROBABLE;INDICE_EUROPEEN;Indice actions européen — quota 75 % actions UE respecté de fait
IE00BKWQ0N82;SPDR MSCI COMM;STT;ETF;Euronext Paris | ETF Plus;EUR;IE;OUI;-;Euronext;2026-08-04;A_VERIFIER;NON_DETERMINE;Fonds EEE sur indice non européen : vérifier la liste émetteur
IE00BKWQ0P07;SPDR MSCI UTIL;STU;ETF;Euronext Paris | ETF Plus;EUR;IE;OUI;-;Euronext;2026-08-04;PROBABLE;INDICE_EUROPEEN;Indice actions européen — quota 75 % actions UE respecté de fait
IE00BKWQ0Q14;SPDR MSCI EUROPE;ERO;ETF;Euronext Paris | ETF Plus;EUR;IE;OUI;-;Euronext;2026-08-04;PROBABLE;INDICE_EUROPEEN;Indice actions européen — quota 75 % actions UE respecté de fait
IE00BKX55R35;VANGUARD FTSE NA;VNRT;ETF;Euronext Amsterdam, Paris;EUR;IE;OUI;-;Euronext;2026-08-04;A_VERIFIER;NON_DETERMINE;Fonds EEE sur indice non européen : vérifier la liste émetteur
IE00BKX55S42;VANGUARD FTSE DE;VERX;ETF;Euronext Amsterdam, Paris;EUR;IE;OUI;-;Euronext;2026-08-04;A_VERIFIER;NON_DETERMINE;Fonds EEE sur indice non européen : vérifier la liste émetteur
IE00BKX55T58;VANETFVHVEIMETFP;VEVE;ETF;ETF Plus | Euronext Amsterdam, Paris;EUR;IE;OUI;-;Euronext;2026-08-04;A_VERIFIER;NON_DETERMINE;Fonds EEE sur indice non européen : vérifier la liste émetteur
IE00BKY40J65;HSBETFHSUDIMETFP;HSUD;ETF;ETF Plus;EUR;IE;OUI;ESG ETF art. 8;Euronext;2026-08-04;A_VERIFIER;NON_DETERMINE;Fonds EEE sur indice non européen : vérifier la liste émetteur
IE00BKY4W127;WISETFBLOCOMETFP;PCOM;ETF;ETF Plus | Euronext Paris;EUR;IE;OUI;-;Euronext;2026-08-04;A_VERIFIER;NON_DETERMINE;Fonds EEE sur indice non européen : vérifier la liste émetteur
IE00BKY53D40;HSBC UK SUS EQ ETF;HSUK;ETF;Euronext Paris;EUR;IE;OUI;ESG ETF art. 8;Euronext;2026-08-04;A_VERIFIER;NON_DETERMINE;Fonds EEE sur indice non européen : vérifier la liste émetteur
IE00BKY55S33;HSBETFHSJDIMETFP;HSJD;ETF;ETF Plus;EUR;IE;OUI;ESG ETF art. 8;Euronext;2026-08-04;A_VERIFIER;NON_DETERMINE;Fonds EEE sur indice non européen : vérifier la liste émetteur
IE00BKY55W78;HSBETFHSEUIMETFP;HSEU;ETF;ETF Plus;EUR;IE;OUI;ESG ETF art. 8;Euronext;2026-08-04;PROBABLE;INDICE_EUROPEEN;Indice actions européen — quota 75 % actions UE respecté de fait
IE00BKY58G26;HSBETFHSXDIMETFP;HSXD;ETF;ETF Plus;EUR;IE;OUI;ESG ETF art. 8;Euronext;2026-08-04;A_VERIFIER;NON_DETERMINE;Fonds EEE sur indice non européen : vérifier la liste émetteur
IE00BKY59G90;HSBETFHSEMIMETFP;HSEM;ETF;ETF Plus;EUR;IE;OUI;ESG ETF art. 8;Euronext;2026-08-04;A_VERIFIER;NON_DETERMINE;Fonds EEE sur indice non européen : vérifier la liste émetteur
IE00BKY59K37;HSBETFHSWDIMETFP;HSWD;ETF;ETF Plus;EUR;IE;OUI;ESG ETF art. 8;Euronext;2026-08-04;A_VERIFIER;NON_DETERMINE;Fonds EEE sur indice non européen : vérifier la liste émetteur
IE00BL0BMZ89;VANETFGOATIMETFP;GOAT;ETF;ETF Plus | Euronext Paris;EUR;IE;OUI;-;Euronext;2026-08-04;A_VERIFIER;NON_DETERMINE;Fonds EEE sur indice non européen : vérifier la liste émetteur
IE00BL0L0H60;FIRETFFBTIMETFP;FBT;ETF;ETF Plus;EUR;IE;OUI;-;Euronext;2026-08-04;A_VERIFIER;NON_DETERMINE;Fonds EEE sur indice non européen : vérifier la liste émetteur
IE00BL25JL35;XTRETFXDEQIMETFP;XDEQ;ETF;ETF Plus;EUR;IE;OUI;-;Euronext;2026-08-04;A_VERIFIER;NON_DETERMINE;Fonds EEE sur indice non européen : vérifier la liste émetteur
IE00BL25JM42;XTRETFXDEVIMETFP;XDEV;ETF;ETF Plus;EUR;IE;OUI;-;Euronext;2026-08-04;A_VERIFIER;NON_DETERMINE;Fonds EEE sur indice non européen : vérifier la liste émetteur
IE00BL25JN58;XTRETFXDEBIMETFP;XDEB;ETF;ETF Plus;EUR;IE;OUI;-;Euronext;2026-08-04;A_VERIFIER;NON_DETERMINE;Fonds EEE sur indice non européen : vérifier la liste émetteur
IE00BL25JP72;XTRETFXDEMIMETFP;XDEM;ETF;ETF Plus;EUR;IE;OUI;-;Euronext;2026-08-04;A_VERIFIER;NON_DETERMINE;Fonds EEE sur indice non européen : vérifier la liste émetteur
IE00BL58LJ19;XTRETFXZBUIMETFP;XZBU;ETF;ETF Plus;EUR;IE;OUI;ESG ETF art. 8;Euronext;2026-08-04;NON;CLASSE_ACTIFS;Obligataire/monétaire/crypto/matières premières sans montage PEA
IE00BL643144;HANETFDIGIIMETFP;ROE;ETF;ETF Plus;EUR;IE;OUI;-;Euronext;2026-08-04;A_VERIFIER;NON_DETERMINE;Fonds EEE sur indice non européen : vérifier la liste émetteur
IE00BL6K6H97;L&GETFTIGRIMETFP;TIGR;ETF;ETF Plus;EUR;IE;OUI;-;Euronext;2026-08-04;NON;CLASSE_ACTIFS;Obligataire/monétaire/crypto/matières premières sans montage PEA
IE00BL6K8C82;MSCI E Prs-Alg A;EUPB;ETF;Euronext Amsterdam;EUR;IE;OUI;ESG ETF art. 9;Euronext;2026-08-04;PROBABLE;INDICE_EUROPEEN;Indice actions européen — quota 75 % actions UE respecté de fait
IE00BL6K8D99;MSCI EMU Prs-Alg A;EMPA;ETF;Euronext Amsterdam;EUR;IE;OUI;ESG ETF art. 9;Euronext;2026-08-04;PROBABLE;INDICE_EUROPEEN;Indice actions européen — quota 75 % actions UE respecté de fait
IE00BL977C92;iS MSCI Chn UCI $D;ICHD;ETF;Euronext Amsterdam - Multi-currency Trading;USD;IE;OUI;-;Euronext;2026-08-04;A_VERIFIER;NON_DETERMINE;Fonds EEE sur indice non européen : vérifier la liste émetteur
IE00BLB2GQ94;ESG M-Ast Cons US;MACU;ETF;Euronext Amsterdam - Multi-currency Trading;USD;IE;OUI;ESG ETF art. 8;Euronext;2026-08-04;A_VERIFIER;NON_DETERMINE;Fonds EEE sur indice non européen : vérifier la liste émetteur
IE00BLB2GS19;ESG M-Ast Gwth US;MAGU;ETF;Euronext Amsterdam - Multi-currency Trading;USD;IE;OUI;ESG ETF art. 8;Euronext;2026-08-04;A_VERIFIER;NON_DETERMINE;Fonds EEE sur indice non européen : vérifier la liste émetteur
IE00BLB2GT26;ESG M-Ast Mod US;MODU;ETF;Euronext Amsterdam - Multi-currency Trading;USD;IE;OUI;ESG ETF art. 8;Euronext;2026-08-04;A_VERIFIER;NON_DETERMINE;Fonds EEE sur indice non européen : vérifier la liste émetteur
IE00BLCHJ534;GLOETFPAVEIMETFP;PAVE;ETF;ETF Plus;EUR;IE;OUI;-;Euronext;2026-08-04;A_VERIFIER;NON_DETERMINE;Fonds EEE sur indice non européen : vérifier la liste émetteur
IE00BLCHJB90;GLOETFBOTZIMETFP;BOTZ;ETF;ETF Plus;EUR;IE;OUI;-;Euronext;2026-08-04;A_VERIFIER;NON_DETERMINE;Fonds EEE sur indice non européen : vérifier la liste émetteur
IE00BLCHJH52;GLOETFRNRGIMETFP;RNRG;ETF;ETF Plus;EUR;IE;OUI;ESG ETF art. 8;Euronext;2026-08-04;A_VERIFIER;NON_DETERMINE;Fonds EEE sur indice non européen : vérifier la liste émetteur
IE00BLCHJN13;GLOETFLITUIMETFP;LITU;ETF;ETF Plus;EUR;IE;OUI;-;Euronext;2026-08-04;A_VERIFIER;NON_DETERMINE;Fonds EEE sur indice non européen : vérifier la liste émetteur
IE00BLCHJT74;GLOETFSNSRIMETFP;SNSR;ETF;ETF Plus;EUR;IE;OUI;-;Euronext;2026-08-04;A_VERIFIER;NON_DETERMINE;Fonds EEE sur indice non européen : vérifier la liste émetteur
IE00BLCHJZ35;GLOETFFINXIMETFP;FINX;ETF;ETF Plus;EUR;IE;OUI;-;Euronext;2026-08-04;A_VERIFIER;NON_DETERMINE;Fonds EEE sur indice non européen : vérifier la liste émetteur
IE00BLDGH553;ISHETFSECAIMETFP;SECA;ETF;ETF Plus;EUR;IE;OUI;ESG ETF art. 8;Euronext;2026-08-04;NON;CLASSE_ACTIFS;Obligataire/monétaire/crypto/matières premières sans montage PEA
IE00BLLZQ805;ISHACTMAGRETFP;MAGR;ETF;ETF Plus;EUR;IE;OUI;ESG ETF art. 8;Euronext;2026-08-04;A_VERIFIER;NON_DETERMINE;Fonds EEE sur indice non européen : vérifier la liste émetteur
IE00BLLZQS08;ISHACTMODRETFP;MODR;ETF;ETF Plus;EUR;IE;OUI;ESG ETF art. 8;Euronext;2026-08-04;A_VERIFIER;NON_DETERMINE;Fonds EEE sur indice non européen : vérifier la liste émetteur
IE00BLNMYC90;XTRETFXDEWIMETFP;XDEW;ETF;ETF Plus;EUR;IE;OUI;-;Euronext;2026-08-04;A_VERIFIER;NON_DETERMINE;Fonds EEE sur indice non européen : vérifier la liste émetteur
IE00BLP53M98;ISHACTMACVETFP;MACV;ETF;ETF Plus;EUR;IE;OUI;ESG ETF art. 8;Euronext;2026-08-04;A_VERIFIER;NON_DETERMINE;Fonds EEE sur indice non européen : vérifier la liste émetteur
IE00BLPK3577;WISETFWCBRIMETFP;WCBR;ETF;ETF Plus | Euronext Paris;EUR;IE;OUI;ESG ETF art. 8;Euronext;2026-08-04;A_VERIFIER;NON_DETERMINE;Fonds EEE sur indice non européen : vérifier la liste émetteur
IE00BLR6Q544;GLOETFHERUIMETFP;HERU;ETF;ETF Plus;EUR;IE;OUI;-;Euronext;2026-08-04;A_VERIFIER;NON_DETERMINE;Fonds EEE sur indice non européen : vérifier la liste émetteur
IE00BLR6QB00;GLOETFEDOCIMETFP;EDOC;ETF;ETF Plus;EUR;IE;OUI;-;Euronext;2026-08-04;A_VERIFIER;NON_DETERMINE;Fonds EEE sur indice non européen : vérifier la liste émetteur
IE00BLRB0242;INVETFGCLEIMETFP;GCLE;ETF;ETF Plus;EUR;IE;OUI;ESG ETF art. 8;Euronext;2026-08-04;A_VERIFIER;NON_DETERMINE;Fonds EEE sur indice non européen : vérifier la liste émetteur
IE00BLRPN388;FIDACTFEMRETFP;FEMR;ETF;ETF Plus;EUR;IE;OUI;ESG ETF art. 8;Euronext;2026-08-04;A_VERIFIER;NON_DETERMINE;Fonds EEE sur indice non européen : vérifier la liste émetteur
IE00BLRPPV00;VANETF100072ETFP;VDST;ETF;ETF Plus;EUR;IE;OUI;-;Euronext;2026-08-04;A_VERIFIER;NON_DETERMINE;Fonds EEE sur indice non européen : vérifier la liste émetteur
IE00BLRPQH31;RIZETFFOODIMETFP;FOOD;ETF;ETF Plus | Euronext Amsterdam;EUR;IE;OUI;ESG ETF art. 9;Euronext;2026-08-04;A_VERIFIER;NON_DETERMINE;Fonds EEE sur indice non européen : vérifier la liste émetteur
IE00BLRPQL76;L&GETFDRGNIMETFP;DRGN;ETF;ETF Plus;EUR;IE;OUI;-;Euronext;2026-08-04;NON;CLASSE_ACTIFS;Obligataire/monétaire/crypto/matières premières sans montage PEA
IE00BLRPQP15;L&GETFEMD5IMETFP;EMD5;ETF;ETF Plus;EUR;IE;OUI;ESG ETF art. 8;Euronext;2026-08-04;A_VERIFIER;NON_DETERMINE;Fonds EEE sur indice non européen : vérifier la liste émetteur
IE00BLRPRD67;L&GETFUSDCIMETFP;USDC;ETF;ETF Plus;EUR;IE;OUI;ESG ETF art. 8;Euronext;2026-08-04;A_VERIFIER;NON_DETERMINE;Fonds EEE sur indice non européen : vérifier la liste émetteur
IE00BLRPRF81;L&GETFEMUSIMETFP;EMUS;ETF;ETF Plus;EUR;IE;OUI;ESG ETF art. 8;Euronext;2026-08-04;A_VERIFIER;NON_DETERMINE;Fonds EEE sur indice non européen : vérifier la liste émetteur
IE00BLRPRJ20;WISETNQQQSIMETFP;QQQS;ETF;ETF Plus | Euronext Paris;EUR;IE;OUI;-;Euronext;2026-08-04;A_VERIFIER;NON_DETERMINE;Fonds EEE sur indice non européen : vérifier la liste émetteur
IE00BLRPRL42;WISETNQQQ3IMETFP;QQQ3;ETF;ETF Plus | Euronext Paris;EUR;IE;OUI;-;Euronext;2026-08-04;A_VERIFIER;NON_DETERMINE;Fonds EEE sur indice non européen : vérifier la liste émetteur
IE00BLRPRR04;RIZETFLIFEIMETFP;VITA;ETF;ETF Plus;EUR;IE;OUI;ESG ETF art. 9;Euronext;2026-08-04;A_VERIFIER;NON_DETERMINE;Fonds EEE sur indice non européen : vérifier la liste émetteur
IE00BLS09N40;WISETN3BALIMETFP;3BAL;ETF;ETF Plus;EUR;IE;OUI;-;Euronext;2026-08-04;A_VERIFIER;NON_DETERMINE;Fonds EEE sur indice non européen : vérifier la liste émetteur
IE00BLSN7P11;UBSETFSPELIMETFP;SPEL;ETF;ETF Plus;EUR;IE;OUI;ESG ETF art. 8;Euronext;2026-08-04;A_VERIFIER;NON_DETERMINE;Fonds EEE sur indice non européen : vérifier la liste émetteur
IE00BLSN7W87;UBSETFPELEIMETFP;SPELE;ETF;ETF Plus;EUR;IE;OUI;ESG ETF art. 8;Euronext;2026-08-04;A_VERIFIER;NON_DETERMINE;Fonds EEE sur indice non européen : vérifier la liste émetteur
IE00BLSNMW37;INVETFBUYBIMETFP;BUYB;ETF;ETF Plus;EUR;IE;OUI;-;Euronext;2026-08-04;A_VERIFIER;NON_DETERMINE;Fonds EEE sur indice non européen : vérifier la liste émetteur
IE00BM67HJ62;XTRETFXDEXIMETFP;XDEX;ETF;ETF Plus;EUR;IE;OUI;-;Euronext;2026-08-04;A_VERIFIER;NON_DETERMINE;Fonds EEE sur indice non européen : vérifier la liste émetteur
IE00BM67HK77;XTRETFXDWHIMETFP;XDWH;ETF;ETF Plus;EUR;IE;OUI;-;Euronext;2026-08-04;A_VERIFIER;NON_DETERMINE;Fonds EEE sur indice non européen : vérifier la liste émetteur
IE00BM67HL84;XTRETFXDWFIMETFP;XDWF;ETF;ETF Plus;EUR;IE;OUI;-;Euronext;2026-08-04;A_VERIFIER;NON_DETERMINE;Fonds EEE sur indice non européen : vérifier la liste émetteur
IE00BM67HM91;XTRETFXDW0IMETFP;XDW0;ETF;ETF Plus;EUR;IE;OUI;-;Euronext;2026-08-04;A_VERIFIER;NON_DETERMINE;Fonds EEE sur indice non européen : vérifier la liste émetteur
IE00BM67HN09;XTRETFXDWSIMETFP;XDWS;ETF;ETF Plus;EUR;IE;OUI;-;Euronext;2026-08-04;A_VERIFIER;NON_DETERMINE;Fonds EEE sur indice non européen : vérifier la liste émetteur
IE00BM67HP23;XTRETFXDWCIMETFP;XDWC;ETF;ETF Plus;EUR;IE;OUI;-;Euronext;2026-08-04;A_VERIFIER;NON_DETERMINE;Fonds EEE sur indice non européen : vérifier la liste émetteur
IE00BM67HQ30;XTRETFXDWUIMETFP;XDWU;ETF;ETF Plus;EUR;IE;OUI;-;Euronext;2026-08-04;A_VERIFIER;NON_DETERMINE;Fonds EEE sur indice non européen : vérifier la liste émetteur
IE00BM67HR47;XTRETFXWTSIMETFP;XWTS;ETF;ETF Plus;EUR;IE;OUI;-;Euronext;2026-08-04;A_VERIFIER;NON_DETERMINE;Fonds EEE sur indice non européen : vérifier la liste émetteur
IE00BM67HS53;XTRETFXDWMIMETFP;XDWM;ETF;ETF Plus;EUR;IE;OUI;-;Euronext;2026-08-04;A_VERIFIER;NON_DETERMINE;Fonds EEE sur indice non européen : vérifier la liste émetteur
IE00BM67HT60;XTRETFXDWTIMETFP;XDWT;ETF;ETF Plus;EUR;IE;OUI;-;Euronext;2026-08-04;A_VERIFIER;NON_DETERMINE;Fonds EEE sur indice non européen : vérifier la liste émetteur
IE00BM67HV82;XTRETFXDWIIMETFP;XDWI;ETF;ETF Plus;EUR;IE;OUI;-;Euronext;2026-08-04;A_VERIFIER;NON_DETERMINE;Fonds EEE sur indice non européen : vérifier la liste émetteur
IE00BM67HW99;XTRETFIUSEIMETFP;XDPE;ETF;ETF Plus;EUR;IE;OUI;-;Euronext;2026-08-04;A_VERIFIER;NON_DETERMINE;Fonds EEE sur indice non européen : vérifier la liste émetteur
IE00BM8QRZ79;INVETFSOLRIMETFP;SOLR;ETF;ETF Plus;EUR;IE;OUI;ESG ETF art. 8;Euronext;2026-08-04;A_VERIFIER;NON_DETERMINE;Fonds EEE sur indice non européen : vérifier la liste émetteur
IE00BM8QS095;INVETFMCHTIMETFP;MCHT;ETF;ETF Plus;EUR;IE;OUI;-;Euronext;2026-08-04;A_VERIFIER;NON_DETERMINE;Fonds EEE sur indice non européen : vérifier la liste émetteur
IE00BM8R0J59;GLOSTRCNSQ10ETFP;QYLD;ETF;ETF Plus;EUR;IE;OUI;-;Euronext;2026-08-04;A_VERIFIER;NON_DETERMINE;Fonds EEE sur indice non européen : vérifier la liste émetteur
IE00BM8R0N95;GLOETFGNOMIMETFP;GNOM;ETF;ETF Plus;EUR;IE;OUI;-;Euronext;2026-08-04;A_VERIFIER;NON_DETERMINE;Fonds EEE sur indice non européen : vérifier la liste émetteur
IE00BM97MR69;XTRETFXT01IMETFP;XT01;ETF;ETF Plus;EUR;IE;OUI;-;Euronext;2026-08-04;A_VERIFIER;NON_DETERMINE;Fonds EEE sur indice non européen : vérifier la liste émetteur
IE00BM9GRM34;FIDACTFSMFETFP;FSMF;ETF;ETF Plus;EUR;IE;OUI;ESG ETF art. 9;Euronext;2026-08-04;A_VERIFIER;NON_DETERMINE;Fonds EEE sur indice non européen : vérifier la liste émetteur
IE00BM9GRP64;FIDACTFSEMETFP;FSEM;ETF;ETF Plus;EUR;IE;OUI;ESG ETF art. 8;Euronext;2026-08-04;A_VERIFIER;NON_DETERMINE;Fonds EEE sur indice non européen : vérifier la liste émetteur
IE00BM9TSP27;WISETFXSOEIMETFP;XSOE;ETF;ETF Plus;EUR;IE;OUI;ESG ETF art. 8;Euronext;2026-08-04;A_VERIFIER;NON_DETERMINE;Fonds EEE sur indice non européen : vérifier la liste émetteur
IE00BM9TV208;UBSETFDVDEIMETFP;GLDVDE;ETF;ETF Plus;EUR;IE;OUI;ESG ETF art. 8;Euronext;2026-08-04;A_VERIFIER;NON_DETERMINE;Fonds EEE sur indice non européen : vérifier la liste émetteur
IE00BMBKBZ46;ISHARES HCSE DIS;IUHE;ETF;Euronext Amsterdam;EUR;IE;OUI;-;Euronext;2026-08-04;A_VERIFIER;NON_DETERMINE;Fonds EEE sur indice non européen : vérifier la liste émetteur
IE00BMC38736;VANETFSMHIMETFP;SMH;ETF;ETF Plus | Euronext Paris;EUR;IE;OUI;ESG ETF art. 8;Euronext;2026-08-04;A_VERIFIER;NON_DETERMINE;Fonds EEE sur indice non européen : vérifier la liste émetteur
IE00BMC7BF44;IS MSC CY GV BD $D;CGBI;ETF;Euronext Amsterdam - Multi-currency Trading;USD;IE;OUI;-;Euronext;2026-08-04;NON;CLASSE_ACTIFS;Obligataire/monétaire/crypto/matières premières sans montage PEA
IE00BMD8KP97;INVETFEQQJIMETFP;EQQJ;ETF;ETF Plus;EUR;IE;OUI;-;Euronext;2026-08-04;A_VERIFIER;NON_DETERMINE;Fonds EEE sur indice non européen : vérifier la liste émetteur
IE00BMDBMG37;ISHARES MES $ A;IDSE;ETF;Euronext Amsterdam - Multi-currency Trading;USD;IE;OUI;ESG ETF art. 8;Euronext;2026-08-04;PROBABLE;INDICE_EUROPEEN;Indice actions européen — quota 75 % actions UE respecté de fait
IE00BMDBMN04;ISHETFGRONIMETFP;GRON;ETF;ETF Plus;EUR;IE;OUI;ESG ETF art. 9;Euronext;2026-08-04;NON;CLASSE_ACTIFS;Obligataire/monétaire/crypto/matières premières sans montage PEA
IE00BMDH1538;VANETFHDROIMETFP;HDRO;ETF;ETF Plus;EUR;IE;OUI;ESG ETF art. 9;Euronext;2026-08-04;A_VERIFIER;NON_DETERMINE;Fonds EEE sur indice non européen : vérifier la liste émetteur
IE00BMDKNW35;VANETFDAPPIMETFP;DAPP;ETF;ETF Plus | Euronext Paris;EUR;IE;OUI;-;Euronext;2026-08-04;NON;CLASSE_ACTIFS;Obligataire/monétaire/crypto/matières premières sans montage PEA
IE00BMDPBY65;Fr STXX EU 600 Par;PARI;ETF;Euronext Amsterdam | ETF Plus;EUR;IE;OUI;ESG ETF art. 8;Euronext;2026-08-04;A_VERIFIER;NON_DETERMINE;Fonds EEE sur indice non européen : vérifier la liste émetteur
IE00BMDPBZ72;FRAETFUSPAIMETFP;USPA;ETF;ETF Plus | Euronext Amsterdam;EUR;IE;OUI;ESG ETF art. 8;Euronext;2026-08-04;A_VERIFIER;NON_DETERMINE;Fonds EEE sur indice non européen : vérifier la liste émetteur
IE00BMDV7354;JPMACTJREAETFP;JREA;ETF;ETF Plus;EUR;IE;OUI;ESG ETF art. 8;Euronext;2026-08-04;A_VERIFIER;NON_DETERMINE;Fonds EEE sur indice non européen : vérifier la liste émetteur
IE00BMDV7578;JPMACTJRECETFP;JREC;ETF;ETF Plus;EUR;IE;OUI;ESG ETF art. 8;Euronext;2026-08-04;A_VERIFIER;NON_DETERMINE;Fonds EEE sur indice non européen : vérifier la liste émetteur
IE00BMDWYZ92;JP ETFJPCTIMETFP;JPCT;ETF;ETF Plus;EUR;IE;OUI;ESG ETF art. 9;Euronext;2026-08-04;A_VERIFIER;NON_DETERMINE;Fonds EEE sur indice non européen : vérifier la liste émetteur
IE00BMFKG444;XTRETFND100ETFP;XNAS;ETF;ETF Plus;EUR;IE;OUI;-;Euronext;2026-08-04;A_VERIFIER;NON_DETERMINE;Fonds EEE sur indice non européen : vérifier la liste émetteur
IE00BMFNW783;HANACTTRYPXPAR;TRYP;ETF;Euronext Paris | ETF Plus;EUR;IE;OUI;ESG ETF art. 8;Euronext;2026-08-04;A_VERIFIER;NON_DETERMINE;Fonds EEE sur indice non européen : vérifier la liste émetteur
IE00BMG6Z448;iS MSCI EMXCH $ Ac;EXCH;ETF;Euronext Amsterdam - Multi-currency Trading | Euronext Paris | ETF Plus;USD;IE;OUI;-;Euronext;2026-08-04;A_VERIFIER;NON_DETERMINE;Fonds EEE sur indice non européen : vérifier la liste émetteur
IE00BMGNVD65;ISHARES CGAB UH DS;AGUG;ETF;Euronext Amsterdam - Multi-currency Trading;USD;IE;OUI;-;Euronext;2026-08-04;NON;CLASSE_ACTIFS;Obligataire/monétaire/crypto/matières premières sans montage PEA
IE00BMH5XY61;GLOETFEBIZIMETFP;EBIZ;ETF;ETF Plus;EUR;IE;OUI;-;Euronext;2026-08-04;A_VERIFIER;NON_DETERMINE;Fonds EEE sur indice non européen : vérifier la liste émetteur
IE00BMH5Y327;GLOETFVPNIMETFP;VPN;ETF;ETF Plus;EUR;IE;OUI;-;Euronext;2026-08-04;A_VERIFIER;NON_DETERMINE;Fonds EEE sur indice non européen : vérifier la liste émetteur
IE00BMH5Y871;GLOETFBUGIMETFP;BUG;ETF;ETF Plus;EUR;IE;OUI;-;Euronext;2026-08-04;A_VERIFIER;NON_DETERMINE;Fonds EEE sur indice non européen : vérifier la liste émetteur
IE00BMH5YF48;GLOETFCLOUIMETFP;CLOU;ETF;ETF Plus;EUR;IE;OUI;-;Euronext;2026-08-04;A_VERIFIER;NON_DETERMINE;Fonds EEE sur indice non européen : vérifier la liste émetteur
IE00BMH5YL08;GLOETFCTEKIMETFP;CTEK;ETF;ETF Plus;EUR;IE;OUI;ESG ETF art. 8;Euronext;2026-08-04;A_VERIFIER;NON_DETERMINE;Fonds EEE sur indice non européen : vérifier la liste émetteur
IE00BMH5YR69;GLOETFDRVEIMETFP;DRVE;ETF;ETF Plus;EUR;IE;OUI;-;Euronext;2026-08-04;A_VERIFIER;NON_DETERMINE;Fonds EEE sur indice non européen : vérifier la liste émetteur
IE00BMP3HG27;UBS IRL GLDVD;UBUM;ETF;Euronext Amsterdam | ETF Plus;EUR;IE;OUI;ESG ETF art. 8;Euronext;2026-08-04;A_VERIFIER;NON_DETERMINE;Fonds EEE sur indice non européen : vérifier la liste émetteur
IE00BMP3HN93;UBS IRL UKSR;UKSR;ETF;Euronext Amsterdam;EUR;IE;OUI;ESG ETF art. 8;Euronext;2026-08-04;A_VERIFIER;NON_DETERMINE;Fonds EEE sur indice non européen : vérifier la liste émetteur
IE00BMTM6B32;WISETC3OILIMETFP;3OIL;ETF;ETF Plus;EUR;IE;OUI;-;Euronext;2026-08-04;NON;CLASSE_ACTIFS;Obligataire/monétaire/crypto/matières premières sans montage PEA
IE00BMTM6D55;WISETC3BRSIMETFP;3BRL;ETF;ETF Plus;EUR;IE;OUI;-;Euronext;2026-08-04;NON;CLASSE_ACTIFS;Obligataire/monétaire/crypto/matières premières sans montage PEA
IE00BMTX1Y45;IS S&P500 SWAP $A;I500;ETF;Euronext Amsterdam - Multi-currency Trading | ETF Plus;USD;IE;OUI;-;Euronext;2026-08-04;A_VERIFIER;NON_DETERMINE;Fonds EEE sur indice non européen : vérifier la liste émetteur
IE00BMTX2B82;IS AEX UCITS EUR A;IAEA;ETF;Euronext Amsterdam;EUR;IE;OUI;-;Euronext;2026-08-04;PROBABLE;INDICE_EUROPEEN;Indice actions européen — quota 75 % actions UE respecté de fait
IE00BMVB5K07;VANACTVNGA20ETFP;VNGA20;ETF;ETF Plus | Euronext Amsterdam;EUR;IE;OUI;-;Euronext;2026-08-04;A_VERIFIER;NON_DETERMINE;Fonds EEE sur indice non européen : vérifier la liste émetteur
IE00BMVB5L14;VANACTVNGD20ETFP;VNGD20;ETF;ETF Plus | Euronext Amsterdam;EUR;IE;OUI;-;Euronext;2026-08-04;A_VERIFIER;NON_DETERMINE;Fonds EEE sur indice non européen : vérifier la liste émetteur
IE00BMVB5M21;VANACTVNGA40ETFP;VNGA40;ETF;ETF Plus | Euronext Amsterdam;EUR;IE;OUI;-;Euronext;2026-08-04;A_VERIFIER;NON_DETERMINE;Fonds EEE sur indice non européen : vérifier la liste émetteur
IE00BMVB5N38;VANACTVNGD40ETFP;VNGD40;ETF;ETF Plus | Euronext Amsterdam;EUR;IE;OUI;-;Euronext;2026-08-04;A_VERIFIER;NON_DETERMINE;Fonds EEE sur indice non européen : vérifier la liste émetteur
IE00BMVB5P51;VANACTVNGA60ETFP;VNGA60;ETF;ETF Plus | Euronext Amsterdam;EUR;IE;OUI;-;Euronext;2026-08-04;A_VERIFIER;NON_DETERMINE;Fonds EEE sur indice non européen : vérifier la liste émetteur
IE00BMVB5Q68;VANACTVNGD60ETFP;VNGD60;ETF;ETF Plus | Euronext Amsterdam;EUR;IE;OUI;-;Euronext;2026-08-04;A_VERIFIER;NON_DETERMINE;Fonds EEE sur indice non européen : vérifier la liste émetteur
IE00BMVB5R75;VANACTVNGA80ETFP;VNGA80;ETF;ETF Plus | Euronext Amsterdam;EUR;IE;OUI;-;Euronext;2026-08-04;A_VERIFIER;NON_DETERMINE;Fonds EEE sur indice non européen : vérifier la liste émetteur
IE00BMVB5S82;VANACTVNGD80ETFP;VNGD80;ETF;ETF Plus | Euronext Amsterdam;EUR;IE;OUI;-;Euronext;2026-08-04;A_VERIFIER;NON_DETERMINE;Fonds EEE sur indice non européen : vérifier la liste émetteur
IE00BMW3QX54;L&G  Robotics;ROBO;ETF;Euronext Amsterdam | ETF Plus;EUR;IE;OUI;-;Euronext;2026-08-04;A_VERIFIER;NON_DETERMINE;Fonds EEE sur indice non européen : vérifier la liste émetteur
IE00BMWXKN31;HSBC HSENG TCH ETF;HSTE;ETF;Euronext Paris | ETF Plus;EUR;IE;OUI;-;Euronext;2026-08-04;A_VERIFIER;NON_DETERMINE;Fonds EEE sur indice non européen : vérifier la liste émetteur
IE00BMX0B631;VANETFVDTEIMETFP;VDTE;ETF;ETF Plus;EUR;IE;OUI;-;Euronext;2026-08-04;A_VERIFIER;NON_DETERMINE;Fonds EEE sur indice non européen : vérifier la liste émetteur
IE00BMX0DF60;ISHARES UMDV USD A;UMDV;ETF;Euronext Amsterdam - Multi-currency Trading;USD;IE;OUI;-;Euronext;2026-08-04;A_VERIFIER;NON_DETERMINE;Fonds EEE sur indice non européen : vérifier la liste émetteur
IE00BMXC7V63;IS SP500 PAC $A;UPAB;ETF;Euronext Amsterdam - Multi-currency Trading;USD;IE;OUI;ESG ETF art. 9;Euronext;2026-08-04;A_VERIFIER;NON_DETERMINE;Fonds EEE sur indice non européen : vérifier la liste émetteur
IE00BMXC7W70;IS WORLD PAC $A;WPAB;ETF;Euronext Amsterdam - Multi-currency Trading;USD;IE;OUI;ESG ETF art. 9;Euronext;2026-08-04;A_VERIFIER;NON_DETERMINE;Fonds EEE sur indice non européen : vérifier la liste émetteur
IE00BMY76136;XTRETFXZWEIMETFP;XZWE;ETF;ETF Plus;EUR;IE;OUI;ESG ETF art. 8;Euronext;2026-08-04;A_VERIFIER;NON_DETERMINE;Fonds EEE sur indice non européen : vérifier la liste émetteur
IE00BMYDM794;L&GETFHTWOIMETFP;HTWO;ETF;ETF Plus;EUR;IE;OUI;ESG ETF art. 9;Euronext;2026-08-04;A_VERIFIER;NON_DETERMINE;Fonds EEE sur indice non européen : vérifier la liste émetteur
IE00BMYDM919;L&GETFLDEUIMETFP;LDEU;ETF;ETF Plus;EUR;IE;OUI;ESG ETF art. 8;Euronext;2026-08-04;A_VERIFIER;NON_DETERMINE;Fonds EEE sur indice non européen : vérifier la liste émetteur
IE00BMYDMB35;L&GETFLDAPIMETFP;LDAP;ETF;ETF Plus;EUR;IE;OUI;ESG ETF art. 8;Euronext;2026-08-04;A_VERIFIER;NON_DETERMINE;Fonds EEE sur indice non européen : vérifier la liste émetteur
IE00BMYHQM42;SSGETFGOVAIMETFP;GOVA;ETF;ETF Plus;EUR;IE;OUI;-;Euronext;2026-08-04;A_VERIFIER;NON_DETERMINE;Fonds EEE sur indice non européen : vérifier la liste émetteur
IE00BMZ17X30;ISHARES WSRI $ H;SUWU;ETF;Euronext Amsterdam - Multi-currency Trading;USD;IE;OUI;ESG ETF art. 8;Euronext;2026-08-04;A_VERIFIER;NON_DETERMINE;Fonds EEE sur indice non européen : vérifier la liste émetteur
IE00BN2BCY94;XTRETFDJDGREETFP;XDRE;ETF;ETF Plus;EUR;IE;OUI;ESG ETF art. 8;Euronext;2026-08-04;A_VERIFIER;NON_DETERMINE;Fonds EEE sur indice non européen : vérifier la liste émetteur
IE00BN4GXL63;TABETFCOOLIMETFP;COOL;ETF;ETF Plus;EUR;IE;OUI;ESG ETF art. 9;Euronext;2026-08-04;A_VERIFIER;NON_DETERMINE;Fonds EEE sur indice non européen : vérifier la liste émetteur
IE00BN4PXC48;UBSETFLIMAIMETFP;CLIMA;ETF;ETF Plus;EUR;IE;OUI;ESG ETF art. 9;Euronext;2026-08-04;A_VERIFIER;NON_DETERMINE;Fonds EEE sur indice non européen : vérifier la liste émetteur
IE00BN4Q0370;UBSETFHPAWIMETFP;WXUPAB;ETF;ETF Plus;EUR;IE;OUI;ESG ETF art. 9;Euronext;2026-08-04;A_VERIFIER;NON_DETERMINE;Fonds EEE sur indice non européen : vérifier la liste émetteur
IE00BN4Q0602;UBSETFHPAUIMETFP;USAPA;ETF;ETF Plus;EUR;IE;OUI;ESG ETF art. 9;Euronext;2026-08-04;A_VERIFIER;NON_DETERMINE;Fonds EEE sur indice non européen : vérifier la liste émetteur
IE00BN4Q0933;UBSETFHPAEIMETFP;EURPA;ETF;ETF Plus;EUR;IE;OUI;ESG ETF art. 9;Euronext;2026-08-04;PROBABLE;INDICE_EUROPEEN;Indice actions européen — quota 75 % actions UE respecté de fait
IE00BN4Q0L55;UBSETFMUPAIMETFP;EMUPA;ETF;ETF Plus;EUR;IE;OUI;ESG ETF art. 9;Euronext;2026-08-04;PROBABLE;INDICE_EUROPEEN;Indice actions européen — quota 75 % actions UE respecté de fait
IE00BN4Q0P93;UBSETFACPAIMETFP;ACPA;ETF;ETF Plus;EUR;IE;OUI;ESG ETF art. 9;Euronext;2026-08-04;A_VERIFIER;NON_DETERMINE;Fonds EEE sur indice non européen : vérifier la liste émetteur
IE00BN4Q0X77;UBSETFJPAIMETFP;JPA;ETF;ETF Plus;EUR;IE;OUI;ESG ETF art. 9;Euronext;2026-08-04;A_VERIFIER;NON_DETERMINE;Fonds EEE sur indice non européen : vérifier la liste émetteur
IE00BN4Q1675;UBSETFEMPAIMETFP;EMPAB;ETF;ETF Plus;EUR;IE;OUI;ESG ETF art. 9;Euronext;2026-08-04;A_VERIFIER;NON_DETERMINE;Fonds EEE sur indice non européen : vérifier la liste émetteur
IE00BN92ZL31;IS WORLD PAC $D;WPAD;ETF;Euronext Amsterdam - Multi-currency Trading;USD;IE;OUI;ESG ETF art. 9;Euronext;2026-08-04;A_VERIFIER;NON_DETERMINE;Fonds EEE sur indice non européen : vérifier la liste émetteur
IE00BNC0M350;UBSETFESGAIMETFP;USESGA;ETF;ETF Plus;EUR;IE;OUI;ESG ETF art. 8;Euronext;2026-08-04;A_VERIFIER;NON_DETERMINE;Fonds EEE sur indice non européen : vérifier la liste émetteur
IE00BNC0M913;UBSETFUESGIIETFP;EMUESG;ETF;ETF Plus;EUR;IE;OUI;ESG ETF art. 8;Euronext;2026-08-04;PROBABLE;INDICE_EUROPEEN;Indice actions européen — quota 75 % actions UE respecté de fait
IE00BNC0MD55;UBSETFPESGIMETFP;JPESG;ETF;ETF Plus;EUR;IE;OUI;ESG ETF art. 8;Euronext;2026-08-04;A_VERIFIER;NON_DETERMINE;Fonds EEE sur indice non européen : vérifier la liste émetteur
IE00BNC0MH93;UBSETFNU7549ETFP;EXCS;ETF;ETF Plus;EUR;IE;OUI;ESG ETF art. 8;Euronext;2026-08-04;A_VERIFIER;NON_DETERMINE;Fonds EEE sur indice non européen : vérifier la liste émetteur
IE00BNC1F287;GUINNESS SUST ENG;CLMA;ETF;Euronext Paris | ETF Plus;EUR;IE;OUI;ESG ETF art. 9;Euronext;2026-08-04;A_VERIFIER;NON_DETERMINE;Fonds EEE sur indice non européen : vérifier la liste émetteur
IE00BNC1G699;XTRETFXZEZIMETFP;XZEZ;ETF;ETF Plus;EUR;IE;OUI;ESG ETF art. 8;Euronext;2026-08-04;PROBABLE;INDICE_EUROPEEN;Indice actions européen — quota 75 % actions UE respecté de fait
IE00BNDS1P30;VANETFV3GFIMETFP;V3GF;ETF;ETF Plus | Euronext Amsterdam, Paris;EUR;IE;OUI;ESG ETF art. 8;Euronext;2026-08-04;A_VERIFIER;NON_DETERMINE;Fonds EEE sur indice non européen : vérifier la liste émetteur
IE00BNDS1Q47;VANETFV3GFIMETFP;V3GE;ETF;ETF Plus | Euronext Amsterdam, Paris;EUR;IE;OUI;ESG ETF art. 8;Euronext;2026-08-04;A_VERIFIER;NON_DETERMINE;Fonds EEE sur indice non européen : vérifier la liste émetteur
IE00BNG70R26;INVETFMUNIIMETFP;MUNI;ETF;ETF Plus;EUR;IE;OUI;-;Euronext;2026-08-04;NON;CLASSE_ACTIFS;Obligataire/monétaire/crypto/matières premières sans montage PEA
IE00BNG8L278;VANETFV3AAIMETFP;V3AA;ETF;ETF Plus | Euronext Amsterdam, Paris;EUR;IE;OUI;ESG ETF art. 8;Euronext;2026-08-04;A_VERIFIER;NON_DETERMINE;Fonds EEE sur indice non européen : vérifier la liste émetteur
IE00BNG8L385;VANETFV3AAIMETFP;V3AL;ETF;ETF Plus | Euronext Amsterdam, Paris;EUR;IE;OUI;ESG ETF art. 8;Euronext;2026-08-04;A_VERIFIER;NON_DETERMINE;Fonds EEE sur indice non européen : vérifier la liste émetteur
IE00BNGFMX61;FIDACTFJPRETFP;FJPR;ETF;ETF Plus;EUR;IE;OUI;ESG ETF art. 8;Euronext;2026-08-04;A_VERIFIER;NON_DETERMINE;Fonds EEE sur indice non européen : vérifier la liste émetteur
IE00BNGFMY78;FIDACTFPXRETFP;FPXR;ETF;ETF Plus;EUR;IE;OUI;ESG ETF art. 8;Euronext;2026-08-04;A_VERIFIER;NON_DETERMINE;Fonds EEE sur indice non européen : vérifier la liste émetteur
IE00BNGJJT35;INVETFXDEWIMETFP;SPEQ;ETF;ETF Plus;EUR;IE;OUI;-;Euronext;2026-08-04;A_VERIFIER;NON_DETERMINE;Fonds EEE sur indice non européen : vérifier la liste émetteur
IE00BNH72088;SSGETFCONVIMETFP;CONV;ETF;ETF Plus;EUR;IE;OUI;-;Euronext;2026-08-04;A_VERIFIER;NON_DETERMINE;Fonds EEE sur indice non européen : vérifier la liste émetteur
IE00BNTVVR89;HAN MINING ETF;ESGO;ETF;Euronext Paris | ETF Plus;EUR;IE;OUI;ESG ETF art. 8;Euronext;2026-08-04;A_VERIFIER;NON_DETERMINE;Fonds EEE sur indice non européen : vérifier la liste émetteur
IE00BP2C0316;HSBETFHPAEIMETFP;HPAE;ETF;ETF Plus;EUR;IE;OUI;ESG ETF art. 8;Euronext;2026-08-04;PROBABLE;INDICE_EUROPEEN;Indice actions européen — quota 75 % actions UE respecté de fait
IE00BP2C1V62;HSBETFHPAWIMETFP;HPAW;ETF;ETF Plus;EUR;IE;OUI;ESG ETF art. 8;Euronext;2026-08-04;A_VERIFIER;NON_DETERMINE;Fonds EEE sur indice non européen : vérifier la liste émetteur
IE00BP2NF958;JPMACTJREJETFP;JREJ;ETF;ETF Plus;EUR;IE;OUI;ESG ETF art. 8;Euronext;2026-08-04;A_VERIFIER;NON_DETERMINE;Fonds EEE sur indice non européen : vérifier la liste émetteur
IE00BP3QZ601;ISHETFIWQUIMETFP;IWQU;ETF;ETF Plus;EUR;IE;OUI;-;Euronext;2026-08-04;A_VERIFIER;NON_DETERMINE;Fonds EEE sur indice non européen : vérifier la liste émetteur
IE00BP3QZ825;ISHETFIWMOIMETFP;IWMO;ETF;ETF Plus;EUR;IE;OUI;-;Euronext;2026-08-04;A_VERIFIER;NON_DETERMINE;Fonds EEE sur indice non européen : vérifier la liste émetteur
IE00BP3QZB59;ISHETFIWVLIMETFP;IWVL;ETF;ETF Plus;EUR;IE;OUI;-;Euronext;2026-08-04;A_VERIFIER;NON_DETERMINE;Fonds EEE sur indice non européen : vérifier la liste émetteur
IE00BP3QZD73;ISHETFIWSZIMETFP;IWSZ;ETF;ETF Plus;EUR;IE;OUI;-;Euronext;2026-08-04;A_VERIFIER;NON_DETERMINE;Fonds EEE sur indice non européen : vérifier la liste émetteur
IE00BP3QZJ36;MSCI France Acc;IFRE;ETF;Euronext Amsterdam;EUR;IE;OUI;-;Euronext;2026-08-04;PROBABLE;INDICE_EUROPEEN;Indice actions européen — quota 75 % actions UE respecté de fait
IE00BP46NG52;SSGETFEMH5IMETFP;EMH5;ETF;ETF Plus;EUR;IE;OUI;-;Euronext;2026-08-04;A_VERIFIER;NON_DETERMINE;Fonds EEE sur indice non européen : vérifier la liste émetteur
IE00BP9F2H18;PIMACTLDCUETFP;LDCU;ETF;ETF Plus;EUR;IE;OUI;-;Euronext;2026-08-04;A_VERIFIER;NON_DETERMINE;Fonds EEE sur indice non européen : vérifier la liste émetteur
IE00BP9F2J32;PIMACTLDCEETFP;LDCE;ETF;ETF Plus;EUR;IE;OUI;-;Euronext;2026-08-04;A_VERIFIER;NON_DETERMINE;Fonds EEE sur indice non européen : vérifier la liste émetteur
IE00BPRCH686;INVETFN400IMETFP;N400;ETF;ETF Plus;EUR;IE;OUI;-;Euronext;2026-08-04;A_VERIFIER;NON_DETERMINE;Fonds EEE sur indice non européen : vérifier la liste émetteur
IE00BPVLQD13;XTRETFXDNEIMETFP;XDNY;ETF;ETF Plus;EUR;IE;OUI;ESG ETF art. 8;Euronext;2026-08-04;A_VERIFIER;NON_DETERMINE;Fonds EEE sur indice non européen : vérifier la liste émetteur
IE00BQ70R696;INVETFSBIOIMETFP;SBIO;ETF;ETF Plus | Euronext Amsterdam;EUR;IE;OUI;-;Euronext;2026-08-04;A_VERIFIER;NON_DETERMINE;Fonds EEE sur indice non européen : vérifier la liste émetteur
IE00BQN1K562;ISHETFIEQUIMETFP;IEQU;ETF;ETF Plus;EUR;IE;OUI;-;Euronext;2026-08-04;A_VERIFIER;NON_DETERMINE;Fonds EEE sur indice non européen : vérifier la liste émetteur
IE00BQN1K786;ISHETFIEMOIMETFP;IEMO;ETF;ETF Plus;EUR;IE;OUI;-;Euronext;2026-08-04;A_VERIFIER;NON_DETERMINE;Fonds EEE sur indice non européen : vérifier la liste émetteur
IE00BQN1K901;ISHETFIEVLIMETFP;IEVL;ETF;ETF Plus;EUR;IE;OUI;-;Euronext;2026-08-04;A_VERIFIER;NON_DETERMINE;Fonds EEE sur indice non européen : vérifier la liste émetteur
IE00BQN1KC32;ISHETFIESZIMETFP;IESZ;ETF;ETF Plus;EUR;IE;OUI;-;Euronext;2026-08-04;A_VERIFIER;NON_DETERMINE;Fonds EEE sur indice non européen : vérifier la liste émetteur
IE00BQQ3Q067;WISETFDEMRIMETFP;DEM;ETF;ETF Plus;EUR;IE;OUI;ESG ETF art. 8;Euronext;2026-08-04;A_VERIFIER;NON_DETERMINE;Fonds EEE sur indice non européen : vérifier la liste émetteur
IE00BQQP9F84;VANETFGDXIMETFP;GDX;ETF;ETF Plus | Euronext Paris;EUR;IE;OUI;-;Euronext;2026-08-04;A_VERIFIER;NON_DETERMINE;Fonds EEE sur indice non européen : vérifier la liste émetteur
IE00BQQP9G91;VANETFGDXJIMETFP;GDXJ;ETF;ETF Plus | Euronext Paris;EUR;IE;OUI;-;Euronext;2026-08-04;A_VERIFIER;NON_DETERMINE;Fonds EEE sur indice non européen : vérifier la liste émetteur
IE00BQQP9H09;VANETFMOATIMETFP;MOAT;ETF;ETF Plus | Euronext Paris;EUR;IE;OUI;ESG ETF art. 8;Euronext;2026-08-04;A_VERIFIER;NON_DETERMINE;Fonds EEE sur indice non européen : vérifier la liste émetteur
IE00BQT3WG13;MSCI China A Acc;CNYA;ETF;Euronext Amsterdam;EUR;IE;OUI;-;Euronext;2026-08-04;A_VERIFIER;NON_DETERMINE;Fonds EEE sur indice non européen : vérifier la liste émetteur
IE00BQZJBM26;WISETFDGSEIMETFP;DGSE;ETF;ETF Plus;EUR;IE;OUI;ESG ETF art. 8;Euronext;2026-08-04;A_VERIFIER;NON_DETERMINE;Fonds EEE sur indice non européen : vérifier la liste émetteur
IE00BQZJBQ63;WISETFDHSAIMETFP;DHS;ETF;ETF Plus;EUR;IE;OUI;ESG ETF art. 8;Euronext;2026-08-04;A_VERIFIER;NON_DETERMINE;Fonds EEE sur indice non européen : vérifier la liste émetteur
IE00BQZJBX31;WISETFEEIAIMETFP;EEI;ETF;ETF Plus | Euronext Paris;EUR;IE;OUI;ESG ETF art. 8;Euronext;2026-08-04;A_VERIFIER;NON_DETERMINE;Fonds EEE sur indice non européen : vérifier la liste émetteur
IE00BQZJC527;WISETFDFEAIMETFP;DFE;ETF;ETF Plus;EUR;IE;OUI;ESG ETF art. 8;Euronext;2026-08-04;PROBABLE;INDICE_EUROPEEN;Indice actions européen — quota 75 % actions UE respecté de fait
IE00BRB36B93;XTRETFXDNEIMETFP;XDNE;ETF;ETF Plus;EUR;IE;OUI;ESG ETF art. 8;Euronext;2026-08-04;A_VERIFIER;NON_DETERMINE;Fonds EEE sur indice non européen : vérifier la liste émetteur
IE00BRKWGL70;INVETFIUSEIMETFP;E500;ETF;ETF Plus;EUR;IE;OUI;-;Euronext;2026-08-04;A_VERIFIER;NON_DETERMINE;Fonds EEE sur indice non européen : vérifier la liste émetteur
IE00BS7K8821;SSGETFEU35IMETFP;EU35;ETF;ETF Plus;EUR;IE;OUI;-;Euronext;2026-08-04;A_VERIFIER;NON_DETERMINE;Fonds EEE sur indice non européen : vérifier la liste émetteur
IE00BSKRK281;ISHETFIEBBIMETFP;IEBB;ETF;ETF Plus;EUR;IE;OUI;-;Euronext;2026-08-04;NON;CLASSE_ACTIFS;Obligataire/monétaire/crypto/matières premières sans montage PEA
IE00BT9PVG14;FIRETFFDNIIMETFP;FDNI;ETF;ETF Plus;EUR;IE;OUI;-;Euronext;2026-08-04;A_VERIFIER;NON_DETERMINE;Fonds EEE sur indice non européen : vérifier la liste émetteur
IE00BTJRMP35;XTRETFGEASIMETFP;XMME;ETF;ETF Plus;EUR;IE;OUI;-;Euronext;2026-08-04;A_VERIFIER;NON_DETERMINE;Fonds EEE sur indice non européen : vérifier la liste émetteur
IE00BVDPXK98;PLURIMA STRATEGY;PPSPOF;OPCVM;ATFund Instruments;EUR;IE;OUI;;Euronext;2026-08-04;A_VERIFIER;NON_DETERMINE;Fonds EEE sur indice non européen : vérifier la liste émetteur
IE00BVFZGC04;WISETCWTIDIMETFP;WTID;ETF;ETF Plus;EUR;IE;OUI;-;Euronext;2026-08-04;NON;CLASSE_ACTIFS;Obligataire/monétaire/crypto/matières premières sans montage PEA
IE00BVFZGD11;WISETCBRNDIMETFP;BRND;ETF;ETF Plus;EUR;IE;OUI;-;Euronext;2026-08-04;NON;CLASSE_ACTIFS;Obligataire/monétaire/crypto/matières premières sans montage PEA
IE00BVXBH163;WISETFHEDJIMETFP;HEDJ;ETF;ETF Plus;EUR;IE;OUI;ESG ETF art. 8;Euronext;2026-08-04;A_VERIFIER;NON_DETERMINE;Fonds EEE sur indice non européen : vérifier la liste émetteur
IE00BVXC4854;WISETFDXJIMETFP;DXJ;ETF;ETF Plus;EUR;IE;OUI;ESG ETF art. 8;Euronext;2026-08-04;A_VERIFIER;NON_DETERMINE;Fonds EEE sur indice non européen : vérifier la liste émetteur
IE00BVZ6SP04;PIMActPJSRETFP;PJSR;ETF;ETF Plus;EUR;IE;OUI;ESG ETF art. 8;Euronext;2026-08-04;A_VERIFIER;NON_DETERMINE;Fonds EEE sur indice non européen : vérifier la liste émetteur
IE00BWBXM278;SPDR US CONS DIS;SXLY;ETF;Euronext Amsterdam | ETF Plus;EUR;IE;OUI;-;Euronext;2026-08-04;A_VERIFIER;NON_DETERMINE;Fonds EEE sur indice non européen : vérifier la liste émetteur
IE00BWBXM385;SPDR US CONS STAP;SXLP;ETF;Euronext Amsterdam | ETF Plus;EUR;IE;OUI;-;Euronext;2026-08-04;A_VERIFIER;NON_DETERMINE;Fonds EEE sur indice non européen : vérifier la liste émetteur
IE00BWBXM492;SPDR US ENERGY;SXLE;ETF;Euronext Amsterdam | ETF Plus;EUR;IE;OUI;-;Euronext;2026-08-04;A_VERIFIER;NON_DETERMINE;Fonds EEE sur indice non européen : vérifier la liste émetteur
IE00BWBXM500;SPDR US FINAN;SXLF;ETF;Euronext Amsterdam | ETF Plus;EUR;IE;OUI;-;Euronext;2026-08-04;A_VERIFIER;NON_DETERMINE;Fonds EEE sur indice non européen : vérifier la liste émetteur
IE00BWBXM617;SPDR US HEALTH;SXLV;ETF;Euronext Amsterdam | ETF Plus;EUR;IE;OUI;-;Euronext;2026-08-04;A_VERIFIER;NON_DETERMINE;Fonds EEE sur indice non européen : vérifier la liste émetteur
IE00BWBXM724;SPDR US INDUST;SXLI;ETF;Euronext Amsterdam | ETF Plus;EUR;IE;OUI;-;Euronext;2026-08-04;A_VERIFIER;NON_DETERMINE;Fonds EEE sur indice non européen : vérifier la liste émetteur
IE00BWBXM831;SPDR US MATERIAL;SXLB;ETF;Euronext Amsterdam | ETF Plus;EUR;IE;OUI;-;Euronext;2026-08-04;A_VERIFIER;NON_DETERMINE;Fonds EEE sur indice non européen : vérifier la liste émetteur
IE00BWBXM948;SPDR US TECH;SXLK;ETF;Euronext Amsterdam | ETF Plus;EUR;IE;OUI;-;Euronext;2026-08-04;A_VERIFIER;NON_DETERMINE;Fonds EEE sur indice non européen : vérifier la liste émetteur
IE00BWBXMB69;SPDR US ITILIT;SXLU;ETF;Euronext Amsterdam | ETF Plus;EUR;IE;OUI;-;Euronext;2026-08-04;A_VERIFIER;NON_DETERMINE;Fonds EEE sur indice non européen : vérifier la liste émetteur
IE00BWT3KJ20;UBS IRL ULOVE;UBUV;ETF;Euronext Amsterdam | ETF Plus;EUR;IE;OUI;-;Euronext;2026-08-04;A_VERIFIER;NON_DETERMINE;Fonds EEE sur indice non européen : vérifier la liste émetteur
IE00BWT3KL42;UBS IRL UPVLE;UBUW;ETF;Euronext Amsterdam;EUR;IE;OUI;ESG ETF art. 8;Euronext;2026-08-04;A_VERIFIER;NON_DETERMINE;Fonds EEE sur indice non européen : vérifier la liste émetteur
IE00BWT3KN65;UBS IRL UQLTE;UBUX;ETF;Euronext Amsterdam | ETF Plus;EUR;IE;OUI;ESG ETF art. 8;Euronext;2026-08-04;A_VERIFIER;NON_DETERMINE;Fonds EEE sur indice non européen : vérifier la liste émetteur
IE00BWT3KS11;UBS IRL AUHEUA;UE28;ETF;Euronext Amsterdam | ETF Plus;EUR;IE;OUI;-;Euronext;2026-08-04;A_VERIFIER;NON_DETERMINE;Fonds EEE sur indice non européen : vérifier la liste émetteur
IE00BWTN6Y99;INVETFHDLVIMETFP;HDLV;ETF;ETF Plus | Euronext Paris;EUR;IE;OUI;-;Euronext;2026-08-04;A_VERIFIER;NON_DETERMINE;Fonds EEE sur indice non européen : vérifier la liste émetteur
IE00BWTNM743;FIRETFNXTGIMETFP;NXTG;ETF;ETF Plus;EUR;IE;OUI;-;Euronext;2026-08-04;A_VERIFIER;NON_DETERMINE;Fonds EEE sur indice non européen : vérifier la liste émetteur
IE00BX7RQY03;UBS IRL ULOVD;UBUR;ETF;Euronext Amsterdam | ETF Plus;EUR;IE;OUI;-;Euronext;2026-08-04;A_VERIFIER;NON_DETERMINE;Fonds EEE sur indice non européen : vérifier la liste émetteur
IE00BX7RR706;UBS IRL UPVLD;UBUS;ETF;Euronext Amsterdam | ETF Plus;EUR;IE;OUI;ESG ETF art. 8;Euronext;2026-08-04;A_VERIFIER;NON_DETERMINE;Fonds EEE sur indice non européen : vérifier la liste émetteur
IE00BX7RRJ27;UBS IRL UQLTD;UBUT;ETF;Euronext Amsterdam | ETF Plus;EUR;IE;OUI;ESG ETF art. 8;Euronext;2026-08-04;A_VERIFIER;NON_DETERMINE;Fonds EEE sur indice non européen : vérifier la liste émetteur
IE00BYM11H29;UBSETFACWEIMETFP;ACWIA;ETF;ETF Plus;EUR;IE;OUI;-;Euronext;2026-08-04;A_VERIFIER;NON_DETERMINE;Fonds EEE sur indice non européen : vérifier la liste émetteur
IE00BYM11K57;UBSETFCWIEIMETFP;ACWIE;ETF;ETF Plus;EUR;IE;OUI;-;Euronext;2026-08-04;A_VERIFIER;NON_DETERMINE;Fonds EEE sur indice non européen : vérifier la liste émetteur
IE00BYM31M36;ISHETFWINGIMETFP;WING;ETF;ETF Plus;EUR;IE;OUI;-;Euronext;2026-08-04;NON;CLASSE_ACTIFS;Obligataire/monétaire/crypto/matières premières sans montage PEA
IE00BYM8JD58;INVETFXRESIMETFP;XRES;ETF;ETF Plus;EUR;IE;OUI;-;Euronext;2026-08-04;A_VERIFIER;NON_DETERMINE;Fonds EEE sur indice non européen : vérifier la liste émetteur
IE00BYML9W36;INVETFSP500TETFP;SPXD;ETF;ETF Plus;EUR;IE;OUI;-;Euronext;2026-08-04;A_VERIFIER;NON_DETERMINE;Fonds EEE sur indice non européen : vérifier la liste émetteur
IE00BYMLZY74;WISETFWCOAIMETFP;WCOA;ETF;ETF Plus;EUR;IE;OUI;-;Euronext;2026-08-04;A_VERIFIER;NON_DETERMINE;Fonds EEE sur indice non européen : vérifier la liste émetteur
IE00BYNXNS22;WISETN3BTSIMETFP;5BTS;ETF;ETF Plus;EUR;IE;OUI;-;Euronext;2026-08-04;A_VERIFIER;NON_DETERMINE;Fonds EEE sur indice non européen : vérifier la liste émetteur
IE00BYNXPH56;WISETN3BUSIMETFP;5BUS;ETF;ETF Plus;EUR;IE;OUI;-;Euronext;2026-08-04;A_VERIFIER;NON_DETERMINE;Fonds EEE sur indice non européen : vérifier la liste émetteur
IE00BYNXPJ70;WISETN3TYSIMETFP;5TYS;ETF;ETF Plus;EUR;IE;OUI;-;Euronext;2026-08-04;A_VERIFIER;NON_DETERMINE;Fonds EEE sur indice non européen : vérifier la liste émetteur
IE00BYPC1H27;IS CHN BND USD DIS;CNYB;ETF;Euronext Amsterdam - Multi-currency Trading | ETF Plus;USD;IE;OUI;-;Euronext;2026-08-04;NON;CLASSE_ACTIFS;Obligataire/monétaire/crypto/matières premières sans montage PEA
IE00BYPHT736;XTRETFXDEPIMETFP;XDEP;ETF;ETF Plus;EUR;IE;OUI;-;Euronext;2026-08-04;NON;CLASSE_ACTIFS;Obligataire/monétaire/crypto/matières premières sans montage PEA
IE00BYPLS672;L&G Cyber Security;ISPY;ETF;Euronext Amsterdam | ETF Plus;EUR;IE;OUI;-;Euronext;2026-08-04;A_VERIFIER;NON_DETERMINE;Fonds EEE sur indice non européen : vérifier la liste émetteur
IE00BYQCZJ13;WISETFDXJFIMETFP;DXJF;ETF;ETF Plus;EUR;IE;OUI;ESG ETF art. 8;Euronext;2026-08-04;A_VERIFIER;NON_DETERMINE;Fonds EEE sur indice non européen : vérifier la liste émetteur
IE00BYQCZN58;WISETFDXJZIMETFP;DXJZ;ETF;ETF Plus;EUR;IE;OUI;ESG ETF art. 8;Euronext;2026-08-04;A_VERIFIER;NON_DETERMINE;Fonds EEE sur indice non européen : vérifier la liste émetteur
IE00BYQCZX56;WISETFEEIAIMETFP;HEDF;ETF;ETF Plus;EUR;IE;OUI;ESG ETF art. 8;Euronext;2026-08-04;A_VERIFIER;NON_DETERMINE;Fonds EEE sur indice non européen : vérifier la liste émetteur
IE00BYSX4176;FIDETFFEQDIMETFP;FEUI;ETF;ETF Plus;EUR;IE;OUI;-;Euronext;2026-08-04;PROBABLE;INDICE_EUROPEEN;Indice actions européen — quota 75 % actions UE respecté de fait
IE00BYSX4283;FIDETFFEQDIMETFP;FEQD;ETF;ETF Plus;EUR;IE;OUI;-;Euronext;2026-08-04;PROBABLE;INDICE_EUROPEEN;Indice actions européen — quota 75 % actions UE respecté de fait
IE00BYSX4739;FIDETFFEMIIMETFP;FEME;ETF;ETF Plus;EUR;IE;OUI;-;Euronext;2026-08-04;A_VERIFIER;NON_DETERMINE;Fonds EEE sur indice non européen : vérifier la liste émetteur
IE00BYSX4846;FIDETFFEMIIMETFP;FEMI;ETF;ETF Plus;EUR;IE;OUI;-;Euronext;2026-08-04;A_VERIFIER;NON_DETERMINE;Fonds EEE sur indice non européen : vérifier la liste émetteur
IE00BYSZ5V04;SSGETFLUTRIMETFP;LUTR;ETF;ETF Plus;EUR;IE;OUI;-;Euronext;2026-08-04;A_VERIFIER;NON_DETERMINE;Fonds EEE sur indice non européen : vérifier la liste émetteur
IE00BYSZ6062;SSGETFLGOVIMETFP;LGOV;ETF;ETF Plus;EUR;IE;OUI;-;Euronext;2026-08-04;NON;CLASSE_ACTIFS;Obligataire/monétaire/crypto/matières premières sans montage PEA
IE00BYTH5602;SSGETFSJNEIMETFP;SJNE;ETF;ETF Plus;EUR;IE;OUI;ESG ETF art. 8;Euronext;2026-08-04;NON;CLASSE_ACTIFS;Obligataire/monétaire/crypto/matières premières sans montage PEA
IE00BYTH5T38;SPDR SP EU ArESG;EEDV;ETF;Euronext Amsterdam;EUR;IE;OUI;ESG ETF art. 8;Euronext;2026-08-04;A_VERIFIER;NON_DETERMINE;Fonds EEE sur indice non européen : vérifier la liste émetteur
IE00BYTH6121;FIRST TRUST GLOBAL;FGBL;ETF;Euronext Paris;EUR;IE;OUI;-;Euronext;2026-08-04;A_VERIFIER;NON_DETERMINE;Fonds EEE sur indice non européen : vérifier la liste émetteur
IE00BYTH6238;FIRST TRUST IPO;FPXU;ETF;Euronext Paris - Multi-currency Trading;USD;IE;OUI;-;Euronext;2026-08-04;A_VERIFIER;NON_DETERMINE;Fonds EEE sur indice non européen : vérifier la liste émetteur
IE00BYTRR640;SPDR MSCI W C DIS;WCOD;ETF;Euronext Amsterdam | ETF Plus;EUR;IE;OUI;-;Euronext;2026-08-04;A_VERIFIER;NON_DETERMINE;Fonds EEE sur indice non européen : vérifier la liste émetteur
IE00BYTRR756;SPDR MSCI W C STAP;WCOS;ETF;Euronext Amsterdam | ETF Plus;EUR;IE;OUI;-;Euronext;2026-08-04;A_VERIFIER;NON_DETERMINE;Fonds EEE sur indice non européen : vérifier la liste émetteur
IE00BYTRR863;SPDR MSCI W ENERGY;WNRG;ETF;Euronext Amsterdam | ETF Plus;EUR;IE;OUI;-;Euronext;2026-08-04;A_VERIFIER;NON_DETERMINE;Fonds EEE sur indice non européen : vérifier la liste émetteur
IE00BYTRR970;SPDR MSCI W FINCLS;WFIN;ETF;Euronext Amsterdam | ETF Plus;EUR;IE;OUI;-;Euronext;2026-08-04;A_VERIFIER;NON_DETERMINE;Fonds EEE sur indice non européen : vérifier la liste émetteur
IE00BYTRRB94;SPDR MSCI W HEALTH;WHEA;ETF;Euronext Amsterdam | ETF Plus;EUR;IE;OUI;-;Euronext;2026-08-04;A_VERIFIER;NON_DETERMINE;Fonds EEE sur indice non européen : vérifier la liste émetteur
IE00BYTRRC02;SPDR MSCI W INDUST;WIND;ETF;Euronext Amsterdam | ETF Plus;EUR;IE;OUI;-;Euronext;2026-08-04;A_VERIFIER;NON_DETERMINE;Fonds EEE sur indice non européen : vérifier la liste émetteur
IE00BYTRRD19;SPDR MSCI W TECH;WTCH;ETF;Euronext Amsterdam | ETF Plus;EUR;IE;OUI;-;Euronext;2026-08-04;A_VERIFIER;NON_DETERMINE;Fonds EEE sur indice non européen : vérifier la liste émetteur
IE00BYTRRF33;SPDR MSCI W MTRL;WMAT;ETF;Euronext Amsterdam | ETF Plus;EUR;IE;OUI;-;Euronext;2026-08-04;A_VERIFIER;NON_DETERMINE;Fonds EEE sur indice non européen : vérifier la liste émetteur
IE00BYTRRG40;SPDR MSCI W COMM;WTEL;ETF;Euronext Amsterdam | ETF Plus;EUR;IE;OUI;-;Euronext;2026-08-04;A_VERIFIER;NON_DETERMINE;Fonds EEE sur indice non européen : vérifier la liste émetteur
IE00BYTRRH56;SPDR MSCI W UTIL;WUTI;ETF;Euronext Amsterdam | ETF Plus;EUR;IE;OUI;-;Euronext;2026-08-04;A_VERIFIER;NON_DETERMINE;Fonds EEE sur indice non européen : vérifier la liste émetteur
IE00BYTYHM11;WISETN3EMSIMETFP;3EMS;ETF;ETF Plus;EUR;IE;OUI;-;Euronext;2026-08-04;A_VERIFIER;NON_DETERMINE;Fonds EEE sur indice non européen : vérifier la liste émetteur
IE00BYTYHN28;WISETN3EMSIMETFP;3EML;ETF;ETF Plus;EUR;IE;OUI;-;Euronext;2026-08-04;A_VERIFIER;NON_DETERMINE;Fonds EEE sur indice non européen : vérifier la liste émetteur
IE00BYV12Y75;SSGETFIUCBIMETFP;IUCB;ETF;ETF Plus;EUR;IE;OUI;-;Euronext;2026-08-04;A_VERIFIER;NON_DETERMINE;Fonds EEE sur indice non européen : vérifier la liste émetteur
IE00BYV1Y969;FIDETFFUSUIMETFP;FUSU;ETF;ETF Plus;EUR;IE;OUI;-;Euronext;2026-08-04;A_VERIFIER;NON_DETERMINE;Fonds EEE sur indice non européen : vérifier la liste émetteur
IE00BYV1YH46;FIDETFFGEUIMETFP;FGEU;ETF;ETF Plus;EUR;IE;OUI;-;Euronext;2026-08-04;A_VERIFIER;NON_DETERMINE;Fonds EEE sur indice non européen : vérifier la liste émetteur
IE00BYVJRP78;iS MSCI EM SRI Acc;SUSM;ETF;Euronext Amsterdam | ETF Plus;EUR;IE;OUI;ESG ETF art. 8;Euronext;2026-08-04;A_VERIFIER;NON_DETERMINE;Fonds EEE sur indice non européen : vérifier la liste émetteur
IE00BYVJRR92;ISHETFSUASIMETFP;SUAS;ETF;ETF Plus | Euronext Amsterdam;EUR;IE;OUI;ESG ETF art. 8;Euronext;2026-08-04;A_VERIFIER;NON_DETERMINE;Fonds EEE sur indice non européen : vérifier la liste émetteur
IE00BYVQ9G36;ISHETFIDCOT7XAMS;IB7A;ETF;Euronext Amsterdam - Multi-currency Trading;USD;IE;OUI;-;Euronext;2026-08-04;NON;CLASSE_ACTIFS;Obligataire/monétaire/crypto/matières premières sans montage PEA
IE00BYVTMS52;INVETFND100ETFP;EQEU;ETF;ETF Plus;EUR;IE;OUI;-;Euronext;2026-08-04;A_VERIFIER;NON_DETERMINE;Fonds EEE sur indice non européen : vérifier la liste émetteur
IE00BYVTMZ20;INVETFFAEUIMETFP;FAEU;ETF;ETF Plus;EUR;IE;OUI;-;Euronext;2026-08-04;A_VERIFIER;NON_DETERMINE;Fonds EEE sur indice non européen : vérifier la liste émetteur
IE00BYVZV757;JP ETFJE13IMETFP;JE13;ETF;ETF Plus;EUR;IE;OUI;-;Euronext;2026-08-04;A_VERIFIER;NON_DETERMINE;Fonds EEE sur indice non européen : vérifier la liste émetteur
IE00BYWQWR46;VANETFESPOIMETFP;ESPO;ETF;ETF Plus | Euronext Paris;EUR;IE;OUI;-;Euronext;2026-08-04;A_VERIFIER;NON_DETERMINE;Fonds EEE sur indice non européen : vérifier la liste émetteur
IE00BYX2JD69;ISHETFSUSWIMETFP;SUSW;ETF;ETF Plus | Euronext Amsterdam;EUR;IE;OUI;ESG ETF art. 8;Euronext;2026-08-04;A_VERIFIER;NON_DETERMINE;Fonds EEE sur indice non européen : vérifier la liste émetteur
IE00BYX8XC17;iS MSCI Jp SRI Acc;SUJP;ETF;Euronext Amsterdam | ETF Plus;EUR;IE;OUI;ESG ETF art. 8;Euronext;2026-08-04;A_VERIFIER;NON_DETERMINE;Fonds EEE sur indice non européen : vérifier la liste émetteur
IE00BYXVGX24;FIDETFFUSUIMETFP;FUSD;ETF;ETF Plus;EUR;IE;OUI;-;Euronext;2026-08-04;A_VERIFIER;NON_DETERMINE;Fonds EEE sur indice non européen : vérifier la liste émetteur
IE00BYXVGY31;FIDETFFUSUIMETFP;FUSA;ETF;ETF Plus;EUR;IE;OUI;-;Euronext;2026-08-04;A_VERIFIER;NON_DETERMINE;Fonds EEE sur indice non européen : vérifier la liste émetteur
IE00BYXVGZ48;FIDETFFGEUIMETFP;FGQI;ETF;ETF Plus;EUR;IE;OUI;-;Euronext;2026-08-04;A_VERIFIER;NON_DETERMINE;Fonds EEE sur indice non européen : vérifier la liste émetteur
IE00BYXZ2585;ISHETFSEMUIMETFP;CEUD;ETF;ETF Plus;EUR;IE;OUI;-;Euronext;2026-08-04;PROBABLE;INDICE_EUROPEEN;Indice actions européen — quota 75 % actions UE respecté de fait
IE00BYYW2V44;SSGETFSPXEIMETFP;SPXE;ETF;ETF Plus;EUR;IE;OUI;-;Euronext;2026-08-04;A_VERIFIER;NON_DETERMINE;Fonds EEE sur indice non européen : vérifier la liste émetteur
IE00BYYXBF44;INVETFEMHDIMETFP;EMHD;ETF;ETF Plus | Euronext Paris;EUR;IE;OUI;-;Euronext;2026-08-04;A_VERIFIER;NON_DETERMINE;Fonds EEE sur indice non européen : vérifier la liste émetteur
IE00BYZK4552;iS A&R Acc;RBOE;ETF;Euronext Amsterdam | ETF Plus;EUR;IE;OUI;ESG ETF art. 8;Euronext;2026-08-04;A_VERIFIER;NON_DETERMINE;Fonds EEE sur indice non européen : vérifier la liste émetteur
IE00BYZK4669;Ageing Pop Acc;AGED;ETF;Euronext Amsterdam | ETF Plus;EUR;IE;OUI;ESG ETF art. 8;Euronext;2026-08-04;A_VERIFIER;NON_DETERMINE;Fonds EEE sur indice non européen : vérifier la liste émetteur
IE00BYZK4776;Hlthcre Inn Acc;HEAL;ETF;Euronext Amsterdam | ETF Plus;EUR;IE;OUI;ESG ETF art. 8;Euronext;2026-08-04;A_VERIFIER;NON_DETERMINE;Fonds EEE sur indice non européen : vérifier la liste émetteur
IE00BYZK4883;Dgtlstn Acc;DGTL;ETF;Euronext Amsterdam | ETF Plus;EUR;IE;OUI;ESG ETF art. 8;Euronext;2026-08-04;A_VERIFIER;NON_DETERMINE;Fonds EEE sur indice non européen : vérifier la liste émetteur
IE00BYZNF849;XTRETFDJBGGIETFP;XIFE;ETF;ETF Plus;EUR;IE;OUI;ESG ETF art. 8;Euronext;2026-08-04;A_VERIFIER;NON_DETERMINE;Fonds EEE sur indice non européen : vérifier la liste émetteur
IE00BYZTVT56;ISHETFSUOEIMETFP;SUOE;ETF;ETF Plus;EUR;IE;OUI;ESG ETF art. 8;Euronext;2026-08-04;A_VERIFIER;NON_DETERMINE;Fonds EEE sur indice non européen : vérifier la liste émetteur
IE00BYZTVV78;ISHETFSUSEIMETFP;SUSE;ETF;ETF Plus;EUR;IE;OUI;ESG ETF art. 8;Euronext;2026-08-04;NON;CLASSE_ACTIFS;Obligataire/monétaire/crypto/matières premières sans montage PEA
IE00BZ02LR44;XTRETFXZWEIMETFP;XZW0;ETF;ETF Plus;EUR;IE;OUI;ESG ETF art. 8;Euronext;2026-08-04;A_VERIFIER;NON_DETERMINE;Fonds EEE sur indice non européen : vérifier la liste émetteur
IE00BZ036H21;XTRETFXDGUIMETFP;XDGU;ETF;ETF Plus;EUR;IE;OUI;-;Euronext;2026-08-04;NON;CLASSE_ACTIFS;Obligataire/monétaire/crypto/matières premières sans montage PEA
IE00BZ036J45;XTRETFXDGEIMETFP;XDGE;ETF;ETF Plus;EUR;IE;OUI;-;Euronext;2026-08-04;NON;CLASSE_ACTIFS;Obligataire/monétaire/crypto/matières premières sans montage PEA
IE00BZ048462;ISHETFFLOEIMETFP;FLTR;ETF;ETF Plus;EUR;IE;OUI;-;Euronext;2026-08-04;A_VERIFIER;NON_DETERMINE;Fonds EEE sur indice non européen : vérifier la liste émetteur
IE00BZ0G8860;SSGETFLUSCIMETFP;LUSC;ETF;ETF Plus;EUR;IE;OUI;-;Euronext;2026-08-04;A_VERIFIER;NON_DETERMINE;Fonds EEE sur indice non européen : vérifier la liste émetteur
IE00BZ0G8977;SSGETFTIPSIMETFP;TIPS;ETF;ETF Plus;EUR;IE;OUI;-;Euronext;2026-08-04;A_VERIFIER;NON_DETERMINE;Fonds EEE sur indice non européen : vérifier la liste émetteur
IE00BZ0G8B96;SPDR MSCI JapanETF;JPJY;ETF;Euronext Paris - Multi-currency Trading;JPY;IE;OUI;-;Euronext;2026-08-04;A_VERIFIER;NON_DETERMINE;Fonds EEE sur indice non européen : vérifier la liste émetteur
IE00BZ0PKT83;ISHETFIFSWIMETFP;IFSW;ETF;ETF Plus;EUR;IE;OUI;-;Euronext;2026-08-04;A_VERIFIER;NON_DETERMINE;Fonds EEE sur indice non européen : vérifier la liste émetteur
IE00BZ0PKV06;ISHETFIFSEIMETFP;IFSE;ETF;ETF Plus;EUR;IE;OUI;-;Euronext;2026-08-04;A_VERIFIER;NON_DETERMINE;Fonds EEE sur indice non européen : vérifier la liste émetteur
IE00BZ0XVF52;WISETFCCBOIMETFP;CCBO;ETF;ETF Plus;EUR;IE;OUI;ESG ETF art. 8;Euronext;2026-08-04;A_VERIFIER;NON_DETERMINE;Fonds EEE sur indice non européen : vérifier la liste émetteur
IE00BZ163G84;VANETFVECAIMETFP;VECP;ETF;ETF Plus | Euronext Amsterdam, Paris;EUR;IE;OUI;-;Euronext;2026-08-04;A_VERIFIER;NON_DETERMINE;Fonds EEE sur indice non européen : vérifier la liste émetteur
IE00BZ163H91;VANETFVGEAIMETFP;VETY;ETF;ETF Plus | Euronext Amsterdam, Paris;EUR;IE;OUI;-;Euronext;2026-08-04;A_VERIFIER;NON_DETERMINE;Fonds EEE sur indice non européen : vérifier la liste émetteur
IE00BZ163K21;VANETFVUCEIMETFP;VUCP;ETF;ETF Plus | Euronext Amsterdam, Paris;EUR;IE;OUI;-;Euronext;2026-08-04;A_VERIFIER;NON_DETERMINE;Fonds EEE sur indice non européen : vérifier la liste émetteur
IE00BZ163L38;VANETFVDEAIMETFP;VEMT;ETF;ETF Plus | Euronext Amsterdam, Paris;EUR;IE;OUI;-;Euronext;2026-08-04;A_VERIFIER;NON_DETERMINE;Fonds EEE sur indice non européen : vérifier la liste émetteur
IE00BZ163M45;VANETFVDTAIMETFP;VUTY;ETF;ETF Plus | Euronext Amsterdam, Paris;EUR;IE;OUI;-;Euronext;2026-08-04;A_VERIFIER;NON_DETERMINE;Fonds EEE sur indice non européen : vérifier la liste émetteur
IE00BZ173T46;ISHARES USA SRI;SRIL;ETF;Euronext Amsterdam - Multi-currency Trading;USD;IE;OUI;ESG ETF art. 8;Euronext;2026-08-04;A_VERIFIER;NON_DETERMINE;Fonds EEE sur indice non européen : vérifier la liste émetteur
IE00BZ4BMM98;INVETFEUHDIMETFP;EUHD;ETF;ETF Plus;EUR;IE;OUI;-;Euronext;2026-08-04;PROBABLE;INDICE_EUROPEEN;Indice actions européen — quota 75 % actions UE respecté de fait
IE00BZ56RG20;WISETFDGRAIMETFP;DGRA;ETF;ETF Plus | Euronext Paris;EUR;IE;OUI;ESG ETF art. 8;Euronext;2026-08-04;A_VERIFIER;NON_DETERMINE;Fonds EEE sur indice non européen : vérifier la liste émetteur
IE00BZ56RN96;WISETFGGRAIMETFP;GGRW;ETF;ETF Plus;EUR;IE;OUI;ESG ETF art. 8;Euronext;2026-08-04;A_VERIFIER;NON_DETERMINE;Fonds EEE sur indice non européen : vérifier la liste émetteur
IE00BZ56SW52;WISETFGGRAIMETFP;GGRA;ETF;ETF Plus | Euronext Paris;EUR;IE;OUI;ESG ETF art. 8;Euronext;2026-08-04;A_VERIFIER;NON_DETERMINE;Fonds EEE sur indice non européen : vérifier la liste émetteur
IE00BZ56TQ67;WISETFEGRAIMETFP;EGRA;ETF;ETF Plus | Euronext Paris;EUR;IE;OUI;ESG ETF art. 8;Euronext;2026-08-04;A_VERIFIER;NON_DETERMINE;Fonds EEE sur indice non européen : vérifier la liste émetteur
IE00BZCQB185;iS MSCI India Acc;NDIA;ETF;Euronext Amsterdam | ETF Plus;EUR;IE;OUI;-;Euronext;2026-08-04;A_VERIFIER;NON_DETERMINE;Fonds EEE sur indice non européen : vérifier la liste émetteur
IT0005090870;ACOMEA BREVE TERM;ACABRT;OPCVM;ATFund Instruments;EUR;IT;OUI;;Euronext;2026-08-04;A_VERIFIER;NON_DETERMINE;Fonds EEE sur indice non européen : vérifier la liste émetteur
IT0005090912;ACOMEA PERFORMANCE;ACAPER;OPCVM;ATFund Instruments;EUR;IT;OUI;;Euronext;2026-08-04;A_VERIFIER;NON_DETERMINE;Fonds EEE sur indice non européen : vérifier la liste émetteur
IT0005091084;ACOMEA DINAMICA GL;ACAAGG;OPCVM;ATFund Instruments;EUR;IT;OUI;;Euronext;2026-08-04;A_VERIFIER;NON_DETERMINE;Fonds EEE sur indice non européen : vérifier la liste émetteur
IT0005091100;ACOMEA GLOBALE;ACAGLO;OPCVM;ATFund Instruments;EUR;IT;OUI;;Euronext;2026-08-04;A_VERIFIER;NON_DETERMINE;Fonds EEE sur indice non européen : vérifier la liste émetteur
IT0005091126;ACOMEA EMERGING Q2;ACAPEM;OPCVM;ATFund Instruments;EUR;IT;OUI;;Euronext;2026-08-04;A_VERIFIER;NON_DETERMINE;Fonds EEE sur indice non européen : vérifier la liste émetteur
IT0005091183;ACOMEA ASIA PACIF;ACAAPA;OPCVM;ATFund Instruments;EUR;IT;OUI;;Euronext;2026-08-04;A_VERIFIER;NON_DETERMINE;Fonds EEE sur indice non européen : vérifier la liste émetteur
IT0005091233;ACOMEA PM ESG;ACAITA;OPCVM;ATFund Instruments;EUR;IT;OUI;;Euronext;2026-08-04;A_VERIFIER;NON_DETERMINE;Fonds EEE sur indice non européen : vérifier la liste émetteur
IT0005114530;8A+ EIGER;8AECQ;OPCVM;ATFund Instruments;EUR;IT;OUI;;Euronext;2026-08-04;A_VERIFIER;NON_DETERMINE;Fonds EEE sur indice non européen : vérifier la liste émetteur
IT0005252801;ACOMEA PATRIMONIO;ACAESE;OPCVM;ATFund Instruments;EUR;IT;OUI;;Euronext;2026-08-04;A_VERIFIER;NON_DETERMINE;Fonds EEE sur indice non européen : vérifier la liste émetteur
IT0005279515;OPEN CAPITAL TR;OCPTR;OPCVM;ATFund Instruments;EUR;IT;OUI;;Euronext;2026-08-04;A_VERIFIER;NON_DETERMINE;Fonds EEE sur indice non européen : vérifier la liste émetteur
IT0005279572;OTF BOND;OTFBND;OPCVM;ATFund Instruments;EUR;IT;OUI;;Euronext;2026-08-04;NON;CLASSE_ACTIFS;Obligataire/monétaire/crypto/matières premières sans montage PEA
IT0005279630;OTF Europe Balance;OTFEUB;OPCVM;ATFund Instruments;EUR;IT;OUI;;Euronext;2026-08-04;PROBABLE;INDICE_EUROPEEN;Indice actions européen — quota 75 % actions UE respecté de fait
IT0005279697;OTF OPPORTUNITY;OTFOPP;OPCVM;ATFund Instruments;EUR;IT;OUI;;Euronext;2026-08-04;A_VERIFIER;NON_DETERMINE;Fonds EEE sur indice non européen : vérifier la liste émetteur
IT0005279754;OPEN CAPITAL PROF;OCPPI;OPCVM;ATFund Instruments;EUR;IT;OUI;;Euronext;2026-08-04;A_VERIFIER;NON_DETERMINE;Fonds EEE sur indice non européen : vérifier la liste émetteur
JE00B1VS2W53;WISETCPHPTIMETFP;PHPT;ETF;ETF Plus | Euronext Amsterdam, Paris;EUR;JE;NON;-;Euronext;2026-08-04;NON;HORS_EEE;Domicile hors EEE (art. L221-31 CMF)
JE00B1VS3002;WISETCPHPDIMETFP;PHPD;ETF;ETF Plus | Euronext Amsterdam, Paris;EUR;JE;NON;-;Euronext;2026-08-04;NON;HORS_EEE;Domicile hors EEE (art. L221-31 CMF)
JE00B1VS3333;WISETCPHAGIMETFP;PHAG;ETF;ETF Plus | Euronext Amsterdam, Paris;EUR;JE;NON;-;Euronext;2026-08-04;NON;HORS_EEE;Domicile hors EEE (art. L221-31 CMF)
JE00B1VS3770;WISETCSGLDIMETFP;PHAU;ETF;ETF Plus | Euronext Amsterdam, Paris;EUR;JE;NON;-;Euronext;2026-08-04;NON;HORS_EEE;Domicile hors EEE (art. L221-31 CMF)
JE00B1VS3W29;WISETCPHPMIMETFP;PHPM;ETF;ETF Plus | Euronext Amsterdam, Paris;EUR;JE;NON;-;Euronext;2026-08-04;NON;HORS_EEE;Domicile hors EEE (art. L221-31 CMF)
JE00B24DK645;WISETCCOPAIMETFP;SCOP;ETF;ETF Plus;EUR;JE;NON;-;Euronext;2026-08-04;NON;HORS_EEE;Domicile hors EEE (art. L221-31 CMF)
JE00B24DK975;WISETCSOILIMETFP;SOIL;ETF;ETF Plus;EUR;JE;NON;-;Euronext;2026-08-04;NON;HORS_EEE;Domicile hors EEE (art. L221-31 CMF)
JE00B24DKC09;WISETCSBULIMETFP;SBUL;ETF;ETF Plus | Euronext Amsterdam;EUR;JE;NON;-;Euronext;2026-08-04;NON;HORS_EEE;Domicile hors EEE (art. L221-31 CMF)
JE00B24DKH53;WISETCSNGAIMETFP;SNGA;ETF;ETF Plus;EUR;JE;NON;-;Euronext;2026-08-04;NON;HORS_EEE;Domicile hors EEE (art. L221-31 CMF)
JE00B24DKJ77;WISETCNICKIMETFP;SNIK;ETF;ETF Plus;EUR;JE;NON;-;Euronext;2026-08-04;NON;HORS_EEE;Domicile hors EEE (art. L221-31 CMF)
JE00B24DKK82;WISETCSLVRIMETFP;SSIL;ETF;ETF Plus | Euronext Amsterdam;EUR;JE;NON;-;Euronext;2026-08-04;NON;HORS_EEE;Domicile hors EEE (art. L221-31 CMF)
JE00B24DKT75;WISETCBLOCOMETFP;SALL;ETF;ETF Plus;EUR;JE;NON;-;Euronext;2026-08-04;NON;HORS_EEE;Domicile hors EEE (art. L221-31 CMF)
JE00B24DKZ36;WISETCSIMTIMETFP;SIMT;ETF;ETF Plus;EUR;JE;NON;-;Euronext;2026-08-04;NON;HORS_EEE;Domicile hors EEE (art. L221-31 CMF)
JE00B24DLX86;WISETCFCRUIMETFP;FCRU;ETF;ETF Plus;EUR;JE;NON;-;Euronext;2026-08-04;NON;HORS_EEE;Domicile hors EEE (art. L221-31 CMF)
JE00B2NFT427;WISETCBLOAGRETFP;LAGR;ETF;ETF Plus;EUR;JE;NON;-;Euronext;2026-08-04;NON;HORS_EEE;Domicile hors EEE (art. L221-31 CMF)
JE00B2NFTC05;WISETCALUMIMETFP;LALU;ETF;ETF Plus;EUR;JE;NON;-;Euronext;2026-08-04;NON;HORS_EEE;Domicile hors EEE (art. L221-31 CMF)
JE00B2NFTD12;WISETCCOFFIMETFP;LCFE;ETF;ETF Plus;EUR;JE;NON;-;Euronext;2026-08-04;NON;HORS_EEE;Domicile hors EEE (art. L221-31 CMF)
JE00B2NFTF36;WISETCCOPAIMETFP;LCOP;ETF;ETF Plus;EUR;JE;NON;-;Euronext;2026-08-04;NON;HORS_EEE;Domicile hors EEE (art. L221-31 CMF)
JE00B2NFTG43;WISETCCORNIMETFP;LCOR;ETF;ETF Plus;EUR;JE;NON;-;Euronext;2026-08-04;NON;HORS_EEE;Domicile hors EEE (art. L221-31 CMF)
JE00B2NFTL95;WISETCSBULIMETFP;LBUL;ETF;ETF Plus | Euronext Amsterdam;EUR;JE;NON;-;Euronext;2026-08-04;NON;HORS_EEE;Domicile hors EEE (art. L221-31 CMF)
JE00B2NFTS64;WISETCSLVRIMETFP;LSIL;ETF;ETF Plus | Euronext Amsterdam;EUR;JE;NON;-;Euronext;2026-08-04;NON;HORS_EEE;Domicile hors EEE (art. L221-31 CMF)
JE00B2NFTW01;WISETCSUGAIMETFP;LSUG;ETF;ETF Plus;EUR;JE;NON;-;Euronext;2026-08-04;NON;HORS_EEE;Domicile hors EEE (art. L221-31 CMF)
JE00B2NFV134;WISETCDJUPSIETFP;LPLA;ETF;ETF Plus;EUR;JE;NON;-;Euronext;2026-08-04;NON;HORS_EEE;Domicile hors EEE (art. L221-31 CMF)
JE00B2NFV803;WISETCLCOCIMETFP;LCOC;ETF;ETF Plus;EUR;JE;NON;-;Euronext;2026-08-04;NON;HORS_EEE;Domicile hors EEE (art. L221-31 CMF)
JE00B2QXZK10;WISETCLCOCIMETFP;COCO;ETF;ETF Plus;EUR;JE;NON;-;Euronext;2026-08-04;NON;HORS_EEE;Domicile hors EEE (art. L221-31 CMF)
JE00B2QY0436;WISETCLEADIMETFP;LEAD;ETF;ETF Plus;EUR;JE;NON;-;Euronext;2026-08-04;NON;HORS_EEE;Domicile hors EEE (art. L221-31 CMF)
JE00B2QY0H68;WISETCTINMIMETFP;TINM;ETF;ETF Plus;EUR;JE;NON;-;Euronext;2026-08-04;NON;HORS_EEE;Domicile hors EEE (art. L221-31 CMF)
JE00B3KNMS14;WISETNMSJPYEETFP;JPEU;ETF;ETF Plus | Euronext Amsterdam;EUR;JE;NON;-;Euronext;2026-08-04;NON;HORS_EEE;Domicile hors EEE (art. L221-31 CMF)
JE00B3L54023;WISETNMSCHFEETFP;CHEU;ETF;ETF Plus;EUR;JE;NON;-;Euronext;2026-08-04;NON;HORS_EEE;Domicile hors EEE (art. L221-31 CMF)
JE00B3LGQQ51;WISETNMSNOKEETFP;NOEU;ETF;ETF Plus;EUR;JE;NON;-;Euronext;2026-08-04;NON;HORS_EEE;Domicile hors EEE (art. L221-31 CMF)
JE00B3LXVB68;WISETNMLGBPEETFP;EUGB;ETF;ETF Plus;EUR;JE;NON;-;Euronext;2026-08-04;NON;HORS_EEE;Domicile hors EEE (art. L221-31 CMF)
JE00B3MQG751;WISETNMLSEKEETFP;EUSE;ETF;ETF Plus;EUR;JE;NON;-;Euronext;2026-08-04;NON;HORS_EEE;Domicile hors EEE (art. L221-31 CMF)
JE00B3MR2Q90;WISETNMLCHFEETFP;EUCH;ETF;ETF Plus;EUR;JE;NON;-;Euronext;2026-08-04;NON;HORS_EEE;Domicile hors EEE (art. L221-31 CMF)
JE00B3MRDD32;WISETNMLNOKEETFP;EUNO;ETF;ETF Plus;EUR;JE;NON;-;Euronext;2026-08-04;NON;HORS_EEE;Domicile hors EEE (art. L221-31 CMF)
JE00B3MVPQ29;WISETNMSGBPEETFP;GBEU;ETF;ETF Plus;EUR;JE;NON;-;Euronext;2026-08-04;NON;HORS_EEE;Domicile hors EEE (art. L221-31 CMF)
JE00B3MWC642;WISETNMLJPYEETFP;EUJP;ETF;ETF Plus | Euronext Amsterdam;EUR;JE;NON;-;Euronext;2026-08-04;NON;HORS_EEE;Domicile hors EEE (art. L221-31 CMF)
JE00B3NXB475;WISETNMSSEKEETFP;SEEU;ETF;ETF Plus;EUR;JE;NON;-;Euronext;2026-08-04;NON;HORS_EEE;Domicile hors EEE (art. L221-31 CMF)
JE00B3QQ4551;WISETNMTUSDEETFP;EUS3;ETF;ETF Plus | Euronext Amsterdam;EUR;JE;NON;-;Euronext;2026-08-04;NON;HORS_EEE;Domicile hors EEE (art. L221-31 CMF)
JE00B3QSB726;WISETNMSAUDEETFP;AUEU;ETF;ETF Plus;EUR;JE;NON;-;Euronext;2026-08-04;NON;HORS_EEE;Domicile hors EEE (art. L221-31 CMF)
JE00B3R2DZ58;WISETNMTGBPEETFP;EGB3;ETF;ETF Plus;EUR;JE;NON;-;Euronext;2026-08-04;NON;HORS_EEE;Domicile hors EEE (art. L221-31 CMF)
JE00B3RNTN80;WISETNMLUSDEETFP;EUUS;ETF;ETF Plus;EUR;JE;NON;-;Euronext;2026-08-04;NON;HORS_EEE;Domicile hors EEE (art. L221-31 CMF)
JE00B3RQ6R05;WISETNMTSGBPETFP;GBE3;ETF;ETF Plus;EUR;JE;NON;-;Euronext;2026-08-04;NON;HORS_EEE;Domicile hors EEE (art. L221-31 CMF)
JE00B3S71Q64;WISETNMTSCHFETFP;CHE3;ETF;ETF Plus;EUR;JE;NON;-;Euronext;2026-08-04;NON;HORS_EEE;Domicile hors EEE (art. L221-31 CMF)
JE00B3SBYQ91;WISETNMSUSDEETFP;USEU;ETF;ETF Plus;EUR;JE;NON;-;Euronext;2026-08-04;NON;HORS_EEE;Domicile hors EEE (art. L221-31 CMF)
JE00B3T3K772;WISETNMTSUSDETFP;USE3;ETF;ETF Plus | Euronext Amsterdam;EUR;JE;NON;-;Euronext;2026-08-04;NON;HORS_EEE;Domicile hors EEE (art. L221-31 CMF)
JE00B3WDZY68;WISETNMTJPYEETFP;EJP3;ETF;ETF Plus | Euronext Amsterdam;EUR;JE;NON;-;Euronext;2026-08-04;NON;HORS_EEE;Domicile hors EEE (art. L221-31 CMF)
JE00B3XGSP64;WISETNMLAUDEETFP;EUAU;ETF;ETF Plus;EUR;JE;NON;-;Euronext;2026-08-04;NON;HORS_EEE;Domicile hors EEE (art. L221-31 CMF)
JE00B3XPTF07;WISETNMTCHFEETFP;ECH3;ETF;ETF Plus;EUR;JE;NON;-;Euronext;2026-08-04;NON;HORS_EEE;Domicile hors EEE (art. L221-31 CMF)
JE00B3ZQRP79;WISETCECRNIMETFP;ECRN;ETF;ETF Plus;EUR;JE;NON;-;Euronext;2026-08-04;NON;HORS_EEE;Domicile hors EEE (art. L221-31 CMF)
JE00B44CBN95;WISETNMTSJPYETFP;JPE3;ETF;ETF Plus | Euronext Amsterdam;EUR;JE;NON;-;Euronext;2026-08-04;NON;HORS_EEE;Domicile hors EEE (art. L221-31 CMF)
JE00B44F1611;WISETCECRDIMETFP;ECRD;ETF;ETF Plus;EUR;JE;NON;-;Euronext;2026-08-04;NON;HORS_EEE;Domicile hors EEE (art. L221-31 CMF)
JE00B460QR00;WISETCEFCMIMETFP;EFCM;ETF;ETF Plus;EUR;JE;NON;-;Euronext;2026-08-04;NON;HORS_EEE;Domicile hors EEE (art. L221-31 CMF)
JE00B4PDKD43;WISETCECOPIMETFP;ECOP;ETF;ETF Plus;EUR;JE;NON;-;Euronext;2026-08-04;NON;HORS_EEE;Domicile hors EEE (art. L221-31 CMF)
JE00B4RKQV36;WISETCEBULIMETFP;EBUL;ETF;ETF Plus;EUR;JE;NON;-;Euronext;2026-08-04;NON;HORS_EEE;Domicile hors EEE (art. L221-31 CMF)
JE00B588CD74;WISETCSGLDIMETFP;SGBS;ETF;ETF Plus | Euronext Amsterdam;EUR;JE;NON;-;Euronext;2026-08-04;NON;HORS_EEE;Domicile hors EEE (art. L221-31 CMF)
JE00B5SV2703;WISETCESVRIMETFP;ESVR;ETF;ETF Plus;EUR;JE;NON;-;Euronext;2026-08-04;NON;HORS_EEE;Domicile hors EEE (art. L221-31 CMF)
JE00B6SLJ210;WISETCESOYIMETFP;ESOY;ETF;ETF Plus;EUR;JE;NON;-;Euronext;2026-08-04;NON;HORS_EEE;Domicile hors EEE (art. L221-31 CMF)
JE00B6TK3K31;WISETCECOFIMETFP;ECOF;ETF;ETF Plus;EUR;JE;NON;-;Euronext;2026-08-04;NON;HORS_EEE;Domicile hors EEE (art. L221-31 CMF)
JE00B6VG2P72;WISETCEALUIMETFP;EALU;ETF;ETF Plus;EUR;JE;NON;-;Euronext;2026-08-04;NON;HORS_EEE;Domicile hors EEE (art. L221-31 CMF)
JE00B6X05031;WISETCESUGIMETFP;ESUG;ETF;ETF Plus;EUR;JE;NON;-;Euronext;2026-08-04;NON;HORS_EEE;Domicile hors EEE (art. L221-31 CMF)
JE00B6XF0923;WISETCENGSIMETFP;ENGS;ETF;ETF Plus;EUR;JE;NON;-;Euronext;2026-08-04;NON;HORS_EEE;Domicile hors EEE (art. L221-31 CMF)
JE00B6XL6W59;WISETCENIKIMETFP;ENIK;ETF;ETF Plus;EUR;JE;NON;-;Euronext;2026-08-04;NON;HORS_EEE;Domicile hors EEE (art. L221-31 CMF)
JE00B70DCH80;WISETCECTNIMETFP;ECTN;ETF;ETF Plus;EUR;JE;NON;-;Euronext;2026-08-04;NON;HORS_EEE;Domicile hors EEE (art. L221-31 CMF)
JE00B7305Z55;WISETCEBRTIMETFP;EBRT;ETF;ETF Plus;EUR;JE;NON;-;Euronext;2026-08-04;NON;HORS_EEE;Domicile hors EEE (art. L221-31 CMF)
JE00B78CGV99;WISETCBRNTIMETFP;BRNT;ETF;ETF Plus | Euronext Paris;EUR;JE;NON;-;Euronext;2026-08-04;NON;HORS_EEE;Domicile hors EEE (art. L221-31 CMF)
JE00B78DPL57;WISETCLBRTIMETFP;SBRT;ETF;ETF Plus;EUR;JE;NON;-;Euronext;2026-08-04;NON;HORS_EEE;Domicile hors EEE (art. L221-31 CMF)
JE00B78NNK09;WISETCEWATIMETFP;EWAT;ETF;ETF Plus;EUR;JE;NON;-;Euronext;2026-08-04;NON;HORS_EEE;Domicile hors EEE (art. L221-31 CMF)
JE00B78NNM23;WISETCEZNCIMETFP;EZNC;ETF;ETF Plus;EUR;JE;NON;-;Euronext;2026-08-04;NON;HORS_EEE;Domicile hors EEE (art. L221-31 CMF)
JE00B78NPW60;WISETCEIMTIMETFP;EIMT;ETF;ETF Plus;EUR;JE;NON;-;Euronext;2026-08-04;NON;HORS_EEE;Domicile hors EEE (art. L221-31 CMF)
JE00B8DFY052;WISETCGBSEIMETFP;GBSE;ETF;ETF Plus | Euronext Paris;EUR;JE;NON;-;Euronext;2026-08-04;NON;HORS_EEE;Domicile hors EEE (art. L221-31 CMF)
JE00BDD9Q733;WISETCAIGOIMETFP;LPET;ETF;ETF Plus;EUR;JE;NON;-;Euronext;2026-08-04;NON;HORS_EEE;Domicile hors EEE (art. L221-31 CMF)
JE00BDD9Q840;WISETCSOILIMETFP;LOIL;ETF;ETF Plus | Euronext Paris;EUR;JE;NON;-;Euronext;2026-08-04;NON;HORS_EEE;Domicile hors EEE (art. L221-31 CMF)
JE00BDD9Q956;WISETCSNGAIMETFP;LNGA;ETF;ETF Plus;EUR;JE;NON;-;Euronext;2026-08-04;NON;HORS_EEE;Domicile hors EEE (art. L221-31 CMF)
JE00BDD9QB77;WISETCNICKIMETFP;LNIK;ETF;ETF Plus;EUR;JE;NON;-;Euronext;2026-08-04;NON;HORS_EEE;Domicile hors EEE (art. L221-31 CMF)
JE00BDD9QC84;WISETCWEATIMETFP;LWEA;ETF;ETF Plus;EUR;JE;NON;-;Euronext;2026-08-04;NON;HORS_EEE;Domicile hors EEE (art. L221-31 CMF)
JE00BDD9QD91;WISETCLBRTIMETFP;LBRT;ETF;ETF Plus;EUR;JE;NON;-;Euronext;2026-08-04;NON;HORS_EEE;Domicile hors EEE (art. L221-31 CMF)
JE00BMM1X163;WISETNEGB5IMETFP;EGB5;ETF;ETF Plus;EUR;JE;NON;-;Euronext;2026-08-04;NON;HORS_EEE;Domicile hors EEE (art. L221-31 CMF)
JE00BMM1X270;WISETNGBE5IMETFP;GBE5;ETF;ETF Plus;EUR;JE;NON;-;Euronext;2026-08-04;NON;HORS_EEE;Domicile hors EEE (art. L221-31 CMF)
JE00BMM1XC77;WISETNEUS5IMETFP;EUS5;ETF;ETF Plus;EUR;JE;NON;-;Euronext;2026-08-04;NON;HORS_EEE;Domicile hors EEE (art. L221-31 CMF)
JE00BMM1XD84;WISETNUSE5IMETFP;USE5;ETF;ETF Plus;EUR;JE;NON;-;Euronext;2026-08-04;NON;HORS_EEE;Domicile hors EEE (art. L221-31 CMF)
JE00BN2CJ301;WISETCXGDEIMETFP;WGLD;ETF;ETF Plus | Euronext Paris;EUR;JE;NON;-;Euronext;2026-08-04;NON;HORS_EEE;Domicile hors EEE (art. L221-31 CMF)
JE00BN7KB334;WISETCNGASIMETFP;NGAS;ETF;ETF Plus | Euronext Paris;EUR;JE;NON;-;Euronext;2026-08-04;NON;HORS_EEE;Domicile hors EEE (art. L221-31 CMF)
JE00BN7KB441;WISETCCORNIMETFP;CORN;ETF;ETF Plus;EUR;JE;NON;-;Euronext;2026-08-04;NON;HORS_EEE;Domicile hors EEE (art. L221-31 CMF)
JE00BN7KB557;WISETCCOFFIMETFP;COFF;ETF;ETF Plus;EUR;JE;NON;-;Euronext;2026-08-04;NON;HORS_EEE;Domicile hors EEE (art. L221-31 CMF)
JE00BN7KB664;WISETCWEATIMETFP;WEAT;ETF;ETF Plus | Euronext Paris;EUR;JE;NON;-;Euronext;2026-08-04;NON;HORS_EEE;Domicile hors EEE (art. L221-31 CMF)
JE00BN7KB771;WISETCHOGSIMETFP;HOGS;ETF;ETF Plus;EUR;JE;NON;-;Euronext;2026-08-04;NON;HORS_EEE;Domicile hors EEE (art. L221-31 CMF)
JE00BNG8LN89;WTCETCSOLCCAETFP;WCCA;ETF;ETF Plus;EUR;JE;NON;-;Euronext;2026-08-04;NON;HORS_EEE;Domicile hors EEE (art. L221-31 CMF)
JE00BP2PWW32;WISETCCARBIMETFP;CARB;ETF;ETF Plus | Euronext Paris;EUR;JE;NON;-;Euronext;2026-08-04;NON;HORS_EEE;Domicile hors EEE (art. L221-31 CMF)
JE00BPRDNL86;COIETNCOINTEXPAR;CTEN;ETF;Euronext Paris;EUR;JE;NON;-;Euronext;2026-08-04;NON;HORS_EEE;Domicile hors EEE (art. L221-31 CMF)
JE00BQRFDY49;WTMETCSLVRLNETFP;WSLV;ETF;ETF Plus;EUR;JE;NON;-;Euronext;2026-08-04;NON;HORS_EEE;Domicile hors EEE (art. L221-31 CMF)
JE00BYQY3Z98;WISETC3CFLIMETFP;3CFL;ETF;ETF Plus;EUR;JE;NON;-;Euronext;2026-08-04;NON;HORS_EEE;Domicile hors EEE (art. L221-31 CMF)
JE00BYQY7H96;WISETC3SULIMETFP;3SUL;ETF;ETF Plus;EUR;JE;NON;-;Euronext;2026-08-04;NON;HORS_EEE;Domicile hors EEE (art. L221-31 CMF)
JE00BYQY8102;WISETC3WHLIMETFP;3WHL;ETF;ETF Plus;EUR;JE;NON;-;Euronext;2026-08-04;NON;HORS_EEE;Domicile hors EEE (art. L221-31 CMF)
LI1444931821;FinETNBBRXAMS;YBTC;ETF;Euronext Amsterdam - Multi-currency Trading | Euronext Paris;USD;LI;OUI;-;Euronext;2026-08-04;NON;CLASSE_ACTIFS;Obligataire/monétaire/crypto/matières premières sans montage PEA
LU0136234068;UBS ETF E50EUA;UIM1;ETF;Euronext Amsterdam | ETF Plus;EUR;LU;OUI;-;Euronext;2026-08-04;PROBABLE;INDICE_EUROPEEN;Indice actions européen — quota 75 % actions UE respecté de fait
LU0136234654;UBSETFMXUSIMETFP;USAEUA;ETF;ETF Plus;EUR;LU;OUI;-;Euronext;2026-08-04;A_VERIFIER;NON_DETERMINE;Fonds EEE sur indice non européen : vérifier la liste émetteur
LU0136240974;UBS ETF JPNJPA;UIM5;ETF;Euronext Amsterdam | ETF Plus;EUR;LU;OUI;-;Euronext;2026-08-04;A_VERIFIER;NON_DETERMINE;Fonds EEE sur indice non européen : vérifier la liste émetteur
LU0136242590;UBSETFS100IMETFP;100EUA;ETF;ETF Plus;EUR;LU;OUI;-;Euronext;2026-08-04;A_VERIFIER;NON_DETERMINE;Fonds EEE sur indice non européen : vérifier la liste émetteur
LU0147308422;UBS ETF EMUEUA;UIM4;ETF;Euronext Amsterdam | ETF Plus;EUR;LU;OUI;-;Euronext;2026-08-04;PROBABLE;INDICE_EUROPEEN;Indice actions européen — quota 75 % actions UE respecté de fait
LU0192223062;BNPP FTSE EUR ETFD;EEE;ETF;Euronext Paris, Amsterdam;EUR;LU;OUI;-;Euronext;2026-08-04;A_VERIFIER;NON_DETERMINE;Fonds EEE sur indice non européen : vérifier la liste émetteur
LU0237484448;WPSH EUR;WPSEU;OPCVM;Euronext Amsterdam;EUR;LU;OUI;;Euronext;2026-08-04;A_VERIFIER;NON_DETERMINE;Fonds EEE sur indice non européen : vérifier la liste émetteur
LU0237485098;WP STEWART HOLD FD;WPSH;OPCVM;Euronext Amsterdam;USD;LU;OUI;;Euronext;2026-08-04;A_VERIFIER;NON_DETERMINE;Fonds EEE sur indice non européen : vérifier la liste émetteur
LU0252633754;AMUNDI ETF DAX;DAX;ETF;Euronext Paris | ETF Plus;EUR;LU;OUI;-;Euronext;2026-08-04;PROBABLE;INDICE_EUROPEEN;Indice actions européen — quota 75 % actions UE respecté de fait
LU0252634307;AMUNDI ETF LEVDAX;LVD;ETF;Euronext Paris | ETF Plus;EUR;LU;OUI;-;Euronext;2026-08-04;PROBABLE;INDICE_EUROPEEN;Indice actions européen — quota 75 % actions UE respecté de fait
LU0274208692;XTRETFMSTRUSETFP;XMWO;ETF;ETF Plus;EUR;LU;OUI;-;Euronext;2026-08-04;A_VERIFIER;NON_DETERMINE;Fonds EEE sur indice non européen : vérifier la liste émetteur
LU0274209237;XTRETFSMEAIMETFP;XMEU;ETF;ETF Plus;EUR;LU;OUI;-;Euronext;2026-08-04;PROBABLE;INDICE_EUROPEEN;Indice actions européen — quota 75 % actions UE respecté de fait
LU0274209740;XTRETFCSJPIMETFP;XMJP;ETF;ETF Plus;EUR;LU;OUI;-;Euronext;2026-08-04;A_VERIFIER;NON_DETERMINE;Fonds EEE sur indice non européen : vérifier la liste émetteur
LU0274210672;XTRETFCSUSIMETFP;XMUS;ETF;ETF Plus;EUR;LU;OUI;-;Euronext;2026-08-04;A_VERIFIER;NON_DETERMINE;Fonds EEE sur indice non européen : vérifier la liste émetteur
LU0274211217;XTRETFEUS50ETFP;XESX;ETF;ETF Plus;EUR;LU;OUI;-;Euronext;2026-08-04;PROBABLE;INDICE_EUROPEEN;Indice actions européen — quota 75 % actions UE respecté de fait
LU0274211480;XTRETFDAXETFP;XDAX;ETF;ETF Plus;EUR;LU;OUI;-;Euronext;2026-08-04;PROBABLE;INDICE_EUROPEEN;Indice actions européen — quota 75 % actions UE respecté de fait
LU0274212538;XTRETFFTMIBETFP;XMIB;ETF;ETF Plus;EUR;LU;OUI;-;Euronext;2026-08-04;PROBABLE;INDICE_EUROPEEN;Indice actions européen — quota 75 % actions UE respecté de fait
LU0274221281;XTRETFSWMIETFP;XSMI;ETF;ETF Plus;EUR;LU;OUI;-;Euronext;2026-08-04;A_VERIFIER;NON_DETERMINE;Fonds EEE sur indice non européen : vérifier la liste émetteur
LU0290355717;XTRETFXGLEIMETFP;XGLE;ETF;ETF Plus;EUR;LU;OUI;-;Euronext;2026-08-04;NON;CLASSE_ACTIFS;Obligataire/monétaire/crypto/matières premières sans montage PEA
LU0290356871;XTRETFX13EIMETFP;X13E;ETF;ETF Plus;EUR;LU;OUI;-;Euronext;2026-08-04;NON;CLASSE_ACTIFS;Obligataire/monétaire/crypto/matières premières sans montage PEA
LU0290356954;XTRETFX35EIMETFP;X35E;ETF;ETF Plus;EUR;LU;OUI;-;Euronext;2026-08-04;NON;CLASSE_ACTIFS;Obligataire/monétaire/crypto/matières premières sans montage PEA
LU0290357176;XTRETFX57EIMETFP;X57E;ETF;ETF Plus;EUR;LU;OUI;-;Euronext;2026-08-04;NON;CLASSE_ACTIFS;Obligataire/monétaire/crypto/matières premières sans montage PEA
LU0290357259;XTRETFX710IMETFP;X710;ETF;ETF Plus;EUR;LU;OUI;-;Euronext;2026-08-04;NON;CLASSE_ACTIFS;Obligataire/monétaire/crypto/matières premières sans montage PEA
LU0290357507;XTRETFX15EIMETFP;X15E;ETF;ETF Plus;EUR;LU;OUI;-;Euronext;2026-08-04;PROBABLE;INDICE_EUROPEEN;Indice actions européen — quota 75 % actions UE respecté de fait
LU0290357846;XTRETFX25EIMETFP;X25E;ETF;ETF Plus;EUR;LU;OUI;-;Euronext;2026-08-04;NON;CLASSE_ACTIFS;Obligataire/monétaire/crypto/matières premières sans montage PEA
LU0290357929;XTRETFXGINIMETFP;XGIN;ETF;ETF Plus;EUR;LU;OUI;-;Euronext;2026-08-04;A_VERIFIER;NON_DETERMINE;Fonds EEE sur indice non européen : vérifier la liste émetteur
LU0290358224;XTRETFXEINIMETFP;XEIN;ETF;ETF Plus;EUR;LU;OUI;-;Euronext;2026-08-04;PROBABLE;INDICE_EUROPEEN;Indice actions européen — quota 75 % actions UE respecté de fait
LU0290358497;XTRETFXEONIMETFP;XEON;ETF;ETF Plus;EUR;LU;OUI;-;Euronext;2026-08-04;NON;CLASSE_ACTIFS;Obligataire/monétaire/crypto/matières premières sans montage PEA
LU0292095535;XTRETFXD3EIMETFP;XD3E;ETF;ETF Plus;EUR;LU;OUI;-;Euronext;2026-08-04;PROBABLE;INDICE_EUROPEEN;Indice actions européen — quota 75 % actions UE respecté de fait
LU0292096186;XTRETFSSD100ETFP;XGSD;ETF;ETF Plus;EUR;LU;OUI;-;Euronext;2026-08-04;A_VERIFIER;NON_DETERMINE;Fonds EEE sur indice non européen : vérifier la liste émetteur
LU0292100046;XTRETFXMKOIMETFP;XMKO;ETF;ETF Plus;EUR;LU;OUI;-;Euronext;2026-08-04;A_VERIFIER;NON_DETERMINE;Fonds EEE sur indice non européen : vérifier la liste émetteur
LU0292104469;XTRETFNE7345ETFP;XS8R;ETF;ETF Plus;EUR;LU;OUI;ESG ETF art. 8;Euronext;2026-08-04;A_VERIFIER;NON_DETERMINE;Fonds EEE sur indice non européen : vérifier la liste émetteur
LU0292106167;XTRETFXDBCIMETFP;XDBC;ETF;ETF Plus;EUR;LU;OUI;-;Euronext;2026-08-04;A_VERIFIER;NON_DETERMINE;Fonds EEE sur indice non européen : vérifier la liste émetteur
LU0292106241;XTRSTRXSDXIMETFP;XSDX;ETF;ETF Plus;EUR;LU;OUI;-;Euronext;2026-08-04;PROBABLE;INDICE_EUROPEEN;Indice actions européen — quota 75 % actions UE respecté de fait
LU0292106753;XTRSTRXSSXIMETFP;XSSX;ETF;ETF Plus;EUR;LU;OUI;-;Euronext;2026-08-04;PROBABLE;INDICE_EUROPEEN;Indice actions européen — quota 75 % actions UE respecté de fait
LU0292107645;XTRETFGEASIMETFP;XMEM;ETF;ETF Plus;EUR;LU;OUI;-;Euronext;2026-08-04;A_VERIFIER;NON_DETERMINE;Fonds EEE sur indice non européen : vérifier la liste émetteur
LU0292107991;XTRETFXMASIMETFP;XMAS;ETF;ETF Plus;EUR;LU;OUI;ESG ETF art. 8;Euronext;2026-08-04;A_VERIFIER;NON_DETERMINE;Fonds EEE sur indice non européen : vérifier la liste émetteur
LU0292109005;XTRETFXMEAIMETFP;XMEA;ETF;ETF Plus;EUR;LU;OUI;ESG ETF art. 8;Euronext;2026-08-04;A_VERIFIER;NON_DETERMINE;Fonds EEE sur indice non européen : vérifier la liste émetteur
LU0292109344;XTRETFXMBRIMETFP;XMBR;ETF;ETF Plus;EUR;LU;OUI;-;Euronext;2026-08-04;A_VERIFIER;NON_DETERMINE;Fonds EEE sur indice non européen : vérifier la liste émetteur
LU0292109690;XTRETFSPCNXNETFP;XNIF;ETF;ETF Plus;EUR;LU;OUI;-;Euronext;2026-08-04;A_VERIFIER;NON_DETERMINE;Fonds EEE sur indice non européen : vérifier la liste émetteur
LU0292109856;XTRETFXX25IMETFP;XX25;ETF;ETF Plus;EUR;LU;OUI;-;Euronext;2026-08-04;A_VERIFIER;NON_DETERMINE;Fonds EEE sur indice non européen : vérifier la liste émetteur
LU0321462870;XTRETFITRXSXETFP;XTC5;ETF;ETF Plus;EUR;LU;OUI;-;Euronext;2026-08-04;A_VERIFIER;NON_DETERMINE;Fonds EEE sur indice non européen : vérifier la liste émetteur
LU0321462953;XTRETFXEMBIMETFP;XEMB;ETF;ETF Plus;EUR;LU;OUI;-;Euronext;2026-08-04;A_VERIFIER;NON_DETERMINE;Fonds EEE sur indice non européen : vérifier la liste émetteur
LU0321464652;XTRETFDBMSONETFP;XSTR;ETF;ETF Plus;EUR;LU;OUI;-;Euronext;2026-08-04;A_VERIFIER;NON_DETERMINE;Fonds EEE sur indice non européen : vérifier la liste émetteur
LU0321465469;XTRETFDBMFEDETFP;XFFE;ETF;ETF Plus;EUR;LU;OUI;-;Euronext;2026-08-04;NON;CLASSE_ACTIFS;Obligataire/monétaire/crypto/matières premières sans montage PEA
LU0322250712;XTRETFLPXMMETFP;XLPE;ETF;ETF Plus;EUR;LU;OUI;-;Euronext;2026-08-04;A_VERIFIER;NON_DETERMINE;Fonds EEE sur indice non européen : vérifier la liste émetteur
LU0322251520;XTRSTRSPXTSETFP;XSPS;ETF;ETF Plus;EUR;LU;OUI;-;Euronext;2026-08-04;A_VERIFIER;NON_DETERMINE;Fonds EEE sur indice non européen : vérifier la liste émetteur
LU0322252171;XTRETFXAXJIMETFP;XAXJ;ETF;ETF Plus;EUR;LU;OUI;ESG ETF art. 8;Euronext;2026-08-04;A_VERIFIER;NON_DETERMINE;Fonds EEE sur indice non européen : vérifier la liste émetteur
LU0322252338;XTRETFXPXJIMETFP;XPXJ;ETF;ETF Plus;EUR;LU;OUI;ESG ETF art. 8;Euronext;2026-08-04;A_VERIFIER;NON_DETERMINE;Fonds EEE sur indice non européen : vérifier la liste émetteur
LU0322252924;XTRETFTFVTTUETFP;XFVT;ETF;ETF Plus;EUR;LU;OUI;-;Euronext;2026-08-04;A_VERIFIER;NON_DETERMINE;Fonds EEE sur indice non européen : vérifier la liste émetteur
LU0322253229;XTRETFSPGTIETFP;XSGI;ETF;ETF Plus;EUR;LU;OUI;-;Euronext;2026-08-04;A_VERIFIER;NON_DETERMINE;Fonds EEE sur indice non européen : vérifier la liste émetteur
LU0322253732;XTRETFXEUMIMETFP;XEUM;ETF;ETF Plus;EUR;LU;OUI;ESG ETF art. 8;Euronext;2026-08-04;PROBABLE;INDICE_EUROPEEN;Indice actions européen — quota 75 % actions UE respecté de fait
LU0322253906;XTRETFNCUDEETFP;XXSC;ETF;ETF Plus;EUR;LU;OUI;-;Euronext;2026-08-04;PROBABLE;INDICE_EUROPEEN;Indice actions européen — quota 75 % actions UE respecté de fait
LU0328474803;XTRETFASA51ETFP;XAUS;ETF;ETF Plus;EUR;LU;OUI;-;Euronext;2026-08-04;A_VERIFIER;NON_DETERMINE;Fonds EEE sur indice non européen : vérifier la liste émetteur
LU0328475792;XTRETFSXXRETFP;XSX6;ETF;ETF Plus;EUR;LU;OUI;-;Euronext;2026-08-04;PROBABLE;INDICE_EUROPEEN;Indice actions européen — quota 75 % actions UE respecté de fait
LU0328476410;XTRETFSPSFNETFP;XSFR;ETF;ETF Plus;EUR;LU;OUI;-;Euronext;2026-08-04;A_VERIFIER;NON_DETERMINE;Fonds EEE sur indice non européen : vérifier la liste émetteur
LU0340285161;UBSETFMXWOETFP;WRDEUA;ETF;ETF Plus;EUR;LU;OUI;-;Euronext;2026-08-04;A_VERIFIER;NON_DETERMINE;Fonds EEE sur indice non européen : vérifier la liste émetteur
LU0378818131;XTRETFXGSHIMETFP;XGSH;ETF;ETF Plus;EUR;LU;OUI;-;Euronext;2026-08-04;NON;CLASSE_ACTIFS;Obligataire/monétaire/crypto/matières premières sans montage PEA
LU0380865021;XTRETFEUSX5ETFP;XESC;ETF;ETF Plus;EUR;LU;OUI;-;Euronext;2026-08-04;PROBABLE;INDICE_EUROPEEN;Indice actions européen — quota 75 % actions UE respecté de fait
LU0397221945;XTRACTXQUIETFP;XQUI;ETF;ETF Plus;EUR;LU;OUI;-;Euronext;2026-08-04;A_VERIFIER;NON_DETERMINE;Fonds EEE sur indice non européen : vérifier la liste émetteur
LU0411078552;XTRSTRXS2LIMETFP;XS2L;ETF;ETF Plus;EUR;LU;OUI;-;Euronext;2026-08-04;A_VERIFIER;NON_DETERMINE;Fonds EEE sur indice non européen : vérifier la liste émetteur
LU0411078636;XTRSTRXT21IMETFP;XT21;ETF;ETF Plus;EUR;LU;OUI;-;Euronext;2026-08-04;A_VERIFIER;NON_DETERMINE;Fonds EEE sur indice non européen : vérifier la liste émetteur
LU0429458895;XTRETFUS1IMETFP;XUT3;ETF;ETF Plus;EUR;LU;OUI;-;Euronext;2026-08-04;NON;CLASSE_ACTIFS;Obligataire/monétaire/crypto/matières premières sans montage PEA
LU0429459356;XTRETFXUTDIMETFP;XUTD;ETF;ETF Plus;EUR;LU;OUI;-;Euronext;2026-08-04;NON;CLASSE_ACTIFS;Obligataire/monétaire/crypto/matières premières sans montage PEA
LU0446734104;UBS ETF EUREUA;UIMA;ETF;Euronext Amsterdam | ETF Plus;EUR;LU;OUI;-;Euronext;2026-08-04;PROBABLE;INDICE_EUROPEEN;Indice actions européen — quota 75 % actions UE respecté de fait
LU0446734369;UBSETFMXEMETFP;EMVEUA;ETF;ETF Plus;EUR;LU;OUI;-;Euronext;2026-08-04;PROBABLE;INDICE_EUROPEEN;Indice actions européen — quota 75 % actions UE respecté de fait
LU0446734526;UBS ETF PACUSA;UIMD;ETF;Euronext Amsterdam | ETF Plus;EUR;LU;OUI;-;Euronext;2026-08-04;A_VERIFIER;NON_DETERMINE;Fonds EEE sur indice non européen : vérifier la liste émetteur
LU0446734872;UBS ETF CANCDA;UIM9;ETF;Euronext Amsterdam | ETF Plus;EUR;LU;OUI;-;Euronext;2026-08-04;A_VERIFIER;NON_DETERMINE;Fonds EEE sur indice non européen : vérifier la liste émetteur
LU0476289466;XTRETFMSMXTRETFP;XMEX;ETF;ETF Plus;EUR;LU;OUI;-;Euronext;2026-08-04;A_VERIFIER;NON_DETERMINE;Fonds EEE sur indice non européen : vérifier la liste émetteur
LU0476289540;XTRETFXCANIMETFP;XCAN;ETF;ETF Plus;EUR;LU;OUI;ESG ETF art. 8;Euronext;2026-08-04;A_VERIFIER;NON_DETERMINE;Fonds EEE sur indice non européen : vérifier la liste émetteur
LU0476289623;XTRETFXMINIMETFP;XMIN;ETF;ETF Plus;EUR;LU;OUI;-;Euronext;2026-08-04;A_VERIFIER;NON_DETERMINE;Fonds EEE sur indice non européen : vérifier la liste émetteur
LU0478205379;XTRETFXBLCIMETFP;XBLC;ETF;ETF Plus;EUR;LU;OUI;-;Euronext;2026-08-04;NON;CLASSE_ACTIFS;Obligataire/monétaire/crypto/matières premières sans montage PEA
LU0480132876;UBS ETF EMMUSA;UIMI;ETF;Euronext Amsterdam | ETF Plus;EUR;LU;OUI;-;Euronext;2026-08-04;A_VERIFIER;NON_DETERMINE;Fonds EEE sur indice non européen : vérifier la liste émetteur
LU0484968812;XTRETFXB4FIMETFP;XB4F;ETF;ETF Plus;EUR;LU;OUI;ESG ETF art. 8;Euronext;2026-08-04;NON;CLASSE_ACTIFS;Obligataire/monétaire/crypto/matières premières sans montage PEA
LU0484969463;XTRETFI8KWETFP;XBAT;ETF;ETF Plus;EUR;LU;OUI;-;Euronext;2026-08-04;A_VERIFIER;NON_DETERMINE;Fonds EEE sur indice non européen : vérifier la liste émetteur
LU0489337690;XTRETFEPDEVTETFP;XDER;ETF;ETF Plus;EUR;LU;OUI;-;Euronext;2026-08-04;PROBABLE;INDICE_EUROPEEN;Indice actions européen — quota 75 % actions UE respecté de fait
LU0490618542;XTRETFSP500TETFP;XSPX;ETF;ETF Plus;EUR;LU;OUI;-;Euronext;2026-08-04;A_VERIFIER;NON_DETERMINE;Fonds EEE sur indice non européen : vérifier la liste émetteur
LU0494592974;XTRETFXCS2IMETFP;XCS2;ETF;ETF Plus;EUR;LU;OUI;-;Euronext;2026-08-04;A_VERIFIER;NON_DETERMINE;Fonds EEE sur indice non européen : vérifier la liste émetteur
LU0496786574;AMUNDI ETF SP500;SP5;ETF;Euronext Paris | ETF Plus;EUR;LU;OUI;-;Euronext;2026-08-04;A_VERIFIER;NON_DETERMINE;Fonds EEE sur indice non européen : vérifier la liste émetteur
LU0496786905;MULETFASA51ETFP;AUST;ETF;ETF Plus;EUR;LU;OUI;-;Euronext;2026-08-04;A_VERIFIER;NON_DETERMINE;Fonds EEE sur indice non européen : vérifier la liste émetteur
LU0514695187;XTRETFCI2IMETFP;XCS5;ETF;ETF Plus;EUR;LU;OUI;-;Euronext;2026-08-04;A_VERIFIER;NON_DETERMINE;Fonds EEE sur indice non européen : vérifier la liste émetteur
LU0514695690;XTRETFXCS6IMETFP;XCS6;ETF;ETF Plus;EUR;LU;OUI;-;Euronext;2026-08-04;A_VERIFIER;NON_DETERMINE;Fonds EEE sur indice non européen : vérifier la liste émetteur
LU0524480265;XTRETFXY4PIMETFP;XY4P;ETF;ETF Plus;EUR;LU;OUI;-;Euronext;2026-08-04;A_VERIFIER;NON_DETERMINE;Fonds EEE sur indice non européen : vérifier la liste émetteur
LU0533032859;AMUNDI MSCIW FINAN;FINSW;ETF;Euronext Paris | ETF Plus;EUR;LU;OUI;-;Euronext;2026-08-04;A_VERIFIER;NON_DETERMINE;Fonds EEE sur indice non européen : vérifier la liste émetteur
LU0533033238;AMUNDI ETF MSC WHC;HLTW;ETF;Euronext Paris | ETF Plus;EUR;LU;OUI;-;Euronext;2026-08-04;A_VERIFIER;NON_DETERMINE;Fonds EEE sur indice non européen : vérifier la liste émetteur
LU0533033667;AMUNDI MSC WTEC;TNOW;ETF;Euronext Paris | ETF Plus;EUR;LU;OUI;-;Euronext;2026-08-04;A_VERIFIER;NON_DETERMINE;Fonds EEE sur indice non européen : vérifier la liste émetteur
LU0599612842;OSSACTEUMVETFP;EUMV;ETF;ETF Plus;EUR;LU;OUI;ESG ETF art. 8;Euronext;2026-08-04;A_VERIFIER;NON_DETERMINE;Fonds EEE sur indice non européen : vérifier la liste émetteur
LU0599613147;OSSETFS6EWIMETFP;S6EW;ETF;ETF Plus | Euronext Paris;EUR;LU;OUI;-;Euronext;2026-08-04;A_VERIFIER;NON_DETERMINE;Fonds EEE sur indice non européen : vérifier la liste émetteur
LU0613540268;XTRETFXBOTIMETFP;XBOT;ETF;ETF Plus;EUR;LU;OUI;-;Euronext;2026-08-04;NON;CLASSE_ACTIFS;Obligataire/monétaire/crypto/matières premières sans montage PEA
LU0629459743;UBS ETF WSRUSA;UIMM;ETF;Euronext Amsterdam | ETF Plus;EUR;LU;OUI;ESG ETF art. 8;Euronext;2026-08-04;A_VERIFIER;NON_DETERMINE;Fonds EEE sur indice non européen : vérifier la liste émetteur
LU0629460089;UBS ETF ASRUSA;UIMP;ETF;Euronext Amsterdam | ETF Plus;EUR;LU;OUI;ESG ETF art. 8;Euronext;2026-08-04;A_VERIFIER;NON_DETERMINE;Fonds EEE sur indice non européen : vérifier la liste émetteur
LU0629460675;UBS ETF ESREUA;UIMR;ETF;Euronext Amsterdam | ETF Plus;EUR;LU;OUI;ESG ETF art. 8;Euronext;2026-08-04;PROBABLE;INDICE_EUROPEEN;Indice actions européen — quota 75 % actions UE respecté de fait
LU0629460832;UBS ETF PSRUSA;UIMT;ETF;Euronext Amsterdam | ETF Plus;EUR;LU;OUI;ESG ETF art. 8;Euronext;2026-08-04;A_VERIFIER;NON_DETERMINE;Fonds EEE sur indice non européen : vérifier la liste émetteur
LU0643975161;XTRETF QW3AETFP;X03G;ETF;ETF Plus;EUR;LU;OUI;-;Euronext;2026-08-04;NON;CLASSE_ACTIFS;Obligataire/monétaire/crypto/matières premières sans montage PEA
LU0659579733;XTRETFMSTRUSETFP;XWEH;ETF;ETF Plus;EUR;LU;OUI;-;Euronext;2026-08-04;A_VERIFIER;NON_DETERMINE;Fonds EEE sur indice non européen : vérifier la liste émetteur
LU0659580079;XTRETFIJPEIMETFP;XMK9;ETF;ETF Plus;EUR;LU;OUI;-;Euronext;2026-08-04;A_VERIFIER;NON_DETERMINE;Fonds EEE sur indice non européen : vérifier la liste émetteur
LU0671493277;UBS ETF ESCEUA;UEFD;ETF;Euronext Amsterdam;EUR;LU;OUI;-;Euronext;2026-08-04;PROBABLE;INDICE_EUROPEEN;Indice actions européen — quota 75 % actions UE respecté de fait
LU0677077884;XTRETFXUEMIMETFP;XUEM;ETF;ETF Plus;EUR;LU;OUI;-;Euronext;2026-08-04;A_VERIFIER;NON_DETERMINE;Fonds EEE sur indice non européen : vérifier la liste émetteur
LU0690964092;XTRETFXGSHIMETFP;XGVD;ETF;ETF Plus;EUR;LU;OUI;-;Euronext;2026-08-04;NON;CLASSE_ACTIFS;Obligataire/monétaire/crypto/matières premières sans montage PEA
LU0721552544;UBS ETF UT1USA;UEFF;ETF;Euronext Amsterdam | ETF Plus;EUR;LU;OUI;-;Euronext;2026-08-04;A_VERIFIER;NON_DETERMINE;Fonds EEE sur indice non européen : vérifier la liste émetteur
LU0721552973;UBS ETF UT7USA;UEFI;ETF;Euronext Amsterdam | ETF Plus;EUR;LU;OUI;-;Euronext;2026-08-04;A_VERIFIER;NON_DETERMINE;Fonds EEE sur indice non européen : vérifier la liste émetteur
LU0779800910;XTRETFXCHAIMETFP;XCHA;ETF;ETF Plus;EUR;LU;OUI;-;Euronext;2026-08-04;A_VERIFIER;NON_DETERMINE;Fonds EEE sur indice non européen : vérifier la liste émetteur
LU0832435464;AMUNDI ETF VIX EUR;LVO;ETF;Euronext Amsterdam | Euronext Brussels | ETF Plus;EUR;LU;OUI;-;Euronext;2026-08-04;A_VERIFIER;NON_DETERMINE;Fonds EEE sur indice non européen : vérifier la liste émetteur
LU0832436512;AMUNDI ETF SGQIEUR;SGQI;ETF;Euronext Paris;EUR;LU;OUI;-;Euronext;2026-08-04;A_VERIFIER;NON_DETERMINE;Fonds EEE sur indice non européen : vérifier la liste émetteur
LU0839027447;XTRETFN225ETFP;XDJP;ETF;ETF Plus;EUR;LU;OUI;-;Euronext;2026-08-04;A_VERIFIER;NON_DETERMINE;Fonds EEE sur indice non européen : vérifier la liste émetteur
LU0846194776;XTRETFSEMUIMETFP;XD5E;ETF;ETF Plus;EUR;LU;OUI;-;Euronext;2026-08-04;PROBABLE;INDICE_EUROPEEN;Indice actions européen — quota 75 % actions UE respecté de fait
LU0875160326;XTRETFXCHAIMETFP;RQFI;ETF;ETF Plus;EUR;LU;OUI;-;Euronext;2026-08-04;A_VERIFIER;NON_DETERMINE;Fonds EEE sur indice non européen : vérifier la liste émetteur
LU0879397742;UBSETFSB5IMETFP;SB5;ETF;ETF Plus;EUR;LU;OUI;ESG ETF art. 8;Euronext;2026-08-04;A_VERIFIER;NON_DETERMINE;Fonds EEE sur indice non européen : vérifier la liste émetteur
LU0879399441;UBSETFSB10IMETFP;SB10;ETF;ETF Plus;EUR;LU;OUI;ESG ETF art. 8;Euronext;2026-08-04;A_VERIFIER;NON_DETERMINE;Fonds EEE sur indice non européen : vérifier la liste émetteur
LU0908500753;AMUNDI COR STOX600;MEUD;ETF;Euronext Paris | ETF Plus;EUR;LU;OUI;-;Euronext;2026-08-04;PROBABLE;INDICE_EUROPEEN;Indice actions européen — quota 75 % actions UE respecté de fait
LU0908501058;AMUNDI COR STOX300;MFED;ETF;Euronext Paris;EUR;LU;OUI;ESG ETF art. 9;Euronext;2026-08-04;PROBABLE;INDICE_EUROPEEN;Indice actions européen — quota 75 % actions UE respecté de fait
LU0908501132;LYXETFMFDDIMETFP;MFDD;ETF;ETF Plus;EUR;LU;OUI;ESG ETF art. 8;Euronext;2026-08-04;PROBABLE;INDICE_EUROPEEN;Indice actions européen — quota 75 % actions UE respecté de fait
LU0908508731;XTRETFXG7SIMETFP;XG7S;ETF;ETF Plus;EUR;LU;OUI;-;Euronext;2026-08-04;NON;CLASSE_ACTIFS;Obligataire/monétaire/crypto/matières premières sans montage PEA
LU0908508814;XTRETFXGIUIMETFP;XGIU;ETF;ETF Plus;EUR;LU;OUI;-;Euronext;2026-08-04;A_VERIFIER;NON_DETERMINE;Fonds EEE sur indice non européen : vérifier la liste émetteur
LU0925589839;XTRETFXYP1IMETFP;XYP1;ETF;ETF Plus;EUR;LU;OUI;-;Euronext;2026-08-04;A_VERIFIER;NON_DETERMINE;Fonds EEE sur indice non européen : vérifier la liste émetteur
LU0942970103;XTRETFXBAEIMETFP;XBAG;ETF;ETF Plus;EUR;LU;OUI;ESG ETF art. 8;Euronext;2026-08-04;A_VERIFIER;NON_DETERMINE;Fonds EEE sur indice non européen : vérifier la liste émetteur
LU0942970798;XTRETFXBAEIMETFP;XBAE;ETF;ETF Plus;EUR;LU;OUI;ESG ETF art. 8;Euronext;2026-08-04;A_VERIFIER;NON_DETERMINE;Fonds EEE sur indice non européen : vérifier la liste émetteur
LU0950381748;BNPETFEEAIMETFP;EEA;ETF;ETF Plus | Euronext Paris;EUR;LU;OUI;-;Euronext;2026-08-04;A_VERIFIER;NON_DETERMINE;Fonds EEE sur indice non européen : vérifier la liste émetteur
LU0950668524;UBSETFMSDEE1ETFP;UBEUR;ETF;ETF Plus;EUR;LU;OUI;-;Euronext;2026-08-04;PROBABLE;INDICE_EUROPEEN;Indice actions européen — quota 75 % actions UE respecté de fait
LU0950668870;UBSETFMUAAIMETFP;EMUAA;ETF;ETF Plus;EUR;LU;OUI;-;Euronext;2026-08-04;PROBABLE;INDICE_EUROPEEN;Indice actions européen — quota 75 % actions UE respecté de fait
LU0950670850;UBSETFMSCUKETFP;UKGBPB;ETF;ETF Plus;EUR;LU;OUI;-;Euronext;2026-08-04;A_VERIFIER;NON_DETERMINE;Fonds EEE sur indice non européen : vérifier la liste émetteur
LU0950671825;UBSETFMXJPETFP;JPNA;ETF;ETF Plus;EUR;LU;OUI;-;Euronext;2026-08-04;A_VERIFIER;NON_DETERMINE;Fonds EEE sur indice non européen : vérifier la liste émetteur
LU0950672807;UBSETFMSCAETFP;CANA;ETF;ETF Plus;EUR;LU;OUI;-;Euronext;2026-08-04;A_VERIFIER;NON_DETERMINE;Fonds EEE sur indice non européen : vérifier la liste émetteur
LU0950674175;UBSETFGEASIMETFP;EMMUSC;ETF;ETF Plus;EUR;LU;OUI;-;Euronext;2026-08-04;A_VERIFIER;NON_DETERMINE;Fonds EEE sur indice non européen : vérifier la liste émetteur
LU0950674332;UBSETFSRUSIMETFP;WSRUS;ETF;ETF Plus;EUR;LU;OUI;ESG ETF art. 8;Euronext;2026-08-04;A_VERIFIER;NON_DETERMINE;Fonds EEE sur indice non européen : vérifier la liste émetteur
LU0950674761;UBSETFUSRIITETFP;EMUSRI;ETF;ETF Plus;EUR;LU;OUI;ESG ETF art. 8;Euronext;2026-08-04;PROBABLE;INDICE_EUROPEEN;Indice actions européen — quota 75 % actions UE respecté de fait
LU0952581584;XTRETFXJSEIMETFP;XJSE;ETF;ETF Plus;EUR;LU;OUI;-;Euronext;2026-08-04;NON;CLASSE_ACTIFS;Obligataire/monétaire/crypto/matières premières sans montage PEA
LU0959210278;AMUNDI ETF DIV EUR;EUDIV;ETF;Euronext Paris;EUR;LU;OUI;ESG ETF art. 8;Euronext;2026-08-04;A_VERIFIER;NON_DETERMINE;Fonds EEE sur indice non européen : vérifier la liste émetteur
LU0959210781;AMUNDI ETF DIV EUR;EDIV;ETF;Euronext Paris;EUR;LU;OUI;ESG ETF art. 8;Euronext;2026-08-04;A_VERIFIER;NON_DETERMINE;Fonds EEE sur indice non européen : vérifier la liste émetteur
LU0959211243;AMUNDI ETF SP5 DH;SP5H;ETF;Euronext Paris | ETF Plus;EUR;LU;OUI;-;Euronext;2026-08-04;A_VERIFIER;NON_DETERMINE;Fonds EEE sur indice non européen : vérifier la liste émetteur
LU0959211326;MULETF500HITETFP;SPHC;ETF;ETF Plus | Euronext Paris;EUR;LU;OUI;-;Euronext;2026-08-04;A_VERIFIER;NON_DETERMINE;Fonds EEE sur indice non européen : vérifier la liste émetteur
LU0962078753;XTRETFXGIIIMETFP;XGII;ETF;ETF Plus;EUR;LU;OUI;-;Euronext;2026-08-04;A_VERIFIER;NON_DETERMINE;Fonds EEE sur indice non européen : vérifier la liste émetteur
LU0969639128;UBSETF1EUAIMETFP;SS1EUA;ETF;ETF Plus;EUR;LU;OUI;-;Euronext;2026-08-04;A_VERIFIER;NON_DETERMINE;Fonds EEE sur indice non européen : vérifier la liste émetteur
LU0977261329;UBSETF2CHBIMETFP;SW2CHB;ETF;ETF Plus;EUR;LU;OUI;-;Euronext;2026-08-04;A_VERIFIER;NON_DETERMINE;Fonds EEE sur indice non européen : vérifier la liste émetteur
LU1048313891;UBS ETF MSRUSA;UEF5;ETF;Euronext Amsterdam | ETF Plus;EUR;LU;OUI;ESG ETF art. 8;Euronext;2026-08-04;A_VERIFIER;NON_DETERMINE;Fonds EEE sur indice non européen : vérifier la liste émetteur
LU1048313974;UBSETFRUSBIMETFP;MSRUSB;ETF;ETF Plus;EUR;LU;OUI;ESG ETF art. 8;Euronext;2026-08-04;A_VERIFIER;NON_DETERMINE;Fonds EEE sur indice non européen : vérifier la liste émetteur
LU1048314196;UBS ETF CBEU5;UEF6;ETF;Euronext Amsterdam | ETF Plus;EUR;LU;OUI;-;Euronext;2026-08-04;A_VERIFIER;NON_DETERMINE;Fonds EEE sur indice non européen : vérifier la liste émetteur
LU1048314949;UBS ETF CBUS5;UEF7;ETF;Euronext Amsterdam | ETF Plus;EUR;LU;OUI;-;Euronext;2026-08-04;A_VERIFIER;NON_DETERMINE;Fonds EEE sur indice non européen : vérifier la liste émetteur
LU1048315243;UBS ETF CBUS5E;UEF8;ETF;Euronext Amsterdam | ETF Plus;EUR;LU;OUI;-;Euronext;2026-08-04;A_VERIFIER;NON_DETERMINE;Fonds EEE sur indice non européen : vérifier la liste émetteur
LU1048316647;UBS ETF CBUS;UEF9;ETF;Euronext Amsterdam | ETF Plus;EUR;LU;OUI;-;Euronext;2026-08-04;A_VERIFIER;NON_DETERMINE;Fonds EEE sur indice non européen : vérifier la liste émetteur
LU1048317025;UBS ETF CBUSE;UEF0;ETF;Euronext Amsterdam | ETF Plus;EUR;LU;OUI;-;Euronext;2026-08-04;A_VERIFIER;NON_DETERMINE;Fonds EEE sur indice non européen : vérifier la liste émetteur
LU1079841273;OSSETFCAPUIMETFP;CAPU;ETF;ETF Plus | Euronext Paris;EUR;LU;OUI;-;Euronext;2026-08-04;A_VERIFIER;NON_DETERMINE;Fonds EEE sur indice non européen : vérifier la liste émetteur
LU1079842321;OSSETFCAPEIMETFP;CAPE;ETF;ETF Plus | Euronext Paris;EUR;LU;OUI;-;Euronext;2026-08-04;A_VERIFIER;NON_DETERMINE;Fonds EEE sur indice non européen : vérifier la liste émetteur
LU1094612022;XTRETFCGBIMETFP;CGB;ETF;ETF Plus;EUR;LU;OUI;-;Euronext;2026-08-04;NON;CLASSE_ACTIFS;Obligataire/monétaire/crypto/matières premières sans montage PEA
LU1109939865;XTRETFXHY1IMETFP;XHY1;ETF;ETF Plus;EUR;LU;OUI;-;Euronext;2026-08-04;A_VERIFIER;NON_DETERMINE;Fonds EEE sur indice non européen : vérifier la liste émetteur
LU1109941689;XTRETFIBXXYRETFP;XRTM;ETF;ETF Plus;EUR;LU;OUI;-;Euronext;2026-08-04;A_VERIFIER;NON_DETERMINE;Fonds EEE sur indice non européen : vérifier la liste émetteur
LU1109942653;XTRETFXHYGIMETFP;XHYG;ETF;ETF Plus;EUR;LU;OUI;-;Euronext;2026-08-04;NON;CLASSE_ACTIFS;Obligataire/monétaire/crypto/matières premières sans montage PEA
LU1109943388;XTRETFIHYGIMETFP;XHYA;ETF;ETF Plus;EUR;LU;OUI;-;Euronext;2026-08-04;NON;CLASSE_ACTIFS;Obligataire/monétaire/crypto/matières premières sans montage PEA
LU1130155606;UBS ETF CAHEUA;U1FA;ETF;Euronext Amsterdam | ETF Plus;EUR;LU;OUI;-;Euronext;2026-08-04;A_VERIFIER;NON_DETERMINE;Fonds EEE sur indice non européen : vérifier la liste émetteur
LU1135865084;AMUNDI SP500 C;SP5C;ETF;Euronext Paris | ETF Plus;EUR;LU;OUI;-;Euronext;2026-08-04;A_VERIFIER;NON_DETERMINE;Fonds EEE sur indice non européen : vérifier la liste émetteur
LU1136401384;PHARUS LIQUIDITY;PHSLQ;OPCVM;ATFund Instruments;EUR;LU;OUI;;Euronext;2026-08-04;A_VERIFIER;NON_DETERMINE;Fonds EEE sur indice non européen : vérifier la liste émetteur
LU1136401467;PHARUS SICAV_CONS;PHSARQ;OPCVM;ATFund Instruments;EUR;LU;OUI;;Euronext;2026-08-04;A_VERIFIER;NON_DETERMINE;Fonds EEE sur indice non européen : vérifier la liste émetteur
LU1136402192;PHARUS EQUITY LEAD;PHSIEQ;OPCVM;ATFund Instruments;EUR;LU;OUI;;Euronext;2026-08-04;A_VERIFIER;NON_DETERMINE;Fonds EEE sur indice non européen : vérifier la liste émetteur
LU1136402432;PHARUS TARGET;PHSTQ;OPCVM;ATFund Instruments;EUR;LU;OUI;;Euronext;2026-08-04;A_VERIFIER;NON_DETERMINE;Fonds EEE sur indice non européen : vérifier la liste émetteur
LU1136402788;SAFE SICAV-SAFE DY;PHSAFQ;OPCVM;ATFund Instruments;EUR;LU;OUI;;Euronext;2026-08-04;A_VERIFIER;NON_DETERMINE;Fonds EEE sur indice non européen : vérifier la liste émetteur
LU1148873406;NEW MILLENNIUM EUR;NMEE;OPCVM;ATFund Instruments;EUR;LU;OUI;;Euronext;2026-08-04;A_VERIFIER;NON_DETERMINE;Fonds EEE sur indice non européen : vérifier la liste émetteur
LU1148873588;NEW MILLENNIUM EQ;NMGE;OPCVM;ATFund Instruments;EUR;LU;OUI;;Euronext;2026-08-04;A_VERIFIER;NON_DETERMINE;Fonds EEE sur indice non européen : vérifier la liste émetteur
LU1148873661;NEW MILLENNIUM EUR;NMEBST;OPCVM;ATFund Instruments;EUR;LU;OUI;;Euronext;2026-08-04;A_VERIFIER;NON_DETERMINE;Fonds EEE sur indice non européen : vérifier la liste émetteur
LU1148873745;NEW MILLENNIUM AUG;NMHQB;OPCVM;ATFund Instruments;EUR;LU;OUI;;Euronext;2026-08-04;A_VERIFIER;NON_DETERMINE;Fonds EEE sur indice non européen : vérifier la liste émetteur
LU1148874040;NEW MILLENNIUM INF;NMILB;OPCVM;ATFund Instruments;EUR;LU;OUI;;Euronext;2026-08-04;A_VERIFIER;NON_DETERMINE;Fonds EEE sur indice non européen : vérifier la liste émetteur
LU1148874123;NEW MILLENNIUM EU;NMLEC;OPCVM;ATFund Instruments;EUR;LU;OUI;;Euronext;2026-08-04;A_VERIFIER;NON_DETERMINE;Fonds EEE sur indice non européen : vérifier la liste émetteur
LU1148874396;NEW MILLENNIUM AUG;NMCB;OPCVM;ATFund Instruments;EUR;LU;OUI;;Euronext;2026-08-04;NON;CLASSE_ACTIFS;Obligataire/monétaire/crypto/matières premières sans montage PEA
LU1148874479;NEW MILLENNIUM ITA;NMIDB;OPCVM;ATFund Instruments;EUR;LU;OUI;;Euronext;2026-08-04;A_VERIFIER;NON_DETERMINE;Fonds EEE sur indice non européen : vérifier la liste émetteur
LU1148874552;NEW MILLENNIUM BAL;NMBWC;OPCVM;ATFund Instruments;EUR;LU;OUI;;Euronext;2026-08-04;A_VERIFIER;NON_DETERMINE;Fonds EEE sur indice non européen : vérifier la liste émetteur
LU1148874800;NEW MILLENNIUM VOL;NMVOL;OPCVM;ATFund Instruments;EUR;LU;OUI;;Euronext;2026-08-04;A_VERIFIER;NON_DETERMINE;Fonds EEE sur indice non européen : vérifier la liste émetteur
LU1169821292;UBSETFUKEIMETFP;UKE;ETF;ETF Plus;EUR;LU;OUI;-;Euronext;2026-08-04;A_VERIFIER;NON_DETERMINE;Fonds EEE sur indice non européen : vérifier la liste émetteur
LU1169822266;UBSETFJPNEIMETFP;JPNE;ETF;ETF Plus;EUR;LU;OUI;-;Euronext;2026-08-04;A_VERIFIER;NON_DETERMINE;Fonds EEE sur indice non européen : vérifier la liste émetteur
LU1169825954;UBS ETF SGPDU;UE24;ETF;Euronext Amsterdam;EUR;LU;OUI;-;Euronext;2026-08-04;A_VERIFIER;NON_DETERMINE;Fonds EEE sur indice non européen : vérifier la liste émetteur
LU1169827224;UBS ETF HKDU;HKDE;ETF;Euronext Amsterdam;EUR;LU;OUI;-;Euronext;2026-08-04;A_VERIFIER;NON_DETERMINE;Fonds EEE sur indice non européen : vérifier la liste émetteur
LU1169830103;UBSETFSVEIMETFP;SVE;ETF;ETF Plus;EUR;LU;OUI;-;Euronext;2026-08-04;A_VERIFIER;NON_DETERMINE;Fonds EEE sur indice non européen : vérifier la liste émetteur
LU1176781729;PHARUS SICAV;HPSBAS;OPCVM;ATFund Instruments;EUR;LU;OUI;;Euronext;2026-08-04;A_VERIFIER;NON_DETERMINE;Fonds EEE sur indice non européen : vérifier la liste émetteur
LU1176783774;SUMUS STRATEGIC;HPSDYN;OPCVM;ATFund Instruments;EUR;LU;OUI;;Euronext;2026-08-04;A_VERIFIER;NON_DETERMINE;Fonds EEE sur indice non européen : vérifier la liste émetteur
LU1190417599;LYXACTSMARTETFP;SMART;ETF;ETF Plus | Euronext Paris;EUR;LU;OUI;-;Euronext;2026-08-04;A_VERIFIER;NON_DETERMINE;Fonds EEE sur indice non européen : vérifier la liste émetteur
LU1215415214;AMUNDI HIGH YLD BB;HYBB;ETF;Euronext Paris | ETF Plus;EUR;LU;OUI;ESG ETF art. 8;Euronext;2026-08-04;NON;CLASSE_ACTIFS;Obligataire/monétaire/crypto/matières premières sans montage PEA
LU1215451524;UBS ETF EQLTD;UIM2;ETF;Euronext Amsterdam | ETF Plus;EUR;LU;OUI;ESG ETF art. 8;Euronext;2026-08-04;PROBABLE;INDICE_EUROPEEN;Indice actions européen — quota 75 % actions UE respecté de fait
LU1215452928;UBS ETF EPVLD;UIMZ;ETF;Euronext Amsterdam | ETF Plus;EUR;LU;OUI;ESG ETF art. 8;Euronext;2026-08-04;PROBABLE;INDICE_EUROPEEN;Indice actions européen — quota 75 % actions UE respecté de fait
LU1215454460;UBS ETF ELOVD;UIMY;ETF;Euronext Amsterdam | ETF Plus;EUR;LU;OUI;-;Euronext;2026-08-04;PROBABLE;INDICE_EUROPEEN;Indice actions européen — quota 75 % actions UE respecté de fait
LU1215461085;UBS ETF CBSUS;UE25;ETF;Euronext Amsterdam | ETF Plus;EUR;LU;OUI;ESG ETF art. 8;Euronext;2026-08-04;A_VERIFIER;NON_DETERMINE;Fonds EEE sur indice non européen : vérifier la liste émetteur
LU1215461168;UBSETFSUSAIMETFP;CBSUSA;ETF;ETF Plus;EUR;LU;OUI;ESG ETF art. 8;Euronext;2026-08-04;A_VERIFIER;NON_DETERMINE;Fonds EEE sur indice non européen : vérifier la liste émetteur
LU1215461325;UBS ETF CBSUSE;UE27;ETF;Euronext Amsterdam | ETF Plus;EUR;LU;OUI;ESG ETF art. 8;Euronext;2026-08-04;A_VERIFIER;NON_DETERMINE;Fonds EEE sur indice non européen : vérifier la liste émetteur
LU1230561679;UBS ETF JPSR;JPSR;ETF;Euronext Amsterdam | ETF Plus;EUR;LU;OUI;ESG ETF art. 8;Euronext;2026-08-04;A_VERIFIER;NON_DETERMINE;Fonds EEE sur indice non européen : vérifier la liste émetteur
LU1233598447;MULETFFEDFIMETFP;FEDF;ETF;ETF Plus;EUR;LU;OUI;-;Euronext;2026-08-04;A_VERIFIER;NON_DETERMINE;Fonds EEE sur indice non européen : vérifier la liste émetteur
LU1242466289;BASE INV BONDS VAL;BONVAL;OPCVM;ATFund Instruments;EUR;LU;OUI;;Euronext;2026-08-04;NON;CLASSE_ACTIFS;Obligataire/monétaire/crypto/matières premières sans montage PEA
LU1242466875;BASE INV FLEX LOW;FLEXLO;OPCVM;ATFund Instruments;EUR;LU;OUI;;Euronext;2026-08-04;A_VERIFIER;NON_DETERMINE;Fonds EEE sur indice non européen : vérifier la liste émetteur
LU1246176264;SELECTRA J LAMARC;SELJLB;OPCVM;ATFund Instruments;EUR;LU;OUI;;Euronext;2026-08-04;A_VERIFIER;NON_DETERMINE;Fonds EEE sur indice non européen : vérifier la liste émetteur
LU1246176850;SELECTRA J LAMARCK;SELJLP;OPCVM;ATFund Instruments;EUR;LU;OUI;;Euronext;2026-08-04;A_VERIFIER;NON_DETERMINE;Fonds EEE sur indice non européen : vérifier la liste émetteur
LU1248511575;LYXACTSMARTUETFP;SMARTU;ETF;ETF Plus;EUR;LU;OUI;-;Euronext;2026-08-04;A_VERIFIER;NON_DETERMINE;Fonds EEE sur indice non européen : vérifier la liste émetteur
LU1253867847;PHARUS TREND PL;PHSTPQ;OPCVM;ATFund Instruments;EUR;LU;OUI;;Euronext;2026-08-04;A_VERIFIER;NON_DETERMINE;Fonds EEE sur indice non européen : vérifier la liste émetteur
LU1273488715;UBSETFPSREIMETFP;JPSRE;ETF;ETF Plus;EUR;LU;OUI;ESG ETF art. 8;Euronext;2026-08-04;A_VERIFIER;NON_DETERMINE;Fonds EEE sur indice non européen : vérifier la liste émetteur
LU1275426275;COMPAM FUND-SB EQ;COMSBE;OPCVM;ATFund Instruments;EUR;LU;OUI;;Euronext;2026-08-04;A_VERIFIER;NON_DETERMINE;Fonds EEE sur indice non européen : vérifier la liste émetteur
LU1275426358;COMPAM FUND SB;COMSBF;OPCVM;ATFund Instruments;EUR;LU;OUI;;Euronext;2026-08-04;A_VERIFIER;NON_DETERMINE;Fonds EEE sur indice non européen : vérifier la liste émetteur
LU1275426432;COMPAM FUND - SB B;COMSBB;OPCVM;ATFund Instruments;EUR;LU;OUI;;Euronext;2026-08-04;NON;CLASSE_ACTIFS;Obligataire/monétaire/crypto/matières premières sans montage PEA
LU1275426515;COMPAM GLOBAL DIV;COMGD0;OPCVM;ATFund Instruments;EUR;LU;OUI;;Euronext;2026-08-04;A_VERIFIER;NON_DETERMINE;Fonds EEE sur indice non européen : vérifier la liste émetteur
LU1280303014;UBS ETF USSRF;UE33;ETF;Euronext Amsterdam | ETF Plus;EUR;LU;OUI;ESG ETF art. 8;Euronext;2026-08-04;A_VERIFIER;NON_DETERMINE;Fonds EEE sur indice non européen : vérifier la liste émetteur
LU1285959703;LYXETFUSICIMETFP;USIG;ETF;ETF Plus;EUR;LU;OUI;ESG ETF art. 8;Euronext;2026-08-04;A_VERIFIER;NON_DETERMINE;Fonds EEE sur indice non européen : vérifier la liste émetteur
LU1285959885;LYXETFUSICIMETFP;USIC;ETF;ETF Plus;EUR;LU;OUI;ESG ETF art. 8;Euronext;2026-08-04;NON;CLASSE_ACTIFS;Obligataire/monétaire/crypto/matières premières sans montage PEA
LU1285960032;AMUNDI ESG USD CRP;USIH;ETF;Euronext Paris | ETF Plus;EUR;LU;OUI;ESG ETF art. 8;Euronext;2026-08-04;NON;CLASSE_ACTIFS;Obligataire/monétaire/crypto/matières premières sans montage PEA
LU1287022708;MULETFAFRIIMETFP;LAFRI;ETF;ETF Plus;EUR;LU;OUI;-;Euronext;2026-08-04;A_VERIFIER;NON_DETERMINE;Fonds EEE sur indice non européen : vérifier la liste émetteur
LU1287023003;AMUNDI EUR GOV 57;MTC;ETF;Euronext Paris | ETF Plus;EUR;LU;OUI;-;Euronext;2026-08-04;NON;CLASSE_ACTIFS;Obligataire/monétaire/crypto/matières premières sans montage PEA
LU1287023185;AMUNDI EUR GOV 710;MTD;ETF;Euronext Paris | ETF Plus;EUR;LU;OUI;-;Euronext;2026-08-04;NON;CLASSE_ACTIFS;Obligataire/monétaire/crypto/matières premières sans montage PEA
LU1287023268;AMUNDI EUROMTS15PY;MTF;ETF;Euronext Paris | ETF Plus;EUR;LU;OUI;-;Euronext;2026-08-04;NON;CLASSE_ACTIFS;Obligataire/monétaire/crypto/matières premières sans montage PEA
LU1287023342;AMUNDI EMTS HR MWG;MAA;ETF;Euronext Paris | ETF Plus;EUR;LU;OUI;-;Euronext;2026-08-04;NON;CLASSE_ACTIFS;Obligataire/monétaire/crypto/matières premières sans montage PEA
LU1291097779;BNPETFEEMKIMETFP;EEMK;ETF;ETF Plus | Euronext Paris;EUR;LU;OUI;ESG ETF art. 8;Euronext;2026-08-04;A_VERIFIER;NON_DETERMINE;Fonds EEE sur indice non européen : vérifier la liste émetteur
LU1291098314;BNP EM SRI PAB UC;EMSR;ETF;Euronext Paris - Multi-currency Trading;USD;LU;OUI;ESG ETF art. 9;Euronext;2026-08-04;A_VERIFIER;NON_DETERMINE;Fonds EEE sur indice non européen : vérifier la liste émetteur
LU1291098827;BNPETFEEMUIMETFP;EEMU;ETF;ETF Plus | Euronext Paris;EUR;LU;OUI;ESG ETF art. 8;Euronext;2026-08-04;OUI;LISTE_EMETTEUR;Documentation émetteur BNP Paribas Easy
LU1291099718;BNPETFEEUEIMETFP;EEUE;ETF;ETF Plus | Euronext Paris;EUR;LU;OUI;ESG ETF art. 8;Euronext;2026-08-04;PROBABLE;INDICE_EUROPEEN;Indice actions européen — quota 75 % actions UE respecté de fait
LU1291101555;BNPETFEESMIMETFP;EESM;ETF;ETF Plus | Euronext Paris;EUR;LU;OUI;ESG ETF art. 9;Euronext;2026-08-04;A_VERIFIER;NON_DETERMINE;Fonds EEE sur indice non européen : vérifier la liste émetteur
LU1291102447;BNPP JP ESG ETF;EJAP;ETF;Euronext Paris;EUR;LU;OUI;ESG ETF art. 8;Euronext;2026-08-04;A_VERIFIER;NON_DETERMINE;Fonds EEE sur indice non européen : vérifier la liste émetteur
LU1291103338;BNP US SRI PAB UC;EKLD;ETF;Euronext Paris - Multi-currency Trading;USD;LU;OUI;ESG ETF art. 9;Euronext;2026-08-04;A_VERIFIER;NON_DETERMINE;Fonds EEE sur indice non européen : vérifier la liste émetteur
LU1291104575;BNPETFENAMIMETFP;ENAM;ETF;ETF Plus | Euronext Paris;EUR;LU;OUI;ESG ETF art. 8;Euronext;2026-08-04;A_VERIFIER;NON_DETERMINE;Fonds EEE sur indice non européen : vérifier la liste émetteur
LU1291106356;BNPETFEPEJIMETFP;EPEJ;ETF;ETF Plus | Euronext Paris;EUR;LU;OUI;ESG ETF art. 8;Euronext;2026-08-04;A_VERIFIER;NON_DETERMINE;Fonds EEE sur indice non européen : vérifier la liste émetteur
LU1291108642;BNP WD SRI PAB UC;EWRD;ETF;Euronext Paris - Multi-currency Trading;USD;LU;OUI;ESG ETF art. 9;Euronext;2026-08-04;A_VERIFIER;NON_DETERMINE;Fonds EEE sur indice non européen : vérifier la liste émetteur
LU1291109533;BNPP GSCI ETF;GSCU;ETF;Euronext Paris - Multi-currency Trading;USD;LU;OUI;-;Euronext;2026-08-04;A_VERIFIER;NON_DETERMINE;Fonds EEE sur indice non européen : vérifier la liste émetteur
LU1291109616;BNPETFGSCEIMETFP;GSCE;ETF;ETF Plus | Euronext Amsterdam;EUR;LU;OUI;-;Euronext;2026-08-04;A_VERIFIER;NON_DETERMINE;Fonds EEE sur indice non européen : vérifier la liste émetteur
LU1324510525;UBSETFST1FIMETFP;UST1F;ETF;ETF Plus;EUR;LU;OUI;-;Euronext;2026-08-04;A_VERIFIER;NON_DETERMINE;Fonds EEE sur indice non européen : vérifier la liste émetteur
LU1324516050;UBSETFSBEMIMETFP;SBEM;ETF;ETF Plus;EUR;LU;OUI;-;Euronext;2026-08-04;A_VERIFIER;NON_DETERMINE;Fonds EEE sur indice non européen : vérifier la liste émetteur
LU1324516308;UBSETFBEMEIMETFP;SBEME;ETF;ETF Plus;EUR;LU;OUI;-;Euronext;2026-08-04;A_VERIFIER;NON_DETERMINE;Fonds EEE sur indice non européen : vérifier la liste émetteur
LU1327051279;MULSTRM004USETFP;SPX2S;ETF;ETF Plus | Euronext Paris;EUR;LU;OUI;-;Euronext;2026-08-04;A_VERIFIER;NON_DETERMINE;Fonds EEE sur indice non européen : vérifier la liste émetteur
LU1363165751;NEW MILLEN MULTI;NMMAO;OPCVM;ATFund Instruments;EUR;LU;OUI;;Euronext;2026-08-04;A_VERIFIER;NON_DETERMINE;Fonds EEE sur indice non européen : vérifier la liste émetteur
LU1363165918;NEW MILLEN EVERG;NMEGH;OPCVM;ATFund Instruments;EUR;LU;OUI;;Euronext;2026-08-04;A_VERIFIER;NON_DETERMINE;Fonds EEE sur indice non européen : vérifier la liste émetteur
LU1371515534;PHARUS GLOBAL V EQ;PSGVQ;OPCVM;ATFund Instruments;EUR;LU;OUI;;Euronext;2026-08-04;A_VERIFIER;NON_DETERMINE;Fonds EEE sur indice non européen : vérifier la liste émetteur
LU1371515880;PHARUS GLOBAL V EQ;PSGVQH;OPCVM;ATFund Instruments;EUR;LU;OUI;;Euronext;2026-08-04;A_VERIFIER;NON_DETERMINE;Fonds EEE sur indice non européen : vérifier la liste émetteur
LU1377381717;BNPETFEVOEIMETFP;EVOE;ETF;ETF Plus | Euronext Paris;EUR;LU;OUI;ESG ETF art. 8;Euronext;2026-08-04;A_VERIFIER;NON_DETERMINE;Fonds EEE sur indice non européen : vérifier la liste émetteur
LU1377382103;BNPETFEQUAIMETFP;EQUA;ETF;ETF Plus | Euronext Paris;EUR;LU;OUI;ESG ETF art. 8;Euronext;2026-08-04;A_VERIFIER;NON_DETERMINE;Fonds EEE sur indice non européen : vérifier la liste émetteur
LU1377382285;BNPETFEVAEIMETFP;EVAE;ETF;ETF Plus | Euronext Paris;EUR;LU;OUI;ESG ETF art. 8;Euronext;2026-08-04;A_VERIFIER;NON_DETERMINE;Fonds EEE sur indice non européen : vérifier la liste émetteur
LU1377382368;BNPETFLCEUIMETFP;LCEU;ETF;ETF Plus | Euronext Paris;EUR;LU;OUI;ESG ETF art. 9;Euronext;2026-08-04;A_VERIFIER;NON_DETERMINE;Fonds EEE sur indice non européen : vérifier la liste émetteur
LU1377382442;BNPP LC EU100D PAB;ECND;ETF;Euronext Paris;EUR;LU;OUI;ESG ETF art. 8;Euronext;2026-08-04;A_VERIFIER;NON_DETERMINE;Fonds EEE sur indice non européen : vérifier la liste émetteur
LU1390062245;AMUNDI 210INFBRKEV;INFL;ETF;Euronext Paris | ETF Plus;EUR;LU;OUI;-;Euronext;2026-08-04;A_VERIFIER;NON_DETERMINE;Fonds EEE sur indice non européen : vérifier la liste émetteur
LU1390062831;AMUNDI 10YINFBRKEV;INFU;ETF;Euronext Paris | ETF Plus;EUR;LU;OUI;-;Euronext;2026-08-04;A_VERIFIER;NON_DETERMINE;Fonds EEE sur indice non européen : vérifier la liste émetteur
LU1397788552;FINLABO DYNAMIC EQ;FINLDE;OPCVM;ATFund Instruments;EUR;LU;OUI;;Euronext;2026-08-04;A_VERIFIER;NON_DETERMINE;Fonds EEE sur indice non européen : vérifier la liste émetteur
LU1399300455;XTRETFXUTDIMETFP;XUTE;ETF;ETF Plus;EUR;LU;OUI;-;Euronext;2026-08-04;NON;CLASSE_ACTIFS;Obligataire/monétaire/crypto/matières premières sans montage PEA
LU1407887089;MULETF1EUAITETFP;US1;ETF;ETF Plus | Euronext Amsterdam - Multi-currency Trading;EUR;LU;OUI;-;Euronext;2026-08-04;NON;CLASSE_ACTIFS;Obligataire/monétaire/crypto/matières premières sans montage PEA
LU1407887162;MULETFUS13IMETFP;US13;ETF;ETF Plus | Euronext Paris;EUR;LU;OUI;-;Euronext;2026-08-04;NON;CLASSE_ACTIFS;Obligataire/monétaire/crypto/matières premières sans montage PEA
LU1407887329;MULETFU13HIMETFP;U13H;ETF;ETF Plus;EUR;LU;OUI;-;Euronext;2026-08-04;A_VERIFIER;NON_DETERMINE;Fonds EEE sur indice non européen : vérifier la liste émetteur
LU1407887915;MULETFTRSXIMETFP;US7;ETF;ETF Plus;EUR;LU;OUI;-;Euronext;2026-08-04;NON;CLASSE_ACTIFS;Obligataire/monétaire/crypto/matières premières sans montage PEA
LU1407888723;MULETFUS37IMXPAR;US37C;ETF;Euronext Paris;EUR;LU;OUI;-;Euronext;2026-08-04;NON;CLASSE_ACTIFS;Obligataire/monétaire/crypto/matières premières sans montage PEA
LU1407888996;MULETFUS37IMETFP;US37;ETF;ETF Plus | Euronext Paris;EUR;LU;OUI;-;Euronext;2026-08-04;NON;CLASSE_ACTIFS;Obligataire/monétaire/crypto/matières premières sans montage PEA
LU1407890547;MULETFS10CIMETFP;US10C;ETF;ETF Plus;EUR;LU;OUI;-;Euronext;2026-08-04;NON;CLASSE_ACTIFS;Obligataire/monétaire/crypto/matières premières sans montage PEA
LU1407890620;AMUNDI UST 10+;US10;ETF;Euronext Paris - Multi-currency Trading | ETF Plus;USD;LU;OUI;-;Euronext;2026-08-04;NON;CLASSE_ACTIFS;Obligataire/monétaire/crypto/matières premières sans montage PEA
LU1407890976;MULETFU10HIMETFP;U10H;ETF;ETF Plus;EUR;LU;OUI;-;Euronext;2026-08-04;A_VERIFIER;NON_DETERMINE;Fonds EEE sur indice non européen : vérifier la liste émetteur
LU1407892592;AMUNDI Core UK Gov;GILS;ETF;Euronext Paris;EUR;LU;OUI;-;Euronext;2026-08-04;NON;CLASSE_ACTIFS;Obligataire/monétaire/crypto/matières premières sans montage PEA
LU1407893301;AMUNDI UK Gov Infl;GILI;ETF;Euronext Paris;EUR;LU;OUI;-;Euronext;2026-08-04;NON;CLASSE_ACTIFS;Obligataire/monétaire/crypto/matières premières sans montage PEA
LU1435356065;LYXETFSHYCIMETFP;USHYC;ETF;ETF Plus;EUR;LU;OUI;ESG ETF art. 8;Euronext;2026-08-04;A_VERIFIER;NON_DETERMINE;Fonds EEE sur indice non européen : vérifier la liste émetteur
LU1435356149;LYXETFUSHYIMETFP;USHY;ETF;ETF Plus | Euronext Paris;EUR;LU;OUI;ESG ETF art. 8;Euronext;2026-08-04;A_VERIFIER;NON_DETERMINE;Fonds EEE sur indice non européen : vérifier la liste émetteur
LU1435356495;LYXETFUSHYIMETFP;USYH;ETF;ETF Plus;EUR;LU;OUI;ESG ETF art. 8;Euronext;2026-08-04;A_VERIFIER;NON_DETERMINE;Fonds EEE sur indice non européen : vérifier la liste émetteur
LU1437015735;AMUETFMXEUETFP;CEU2;ETF;ETF Plus | Euronext Amsterdam - Multi-currency Trading | Euronext Paris;EUR;LU;OUI;-;Euronext;2026-08-04;PROBABLE;INDICE_EUROPEEN;Indice actions européen — quota 75 % actions UE respecté de fait
LU1437016204;AMUETFGGOVIMETFP;GGOV;ETF;ETF Plus | Euronext Paris | Euronext Amsterdam - Multi-currency Trading;EUR;LU;OUI;-;Euronext;2026-08-04;A_VERIFIER;NON_DETERMINE;Fonds EEE sur indice non européen : vérifier la liste émetteur
LU1437017350;AMUETFGEASIMETFP;AEME;ETF;ETF Plus | Euronext Amsterdam - Multi-currency Trading | Euronext Paris;EUR;LU;OUI;-;Euronext;2026-08-04;A_VERIFIER;NON_DETERMINE;Fonds EEE sur indice non européen : vérifier la liste émetteur
LU1437018168;AM EUR CORP SRI DR;ECRP;ETF;Euronext Paris | ETF Plus;EUR;LU;OUI;ESG ETF art. 8;Euronext;2026-08-04;NON;CLASSE_ACTIFS;Obligataire/monétaire/crypto/matières premières sans montage PEA
LU1437018598;AMUETFEGOVIMETFP;EGOV;ETF;ETF Plus | Euronext Paris;EUR;LU;OUI;-;Euronext;2026-08-04;A_VERIFIER;NON_DETERMINE;Fonds EEE sur indice non européen : vérifier la liste émetteur
LU1437018838;AMUETFEPRAIMETFP;EPRA;ETF;ETF Plus | Euronext Paris | Euronext Amsterdam - Multi-currency Trading;EUR;LU;OUI;-;Euronext;2026-08-04;A_VERIFIER;NON_DETERMINE;Fonds EEE sur indice non européen : vérifier la liste émetteur
LU1437024729;AMUETFGAGHIMETFP;GAGG;ETF;ETF Plus | Euronext Paris | Euronext Amsterdam - Multi-currency Trading;EUR;LU;OUI;-;Euronext;2026-08-04;A_VERIFIER;NON_DETERMINE;Fonds EEE sur indice non européen : vérifier la liste émetteur
LU1437025023;AM MSCI UK IMI SRI;C1U;ETF;Euronext Paris;EUR;LU;OUI;ESG ETF art. 9;Euronext;2026-08-04;A_VERIFIER;NON_DETERMINE;Fonds EEE sur indice non européen : vérifier la liste émetteur
LU1437025296;AM MSCI UK IM SRIG;FTSE;ETF;Euronext Paris - Multi-currency Trading;GBP;LU;OUI;ESG ETF art. 9;Euronext;2026-08-04;A_VERIFIER;NON_DETERMINE;Fonds EEE sur indice non européen : vérifier la liste émetteur
LU1437803767;PHARUS SICAV EU TR;PSEAFQ;OPCVM;ATFund Instruments;EUR;LU;OUI;;Euronext;2026-08-04;A_VERIFIER;NON_DETERMINE;Fonds EEE sur indice non européen : vérifier la liste émetteur
LU1446552652;OSSETFCAPUIMXPAR;CAPH;ETF;Euronext Paris;EUR;LU;OUI;-;Euronext;2026-08-04;A_VERIFIER;NON_DETERMINE;Fonds EEE sur indice non européen : vérifier la liste émetteur
LU1452600270;MULETFTIPUIMETFP;TIPU;ETF;ETF Plus;EUR;LU;OUI;-;Euronext;2026-08-04;A_VERIFIER;NON_DETERMINE;Fonds EEE sur indice non européen : vérifier la liste émetteur
LU1452600437;MULETFTIPEIMETFP;TIPE;ETF;ETF Plus;EUR;LU;OUI;-;Euronext;2026-08-04;A_VERIFIER;NON_DETERMINE;Fonds EEE sur indice non européen : vérifier la liste émetteur
LU1459799943;UBSETFTRUDIMETFP;T10D;ETF;ETF Plus;EUR;LU;OUI;-;Euronext;2026-08-04;A_VERIFIER;NON_DETERMINE;Fonds EEE sur indice non européen : vérifier la liste émetteur
LU1459800030;UBSETFTRUDIMETFP;T10A;ETF;ETF Plus;EUR;LU;OUI;-;Euronext;2026-08-04;A_VERIFIER;NON_DETERMINE;Fonds EEE sur indice non européen : vérifier la liste émetteur
LU1459800113;UBSETFT10FIMETFP;UST10F;ETF;ETF Plus;EUR;LU;OUI;-;Euronext;2026-08-04;A_VERIFIER;NON_DETERMINE;Fonds EEE sur indice non européen : vérifier la liste émetteur
LU1459801434;UBSETFIP1DIMETFP;TIP1D;ETF;ETF Plus;EUR;LU;OUI;-;Euronext;2026-08-04;A_VERIFIER;NON_DETERMINE;Fonds EEE sur indice non européen : vérifier la liste émetteur
LU1459801517;UBSETFIP1DIMETFP;TIP1A;ETF;ETF Plus;EUR;LU;OUI;-;Euronext;2026-08-04;A_VERIFIER;NON_DETERMINE;Fonds EEE sur indice non européen : vérifier la liste émetteur
LU1459801780;UBSETFIP1EIMETFP;TIP1E;ETF;ETF Plus;EUR;LU;OUI;-;Euronext;2026-08-04;A_VERIFIER;NON_DETERMINE;Fonds EEE sur indice non européen : vérifier la liste émetteur
LU1459802754;UBSETFP10DIMETFP;TIP10D;ETF;ETF Plus;EUR;LU;OUI;-;Euronext;2026-08-04;A_VERIFIER;NON_DETERMINE;Fonds EEE sur indice non européen : vérifier la liste émetteur
LU1459803059;UBSETFP10EIMETFP;TIP10E;ETF;ETF Plus;EUR;LU;OUI;-;Euronext;2026-08-04;A_VERIFIER;NON_DETERMINE;Fonds EEE sur indice non européen : vérifier la liste émetteur
LU1468873846;COMPAM FUND SB CON;COMSBC;OPCVM;ATFund Instruments;EUR;LU;OUI;;Euronext;2026-08-04;A_VERIFIER;NON_DETERMINE;Fonds EEE sur indice non européen : vérifier la liste émetteur
LU1472302576;COMPAM FUND FLEX B;COMFB0;OPCVM;ATFund Instruments;EUR;LU;OUI;;Euronext;2026-08-04;NON;CLASSE_ACTIFS;Obligataire/monétaire/crypto/matières premières sans montage PEA
LU1481201025;BNPP LWVOLEU ESG;VLED;ETF;Euronext Paris;EUR;LU;OUI;ESG ETF art. 8;Euronext;2026-08-04;A_VERIFIER;NON_DETERMINE;Fonds EEE sur indice non européen : vérifier la liste émetteur
LU1481201611;BNPP QUALITYD ESG;QUED;ETF;Euronext Paris;EUR;LU;OUI;ESG ETF art. 8;Euronext;2026-08-04;A_VERIFIER;NON_DETERMINE;Fonds EEE sur indice non européen : vérifier la liste émetteur
LU1481201702;BNPP VALUED ESG;VALD;ETF;Euronext Paris;EUR;LU;OUI;ESG ETF art. 8;Euronext;2026-08-04;A_VERIFIER;NON_DETERMINE;Fonds EEE sur indice non européen : vérifier la liste émetteur
LU1481202692;BNP BB EURO AGG EC;JBEM;ETF;Euronext Paris | ETF Plus;EUR;LU;OUI;-;Euronext;2026-08-04;NON;CLASSE_ACTIFS;Obligataire/monétaire/crypto/matières premières sans montage PEA
LU1481203070;BNPETFEJAHIMETFP;EJAH;ETF;ETF Plus | Euronext Paris;EUR;LU;OUI;ESG ETF art. 8;Euronext;2026-08-04;A_VERIFIER;NON_DETERMINE;Fonds EEE sur indice non européen : vérifier la liste émetteur
LU1484799769;UBS ETF CBSE;CBSE;ETF;Euronext Amsterdam | ETF Plus;EUR;LU;OUI;ESG ETF art. 8;Euronext;2026-08-04;A_VERIFIER;NON_DETERMINE;Fonds EEE sur indice non européen : vérifier la liste émetteur
LU1525418643;AMUETFEBBBIMETFP;EBBB;ETF;ETF Plus | Euronext Paris;EUR;LU;OUI;ESG ETF art. 8;Euronext;2026-08-04;NON;CLASSE_ACTIFS;Obligataire/monétaire/crypto/matières premières sans montage PEA
LU1525418726;AMUETFUBBBIMETFP;UBBB;ETF;ETF Plus | Euronext Paris - Multi-currency Trading;EUR;LU;OUI;ESG ETF art. 8;Euronext;2026-08-04;NON;CLASSE_ACTIFS;Obligataire/monétaire/crypto/matières premières sans montage PEA
LU1547515053;BNPPJPM ESG EM ETF;EMBI;ETF;Euronext Paris - Multi-currency Trading;USD;LU;OUI;ESG ETF art. 8;Euronext;2026-08-04;A_VERIFIER;NON_DETERMINE;Fonds EEE sur indice non européen : vérifier la liste émetteur
LU1547515137;BNPETFASRDIMETFP;ASRD;ETF;ETF Plus | Euronext Paris;EUR;LU;OUI;ESG ETF art. 8;Euronext;2026-08-04;A_VERIFIER;NON_DETERMINE;Fonds EEE sur indice non européen : vérifier la liste émetteur
LU1547515723;BNPETFMXUEFMXPAR;ENAMH;ETF;Euronext Paris;EUR;LU;OUI;-;Euronext;2026-08-04;A_VERIFIER;NON_DETERMINE;Fonds EEE sur indice non européen : vérifier la liste émetteur
LU1547516291;BNPP EMEHETF;EMEH;ETF;Euronext Paris;EUR;LU;OUI;-;Euronext;2026-08-04;A_VERIFIER;NON_DETERMINE;Fonds EEE sur indice non européen : vérifier la liste émetteur
LU1563454310;AMUNDI GREEN BOND;CLIM;ETF;Euronext Paris | ETF Plus;EUR;LU;OUI;ESG ETF art. 8;Euronext;2026-08-04;NON;CLASSE_ACTIFS;Obligataire/monétaire/crypto/matières premières sans montage PEA
LU1563454401;MULETFCLIMIMETFP;CLMD;ETF;ETF Plus;EUR;LU;OUI;ESG ETF art. 8;Euronext;2026-08-04;NON;CLASSE_ACTIFS;Obligataire/monétaire/crypto/matières premières sans montage PEA
LU1574104151;PHARUS GLOBAL V EQ;PSGQHD;OPCVM;ATFund Instruments;EUR;LU;OUI;;Euronext;2026-08-04;A_VERIFIER;NON_DETERMINE;Fonds EEE sur indice non européen : vérifier la liste émetteur
LU1589349734;AMUNDI US MIN VO;MIVU;ETF;Euronext Paris | Euronext Amsterdam - Multi-currency Trading;EUR;LU;OUI;-;Euronext;2026-08-04;A_VERIFIER;NON_DETERMINE;Fonds EEE sur indice non européen : vérifier la liste émetteur
LU1598688189;AMUNDI EMU GROWTH;GWT;ETF;Euronext Paris | ETF Plus;EUR;LU;OUI;-;Euronext;2026-08-04;PROBABLE;INDICE_EUROPEEN;Indice actions européen — quota 75 % actions UE respecté de fait
LU1598689153;AMUNDI SMALL CAP;MMS;ETF;Euronext Paris | ETF Plus;EUR;LU;OUI;-;Euronext;2026-08-04;PROBABLE;INDICE_EUROPEEN;Indice actions européen — quota 75 % actions UE respecté de fait
LU1598690169;AMUNDI EMU VALUE;VAL;ETF;Euronext Paris | ETF Plus;EUR;LU;OUI;-;Euronext;2026-08-04;PROBABLE;INDICE_EUROPEEN;Indice actions européen — quota 75 % actions UE respecté de fait
LU1598691050;LYXETFTP13IMETFP;BTP13;ETF;ETF Plus;EUR;LU;OUI;-;Euronext;2026-08-04;A_VERIFIER;NON_DETERMINE;Fonds EEE sur indice non européen : vérifier la liste émetteur
LU1598691217;LYXETFTP10IMETFP;BTP10;ETF;ETF Plus;EUR;LU;OUI;-;Euronext;2026-08-04;A_VERIFIER;NON_DETERMINE;Fonds EEE sur indice non européen : vérifier la liste émetteur
LU1600334798;UBSETFUEUAIMETFP;EUEUA;ETF;ETF Plus;EUR;LU;OUI;-;Euronext;2026-08-04;PROBABLE;INDICE_EUROPEEN;Indice actions européen — quota 75 % actions UE respecté de fait
LU1602144575;AM EMU ESG LEAD EU;CMU;ETF;Euronext Paris | ETF Plus;EUR;LU;OUI;ESG ETF art. 8;Euronext;2026-08-04;PROBABLE;INDICE_EUROPEEN;Indice actions européen — quota 75 % actions UE respecté de fait
LU1602144732;AMUETFETFP;CJ1;ETF;ETF Plus | Euronext Paris;EUR;LU;OUI;ESG ETF art. 8;Euronext;2026-08-04;A_VERIFIER;NON_DETERMINE;Fonds EEE sur indice non européen : vérifier la liste émetteur
LU1602144906;AM PAC XJP SRI EUR;CP9;ETF;Euronext Paris | ETF Plus;EUR;LU;OUI;ESG ETF art. 8;Euronext;2026-08-04;A_VERIFIER;NON_DETERMINE;Fonds EEE sur indice non européen : vérifier la liste émetteur
LU1602145036;AM PAC XJP SRI USD;CP9U;ETF;Euronext Paris - Multi-currency Trading;USD;LU;OUI;ESG ETF art. 9;Euronext;2026-08-04;A_VERIFIER;NON_DETERMINE;Fonds EEE sur indice non européen : vérifier la liste émetteur
LU1602468800;NEW MILLENNIUM PIR;NMPBSI;OPCVM;ATFund Instruments;EUR;LU;OUI;;Euronext;2026-08-04;A_VERIFIER;NON_DETERMINE;Fonds EEE sur indice non européen : vérifier la liste émetteur
LU1603790731;INDETFIQECIMETFP;IQEC;ETF;ETF Plus | Euronext Paris, Amsterdam;EUR;LU;OUI;ESG ETF art. 8;Euronext;2026-08-04;NON;CLASSE_ACTIFS;Obligataire/monétaire/crypto/matières premières sans montage PEA
LU1603795458;INDETFIQEEIMETFP;IQEE;ETF;ETF Plus | Euronext Paris, Amsterdam;EUR;LU;OUI;ESG ETF art. 8;Euronext;2026-08-04;PROBABLE;INDICE_EUROPEEN;Indice actions européen — quota 75 % actions UE respecté de fait
LU1603797587;INDETFIQJPIMETFP;IQJP;ETF;ETF Plus | Euronext Paris, Amsterdam;EUR;LU;OUI;ESG ETF art. 8;Euronext;2026-08-04;A_VERIFIER;NON_DETERMINE;Fonds EEE sur indice non européen : vérifier la liste émetteur
LU1615090864;BNPP EQDEU ESG;EDEU;ETF;Euronext Paris;EUR;LU;OUI;ESG ETF art. 8;Euronext;2026-08-04;A_VERIFIER;NON_DETERMINE;Fonds EEE sur indice non européen : vérifier la liste émetteur
LU1615092217;BNP WD SRI PAB EC;EMWE;ETF;Euronext Paris | ETF Plus;EUR;LU;OUI;ESG ETF art. 9;Euronext;2026-08-04;A_VERIFIER;NON_DETERMINE;Fonds EEE sur indice non européen : vérifier la liste émetteur
LU1617164998;LYXETFHYSIMETFP;HYS;ETF;ETF Plus;EUR;LU;OUI;-;Euronext;2026-08-04;NON;CLASSE_ACTIFS;Obligataire/monétaire/crypto/matières premières sans montage PEA
LU1645380368;UBSETFNFL1IMETFP;INFL1;ETF;ETF Plus;EUR;LU;OUI;-;Euronext;2026-08-04;A_VERIFIER;NON_DETERMINE;Fonds EEE sur indice non européen : vérifier la liste émetteur
LU1645380442;UBSETFNFL1IMETFP;INF1A;ETF;ETF Plus;EUR;LU;OUI;-;Euronext;2026-08-04;A_VERIFIER;NON_DETERMINE;Fonds EEE sur indice non européen : vérifier la liste émetteur
LU1645381689;UBSETFFL10IMETFP;INFL10;ETF;ETF Plus;EUR;LU;OUI;-;Euronext;2026-08-04;A_VERIFIER;NON_DETERMINE;Fonds EEE sur indice non européen : vérifier la liste émetteur
LU1645385839;UBSETFHEMBIMETFP;SHEMB;ETF;ETF Plus;EUR;LU;OUI;-;Euronext;2026-08-04;A_VERIFIER;NON_DETERMINE;Fonds EEE sur indice non européen : vérifier la liste émetteur
LU1645386480;UBSETFHEMEIMETFP;SHEME;ETF;ETF Plus;EUR;LU;OUI;-;Euronext;2026-08-04;A_VERIFIER;NON_DETERMINE;Fonds EEE sur indice non européen : vérifier la liste émetteur
LU1646360542;AMUETFMXJPSXXPAR;JPHD;ETF;Euronext Paris;EUR;LU;OUI;ESG ETF art. 8;Euronext;2026-08-04;A_VERIFIER;NON_DETERMINE;Fonds EEE sur indice non européen : vérifier la liste émetteur
LU1646360971;AMUNDI Core EMU;MFE;ETF;Euronext Paris | ETF Plus;EUR;LU;OUI;-;Euronext;2026-08-04;PROBABLE;INDICE_EUROPEEN;Indice actions européen — quota 75 % actions UE respecté de fait
LU1646361276;AMUNDI Core EMUACC;MFEC;ETF;Euronext Paris;EUR;LU;OUI;-;Euronext;2026-08-04;PROBABLE;INDICE_EUROPEEN;Indice actions européen — quota 75 % actions UE respecté de fait
LU1650487413;AMUNDI EUROGOV 13Y;MTA;ETF;Euronext Paris | ETF Plus;EUR;LU;OUI;-;Euronext;2026-08-04;NON;CLASSE_ACTIFS;Obligataire/monétaire/crypto/matières premières sans montage PEA
LU1650488494;AMUNDI EUROGOV 35Y;MTB;ETF;Euronext Paris | ETF Plus;EUR;LU;OUI;-;Euronext;2026-08-04;NON;CLASSE_ACTIFS;Obligataire/monétaire/crypto/matières premières sans montage PEA
LU1650489385;AMUNDI EUR GOV1015;MTE;ETF;Euronext Paris | ETF Plus;EUR;LU;OUI;-;Euronext;2026-08-04;NON;CLASSE_ACTIFS;Obligataire/monétaire/crypto/matières premières sans montage PEA
LU1650491282;AMUNDI Eur Gov Inf;MTI;ETF;Euronext Paris | ETF Plus;EUR;LU;OUI;-;Euronext;2026-08-04;A_VERIFIER;NON_DETERMINE;Fonds EEE sur indice non européen : vérifier la liste émetteur
LU1650492173;AMUNDI FTSE 100;L100;ETF;Euronext Paris | ETF Plus;EUR;LU;OUI;-;Euronext;2026-08-04;A_VERIFIER;NON_DETERMINE;Fonds EEE sur indice non européen : vérifier la liste émetteur
LU1650492330;AMUNDI FTSE 100 MH;100H;ETF;Euronext Paris;EUR;LU;OUI;-;Euronext;2026-08-04;A_VERIFIER;NON_DETERMINE;Fonds EEE sur indice non européen : vérifier la liste émetteur
LU1655103486;Os BLM EX (EUR);OP4E;ETF;Euronext Paris;EUR;LU;OUI;ESG ETF art. 9;Euronext;2026-08-04;PROBABLE;INDICE_EUROPEEN;Indice actions européen — quota 75 % actions UE respecté de fait
LU1655103643;Os BLM JAP (Eur);OP5E;ETF;Euronext Paris;EUR;LU;OUI;ESG ETF art. 9;Euronext;2026-08-04;A_VERIFIER;NON_DETERMINE;Fonds EEE sur indice non européen : vérifier la liste émetteur
LU1655103726;Os BLM JAP (HDG);OP5H;ETF;Euronext Paris;EUR;LU;OUI;ESG ETF art. 9;Euronext;2026-08-04;A_VERIFIER;NON_DETERMINE;Fonds EEE sur indice non européen : vérifier la liste émetteur
LU1659681230;BNP EM SRI EC ESG;EMIS;ETF;Euronext Paris;EUR;LU;OUI;ESG ETF art. 9;Euronext;2026-08-04;A_VERIFIER;NON_DETERMINE;Fonds EEE sur indice non européen : vérifier la liste émetteur
LU1659681313;BNP EM SRI PAB ED;EISR;ETF;Euronext Paris | ETF Plus;EUR;LU;OUI;ESG ETF art. 9;Euronext;2026-08-04;A_VERIFIER;NON_DETERMINE;Fonds EEE sur indice non européen : vérifier la liste émetteur
LU1659681586;BNP US SRI PAB EC;EKLDC;ETF;Euronext Paris;EUR;LU;OUI;ESG ETF art. 9;Euronext;2026-08-04;A_VERIFIER;NON_DETERMINE;Fonds EEE sur indice non européen : vérifier la liste émetteur
LU1659681669;BNP US SRI PAB ED;EKUS;ETF;Euronext Paris | ETF Plus;EUR;LU;OUI;ESG ETF art. 9;Euronext;2026-08-04;A_VERIFIER;NON_DETERMINE;Fonds EEE sur indice non européen : vérifier la liste émetteur
LU1681037518;AMUETFMBESGRETFP;FMI;ETF;ETF Plus | Euronext Paris;EUR;LU;OUI;ESG ETF art. 8;Euronext;2026-08-04;PROBABLE;INDICE_EUROPEEN;Indice actions européen — quota 75 % actions UE respecté de fait
LU1681037609;AMUNDI TOPIX EUR;TPXE;ETF;Euronext Paris;EUR;LU;OUI;-;Euronext;2026-08-04;A_VERIFIER;NON_DETERMINE;Fonds EEE sur indice non européen : vérifier la liste émetteur
LU1681037781;AMUNDI TOPIX JPY;TPXY;ETF;Euronext Paris - Multi-currency Trading;JPY;LU;OUI;-;Euronext;2026-08-04;A_VERIFIER;NON_DETERMINE;Fonds EEE sur indice non européen : vérifier la liste émetteur
LU1681037864;AMUETFTPXHIMETFP;TPXH;ETF;ETF Plus | Euronext Paris;EUR;LU;OUI;-;Euronext;2026-08-04;A_VERIFIER;NON_DETERMINE;Fonds EEE sur indice non européen : vérifier la liste émetteur
LU1681037948;AMUNDI TPX USD HD;TPHU;ETF;Euronext Paris - Multi-currency Trading;USD;LU;OUI;-;Euronext;2026-08-04;A_VERIFIER;NON_DETERMINE;Fonds EEE sur indice non européen : vérifier la liste émetteur
LU1681038086;AMUNDI TPX GBP HD;TPHG;ETF;Euronext Paris - Multi-currency Trading;GBP;LU;OUI;-;Euronext;2026-08-04;A_VERIFIER;NON_DETERMINE;Fonds EEE sur indice non européen : vérifier la liste émetteur
LU1681038169;AMUNDI TPX CHF DH;TPHC;ETF;Euronext Paris - Multi-currency Trading;CHF;LU;OUI;-;Euronext;2026-08-04;A_VERIFIER;NON_DETERMINE;Fonds EEE sur indice non européen : vérifier la liste émetteur
LU1681038243;AMUETFND100ETFP;ANX;ETF;ETF Plus | Euronext Paris;EUR;LU;OUI;-;Euronext;2026-08-04;A_VERIFIER;NON_DETERMINE;Fonds EEE sur indice non européen : vérifier la liste émetteur
LU1681038326;AMUNDI ETF NDX-B;ANXU;ETF;Euronext Paris - Multi-currency Trading;USD;LU;OUI;-;Euronext;2026-08-04;A_VERIFIER;NON_DETERMINE;Fonds EEE sur indice non européen : vérifier la liste émetteur
LU1681038599;AMUETFNDXHIMETFP;NDXH;ETF;ETF Plus | Euronext Paris;EUR;LU;OUI;-;Euronext;2026-08-04;A_VERIFIER;NON_DETERMINE;Fonds EEE sur indice non européen : vérifier la liste émetteur
LU1681038672;AMUETFRU2000ETFP;RS2K;ETF;ETF Plus | Euronext Paris;EUR;LU;OUI;-;Euronext;2026-08-04;A_VERIFIER;NON_DETERMINE;Fonds EEE sur indice non européen : vérifier la liste émetteur
LU1681038839;AMUNDI RUSSEL 2000;RS2U;ETF;Euronext Paris - Multi-currency Trading;USD;LU;OUI;-;Euronext;2026-08-04;A_VERIFIER;NON_DETERMINE;Fonds EEE sur indice non européen : vérifier la liste émetteur
LU1681038912;AMUNDI JPXNK 400;JPNK;ETF;Euronext Paris;EUR;LU;OUI;-;Euronext;2026-08-04;A_VERIFIER;NON_DETERMINE;Fonds EEE sur indice non européen : vérifier la liste émetteur
LU1681039050;AMUNDI JPXNK 400;JPNY;ETF;Euronext Paris - Multi-currency Trading;JPY;LU;OUI;-;Euronext;2026-08-04;A_VERIFIER;NON_DETERMINE;Fonds EEE sur indice non européen : vérifier la liste émetteur
LU1681039134;AMUNDI JPNK EUR HD;JPHE;ETF;Euronext Paris;EUR;LU;OUI;-;Euronext;2026-08-04;A_VERIFIER;NON_DETERMINE;Fonds EEE sur indice non européen : vérifier la liste émetteur
LU1681039217;AMUNDI JPNK USD HD;JPHU;ETF;Euronext Paris - Multi-currency Trading;USD;LU;OUI;-;Euronext;2026-08-04;A_VERIFIER;NON_DETERMINE;Fonds EEE sur indice non européen : vérifier la liste émetteur
LU1681039308;AMUNDI JPNK GBP HD;JPHG;ETF;Euronext Paris - Multi-currency Trading;GBP;LU;OUI;-;Euronext;2026-08-04;A_VERIFIER;NON_DETERMINE;Fonds EEE sur indice non européen : vérifier la liste émetteur
LU1681039480;AMUETFEPRNEUETFP;EPRE;ETF;ETF Plus | Euronext Paris;EUR;LU;OUI;-;Euronext;2026-08-04;A_VERIFIER;NON_DETERMINE;Fonds EEE sur indice non européen : vérifier la liste émetteur
LU1681039647;AMUETFCC4IMETFP;CC4;ETF;ETF Plus | Euronext Paris;EUR;LU;OUI;ESG ETF art. 8;Euronext;2026-08-04;NON;CLASSE_ACTIFS;Obligataire/monétaire/crypto/matières premières sans montage PEA
LU1681040223;AMUNDI ETF STOX600;C6E;ETF;Euronext Paris;EUR;LU;OUI;ESG ETF art. 8;Euronext;2026-08-04;PROBABLE;INDICE_EUROPEEN;Indice actions européen — quota 75 % actions UE respecté de fait
LU1681040496;AMUETFAHYEIMETFP;AHYE;ETF;ETF Plus | Euronext Paris;EUR;LU;OUI;ESG ETF art. 8;Euronext;2026-08-04;NON;CLASSE_ACTIFS;Obligataire/monétaire/crypto/matières premières sans montage PEA
LU1681040900;AMUETFHFRNIMETFP;USFRN;ETF;ETF Plus | Euronext Paris - Multi-currency Trading;EUR;LU;OUI;ESG ETF art. 8;Euronext;2026-08-04;NON;CLASSE_ACTIFS;Obligataire/monétaire/crypto/matières premières sans montage PEA
LU1681041031;AMUETFHFRNIMETFP;HFRN;ETF;ETF Plus | Euronext Paris;EUR;LU;OUI;ESG ETF art. 8;Euronext;2026-08-04;A_VERIFIER;NON_DETERMINE;Fonds EEE sur indice non européen : vérifier la liste émetteur
LU1681041114;AMUETFAFRNIMETFP;AFRN;ETF;ETF Plus | Euronext Paris;EUR;LU;OUI;ESG ETF art. 8;Euronext;2026-08-04;NON;CLASSE_ACTIFS;Obligataire/monétaire/crypto/matières premières sans montage PEA
LU1681041205;AMUETFAGEBIMETFP;AGEB;ETF;ETF Plus | Euronext Paris - Multi-currency Trading;EUR;LU;OUI;-;Euronext;2026-08-04;NON;CLASSE_ACTIFS;Obligataire/monétaire/crypto/matières premières sans montage PEA
LU1681041460;AMUNDI MSCI EURMOM;MCEU;ETF;Euronext Paris;EUR;LU;OUI;-;Euronext;2026-08-04;PROBABLE;INDICE_EUROPEEN;Indice actions européen — quota 75 % actions UE respecté de fait
LU1681041544;AMUNDI ETF EUR MID;CEM;ETF;Euronext Paris;EUR;LU;OUI;ESG ETF art. 8;Euronext;2026-08-04;PROBABLE;INDICE_EUROPEEN;Indice actions européen — quota 75 % actions UE respecté de fait
LU1681041890;AMUETFQCEUIMETFP;QCEU;ETF;ETF Plus | Euronext Paris;EUR;LU;OUI;-;Euronext;2026-08-04;PROBABLE;INDICE_EUROPEEN;Indice actions européen — quota 75 % actions UE respecté de fait
LU1681041973;AMUNDI ETF EU HDVD;CD9;ETF;Euronext Paris;EUR;LU;OUI;-;Euronext;2026-08-04;A_VERIFIER;NON_DETERMINE;Fonds EEE sur indice non européen : vérifier la liste émetteur
LU1681042435;AMUNDI ETF EU GROW;CG9;ETF;Euronext Paris;EUR;LU;OUI;-;Euronext;2026-08-04;PROBABLE;INDICE_EUROPEEN;Indice actions européen — quota 75 % actions UE respecté de fait
LU1681042518;AMUETFVCEUIMETFP;VCEU;ETF;ETF Plus | Euronext Paris;EUR;LU;OUI;-;Euronext;2026-08-04;A_VERIFIER;NON_DETERMINE;Fonds EEE sur indice non européen : vérifier la liste émetteur
LU1681042609;AMUETFCEUIMETFP;CEU;ETF;ETF Plus | Euronext Paris | Euronext Amsterdam - Multi-currency Trading;EUR;LU;OUI;ESG ETF art. 8;Euronext;2026-08-04;A_VERIFIER;NON_DETERMINE;Fonds EEE sur indice non européen : vérifier la liste émetteur
LU1681042864;AMUETFMXUSIMETFP;CU2;ETF;ETF Plus | Euronext Paris;EUR;LU;OUI;ESG ETF art. 8;Euronext;2026-08-04;OUI;NOM_PEA;Marquage « PEA » dans le nom émetteur
LU1681042948;AMUNDI ETF USA-B;CU2U;ETF;Euronext Paris - Multi-currency Trading;USD;LU;OUI;ESG ETF art. 8;Euronext;2026-08-04;A_VERIFIER;NON_DETERMINE;Fonds EEE sur indice non européen : vérifier la liste émetteur
LU1681043086;AMUETFCI2IMETFP;CI2;ETF;ETF Plus | Euronext Paris;EUR;LU;OUI;-;Euronext;2026-08-04;A_VERIFIER;NON_DETERMINE;Fonds EEE sur indice non européen : vérifier la liste émetteur
LU1681043169;AMUNDI ETF INDIA-B;CI2U;ETF;Euronext Paris - Multi-currency Trading;USD;LU;OUI;-;Euronext;2026-08-04;A_VERIFIER;NON_DETERMINE;Fonds EEE sur indice non européen : vérifier la liste émetteur
LU1681043599;AMUETFMXWOETFP;CW8;ETF;ETF Plus | Euronext Paris;EUR;LU;OUI;-;Euronext;2026-08-04;A_VERIFIER;NON_DETERMINE;Fonds EEE sur indice non européen : vérifier la liste émetteur
LU1681043672;AMUNDI ETF WORLD-B;CW8U;ETF;Euronext Paris - Multi-currency Trading;USD;LU;OUI;-;Euronext;2026-08-04;A_VERIFIER;NON_DETERMINE;Fonds EEE sur indice non européen : vérifier la liste émetteur
LU1681043912;AMUETFMSCHETFP;CC1;ETF;ETF Plus | Euronext Paris;EUR;LU;OUI;ESG ETF art. 8;Euronext;2026-08-04;A_VERIFIER;NON_DETERMINE;Fonds EEE sur indice non européen : vérifier la liste émetteur
LU1681044050;AMUNDI ETF CHINA-B;CC1U;ETF;Euronext Paris - Multi-currency Trading;USD;LU;OUI;ESG ETF art. 8;Euronext;2026-08-04;A_VERIFIER;NON_DETERMINE;Fonds EEE sur indice non européen : vérifier la liste émetteur
LU1681044308;AMUNDI ETF EU X SW;CS9;ETF;Euronext Paris;EUR;LU;OUI;ESG ETF art. 8;Euronext;2026-08-04;PROBABLE;INDICE_EUROPEEN;Indice actions européen — quota 75 % actions UE respecté de fait
LU1681044480;AMUETFEMAEIMETFP;AASI;ETF;ETF Plus | Euronext Paris;EUR;LU;OUI;-;Euronext;2026-08-04;A_VERIFIER;NON_DETERMINE;Fonds EEE sur indice non européen : vérifier la liste émetteur
LU1681044563;AMUNDI ETF EM AS U;AASU;ETF;Euronext Paris - Multi-currency Trading;USD;LU;OUI;-;Euronext;2026-08-04;A_VERIFIER;NON_DETERMINE;Fonds EEE sur indice non européen : vérifier la liste émetteur
LU1681044647;AMUETFCN1IMETFP;CN1;ETF;ETF Plus | Euronext Paris;EUR;LU;OUI;-;Euronext;2026-08-04;PROBABLE;INDICE_EUROPEEN;Indice actions européen — quota 75 % actions UE respecté de fait
LU1681044720;AMUNDI ETF MS SWI;CSW;ETF;Euronext Paris;EUR;LU;OUI;-;Euronext;2026-08-04;A_VERIFIER;NON_DETERMINE;Fonds EEE sur indice non européen : vérifier la liste émetteur
LU1681044993;AMUNDI MSCI SWITZ;CSWC;ETF;Euronext Paris - Multi-currency Trading;CHF;LU;OUI;-;Euronext;2026-08-04;A_VERIFIER;NON_DETERMINE;Fonds EEE sur indice non européen : vérifier la liste émetteur
LU1681045024;AMUETFATAMIMETFP;ALAT;ETF;ETF Plus | Euronext Paris;EUR;LU;OUI;-;Euronext;2026-08-04;A_VERIFIER;NON_DETERMINE;Fonds EEE sur indice non européen : vérifier la liste émetteur
LU1681045297;AMUNDI ETF EM LA U;ALAU;ETF;Euronext Paris - Multi-currency Trading;USD;LU;OUI;-;Euronext;2026-08-04;A_VERIFIER;NON_DETERMINE;Fonds EEE sur indice non européen : vérifier la liste émetteur
LU1681045370;AMUETFMSEMMAETFP;AEEM;ETF;ETF Plus | Euronext Paris;EUR;LU;OUI;-;Euronext;2026-08-04;A_VERIFIER;NON_DETERMINE;Fonds EEE sur indice non européen : vérifier la liste émetteur
LU1681045453;AMUNDI ETF MS EM B;AUEM;ETF;Euronext Paris - Multi-currency Trading;USD;LU;OUI;-;Euronext;2026-08-04;A_VERIFIER;NON_DETERMINE;Fonds EEE sur indice non européen : vérifier la liste émetteur
LU1681045537;AMUNDI ETF W EX EU;CE8;ETF;Euronext Paris;EUR;LU;OUI;-;Euronext;2026-08-04;A_VERIFIER;NON_DETERMINE;Fonds EEE sur indice non européen : vérifier la liste émetteur
LU1681046006;AMUETFXDW0IMETFP;CWE;ETF;ETF Plus | Euronext Paris;EUR;LU;OUI;ESG ETF art. 8;Euronext;2026-08-04;A_VERIFIER;NON_DETERMINE;Fonds EEE sur indice non européen : vérifier la liste émetteur
LU1681046188;AMUNDI MSCIWL ENYU;CWEU;ETF;Euronext Paris - Multi-currency Trading;USD;LU;OUI;ESG ETF art. 8;Euronext;2026-08-04;A_VERIFIER;NON_DETERMINE;Fonds EEE sur indice non européen : vérifier la liste émetteur
LU1681046261;AMUETFCB3IMETFP;CB3;ETF;ETF Plus | Euronext Paris;EUR;LU;OUI;-;Euronext;2026-08-04;A_VERIFIER;NON_DETERMINE;Fonds EEE sur indice non européen : vérifier la liste émetteur
LU1681046345;AMUETFX13GIMETFP;X13G;ETF;ETF Plus | Euronext Paris;EUR;LU;OUI;-;Euronext;2026-08-04;A_VERIFIER;NON_DETERMINE;Fonds EEE sur indice non européen : vérifier la liste émetteur
LU1681046691;AMUETFAM3AIMETFP;AM3A;ETF;ETF Plus | Euronext Paris;EUR;LU;OUI;-;Euronext;2026-08-04;A_VERIFIER;NON_DETERMINE;Fonds EEE sur indice non européen : vérifier la liste émetteur
LU1681046774;AMUETFX1GIMETFP;X1G;ETF;ETF Plus | Euronext Paris;EUR;LU;OUI;-;Euronext;2026-08-04;NON;CLASSE_ACTIFS;Obligataire/monétaire/crypto/matières premières sans montage PEA
LU1681046857;AMUNDI LW RATED D;X1GD;ETF;Euronext Paris;EUR;LU;OUI;-;Euronext;2026-08-04;A_VERIFIER;NON_DETERMINE;Fonds EEE sur indice non européen : vérifier la liste émetteur
LU1681046931;AMUETFC40IMETFP;C40;ETF;ETF Plus | Euronext Paris;EUR;LU;OUI;ESG ETF art. 8;Euronext;2026-08-04;PROBABLE;INDICE_EUROPEEN;Indice actions européen — quota 75 % actions UE respecté de fait
LU1681047079;AMUNDIETF CAC40(D);C4D;ETF;Euronext Paris;EUR;LU;OUI;ESG ETF art. 8;Euronext;2026-08-04;PROBABLE;INDICE_EUROPEEN;Indice actions européen — quota 75 % actions UE respecté de fait
LU1681047236;AMUETFEUS50ETFP;C50;ETF;ETF Plus | Euronext Paris;EUR;LU;OUI;-;Euronext;2026-08-04;A_VERIFIER;NON_DETERMINE;Fonds EEE sur indice non européen : vérifier la liste émetteur
LU1681047319;AMUNDI ETF ES50 D;CD5;ETF;Euronext Paris;EUR;LU;OUI;-;Euronext;2026-08-04;A_VERIFIER;NON_DETERMINE;Fonds EEE sur indice non européen : vérifier la liste émetteur
LU1681047400;AMUNDI ES50 USD;C50U;ETF;Euronext Paris - Multi-currency Trading;USD;LU;OUI;-;Euronext;2026-08-04;A_VERIFIER;NON_DETERMINE;Fonds EEE sur indice non européen : vérifier la liste émetteur
LU1681047665;AMUNDI JPNK CHF HD;JPHC;ETF;Euronext Paris - Multi-currency Trading;CHF;LU;OUI;-;Euronext;2026-08-04;A_VERIFIER;NON_DETERMINE;Fonds EEE sur indice non européen : vérifier la liste émetteur
LU1681048127;AMUETFB500IMETFP;B500;ETF;ETF Plus | Euronext Paris;EUR;LU;OUI;-;Euronext;2026-08-04;A_VERIFIER;NON_DETERMINE;Fonds EEE sur indice non européen : vérifier la liste émetteur
LU1681048556;AMUNDI S&P BBck US;BYBU;ETF;Euronext Paris - Multi-currency Trading;USD;LU;OUI;-;Euronext;2026-08-04;A_VERIFIER;NON_DETERMINE;Fonds EEE sur indice non européen : vérifier la liste émetteur
LU1681048630;AMUETFGLUXIMETFP;GLUX;ETF;ETF Plus | Euronext Paris;EUR;LU;OUI;-;Euronext;2026-08-04;A_VERIFIER;NON_DETERMINE;Fonds EEE sur indice non européen : vérifier la liste émetteur
LU1681048713;AMUNDI G LUX USD;LUXU;ETF;Euronext Paris - Multi-currency Trading;USD;LU;OUI;-;Euronext;2026-08-04;A_VERIFIER;NON_DETERMINE;Fonds EEE sur indice non européen : vérifier la liste émetteur
LU1681048804;AMUETFSP500TETFP;A500;ETF;ETF Plus | Euronext Paris;EUR;LU;OUI;-;Euronext;2026-08-04;A_VERIFIER;NON_DETERMINE;Fonds EEE sur indice non européen : vérifier la liste émetteur
LU1681049018;AMUNDI ETF SP500;500E;ETF;Euronext Amsterdam | Euronext Paris - Multi-currency Trading;EUR;LU;OUI;-;Euronext;2026-08-04;A_VERIFIER;NON_DETERMINE;Fonds EEE sur indice non européen : vérifier la liste émetteur
LU1681049109;AMUETF500HITETFP;500H;ETF;ETF Plus | Euronext Paris;EUR;LU;OUI;-;Euronext;2026-08-04;A_VERIFIER;NON_DETERMINE;Fonds EEE sur indice non européen : vérifier la liste émetteur
LU1686830909;LYXETFMKTBIMETFP;EMKTB;ETF;ETF Plus;EUR;LU;OUI;-;Euronext;2026-08-04;NON;CLASSE_ACTIFS;Obligataire/monétaire/crypto/matières premières sans montage PEA
LU1686831030;LYXETFEMBHIMETFP;EMBHI;ETF;ETF Plus;EUR;LU;OUI;-;Euronext;2026-08-04;A_VERIFIER;NON_DETERMINE;Fonds EEE sur indice non européen : vérifier la liste émetteur
LU1686832194;AMUNDI LY DURA 25Y;MTH;ETF;Euronext Paris;EUR;LU;OUI;-;Euronext;2026-08-04;NON;CLASSE_ACTIFS;Obligataire/monétaire/crypto/matières premières sans montage PEA
LU1691909508;AMUNDI GENDER EQUA;ELLE;ETF;Euronext Paris;EUR;LU;OUI;ESG ETF art. 8;Euronext;2026-08-04;A_VERIFIER;NON_DETERMINE;Fonds EEE sur indice non européen : vérifier la liste émetteur
LU1708330235;AMUETFGOVHIMETFP;GOVH;ETF;ETF Plus | Euronext Paris;EUR;LU;OUI;-;Euronext;2026-08-04;A_VERIFIER;NON_DETERMINE;Fonds EEE sur indice non européen : vérifier la liste émetteur
LU1708330318;AMUETFGAGHIMETFP;GAGH;ETF;ETF Plus | Euronext Paris;EUR;LU;OUI;-;Euronext;2026-08-04;A_VERIFIER;NON_DETERMINE;Fonds EEE sur indice non européen : vérifier la liste émetteur
LU1720938841;UBSETFMLOCIMETFP;EMLOC;ETF;ETF Plus;EUR;LU;OUI;-;Euronext;2026-08-04;NON;CLASSE_ACTIFS;Obligataire/monétaire/crypto/matières premières sans montage PEA
LU1737652583;AMUETFGEASIMETFP;AEMD;ETF;ETF Plus;EUR;LU;OUI;-;Euronext;2026-08-04;A_VERIFIER;NON_DETERMINE;Fonds EEE sur indice non européen : vérifier la liste émetteur
LU1737653714;AMUETFMTIGIMETFP;MTIG;ETF;ETF Plus;EUR;LU;OUI;-;Euronext;2026-08-04;A_VERIFIER;NON_DETERMINE;Fonds EEE sur indice non européen : vérifier la liste émetteur
LU1753045332;BNP EU SRI PAB EC;SRIEC;ETF;Euronext Paris;EUR;LU;OUI;ESG ETF art. 9;Euronext;2026-08-04;A_VERIFIER;NON_DETERMINE;Fonds EEE sur indice non européen : vérifier la liste émetteur
LU1753045415;BNP EU SRI PAB ED;SRIE;ETF;Euronext Paris | ETF Plus;EUR;LU;OUI;ESG ETF art. 9;Euronext;2026-08-04;A_VERIFIER;NON_DETERMINE;Fonds EEE sur indice non européen : vérifier la liste émetteur
LU1753045845;BNP JP SRI PAB EC;SRIJC;ETF;Euronext Paris;EUR;LU;OUI;ESG ETF art. 9;Euronext;2026-08-04;A_VERIFIER;NON_DETERMINE;Fonds EEE sur indice non européen : vérifier la liste émetteur
LU1753045928;BNP JP SRI PAB ED;SRIJ;ETF;Euronext Paris | ETF Plus;EUR;LU;OUI;ESG ETF art. 9;Euronext;2026-08-04;A_VERIFIER;NON_DETERMINE;Fonds EEE sur indice non européen : vérifier la liste émetteur
LU1769738383;COMPAM FUND GLOBAL;COMGFB;OPCVM;ATFund Instruments;EUR;LU;OUI;;Euronext;2026-08-04;A_VERIFIER;NON_DETERMINE;Fonds EEE sur indice non européen : vérifier la liste émetteur
LU1778293313;AMUNDI G AG500 UH;GAHU;ETF;Euronext Paris - Multi-currency Trading;USD;LU;OUI;-;Euronext;2026-08-04;A_VERIFIER;NON_DETERMINE;Fonds EEE sur indice non européen : vérifier la liste émetteur
LU1781541252;Lyxor Core Japan;LCJP;ETF;Euronext Amsterdam - Multi-currency Trading | ETF Plus;JPY;LU;OUI;-;Euronext;2026-08-04;A_VERIFIER;NON_DETERMINE;Fonds EEE sur indice non européen : vérifier la liste émetteur
LU1781541849;MULETFEMAEIMETFP;LCAS;ETF;ETF Plus;EUR;LU;OUI;-;Euronext;2026-08-04;A_VERIFIER;NON_DETERMINE;Fonds EEE sur indice non européen : vérifier la liste émetteur
LU1783934646;COMPAM FUND A G EQ;COMGEQ;OPCVM;ATFund Instruments;EUR;LU;OUI;;Euronext;2026-08-04;A_VERIFIER;NON_DETERMINE;Fonds EEE sur indice non européen : vérifier la liste émetteur
LU1804202403;UBSETFEUFMIMETFP;EUFM;ETF;ETF Plus;EUR;LU;OUI;-;Euronext;2026-08-04;PROBABLE;INDICE_EUROPEEN;Indice actions européen — quota 75 % actions UE respecté de fait
LU1805389258;UBSETFE15SIMETFP;E15S;ETF;ETF Plus;EUR;LU;OUI;ESG ETF art. 8;Euronext;2026-08-04;A_VERIFIER;NON_DETERMINE;Fonds EEE sur indice non européen : vérifier la liste émetteur
LU1805389506;UBSETFI33251ETFP;EUC;ETF;ETF Plus;EUR;LU;OUI;-;Euronext;2026-08-04;A_VERIFIER;NON_DETERMINE;Fonds EEE sur indice non européen : vérifier la liste émetteur
LU1806495575;AMUETFUCRPIMETFP;UCRP;ETF;ETF Plus | Euronext Paris - Multi-currency Trading;EUR;LU;OUI;ESG ETF art. 8;Euronext;2026-08-04;NON;CLASSE_ACTIFS;Obligataire/monétaire/crypto/matières premières sans montage PEA
LU1812090543;AMUNDI EUR H YIELD;YIEL;ETF;Euronext Paris | ETF Plus;EUR;LU;OUI;ESG ETF art. 8;Euronext;2026-08-04;NON;CLASSE_ACTIFS;Obligataire/monétaire/crypto/matières premières sans montage PEA
LU1812091194;Amundi FTSE Epra;MEH;ETF;Euronext Paris | ETF Plus;EUR;LU;OUI;-;Euronext;2026-08-04;A_VERIFIER;NON_DETERMINE;Fonds EEE sur indice non européen : vérifier la liste émetteur
LU1812092168;AMUNDI STX EU SDIV;SEL;ETF;Euronext Paris | ETF Plus;EUR;LU;OUI;-;Euronext;2026-08-04;A_VERIFIER;NON_DETERMINE;Fonds EEE sur indice non européen : vérifier la liste émetteur
LU1829218749;AMUNDI BBG Eql wgt;COMO;ETF;Euronext Paris | ETF Plus;EUR;LU;OUI;-;Euronext;2026-08-04;A_VERIFIER;NON_DETERMINE;Fonds EEE sur indice non européen : vérifier la liste émetteur
LU1829218822;AMUNDI ESG CRPEXFN;CNB;ETF;Euronext Paris | ETF Plus;EUR;LU;OUI;ESG ETF art. 8;Euronext;2026-08-04;NON;CLASSE_ACTIFS;Obligataire/monétaire/crypto/matières premières sans montage PEA
LU1829219127;AMUNDI ESG EUR CRP;CRP;ETF;Euronext Paris | ETF Plus;EUR;LU;OUI;ESG ETF art. 8;Euronext;2026-08-04;A_VERIFIER;NON_DETERMINE;Fonds EEE sur indice non européen : vérifier la liste émetteur
LU1829219390;AMUNDI EUR STXBNK;BNKE;ETF;Euronext Paris | ETF Plus;EUR;LU;OUI;-;Euronext;2026-08-04;PROBABLE;INDICE_EUROPEEN;Indice actions européen — quota 75 % actions UE respecté de fait
LU1829219556;AMUNDI EMTS BD 13Y;MA13;ETF;Euronext Paris | ETF Plus;EUR;LU;OUI;-;Euronext;2026-08-04;A_VERIFIER;NON_DETERMINE;Fonds EEE sur indice non européen : vérifier la liste émetteur
LU1829219713;AMUNDI EMTS BD 35Y;MA35;ETF;Euronext Paris | ETF Plus;EUR;LU;OUI;-;Euronext;2026-08-04;A_VERIFIER;NON_DETERMINE;Fonds EEE sur indice non européen : vérifier la liste émetteur
LU1829220216;AMUNDI ALL CNTYWLD;ACWI;ETF;Euronext Paris | ETF Plus;EUR;LU;OUI;-;Euronext;2026-08-04;A_VERIFIER;NON_DETERMINE;Fonds EEE sur indice non européen : vérifier la liste émetteur
LU1829221024;AMUNDI NASDAQ 100;UST;ETF;Euronext Paris | ETF Plus;EUR;LU;OUI;-;Euronext;2026-08-04;A_VERIFIER;NON_DETERMINE;Fonds EEE sur indice non européen : vérifier la liste émetteur
LU1832418773;AMUNDI EPRA G DEV;MWO;ETF;Euronext Paris | ETF Plus;EUR;LU;OUI;-;Euronext;2026-08-04;A_VERIFIER;NON_DETERMINE;Fonds EEE sur indice non européen : vérifier la liste émetteur
LU1834983477;AMUNDI STX EU BANK;BNK;ETF;Euronext Paris | ETF Plus;EUR;LU;OUI;-;Euronext;2026-08-04;A_VERIFIER;NON_DETERMINE;Fonds EEE sur indice non européen : vérifier la liste émetteur
LU1834983550;AMUNDI ST EU BA RE;BRES;ETF;Euronext Paris | ETF Plus;EUR;LU;OUI;-;Euronext;2026-08-04;A_VERIFIER;NON_DETERMINE;Fonds EEE sur indice non européen : vérifier la liste émetteur
LU1834983634;AMUNDI STX600 BMAT;CHM;ETF;Euronext Paris | ETF Plus;EUR;LU;OUI;-;Euronext;2026-08-04;A_VERIFIER;NON_DETERMINE;Fonds EEE sur indice non européen : vérifier la liste émetteur
LU1834985845;AMUNDI STX600 CONS;FOO;ETF;Euronext Paris | ETF Plus;EUR;LU;OUI;-;Euronext;2026-08-04;A_VERIFIER;NON_DETERMINE;Fonds EEE sur indice non européen : vérifier la liste émetteur
LU1834986900;AMUNDI ST EU HLTHC;HLT;ETF;Euronext Paris | ETF Plus;EUR;LU;OUI;-;Euronext;2026-08-04;A_VERIFIER;NON_DETERMINE;Fonds EEE sur indice non européen : vérifier la liste émetteur
LU1834987890;AMUNDI STX600 INDU;IND;ETF;Euronext Paris | ETF Plus;EUR;LU;OUI;-;Euronext;2026-08-04;A_VERIFIER;NON_DETERMINE;Fonds EEE sur indice non européen : vérifier la liste émetteur
LU1834987973;AMUNDI STX 600 INS;INS;ETF;Euronext Paris | ETF Plus;EUR;LU;OUI;-;Euronext;2026-08-04;A_VERIFIER;NON_DETERMINE;Fonds EEE sur indice non européen : vérifier la liste émetteur
LU1834988278;AMUNDI ST EU ENERG;ENRG;ETF;Euronext Paris | ETF Plus;EUR;LU;OUI;ESG ETF art. 8;Euronext;2026-08-04;PROBABLE;INDICE_EUROPEEN;Indice actions européen — quota 75 % actions UE respecté de fait
LU1834988518;AMUNDI STX EU TECH;TNO;ETF;Euronext Paris | ETF Plus;EUR;LU;OUI;-;Euronext;2026-08-04;A_VERIFIER;NON_DETERMINE;Fonds EEE sur indice non européen : vérifier la liste émetteur
LU1834988609;AMUNDI STX EU TELE;TELE;ETF;Euronext Paris | ETF Plus;EUR;LU;OUI;-;Euronext;2026-08-04;A_VERIFIER;NON_DETERMINE;Fonds EEE sur indice non européen : vérifier la liste émetteur
LU1834988781;AMUNDI STX600 TRAV;TRV;ETF;Euronext Paris | ETF Plus;EUR;LU;OUI;-;Euronext;2026-08-04;A_VERIFIER;NON_DETERMINE;Fonds EEE sur indice non européen : vérifier la liste émetteur
LU1834988864;AMUNDI ST EU UTILI;UTI;ETF;Euronext Paris | ETF Plus;EUR;LU;OUI;-;Euronext;2026-08-04;A_VERIFIER;NON_DETERMINE;Fonds EEE sur indice non européen : vérifier la liste émetteur
LU1841731745;MULETFXCS6IMETFP;LCCN;ETF;ETF Plus | Euronext Paris;EUR;LU;OUI;-;Euronext;2026-08-04;A_VERIFIER;NON_DETERMINE;Fonds EEE sur indice non européen : vérifier la liste émetteur
LU1847674733;Os BLM (EUR);OP2E;ETF;Euronext Paris;EUR;LU;OUI;ESG ETF art. 9;Euronext;2026-08-04;PROBABLE;INDICE_EUROPEEN;Indice actions européen — quota 75 % actions UE respecté de fait
LU1852211215;UBSETFMDBAIMETFP;MDBA;ETF;ETF Plus;EUR;LU;OUI;ESG ETF art. 8;Euronext;2026-08-04;A_VERIFIER;NON_DETERMINE;Fonds EEE sur indice non européen : vérifier la liste émetteur
LU1852211991;UBSETFMDBEIMETFP;MDBE;ETF;ETF Plus;EUR;LU;OUI;ESG ETF art. 8;Euronext;2026-08-04;A_VERIFIER;NON_DETERMINE;Fonds EEE sur indice non européen : vérifier la liste émetteur
LU1859444769;BNPETFSRICIMETFP;SRIC;ETF;ETF Plus | Euronext Paris;EUR;LU;OUI;ESG ETF art. 8;Euronext;2026-08-04;NON;CLASSE_ACTIFS;Obligataire/monétaire/crypto/matières premières sans montage PEA
LU1861132840;AMUETFGOAIIMETFP;GOAI;ETF;ETF Plus | Euronext Paris | Euronext Amsterdam - Multi-currency Trading;EUR;LU;OUI;ESG ETF art. 8;Euronext;2026-08-04;A_VERIFIER;NON_DETERMINE;Fonds EEE sur indice non européen : vérifier la liste émetteur
LU1861137484;AMUETFUSRII3ETFP;EUSRI;ETF;ETF Plus | Euronext Paris;EUR;LU;OUI;ESG ETF art. 8;Euronext;2026-08-04;PROBABLE;INDICE_EUROPEEN;Indice actions européen — quota 75 % actions UE respecté de fait
LU1861138961;AMUETFMSRIIMETFP;EMSRI;ETF;ETF Plus | Euronext Paris;EUR;LU;OUI;ESG ETF art. 8;Euronext;2026-08-04;A_VERIFIER;NON_DETERMINE;Fonds EEE sur indice non européen : vérifier la liste émetteur
LU1867072495;SAFE SICAV-ELECTRI;PHSEMN;OPCVM;ATFund Instruments;EUR;LU;OUI;;Euronext;2026-08-04;A_VERIFIER;NON_DETERMINE;Fonds EEE sur indice non européen : vérifier la liste émetteur
LU1867072735;PHARUS ASIAN VALUE;PHSAN;OPCVM;ATFund Instruments;EUR;LU;OUI;;Euronext;2026-08-04;A_VERIFIER;NON_DETERMINE;Fonds EEE sur indice non européen : vérifier la liste émetteur
LU1868872802;PHARUS BEST REG. C;PHSTED;OPCVM;ATFund Instruments;EUR;LU;OUI;;Euronext;2026-08-04;A_VERIFIER;NON_DETERMINE;Fonds EEE sur indice non européen : vérifier la liste émetteur
LU1875395870;XTRETFN225NTETFP;XDJE;ETF;ETF Plus;EUR;LU;OUI;-;Euronext;2026-08-04;A_VERIFIER;NON_DETERMINE;Fonds EEE sur indice non européen : vérifier la liste émetteur
LU1900065811;AMUNDI ETF MSCIIND;INDO;ETF;Euronext Paris | ETF Plus;EUR;LU;OUI;-;Euronext;2026-08-04;A_VERIFIER;NON_DETERMINE;Fonds EEE sur indice non européen : vérifier la liste émetteur
LU1900066033;AMUNDI MSCI SEMICO;CHIP;ETF;Euronext Paris | ETF Plus;EUR;LU;OUI;ESG ETF art. 8;Euronext;2026-08-04;A_VERIFIER;NON_DETERMINE;Fonds EEE sur indice non européen : vérifier la liste émetteur
LU1900066207;AMUNDI MSCI BRAZIL;RIO;ETF;Euronext Paris | ETF Plus;EUR;LU;OUI;-;Euronext;2026-08-04;A_VERIFIER;NON_DETERMINE;Fonds EEE sur indice non européen : vérifier la liste émetteur
LU1900066462;AMUNDI ETF EASTERN;CEC;ETF;Euronext Paris | ETF Plus;EUR;LU;OUI;-;Euronext;2026-08-04;A_VERIFIER;NON_DETERMINE;Fonds EEE sur indice non européen : vérifier la liste émetteur
LU1900066975;AMUNDI MSCI Korea;KRW;ETF;Euronext Paris | ETF Plus;EUR;LU;OUI;-;Euronext;2026-08-04;A_VERIFIER;NON_DETERMINE;Fonds EEE sur indice non européen : vérifier la liste émetteur
LU1900067601;AMUNDI MSCI TURKEY;TUR;ETF;Euronext Paris | ETF Plus;EUR;LU;OUI;-;Euronext;2026-08-04;A_VERIFIER;NON_DETERMINE;Fonds EEE sur indice non européen : vérifier la liste émetteur
LU1900067940;MULETFHKIMETFP;HK;ETF;ETF Plus;EUR;LU;OUI;ESG ETF art. 8;Euronext;2026-08-04;A_VERIFIER;NON_DETERMINE;Fonds EEE sur indice non européen : vérifier la liste émetteur
LU1900068161;AMUNDI ASIA EX JPN;APX;ETF;Euronext Paris | ETF Plus;EUR;LU;OUI;-;Euronext;2026-08-04;A_VERIFIER;NON_DETERMINE;Fonds EEE sur indice non européen : vérifier la liste émetteur
LU1900068328;AMUNDI ASI PA EXJP;AEJ;ETF;Euronext Paris | ETF Plus;EUR;LU;OUI;-;Euronext;2026-08-04;A_VERIFIER;NON_DETERMINE;Fonds EEE sur indice non européen : vérifier la liste émetteur
LU1900068914;AMUNDI CHINA ENTP;ASI;ETF;Euronext Paris | ETF Plus;EUR;LU;OUI;ESG ETF art. 8;Euronext;2026-08-04;A_VERIFIER;NON_DETERMINE;Fonds EEE sur indice non européen : vérifier la liste émetteur
LU1900069219;MULETFETFP;COMH;ETF;ETF Plus;EUR;LU;OUI;-;Euronext;2026-08-04;A_VERIFIER;NON_DETERMINE;Fonds EEE sur indice non européen : vérifier la liste émetteur
LU1910939849;MULETFGISTIMETFP;GIST;ETF;ETF Plus;EUR;LU;OUI;-;Euronext;2026-08-04;A_VERIFIER;NON_DETERMINE;Fonds EEE sur indice non européen : vérifier la liste émetteur
LU1910940268;MULETFGISEIMETFP;GISE;ETF;ETF Plus;EUR;LU;OUI;-;Euronext;2026-08-04;A_VERIFIER;NON_DETERMINE;Fonds EEE sur indice non européen : vérifier la liste émetteur
LU1920015366;XTRETFSEMUIMETFP;XEMU;ETF;ETF Plus;EUR;LU;OUI;-;Euronext;2026-08-04;PROBABLE;INDICE_EUROPEEN;Indice actions européen — quota 75 % actions UE respecté de fait
LU1920015440;XTRETFJPEIBNETFP;XUEB;ETF;ETF Plus;EUR;LU;OUI;-;Euronext;2026-08-04;A_VERIFIER;NON_DETERMINE;Fonds EEE sur indice non européen : vérifier la liste émetteur
LU1923163676;AMUNDI FRN 1 3 GBP;AFRHG;ETF;Euronext Paris - Multi-currency Trading;GBP;LU;OUI;ESG ETF art. 8;Euronext;2026-08-04;A_VERIFIER;NON_DETERMINE;Fonds EEE sur indice non européen : vérifier la liste émetteur
LU1923163759;AMUNDI FRN 1 3 USD;AFRHU;ETF;Euronext Paris - Multi-currency Trading;USD;LU;OUI;ESG ETF art. 8;Euronext;2026-08-04;A_VERIFIER;NON_DETERMINE;Fonds EEE sur indice non européen : vérifier la liste émetteur
LU1931974262;AMUETFTFEUIMETFP;ETFEU;ETF;ETF Plus;EUR;LU;OUI;-;Euronext;2026-08-04;A_VERIFIER;NON_DETERMINE;Fonds EEE sur indice non européen : vérifier la liste émetteur
LU1931974429;AMUETFTFEZIMETFP;ETFEZ;ETF;ETF Plus;EUR;LU;OUI;-;Euronext;2026-08-04;A_VERIFIER;NON_DETERMINE;Fonds EEE sur indice non européen : vérifier la liste émetteur
LU1931974775;AMUETFFJAPIMETFP;ETFJAP;ETF;ETF Plus;EUR;LU;OUI;-;Euronext;2026-08-04;A_VERIFIER;NON_DETERMINE;Fonds EEE sur indice non européen : vérifier la liste émetteur
LU1931975079;AMUETFFCRPIMETFP;ETFCOR;ETF;ETF Plus;EUR;LU;OUI;-;Euronext;2026-08-04;NON;CLASSE_ACTIFS;Obligataire/monétaire/crypto/matières premières sans montage PEA
LU1931975152;AMUETFFGOVIMETFP;ETFGOV;ETF;ETF Plus | Euronext Amsterdam - Multi-currency Trading;EUR;LU;OUI;-;Euronext;2026-08-04;NON;CLASSE_ACTIFS;Obligataire/monétaire/crypto/matières premières sans montage PEA
LU1931975236;AMUETFTFGGIMETFP;ETFGG;ETF;ETF Plus;EUR;LU;OUI;-;Euronext;2026-08-04;A_VERIFIER;NON_DETERMINE;Fonds EEE sur indice non européen : vérifier la liste émetteur
LU1931975319;AMUETFFUSTIMETFP;ETFUST;ETF;ETF Plus;EUR;LU;OUI;-;Euronext;2026-08-04;A_VERIFIER;NON_DETERMINE;Fonds EEE sur indice non européen : vérifier la liste émetteur
LU1940199711;AMUNDI EUR ESGLEAD;ESGE;ETF;Euronext Paris | ETF Plus;EUR;LU;OUI;ESG ETF art. 8;Euronext;2026-08-04;A_VERIFIER;NON_DETERMINE;Fonds EEE sur indice non européen : vérifier la liste émetteur
LU1940199984;AMUNDI MSCI EU ESG;ESGH;ETF;Euronext Paris | ETF Plus;EUR;LU;OUI;ESG ETF art. 8;Euronext;2026-08-04;A_VERIFIER;NON_DETERMINE;Fonds EEE sur indice non européen : vérifier la liste émetteur
LU1953136287;BNPP  BONDSRI ETF;SRICD;ETF;Euronext Paris;EUR;LU;OUI;ESG ETF art. 8;Euronext;2026-08-04;NON;CLASSE_ACTIFS;Obligataire/monétaire/crypto/matières premières sans montage PEA
LU1953136527;BNPETFEUSEIMETFP;REUSE;ETF;ETF Plus | Euronext Paris;EUR;LU;OUI;ESG ETF art. 9;Euronext;2026-08-04;A_VERIFIER;NON_DETERMINE;Fonds EEE sur indice non européen : vérifier la liste émetteur
LU1953137681;BNPETFUSRIIMETFP;MUSRI;ETF;ETF Plus | Euronext Paris;EUR;LU;OUI;ESG ETF art. 9;Euronext;2026-08-04;PROBABLE;INDICE_EUROPEEN;Indice actions européen — quota 75 % actions UE respecté de fait
LU1953188833;UBSETFNESGIMETFP;CINESG;ETF;ETF Plus;EUR;LU;OUI;ESG ETF art. 8;Euronext;2026-08-04;A_VERIFIER;NON_DETERMINE;Fonds EEE sur indice non européen : vérifier la liste émetteur
LU1954152853;MULETFNDXHIMETFP;USTH;ETF;ETF Plus;EUR;LU;OUI;-;Euronext;2026-08-04;A_VERIFIER;NON_DETERMINE;Fonds EEE sur indice non européen : vérifier la liste émetteur
LU1971906802;UBSETF0ESGIMETFP;E50ESG;ETF;ETF Plus;EUR;LU;OUI;ESG ETF art. 8;Euronext;2026-08-04;A_VERIFIER;NON_DETERMINE;Fonds EEE sur indice non européen : vérifier la liste émetteur
LU1974693662;UBSETFEGOIMETFP;EGO;ETF;ETF Plus;EUR;LU;OUI;ESG ETF art. 8;Euronext;2026-08-04;A_VERIFIER;NON_DETERMINE;Fonds EEE sur indice non européen : vérifier la liste émetteur
LU1974694553;UBSETFEGEIMETFP;EGE;ETF;ETF Plus;EUR;LU;OUI;ESG ETF art. 8;Euronext;2026-08-04;A_VERIFIER;NON_DETERMINE;Fonds EEE sur indice non européen : vérifier la liste émetteur
LU1974695790;UBSETFEMIGIMETFP;EMIG;ETF;ETF Plus;EUR;LU;OUI;ESG ETF art. 8;Euronext;2026-08-04;A_VERIFIER;NON_DETERMINE;Fonds EEE sur indice non européen : vérifier la liste émetteur
LU1974696418;UBSETFMIGEIMETFP;EMIGE;ETF;ETF Plus;EUR;LU;OUI;ESG ETF art. 8;Euronext;2026-08-04;A_VERIFIER;NON_DETERMINE;Fonds EEE sur indice non européen : vérifier la liste émetteur
LU1981860072;AMUETFCO2EIMETFP;XCO2E;ETF;ETF Plus;EUR;LU;OUI;ESG ETF art. 8;Euronext;2026-08-04;NON;CLASSE_ACTIFS;Obligataire/monétaire/crypto/matières premières sans montage PEA
LU2008760592;BNPETFRIC3IMETFP;SRIC3;ETF;ETF Plus | Euronext Paris;EUR;LU;OUI;ESG ETF art. 8;Euronext;2026-08-04;A_VERIFIER;NON_DETERMINE;Fonds EEE sur indice non européen : vérifier la liste émetteur
LU2008761053;BNPETFRIC5IMETFP;SRIC5;ETF;ETF Plus | Euronext Paris;EUR;LU;OUI;ESG ETF art. 8;Euronext;2026-08-04;NON;CLASSE_ACTIFS;Obligataire/monétaire/crypto/matières premières sans montage PEA
LU2008763935;BNPETFREALIMETFP;GREAL;ETF;ETF Plus | Euronext Paris;EUR;LU;OUI;ESG ETF art. 9;Euronext;2026-08-04;A_VERIFIER;NON_DETERMINE;Fonds EEE sur indice non européen : vérifier la liste émetteur
LU2009147757;XTRETFSP500ETFP;XSXD;ETF;ETF Plus;EUR;LU;OUI;-;Euronext;2026-08-04;A_VERIFIER;NON_DETERMINE;Fonds EEE sur indice non européen : vérifier la liste émetteur
LU2009202107;MULETFEMXCIMETFP;EMXC;ETF;ETF Plus | Euronext Paris;EUR;LU;OUI;-;Euronext;2026-08-04;A_VERIFIER;NON_DETERMINE;Fonds EEE sur indice non européen : vérifier la liste émetteur
LU2018762653;AMUNDI US STEEPEN;STPU;ETF;Euronext Paris | ETF Plus;EUR;LU;OUI;-;Euronext;2026-08-04;A_VERIFIER;NON_DETERMINE;Fonds EEE sur indice non européen : vérifier la liste émetteur
LU2023678282;AMUNDI DISRUP TECH;UNIC;ETF;Euronext Paris | ETF Plus;EUR;LU;OUI;ESG ETF art. 8;Euronext;2026-08-04;A_VERIFIER;NON_DETERMINE;Fonds EEE sur indice non européen : vérifier la liste émetteur
LU2023678449;AMUNDI MILLENNIALS;MILL;ETF;Euronext Paris | ETF Plus;EUR;LU;OUI;ESG ETF art. 8;Euronext;2026-08-04;A_VERIFIER;NON_DETERMINE;Fonds EEE sur indice non européen : vérifier la liste émetteur
LU2023678878;AMUNDI DIG ECO;EBUY;ETF;Euronext Paris | ETF Plus;EUR;LU;OUI;ESG ETF art. 8;Euronext;2026-08-04;A_VERIFIER;NON_DETERMINE;Fonds EEE sur indice non européen : vérifier la liste émetteur
LU2023679090;AMUNDI FUTUR MOB;ELCR;ETF;Euronext Paris | ETF Plus;EUR;LU;OUI;ESG ETF art. 8;Euronext;2026-08-04;A_VERIFIER;NON_DETERMINE;Fonds EEE sur indice non européen : vérifier la liste émetteur
LU2037748345;AMUETFCITYITETFP;SCITY;ETF;ETF Plus | Euronext Paris | Euronext Amsterdam - Multi-currency Trading;EUR;LU;OUI;-;Euronext;2026-08-04;A_VERIFIER;NON_DETERMINE;Fonds EEE sur indice non européen : vérifier la liste émetteur
LU2037748774;AMUETFCRP3IMETFP;ECRP3;ETF;ETF Plus | Euronext Paris;EUR;LU;OUI;ESG ETF art. 8;Euronext;2026-08-04;NON;CLASSE_ACTIFS;Obligataire/monétaire/crypto/matières premières sans montage PEA
LU2037749152;AMUETFFUSCIMETFP;ETFUSC;ETF;ETF Plus;EUR;LU;OUI;-;Euronext;2026-08-04;NON;CLASSE_ACTIFS;Obligataire/monétaire/crypto/matières premières sans montage PEA
LU2059756325;AM EMU ESG LEAD D;CMUD;ETF;Euronext Paris;EUR;LU;OUI;ESG ETF art. 8;Euronext;2026-08-04;PROBABLE;INDICE_EUROPEEN;Indice actions européen — quota 75 % actions UE respecté de fait
LU2059756598;AMUETFUSRII3ETFP;EDSRI;ETF;ETF Plus;EUR;LU;OUI;ESG ETF art. 8;Euronext;2026-08-04;A_VERIFIER;NON_DETERMINE;Fonds EEE sur indice non européen : vérifier la liste émetteur
LU2069380306;OSSETFOG35IMETFP;OG35;ETF;ETF Plus;EUR;LU;OUI;ESG ETF art. 8;Euronext;2026-08-04;NON;CLASSE_ACTIFS;Obligataire/monétaire/crypto/matières premières sans montage PEA
LU2089238385;AMUETFFJAPIMXPAR;PRAJ;ETF;Euronext Paris;EUR;LU;OUI;-;Euronext;2026-08-04;A_VERIFIER;NON_DETERMINE;Fonds EEE sur indice non européen : vérifier la liste émetteur
LU2089238625;AMUETFFCRPIMETFP;ETFCRP;ETF;ETF Plus | Euronext Paris;EUR;LU;OUI;-;Euronext;2026-08-04;NON;CLASSE_ACTIFS;Obligataire/monétaire/crypto/matières premières sans montage PEA
LU2090062865;AMUNDI EUR GVTB57D;C53D;ETF;Euronext Paris;EUR;LU;OUI;-;Euronext;2026-08-04;NON;CLASSE_ACTIFS;Obligataire/monétaire/crypto/matières premières sans montage PEA
LU2090063673;Lyxor Core Japan;LJPN;ETF;Euronext Amsterdam - Multi-currency Trading;JPY;LU;OUI;-;Euronext;2026-08-04;A_VERIFIER;NON_DETERMINE;Fonds EEE sur indice non européen : vérifier la liste émetteur
LU2095995895;UBSETFCIBIMETFP;CIB;ETF;ETF Plus;EUR;LU;OUI;-;Euronext;2026-08-04;A_VERIFIER;NON_DETERMINE;Fonds EEE sur indice non européen : vérifier la liste émetteur
LU2098179695;UBSETFJT13IMETFP;JT13;ETF;ETF Plus;EUR;LU;OUI;-;Euronext;2026-08-04;A_VERIFIER;NON_DETERMINE;Fonds EEE sur indice non européen : vérifier la liste émetteur
LU2098180271;UBSETFH01670ETFP;JT13E;ETF;ETF Plus;EUR;LU;OUI;-;Euronext;2026-08-04;A_VERIFIER;NON_DETERMINE;Fonds EEE sur indice non européen : vérifier la liste émetteur
LU2099289147;MULETFGOVGIMETFP;GOVG;ETF;ETF Plus;EUR;LU;OUI;-;Euronext;2026-08-04;A_VERIFIER;NON_DETERMINE;Fonds EEE sur indice non européen : vérifier la liste émetteur
LU2099295466;LYXETFGHYEIMETFP;GHYE;ETF;ETF Plus;EUR;LU;OUI;ESG ETF art. 8;Euronext;2026-08-04;A_VERIFIER;NON_DETERMINE;Fonds EEE sur indice non européen : vérifier la liste émetteur
LU2099296274;LYXETFHYEHIMETFP;GHYEH;ETF;ETF Plus;EUR;LU;OUI;ESG ETF art. 8;Euronext;2026-08-04;A_VERIFIER;NON_DETERMINE;Fonds EEE sur indice non européen : vérifier la liste émetteur
LU2099991536;UBSETFECOIMETFP;ECO;ETF;ETF Plus;EUR;LU;OUI;ESG ETF art. 8;Euronext;2026-08-04;NON;CLASSE_ACTIFS;Obligataire/monétaire/crypto/matières premières sans montage PEA
LU2099992260;UBSETFECEIMETFP;ECE;ETF;ETF Plus;EUR;LU;OUI;ESG ETF art. 8;Euronext;2026-08-04;NON;CLASSE_ACTIFS;Obligataire/monétaire/crypto/matières premières sans montage PEA
LU2109787049;AMUETFMXEMEBETFP;CLEM;ETF;ETF Plus | Euronext Paris;EUR;LU;OUI;ESG ETF art. 8;Euronext;2026-08-04;A_VERIFIER;NON_DETERMINE;Fonds EEE sur indice non européen : vérifier la liste émetteur
LU2109787551;AMUETFMESGIMETFP;EMESG;ETF;ETF Plus;EUR;LU;OUI;ESG ETF art. 8;Euronext;2026-08-04;A_VERIFIER;NON_DETERMINE;Fonds EEE sur indice non européen : vérifier la liste émetteur
LU2109787635;AMUETFUSRII2ETFP;CMUSRI;ETF;ETF Plus | Euronext Paris | Euronext Amsterdam - Multi-currency Trading;EUR;LU;OUI;ESG ETF art. 8;Euronext;2026-08-04;PROBABLE;INDICE_EUROPEEN;Indice actions européen — quota 75 % actions UE respecté de fait
LU2130768844;AM EUR CLIM CTB;LWCE;ETF;Euronext Paris | ETF Plus;EUR;LU;OUI;ESG ETF art. 8;Euronext;2026-08-04;PROBABLE;INDICE_EUROPEEN;Indice actions européen — quota 75 % actions UE respecté de fait
LU2158769930;XTRETFGBECP0ETFP;XEML;ETF;ETF Plus;EUR;LU;OUI;-;Euronext;2026-08-04;NON;CLASSE_ACTIFS;Obligataire/monétaire/crypto/matières premières sans montage PEA
LU2178481649;XTRETFXZE5IMETFP;XZE5;ETF;ETF Plus;EUR;LU;OUI;ESG ETF art. 8;Euronext;2026-08-04;NON;CLASSE_ACTIFS;Obligataire/monétaire/crypto/matières premières sans montage PEA
LU2182388236;AMUETFEGRIIMETFP;EGRI;ETF;ETF Plus | Euronext Paris;EUR;LU;OUI;ESG ETF art. 8;Euronext;2026-08-04;NON;CLASSE_ACTIFS;Obligataire/monétaire/crypto/matières premières sans montage PEA
LU2182388582;AMUNDI EURZ CLIMPA;PABZ;ETF;Euronext Paris;EUR;LU;OUI;ESG ETF art. 9;Euronext;2026-08-04;PROBABLE;INDICE_EUROPEEN;Indice actions européen — quota 75 % actions UE respecté de fait
LU2194286006;UBSETFGEBIMETFP;GEB;ETF;ETF Plus;EUR;LU;OUI;ESG ETF art. 8;Euronext;2026-08-04;NON;CLASSE_ACTIFS;Obligataire/monétaire/crypto/matières premières sans montage PEA
LU2194447293;BNPETFCEANIMETFP;OCEAN;ETF;ETF Plus | Euronext Paris;EUR;LU;OUI;ESG ETF art. 9;Euronext;2026-08-04;A_VERIFIER;NON_DETERMINE;Fonds EEE sur indice non européen : vérifier la liste émetteur
LU2194449075;BNPETFCWLDIMETFP;LCWLD;ETF;ETF Plus | Euronext Paris;EUR;LU;OUI;ESG ETF art. 9;Euronext;2026-08-04;A_VERIFIER;NON_DETERMINE;Fonds EEE sur indice non européen : vérifier la liste émetteur
LU2195226068;AMUNDI EUROZONEPAB;EPAB;ETF;Euronext Paris | ETF Plus;EUR;LU;OUI;ESG ETF art. 8;Euronext;2026-08-04;PROBABLE;INDICE_EUROPEEN;Indice actions européen — quota 75 % actions UE respecté de fait
LU2196472984;XTRETFSP500ETFP;XS5E;ETF;ETF Plus;EUR;LU;OUI;-;Euronext;2026-08-04;A_VERIFIER;NON_DETERMINE;Fonds EEE sur indice non européen : vérifier la liste émetteur
LU2206597804;UBSETFRSRIIMETFP;EURSRI;ETF;ETF Plus;EUR;LU;OUI;ESG ETF art. 8;Euronext;2026-08-04;PROBABLE;INDICE_EUROPEEN;Indice actions européen — quota 75 % actions UE respecté de fait
LU2206598109;UBSETFESRIIMETFP;EUESRI;ETF;ETF Plus;EUR;LU;OUI;ESG ETF art. 8;Euronext;2026-08-04;PROBABLE;INDICE_EUROPEEN;Indice actions européen — quota 75 % actions UE respecté de fait
LU2216829809;LYXETFCATHIMETFP;CATH;ETF;ETF Plus;EUR;LU;OUI;ESG ETF art. 8;Euronext;2026-08-04;A_VERIFIER;NON_DETERMINE;Fonds EEE sur indice non européen : vérifier la liste émetteur
LU2233156749;AMUNDI JPX4 ETF;JPX4;ETF;Euronext Paris | Euronext Amsterdam - Multi-currency Trading;EUR;LU;OUI;ESG ETF art. 9;Euronext;2026-08-04;A_VERIFIER;NON_DETERMINE;Fonds EEE sur indice non européen : vérifier la liste émetteur
LU2240851688;AMUETFXESGIMETFP;DAXESG;ETF;ETF Plus;EUR;LU;OUI;ESG ETF art. 8;Euronext;2026-08-04;PROBABLE;INDICE_EUROPEEN;Indice actions européen — quota 75 % actions UE respecté de fait
LU2244386053;BNPETFYSRIIMETFP;HYSRI;ETF;ETF Plus | Euronext Paris;EUR;LU;OUI;ESG ETF art. 8;Euronext;2026-08-04;A_VERIFIER;NON_DETERMINE;Fonds EEE sur indice non européen : vérifier la liste émetteur
LU2244386137;BNPETFYSRIIMETFP;HSRID;ETF;ETF Plus | Euronext Paris;EUR;LU;OUI;ESG ETF art. 8;Euronext;2026-08-04;A_VERIFIER;NON_DETERMINE;Fonds EEE sur indice non européen : vérifier la liste émetteur
LU2244387457;BNPETFGEMUIMETFP;GEMU;ETF;ETF Plus | Euronext Paris;EUR;LU;OUI;ESG ETF art. 8;Euronext;2026-08-04;A_VERIFIER;NON_DETERMINE;Fonds EEE sur indice non européen : vérifier la liste émetteur
LU2244387887;BNPETFEGROIMETFP;EGRO;ETF;ETF Plus | Euronext Paris;EUR;LU;OUI;ESG ETF art. 8;Euronext;2026-08-04;A_VERIFIER;NON_DETERMINE;Fonds EEE sur indice non européen : vérifier la liste émetteur
LU2249747283;NEW MILLENNIUM TR;NMTRF;OPCVM;ATFund Instruments;EUR;LU;OUI;;Euronext;2026-08-04;A_VERIFIER;NON_DETERMINE;Fonds EEE sur indice non européen : vérifier la liste émetteur
LU2264552998;QSF -QUA FAM GLOB;QSFFGV;OPCVM;ATFund Instruments;EUR;LU;OUI;;Euronext;2026-08-04;A_VERIFIER;NON_DETERMINE;Fonds EEE sur indice non européen : vérifier la liste émetteur
LU2265794276;UBSETFCITIMETFP;CIT;ETF;ETF Plus;EUR;LU;OUI;-;Euronext;2026-08-04;A_VERIFIER;NON_DETERMINE;Fonds EEE sur indice non européen : vérifier la liste émetteur
LU2265794946;UBSETFCITEIMETFP;CITE;ETF;ETF Plus;EUR;LU;OUI;-;Euronext;2026-08-04;A_VERIFIER;NON_DETERMINE;Fonds EEE sur indice non européen : vérifier la liste émetteur
LU2269164310;AMUNDI JPXH ETF;JPXH;ETF;Euronext Paris;EUR;LU;OUI;ESG ETF art. 9;Euronext;2026-08-04;A_VERIFIER;NON_DETERMINE;Fonds EEE sur indice non européen : vérifier la liste émetteur
LU2300294316;AMUETFECR1IMETFP;ECR1;ETF;ETF Plus | Euronext Paris;EUR;LU;OUI;ESG ETF art. 8;Euronext;2026-08-04;NON;CLASSE_ACTIFS;Obligataire/monétaire/crypto/matières premières sans montage PEA
LU2314312849;BNPETFHINEIMETFP;CHINE;ETF;ETF Plus | Euronext Paris;EUR;LU;OUI;ESG ETF art. 8;Euronext;2026-08-04;A_VERIFIER;NON_DETERMINE;Fonds EEE sur indice non européen : vérifier la liste émetteur
LU2314312922;BNPP China$ ETF;CHINU;ETF;Euronext Paris - Multi-currency Trading;USD;LU;OUI;ESG ETF art. 8;Euronext;2026-08-04;A_VERIFIER;NON_DETERMINE;Fonds EEE sur indice non européen : vérifier la liste émetteur
LU2338178218;MULTI USTreas 1-3Y;U13HK;ETF;Euronext Paris - Multi-currency Trading;HKD;LU;OUI;-;Euronext;2026-08-04;NON;CLASSE_ACTIFS;Obligataire/monétaire/crypto/matières premières sans montage PEA
LU2338178481;MULTI US-T 7-10Y;U710H;ETF;Euronext Paris - Multi-currency Trading;HKD;LU;OUI;-;Euronext;2026-08-04;NON;CLASSE_ACTIFS;Obligataire/monétaire/crypto/matières premières sans montage PEA
LU2338178648;AMUNDI US-T 10Y+;U10HK;ETF;Euronext Paris - Multi-currency Trading;HKD;LU;OUI;-;Euronext;2026-08-04;A_VERIFIER;NON_DETERMINE;Fonds EEE sur indice non européen : vérifier la liste émetteur
LU2343997487;Amundi MSCI CHINA;CNEG;ETF;Euronext Paris;EUR;LU;OUI;ESG ETF art. 9;Euronext;2026-08-04;A_VERIFIER;NON_DETERMINE;Fonds EEE sur indice non européen : vérifier la liste émetteur
LU2345046655;AMUETFMXEFEGXPAR;EMXU;ETF;Euronext Paris;EUR;LU;OUI;ESG ETF art. 8;Euronext;2026-08-04;A_VERIFIER;NON_DETERMINE;Fonds EEE sur indice non européen : vérifier la liste émetteur
LU2346257210;AMUETFHYCIMXPAR;HYCC;ETF;Euronext Paris | ETF Plus;EUR;LU;OUI;ESG ETF art. 8;Euronext;2026-08-04;NON;CLASSE_ACTIFS;Obligataire/monétaire/crypto/matières premières sans montage PEA
LU2356220926;AMUNDI Euro GovGrn;ERTH;ETF;Euronext Paris | ETF Plus;EUR;LU;OUI;ESG ETF art. 9;Euronext;2026-08-04;A_VERIFIER;NON_DETERMINE;Fonds EEE sur indice non européen : vérifier la liste émetteur
LU2358390594;VARENNE VALEUR;VVAITA;OPCVM;ATFund Instruments;EUR;LU;OUI;;Euronext;2026-08-04;A_VERIFIER;NON_DETERMINE;Fonds EEE sur indice non européen : vérifier la liste émetteur
LU2365458145;BNPETFGEHEIMETFP;EGEHE;ETF;ETF Plus | Euronext Paris;EUR;LU;OUI;ESG ETF art. 9;Euronext;2026-08-04;A_VERIFIER;NON_DETERMINE;Fonds EEE sur indice non européen : vérifier la liste émetteur
LU2365458731;BNPPGreenbondD ETF;GSSBO;ETF;Euronext Paris;EUR;LU;OUI;ESG ETF art. 9;Euronext;2026-08-04;NON;CLASSE_ACTIFS;Obligataire/monétaire/crypto/matières premières sans montage PEA
LU2365458814;BNPETFEGSSIMETFP;EJEGSS;ETF;ETF Plus | Euronext Paris;EUR;LU;OUI;ESG ETF art. 9;Euronext;2026-08-04;A_VERIFIER;NON_DETERMINE;Fonds EEE sur indice non européen : vérifier la liste émetteur
LU2370241684;AMUNDI Corp GreenB;PLAN;ETF;Euronext Paris | ETF Plus;EUR;LU;OUI;ESG ETF art. 8;Euronext;2026-08-04;NON;CLASSE_ACTIFS;Obligataire/monétaire/crypto/matières premières sans montage PEA
LU2376679564;XTRETFXCTEIMETFP;XCTE;ETF;ETF Plus;EUR;LU;OUI;ESG ETF art. 8;Euronext;2026-08-04;A_VERIFIER;NON_DETERMINE;Fonds EEE sur indice non européen : vérifier la liste émetteur
LU2385068163;XTRETFXZWGIMETFP;XZWG;ETF;ETF Plus;EUR;LU;OUI;ESG ETF art. 8;Euronext;2026-08-04;NON;CLASSE_ACTIFS;Obligataire/monétaire/crypto/matières premières sans montage PEA
LU2385068593;XTRETFXZWGIMETFP;XZEG;ETF;ETF Plus;EUR;LU;OUI;ESG ETF art. 8;Euronext;2026-08-04;NON;CLASSE_ACTIFS;Obligataire/monétaire/crypto/matières premières sans montage PEA
LU2408467723;UBSETFU15SIMETFP;U15S;ETF;ETF Plus;EUR;LU;OUI;ESG ETF art. 8;Euronext;2026-08-04;A_VERIFIER;NON_DETERMINE;Fonds EEE sur indice non européen : vérifier la liste émetteur
LU2408468291;UBSETFU15EIMETFP;U15E;ETF;ETF Plus;EUR;LU;OUI;ESG ETF art. 8;Euronext;2026-08-04;A_VERIFIER;NON_DETERMINE;Fonds EEE sur indice non européen : vérifier la liste émetteur
LU2418815473;MULETFINFHIMETFP;INFH;ETF;ETF Plus;EUR;LU;OUI;-;Euronext;2026-08-04;A_VERIFIER;NON_DETERMINE;Fonds EEE sur indice non européen : vérifier la liste émetteur
LU2439734141;AMUETFASRIIMETFP;GASRI;ETF;ETF Plus | Euronext Paris;EUR;LU;OUI;ESG ETF art. 8;Euronext;2026-08-04;NON;CLASSE_ACTIFS;Obligataire/monétaire/crypto/matières premières sans montage PEA
LU2446383254;BNPETFI34701XPAR;SRI3C;ETF;Euronext Paris;EUR;LU;OUI;ESG ETF art. 8;Euronext;2026-08-04;A_VERIFIER;NON_DETERMINE;Fonds EEE sur indice non européen : vérifier la liste émetteur
LU2446383338;BNPP BONDSRI5 ETF;SRIC6;ETF;Euronext Paris;EUR;LU;OUI;ESG ETF art. 9;Euronext;2026-08-04;NON;CLASSE_ACTIFS;Obligataire/monétaire/crypto/matières premières sans montage PEA
LU2456436083;XTRETFXCS7IMETFP;XCS7;ETF;ETF Plus;EUR;LU;OUI;-;Euronext;2026-08-04;A_VERIFIER;NON_DETERMINE;Fonds EEE sur indice non européen : vérifier la liste émetteur
LU2468423459;XTRETFXZEBIMETFP;XZEB;ETF;ETF Plus;EUR;LU;OUI;ESG ETF art. 8;Euronext;2026-08-04;PROBABLE;INDICE_EUROPEEN;Indice actions européen — quota 75 % actions UE respecté de fait
LU2469465822;XTRETFXCNAIMETFP;XCNA;ETF;ETF Plus;EUR;LU;OUI;ESG ETF art. 8;Euronext;2026-08-04;A_VERIFIER;NON_DETERMINE;Fonds EEE sur indice non européen : vérifier la liste émetteur
LU2484583138;UBSETFH37026ETFP;GGB;ETF;ETF Plus;EUR;LU;OUI;ESG ETF art. 8;Euronext;2026-08-04;NON;CLASSE_ACTIFS;Obligataire/monétaire/crypto/matières premières sans montage PEA
LU2484583302;UBSETFH37026ETFP;GGE;ETF;ETF Plus;EUR;LU;OUI;ESG ETF art. 8;Euronext;2026-08-04;NON;CLASSE_ACTIFS;Obligataire/monétaire/crypto/matières premières sans montage PEA
LU2491210618;Os BLM ASIA P(EUR);OP6E;ETF;Euronext Paris;EUR;LU;OUI;ESG ETF art. 9;Euronext;2026-08-04;A_VERIFIER;NON_DETERMINE;Fonds EEE sur indice non européen : vérifier la liste émetteur
LU2504532131;XTRETFXTIPIMETFP;XTIP;ETF;ETF Plus;EUR;LU;OUI;-;Euronext;2026-08-04;NON;CLASSE_ACTIFS;Obligataire/monétaire/crypto/matières premières sans montage PEA
LU2504532487;XTRETFXGEZIMETFP;XGEZ;ETF;ETF Plus;EUR;LU;OUI;ESG ETF art. 9;Euronext;2026-08-04;NON;CLASSE_ACTIFS;Obligataire/monétaire/crypto/matières premières sans montage PEA
LU2504537445;XTRETFXEZBIMETFP;XEZB;ETF;ETF Plus;EUR;LU;OUI;ESG ETF art. 8;Euronext;2026-08-04;NON;CLASSE_ACTIFS;Obligataire/monétaire/crypto/matières premières sans montage PEA
LU2533810276;BNPP Circular ETF;REUSD;ETF;Euronext Paris - Multi-currency Trading;USD;LU;OUI;ESG ETF art. 8;Euronext;2026-08-04;A_VERIFIER;NON_DETERMINE;Fonds EEE sur indice non européen : vérifier la liste émetteur
LU2533810789;BNPETFEMUG13ETFP;GEU3D;ETF;ETF Plus | Euronext Paris;EUR;LU;OUI;ESG ETF art. 8;Euronext;2026-08-04;A_VERIFIER;NON_DETERMINE;Fonds EEE sur indice non européen : vérifier la liste émetteur
LU2533810862;BNPETFEMUG13ETFP;GEU3C;ETF;ETF Plus | Euronext Paris;EUR;LU;OUI;ESG ETF art. 8;Euronext;2026-08-04;A_VERIFIER;NON_DETERMINE;Fonds EEE sur indice non européen : vérifier la liste émetteur
LU2533811910;BNP EUR Ushr SRI D;SRIUD;ETF;Euronext Paris;EUR;LU;OUI;ESG ETF art. 8;Euronext;2026-08-04;A_VERIFIER;NON_DETERMINE;Fonds EEE sur indice non européen : vérifier la liste émetteur
LU2533812058;BNP EUR Ushr SRI C;SRIUC;ETF;Euronext Paris | ETF Plus;EUR;LU;OUI;ESG ETF art. 8;Euronext;2026-08-04;A_VERIFIER;NON_DETERMINE;Fonds EEE sur indice non européen : vérifier la liste émetteur
LU2533812728;BNPETFAEXFOFETFP;BSRID;ETF;ETF Plus | Euronext Paris;EUR;LU;OUI;ESG ETF art. 8;Euronext;2026-08-04;A_VERIFIER;NON_DETERMINE;Fonds EEE sur indice non européen : vérifier la liste émetteur
LU2533812991;BNPETFAEXFOFETFP;BSRIC;ETF;ETF Plus | Euronext Paris;EUR;LU;OUI;ESG ETF art. 8;Euronext;2026-08-04;A_VERIFIER;NON_DETERMINE;Fonds EEE sur indice non européen : vérifier la liste émetteur
LU2533813023;BNPP Hydro ESG ETF;HYDUS;ETF;Euronext Paris - Multi-currency Trading;USD;LU;OUI;ESG ETF art. 8;Euronext;2026-08-04;A_VERIFIER;NON_DETERMINE;Fonds EEE sur indice non européen : vérifier la liste émetteur
LU2533813296;BNPP Blue ESG ETF;BLUSD;ETF;Euronext Paris - Multi-currency Trading;USD;LU;OUI;ESG ETF art. 8;Euronext;2026-08-04;A_VERIFIER;NON_DETERMINE;Fonds EEE sur indice non européen : vérifier la liste émetteur
LU2550860493;SAFE ACT INC CLA Q;PHSAQ;OPCVM;ATFund Instruments;EUR;LU;OUI;;Euronext;2026-08-04;A_VERIFIER;NON_DETERMINE;Fonds EEE sur indice non européen : vérifier la liste émetteur
LU2555926372;OSSIAM 5OGU ETF;5OGU;ETF;Euronext Paris - Multi-currency Trading;USD;LU;OUI;-;Euronext;2026-08-04;A_VERIFIER;NON_DETERMINE;Fonds EEE sur indice non européen : vérifier la liste émetteur
LU2555926455;OSSETFSHILNEETFP;5OGE;ETF;ETF Plus | Euronext Paris;EUR;LU;OUI;-;Euronext;2026-08-04;A_VERIFIER;NON_DETERMINE;Fonds EEE sur indice non européen : vérifier la liste émetteur
LU2573966905;MULETFGEASIMETFP;E127;ETF;ETF Plus;EUR;LU;OUI;-;Euronext;2026-08-04;A_VERIFIER;NON_DETERMINE;Fonds EEE sur indice non européen : vérifier la liste émetteur
LU2573967036;MULETFGEASIMETFP;LEMA;ETF;ETF Plus;EUR;LU;OUI;-;Euronext;2026-08-04;A_VERIFIER;NON_DETERMINE;Fonds EEE sur indice non européen : vérifier la liste émetteur
LU2611731824;Amundi NYSE Arca G;GLDU;ETF;Euronext Amsterdam - Multi-currency Trading | Euronext Paris;USD;LU;OUI;-;Euronext;2026-08-04;A_VERIFIER;NON_DETERMINE;Fonds EEE sur indice non européen : vérifier la liste émetteur
LU2616774076;BNP USD Corp SRI C;USCBC;ETF;Euronext Paris - Multi-currency Trading | ETF Plus;USD;LU;OUI;ESG ETF art. 8;Euronext;2026-08-04;NON;CLASSE_ACTIFS;Obligataire/monétaire/crypto/matières premières sans montage PEA
LU2616776444;BNP USD Corp SRI D;USCBD;ETF;Euronext Paris - Multi-currency Trading;USD;LU;OUI;ESG ETF art. 8;Euronext;2026-08-04;NON;CLASSE_ACTIFS;Obligataire/monétaire/crypto/matières premières sans montage PEA
LU2641054122;XTRETFIBXXESETFP;XE01;ETF;ETF Plus;EUR;LU;OUI;-;Euronext;2026-08-04;NON;CLASSE_ACTIFS;Obligataire/monétaire/crypto/matières premières sans montage PEA
LU2641054551;XTRETFIBXXGEETFP;XG01;ETF;ETF Plus;EUR;LU;OUI;-;Euronext;2026-08-04;NON;CLASSE_ACTIFS;Obligataire/monétaire/crypto/matières premières sans montage PEA
LU2641925016;BNPP WLD PAB ETF D;EMWD;ETF;Euronext Paris;EUR;LU;OUI;ESG ETF art. 8;Euronext;2026-08-04;A_VERIFIER;NON_DETERMINE;Fonds EEE sur indice non européen : vérifier la liste émetteur
LU2655993207;Amundi MSCI W Dist;EWLD;ETF;Euronext Paris;EUR;LU;OUI;-;Euronext;2026-08-04;A_VERIFIER;NON_DETERMINE;Fonds EEE sur indice non européen : vérifier la liste émetteur
LU2673522830;XTRETFI38092ETFP;XM27;ETF;ETF Plus;EUR;LU;OUI;ESG ETF art. 8;Euronext;2026-08-04;NON;CLASSE_ACTIFS;Obligataire/monétaire/crypto/matières premières sans montage PEA
LU2673522913;XTRETFI38094ETFP;XM29;ETF;ETF Plus;EUR;LU;OUI;ESG ETF art. 8;Euronext;2026-08-04;NON;CLASSE_ACTIFS;Obligataire/monétaire/crypto/matières premières sans montage PEA
LU2673523051;XTRETFI38097ETFP;XM33;ETF;ETF Plus;EUR;LU;OUI;ESG ETF art. 8;Euronext;2026-08-04;NON;CLASSE_ACTIFS;Obligataire/monétaire/crypto/matières premières sans montage PEA
LU2673523135;XTRETFI38096ETFP;XM31;ETF;ETF Plus;EUR;LU;OUI;ESG ETF art. 8;Euronext;2026-08-04;NON;CLASSE_ACTIFS;Obligataire/monétaire/crypto/matières premières sans montage PEA
LU2673523218;XTRETFI38092ETFP;XB27;ETF;ETF Plus;EUR;LU;OUI;ESG ETF art. 8;Euronext;2026-08-04;NON;CLASSE_ACTIFS;Obligataire/monétaire/crypto/matières premières sans montage PEA
LU2673523309;XTRETFI38094ETFP;XB29;ETF;ETF Plus;EUR;LU;OUI;ESG ETF art. 8;Euronext;2026-08-04;NON;CLASSE_ACTIFS;Obligataire/monétaire/crypto/matières premières sans montage PEA
LU2673523481;XTRETFI38096ETFP;XB31;ETF;ETF Plus;EUR;LU;OUI;ESG ETF art. 8;Euronext;2026-08-04;NON;CLASSE_ACTIFS;Obligataire/monétaire/crypto/matières premières sans montage PEA
LU2673523564;XTRETFI38097ETFP;XB33;ETF;ETF Plus;EUR;LU;OUI;ESG ETF art. 8;Euronext;2026-08-04;NON;CLASSE_ACTIFS;Obligataire/monétaire/crypto/matières premières sans montage PEA
LU2697596745;BNP ASust EU Corp;ACES;ETF;Euronext Paris | ETF Plus;EUR;LU;OUI;ESG ETF art. 9;Euronext;2026-08-04;NON;CLASSE_ACTIFS;Obligataire/monétaire/crypto/matières premières sans montage PEA
LU2697596828;BNP ASust EU CorpD;ACESD;ETF;Euronext Paris;EUR;LU;OUI;ESG ETF art. 9;Euronext;2026-08-04;NON;CLASSE_ACTIFS;Obligataire/monétaire/crypto/matières premières sans montage PEA
LU2697597552;BNP ASust EU Gov;AGES;ETF;Euronext Paris | ETF Plus;EUR;LU;OUI;ESG ETF art. 8;Euronext;2026-08-04;A_VERIFIER;NON_DETERMINE;Fonds EEE sur indice non européen : vérifier la liste émetteur
LU2697597719;BNP ASust EU GovD;AGESD;ETF;Euronext Paris;EUR;LU;OUI;ESG ETF art. 8;Euronext;2026-08-04;A_VERIFIER;NON_DETERMINE;Fonds EEE sur indice non européen : vérifier la liste émetteur
LU2742532745;BNPETFI38479XPAR;SRID7;ETF;Euronext Paris;EUR;LU;OUI;ESG ETF art. 8;Euronext;2026-08-04;A_VERIFIER;NON_DETERMINE;Fonds EEE sur indice non européen : vérifier la liste émetteur
LU2742532828;BNPETFI38479ETFP;SRIC7;ETF;ETF Plus | Euronext Paris;EUR;LU;OUI;ESG ETF art. 8;Euronext;2026-08-04;A_VERIFIER;NON_DETERMINE;Fonds EEE sur indice non européen : vérifier la liste émetteur
LU2742533552;BNPETFJPMGBXPAR;GOD10;ETF;Euronext Paris;EUR;LU;OUI;ESG ETF art. 8;Euronext;2026-08-04;PROBABLE;INDICE_EUROPEEN;Indice actions européen — quota 75 % actions UE respecté de fait
LU2742533636;BNPETFJPMGBETFP;GOV10;ETF;ETF Plus | Euronext Paris;EUR;LU;OUI;ESG ETF art. 8;Euronext;2026-08-04;PROBABLE;INDICE_EUROPEEN;Indice actions européen — quota 75 % actions UE respecté de fait
LU2777377875;BNP LCEU PAB D ETF;LCEUD;ETF;Euronext Paris;EUR;LU;OUI;ESG ETF art. 8;Euronext;2026-08-04;A_VERIFIER;NON_DETERMINE;Fonds EEE sur indice non européen : vérifier la liste émetteur
LU2780871310;AMUETFCFIIEBXPAR;FM28;ETF;Euronext Paris;EUR;LU;OUI;-;Euronext;2026-08-04;A_VERIFIER;NON_DETERMINE;Fonds EEE sur indice non européen : vérifier la liste émetteur
LU2780871401;AMUETFCFIIEBETFP;MB28;ETF;ETF Plus;EUR;LU;OUI;-;Euronext;2026-08-04;A_VERIFIER;NON_DETERMINE;Fonds EEE sur indice non européen : vérifier la liste émetteur
LU2780871666;AMUETFCFIIEYETFP;MY28;ETF;ETF Plus;EUR;LU;OUI;-;Euronext;2026-08-04;A_VERIFIER;NON_DETERMINE;Fonds EEE sur indice non européen : vérifier la liste émetteur
LU2780872128;AMUETFCFIIITETFP;BT27;ETF;ETF Plus;EUR;LU;OUI;-;Euronext;2026-08-04;A_VERIFIER;NON_DETERMINE;Fonds EEE sur indice non européen : vérifier la liste émetteur
LU2788421340;XTRETFCSIH03ETFP;XCSI;ETF;ETF Plus;EUR;LU;OUI;-;Euronext;2026-08-04;A_VERIFIER;NON_DETERMINE;Fonds EEE sur indice non européen : vérifier la liste émetteur
LU2800573128;BNP JP ESG USD ETF;EJAPU;ETF;Euronext Paris - Multi-currency Trading;USD;LU;OUI;ESG ETF art. 8;Euronext;2026-08-04;A_VERIFIER;NON_DETERMINE;Fonds EEE sur indice non européen : vérifier la liste émetteur
LU2807512947;UBSETFM1WOUETFP;WXUS;ETF;ETF Plus;EUR;LU;OUI;-;Euronext;2026-08-04;A_VERIFIER;NON_DETERMINE;Fonds EEE sur indice non européen : vérifier la liste émetteur
LU2809864296;XTRETFI38644ETFP;XB30;ETF;ETF Plus;EUR;LU;OUI;ESG ETF art. 8;Euronext;2026-08-04;NON;CLASSE_ACTIFS;Obligataire/monétaire/crypto/matières premières sans montage PEA
LU2809864452;XTRETFI38645ETFP;XB32;ETF;ETF Plus;EUR;LU;OUI;ESG ETF art. 8;Euronext;2026-08-04;NON;CLASSE_ACTIFS;Obligataire/monétaire/crypto/matières premières sans montage PEA
LU2809864619;XTRETFI38646ETFP;XB34;ETF;ETF Plus;EUR;LU;OUI;ESG ETF art. 8;Euronext;2026-08-04;NON;CLASSE_ACTIFS;Obligataire/monétaire/crypto/matières premières sans montage PEA
LU2810185665;XTRETFI38643ETFP;XB28;ETF;ETF Plus;EUR;LU;OUI;ESG ETF art. 8;Euronext;2026-08-04;NON;CLASSE_ACTIFS;Obligataire/monétaire/crypto/matières premières sans montage PEA
LU2823895847;BNPActACE32ETFP;ACE32;ETF;ETF Plus | Euronext Paris;EUR;LU;OUI;ESG ETF art. 8;Euronext;2026-08-04;A_VERIFIER;NON_DETERMINE;Fonds EEE sur indice non européen : vérifier la liste émetteur
LU2823896811;BNPActACE29ETFP;ACE29;ETF;ETF Plus | Euronext Paris;EUR;LU;OUI;ESG ETF art. 8;Euronext;2026-08-04;A_VERIFIER;NON_DETERMINE;Fonds EEE sur indice non européen : vérifier la liste émetteur
LU2825556892;ALPActEAAAETFP;EAAA;ETF;ETF Plus;EUR;LU;OUI;ESG ETF art. 8;Euronext;2026-08-04;A_VERIFIER;NON_DETERMINE;Fonds EEE sur indice non européen : vérifier la liste émetteur
LU2837863583;QSF Fam Int Eq Acc;QSFFIE;OPCVM;ATFund Instruments;EUR;LU;OUI;;Euronext;2026-08-04;A_VERIFIER;NON_DETERMINE;Fonds EEE sur indice non européen : vérifier la liste émetteur
LU2837863666;QSF Fam Glob Q Acc;QSFFGB;OPCVM;ATFund Instruments;EUR;LU;OUI;;Euronext;2026-08-04;NON;CLASSE_ACTIFS;Obligataire/monétaire/crypto/matières premières sans montage PEA
LU2870272577;AILETFSAUAIMETFP;DXUS;ETF;ETF Plus;EUR;LU;OUI;ESG ETF art. 8;Euronext;2026-08-04;A_VERIFIER;NON_DETERMINE;Fonds EEE sur indice non européen : vérifier la liste émetteur
LU2870272650;AILETFHE7514ETFP;DXUSH;ETF;ETF Plus;EUR;LU;OUI;ESG ETF art. 8;Euronext;2026-08-04;A_VERIFIER;NON_DETERMINE;Fonds EEE sur indice non européen : vérifier la liste émetteur
LU2870272734;AILETFNE7214ETFP;DXEU;ETF;ETF Plus;EUR;LU;OUI;ESG ETF art. 8;Euronext;2026-08-04;PROBABLE;INDICE_EUROPEEN;Indice actions européen — quota 75 % actions UE respecté de fait
LU2870272908;AILETFSAWDIMETFP;DXWO;ETF;ETF Plus;EUR;LU;OUI;ESG ETF art. 8;Euronext;2026-08-04;A_VERIFIER;NON_DETERMINE;Fonds EEE sur indice non européen : vérifier la liste émetteur
LU2870273039;AILETFI38181ETFP;DXG3;ETF;ETF Plus;EUR;LU;OUI;ESG ETF art. 8;Euronext;2026-08-04;A_VERIFIER;NON_DETERMINE;Fonds EEE sur indice non européen : vérifier la liste émetteur
LU2870273203;AILETFI38183ETFP;DXG5;ETF;ETF Plus;EUR;LU;OUI;ESG ETF art. 8;Euronext;2026-08-04;A_VERIFIER;NON_DETERMINE;Fonds EEE sur indice non européen : vérifier la liste émetteur
LU2870273385;AILETFI38815ETFP;DXG10;ETF;ETF Plus;EUR;LU;OUI;ESG ETF art. 8;Euronext;2026-08-04;A_VERIFIER;NON_DETERMINE;Fonds EEE sur indice non européen : vérifier la liste émetteur
LU2872291278;AMUETFCFIIEBXPAR;FM26;ETF;Euronext Paris;EUR;LU;OUI;-;Euronext;2026-08-04;NON;CLASSE_ACTIFS;Obligataire/monétaire/crypto/matières premières sans montage PEA
LU2872291435;AMUETFCFIIEBXPAR;FM27;ETF;Euronext Paris;EUR;LU;OUI;-;Euronext;2026-08-04;A_VERIFIER;NON_DETERMINE;Fonds EEE sur indice non européen : vérifier la liste émetteur
LU2872291781;AMUETFCFIIEBXPAR;FM29;ETF;Euronext Paris;EUR;LU;OUI;-;Euronext;2026-08-04;A_VERIFIER;NON_DETERMINE;Fonds EEE sur indice non européen : vérifier la liste émetteur
LU2872291948;AMUETFCFIILCXPAR;LC30;ETF;Euronext Paris;EUR;LU;OUI;ESG ETF art. 8;Euronext;2026-08-04;A_VERIFIER;NON_DETERMINE;Fonds EEE sur indice non européen : vérifier la liste émetteur
LU2872292086;AMUETFCFIILCXPAR;LC33;ETF;Euronext Paris;EUR;LU;OUI;ESG ETF art. 8;Euronext;2026-08-04;A_VERIFIER;NON_DETERMINE;Fonds EEE sur indice non européen : vérifier la liste émetteur
LU2872292169;AMUETFCFIILCXPAR;LC36;ETF;Euronext Paris;EUR;LU;OUI;ESG ETF art. 8;Euronext;2026-08-04;A_VERIFIER;NON_DETERMINE;Fonds EEE sur indice non européen : vérifier la liste émetteur
LU2872292243;AMUETFCFIILCXPAR;LC39;ETF;Euronext Paris;EUR;LU;OUI;ESG ETF art. 8;Euronext;2026-08-04;A_VERIFIER;NON_DETERMINE;Fonds EEE sur indice non européen : vérifier la liste émetteur
LU2880762781;UBSETFMDBS25ETFP;MDB5;ETF;ETF Plus;EUR;LU;OUI;ESG ETF art. 9;Euronext;2026-08-04;A_VERIFIER;NON_DETERMINE;Fonds EEE sur indice non européen : vérifier la liste émetteur
LU2880762948;UBSETFMDBS25ETFP;MDB5E;ETF;ETF Plus;EUR;LU;OUI;ESG ETF art. 9;Euronext;2026-08-04;A_VERIFIER;NON_DETERMINE;Fonds EEE sur indice non européen : vérifier la liste émetteur
LU2881684745;BNPActAEUSEETFP;AEUSE;ETF;ETF Plus | Euronext Paris;EUR;LU;OUI;ESG ETF art. 8;Euronext;2026-08-04;PROBABLE;INDICE_EUROPEEN;Indice actions européen — quota 75 % actions UE respecté de fait
LU2898088419;OSSETFSOEST7ETFP;SNTE;ETF;ETF Plus;EUR;LU;OUI;ESG ETF art. 8;Euronext;2026-08-04;A_VERIFIER;NON_DETERMINE;Fonds EEE sur indice non européen : vérifier la liste émetteur
LU2903252349;XTRETFACWEIMETFP;SCWX;ETF;ETF Plus;EUR;LU;OUI;-;Euronext;2026-08-04;A_VERIFIER;NON_DETERMINE;Fonds EEE sur indice non européen : vérifier la liste émetteur
LU2914558916;BNPETFEPRACTXPAR;GREAD;ETF;Euronext Paris;EUR;LU;OUI;ESG ETF art. 8;Euronext;2026-08-04;A_VERIFIER;NON_DETERMINE;Fonds EEE sur indice non européen : vérifier la liste émetteur
LU2941599081;JANActJCL0ETFP;JCL0;ETF;ETF Plus;EUR;LU;OUI;-;Euronext;2026-08-04;A_VERIFIER;NON_DETERMINE;Fonds EEE sur indice non européen : vérifier la liste émetteur
LU2941599164;JANActJCLDETFP;JCLD;ETF;ETF Plus;EUR;LU;OUI;ESG ETF art. 8;Euronext;2026-08-04;A_VERIFIER;NON_DETERMINE;Fonds EEE sur indice non européen : vérifier la liste émetteur
LU2951555403;IMGACTDBMFEXPAR;DBMFE;ETF;Euronext Paris;EUR;LU;OUI;-;Euronext;2026-08-04;A_VERIFIER;NON_DETERMINE;Fonds EEE sur indice non européen : vérifier la liste émetteur
LU2951555585;IMGACTDBMFXPAR;DBMF;ETF;Euronext Paris - Multi-currency Trading;USD;LU;OUI;-;Euronext;2026-08-04;A_VERIFIER;NON_DETERMINE;Fonds EEE sur indice non européen : vérifier la liste émetteur
LU2976311444;YouETFHE7514ETFP;YIUUH;ETF;ETF Plus;EUR;LU;OUI;ESG ETF art. 8;Euronext;2026-08-04;PROBABLE;INDICE_EUROPEEN;Indice actions européen — quota 75 % actions UE respecté de fait
LU2976312335;YouETFNE7007ETFP;YIEUS;ETF;ETF Plus;EUR;LU;OUI;ESG ETF art. 8;Euronext;2026-08-04;PROBABLE;INDICE_EUROPEEN;Indice actions européen — quota 75 % actions UE respecté de fait
LU2976312418;YouETFNE7177ETFP;YICAU;ETF;ETF Plus;EUR;LU;OUI;ESG ETF art. 8;Euronext;2026-08-04;A_VERIFIER;NON_DETERMINE;Fonds EEE sur indice non européen : vérifier la liste émetteur
LU2976313655;YouETFHE7514ETFP;YIAUH;ETF;ETF Plus;EUR;LU;OUI;ESG ETF art. 8;Euronext;2026-08-04;A_VERIFIER;NON_DETERMINE;Fonds EEE sur indice non européen : vérifier la liste émetteur
LU2976313812;YouETFNE7162ETFP;YIJU;ETF;ETF Plus;EUR;LU;OUI;ESG ETF art. 8;Euronext;2026-08-04;A_VERIFIER;NON_DETERMINE;Fonds EEE sur indice non européen : vérifier la liste émetteur
LU2976314208;YouETFHE7514ETFP;YIJUH;ETF;ETF Plus;EUR;LU;OUI;ESG ETF art. 8;Euronext;2026-08-04;A_VERIFIER;NON_DETERMINE;Fonds EEE sur indice non européen : vérifier la liste émetteur
LU2976314463;YouETFNE7177ETFP;YIPU;ETF;ETF Plus;EUR;LU;OUI;ESG ETF art. 8;Euronext;2026-08-04;A_VERIFIER;NON_DETERMINE;Fonds EEE sur indice non européen : vérifier la liste émetteur
LU2976314620;YouETFHE7514ETFP;YIPUH;ETF;ETF Plus;EUR;LU;OUI;ESG ETF art. 8;Euronext;2026-08-04;A_VERIFIER;NON_DETERMINE;Fonds EEE sur indice non européen : vérifier la liste émetteur
LU2976315601;YouETFMXEMEUETFP;YIEMU;ETF;ETF Plus;EUR;LU;OUI;ESG ETF art. 8;Euronext;2026-08-04;PROBABLE;INDICE_EUROPEEN;Indice actions européen — quota 75 % actions UE respecté de fait
LU2976315866;YouETFMXEUEUETFP;YIEUU;ETF;ETF Plus;EUR;LU;OUI;ESG ETF art. 8;Euronext;2026-08-04;PROBABLE;INDICE_EUROPEEN;Indice actions européen — quota 75 % actions UE respecté de fait
LU2976318613;YouETFJNUCITETFP;YIIG3;ETF;ETF Plus;EUR;LU;OUI;-;Euronext;2026-08-04;NON;CLASSE_ACTIFS;Obligataire/monétaire/crypto/matières premières sans montage PEA
LU2976318886;YouETFJNUCI2ETFP;YIIG5;ETF;ETF Plus;EUR;LU;OUI;-;Euronext;2026-08-04;A_VERIFIER;NON_DETERMINE;Fonds EEE sur indice non européen : vérifier la liste émetteur
LU2976319009;YouETFJNUCITETFP;YII5P;ETF;ETF Plus;EUR;LU;OUI;-;Euronext;2026-08-04;NON;CLASSE_ACTIFS;Obligataire/monétaire/crypto/matières premières sans montage PEA
LU2976320437;YouETFJNUC13ETFP;YIEG3;ETF;ETF Plus;EUR;LU;OUI;ESG ETF art. 8;Euronext;2026-08-04;NON;CLASSE_ACTIFS;Obligataire/monétaire/crypto/matières premières sans montage PEA
LU2976320601;YouETFJNUC35ETFP;YIEG5;ETF;ETF Plus;EUR;LU;OUI;ESG ETF art. 8;Euronext;2026-08-04;NON;CLASSE_ACTIFS;Obligataire/monétaire/crypto/matières premières sans montage PEA
LU2976320866;YouETFJNUC5PETFP;YIE5P;ETF;ETF Plus;EUR;LU;OUI;ESG ETF art. 8;Euronext;2026-08-04;PROBABLE;INDICE_EUROPEEN;Indice actions européen — quota 75 % actions UE respecté de fait
LU2976321161;YouETFJNUC10ETFP;YIE10;ETF;ETF Plus;EUR;LU;OUI;ESG ETF art. 8;Euronext;2026-08-04;NON;CLASSE_ACTIFS;Obligataire/monétaire/crypto/matières premières sans montage PEA
LU2976321328;YouETFJNUCEUETFP;YIEG;ETF;ETF Plus;EUR;LU;OUI;ESG ETF art. 8;Euronext;2026-08-04;NON;CLASSE_ACTIFS;Obligataire/monétaire/crypto/matières premières sans montage PEA
LU2993390769;BNPETFSP500ETFP;SPTRE;ETF;ETF Plus | Euronext Paris;EUR;LU;OUI;-;Euronext;2026-08-04;A_VERIFIER;NON_DETERMINE;Fonds EEE sur indice non européen : vérifier la liste émetteur
LU2993390843;BNPETFSP500XPAR;SPTRH;ETF;Euronext Paris;EUR;LU;OUI;-;Euronext;2026-08-04;A_VERIFIER;NON_DETERMINE;Fonds EEE sur indice non européen : vérifier la liste émetteur
LU2993392898;BNPETFGBIEIGETFP;GEU7C;ETF;ETF Plus | Euronext Paris;EUR;LU;OUI;ESG ETF art. 8;Euronext;2026-08-04;PROBABLE;INDICE_EUROPEEN;Indice actions européen — quota 75 % actions UE respecté de fait
LU2993394241;BNPACTQEIGXPAR;QEIG;ETF;Euronext Paris;EUR;LU;OUI;ESG ETF art. 8;Euronext;2026-08-04;A_VERIFIER;NON_DETERMINE;Fonds EEE sur indice non européen : vérifier la liste émetteur
LU2993402101;BNPACTQEURXPAR;QEUR;ETF;Euronext Paris;EUR;LU;OUI;ESG ETF art. 8;Euronext;2026-08-04;PROBABLE;INDICE_EUROPEEN;Indice actions européen — quota 75 % actions UE respecté de fait
LU2994521073;JANActJAAEETFP;JAAE;ETF;ETF Plus;EUR;LU;OUI;-;Euronext;2026-08-04;A_VERIFIER;NON_DETERMINE;Fonds EEE sur indice non européen : vérifier la liste émetteur
LU2997383372;OSSETFSP500XPAR;0USE;ETF;Euronext Paris;EUR;LU;OUI;-;Euronext;2026-08-04;A_VERIFIER;NON_DETERMINE;Fonds EEE sur indice non européen : vérifier la liste émetteur
LU3000546336;BNPETFBUSCXFXPAR;USCBH;ETF;Euronext Paris;EUR;LU;OUI;ESG ETF art. 8;Euronext;2026-08-04;NON;CLASSE_ACTIFS;Obligataire/monétaire/crypto/matières premières sans montage PEA
LU3008629340;AILETFNE7211ETFP;DXEZ;ETF;ETF Plus;EUR;LU;OUI;ESG ETF art. 8;Euronext;2026-08-04;PROBABLE;INDICE_EUROPEEN;Indice actions européen — quota 75 % actions UE respecté de fait
LU3024069877;IMGACTMFA8XPAR;MFA8;ETF;Euronext Paris - Multi-currency Trading;USD;LU;OUI;ESG ETF art. 8;Euronext;2026-08-04;NON;CLASSE_ACTIFS;Obligataire/monétaire/crypto/matières premières sans montage PEA
LU3025345516;BNPETFSOESTRETFP;CASHE;ETF;ETF Plus | Euronext Paris;EUR;LU;OUI;-;Euronext;2026-08-04;A_VERIFIER;NON_DETERMINE;Fonds EEE sur indice non européen : vérifier la liste émetteur
LU3025346910;BNPETFGBEIGXPAR;GE110;ETF;Euronext Paris;EUR;LU;OUI;ESG ETF art. 8;Euronext;2026-08-04;NON;CLASSE_ACTIFS;Obligataire/monétaire/crypto/matières premières sans montage PEA
LU3028243122;UBSActCLOETFP;CLO;ETF;ETF Plus;EUR;LU;OUI;ESG ETF art. 8;Euronext;2026-08-04;A_VERIFIER;NON_DETERMINE;Fonds EEE sur indice non européen : vérifier la liste émetteur
LU3038520774;AMUETFSXDCRETFP;DEFS;ETF;ETF Plus | Euronext Paris;EUR;LU;OUI;-;Euronext;2026-08-04;PROBABLE;INDICE_EUROPEEN;Indice actions européen — quota 75 % actions UE respecté de fait
LU3046359165;AMUETFH37162XPAR;EBBU;ETF;Euronext Paris - Multi-currency Trading;USD;LU;OUI;ESG ETF art. 8;Euronext;2026-08-04;A_VERIFIER;NON_DETERMINE;Fonds EEE sur indice non européen : vérifier la liste émetteur
LU3046617802;OSSETFCACNRXPAR;0CAC;ETF;Euronext Paris;EUR;LU;OUI;-;Euronext;2026-08-04;PROBABLE;INDICE_EUROPEEN;Indice actions européen — quota 75 % actions UE respecté de fait
LU3046617984;OSSETFMSDEE1XPAR;MEUR;ETF;Euronext Paris;EUR;LU;OUI;-;Euronext;2026-08-04;PROBABLE;INDICE_EUROPEEN;Indice actions européen — quota 75 % actions UE respecté de fait
LU3046618446;OSSETFBXIITIXPAR;SHTE;ETF;Euronext Paris;EUR;LU;OUI;-;Euronext;2026-08-04;A_VERIFIER;NON_DETERMINE;Fonds EEE sur indice non européen : vérifier la liste émetteur
LU3047998896;BNPETFBSHIELETFP;GUARD;ETF;ETF Plus | Euronext Paris;EUR;LU;OUI;-;Euronext;2026-08-04;PROBABLE;INDICE_EUROPEEN;Indice actions européen — quota 75 % actions UE respecté de fait
LU3053349364;YouETFM1USESETFP;YIUU2;ETF;ETF Plus;EUR;LU;OUI;ESG ETF art. 8;Euronext;2026-08-04;A_VERIFIER;NON_DETERMINE;Fonds EEE sur indice non européen : vérifier la liste émetteur
LU3053349448;YouETFMXNAEUETFP;YINA2;ETF;ETF Plus;EUR;LU;OUI;ESG ETF art. 8;Euronext;2026-08-04;A_VERIFIER;NON_DETERMINE;Fonds EEE sur indice non européen : vérifier la liste émetteur
LU3053350024;YouETFNU7610ETFP;YIUGU;ETF;ETF Plus;EUR;LU;OUI;ESG ETF art. 8;Euronext;2026-08-04;A_VERIFIER;NON_DETERMINE;Fonds EEE sur indice non européen : vérifier la liste émetteur
LU3053350610;YouETFSESGIMETFP;YIUS2;ETF;ETF Plus;EUR;LU;OUI;ESG ETF art. 8;Euronext;2026-08-04;A_VERIFIER;NON_DETERMINE;Fonds EEE sur indice non européen : vérifier la liste émetteur
LU3053351261;YouETFJPMTU1ETFP;YIUG3;ETF;ETF Plus;EUR;LU;OUI;-;Euronext;2026-08-04;NON;CLASSE_ACTIFS;Obligataire/monétaire/crypto/matières premières sans montage PEA
LU3053352152;YouETFJNUCEUETFP;YIUGH;ETF;ETF Plus;EUR;LU;OUI;-;Euronext;2026-08-04;NON;CLASSE_ACTIFS;Obligataire/monétaire/crypto/matières premières sans montage PEA
LU3061478973;XTRETFSXDSCRETFP;XDEF;ETF;ETF Plus;EUR;LU;OUI;-;Euronext;2026-08-04;PROBABLE;INDICE_EUROPEEN;Indice actions européen — quota 75 % actions UE respecté de fait
LU3065087333;UBSETFMDBS2XETFP;MDB1;ETF;ETF Plus;EUR;LU;OUI;-;Euronext;2026-08-04;A_VERIFIER;NON_DETERMINE;Fonds EEE sur indice non européen : vérifier la liste émetteur
LU3065090717;UBSETFMDBE15ETFP;MDB1D;ETF;ETF Plus;EUR;LU;OUI;ESG ETF art. 9;Euronext;2026-08-04;A_VERIFIER;NON_DETERMINE;Fonds EEE sur indice non européen : vérifier la liste émetteur
LU3065094974;UBSETFMDBE15ETFP;MDB1E;ETF;ETF Plus;EUR;LU;OUI;-;Euronext;2026-08-04;A_VERIFIER;NON_DETERMINE;Fonds EEE sur indice non européen : vérifier la liste émetteur
LU3078637314;OSSETFSEMUIMXPAR;0EMU;ETF;Euronext Paris;EUR;LU;OUI;-;Euronext;2026-08-04;PROBABLE;INDICE_EUROPEEN;Indice actions européen — quota 75 % actions UE respecté de fait
LU3078637660;OSSETFMSTRUSXPAR;0SWE;ETF;Euronext Paris;EUR;LU;OUI;-;Euronext;2026-08-04;A_VERIFIER;NON_DETERMINE;Fonds EEE sur indice non européen : vérifier la liste émetteur
LU3079566835;UBSActETYETFP;ETY;ETF;ETF Plus;EUR;LU;OUI;-;Euronext;2026-08-04;A_VERIFIER;NON_DETERMINE;Fonds EEE sur indice non européen : vérifier la liste émetteur
LU3079567056;UBSActUTYETFP;UTY;ETF;ETF Plus;EUR;LU;OUI;-;Euronext;2026-08-04;A_VERIFIER;NON_DETERMINE;Fonds EEE sur indice non européen : vérifier la liste émetteur
LU3086262709;BNPETFGBIEIGXPAR;GE710;ETF;Euronext Paris;EUR;LU;OUI;ESG ETF art. 8;Euronext;2026-08-04;PROBABLE;INDICE_EUROPEEN;Indice actions européen — quota 75 % actions UE respecté de fait
LU3086268227;BNPACTAEMUSXPAR;AEMUS;ETF;Euronext Paris;EUR;LU;OUI;ESG ETF art. 8;Euronext;2026-08-04;PROBABLE;INDICE_EUROPEEN;Indice actions européen — quota 75 % actions UE respecté de fait
LU3086268573;BNPETFSMEAIMXPAR;UEFA;ETF;Euronext Paris;EUR;LU;OUI;-;Euronext;2026-08-04;PROBABLE;INDICE_EUROPEEN;Indice actions européen — quota 75 % actions UE respecté de fait
LU3086269894;BNPETFMSDEJNXPAR;FUJI;ETF;Euronext Paris;EUR;LU;OUI;-;Euronext;2026-08-04;A_VERIFIER;NON_DETERMINE;Fonds EEE sur indice non européen : vérifier la liste émetteur
LU3086388124;AMUETFMXEUSCXPAR;EUSC;ETF;Euronext Paris;EUR;LU;OUI;ESG ETF art. 8;Euronext;2026-08-04;PROBABLE;INDICE_EUROPEEN;Indice actions européen — quota 75 % actions UE respecté de fait
LU3116008346;XTRActXEQ2ETFP;XEQ2;ETF;ETF Plus;EUR;LU;OUI;-;Euronext;2026-08-04;A_VERIFIER;NON_DETERMINE;Fonds EEE sur indice non européen : vérifier la liste émetteur
LU3116008429;XTRActXEQ4ETFP;XEQ4;ETF;ETF Plus;EUR;LU;OUI;-;Euronext;2026-08-04;A_VERIFIER;NON_DETERMINE;Fonds EEE sur indice non européen : vérifier la liste émetteur
LU3116008692;XTRActXEQ6ETFP;XEQ6;ETF;ETF Plus;EUR;LU;OUI;-;Euronext;2026-08-04;A_VERIFIER;NON_DETERMINE;Fonds EEE sur indice non européen : vérifier la liste émetteur
LU3116008775;XTRActXEQ8ETFP;XEQ8;ETF;ETF Plus;EUR;LU;OUI;-;Euronext;2026-08-04;A_VERIFIER;NON_DETERMINE;Fonds EEE sur indice non européen : vérifier la liste émetteur
LU3119430067;XTRETFIBXXT1ETFP;XEZ1;ETF;ETF Plus;EUR;LU;OUI;ESG ETF art. 8;Euronext;2026-08-04;NON;CLASSE_ACTIFS;Obligataire/monétaire/crypto/matières premières sans montage PEA
LU3119430141;XTRETFIBXXT3ETFP;XEZ3;ETF;ETF Plus;EUR;LU;OUI;ESG ETF art. 8;Euronext;2026-08-04;A_VERIFIER;NON_DETERMINE;Fonds EEE sur indice non européen : vérifier la liste émetteur
LU3119430224;XTRETFIBXXT5ETFP;XEZ5;ETF;ETF Plus;EUR;LU;OUI;ESG ETF art. 8;Euronext;2026-08-04;NON;CLASSE_ACTIFS;Obligataire/monétaire/crypto/matières premières sans montage PEA
LU3119430497;XTRETFIBXXT7ETFP;XEZ7;ETF;ETF Plus;EUR;LU;OUI;ESG ETF art. 8;Euronext;2026-08-04;NON;CLASSE_ACTIFS;Obligataire/monétaire/crypto/matières premières sans montage PEA
LU3119430570;XTRETFIBXXT1ETFP;XZ10;ETF;ETF Plus;EUR;LU;OUI;ESG ETF art. 8;Euronext;2026-08-04;NON;CLASSE_ACTIFS;Obligataire/monétaire/crypto/matières premières sans montage PEA
LU3119987140;YouETFMFCOEEETFP;YEICB;ETF;ETF Plus;EUR;LU;OUI;ESG ETF art. 8;Euronext;2026-08-04;A_VERIFIER;NON_DETERMINE;Fonds EEE sur indice non européen : vérifier la liste émetteur
LU3119988031;YouETFMFCOEYETFP;YEHCB;ETF;ETF Plus;EUR;LU;OUI;ESG ETF art. 8;Euronext;2026-08-04;NON;CLASSE_ACTIFS;Obligataire/monétaire/crypto/matières premières sans montage PEA
LU3120976132;AMUETFCFIIEBXPAR;FM30;ETF;Euronext Paris;EUR;LU;OUI;-;Euronext;2026-08-04;A_VERIFIER;NON_DETERMINE;Fonds EEE sur indice non européen : vérifier la liste émetteur
LU3121015138;STAActSEZAETFP;SEZA;ETF;ETF Plus;EUR;LU;OUI;ESG ETF art. 8;Euronext;2026-08-04;PROBABLE;INDICE_EUROPEEN;Indice actions européen — quota 75 % actions UE respecté de fait
LU3121015211;STAActSEMRETFP;SEMR;ETF;ETF Plus;EUR;LU;OUI;ESG ETF art. 8;Euronext;2026-08-04;A_VERIFIER;NON_DETERMINE;Fonds EEE sur indice non européen : vérifier la liste émetteur
LU3121015302;STAActSECMETFP;SECM;ETF;ETF Plus;EUR;LU;OUI;ESG ETF art. 8;Euronext;2026-08-04;A_VERIFIER;NON_DETERMINE;Fonds EEE sur indice non européen : vérifier la liste émetteur
LU3121015484;STAActSEAPETFP;SEAP;ETF;ETF Plus;EUR;LU;OUI;ESG ETF art. 8;Euronext;2026-08-04;A_VERIFIER;NON_DETERMINE;Fonds EEE sur indice non européen : vérifier la liste émetteur
LU3121015567;STAActSEPEETFP;SEPE;ETF;ETF Plus;EUR;LU;OUI;ESG ETF art. 8;Euronext;2026-08-04;A_VERIFIER;NON_DETERMINE;Fonds EEE sur indice non européen : vérifier la liste émetteur
LU3121015641;STAActSGBEETFP;SGBE;ETF;ETF Plus;EUR;LU;OUI;ESG ETF art. 8;Euronext;2026-08-04;A_VERIFIER;NON_DETERMINE;Fonds EEE sur indice non européen : vérifier la liste émetteur
LU3132432900;AILETFBCMCTGETFP;DXDC;ETF;ETF Plus | Euronext Amsterdam - Multi-currency Trading;EUR;LU;OUI;-;Euronext;2026-08-04;A_VERIFIER;NON_DETERMINE;Fonds EEE sur indice non européen : vérifier la liste émetteur
LU3132433031;AILETFBCCTGMETFP;DXDCH;ETF;ETF Plus;EUR;LU;OUI;-;Euronext;2026-08-04;A_VERIFIER;NON_DETERMINE;Fonds EEE sur indice non européen : vérifier la liste émetteur
LU3138596146;OSSETFNDDLCAXPAR;0UCA;ETF;Euronext Paris;EUR;LU;OUI;-;Euronext;2026-08-04;A_VERIFIER;NON_DETERMINE;Fonds EEE sur indice non européen : vérifier la liste émetteur
LU3138597383;OSSActGLOBXPAR;GLOB;ETF;Euronext Paris;EUR;LU;OUI;ESG ETF art. 8;Euronext;2026-08-04;PROBABLE;INDICE_EUROPEEN;Indice actions européen — quota 75 % actions UE respecté de fait
LU3142893745;MOSActBBLOKXPAR;BBLOK;ETF;Euronext Paris;EUR;LU;OUI;ESG ETF art. 8;Euronext;2026-08-04;A_VERIFIER;NON_DETERMINE;Fonds EEE sur indice non européen : vérifier la liste émetteur
LU3147499878;YouETFM1WOESETFP;YIWUU;ETF;ETF Plus;EUR;LU;OUI;ESG ETF art. 8;Euronext;2026-08-04;A_VERIFIER;NON_DETERMINE;Fonds EEE sur indice non européen : vérifier la liste émetteur
LU3147499951;YouETFDESGIMETFP;YIWSU;ETF;ETF Plus;EUR;LU;OUI;ESG ETF art. 8;Euronext;2026-08-04;A_VERIFIER;NON_DETERMINE;Fonds EEE sur indice non européen : vérifier la liste émetteur
LU3152892546;XTRETFI40158ETFP;XB35;ETF;ETF Plus;EUR;LU;OUI;-;Euronext;2026-08-04;NON;CLASSE_ACTIFS;Obligataire/monétaire/crypto/matières premières sans montage PEA
LU3152892629;XTRETFI40157ETFP;XB36;ETF;ETF Plus;EUR;LU;OUI;-;Euronext;2026-08-04;A_VERIFIER;NON_DETERMINE;Fonds EEE sur indice non européen : vérifier la liste émetteur
LU3173209654;BNPETFMSTRUSXPAR;GLOEU;ETF;Euronext Paris;EUR;LU;OUI;-;Euronext;2026-08-04;A_VERIFIER;NON_DETERMINE;Fonds EEE sur indice non européen : vérifier la liste émetteur
LU3174346000;GLOActOFIEUXPAR;OFIEU;ETF;Euronext Paris;EUR;LU;OUI;ESG ETF art. 8;Euronext;2026-08-04;PROBABLE;INDICE_EUROPEEN;Indice actions européen — quota 75 % actions UE respecté de fait
LU3174346182;GLOActOFIUSXPAR;OFIUS;ETF;Euronext Paris;EUR;LU;OUI;ESG ETF art. 8;Euronext;2026-08-04;A_VERIFIER;NON_DETERMINE;Fonds EEE sur indice non européen : vérifier la liste émetteur
LU3180074463;MULETFEUSTAUXPAR;INDEP;ETF;Euronext Paris;EUR;LU;OUI;-;Euronext;2026-08-04;A_VERIFIER;NON_DETERMINE;Fonds EEE sur indice non européen : vérifier la liste émetteur
LU3195985372;INDActIEMIDXPAR;IEMID;ETF;Euronext Paris;EUR;LU;OUI;ESG ETF art. 8;Euronext;2026-08-04;A_VERIFIER;NON_DETERMINE;Fonds EEE sur indice non européen : vérifier la liste émetteur
LU3215536486;BNPETFM7EMXPAR;EUZON;ETF;Euronext Paris;EUR;LU;OUI;-;Euronext;2026-08-04;PROBABLE;INDICE_EUROPEEN;Indice actions européen — quota 75 % actions UE respecté de fait
LU3215538003;BNPETFGGOVIMXPAR;IGOV;ETF;Euronext Paris;EUR;LU;OUI;-;Euronext;2026-08-04;A_VERIFIER;NON_DETERMINE;Fonds EEE sur indice non européen : vérifier la liste émetteur
LU3215539589;BNPETFGBIEIGXPAR;GE01;ETF;Euronext Paris;EUR;LU;OUI;ESG ETF art. 8;Euronext;2026-08-04;PROBABLE;INDICE_EUROPEEN;Indice actions européen — quota 75 % actions UE respecté de fait
LU3215541056;BNPETFSOESTRXPAR;OVNI;ETF;Euronext Paris;EUR;LU;OUI;-;Euronext;2026-08-04;OUI;NOM_PEA;Marquage « PEA » dans le nom émetteur
LU3227156927;YOUActYARA2ETFP;YARA2;ETF;ETF Plus;EUR;LU;OUI;ESG ETF art. 8;Euronext;2026-08-04;A_VERIFIER;NON_DETERMINE;Fonds EEE sur indice non européen : vérifier la liste émetteur
LU3243907741;BNPETFACWIIMXPAR;ALLCE;ETF;Euronext Paris;EUR;LU;OUI;-;Euronext;2026-08-04;A_VERIFIER;NON_DETERMINE;Fonds EEE sur indice non européen : vérifier la liste émetteur
LU3243965608;EXAActEXSEXPAR;EXSE;ETF;Euronext Paris;EUR;LU;OUI;ESG ETF art. 8;Euronext;2026-08-04;A_VERIFIER;NON_DETERMINE;Fonds EEE sur indice non européen : vérifier la liste émetteur
LU3243965780;EXAActEXSXPAR;EXS;ETF;Euronext Paris;EUR;LU;OUI;ESG ETF art. 8;Euronext;2026-08-04;A_VERIFIER;NON_DETERMINE;Fonds EEE sur indice non européen : vérifier la liste émetteur
LU3249968184;YouETFNNASIUETFP;YINAS;ETF;ETF Plus;EUR;LU;OUI;ESG ETF art. 8;Euronext;2026-08-04;A_VERIFIER;NON_DETERMINE;Fonds EEE sur indice non européen : vérifier la liste émetteur
LU3256186639;BNPETFM1WOUXPAR;NOUSA;ETF;Euronext Paris;EUR;LU;OUI;-;Euronext;2026-08-04;A_VERIFIER;NON_DETERMINE;Fonds EEE sur indice non européen : vérifier la liste émetteur
LU3257630437;BNPETFM1EFXPAR;BRIX;ETF;Euronext Paris;EUR;LU;OUI;-;Euronext;2026-08-04;A_VERIFIER;NON_DETERMINE;Fonds EEE sur indice non européen : vérifier la liste émetteur
LU3281687312;oneETFMXEUEUETFP;CCNA;ETF;ETF Plus;EUR;LU;OUI;ESG ETF art. 8;Euronext;2026-08-04;A_VERIFIER;NON_DETERMINE;Fonds EEE sur indice non européen : vérifier la liste émetteur
LU3281687668;oneETFNE7126ETFP;CCNB;ETF;ETF Plus;EUR;LU;OUI;ESG ETF art. 8;Euronext;2026-08-04;A_VERIFIER;NON_DETERMINE;Fonds EEE sur indice non européen : vérifier la liste émetteur
LU3281687825;oneETFNE7126ETFP;CCNC;ETF;ETF Plus;EUR;LU;OUI;ESG ETF art. 8;Euronext;2026-08-04;A_VERIFIER;NON_DETERMINE;Fonds EEE sur indice non européen : vérifier la liste émetteur
LU3281688120;oneETFNE7126ETFP;CCNE;ETF;ETF Plus;EUR;LU;OUI;ESG ETF art. 8;Euronext;2026-08-04;A_VERIFIER;NON_DETERMINE;Fonds EEE sur indice non européen : vérifier la liste émetteur
LU3281688476;oneETFMF7554ETFP;CCNG;ETF;ETF Plus;EUR;LU;OUI;-;Euronext;2026-08-04;A_VERIFIER;NON_DETERMINE;Fonds EEE sur indice non européen : vérifier la liste émetteur
LU3281688633;oneETFMFGORTETFP;CCNH;ETF;ETF Plus;EUR;LU;OUI;-;Euronext;2026-08-04;A_VERIFIER;NON_DETERMINE;Fonds EEE sur indice non européen : vérifier la liste émetteur
LU3281688807;oneETFMFUNIGETFP;CCNI;ETF;ETF Plus;EUR;LU;OUI;ESG ETF art. 8;Euronext;2026-08-04;NON;CLASSE_ACTIFS;Obligataire/monétaire/crypto/matières premières sans montage PEA
LU3299677271;AMUETFSXCCTIXPAR;MSET;ETF;Euronext Paris;EUR;LU;OUI;-;Euronext;2026-08-04;PROBABLE;INDICE_EUROPEEN;Indice actions européen — quota 75 % actions UE respecté de fait
LU3299677438;AMUETFNDXTIIXPAR;NSDT;ETF;Euronext Paris;EUR;LU;OUI;-;Euronext;2026-08-04;A_VERIFIER;NON_DETERMINE;Fonds EEE sur indice non européen : vérifier la liste émetteur
LU3307215619;BNPActBFRMXPAR;BFRM;ETF;Euronext Paris;EUR;LU;OUI;-;Euronext;2026-08-04;A_VERIFIER;NON_DETERMINE;Fonds EEE sur indice non européen : vérifier la liste émetteur
LU3307218399;BNPActFOLOWXPAR;FOLOW;ETF;Euronext Paris;EUR;LU;OUI;-;Euronext;2026-08-04;A_VERIFIER;NON_DETERMINE;Fonds EEE sur indice non européen : vérifier la liste émetteur
LU3307219520;BNPActPRINTXPAR;PRINT;ETF;Euronext Paris;EUR;LU;OUI;-;Euronext;2026-08-04;A_VERIFIER;NON_DETERMINE;Fonds EEE sur indice non européen : vérifier la liste émetteur
LU3307220965;BNPActSLEEKXPAR;SLEEK;ETF;Euronext Paris;EUR;LU;OUI;-;Euronext;2026-08-04;A_VERIFIER;NON_DETERMINE;Fonds EEE sur indice non européen : vérifier la liste émetteur
LU3322521785;AB ActEBNDETFP;EBND;ETF;ETF Plus;EUR;LU;OUI;ESG ETF art. 8;Euronext;2026-08-04;NON;CLASSE_ACTIFS;Obligataire/monétaire/crypto/matières premières sans montage PEA
LU3322522080;AB ActGLIGETFP;GLIG;ETF;ETF Plus;EUR;LU;OUI;ESG ETF art. 8;Euronext;2026-08-04;NON;CLASSE_ACTIFS;Obligataire/monétaire/crypto/matières premières sans montage PEA
LU3322522163;AB ActFWDETFP;FWD;ETF;ETF Plus;EUR;LU;OUI;ESG ETF art. 8;Euronext;2026-08-04;A_VERIFIER;NON_DETERMINE;Fonds EEE sur indice non européen : vérifier la liste émetteur
LU3322522247;AB ActGLRAETFP;GLRA;ETF;ETF Plus;EUR;LU;OUI;ESG ETF art. 8;Euronext;2026-08-04;A_VERIFIER;NON_DETERMINE;Fonds EEE sur indice non européen : vérifier la liste émetteur
LU3322522593;AB ActEYEGETFP;EYEG;ETF;ETF Plus;EUR;LU;OUI;ESG ETF art. 8;Euronext;2026-08-04;NON;CLASSE_ACTIFS;Obligataire/monétaire/crypto/matières premières sans montage PEA
LU3333848920;UBSETFMDB15JETFP;MDB1Y;ETF;ETF Plus;EUR;LU;OUI;ESG ETF art. 9;Euronext;2026-08-04;A_VERIFIER;NON_DETERMINE;Fonds EEE sur indice non européen : vérifier la liste émetteur
LU3333849068;UBSETFMDB510ETFP;MDB5Y;ETF;ETF Plus;EUR;LU;OUI;ESG ETF art. 9;Euronext;2026-08-04;A_VERIFIER;NON_DETERMINE;Fonds EEE sur indice non européen : vérifier la liste émetteur
LU3334220699;IMGActSARFXPAR;SARF;ETF;Euronext Paris;EUR;LU;OUI;ESG ETF art. 8;Euronext;2026-08-04;A_VERIFIER;NON_DETERMINE;Fonds EEE sur indice non européen : vérifier la liste émetteur
LU3351069201;BNPETFMXWMTEXPAR;WEXUS;ETF;Euronext Paris;EUR;LU;OUI;-;Euronext;2026-08-04;A_VERIFIER;NON_DETERMINE;Fonds EEE sur indice non européen : vérifier la liste émetteur
LU3384730795;IMGActPEHYXPAR;PEHY;ETF;Euronext Paris;EUR;LU;OUI;ESG ETF art. 8;Euronext;2026-08-04;A_VERIFIER;NON_DETERMINE;Fonds EEE sur indice non européen : vérifier la liste émetteur
LU3411931689;IMGActITALETFP;ITAL;ETF;ETF Plus;EUR;LU;OUI;-;Euronext;2026-08-04;A_VERIFIER;NON_DETERMINE;Fonds EEE sur indice non européen : vérifier la liste émetteur
MT7000024006;AQA COLOMBO EXTR R;CXR;OPCVM;ATFund Instruments;EUR;MT;OUI;;Euronext;2026-08-04;A_VERIFIER;NON_DETERMINE;Fonds EEE sur indice non européen : vérifier la liste émetteur
MT7000039640;Eq Opp Class B EUR;RIEO1B;OPCVM;ATFund Instruments;EUR;MT;OUI;;Euronext;2026-08-04;A_VERIFIER;NON_DETERMINE;Fonds EEE sur indice non européen : vérifier la liste émetteur
NL0000286045;GS NORTH AMER FD;GSNA;OPCVM;Euronext Amsterdam;EUR;NL;OUI;;Euronext;2026-08-04;A_VERIFIER;NON_DETERMINE;Fonds EEE sur indice non européen : vérifier la liste émetteur
NL0000286318;GS EQ INV FD;GSEIF;OPCVM;Euronext Amsterdam;EUR;NL;OUI;;Euronext;2026-08-04;A_VERIFIER;NON_DETERMINE;Fonds EEE sur indice non européen : vérifier la liste émetteur
NL0000287084;OPTIMIX INCOM FD C;OPTIN;OPCVM;Euronext Amsterdam;EUR;NL;OUI;;Euronext;2026-08-04;A_VERIFIER;NON_DETERMINE;Fonds EEE sur indice non européen : vérifier la liste émetteur
NL0000287100;OPTIMIX MIX FD   E;OPTMF;OPCVM;Euronext Amsterdam;EUR;NL;OUI;;Euronext;2026-08-04;A_VERIFIER;NON_DETERMINE;Fonds EEE sur indice non européen : vérifier la liste émetteur
NL0000287126;OPTIMIX EMERG MKTS;OPEMF;OPCVM;Euronext Amsterdam;EUR;NL;OUI;;Euronext;2026-08-04;A_VERIFIER;NON_DETERMINE;Fonds EEE sur indice non européen : vérifier la liste émetteur
NL0000288736;ROLINCO CUMPREF;ROLPR;OPCVM;Euronext Amsterdam;EUR;NL;OUI;;Euronext;2026-08-04;A_VERIFIER;NON_DETERMINE;Fonds EEE sur indice non européen : vérifier la liste émetteur
NL0000289627;KEMPEN ORANGE FD;KORAF;OPCVM;Euronext Amsterdam;EUR;NL;OUI;;Euronext;2026-08-04;A_VERIFIER;NON_DETERMINE;Fonds EEE sur indice non européen : vérifier la liste émetteur
NL0000289783;Rob GSEF EUR E;ROBA;OPCVM;Euronext Amsterdam;EUR;NL;OUI;;Euronext;2026-08-04;A_VERIFIER;NON_DETERMINE;Fonds EEE sur indice non européen : vérifier la liste émetteur
NL0000289817;ROLINCO;ROLA;OPCVM;Euronext Amsterdam;EUR;NL;OUI;;Euronext;2026-08-04;A_VERIFIER;NON_DETERMINE;Fonds EEE sur indice non européen : vérifier la liste émetteur
NL0000289858;GS HOOG DIV A FD;GSHDA;OPCVM;Euronext Amsterdam;EUR;NL;OUI;;Euronext;2026-08-04;A_VERIFIER;NON_DETERMINE;Fonds EEE sur indice non européen : vérifier la liste émetteur
NL0000292225;GS EMERGING EUR FD;GSEEF;OPCVM;Euronext Amsterdam;EUR;NL;OUI;;Euronext;2026-08-04;PROBABLE;INDICE_EUROPEEN;Indice actions européen — quota 75 % actions UE respecté de fait
NL0000292332;GS EUROPE FD;GSEUF;OPCVM;Euronext Amsterdam;EUR;NL;OUI;;Euronext;2026-08-04;PROBABLE;INDICE_EUROPEEN;Indice actions européen — quota 75 % actions UE respecté de fait
NL0000292746;GS EUR DUUR AAN FD;GSEDA;OPCVM;Euronext Amsterdam;EUR;NL;OUI;;Euronext;2026-08-04;A_VERIFIER;NON_DETERMINE;Fonds EEE sur indice non européen : vérifier la liste émetteur
NL0000293140;GS DYN MIX FD I;GSDM1;OPCVM;Euronext Amsterdam;EUR;NL;OUI;;Euronext;2026-08-04;A_VERIFIER;NON_DETERMINE;Fonds EEE sur indice non européen : vérifier la liste émetteur
NL0000293157;GS DYN MIX FD II;GSDM2;OPCVM;Euronext Amsterdam;EUR;NL;OUI;;Euronext;2026-08-04;A_VERIFIER;NON_DETERMINE;Fonds EEE sur indice non européen : vérifier la liste émetteur
NL0000293165;GS DYN MIX FD III;GSDM3;OPCVM;Euronext Amsterdam;EUR;NL;OUI;;Euronext;2026-08-04;A_VERIFIER;NON_DETERMINE;Fonds EEE sur indice non européen : vérifier la liste émetteur
NL0000293173;GS DYN MIX FD IV;GSDM4;OPCVM;Euronext Amsterdam;EUR;NL;OUI;;Euronext;2026-08-04;A_VERIFIER;NON_DETERMINE;Fonds EEE sur indice non européen : vérifier la liste émetteur
NL0000293181;GS DYN MIX FD V;GSDM5;OPCVM;Euronext Amsterdam;EUR;NL;OUI;;Euronext;2026-08-04;A_VERIFIER;NON_DETERMINE;Fonds EEE sur indice non européen : vérifier la liste émetteur
NL0000293348;KE EUR HGHDV FD N;KEHDF;OPCVM;Euronext Amsterdam;EUR;NL;OUI;;Euronext;2026-08-04;A_VERIFIER;NON_DETERMINE;Fonds EEE sur indice non européen : vérifier la liste émetteur
NL0000440204;TRIODOS GROENFONDS;TRIGF;OPCVM;Euronext Amsterdam;EUR;NL;OUI;;Euronext;2026-08-04;A_VERIFIER;NON_DETERMINE;Fonds EEE sur indice non européen : vérifier la liste émetteur
NL0000440675;KEMPEN ORANJE PART;KORPT;OPCVM;Euronext Amsterdam;EUR;NL;OUI;;Euronext;2026-08-04;A_VERIFIER;NON_DETERMINE;Fonds EEE sur indice non européen : vérifier la liste émetteur
NL0000442077;GS WERELD MIX FD;GSMIX;OPCVM;Euronext Amsterdam;EUR;NL;OUI;;Euronext;2026-08-04;A_VERIFIER;NON_DETERMINE;Fonds EEE sur indice non européen : vérifier la liste émetteur
NL0000442101;GS EUR RENTE FD;GSLRF;OPCVM;Euronext Amsterdam;EUR;NL;OUI;;Euronext;2026-08-04;NON;CLASSE_ACTIFS;Obligataire/monétaire/crypto/matières premières sans montage PEA
NL0006089229;KEMPEN GBL HDiv N;KGHDF;OPCVM;Euronext Amsterdam;EUR;NL;OUI;;Euronext;2026-08-04;A_VERIFIER;NON_DETERMINE;Fonds EEE sur indice non européen : vérifier la liste émetteur
NL0006238131;ROB AFRIKA FONDS;RAFRI;OPCVM;Euronext Amsterdam;EUR;NL;OUI;;Euronext;2026-08-04;A_VERIFIER;NON_DETERMINE;Fonds EEE sur indice non européen : vérifier la liste émetteur
NL0006294092;BNP ESG GPS IND FD;BGPSF;OPCVM;Euronext Amsterdam;EUR;NL;OUI;;Euronext;2026-08-04;A_VERIFIER;NON_DETERMINE;Fonds EEE sur indice non européen : vérifier la liste émetteur
NL0006294167;BNP GL IN MF EQ FD;BGHEF;OPCVM;Euronext Amsterdam;EUR;NL;OUI;;Euronext;2026-08-04;A_VERIFIER;NON_DETERMINE;Fonds EEE sur indice non européen : vérifier la liste émetteur
NL0006311706;Arcona Property Fd;ARCPF;OPCVM;Euronext Amsterdam;EUR;NL;OUI;;Euronext;2026-08-04;A_VERIFIER;NON_DETERMINE;Fonds EEE sur indice non européen : vérifier la liste émetteur
NL0006311730;GS EUR SM CAPS FD;GSESC;OPCVM;Euronext Amsterdam;EUR;NL;OUI;;Euronext;2026-08-04;A_VERIFIER;NON_DETERMINE;Fonds EEE sur indice non européen : vérifier la liste émetteur
NL0006311771;GS ENH INDX SUS EM;GSEME;OPCVM;Euronext Amsterdam;EUR;NL;OUI;;Euronext;2026-08-04;A_VERIFIER;NON_DETERMINE;Fonds EEE sur indice non européen : vérifier la liste émetteur
NL0006311789;GS DUURZAAM AAN FD;GSDZA;OPCVM;Euronext Amsterdam;EUR;NL;OUI;;Euronext;2026-08-04;A_VERIFIER;NON_DETERMINE;Fonds EEE sur indice non européen : vérifier la liste émetteur
NL0006311797;GS EUR OBLIG FD;GSEOF;OPCVM;Euronext Amsterdam;EUR;NL;OUI;;Euronext;2026-08-04;NON;CLASSE_ACTIFS;Obligataire/monétaire/crypto/matières premières sans montage PEA
NL0006311805;GS GLOBAL FD;GSGLF;OPCVM;Euronext Amsterdam;EUR;NL;OUI;;Euronext;2026-08-04;A_VERIFIER;NON_DETERMINE;Fonds EEE sur indice non européen : vérifier la liste émetteur
NL0006311813;GS GLOB HIYIELD FD;GSGHY;OPCVM;Euronext Amsterdam;EUR;NL;OUI;;Euronext;2026-08-04;A_VERIFIER;NON_DETERMINE;Fonds EEE sur indice non européen : vérifier la liste émetteur
NL0006311839;GS GLOB OBL FD;GSGLO;OPCVM;Euronext Amsterdam;EUR;NL;OUI;;Euronext;2026-08-04;NON;CLASSE_ACTIFS;Obligataire/monétaire/crypto/matières premières sans montage PEA
NL0006311847;GS GLOB R ESTAT FD;GSGLR;OPCVM;Euronext Amsterdam;EUR;NL;OUI;;Euronext;2026-08-04;A_VERIFIER;NON_DETERMINE;Fonds EEE sur indice non européen : vérifier la liste émetteur
NL0006311862;GS LION FD;GSLF;OPCVM;Euronext Amsterdam;EUR;NL;OUI;;Euronext;2026-08-04;A_VERIFIER;NON_DETERMINE;Fonds EEE sur indice non européen : vérifier la liste émetteur
NL0009265404;GS GLOB OPPORT FD;GSGOF;OPCVM;Euronext Amsterdam;EUR;NL;OUI;;Euronext;2026-08-04;A_VERIFIER;NON_DETERMINE;Fonds EEE sur indice non européen : vérifier la liste émetteur
NL0009272749;VE AEX;TDT;ETF;Euronext Amsterdam, Brussels;EUR;NL;OUI;-;Euronext;2026-08-04;PROBABLE;INDICE_EUROPEEN;Indice actions européen — quota 75 % actions UE respecté de fait
NL0009272764;VE Conservative;DTM;ETF;Euronext Amsterdam, Brussels;EUR;NL;OUI;ESG ETF art. 8;Euronext;2026-08-04;A_VERIFIER;NON_DETERMINE;Fonds EEE sur indice non européen : vérifier la liste émetteur
NL0009272772;VE Balanced;NTM;ETF;Euronext Amsterdam, Brussels;EUR;NL;OUI;ESG ETF art. 8;Euronext;2026-08-04;A_VERIFIER;NON_DETERMINE;Fonds EEE sur indice non européen : vérifier la liste émetteur
NL0009272780;VE Growth;TOF;ETF;Euronext Amsterdam, Brussels;EUR;NL;OUI;ESG ETF art. 8;Euronext;2026-08-04;A_VERIFIER;NON_DETERMINE;Fonds EEE sur indice non européen : vérifier la liste émetteur
NL0009388743;ADD VALUE FUND;AVFNV;OPCVM;Euronext Amsterdam;EUR;NL;OUI;;Euronext;2026-08-04;A_VERIFIER;NON_DETERMINE;Fonds EEE sur indice non européen : vérifier la liste émetteur
NL0009690239;VANETFTRETIMETFP;TRET;ETF;ETF Plus | Euronext Amsterdam, Brussels;EUR;NL;OUI;ESG ETF art. 8;Euronext;2026-08-04;A_VERIFIER;NON_DETERMINE;Fonds EEE sur indice non européen : vérifier la liste émetteur
NL0009690247;VE Corp Bond;TCBT;ETF;Euronext Amsterdam, Brussels;EUR;NL;OUI;ESG ETF art. 8;Euronext;2026-08-04;NON;CLASSE_ACTIFS;Obligataire/monétaire/crypto/matières premières sans montage PEA
NL0009690254;VE Gov Bond;TGBT;ETF;Euronext Amsterdam, Brussels;EUR;NL;OUI;-;Euronext;2026-08-04;NON;CLASSE_ACTIFS;Obligataire/monétaire/crypto/matières premières sans montage PEA
NL0010273801;VE Gov AAA Bond;TAT;ETF;Euronext Amsterdam, Brussels;EUR;NL;OUI;-;Euronext;2026-08-04;NON;CLASSE_ACTIFS;Obligataire/monétaire/crypto/matières premières sans montage PEA
NL0010408704;VANETFTSWEIMETFP;TSWE;ETF;ETF Plus | Euronext Amsterdam, Brussels;EUR;NL;OUI;ESG ETF art. 8;Euronext;2026-08-04;A_VERIFIER;NON_DETERMINE;Fonds EEE sur indice non européen : vérifier la liste émetteur
NL0010558805;OPT EuroRente Fd;OPERF;OPCVM;Euronext Amsterdam;EUR;NL;OUI;;Euronext;2026-08-04;A_VERIFIER;NON_DETERMINE;Fonds EEE sur indice non européen : vérifier la liste émetteur
NL0010558813;OPT Wereld Aand Fd;OPWAF;OPCVM;Euronext Amsterdam;EUR;NL;OUI;;Euronext;2026-08-04;A_VERIFIER;NON_DETERMINE;Fonds EEE sur indice non européen : vérifier la liste émetteur
NL0010579090;CARDANO EUR CREDIT;AIEC;OPCVM;Euronext Amsterdam;EUR;NL;OUI;;Euronext;2026-08-04;A_VERIFIER;NON_DETERMINE;Fonds EEE sur indice non européen : vérifier la liste émetteur
NL0010579124;CARDANO SDG EQ GLO;AVWA;OPCVM;Euronext Amsterdam;EUR;NL;OUI;;Euronext;2026-08-04;A_VERIFIER;NON_DETERMINE;Fonds EEE sur indice non européen : vérifier la liste émetteur
NL0010579157;CARDANO MIX DEFENS;AVMD;OPCVM;Euronext Amsterdam;EUR;NL;OUI;;Euronext;2026-08-04;A_VERIFIER;NON_DETERMINE;Fonds EEE sur indice non européen : vérifier la liste émetteur
NL0010579165;CARDANO MIX NEUTRA;AVMN;OPCVM;Euronext Amsterdam;EUR;NL;OUI;;Euronext;2026-08-04;A_VERIFIER;NON_DETERMINE;Fonds EEE sur indice non européen : vérifier la liste émetteur
NL0010579173;CARDANO MIX OFFENS;AVMO;OPCVM;Euronext Amsterdam;EUR;NL;OUI;;Euronext;2026-08-04;A_VERIFIER;NON_DETERMINE;Fonds EEE sur indice non européen : vérifier la liste émetteur
NL0010619748;US CONSERV HD EQ G;ROBC;OPCVM;Euronext Amsterdam;EUR;NL;OUI;;Euronext;2026-08-04;A_VERIFIER;NON_DETERMINE;Fonds EEE sur indice non européen : vérifier la liste émetteur
NL0010731816;VanEck Sust EU EW;TEET;ETF;Euronext Amsterdam, Brussels | ETF Plus;EUR;NL;OUI;ESG ETF art. 8;Euronext;2026-08-04;A_VERIFIER;NON_DETERMINE;Fonds EEE sur indice non européen : vérifier la liste émetteur
NL0010831046;US LARGE CAP EQ G;BOBL;OPCVM;Euronext Amsterdam;EUR;NL;OUI;;Euronext;2026-08-04;A_VERIFIER;NON_DETERMINE;Fonds EEE sur indice non européen : vérifier la liste émetteur
NL0011309349;CARDANO IND GLOBAL;AVIAW;OPCVM;Euronext Amsterdam;EUR;NL;OUI;;Euronext;2026-08-04;A_VERIFIER;NON_DETERMINE;Fonds EEE sur indice non européen : vérifier la liste émetteur
NL0011327432;Triodos Mult Impac;TMIF;OPCVM;Euronext Amsterdam;EUR;NL;OUI;;Euronext;2026-08-04;A_VERIFIER;NON_DETERMINE;Fonds EEE sur indice non européen : vérifier la liste émetteur
NL0011354865;RG WOCE E G;ROCO;OPCVM;Euronext Amsterdam;EUR;NL;OUI;;Euronext;2026-08-04;A_VERIFIER;NON_DETERMINE;Fonds EEE sur indice non européen : vérifier la liste émetteur
NL0011683594;VANETFTDIVIMETFP;TDIV;ETF;ETF Plus | Euronext Paris | Euronext Amsterdam, Brussels;EUR;NL;OUI;ESG ETF art. 8;Euronext;2026-08-04;A_VERIFIER;NON_DETERMINE;Fonds EEE sur indice non européen : vérifier la liste émetteur
NL0012044739;KGPFN;KGPFN;OPCVM;Euronext Amsterdam;EUR;NL;OUI;;Euronext;2026-08-04;A_VERIFIER;NON_DETERMINE;Fonds EEE sur indice non européen : vérifier la liste émetteur
NL0012125736;GS ENH INDX SUS EQ;GSESA;OPCVM;Euronext Amsterdam;EUR;NL;OUI;;Euronext;2026-08-04;A_VERIFIER;NON_DETERMINE;Fonds EEE sur indice non européen : vérifier la liste émetteur
NL0012727432;BNP NL;BNPNL;OPCVM;Euronext Amsterdam;EUR;NL;OUI;;Euronext;2026-08-04;A_VERIFIER;NON_DETERMINE;Fonds EEE sur indice non européen : vérifier la liste émetteur
NL0012817134;GS EUR DEELN FD;GSED;OPCVM;Euronext Amsterdam;EUR;NL;OUI;;Euronext;2026-08-04;A_VERIFIER;NON_DETERMINE;Fonds EEE sur indice non européen : vérifier la liste émetteur
NL0013087968;TRI FAIR SHARE FND;TFSF;OPCVM;Euronext Amsterdam;EUR;NL;OUI;;Euronext;2026-08-04;A_VERIFIER;NON_DETERMINE;Fonds EEE sur indice non européen : vérifier la liste émetteur
NL0013689193;MMEQ;BSEQ;OPCVM;Euronext Amsterdam;EUR;NL;OUI;;Euronext;2026-08-04;A_VERIFIER;NON_DETERMINE;Fonds EEE sur indice non européen : vérifier la liste émetteur
NL0013689201;MMBAL;BSBAL;OPCVM;Euronext Amsterdam;EUR;NL;OUI;;Euronext;2026-08-04;A_VERIFIER;NON_DETERMINE;Fonds EEE sur indice non européen : vérifier la liste émetteur
NL0013689219;DEFBAL;MMDFB;OPCVM;Euronext Amsterdam;EUR;NL;OUI;;Euronext;2026-08-04;A_VERIFIER;NON_DETERMINE;Fonds EEE sur indice non européen : vérifier la liste émetteur
NL0013689227;DEF;BSDEF;OPCVM;Euronext Amsterdam;EUR;NL;OUI;;Euronext;2026-08-04;A_VERIFIER;NON_DETERMINE;Fonds EEE sur indice non européen : vérifier la liste émetteur
NL0013908692;TRI RENEW EUROP FD;TETEF;OPCVM;Euronext Amsterdam;EUR;NL;OUI;;Euronext;2026-08-04;A_VERIFIER;NON_DETERMINE;Fonds EEE sur indice non européen : vérifier la liste émetteur
NL0014270209;ASNU OBLIGATIEFOND;ASNOB;OPCVM;Euronext Amsterdam;EUR;NL;OUI;;Euronext;2026-08-04;NON;CLASSE_ACTIFS;Obligataire/monétaire/crypto/matières premières sans montage PEA
NL0014270217;ASNU SMALL MIDCAPF;ASN5;OPCVM;Euronext Amsterdam;EUR;NL;OUI;;Euronext;2026-08-04;A_VERIFIER;NON_DETERMINE;Fonds EEE sur indice non européen : vérifier la liste émetteur
NL0014270225;ASNU AANDELENFONDS;ASN;OPCVM;Euronext Amsterdam;EUR;NL;OUI;;Euronext;2026-08-04;A_VERIFIER;NON_DETERMINE;Fonds EEE sur indice non européen : vérifier la liste émetteur
NL0014270233;ASNU MILIEU WATER;ASNML;OPCVM;Euronext Amsterdam;EUR;NL;OUI;;Euronext;2026-08-04;A_VERIFIER;NON_DETERMINE;Fonds EEE sur indice non européen : vérifier la liste émetteur
NL0014270258;ASN Energie&Innov;ASNGF;OPCVM;Euronext Amsterdam;EUR;NL;OUI;;Euronext;2026-08-04;A_VERIFIER;NON_DETERMINE;Fonds EEE sur indice non européen : vérifier la liste émetteur
NL0014270266;ASN Microkred. fnd;ASNMF;OPCVM;Euronext Amsterdam;EUR;NL;OUI;;Euronext;2026-08-04;A_VERIFIER;NON_DETERMINE;Fonds EEE sur indice non européen : vérifier la liste émetteur
NL0014270274;ASN MIXF ZEER DEF;ASNZD;OPCVM;Euronext Amsterdam;EUR;NL;OUI;;Euronext;2026-08-04;A_VERIFIER;NON_DETERMINE;Fonds EEE sur indice non européen : vérifier la liste émetteur
NL0014270282;ASN MIXF DEFENSIEF;ASND;OPCVM;Euronext Amsterdam;EUR;NL;OUI;;Euronext;2026-08-04;A_VERIFIER;NON_DETERMINE;Fonds EEE sur indice non européen : vérifier la liste émetteur
NL0014270290;ASN MIXF NEUTRAAL;ASNN;OPCVM;Euronext Amsterdam;EUR;NL;OUI;;Euronext;2026-08-04;A_VERIFIER;NON_DETERMINE;Fonds EEE sur indice non européen : vérifier la liste émetteur
NL0014270308;ASN MIXF OFFENSIEF;ASNO;OPCVM;Euronext Amsterdam;EUR;NL;OUI;;Euronext;2026-08-04;A_VERIFIER;NON_DETERMINE;Fonds EEE sur indice non européen : vérifier la liste émetteur
NL0014270316;ASN MIXF ZEER OFF;ASNZO;OPCVM;Euronext Amsterdam;EUR;NL;OUI;;Euronext;2026-08-04;A_VERIFIER;NON_DETERMINE;Fonds EEE sur indice non européen : vérifier la liste émetteur
NL0014332553;CARDANO IND EUROPE;ADIAE;OPCVM;Euronext Amsterdam;EUR;NL;OUI;;Euronext;2026-08-04;PROBABLE;INDICE_EUROPEEN;Indice actions européen — quota 75 % actions UE respecté de fait
NL0014332561;CARDANO INDEX NA;ADIAN;OPCVM;Euronext Amsterdam;EUR;NL;OUI;;Euronext;2026-08-04;A_VERIFIER;NON_DETERMINE;Fonds EEE sur indice non européen : vérifier la liste émetteur
NL0014332579;CARDANO IND PAC;ADIAP;OPCVM;Euronext Amsterdam;EUR;NL;OUI;;Euronext;2026-08-04;A_VERIFIER;NON_DETERMINE;Fonds EEE sur indice non européen : vérifier la liste émetteur
NL0014332587;CARDANO INDEX EM;ADIAO;OPCVM;Euronext Amsterdam;EUR;NL;OUI;;Euronext;2026-08-04;A_VERIFIER;NON_DETERMINE;Fonds EEE sur indice non européen : vérifier la liste émetteur
NL0014926404;KEMPEN SUST GHDF N;KSGHD;OPCVM;Euronext Amsterdam;EUR;NL;OUI;;Euronext;2026-08-04;A_VERIFIER;NON_DETERMINE;Fonds EEE sur indice non européen : vérifier la liste émetteur
NL0015000GU4;CARDANO IFIF;CIFIF;OPCVM;Euronext Amsterdam;EUR;NL;OUI;;Euronext;2026-08-04;A_VERIFIER;NON_DETERMINE;Fonds EEE sur indice non européen : vérifier la liste émetteur
NL0015000W73;DFIS2;DFIS2;OPCVM;Euronext Amsterdam;EUR;NL;OUI;;Euronext;2026-08-04;A_VERIFIER;NON_DETERMINE;Fonds EEE sur indice non européen : vérifier la liste émetteur
NL0015002OB4;OBAM N.V.;OBAM;OPCVM;Euronext Amsterdam;EUR;NL;OUI;;Euronext;2026-08-04;A_VERIFIER;NON_DETERMINE;Fonds EEE sur indice non européen : vérifier la liste émetteur
NL0015002QB9;IC N-Am Eq ESG Idx;ICINA;OPCVM;Euronext Amsterdam;EUR;NL;OUI;;Euronext;2026-08-04;A_VERIFIER;NON_DETERMINE;Fonds EEE sur indice non européen : vérifier la liste émetteur
NL0015002QC7;IC Eur Eq ESG Idx;ICIEU;OPCVM;Euronext Amsterdam;EUR;NL;OUI;;Euronext;2026-08-04;A_VERIFIER;NON_DETERMINE;Fonds EEE sur indice non européen : vérifier la liste émetteur
NL0015063751;Cardano ESGT EMD;CEMD;OPCVM;Euronext Amsterdam;EUR;NL;OUI;;Euronext;2026-08-04;A_VERIFIER;NON_DETERMINE;Fonds EEE sur indice non européen : vérifier la liste émetteur
NL0015073U44;AGHY FUND;AGHY;OPCVM;Euronext Amsterdam;EUR;NL;OUI;;Euronext;2026-08-04;NON;CLASSE_ACTIFS;Obligataire/monétaire/crypto/matières premières sans montage PEA
NL0015602392;GS ENH INDX SNA EQ;GSENH;OPCVM;Euronext Amsterdam;EUR;NL;OUI;;Euronext;2026-08-04;A_VERIFIER;NON_DETERMINE;Fonds EEE sur indice non européen : vérifier la liste émetteur
NO0010257801;OBXEDNB;OBXD;ETF;Oslo Børs;NOK;NO;OUI;-;Euronext;2026-08-04;PROBABLE;INDICE_EUROPEEN;Indice actions européen — quota 75 % actions UE respecté de fait
PTGFIBIM0004;FUNDIESTAMO I;GFIBI;OPCVM;Euronext Lisbon;EUR;PT;OUI;;Euronext;2026-08-04;A_VERIFIER;NON_DETERMINE;Fonds EEE sur indice non européen : vérifier la liste émetteur
SE0021309754;VIRETNSOLXAMS;VRTS;ETF;Euronext Amsterdam | Euronext Paris;EUR;SE;OUI;-;Euronext;2026-08-04;NON;CLASSE_ACTIFS;Obligataire/monétaire/crypto/matières premières sans montage PEA
SE0024738389;VIRETNCOIN50XAMS;VRTC;ETF;Euronext Amsterdam - Multi-currency Trading | Euronext Paris;USD;SE;OUI;-;Euronext;2026-08-04;A_VERIFIER;NON_DETERMINE;Fonds EEE sur indice non européen : vérifier la liste émetteur
SE0025159833;VIRETNSUIXPAR;VRTU;ETF;Euronext Paris;EUR;SE;OUI;-;Euronext;2026-08-04;A_VERIFIER;NON_DETERMINE;Fonds EEE sur indice non européen : vérifier la liste émetteur
US78467X1090;SPDR DJIA TRUST;DIA;ETF;Euronext Amsterdam;EUR;US;NON;-;Euronext;2026-08-04;NON;HORS_EEE;Domicile hors EEE (art. L221-31 CMF)
XS1101721683;SG ETNEU50S3ETFP;SX5E3S;ETF;ETF Plus;EUR;XS;NON;-;Euronext;2026-08-04;NON;HORS_EEE;Domicile hors EEE (art. L221-31 CMF)
XS1101721923;SG ETNFMSLTRETFP;MIB3L;ETF;ETF Plus;EUR;XS;NON;-;Euronext;2026-08-04;NON;HORS_EEE;Domicile hors EEE (art. L221-31 CMF)
XS1101723622;SG ETNDAXLG3ETFP;DAX3L;ETF;ETF Plus;EUR;XS;NON;-;Euronext;2026-08-04;NON;HORS_EEE;Domicile hors EEE (art. L221-31 CMF)
XS1101724513;SG ETNEU50L3ETFP;SX5E3L;ETF;ETF Plus;EUR;XS;NON;-;Euronext;2026-08-04;NON;HORS_EEE;Domicile hors EEE (art. L221-31 CMF)
XS2115336336;HANETCXGDEIMETFP;RMAU;ETF;ETF Plus | Euronext Paris;EUR;XS;NON;-;Euronext;2026-08-04;NON;HORS_EEE;Domicile hors EEE (art. L221-31 CMF)
XS2183935274;INVETCSGLEIMETFP;SGLE;ETF;ETF Plus;EUR;XS;NON;-;Euronext;2026-08-04;NON;HORS_EEE;Domicile hors EEE (art. L221-31 CMF)
XS2297550308;LS -1X PAYPAL;SPYP;ETF;Euronext Amsterdam;EUR;XS;NON;-;Euronext;2026-08-04;NON;HORS_EEE;Domicile hors EEE (art. L221-31 CMF)
XS2297552932;LS -1X SQUARE;SSQ;ETF;Euronext Amsterdam;EUR;XS;NON;-;Euronext;2026-08-04;NON;HORS_EEE;Domicile hors EEE (art. L221-31 CMF)
XS2297553153;LS -1X GOLDMAN;GSSS;ETF;Euronext Amsterdam;EUR;XS;NON;-;Euronext;2026-08-04;NON;HORS_EEE;Domicile hors EEE (art. L221-31 CMF)
XS2297636107;LS 3X BP;3BP;ETF;Euronext Amsterdam;EUR;XS;NON;-;Euronext;2026-08-04;NON;HORS_EEE;Domicile hors EEE (art. L221-31 CMF)
XS2335553801;3X DIS;3DIS;ETF;Euronext Amsterdam;EUR;XS;NON;-;Euronext;2026-08-04;NON;HORS_EEE;Domicile hors EEE (art. L221-31 CMF)
XS2337085422;-1X SHORT DIS;SDIS;ETF;Euronext Amsterdam;EUR;XS;NON;-;Euronext;2026-08-04;NON;HORS_EEE;Domicile hors EEE (art. L221-31 CMF)
XS2337090422;3X AMD;3AMD;ETF;Euronext Amsterdam | ETF Plus;EUR;XS;NON;-;Euronext;2026-08-04;NON;HORS_EEE;Domicile hors EEE (art. L221-31 CMF)
XS2337090851;3X BABA;3BAB;ETF;Euronext Amsterdam | ETF Plus;EUR;XS;NON;-;Euronext;2026-08-04;NON;HORS_EEE;Domicile hors EEE (art. L221-31 CMF)
XS2337092550;LEVETNISTUBRETFP;3UBR;ETF;ETF Plus;EUR;XS;NON;-;Euronext;2026-08-04;NON;HORS_EEE;Domicile hors EEE (art. L221-31 CMF)
XS2337093798;1X TSLA;TSLA;ETF;Euronext Amsterdam;EUR;XS;NON;-;Euronext;2026-08-04;NON;HORS_EEE;Domicile hors EEE (art. L221-31 CMF)
XS2337100163;1X GOOG;GOOG;ETF;Euronext Amsterdam;EUR;XS;NON;-;Euronext;2026-08-04;NON;HORS_EEE;Domicile hors EEE (art. L221-31 CMF)
XS2337100320;1X MSFT;MSFT;ETF;Euronext Amsterdam;EUR;XS;NON;-;Euronext;2026-08-04;NON;HORS_EEE;Domicile hors EEE (art. L221-31 CMF)
XS2337104231;1X AMZN;AMZN;ETF;Euronext Amsterdam;EUR;XS;NON;-;Euronext;2026-08-04;NON;HORS_EEE;Domicile hors EEE (art. L221-31 CMF)
XS2338070282;1X COIN;COIB;ETF;Euronext Amsterdam;EUR;XS;NON;-;Euronext;2026-08-04;NON;HORS_EEE;Domicile hors EEE (art. L221-31 CMF)
XS2353177293;HANETCCO2IMETFP;CO2;ETF;ETF Plus;EUR;XS;NON;-;Euronext;2026-08-04;NON;HORS_EEE;Domicile hors EEE (art. L221-31 CMF)
XS2399364152;5x Long QQQ;5QQQ;ETF;Euronext Amsterdam | ETF Plus;EUR;XS;NON;-;Euronext;2026-08-04;NON;HORS_EEE;Domicile hors EEE (art. L221-31 CMF)
XS2399364582;5x Long SPY;5SPY;ETF;Euronext Amsterdam | ETF Plus;EUR;XS;NON;-;Euronext;2026-08-04;NON;HORS_EEE;Domicile hors EEE (art. L221-31 CMF)
XS2399365043;3x Long TSM;3TSM;ETF;Euronext Amsterdam;EUR;XS;NON;-;Euronext;2026-08-04;NON;HORS_EEE;Domicile hors EEE (art. L221-31 CMF)
XS2399367254;3x Long Coinbase;3CON;ETF;Euronext Amsterdam | ETF Plus;EUR;XS;NON;-;Euronext;2026-08-04;NON;HORS_EEE;Domicile hors EEE (art. L221-31 CMF)
XS2399367502;3x Semiconduct;3SMH;ETF;Euronext Amsterdam;EUR;XS;NON;-;Euronext;2026-08-04;NON;HORS_EEE;Domicile hors EEE (art. L221-31 CMF)
XS2399368062;ARK GENOMIC 1X;1ARKG;ETF;Euronext Amsterdam;EUR;XS;NON;-;Euronext;2026-08-04;NON;HORS_EEE;Domicile hors EEE (art. L221-31 CMF)
XS2399368575;ARK INTERNET 1X;1ARKW;ETF;Euronext Amsterdam;EUR;XS;NON;-;Euronext;2026-08-04;NON;HORS_EEE;Domicile hors EEE (art. L221-31 CMF)
XS2399369037;ARK INNOVATION 1X;1ARKK;ETF;Euronext Amsterdam;EUR;XS;NON;-;Euronext;2026-08-04;NON;HORS_EEE;Domicile hors EEE (art. L221-31 CMF)
XS2399369110;2x Long Berkshire;2BRK;ETF;Euronext Amsterdam;EUR;XS;NON;-;Euronext;2026-08-04;NON;HORS_EEE;Domicile hors EEE (art. L221-31 CMF)
XS2399369896;3x Gold Miners;3GDX;ETF;Euronext Amsterdam;EUR;XS;NON;-;Euronext;2026-08-04;NON;HORS_EEE;Domicile hors EEE (art. L221-31 CMF)
XS2425312480;SG ETNDAXSH3ETFP;DAX3S;ETF;ETF Plus;EUR;XS;NON;-;Euronext;2026-08-04;NON;HORS_EEE;Domicile hors EEE (art. L221-31 CMF)
XS2425312563;SG ETNUNITAETFP;UNI3L;ETF;ETF Plus;EUR;XS;NON;-;Euronext;2026-08-04;NON;HORS_EEE;Domicile hors EEE (art. L221-31 CMF)
XS2425312720;SG ETNHSCEINETFP;HSC3L;ETF;ETF Plus;EUR;XS;NON;-;Euronext;2026-08-04;NON;HORS_EEE;Domicile hors EEE (art. L221-31 CMF)
XS2425313538;SG ETNHSCETRETFP;HSC3S;ETF;ETF Plus;EUR;XS;NON;-;Euronext;2026-08-04;NON;HORS_EEE;Domicile hors EEE (art. L221-31 CMF)
XS2425314429;SG ETCFNGASETFP;NGA3S;ETF;ETF Plus;EUR;XS;NON;-;Euronext;2026-08-04;NON;HORS_EEE;Domicile hors EEE (art. L221-31 CMF)
XS2425314692;SG ETCFNGASETFP;GAS1S;ETF;ETF Plus;EUR;XS;NON;-;Euronext;2026-08-04;NON;HORS_EEE;Domicile hors EEE (art. L221-31 CMF)
XS2425314858;SG ETCFWTIETFP;WTI2L;ETF;ETF Plus;EUR;XS;NON;-;Euronext;2026-08-04;NON;HORS_EEE;Domicile hors EEE (art. L221-31 CMF)
XS2425314932;SG ETCFWTIETFP;WTI2S;ETF;ETF Plus;EUR;XS;NON;-;Euronext;2026-08-04;NON;HORS_EEE;Domicile hors EEE (art. L221-31 CMF)
XS2425315152;SG ETNNFLAIMETFP;INFLA;ETF;ETF Plus;EUR;XS;NON;-;Euronext;2026-08-04;NON;HORS_EEE;Domicile hors EEE (art. L221-31 CMF)
XS2425315236;SG ETNNA100TETFP;NDQ3L;ETF;ETF Plus;EUR;XS;NON;-;Euronext;2026-08-04;NON;HORS_EEE;Domicile hors EEE (art. L221-31 CMF)
XS2425315665;SG ETCFBRENETFP;BRE2S;ETF;ETF Plus;EUR;XS;NON;-;Euronext;2026-08-04;NON;HORS_EEE;Domicile hors EEE (art. L221-31 CMF)
XS2425315749;SG ETNYDROIMETFP;H1DRO;ETF;ETF Plus;EUR;XS;NON;-;Euronext;2026-08-04;NON;HORS_EEE;Domicile hors EEE (art. L221-31 CMF)
XS2425316044;SG ETNFUTOATETFP;OATS5;ETF;ETF Plus;EUR;XS;NON;-;Euronext;2026-08-04;NON;HORS_EEE;Domicile hors EEE (art. L221-31 CMF)
XS2425316713;SG ETNETAVIMETFP;METAV;ETF;ETF Plus;EUR;XS;NON;-;Euronext;2026-08-04;NON;HORS_EEE;Domicile hors EEE (art. L221-31 CMF)
XS2425316804;SG ETNPX3SIMETFP;SPX3S;ETF;ETF Plus;EUR;XS;NON;-;Euronext;2026-08-04;NON;HORS_EEE;Domicile hors EEE (art. L221-31 CMF)
XS2425317109;SG ETCFWTIETFP;WTIS1;ETF;ETF Plus;EUR;XS;NON;-;Euronext;2026-08-04;NON;HORS_EEE;Domicile hors EEE (art. L221-31 CMF)
XS2425317448;SG ETCFOROETFP;GOL3S;ETF;ETF Plus;EUR;XS;NON;-;Euronext;2026-08-04;NON;HORS_EEE;Domicile hors EEE (art. L221-31 CMF)
XS2425317794;SG ETNMIBESRETFP;MIBESG;ETF;ETF Plus;EUR;XS;NON;-;Euronext;2026-08-04;NON;HORS_EEE;Domicile hors EEE (art. L221-31 CMF)
XS2425317877;SG ETCFBRENETFP;BRE3S;ETF;ETF Plus;EUR;XS;NON;-;Euronext;2026-08-04;NON;HORS_EEE;Domicile hors EEE (art. L221-31 CMF)
XS2425318099;SG ETCFOROETFP;GOL1S;ETF;ETF Plus;EUR;XS;NON;-;Euronext;2026-08-04;NON;HORS_EEE;Domicile hors EEE (art. L221-31 CMF)
XS2425318172;SG ETNFBTPETFP;BTPS5;ETF;ETF Plus;EUR;XS;NON;-;Euronext;2026-08-04;NON;HORS_EEE;Domicile hors EEE (art. L221-31 CMF)
XS2425318339;SG ETCFARGETFP;SIL1S;ETF;ETF Plus;EUR;XS;NON;-;Euronext;2026-08-04;NON;HORS_EEE;Domicile hors EEE (art. L221-31 CMF)
XS2425318412;SG ETCFOROETFP;GOL3L;ETF;ETF Plus;EUR;XS;NON;-;Euronext;2026-08-04;NON;HORS_EEE;Domicile hors EEE (art. L221-31 CMF)
XS2425318685;SG ETCFRAMUKETFP;RAM3S;ETF;ETF Plus;EUR;XS;NON;-;Euronext;2026-08-04;NON;HORS_EEE;Domicile hors EEE (art. L221-31 CMF)
XS2425318768;SG ETCFBRENETFP;BRE3L;ETF;ETF Plus;EUR;XS;NON;-;Euronext;2026-08-04;NON;HORS_EEE;Domicile hors EEE (art. L221-31 CMF)
XS2425318925;SG ETNST5SIMETFP;UST5S;ETF;ETF Plus;EUR;XS;NON;-;Euronext;2026-08-04;NON;HORS_EEE;Domicile hors EEE (art. L221-31 CMF)
XS2425319147;SG ETNST5SIMETFP;UST5L;ETF;ETF Plus;EUR;XS;NON;-;Euronext;2026-08-04;NON;HORS_EEE;Domicile hors EEE (art. L221-31 CMF)
XS2425319493;SG ETCFRAMUKETFP;RAM3L;ETF;ETF Plus;EUR;XS;NON;-;Euronext;2026-08-04;NON;HORS_EEE;Domicile hors EEE (art. L221-31 CMF)
XS2425319659;SG ETCFBRENETFP;BRE2L;ETF;ETF Plus;EUR;XS;NON;-;Euronext;2026-08-04;NON;HORS_EEE;Domicile hors EEE (art. L221-31 CMF)
XS2425319733;SG ETCFNGASETFP;NGA3L;ETF;ETF Plus;EUR;XS;NON;-;Euronext;2026-08-04;NON;HORS_EEE;Domicile hors EEE (art. L221-31 CMF)
XS2425319816;SG ETNFMUSTRETFP;MIB3S;ETF;ETF Plus;EUR;XS;NON;-;Euronext;2026-08-04;NON;HORS_EEE;Domicile hors EEE (art. L221-31 CMF)
XS2425320152;SG ETCFNGASETFP;NGA2L;ETF;ETF Plus;EUR;XS;NON;-;Euronext;2026-08-04;NON;HORS_EEE;Domicile hors EEE (art. L221-31 CMF)
XS2425320236;SG ETNCARSIMETFP;ECARS;ETF;ETF Plus;EUR;XS;NON;-;Euronext;2026-08-04;NON;HORS_EEE;Domicile hors EEE (art. L221-31 CMF)
XS2425320319;SG ETNNA100TETFP;NDQ3S;ETF;ETF Plus;EUR;XS;NON;-;Euronext;2026-08-04;NON;HORS_EEE;Domicile hors EEE (art. L221-31 CMF)
XS2425320400;SG ETCFNGASETFP;GAS2S;ETF;ETF Plus;EUR;XS;NON;-;Euronext;2026-08-04;NON;HORS_EEE;Domicile hors EEE (art. L221-31 CMF)
XS2425320582;SG ETNFBTPETFP;BTPS1;ETF;ETF Plus;EUR;XS;NON;-;Euronext;2026-08-04;NON;HORS_EEE;Domicile hors EEE (art. L221-31 CMF)
XS2425320665;SG ETNFUTOATETFP;OATL5;ETF;ETF Plus;EUR;XS;NON;-;Euronext;2026-08-04;NON;HORS_EEE;Domicile hors EEE (art. L221-31 CMF)
XS2425320749;SG ETNURAMIMETFP;URAM;ETF;ETF Plus;EUR;XS;NON;-;Euronext;2026-08-04;NON;HORS_EEE;Domicile hors EEE (art. L221-31 CMF)
XS2425321390;SG ETNSP500TETFP;SPX3L;ETF;ETF Plus;EUR;XS;NON;-;Euronext;2026-08-04;NON;HORS_EEE;Domicile hors EEE (art. L221-31 CMF)
XS2425321473;SG ETCFBRENETFP;BRES1;ETF;ETF Plus;EUR;XS;NON;-;Euronext;2026-08-04;NON;HORS_EEE;Domicile hors EEE (art. L221-31 CMF)
XS2425321556;SG ETCFWTIETFP;WTI3S;ETF;ETF Plus;EUR;XS;NON;-;Euronext;2026-08-04;NON;HORS_EEE;Domicile hors EEE (art. L221-31 CMF)
XS2425321630;SG ETCFARGETFP;SIL3S;ETF;ETF Plus;EUR;XS;NON;-;Euronext;2026-08-04;NON;HORS_EEE;Domicile hors EEE (art. L221-31 CMF)
XS2425321713;SG ETNBUNDFUETFP;BUNDS5;ETF;ETF Plus;EUR;XS;NON;-;Euronext;2026-08-04;NON;HORS_EEE;Domicile hors EEE (art. L221-31 CMF)
XS2425321804;SG ETCFWTIETFP;WTI3L;ETF;ETF Plus;EUR;XS;NON;-;Euronext;2026-08-04;NON;HORS_EEE;Domicile hors EEE (art. L221-31 CMF)
XS2425321986;SG ETCFARGETFP;SIL3L;ETF;ETF Plus;EUR;XS;NON;-;Euronext;2026-08-04;NON;HORS_EEE;Domicile hors EEE (art. L221-31 CMF)
XS2425322018;SG ETNBUNDFUETFP;BUNDL5;ETF;ETF Plus;EUR;XS;NON;-;Euronext;2026-08-04;NON;HORS_EEE;Domicile hors EEE (art. L221-31 CMF)
XS2425322794;SG ETNFBTPETFP;BTPL5;ETF;ETF Plus;EUR;XS;NON;-;Euronext;2026-08-04;NON;HORS_EEE;Domicile hors EEE (art. L221-31 CMF)
XS2425842106;WISETCWATTIMETFP;WATT;ETF;ETF Plus;EUR;XS;NON;-;Euronext;2026-08-04;NON;HORS_EEE;Domicile hors EEE (art. L221-31 CMF)
XS2425848053;WISETCWENTIMETFP;WENT;ETF;ETF Plus | Euronext Paris;EUR;XS;NON;-;Euronext;2026-08-04;NON;HORS_EEE;Domicile hors EEE (art. L221-31 CMF)
XS2427354985;WISETNMIBNTRETFP;WMIB;ETF;ETF Plus;EUR;XS;NON;-;Euronext;2026-08-04;NON;HORS_EEE;Domicile hors EEE (art. L221-31 CMF)
XS2427355958;WISETNPESGITETFP;WSPX;ETF;ETF Plus;EUR;XS;NON;-;Euronext;2026-08-04;NON;HORS_EEE;Domicile hors EEE (art. L221-31 CMF)
XS2427362145;WISETNWS5XIMETFP;WS5X;ETF;ETF Plus;EUR;XS;NON;-;Euronext;2026-08-04;NON;HORS_EEE;Domicile hors EEE (art. L221-31 CMF)
XS2427363036;WISETNTRVLIMETFP;2TRV;ETF;ETF Plus;EUR;XS;NON;-;Euronext;2026-08-04;NON;HORS_EEE;Domicile hors EEE (art. L221-31 CMF)
XS2427363895;WISETNAUTPIMETFP;2CAR;ETF;ETF Plus;EUR;XS;NON;-;Euronext;2026-08-04;NON;HORS_EEE;Domicile hors EEE (art. L221-31 CMF)
XS2427474023;WISETN2OIGIMETFP;2OIG;ETF;ETF Plus;EUR;XS;NON;-;Euronext;2026-08-04;NON;HORS_EEE;Domicile hors EEE (art. L221-31 CMF)
XS2434891219;FIDETNFIDBTCETFP;FBTC;ETF;ETF Plus;EUR;XS;NON;-;Euronext;2026-08-04;NON;HORS_EEE;Domicile hors EEE (art. L221-31 CMF)
XS2435549261;GRAETN3LPOIMETFP;3LPO;ETF;ETF Plus;EUR;XS;NON;-;Euronext;2026-08-04;NON;HORS_EEE;Domicile hors EEE (art. L221-31 CMF)
XS2435550947;GRAETN3LCRIMETFP;3LCR;ETF;ETF Plus;EUR;XS;NON;-;Euronext;2026-08-04;NON;HORS_EEE;Domicile hors EEE (art. L221-31 CMF)
XS2435551598;GRAETN3LSPIMETFP;3LSP;ETF;ETF Plus;EUR;XS;NON;-;Euronext;2026-08-04;NON;HORS_EEE;Domicile hors EEE (art. L221-31 CMF)
XS2437455608;WISETN2STRIMETFP;2STR;ETF;ETF Plus;EUR;XS;NON;-;Euronext;2026-08-04;NON;HORS_EEE;Domicile hors EEE (art. L221-31 CMF)
XS2497911219;EDR COPG COGLD;COGLD;ETF;Euronext Amsterdam - Multi-currency Trading | Oslo Børs;USD;XS;NON;-;Euronext;2026-08-04;NON;HORS_EEE;Domicile hors EEE (art. L221-31 CMF)
XS2531767502;GRAETNFMLO5XETFP;5MIB;ETF;ETF Plus;EUR;XS;NON;-;Euronext;2026-08-04;NON;HORS_EEE;Domicile hors EEE (art. L221-31 CMF)
XS2531767767;GRAETN5FMIBXETFP;5SIT;ETF;ETF Plus;EUR;XS;NON;-;Euronext;2026-08-04;NON;HORS_EEE;Domicile hors EEE (art. L221-31 CMF)
XS2575914176;GRAETN3LCOIMETFP;3LCO;ETF;ETF Plus;EUR;XS;NON;-;Euronext;2026-08-04;NON;HORS_EEE;Domicile hors EEE (art. L221-31 CMF)
XS2595673190;LEVETNIX3XRAETFP;3RAC;ETF;ETF Plus;EUR;XS;NON;-;Euronext;2026-08-04;NON;HORS_EEE;Domicile hors EEE (art. L221-31 CMF)
XS2595673786;LEVETNIX3IRAETFP;3SRA;ETF;ETF Plus;EUR;XS;NON;-;Euronext;2026-08-04;NON;HORS_EEE;Domicile hors EEE (art. L221-31 CMF)
XS2595675724;LEVETNFAANGTETFP;FAAN;ETF;ETF Plus;EUR;XS;NON;-;Euronext;2026-08-04;NON;HORS_EEE;Domicile hors EEE (art. L221-31 CMF)
XS2596085972;GRAETN3LSQIMETFP;3LSQ;ETF;ETF Plus;EUR;XS;NON;-;Euronext;2026-08-04;NON;HORS_EEE;Domicile hors EEE (art. L221-31 CMF)
XS2596087671;GRAETN3LPPIMETFP;3LPP;ETF;ETF Plus;EUR;XS;NON;-;Euronext;2026-08-04;NON;HORS_EEE;Domicile hors EEE (art. L221-31 CMF)
XS2617255760;GRAETN3LMIIMETFP;3LMI;ETF;ETF Plus;EUR;XS;NON;-;Euronext;2026-08-04;NON;HORS_EEE;Domicile hors EEE (art. L221-31 CMF)
XS2637076568;WISETNSX7EGTETFP;3BAS;ETF;ETF Plus;EUR;XS;NON;-;Euronext;2026-08-04;NON;HORS_EEE;Domicile hors EEE (art. L221-31 CMF)
XS2637077020;WT CAC 40 3x DL;3CAC;ETF;Euronext Paris;EUR;XS;NON;-;Euronext;2026-08-04;NON;HORS_EEE;Domicile hors EEE (art. L221-31 CMF)
XS2637077533;WT CAC 40 3x DS;3CAS;ETF;Euronext Paris;EUR;XS;NON;-;Euronext;2026-08-04;NON;HORS_EEE;Domicile hors EEE (art. L221-31 CMF)
XS2656469561;GRAETN3LFBIMETFP;3LFB;ETF;ETF Plus;EUR;XS;NON;-;Euronext;2026-08-04;NON;HORS_EEE;Domicile hors EEE (art. L221-31 CMF)
XS2656472193;GRAETN3LTSIMETFP;3LTS;ETF;ETF Plus;EUR;XS;NON;-;Euronext;2026-08-04;NON;HORS_EEE;Domicile hors EEE (art. L221-31 CMF)
XS2662640627;GRAETN3LMSIMETFP;3LMS;ETF;ETF Plus;EUR;XS;NON;-;Euronext;2026-08-04;NON;HORS_EEE;Domicile hors EEE (art. L221-31 CMF)
XS2662640973;GRAETN3LUBIMETFP;3LUB;ETF;ETF Plus;EUR;XS;NON;-;Euronext;2026-08-04;NON;HORS_EEE;Domicile hors EEE (art. L221-31 CMF)
XS2662641195;GRAETN3SAPIMETFP;3SAP;ETF;ETF Plus;EUR;XS;NON;-;Euronext;2026-08-04;NON;HORS_EEE;Domicile hors EEE (art. L221-31 CMF)
XS2663694680;3X PLTR;3PLT;ETF;Euronext Amsterdam | ETF Plus;EUR;XS;NON;-;Euronext;2026-08-04;NON;HORS_EEE;Domicile hors EEE (art. L221-31 CMF)
XS2663694847;3x Long ARKK;3ARKK;ETF;Euronext Amsterdam;EUR;XS;NON;-;Euronext;2026-08-04;NON;HORS_EEE;Domicile hors EEE (art. L221-31 CMF)
XS2663695067;LEVETN3PYPIMETFP;3PYP;ETF;ETF Plus | Euronext Amsterdam;EUR;XS;NON;-;Euronext;2026-08-04;NON;HORS_EEE;Domicile hors EEE (art. L221-31 CMF)
XS2671672223;GRAETN3SALIMETFP;3SAL;ETF;ETF Plus;EUR;XS;NON;-;Euronext;2026-08-04;NON;HORS_EEE;Domicile hors EEE (art. L221-31 CMF)
XS2671672819;GRAETN3SFBIMETFP;3SFB;ETF;ETF Plus;EUR;XS;NON;-;Euronext;2026-08-04;NON;HORS_EEE;Domicile hors EEE (art. L221-31 CMF)
XS2671672900;GRAETN3SZNIMETFP;3SZN;ETF;ETF Plus;EUR;XS;NON;-;Euronext;2026-08-04;NON;HORS_EEE;Domicile hors EEE (art. L221-31 CMF)
XS2675292218;GRAETN3LZNIMETFP;3LZN;ETF;ETF Plus;EUR;XS;NON;-;Euronext;2026-08-04;NON;HORS_EEE;Domicile hors EEE (art. L221-31 CMF)
XS2675292309;GRAETN3LALIMETFP;3LAL;ETF;ETF Plus;EUR;XS;NON;-;Euronext;2026-08-04;NON;HORS_EEE;Domicile hors EEE (art. L221-31 CMF)
XS2675718139;LEVETNIX3XSQETFP;3SQ;ETF;ETF Plus | Euronext Amsterdam;EUR;XS;NON;-;Euronext;2026-08-04;NON;HORS_EEE;Domicile hors EEE (art. L221-31 CMF)
XS2675718642;3X JD;3JD;ETF;Euronext Amsterdam;EUR;XS;NON;-;Euronext;2026-08-04;NON;HORS_EEE;Domicile hors EEE (art. L221-31 CMF)
XS2675739135;LEVETNIX3XNFETFP;3NFL;ETF;ETF Plus | Euronext Amsterdam;EUR;XS;NON;-;Euronext;2026-08-04;NON;HORS_EEE;Domicile hors EEE (art. L221-31 CMF)
XS2679084603;GRAETNFANGIMETFP;FANG;ETF;ETF Plus;EUR;XS;NON;-;Euronext;2026-08-04;NON;HORS_EEE;Domicile hors EEE (art. L221-31 CMF)
XS2679090162;GRAETNSFNGIMETFP;SFNG;ETF;ETF Plus;EUR;XS;NON;-;Euronext;2026-08-04;NON;HORS_EEE;Domicile hors EEE (art. L221-31 CMF)
XS2679091996;GRAETN3FNGIMETFP;3FNG;ETF;ETF Plus;EUR;XS;NON;-;Euronext;2026-08-04;NON;HORS_EEE;Domicile hors EEE (art. L221-31 CMF)
XS2691006303;LEVETNIX3XARETFP;ARM3;ETF;ETF Plus;EUR;XS;NON;-;Euronext;2026-08-04;NON;HORS_EEE;Domicile hors EEE (art. L221-31 CMF)
XS2691037282;LEVETCCOILQ4ETFP;BRENT;ETF;ETF Plus;EUR;XS;NON;-;Euronext;2026-08-04;NON;HORS_EEE;Domicile hors EEE (art. L221-31 CMF)
XS2691037878;LEVETCCLN4ETFP;WTI;ETF;ETF Plus;EUR;XS;NON;-;Euronext;2026-08-04;NON;HORS_EEE;Domicile hors EEE (art. L221-31 CMF)
XS2691038843;LEVETCMGN4ETFP;GAS;ETF;ETF Plus;EUR;XS;NON;-;Euronext;2026-08-04;NON;HORS_EEE;Domicile hors EEE (art. L221-31 CMF)
XS2702787875;LEVETCHGN4ETFP;CPER;ETF;ETF Plus;EUR;XS;NON;-;Euronext;2026-08-04;NON;HORS_EEE;Domicile hors EEE (art. L221-31 CMF)
XS2706221277;LS -2X TESLA;2STS;ETF;Euronext Amsterdam;EUR;XS;NON;-;Euronext;2026-08-04;NON;HORS_EEE;Domicile hors EEE (art. L221-31 CMF)
XS2722160707;GRAETN3SMSIMETFP;3SMS;ETF;ETF Plus;EUR;XS;NON;-;Euronext;2026-08-04;NON;HORS_EEE;Domicile hors EEE (art. L221-31 CMF)
XS2722161424;GRAETN3LAPIMETFP;3LAP;ETF;ETF Plus;EUR;XS;NON;-;Euronext;2026-08-04;NON;HORS_EEE;Domicile hors EEE (art. L221-31 CMF)
XS2734938835;GRAETN3LNVIMETFP;3LNV;ETF;ETF Plus;EUR;XS;NON;-;Euronext;2026-08-04;NON;HORS_EEE;Domicile hors EEE (art. L221-31 CMF)
XS2757381400;LEVETN3TSLIMETFP;3TSL;ETF;ETF Plus | Euronext Amsterdam;EUR;XS;NON;-;Euronext;2026-08-04;NON;HORS_EEE;Domicile hors EEE (art. L221-31 CMF)
XS2757381749;LEVETN3BIDIMETFP;3BID;ETF;ETF Plus;EUR;XS;NON;-;Euronext;2026-08-04;NON;HORS_EEE;Domicile hors EEE (art. L221-31 CMF)
XS2771500696;WISETNFTSEMIETFP;5ITL;ETF;ETF Plus;EUR;XS;NON;-;Euronext;2026-08-04;NON;HORS_EEE;Domicile hors EEE (art. L221-31 CMF)
XS2771502718;WISETNSX5GT5ETFP;5EUS;ETF;ETF Plus;EUR;XS;NON;-;Euronext;2026-08-04;NON;HORS_EEE;Domicile hors EEE (art. L221-31 CMF)
XS2771503104;WISETNSX5TDLETFP;5EUL;ETF;ETF Plus;EUR;XS;NON;-;Euronext;2026-08-04;NON;HORS_EEE;Domicile hors EEE (art. L221-31 CMF)
XS2771611840;WISETNBNSXFTETFP;QS5S;ETF;ETF Plus;EUR;XS;NON;-;Euronext;2026-08-04;NON;HORS_EEE;Domicile hors EEE (art. L221-31 CMF)
XS2771642134;WISETNBNSXFTETFP;QS5L;ETF;ETF Plus;EUR;XS;NON;-;Euronext;2026-08-04;NON;HORS_EEE;Domicile hors EEE (art. L221-31 CMF)
XS2771642308;WISETNSPXFPEETFP;5USS;ETF;ETF Plus;EUR;XS;NON;-;Euronext;2026-08-04;NON;HORS_EEE;Domicile hors EEE (art. L221-31 CMF)
XS2771642720;WISETNFTMIBGETFP;5ITS;ETF;ETF Plus;EUR;XS;NON;-;Euronext;2026-08-04;NON;HORS_EEE;Domicile hors EEE (art. L221-31 CMF)
XS2771643025;WISETNSPXFPEETFP;5USL;ETF;ETF Plus;EUR;XS;NON;-;Euronext;2026-08-04;NON;HORS_EEE;Domicile hors EEE (art. L221-31 CMF)
XS2779861082;LEVETNIX4XICETFP;SOXL;ETF;ETF Plus;EUR;XS;NON;-;Euronext;2026-08-04;NON;HORS_EEE;Domicile hors EEE (art. L221-31 CMF)
XS2779861249;LEVETNIX5XSOETFP;MAG7;ETF;ETF Plus;EUR;XS;NON;-;Euronext;2026-08-04;NON;HORS_EEE;Domicile hors EEE (art. L221-31 CMF)
XS2779861595;LEVETNIX3XISETFP;MAGS;ETF;ETF Plus;EUR;XS;NON;-;Euronext;2026-08-04;NON;HORS_EEE;Domicile hors EEE (art. L221-31 CMF)
XS2779861751;LEVETNIX3XSOETFP;GPT3;ETF;ETF Plus;EUR;XS;NON;-;Euronext;2026-08-04;NON;HORS_EEE;Domicile hors EEE (art. L221-31 CMF)
XS2800709128;3x China Tech;3KWE;ETF;Euronext Amsterdam;EUR;XS;NON;-;Euronext;2026-08-04;NON;HORS_EEE;Domicile hors EEE (art. L221-31 CMF)
XS2819843223;WISETC3NGSIMETFP;3NGS;ETF;ETF Plus;EUR;XS;NON;-;Euronext;2026-08-04;NON;HORS_EEE;Domicile hors EEE (art. L221-31 CMF)
XS2819843736;WISETNVIXLIMETFP;VIXL;ETF;ETF Plus | Euronext Paris;EUR;XS;NON;-;Euronext;2026-08-04;NON;HORS_EEE;Domicile hors EEE (art. L221-31 CMF)
XS2819843900;WISETC3NGSIMETFP;3NGL;ETF;ETF Plus;EUR;XS;NON;-;Euronext;2026-08-04;NON;HORS_EEE;Domicile hors EEE (art. L221-31 CMF)
XS2819844031;WISETNFMUSTRETFP;3ITS;ETF;ETF Plus;EUR;XS;NON;-;Euronext;2026-08-04;NON;HORS_EEE;Domicile hors EEE (art. L221-31 CMF)
XS2819844387;WISETC3OILIMETFP;3OIS;ETF;ETF Plus;EUR;XS;NON;-;Euronext;2026-08-04;NON;HORS_EEE;Domicile hors EEE (art. L221-31 CMF)
XS2820604770;LEVETN3NVDIMETFP;3NVD;ETF;ETF Plus | Euronext Amsterdam;EUR;XS;NON;-;Euronext;2026-08-04;NON;HORS_EEE;Domicile hors EEE (art. L221-31 CMF)
XS2820604853;LS 2X NVIDIA;2NVD;ETF;Euronext Amsterdam;EUR;XS;NON;-;Euronext;2026-08-04;NON;HORS_EEE;Domicile hors EEE (art. L221-31 CMF)
XS2820605157;LS 2X APPLE;2AAP;ETF;Euronext Amsterdam;EUR;XS;NON;-;Euronext;2026-08-04;NON;HORS_EEE;Domicile hors EEE (art. L221-31 CMF)
XS2820605314;LS 2X MSFT;2MSF;ETF;Euronext Amsterdam;EUR;XS;NON;-;Euronext;2026-08-04;NON;HORS_EEE;Domicile hors EEE (art. L221-31 CMF)
XS2836701123;GRAETN3SSQIMETFP;3SSQ;ETF;ETF Plus;EUR;XS;NON;-;Euronext;2026-08-04;NON;HORS_EEE;Domicile hors EEE (art. L221-31 CMF)
XS2838543614;GRAETN3SMOIMETFP;3SMO;ETF;ETF Plus;EUR;XS;NON;-;Euronext;2026-08-04;NON;HORS_EEE;Domicile hors EEE (art. L221-31 CMF)
XS2842095320;GRAETN3LAAIMETFP;3LAA;ETF;ETF Plus;EUR;XS;NON;-;Euronext;2026-08-04;NON;HORS_EEE;Domicile hors EEE (art. L221-31 CMF)
XS2842095676;GRAETN3SNVIMETFP;3SNV;ETF;ETF Plus;EUR;XS;NON;-;Euronext;2026-08-04;NON;HORS_EEE;Domicile hors EEE (art. L221-31 CMF)
XS2842095759;GRAETN3SAAIMETFP;3SAA;ETF;ETF Plus;EUR;XS;NON;-;Euronext;2026-08-04;NON;HORS_EEE;Domicile hors EEE (art. L221-31 CMF)
XS2846982663;GRAETN3SCRIMETFP;3SCR;ETF;ETF Plus;EUR;XS;NON;-;Euronext;2026-08-04;NON;HORS_EEE;Domicile hors EEE (art. L221-31 CMF)
XS2846983042;GRAETN3SSPIMETFP;3SSP;ETF;ETF Plus;EUR;XS;NON;-;Euronext;2026-08-04;NON;HORS_EEE;Domicile hors EEE (art. L221-31 CMF)
XS2852999429;LEVETNTSLAXAMS;TSLY;ETF;Euronext Amsterdam;EUR;XS;NON;-;Euronext;2026-08-04;NON;HORS_EEE;Domicile hors EEE (art. L221-31 CMF)
XS2852999692;LEVETNNVDAXAMS;NVDY;ETF;Euronext Amsterdam;EUR;XS;NON;-;Euronext;2026-08-04;NON;HORS_EEE;Domicile hors EEE (art. L221-31 CMF)
XS2852999775;LEVETNXAUUSDXAMS;GLDY;ETF;Euronext Amsterdam;EUR;XS;NON;-;Euronext;2026-08-04;NON;HORS_EEE;Domicile hors EEE (art. L221-31 CMF)
XS2856105833;GRAETN3LPAIMETFP;3LPA;ETF;ETF Plus;EUR;XS;NON;-;Euronext;2026-08-04;NON;HORS_EEE;Domicile hors EEE (art. L221-31 CMF)
XS2856106302;GRAETN3LNFIMETFP;3LNF;ETF;ETF Plus;EUR;XS;NON;-;Euronext;2026-08-04;NON;HORS_EEE;Domicile hors EEE (art. L221-31 CMF)
XS2872232850;WISETNSXRAROETFP;3EDF;ETF;ETF Plus;EUR;XS;NON;-;Euronext;2026-08-04;NON;HORS_EEE;Domicile hors EEE (art. L221-31 CMF)
XS2872233403;WISETCBNPIW0ETFP;TTFW;ETF;ETF Plus;EUR;XS;NON;-;Euronext;2026-08-04;NON;HORS_EEE;Domicile hors EEE (art. L221-31 CMF)
XS2875105608;LEVETNNDXXAMS;QQQY;ETF;Euronext Amsterdam;EUR;XS;NON;-;Euronext;2026-08-04;NON;HORS_EEE;Domicile hors EEE (art. L221-31 CMF)
XS2875106242;LEVETNINXXAMS;SPYY;ETF;Euronext Amsterdam;EUR;XS;NON;-;Euronext;2026-08-04;NON;HORS_EEE;Domicile hors EEE (art. L221-31 CMF)
XS2879867773;KRAETCGLCARBETFP;KRBN;ETF;ETF Plus;EUR;XS;NON;-;Euronext;2026-08-04;NON;HORS_EEE;Domicile hors EEE (art. L221-31 CMF)
XS2892963286;HANETCXGDEIMETFP;RMEH;ETF;ETF Plus;EUR;XS;NON;-;Euronext;2026-08-04;NON;HORS_EEE;Domicile hors EEE (art. L221-31 CMF)
XS2901884408;LEVETNAMZNXAMS;AMZY;ETF;Euronext Amsterdam;EUR;XS;NON;-;Euronext;2026-08-04;NON;HORS_EEE;Domicile hors EEE (art. L221-31 CMF)
XS2901884663;LEVETNAAPLXAMS;AAPY;ETF;Euronext Amsterdam;EUR;XS;NON;-;Euronext;2026-08-04;NON;HORS_EEE;Domicile hors EEE (art. L221-31 CMF)
XS2901885041;LEVETNGOOGXAMS;GOOY;ETF;Euronext Amsterdam;EUR;XS;NON;-;Euronext;2026-08-04;NON;HORS_EEE;Domicile hors EEE (art. L221-31 CMF)
XS2901885553;LEVETNMETAXAMS;METY;ETF;Euronext Amsterdam;EUR;XS;NON;-;Euronext;2026-08-04;NON;HORS_EEE;Domicile hors EEE (art. L221-31 CMF)
XS2901886288;LEVETNMSFTXAMS;MSFY;ETF;Euronext Amsterdam;EUR;XS;NON;-;Euronext;2026-08-04;NON;HORS_EEE;Domicile hors EEE (art. L221-31 CMF)
XS2901886445;LEVETNCOINXAMS;COIY;ETF;Euronext Amsterdam;EUR;XS;NON;-;Euronext;2026-08-04;NON;HORS_EEE;Domicile hors EEE (art. L221-31 CMF)
XS2940466316;iShETNBRRETFP;IB1T;ETF;ETF Plus | Euronext Amsterdam - Multi-currency Trading | Euronext Paris;EUR;XS;NON;-;Euronext;2026-08-04;NON;HORS_EEE;Domicile hors EEE (art. L221-31 CMF)
XS2944874416;LEVETNIS3INVETFP;SNV3;ETF;ETF Plus;EUR;XS;NON;-;Euronext;2026-08-04;NON;HORS_EEE;Domicile hors EEE (art. L221-31 CMF)
XS2944880066;-3x Short TSM;STSM;ETF;Euronext Amsterdam;EUR;XS;NON;-;Euronext;2026-08-04;NON;HORS_EEE;Domicile hors EEE (art. L221-31 CMF)
XS2944886188;LS -1X NVIDIA;SNVD;ETF;Euronext Amsterdam;EUR;XS;NON;-;Euronext;2026-08-04;NON;HORS_EEE;Domicile hors EEE (art. L221-31 CMF)
XS2944886931;LS -1X TESLA;STSL;ETF;Euronext Amsterdam;EUR;XS;NON;-;Euronext;2026-08-04;NON;HORS_EEE;Domicile hors EEE (art. L221-31 CMF)
XS2944889109;LEVETNIX2XSOETFP;SMCI;ETF;ETF Plus;EUR;XS;NON;-;Euronext;2026-08-04;NON;HORS_EEE;Domicile hors EEE (art. L221-31 CMF)
XS2970736307;LEVETNIXE3XSETFP;SMST;ETF;ETF Plus;EUR;XS;NON;-;Euronext;2026-08-04;NON;HORS_EEE;Domicile hors EEE (art. L221-31 CMF)
XS2970736489;3x Long NIO;3NIO;ETF;Euronext Amsterdam | ETF Plus;EUR;XS;NON;-;Euronext;2026-08-04;NON;HORS_EEE;Domicile hors EEE (art. L221-31 CMF)
XS3003323741;WISETNSXGRARETFP;3EDS;ETF;ETF Plus;EUR;XS;NON;-;Euronext;2026-08-04;NON;HORS_EEE;Domicile hors EEE (art. L221-31 CMF)
XS3003324129;WISETNRU2000ETFP;WRTY;ETF;ETF Plus;EUR;XS;NON;-;Euronext;2026-08-04;NON;HORS_EEE;Domicile hors EEE (art. L221-31 CMF)
XS3003325795;WISETNNSDQETFP;WNAS;ETF;ETF Plus;EUR;XS;NON;-;Euronext;2026-08-04;NON;HORS_EEE;Domicile hors EEE (art. L221-31 CMF)
XS3005160091;LEVETN3MRNIMETFP;3MRN;ETF;ETF Plus;EUR;XS;NON;-;Euronext;2026-08-04;NON;HORS_EEE;Domicile hors EEE (art. L221-31 CMF)
XS3022291473;WISETCBNPIF7ETFP;CRRY;ETF;ETF Plus;EUR;XS;NON;-;Euronext;2026-08-04;NON;HORS_EEE;Domicile hors EEE (art. L221-31 CMF)
XS3037640110;LEVETNIX3IBAETFP;SBA3;ETF;ETF Plus;EUR;XS;NON;-;Euronext;2026-08-04;NON;HORS_EEE;Domicile hors EEE (art. L221-31 CMF)
XS3068761710;LEVETNMAGSEVXAMS;MAGY;ETF;Euronext Amsterdam;EUR;XS;NON;-;Euronext;2026-08-04;NON;HORS_EEE;Domicile hors EEE (art. L221-31 CMF)
XS3068771271;LEVETNTLTXAMS;TLTY;ETF;Euronext Amsterdam;EUR;XS;NON;-;Euronext;2026-08-04;NON;HORS_EEE;Domicile hors EEE (art. L221-31 CMF)
XS3068774614;LEVETNXAGUSDXAMS;SLVY;ETF;Euronext Amsterdam;EUR;XS;NON;-;Euronext;2026-08-04;NON;HORS_EEE;Domicile hors EEE (art. L221-31 CMF)
XS3068774887;LEVETNBABAXAMS;BABY;ETF;Euronext Amsterdam;EUR;XS;NON;-;Euronext;2026-08-04;NON;HORS_EEE;Domicile hors EEE (art. L221-31 CMF)
XS3068775009;LEVETNPLTRXAMS;PLTY;ETF;Euronext Amsterdam;EUR;XS;NON;-;Euronext;2026-08-04;NON;HORS_EEE;Domicile hors EEE (art. L221-31 CMF)
XS3068775264;LEVETNMSTRXAMS;MSTI;ETF;Euronext Amsterdam;EUR;XS;NON;-;Euronext;2026-08-04;NON;HORS_EEE;Domicile hors EEE (art. L221-31 CMF)
XS3068775694;LEVETNAMDXAMS;AMDY;ETF;Euronext Amsterdam;EUR;XS;NON;-;Euronext;2026-08-04;NON;HORS_EEE;Domicile hors EEE (art. L221-31 CMF)
XS3068776312;LEVETNAVGOXAMS;AVGY;ETF;Euronext Amsterdam;EUR;XS;NON;-;Euronext;2026-08-04;NON;HORS_EEE;Domicile hors EEE (art. L221-31 CMF)
XS3068786386;LEVETNFTMIBETFP;MIB5;ETF;ETF Plus;EUR;XS;NON;-;Euronext;2026-08-04;NON;HORS_EEE;Domicile hors EEE (art. L221-31 CMF)
XS3068786543;LEVETNFTMIBETFP;MIBS;ETF;ETF Plus;EUR;XS;NON;-;Euronext;2026-08-04;NON;HORS_EEE;Domicile hors EEE (art. L221-31 CMF)
XS3068786626;LEVETNENX3XLETFP;LLY3;ETF;ETF Plus;EUR;XS;NON;-;Euronext;2026-08-04;NON;HORS_EEE;Domicile hors EEE (art. L221-31 CMF)
XS3068786972;LEVETNENX3XSETFP;LLYS;ETF;ETF Plus;EUR;XS;NON;-;Euronext;2026-08-04;NON;HORS_EEE;Domicile hors EEE (art. L221-31 CMF)
XS3068788838;LEVETNENX3XLETFP;INT3;ETF;ETF Plus;EUR;XS;NON;-;Euronext;2026-08-04;NON;HORS_EEE;Domicile hors EEE (art. L221-31 CMF)
XS3068789307;LEVETNENX3XLETFP;AVG3;ETF;ETF Plus;EUR;XS;NON;-;Euronext;2026-08-04;NON;HORS_EEE;Domicile hors EEE (art. L221-31 CMF)
XS3068789562;LEVETNENX3XSETFP;AVOS;ETF;ETF Plus;EUR;XS;NON;-;Euronext;2026-08-04;NON;HORS_EEE;Domicile hors EEE (art. L221-31 CMF)
XS3068789729;LEVETNENX3XLETFP;HOD3;ETF;ETF Plus;EUR;XS;NON;-;Euronext;2026-08-04;NON;HORS_EEE;Domicile hors EEE (art. L221-31 CMF)
XS3068790065;LEVETNENX3XLETFP;ASL3;ETF;ETF Plus;EUR;XS;NON;-;Euronext;2026-08-04;NON;HORS_EEE;Domicile hors EEE (art. L221-31 CMF)
XS3068790222;LEVETNENX3XSETFP;ASMS;ETF;ETF Plus;EUR;XS;NON;-;Euronext;2026-08-04;NON;HORS_EEE;Domicile hors EEE (art. L221-31 CMF)
XS3068790651;LEVETNFAANGTXAMS;FAN3;ETF;Euronext Amsterdam;EUR;XS;NON;-;Euronext;2026-08-04;NON;HORS_EEE;Domicile hors EEE (art. L221-31 CMF)
XS3069873134;GRAETN3SMIIMETFP;3SMI;ETF;ETF Plus;EUR;XS;NON;-;Euronext;2026-08-04;NON;HORS_EEE;Domicile hors EEE (art. L221-31 CMF)
XS3069876582;GRAETN3SPAIMETFP;3SPA;ETF;ETF Plus;EUR;XS;NON;-;Euronext;2026-08-04;NON;HORS_EEE;Domicile hors EEE (art. L221-31 CMF)
XS3069877556;GRAETN3LMOIMETFP;3LMO;ETF;ETF Plus;EUR;XS;NON;-;Euronext;2026-08-04;NON;HORS_EEE;Domicile hors EEE (art. L221-31 CMF)
XS3069879768;GRAETN3SNIIMETFP;3SNI;ETF;ETF Plus;EUR;XS;NON;-;Euronext;2026-08-04;NON;HORS_EEE;Domicile hors EEE (art. L221-31 CMF)
XS3075487044;GRAETN3LNIIMETFP;3LNI;ETF;ETF Plus;EUR;XS;NON;-;Euronext;2026-08-04;NON;HORS_EEE;Domicile hors EEE (art. L221-31 CMF)
XS3075487556;GRAETN3STSIMETFP;3STS;ETF;ETF Plus;EUR;XS;NON;-;Euronext;2026-08-04;NON;HORS_EEE;Domicile hors EEE (art. L221-31 CMF)
XS3075487713;GRAETN3LAMIMETFP;3LAM;ETF;ETF Plus;EUR;XS;NON;-;Euronext;2026-08-04;NON;HORS_EEE;Domicile hors EEE (art. L221-31 CMF)
XS3075487986;GRAETN3SNFIMETFP;3SNF;ETF;ETF Plus;EUR;XS;NON;-;Euronext;2026-08-04;NON;HORS_EEE;Domicile hors EEE (art. L221-31 CMF)
XS3087774306;HANETCMSTYXPAR;MSTY;ETF;Euronext Paris;EUR;XS;NON;-;Euronext;2026-08-04;NON;HORS_EEE;Domicile hors EEE (art. L221-31 CMF)
XS3091646797;WISETNXSOXETFP;SC3S;ETF;ETF Plus;EUR;XS;NON;-;Euronext;2026-08-04;NON;HORS_EEE;Domicile hors EEE (art. L221-31 CMF)
XS3091654114;WISETNWTUSBLETFP;3MG7;ETF;ETF Plus;EUR;XS;NON;-;Euronext;2026-08-04;NON;HORS_EEE;Domicile hors EEE (art. L221-31 CMF)
XS3091657307;WISETNWTUSBTETFP;3M7S;ETF;ETF Plus;EUR;XS;NON;-;Euronext;2026-08-04;NON;HORS_EEE;Domicile hors EEE (art. L221-31 CMF)
XS3091657729;WISETNSOXNTRETFP;3SEM;ETF;ETF Plus;EUR;XS;NON;-;Euronext;2026-08-04;NON;HORS_EEE;Domicile hors EEE (art. L221-31 CMF)
XS3091985815;LEVETNENX3XLETFP;UNH3;ETF;ETF Plus;EUR;XS;NON;-;Euronext;2026-08-04;NON;HORS_EEE;Domicile hors EEE (art. L221-31 CMF)
XS3103698299;LEVETNEN3XLGETFP;RHM3;ETF;ETF Plus;EUR;XS;NON;-;Euronext;2026-08-04;NON;HORS_EEE;Domicile hors EEE (art. L221-31 CMF)
XS3107205695;-3X ARK INNOVATION;SARKK;ETF;Euronext Amsterdam;EUR;XS;NON;-;Euronext;2026-08-04;NON;HORS_EEE;Domicile hors EEE (art. L221-31 CMF)
XS3107206156;LEVETNIX3ICOETFP;S3CO;ETF;ETF Plus;EUR;XS;NON;-;Euronext;2026-08-04;NON;HORS_EEE;Domicile hors EEE (art. L221-31 CMF)
XS3135031279;-3X SHORT TSLA;TSLQ;ETF;Euronext Amsterdam | ETF Plus;EUR;XS;NON;-;Euronext;2026-08-04;NON;HORS_EEE;Domicile hors EEE (art. L221-31 CMF)
XS3142919219;LEVETNINXXAMS;ADPT;ETF;Euronext Amsterdam;EUR;XS;NON;-;Euronext;2026-08-04;NON;HORS_EEE;Domicile hors EEE (art. L221-31 CMF)
XS3151431957;WISETN500HITETFP;WSPE;ETF;ETF Plus;EUR;XS;NON;-;Euronext;2026-08-04;NON;HORS_EEE;Domicile hors EEE (art. L221-31 CMF)
XS3151433813;WISETNBNPIWRETFP;WWRD;ETF;ETF Plus;EUR;XS;NON;-;Euronext;2026-08-04;NON;HORS_EEE;Domicile hors EEE (art. L221-31 CMF)
XS3172423520;-1X SHORT PLTR;SPLR;ETF;Euronext Amsterdam;EUR;XS;NON;-;Euronext;2026-08-04;NON;HORS_EEE;Domicile hors EEE (art. L221-31 CMF)
XS3218061631;HANETCULTYXPAR;ULTE;ETF;Euronext Paris;EUR;XS;NON;-;Euronext;2026-08-04;NON;HORS_EEE;Domicile hors EEE (art. L221-31 CMF)
XS3231939599;LEVETNIX4XIIETFP;SOXS;ETF;ETF Plus;EUR;XS;NON;-;Euronext;2026-08-04;NON;HORS_EEE;Domicile hors EEE (art. L221-31 CMF)
XS3246967098;WISETCBNPIF7ETFP;CRRE;ETF;ETF Plus;EUR;XS;NON;-;Euronext;2026-08-04;NON;HORS_EEE;Domicile hors EEE (art. L221-31 CMF)
XS3299458714;LEVETNUNGETFP;NGL3;ETF;ETF Plus | Euronext Amsterdam;EUR;XS;NON;-;Euronext;2026-08-04;NON;HORS_EEE;Domicile hors EEE (art. L221-31 CMF)
XS3299459951;LEVETNUNGETFP;UNGS;ETF;ETF Plus | Euronext Amsterdam;EUR;XS;NON;-;Euronext;2026-08-04;NON;HORS_EEE;Domicile hors EEE (art. L221-31 CMF)
XS3299460611;LEVETNUSOETFP;WTI3;ETF;ETF Plus | Euronext Amsterdam;EUR;XS;NON;-;Euronext;2026-08-04;NON;HORS_EEE;Domicile hors EEE (art. L221-31 CMF)
XS3299460702;LEVETNUSOETFP;WTOS;ETF;ETF Plus | Euronext Amsterdam;EUR;XS;NON;-;Euronext;2026-08-04;NON;HORS_EEE;Domicile hors EEE (art. L221-31 CMF)
XS3299460884;LEVETNCPERETFP;CUL3;ETF;ETF Plus | Euronext Amsterdam;EUR;XS;NON;-;Euronext;2026-08-04;NON;HORS_EEE;Domicile hors EEE (art. L221-31 CMF)
XS3299460967;LEVETNCPERETFP;CPRS;ETF;ETF Plus | Euronext Amsterdam;EUR;XS;NON;-;Euronext;2026-08-04;NON;HORS_EEE;Domicile hors EEE (art. L221-31 CMF)
XS3299461189;LEVETNGLDXAMS;GLD5;ETF;Euronext Amsterdam;EUR;XS;NON;-;Euronext;2026-08-04;NON;HORS_EEE;Domicile hors EEE (art. L221-31 CMF)
XS3299461262;LEVETNUX1XAMS;URA3;ETF;Euronext Amsterdam;EUR;XS;NON;-;Euronext;2026-08-04;NON;HORS_EEE;Domicile hors EEE (art. L221-31 CMF)
XS3299461346;LEVETNUX1XAMS;URAS;ETF;Euronext Amsterdam;EUR;XS;NON;-;Euronext;2026-08-04;NON;HORS_EEE;Domicile hors EEE (art. L221-31 CMF)
XS3299461692;LEVETNNBISXAMS;NBI3;ETF;Euronext Amsterdam;EUR;XS;NON;-;Euronext;2026-08-04;NON;HORS_EEE;Domicile hors EEE (art. L221-31 CMF)
XS3299462070;LEVETNSNDKXAMS;SND3;ETF;Euronext Amsterdam;EUR;XS;NON;-;Euronext;2026-08-04;NON;HORS_EEE;Domicile hors EEE (art. L221-31 CMF)
XS3299462153;LEVETNQCOMXAMS;QCO3;ETF;Euronext Amsterdam;EUR;XS;NON;-;Euronext;2026-08-04;NON;HORS_EEE;Domicile hors EEE (art. L221-31 CMF)
XS3299463045;LEVETNKLACXAMS;KLA3;ETF;Euronext Amsterdam;EUR;XS;NON;-;Euronext;2026-08-04;NON;HORS_EEE;Domicile hors EEE (art. L221-31 CMF)
XS3299463128;LEVETNADIXAMS;ADI3;ETF;Euronext Amsterdam;EUR;XS;NON;-;Euronext;2026-08-04;NON;HORS_EEE;Domicile hors EEE (art. L221-31 CMF)
XS3299464019;LEVETNIRENXAMS;IRN3;ETF;Euronext Amsterdam;EUR;XS;NON;-;Euronext;2026-08-04;NON;HORS_EEE;Domicile hors EEE (art. L221-31 CMF)
XS3299464100;LEVETNCRCLXAMS;CRC3;ETF;Euronext Amsterdam;EUR;XS;NON;-;Euronext;2026-08-04;NON;HORS_EEE;Domicile hors EEE (art. L221-31 CMF)
XS3299464282;LEVETNCRWVXAMS;CRW3;ETF;Euronext Amsterdam;EUR;XS;NON;-;Euronext;2026-08-04;NON;HORS_EEE;Domicile hors EEE (art. L221-31 CMF)
XS3299464365;LEVETNE3LORXAMS;ORC3;ETF;Euronext Amsterdam;EUR;XS;NON;-;Euronext;2026-08-04;NON;HORS_EEE;Domicile hors EEE (art. L221-31 CMF)
XS3299464795;LEVETNIONQXAMS;ION3;ETF;Euronext Amsterdam;EUR;XS;NON;-;Euronext;2026-08-04;NON;HORS_EEE;Domicile hors EEE (art. L221-31 CMF)
XS3299465172;LEVETNBNMRXAMS;BMNY;ETF;Euronext Amsterdam;EUR;XS;NON;-;Euronext;2026-08-04;NON;HORS_EEE;Domicile hors EEE (art. L221-31 CMF)
XS3299465412;LEVETNSMCIXAMS;SMCY;ETF;Euronext Amsterdam;EUR;XS;NON;-;Euronext;2026-08-04;NON;HORS_EEE;Domicile hors EEE (art. L221-31 CMF)
XS3299465503;LEVETNQCOMXAMS;QCOY;ETF;Euronext Amsterdam;EUR;XS;NON;-;Euronext;2026-08-04;NON;HORS_EEE;Domicile hors EEE (art. L221-31 CMF)
XS3299465768;LEVETNTXNXAMS;TXNY;ETF;Euronext Amsterdam;EUR;XS;NON;-;Euronext;2026-08-04;NON;HORS_EEE;Domicile hors EEE (art. L221-31 CMF)
XS3299466063;LEVETNMRVLXAMS;MRVY;ETF;Euronext Amsterdam;EUR;XS;NON;-;Euronext;2026-08-04;NON;HORS_EEE;Domicile hors EEE (art. L221-31 CMF)
XS3299466147;LEVETNAMATXAMS;AMAY;ETF;Euronext Amsterdam;EUR;XS;NON;-;Euronext;2026-08-04;NON;HORS_EEE;Domicile hors EEE (art. L221-31 CMF)
XS3299466220;LEVETNLRCXXAMS;LRCY;ETF;Euronext Amsterdam;EUR;XS;NON;-;Euronext;2026-08-04;NON;HORS_EEE;Domicile hors EEE (art. L221-31 CMF)
XS3299466493;LEVETNADIXAMS;ADIY;ETF;Euronext Amsterdam;EUR;XS;NON;-;Euronext;2026-08-04;NON;HORS_EEE;Domicile hors EEE (art. L221-31 CMF)
XS3299466816;LEVETNIRENXAMS;IREY;ETF;Euronext Amsterdam;EUR;XS;NON;-;Euronext;2026-08-04;NON;HORS_EEE;Domicile hors EEE (art. L221-31 CMF)
XS3299467897;LEVETNARMHXAMS;YARM;ETF;Euronext Amsterdam;EUR;XS;NON;-;Euronext;2026-08-04;NON;HORS_EEE;Domicile hors EEE (art. L221-31 CMF)
XS3299468515;LEVETNINTCXAMS;INTY;ETF;Euronext Amsterdam;EUR;XS;NON;-;Euronext;2026-08-04;NON;HORS_EEE;Domicile hors EEE (art. L221-31 CMF)
XS3299468788;LEVETNCRWVXAMS;CRWY;ETF;Euronext Amsterdam;EUR;XS;NON;-;Euronext;2026-08-04;NON;HORS_EEE;Domicile hors EEE (art. L221-31 CMF)
XS3299468861;LEVETNCRCLXAMS;CRCY;ETF;Euronext Amsterdam;EUR;XS;NON;-;Euronext;2026-08-04;NON;HORS_EEE;Domicile hors EEE (art. L221-31 CMF)
XS3299468945;LEVETNGLXYXAMS;GLXY;ETF;Euronext Amsterdam;EUR;XS;NON;-;Euronext;2026-08-04;NON;HORS_EEE;Domicile hors EEE (art. L221-31 CMF)
XS3299469083;LEVETNMARAXAMS;MARY;ETF;Euronext Amsterdam;EUR;XS;NON;-;Euronext;2026-08-04;NON;HORS_EEE;Domicile hors EEE (art. L221-31 CMF)
XS3299469166;LEVETNRIOTXAMS;RIOY;ETF;Euronext Amsterdam;EUR;XS;NON;-;Euronext;2026-08-04;NON;HORS_EEE;Domicile hors EEE (art. L221-31 CMF)
XS3299469323;LEVETNASMLXAMS;ASMY;ETF;Euronext Amsterdam;EUR;XS;NON;-;Euronext;2026-08-04;NON;HORS_EEE;Domicile hors EEE (art. L221-31 CMF)
XS3299469679;LEVETNBSKTXAMS;MLTY;ETF;Euronext Amsterdam;EUR;XS;NON;-;Euronext;2026-08-04;NON;HORS_EEE;Domicile hors EEE (art. L221-31 CMF)
XS3299469752;LEVETNBSKTXAMS;SEMY;ETF;Euronext Amsterdam;EUR;XS;NON;-;Euronext;2026-08-04;NON;HORS_EEE;Domicile hors EEE (art. L221-31 CMF)
XS3299469919;LEVETNBSKTXAMS;ARIY;ETF;Euronext Amsterdam;EUR;XS;NON;-;Euronext;2026-08-04;NON;HORS_EEE;Domicile hors EEE (art. L221-31 CMF)
XS3299470099;LEVETNSPVXSTETFP;VIX2;ETF;ETF Plus;EUR;XS;NON;-;Euronext;2026-08-04;NON;HORS_EEE;Domicile hors EEE (art. L221-31 CMF)
XS3299470172;LEVETNSILUSXAMS;SLM3;ETF;Euronext Amsterdam;EUR;XS;NON;-;Euronext;2026-08-04;NON;HORS_EEE;Domicile hors EEE (art. L221-31 CMF)
XS3299470339;LEVETNSIL USXAMS;SLMS;ETF;Euronext Amsterdam;EUR;XS;NON;-;Euronext;2026-08-04;NON;HORS_EEE;Domicile hors EEE (art. L221-31 CMF)
XS3299470503;LEVETNE3LOKXAMS;OKL3;ETF;Euronext Amsterdam;EUR;XS;NON;-;Euronext;2026-08-04;NON;HORS_EEE;Domicile hors EEE (art. L221-31 CMF)
XS3299470768;LEVETNE3LRLXAMS;RKL3;ETF;Euronext Amsterdam;EUR;XS;NON;-;Euronext;2026-08-04;NON;HORS_EEE;Domicile hors EEE (art. L221-31 CMF)
XS3299470842;LEVETNBSKTXAMS;BLC3;ETF;Euronext Amsterdam;EUR;XS;NON;-;Euronext;2026-08-04;NON;HORS_EEE;Domicile hors EEE (art. L221-31 CMF)
XS3302918423;LEVETNBMNR UXAMS;BMN3;ETF;Euronext Amsterdam;EUR;XS;NON;-;Euronext;2026-08-04;NON;HORS_EEE;Domicile hors EEE (art. L221-31 CMF)
XS3304269429;LEVETNIXE3XLETFP;3MST;ETF;ETF Plus;EUR;XS;NON;-;Euronext;2026-08-04;NON;HORS_EEE;Domicile hors EEE (art. L221-31 CMF)
XS3304270351;LEVETNENX3XLETFP;HIM3;ETF;ETF Plus;EUR;XS;NON;-;Euronext;2026-08-04;NON;HORS_EEE;Domicile hors EEE (art. L221-31 CMF)
XS3306516876;WISETC3SILIMETFP;3SIL;ETF;ETF Plus;EUR;XS;NON;-;Euronext;2026-08-04;NON;HORS_EEE;Domicile hors EEE (art. L221-31 CMF)
XS3306516959;WISETC3HCLIMETFP;3HCS;ETF;ETF Plus;EUR;XS;NON;-;Euronext;2026-08-04;NON;HORS_EEE;Domicile hors EEE (art. L221-31 CMF)
XS3306517098;WISETC3BRSIMETFP;3BRS;ETF;ETF Plus;EUR;XS;NON;-;Euronext;2026-08-04;NON;HORS_EEE;Domicile hors EEE (art. L221-31 CMF)
XS3306517338;WISETNDAXSH3ETFP;3DES;ETF;ETF Plus;EUR;XS;NON;-;Euronext;2026-08-04;NON;HORS_EEE;Domicile hors EEE (art. L221-31 CMF)
XS3306517502;WISETNEU50S3ETFP;3EUS;ETF;ETF Plus | Euronext Paris;EUR;XS;NON;-;Euronext;2026-08-04;NON;HORS_EEE;Domicile hors EEE (art. L221-31 CMF)
XS3306517924;WISETC3SILIMETFP;3SIS;ETF;ETF Plus;EUR;XS;NON;-;Euronext;2026-08-04;NON;HORS_EEE;Domicile hors EEE (art. L221-31 CMF)
XS3306518492;WISETNDAXLG3ETFP;3DEL;ETF;ETF Plus;EUR;XS;NON;-;Euronext;2026-08-04;NON;HORS_EEE;Domicile hors EEE (art. L221-31 CMF)
XS3306518658;WISETNEU50L3ETFP;3EUL;ETF;ETF Plus | Euronext Paris;EUR;XS;NON;-;Euronext;2026-08-04;NON;HORS_EEE;Domicile hors EEE (art. L221-31 CMF)
XS3306519201;WISETNFMIBBNETFP;ITBL;ETF;ETF Plus;EUR;XS;NON;-;Euronext;2026-08-04;NON;HORS_EEE;Domicile hors EEE (art. L221-31 CMF)
XS3330165328;WISETNBNPXTUETFP;1PUT;ETF;ETF Plus;EUR;XS;NON;-;Euronext;2026-08-04;NON;HORS_EEE;Domicile hors EEE (art. L221-31 CMF)
XS3332092090;DIGETNBRRXPAR;BTCA;ETF;Euronext Paris | Euronext Paris - Multi-currency Trading;EUR;XS;NON;-;Euronext;2026-08-04;NON;HORS_EEE;Domicile hors EEE (art. L221-31 CMF)
XS3337011384;LEVETNE3LJAXAMS;JOB3;ETF;Euronext Amsterdam;EUR;XS;NON;-;Euronext;2026-08-04;NON;HORS_EEE;Domicile hors EEE (art. L221-31 CMF)
XS3337011541;LEVETNE3LDQXAMS;QBT3;ETF;Euronext Amsterdam;EUR;XS;NON;-;Euronext;2026-08-04;NON;HORS_EEE;Domicile hors EEE (art. L221-31 CMF)
XS3337012515;LEVETNE3LRCXAMS;RGT3;ETF;Euronext Amsterdam;EUR;XS;NON;-;Euronext;2026-08-04;NON;HORS_EEE;Domicile hors EEE (art. L221-31 CMF)
XS3337012861;LEVETNE3LNPXAMS;SMR3;ETF;Euronext Amsterdam;EUR;XS;NON;-;Euronext;2026-08-04;NON;HORS_EEE;Domicile hors EEE (art. L221-31 CMF)
XS3337013166;LEVETNSX5EETFP;5SX5;ETF;ETF Plus;EUR;XS;NON;-;Euronext;2026-08-04;NON;HORS_EEE;Domicile hors EEE (art. L221-31 CMF)
XS3337051174;LEVETNSX5EETFP;ST3S;ETF;ETF Plus;EUR;XS;NON;-;Euronext;2026-08-04;NON;HORS_EEE;Domicile hors EEE (art. L221-31 CMF)
XS3337099884;LEVETNHOODXAMS;HOOY;ETF;Euronext Amsterdam;EUR;XS;NON;-;Euronext;2026-08-04;NON;HORS_EEE;Domicile hors EEE (art. L221-31 CMF)
XS3337164027;LEVETNBERKSXAMS;BRKY;ETF;Euronext Amsterdam;EUR;XS;NON;-;Euronext;2026-08-04;NON;HORS_EEE;Domicile hors EEE (art. L221-31 CMF)
XS3337171154;LEVETNNTFLXXAMS;NFLY;ETF;Euronext Amsterdam;EUR;XS;NON;-;Euronext;2026-08-04;NON;HORS_EEE;Domicile hors EEE (art. L221-31 CMF)
XS3337173440;LEVETNUNITHXAMS;UNHY;ETF;Euronext Amsterdam;EUR;XS;NON;-;Euronext;2026-08-04;NON;HORS_EEE;Domicile hors EEE (art. L221-31 CMF)
XS3337192234;LEVETNORACLXAMS;ORCY;ETF;Euronext Amsterdam;EUR;XS;NON;-;Euronext;2026-08-04;NON;HORS_EEE;Domicile hors EEE (art. L221-31 CMF)
XS3337192408;LEVETNBSKTXAMS;BLCY;ETF;Euronext Amsterdam;EUR;XS;NON;-;Euronext;2026-08-04;NON;HORS_EEE;Domicile hors EEE (art. L221-31 CMF)
XS3337205077;LEVETNTSMXAMS;TSMY;ETF;Euronext Amsterdam;EUR;XS;NON;-;Euronext;2026-08-04;NON;HORS_EEE;Domicile hors EEE (art. L221-31 CMF)
XS3337307741;LEVETNSLVPXAMS;SLMY;ETF;Euronext Amsterdam;EUR;XS;NON;-;Euronext;2026-08-04;NON;HORS_EEE;Domicile hors EEE (art. L221-31 CMF)
XS3337373370;LEVETNAUMIXAMS;GLMY;ETF;Euronext Amsterdam;EUR;XS;NON;-;Euronext;2026-08-04;NON;HORS_EEE;Domicile hors EEE (art. L221-31 CMF)
XS3337373701;LEVETNURAUPXAMS;URNY;ETF;Euronext Amsterdam;EUR;XS;NON;-;Euronext;2026-08-04;NON;HORS_EEE;Domicile hors EEE (art. L221-31 CMF)
XS3337373966;LEVETNUSOXAMS;WTIY;ETF;Euronext Amsterdam;EUR;XS;NON;-;Euronext;2026-08-04;NON;HORS_EEE;Domicile hors EEE (art. L221-31 CMF)
XS3337374261;LEVETNCPERXAMS;CPRY;ETF;Euronext Amsterdam;EUR;XS;NON;-;Euronext;2026-08-04;NON;HORS_EEE;Domicile hors EEE (art. L221-31 CMF)
XS3337374691;LEVETNMICROXAMS;MUIY;ETF;Euronext Amsterdam;EUR;XS;NON;-;Euronext;2026-08-04;NON;HORS_EEE;Domicile hors EEE (art. L221-31 CMF)
XS3337374774;LEVETNBSKTXAMS;GRWY;ETF;Euronext Amsterdam;EUR;XS;NON;-;Euronext;2026-08-04;NON;HORS_EEE;Domicile hors EEE (art. L221-31 CMF)
XS3337375078;LEVETNINVQQQXAMS;SCLE;ETF;Euronext Amsterdam;EUR;XS;NON;-;Euronext;2026-08-04;NON;HORS_EEE;Domicile hors EEE (art. L221-31 CMF)
XS3343238971;LEVETNCSSXXAMS;ESXY;ETF;Euronext Amsterdam;EUR;XS;NON;-;Euronext;2026-08-04;NON;HORS_EEE;Domicile hors EEE (art. L221-31 CMF)
XS3373449761;-5x Short QQQ;SQQQ;ETF;Euronext Amsterdam | ETF Plus;EUR;XS;NON;-;Euronext;2026-08-04;NON;HORS_EEE;Domicile hors EEE (art. L221-31 CMF)
XS3384723154;INVETCGOLDETFP;GLD2;ETF;ETF Plus;EUR;XS;NON;-;Euronext;2026-08-04;NON;HORS_EEE;Domicile hors EEE (art. L221-31 CMF)
XS3388189477;LEVETNSPCXETFP;ELON;ETF;ETF Plus;EUR;XS;NON;-;Euronext;2026-08-04;NON;HORS_EEE;Domicile hors EEE (art. L221-31 CMF)
XS3388190053;LEVETNCBRSETFP;CBR3;ETF;ETF Plus;EUR;XS;NON;-;Euronext;2026-08-04;NON;HORS_EEE;Domicile hors EEE (art. L221-31 CMF)
XS3388190301;LEVETN005930ETFP;SMG3;ETF;ETF Plus;EUR;XS;NON;-;Euronext;2026-08-04;NON;HORS_EEE;Domicile hors EEE (art. L221-31 CMF)
XS3388190996;LEVETN000660ETFP;HNX3;ETF;ETF Plus;EUR;XS;NON;-;Euronext;2026-08-04;NON;HORS_EEE;Domicile hors EEE (art. L221-31 CMF)
XS3388191457;LEVETNDRAMXAMS;DRM3;ETF;Euronext Amsterdam;EUR;XS;NON;-;Euronext;2026-08-04;NON;HORS_EEE;Domicile hors EEE (art. L221-31 CMF)
XS3393942290;LEVETNDRAMXAMS;DRMS;ETF;Euronext Amsterdam;EUR;XS;NON;-;Euronext;2026-08-04;NON;HORS_EEE;Domicile hors EEE (art. L221-31 CMF)
XS3408767419;-5x Short SPY;SSPY;ETF;Euronext Amsterdam | ETF Plus;EUR;XS;NON;-;Euronext;2026-08-04;NON;HORS_EEE;Domicile hors EEE (art. L221-31 CMF)
XS3408769035;LEVETNEN3XLGETFP;FUT3;ETF;ETF Plus;EUR;XS;NON;-;Euronext;2026-08-04;NON;HORS_EEE;Domicile hors EEE (art. L221-31 CMF)
XS3408769977;LEVETNIX3XAIETFP;GPTS;ETF;ETF Plus;EUR;XS;NON;-;Euronext;2026-08-04;NON;HORS_EEE;Domicile hors EEE (art. L221-31 CMF)
XS3410202983;LEVETNENX3XSETFP;INTS;ETF;ETF Plus;EUR;XS;NON;-;Euronext;2026-08-04;NON;HORS_EEE;Domicile hors EEE (art. L221-31 CMF)
XS3415294688;GRAETNSOSPCXETFP;SPX3;ETF;ETF Plus;EUR;XS;NON;-;Euronext;2026-08-04;NON;HORS_EEE;Domicile hors EEE (art. L221-31 CMF)
XS3415294928;GRAETNSOSPCXETFP;SNK3;ETF;ETF Plus;EUR;XS;NON;-;Euronext;2026-08-04;NON;HORS_EEE;Domicile hors EEE (art. L221-31 CMF)
XS3415295149;GRAETNSOSAN2XAMS;SAN2;ETF;Euronext Amsterdam;EUR;XS;NON;-;Euronext;2026-08-04;NON;HORS_EEE;Domicile hors EEE (art. L221-31 CMF)
XS3415295495;GRAETNSOSAN2XAMS;SANS;ETF;Euronext Amsterdam;EUR;XS;NON;-;Euronext;2026-08-04;NON;HORS_EEE;Domicile hors EEE (art. L221-31 CMF)
XS3415295578;GRAETNSOMU3LXAMS;MIC3;ETF;Euronext Amsterdam;EUR;XS;NON;-;Euronext;2026-08-04;NON;HORS_EEE;Domicile hors EEE (art. L221-31 CMF)
XS3415295651;GRAETNSOMAR3XAMS;MAR3;ETF;Euronext Amsterdam;EUR;XS;NON;-;Euronext;2026-08-04;NON;HORS_EEE;Domicile hors EEE (art. L221-31 CMF)
XS3415296899;GRAETNSOMAV3XAMS;MAV3;ETF;Euronext Amsterdam;EUR;XS;NON;-;Euronext;2026-08-04;NON;HORS_EEE;Domicile hors EEE (art. L221-31 CMF)
XS3415297350;GRAETNSOVRT3XAMS;VTV3;ETF;Euronext Amsterdam;EUR;XS;NON;-;Euronext;2026-08-04;NON;HORS_EEE;Domicile hors EEE (art. L221-31 CMF)
XS3415298085;GRAETNSOLUM3XAMS;LUM3;ETF;Euronext Amsterdam;EUR;XS;NON;-;Euronext;2026-08-04;NON;HORS_EEE;Domicile hors EEE (art. L221-31 CMF)
XS3415298242;GRAETNSOLLEOETFP;LEO2;ETF;ETF Plus;EUR;XS;NON;-;Euronext;2026-08-04;NON;HORS_EEE;Domicile hors EEE (art. L221-31 CMF)
XS3415298325;GRAETNSOLLEXETFP;LEOS;ETF;ETF Plus;EUR;XS;NON;-;Euronext;2026-08-04;NON;HORS_EEE;Domicile hors EEE (art. L221-31 CMF)
XS3420364062;LS -1X AMD;SAMD;ETF;Euronext Amsterdam;EUR;XS;NON;-;Euronext;2026-08-04;NON;HORS_EEE;Domicile hors EEE (art. L221-31 CMF)
XS3430764525;LEVETNDRAMXAMS;DRMY;ETF;Euronext Amsterdam;EUR;XS;NON;-;Euronext;2026-08-04;NON;HORS_EEE;Domicile hors EEE (art. L221-31 CMF)
XS3430765092;LEVETNSpaceXXAMS;ELNY;ETF;Euronext Amsterdam;EUR;XS;NON;-;Euronext;2026-08-04;NON;HORS_EEE;Domicile hors EEE (art. L221-31 CMF)
XS3430765258;LEVETNSPCXETFP;SP3S;ETF;ETF Plus;EUR;XS;NON;-;Euronext;2026-08-04;NON;HORS_EEE;Domicile hors EEE (art. L221-31 CMF)
